{"Episode_Metrics/mean_delay_steps":0.00130746781360358,"Loss/amp_policy_pred":-0.7583150584250689,"Episode_Reward/joint_pos_limits":-0.003707845462486148,"Metrics/twist/error_vel_xy":0.025173529982566833,"Perf/learning_time":0.615365743637085,"Episode_Termination/time_out":1.5416667461395264,"Loss/amp_grad_pen":0.05837084017693996,"Loss/entropy":39.70815238952637,"Loss/amp_expert_pred":0.1381349868606776,"Episode_Reward/foot_slip":-0.0015873847296461463,"_wandb":{"runtime":5},"_runtime":5.097613493,"Loss/surrogate":0.03300770809873939,"Loss/value_function":0.10200827913358808,"Episode_Metrics/mean_action_acc":1.6637600660324097,"Policy/mean_noise_std":0.9991199970245361,"Episode_Reward/action_rate_l2":-0.00646787416189909,"Perf/total_fps":8916,"Perf/collection time":2.1408603191375732,"Episode_Reward/joint_acc_l2":-0.005494493525475264,"Loss/learning_rate":1e-05,"Episode_Reward/is_terminated":0,"Episode_Reward/track_anchor_angular_velocity":0.00792919471859932,"Loss/amp":0.46491211503744123,"_timestamp":1.7814860671443002e+09,"Episode_Termination/bad_orientation":0,"Train/mean_reward":0.3120466795563698,"Episode_Reward/body_ang_vel_xy_l2":0.0041276817210018635,"Episode_Reward/track_root_height":0.002272181212902069,"Episode_Reward/track_anchor_linear_velocity":0.005131874233484268,"Episode_Termination/bad_base_height":0,"Episode_Reward/self_collisions":-5.979167326586321e-05,"_step":0,"Loss/skipped_non_finite_batches":0,"Metrics/twist/error_vel_yaw":0.0663754940032959,"Metrics/slip_velocity_mean":0.5504805445671082,"Train/mean_episode_length":15.64}