{"Episode_Reward/track_anchor_angular_velocity":0.03303152322769165,"Metrics/slip_velocity_mean":0.5841038227081299,"Episode_Metrics/mean_delay_steps":66.93141174316406,"Episode_Reward/action_rate_l2":-0.03180111199617386,"Episode_Reward/track_root_height":0.00013013934949412942,"_timestamp":1.7815075425282779e+09,"Metrics/twist/error_vel_yaw":0.32501161098480225,"Episode_Metrics/mean_action_acc":1.9446581602096558,"Episode_Reward/track_anchor_linear_velocity":0.017786873504519463,"Episode_Reward/joint_acc_l2":-0.02471189759671688,"Loss/amp_expert_pred":0.877019265294075,"Episode_Reward/joint_pos_limits":-0.016441263258457184,"_runtime":61.264363644,"Episode_Reward/self_collisions":-0.0009902487508952618,"Loss/surrogate":-0.014879812498111277,"Episode_Termination/bad_base_height":47.958335876464844,"Loss/amp":0.027671889681369067,"Loss/amp_grad_pen":0.06211997400969267,"Loss/skipped_non_finite_batches":0,"Perf/collection time":5.067884206771851,"_step":6,"Loss/learning_rate":0.0002562890625000001,"Episode_Termination/bad_orientation":2.7083334922790527,"Metrics/twist/error_vel_xy":0.15848249197006226,"Loss/entropy":39.91616497039795,"Perf/learning_time":2.131195068359375,"Train/mean_reward":-2.9491641521453857,"_wandb":{"runtime":61},"Train/mean_episode_length":56.48,"Episode_Reward/body_ang_vel_xy_l2":0.017583142966032028,"Loss/amp_policy_pred":-0.9293071210384369,"Policy/mean_noise_std":1.0072277784347534,"Perf/total_fps":13655,"Episode_Reward/foot_slip":-0.006747101433575153,"Episode_Termination/time_out":1.1666667461395264,"Loss/value_function":0.32559665441513064,"Episode_Reward/is_terminated":-0.1952217072248459}