-4.156184792518615723e-01,4.240262508392333984e-02,8.681750893592834473e-01,-4.837845452129840851e-03,-1.426112372428178787e-02,7.224909067153930664e-01,-6.912163496017456055e-01,6.365440040826797485e-02,7.731999270617961884e-03,1.414056271314620972e-01,-4.497752059251070023e-03,-2.291972190141677856e-02,-3.024784289300441742e-02,-3.493375703692436218e-02,-1.403488125652074814e-02,-3.011822886765003204e-02,3.676021844148635864e-02,-1.581508666276931763e-02,3.381846845149993896e-02,1.097898278385400772e-02,7.904919795691967010e-03,-2.858259342610836029e-02,6.031101942062377930e-02,1.465421468019485474e-01,2.160138189792633057e-01,1.314933180809020996e+00,-2.700236625969409943e-02,9.732449054718017578e-02,-6.358332186937332153e-02,4.543954133987426758e-02,-1.446221172809600830e-01,-9.799054265022277832e-02,1.298600316047668457e+00,2.882325462996959686e-02,1.912177726626396179e-02,-7.921454310417175293e-02
-4.165609180927276611e-01,4.249911382794380188e-02,8.681816458702087402e-01,-5.277997814118862152e-03,-1.469928491860628128e-02,7.227926850318908691e-01,-6.908884048461914062e-01,6.494809687137603760e-02,7.345136720687150955e-03,1.424856185913085938e-01,-6.117887329310178757e-03,-2.111044526100158691e-02,-3.183955326676368713e-02,-3.361571952700614929e-02,-1.494503114372491837e-02,-2.928035706281661987e-02,3.566997125744819641e-02,-1.521303970366716385e-02,3.281392529606819153e-02,1.184758171439170837e-02,7.602695841342210770e-03,-2.837390080094337463e-02,5.983548983931541443e-02,1.455267965793609619e-01,2.177030593156814575e-01,1.314058303833007812e+00,-2.689480781555175781e-02,9.617122262716293335e-02,-6.332109123468399048e-02,4.606051370501518250e-02,-1.448918730020523071e-01,-9.808235615491867065e-02,1.299712777137756348e+00,3.039137646555900574e-02,1.719123311340808868e-02,-7.957194745540618896e-02
-4.176786243915557861e-01,4.262774065136909485e-02,8.681717514991760254e-01,-5.771014373749494553e-03,-1.520646829158067703e-02,7.230697274208068848e-01,-6.905835270881652832e-01,6.650874018669128418e-02,6.744097452610731125e-03,1.441432237625122070e-01,-7.763504516333341599e-03,-1.920758560299873352e-02,-3.297121450304985046e-02,-3.205629810690879822e-02,-1.634892821311950684e-02,-2.848500385880470276e-02,3.527330607175827026e-02,-1.543411333113908768e-02,3.201664239168167114e-02,1.267729140818119049e-02,7.361207623034715652e-03,-2.852282114326953888e-02,5.907747521996498108e-02,1.447537243366241455e-01,2.188430726528167725e-01,1.313367009162902832e+00,-2.686459571123123169e-02,9.543566405773162842e-02,-6.276749074459075928e-02,4.651052504777908325e-02,-1.452554762363433838e-01,-9.739978611469268799e-02,1.301213622093200684e+00,3.165779262781143188e-02,1.476875413209199905e-02,-7.987707108259201050e-02
-4.194570779800415039e-01,4.276278614997863770e-02,8.681006431579589844e-01,-6.361001636832952499e-03,-1.576139032840728760e-02,7.232422232627868652e-01,-6.903852224349975586e-01,6.897946447134017944e-02,5.891636479645967484e-03,1.462333649396896362e-01,-9.245863184332847595e-03,-1.753864064812660217e-02,-3.547675162553787231e-02,-2.959449961781501770e-02,-1.770218648016452789e-02,-2.658392302691936493e-02,3.464325144886970520e-02,-1.589816994965076447e-02,3.026730380952358246e-02,1.413017697632312775e-02,6.519044283777475357e-03,-2.863560989499092102e-02,5.839500948786735535e-02,1.441430151462554932e-01,2.197672128677368164e-01,1.311123251914978027e+00,-2.727129124104976654e-02,9.378387778997421265e-02,-6.232918053865432739e-02,4.729066416621208191e-02,-1.457229852676391602e-01,-9.755559265613555908e-02,1.302746295928955078e+00,3.262520581483840942e-02,1.197330094873905182e-02,-7.924111187458038330e-02
-4.209458231925964355e-01,4.291049763560295105e-02,8.680575489997863770e-01,-6.715578492730855942e-03,-1.609359867870807648e-02,7.231273055076599121e-01,-6.904945969581604004e-01,7.111830264329910278e-02,4.809971433132886887e-03,1.471220254898071289e-01,-9.368560276925563812e-03,-1.643082499504089355e-02,-3.721253946423530579e-02,-2.751203067600727081e-02,-1.835742034018039703e-02,-2.561088092625141144e-02,3.402976691722869873e-02,-1.621144637465476990e-02,2.870037034153938293e-02,1.547116879373788834e-02,5.492862313985824585e-03,-2.846124954521656036e-02,5.733476206660270691e-02,1.429624855518341064e-01,2.209920734167098999e-01,1.310030341148376465e+00,-2.684132941067218781e-02,9.301251918077468872e-02,-6.302586942911148071e-02,4.770487546920776367e-02,-1.460493206977844238e-01,-9.882713109254837036e-02,1.303428649902343750e+00,3.289439156651496887e-02,1.047858968377113342e-02,-7.887547463178634644e-02
-4.225583076477050781e-01,4.307156801223754883e-02,8.680117726325988770e-01,-7.139465305954217911e-03,-1.645217649638652802e-02,7.229070067405700684e-01,-6.907125115394592285e-01,7.349077612161636353e-02,3.045151708647608757e-03,1.483674794435501099e-01,-8.570623584091663361e-03,-1.549403555691242218e-02,-3.907007351517677307e-02,-2.531036548316478729e-02,-1.906547695398330688e-02,-2.516884170472621918e-02,3.331610560417175293e-02,-1.638965494930744171e-02,2.704051323235034943e-02,1.707852259278297424e-02,4.211369901895523071e-03,-2.863143943250179291e-02,5.643134191632270813e-02,1.420947462320327759e-01,2.215789854526519775e-01,1.308273077011108398e+00,-2.727027609944343567e-02,9.200008958578109741e-02,-6.314986199140548706e-02,4.811672866344451904e-02,-1.466602534055709839e-01,-9.966607391834259033e-02,1.303956031799316406e+00,3.344028815627098083e-02,9.523413144052028656e-03,-7.874541729688644409e-02
-4.249030649662017822e-01,4.319461062550544739e-02,8.679111003875732422e-01,-7.564022205770015717e-03,-1.679953187704086304e-02,7.225195169448852539e-01,-6.911050081253051758e-01,7.685316354036331177e-02,1.390302903018891811e-03,1.496634185314178467e-01,-7.940789684653282166e-03,-1.435955148190259933e-02,-4.177593439817428589e-02,-2.209320478141307831e-02,-1.926168985664844513e-02,-2.427746541798114777e-02,3.204885125160217285e-02,-1.700391992926597595e-02,2.458136714994907379e-02,1.919013261795043945e-02,2.504845149815082550e-03,-2.899319306015968323e-02,5.539693310856819153e-02,1.406267583370208740e-01,2.228760570287704468e-01,1.306312680244445801e+00,-2.614437974989414215e-02,9.001645445823669434e-02,-6.293329596519470215e-02,4.859362170100212097e-02,-1.474034339189529419e-01,-1.000132560729980469e-01,1.304737567901611328e+00,3.375060111284255981e-02,8.352211676537990570e-03,-7.807742059230804443e-02
-4.268454909324645996e-01,4.331279546022415161e-02,8.678416609764099121e-01,-7.829395122826099396e-03,-1.697414740920066833e-02,7.222163677215576172e-01,-6.914145350456237793e-01,7.957576960325241089e-02,2.143127640010789037e-04,1.507731825113296509e-01,-7.296008989214897156e-03,-1.317235548049211502e-02,-4.393322020769119263e-02,-1.945099420845508575e-02,-1.886486634612083435e-02,-2.330166101455688477e-02,3.033448010683059692e-02,-1.691975630819797516e-02,2.248311415314674377e-02,2.073993720114231110e-02,1.218226156197488308e-03,-2.898387797176837921e-02,5.458597466349601746e-02,1.397551447153091431e-01,2.234065979719161987e-01,1.304754495620727539e+00,-2.609435282647609711e-02,8.845048397779464722e-02,-6.331536173820495605e-02,4.866997897624969482e-02,-1.477890759706497192e-01,-1.004535406827926636e-01,1.305123448371887207e+00,3.388179093599319458e-02,7.676662877202033997e-03,-7.745826989412307739e-02
-4.288659393787384033e-01,4.340626671910285950e-02,8.677485585212707520e-01,-8.043273352086544037e-03,-1.712955348193645477e-02,7.219462394714355469e-01,-6.916903257369995117e-01,8.243057876825332642e-02,-5.698108579963445663e-04,1.520378291606903076e-01,-7.082595489919185638e-03,-1.200459618121385574e-02,-4.625220596790313721e-02,-1.666146330535411835e-02,-1.834917999804019928e-02,-2.249387465417385101e-02,2.866714447736740112e-02,-1.707191206514835358e-02,2.027489058673381805e-02,2.254579216241836548e-02,2.014976635109633207e-04,-2.898207306861877441e-02,5.437870696187019348e-02,1.389869898557662964e-01,2.237730026245117188e-01,1.302518248558044434e+00,-2.680486999452114105e-02,8.697408437728881836e-02,-6.375019252300262451e-02,4.858938977122306824e-02,-1.482249200344085693e-01,-1.008937358856201172e-01,1.305411577224731445e+00,3.453823551535606384e-02,6.930302828550338745e-03,-7.721856236457824707e-02
-4.317545890808105469e-01,4.348817840218544006e-02,8.676028251647949219e-01,-8.206509053707122803e-03,-1.722417399287223816e-02,7.215800881385803223e-01,-6.920680403709411621e-01,8.657936006784439087e-02,-9.792008204385638237e-04,1.544311344623565674e-01,-7.195828948169946671e-03,-1.020267326384782791e-02,-5.021297559142112732e-02,-1.264277473092079163e-02,-1.759731955826282501e-02,-2.159567736089229584e-02,2.711964026093482971e-02,-1.780535280704498291e-02,1.704665459692478180e-02,2.513113804161548615e-02,-1.201030449010431767e-03,-2.878381311893463135e-02,5.472095683217048645e-02,1.381088048219680786e-01,2.240716964006423950e-01,1.299406051635742188e+00,-2.683546021580696106e-02,8.399519324302673340e-02,-6.423288583755493164e-02,4.816557094454765320e-02,-1.485706269741058350e-01,-1.016329601407051086e-01,1.305851697921752930e+00,3.475370630621910095e-02,6.003966089338064194e-03,-7.743975520133972168e-02
-4.340049028396606445e-01,4.363740608096122742e-02,8.674725294113159180e-01,-8.503588847815990448e-03,-1.746536605060100555e-02,7.211536169052124023e-01,-6.925027966499328613e-01,8.985536545515060425e-02,-2.141117118299007416e-03,1.556203365325927734e-01,-6.902340333908796310e-03,-9.008545428514480591e-03,-5.304024741053581238e-02,-9.517295286059379578e-03,-1.761095039546489716e-02,-2.108259126543998718e-02,2.604935131967067719e-02,-1.850700005888938904e-02,1.438835263252258301e-02,2.724565565586090088e-02,-2.943942788988351822e-03,-2.927781268954277039e-02,5.468220636248588562e-02,1.372708380222320557e-01,2.239468693733215332e-01,1.298082113265991211e+00,-2.669153362512588501e-02,8.212425559759140015e-02,-6.420952826738357544e-02,4.787607863545417786e-02,-1.489904969930648804e-01,-1.022185534238815308e-01,1.305540919303894043e+00,3.442542627453804016e-02,5.633664783090353012e-03,-7.739986479282379150e-02
-4.364330768585205078e-01,4.359737783670425415e-02,8.673560619354248047e-01,-8.620812557637691498e-03,-1.752765104174613953e-02,7.207593321800231934e-01,-6.929101347923278809e-01,9.329712390899658203e-02,-2.439739182591438293e-03,1.566637456417083740e-01,-6.860508117824792862e-03,-7.464905735105276108e-03,-5.625673383474349976e-02,-6.168306805193424225e-03,-1.685317978262901306e-02,-2.049370668828487396e-02,2.495250478386878967e-02,-1.942203380167484283e-02,1.195744797587394714e-02,2.915243804454803467e-02,-4.286876879632472992e-03,-2.977395802736282349e-02,5.555983260273933411e-02,1.366202980279922485e-01,2.248761504888534546e-01,1.296623349189758301e+00,-2.541363425552845001e-02,8.065947145223617554e-02,-6.409364193677902222e-02,4.758648201823234558e-02,-1.488223969936370850e-01,-1.027379631996154785e-01,1.305689454078674316e+00,3.463556990027427673e-02,4.991493653506040573e-03,-7.739134877920150757e-02
-4.397591948509216309e-01,4.375170916318893433e-02,8.672140836715698242e-01,-8.612952195107936859e-03,-1.747629977762699127e-02,7.202094197273254395e-01,-6.934830546379089355e-01,9.810665994882583618e-02,-2.841289853677153587e-03,1.582433730363845825e-01,-6.529512815177440643e-03,-5.289589986205101013e-03,-6.040908768773078918e-02,-1.508528133854269981e-03,-1.626829989254474640e-02,-1.896695606410503387e-02,2.473882585763931274e-02,-2.159401401877403259e-02,8.310613222420215607e-03,3.237755596637725830e-02,-6.284852046519517899e-03,-2.924061566591262817e-02,5.590096488595008850e-02,1.355753690004348755e-01,2.264223843812942505e-01,1.295250654220581055e+00,-2.428146079182624817e-02,7.890829443931579590e-02,-6.428617984056472778e-02,4.679629951715469360e-02,-1.489756256341934204e-01,-1.032299697399139404e-01,1.305474281311035156e+00,3.522383049130439758e-02,4.540803376585245132e-03,-7.781514525413513184e-02
-4.424704313278198242e-01,4.392993077635765076e-02,8.671324849128723145e-01,-8.702709339559078217e-03,-1.748406514525413513e-02,7.196220755577087402e-01,-6.940912008285522461e-01,1.021321043372154236e-01,-4.286791197955608368e-03,1.597867310047149658e-01,-4.673762246966362000e-03,-4.816468805074691772e-03,-6.425092369318008423e-02,2.232637489214539528e-03,-1.621930301189422607e-02,-1.735365390777587891e-02,2.489156275987625122e-02,-2.299103699624538422e-02,5.249346140772104263e-03,3.480168431997299194e-02,-8.224923163652420044e-03,-2.907464839518070221e-02,5.641702562570571899e-02,1.353965699672698975e-01,2.274332940578460693e-01,1.294318437576293945e+00,-2.439042367041110992e-02,7.773648947477340698e-02,-6.417505443096160889e-02,4.590535163879394531e-02,-1.484956294298171997e-01,-1.044816300272941589e-01,1.305470347404479980e+00,3.446223959326744080e-02,4.013812169432640076e-03,-7.812669873237609863e-02
-4.453069567680358887e-01,4.414981603622436523e-02,8.670606017112731934e-01,-8.843739517033100128e-03,-1.755703985691070557e-02,7.188441157341003418e-01,-6.948933005332946777e-01,1.065805181860923767e-01,-6.595515180379152298e-03,1.622645407915115356e-01,-1.706451294012367725e-03,-5.027349106967449188e-03,-6.874250620603561401e-02,6.091427989304065704e-03,-1.724397949874401093e-02,-1.691867597401142120e-02,2.682531066238880157e-02,-2.517583779990673065e-02,2.271842909976840019e-03,3.726578503847122192e-02,-1.042968593537807465e-02,-2.893389947712421417e-02,5.727156996726989746e-02,1.355929076671600342e-01,2.298827171325683594e-01,1.292934417724609375e+00,-2.323020249605178833e-02,7.629412412643432617e-02,-6.382836401462554932e-02,4.540089145302772522e-02,-1.482236236333847046e-01,-1.048955172300338745e-01,1.305130481719970703e+00,3.498892486095428467e-02,4.111838992685079575e-03,-7.845312356948852539e-02
-4.491108655929565430e-01,4.463378340005874634e-02,8.669648170471191406e-01,-8.983484469354152679e-03,-1.757417246699333191e-02,7.174850702285766602e-01,-6.962942481040954590e-01,1.126809120178222656e-01,-1.120092067867517471e-02,1.662407517433166504e-01,4.562708549201488495e-03,-6.336454767733812332e-03,-7.412343472242355347e-02,1.116616651415824890e-02,-1.888910122215747833e-02,-1.710603386163711548e-02,2.983355522155761719e-02,-2.771789580583572388e-02,-1.514885108917951584e-03,4.149250313639640808e-02,-1.393571216613054276e-02,-2.797315083444118500e-02,5.765419825911521912e-02,1.360668092966079712e-01,2.356249094009399414e-01,1.290202856063842773e+00,-2.080806717276573181e-02,7.343441992998123169e-02,-6.249307841062545776e-02,4.473627731204032898e-02,-1.485586613416671753e-01,-1.053694337606430054e-01,1.304717183113098145e+00,3.501479327678680420e-02,4.131278488785028458e-03,-7.884766161441802979e-02
-4.518363177776336670e-01,4.513153806328773499e-02,8.669282197952270508e-01,-9.500814601778984070e-03,-1.788871735334396362e-02,7.159742712974548340e-01,-6.978327631950378418e-01,1.174067184329032898e-01,-1.808637939393520355e-02,1.693663597106933594e-01,1.283330004662275314e-02,-7.769424468278884888e-03,-7.805728912353515625e-02,1.464701909571886063e-02,-2.145084924995899200e-02,-1.794118620455265045e-02,3.236909955739974976e-02,-2.881576307117938995e-02,-4.259026143699884415e-03,4.533605277538299561e-02,-1.755586825311183929e-02,-2.825240232050418854e-02,5.794594809412956238e-02,1.360368579626083374e-01,2.441031336784362793e-01,1.287379622459411621e+00,-1.712384819984436035e-02,7.001778483390808105e-02,-6.185525283217430115e-02,4.452857375144958496e-02,-1.491237729787826538e-01,-1.062975302338600159e-01,1.304717898368835449e+00,3.468615934252738953e-02,4.159460775554180145e-03,-7.915800064802169800e-02
-4.544287025928497314e-01,4.594922065734863281e-02,8.669632673263549805e-01,-1.028423476964235306e-02,-1.837699301540851593e-02,7.138308882713317871e-01,-7.000013589859008789e-01,1.225371137261390686e-01,-2.900203503668308258e-02,1.729196459054946899e-01,2.603019960224628448e-02,-1.085801050066947937e-02,-8.243323862552642822e-02,1.785350032150745392e-02,-2.487250976264476776e-02,-1.820826344192028046e-02,3.472531586885452271e-02,-2.883222140371799469e-02,-7.233253214508295059e-03,4.943945258855819702e-02,-2.216095291078090668e-02,-2.839774079620838165e-02,5.749014765024185181e-02,1.355071663856506348e-01,2.559234499931335449e-01,1.283509492874145508e+00,-1.678508706390857697e-02,6.871503591537475586e-02,-6.369188427925109863e-02,4.418671131134033203e-02,-1.502075940370559692e-01,-1.076011434197425842e-01,1.305031061172485352e+00,3.484167903661727905e-02,4.019586835056543350e-03,-7.997568696737289429e-02
-4.577011764049530029e-01,4.742576926946640015e-02,8.673652410507202148e-01,-1.197958551347255707e-02,-1.914031989872455597e-02,7.090598344802856445e-01,-7.047866582870483398e-01,1.303958147764205933e-01,-5.235480517148971558e-02,1.774664074182510376e-01,5.544663965702056885e-02,-2.055553346872329712e-02,-9.480892121791839600e-02,2.117605693638324738e-02,-2.868232317268848419e-02,-1.777477003633975983e-02,3.389508649706840515e-02,-2.481880411505699158e-02,-1.084545161575078964e-02,5.356185883283615112e-02,-3.264685347676277161e-02,-2.809225581586360931e-02,5.674302950501441956e-02,1.360549777746200562e-01,2.745188176631927490e-01,1.277027726173400879e+00,-1.927798241376876831e-02,6.740320473909378052e-02,-6.831235438585281372e-02,4.239450395107269287e-02,-1.518596261739730835e-01,-1.079122349619865417e-01,1.306300878524780273e+00,3.592080622911453247e-02,2.907621441408991814e-03,-8.047063648700714111e-02
-4.596803784370422363e-01,4.878478124737739563e-02,8.678956031799316406e-01,-1.317710615694522858e-02,-1.915639452636241913e-02,7.044687867164611816e-01,-7.093539834022521973e-01,1.360860466957092285e-01,-7.221614569425582886e-02,1.750506758689880371e-01,8.557485044002532959e-02,-4.692733287811279297e-02,-1.117133274674415588e-01,2.258478105068206787e-02,-2.901809476315975189e-02,-1.601425744593143463e-02,2.974374219775199890e-02,-1.811007969081401825e-02,-1.539851259440183640e-02,5.602182075381278992e-02,-4.217488691210746765e-02,-2.670183032751083374e-02,5.550607293844223022e-02,1.376459896564483643e-01,2.841359674930572510e-01,1.273039937019348145e+00,-2.002119645476341248e-02,6.542382389307022095e-02,-7.022972404956817627e-02,4.050998762249946594e-02,-1.534425020217895508e-01,-1.075636297464370728e-01,1.308610320091247559e+00,3.659380972385406494e-02,3.565354854799807072e-04,-8.046717196702957153e-02
-4.608681201934814453e-01,5.041052773594856262e-02,8.683734536170959473e-01,-1.441834308207035065e-02,-1.866842620074748993e-02,6.992971897125244141e-01,-7.144417762756347656e-01,1.422265470027923584e-01,-9.490909427404403687e-02,1.612052619457244873e-01,1.276955306529998779e-01,-9.902141243219375610e-02,-1.468151956796646118e-01,2.185974083840847015e-02,-2.678108401596546173e-02,-1.680537126958370209e-02,2.177053317427635193e-02,-1.075048558413982391e-02,-1.880937069654464722e-02,5.804171785712242126e-02,-5.218208953738212585e-02,-2.524401433765888214e-02,5.298928916454315186e-02,1.396263986825942993e-01,2.889969348907470703e-01,1.271149277687072754e+00,-2.023245953023433685e-02,6.310278922319412231e-02,-7.058368623256683350e-02,4.009192064404487610e-02,-1.568790972232818604e-01,-1.074303090572357178e-01,1.309961318969726562e+00,3.795102611184120178e-02,-1.884861267171800137e-03,-8.003123849630355835e-02
-4.607504010200500488e-01,5.268127098679542542e-02,8.689217567443847656e-01,-1.594078727066516876e-02,-1.728112623095512390e-02,6.919116973876953125e-01,-7.215992212295532227e-01,1.501759886741638184e-01,-1.284435093402862549e-01,1.320915818214416504e-01,1.973708271980285645e-01,-1.867361664772033691e-01,-2.091589123010635376e-01,1.741099916398525238e-02,-2.171554230153560638e-02,-2.438954263925552368e-02,9.850251488387584686e-03,-2.287318697199225426e-03,-2.080095745623111725e-02,5.955679714679718018e-02,-6.420558691024780273e-02,-2.279497496783733368e-02,4.600085318088531494e-02,1.410760730504989624e-01,2.907053530216217041e-01,1.272366642951965332e+00,-2.010226622223854065e-02,6.467115134000778198e-02,-7.170039415359497070e-02,4.136438295245170593e-02,-1.653078794479370117e-01,-1.078560203313827515e-01,1.309870004653930664e+00,4.097375273704528809e-02,-8.551196660846471786e-04,-7.826917618513107300e-02
-4.597720205783843994e-01,5.373010411858558655e-02,8.691593408584594727e-01,-1.611204445362091064e-02,-1.573061197996139526e-02,6.881816387176513672e-01,-7.251889109611511230e-01,1.605549007654190063e-01,-1.472369283437728882e-01,1.173654124140739441e-01,2.421866208314895630e-01,-2.303199619054794312e-01,-2.068891376256942749e-01,1.359502691775560379e-02,-1.520658843219280243e-02,-3.058254905045032501e-02,5.238274461589753628e-04,3.095425665378570557e-03,-2.069758251309394836e-02,5.967778712511062622e-02,-6.769758462905883789e-02,-1.946417801082134247e-02,4.031265527009963989e-02,1.420714110136032104e-01,2.940005362033843994e-01,1.273629426956176758e+00,-1.785462535917758942e-02,6.815446168184280396e-02,-7.348016649484634399e-02,4.245860502123832703e-02,-1.732229590415954590e-01,-1.053865328431129456e-01,1.309827089309692383e+00,4.018785059452056885e-02,1.102459034882485867e-03,-7.613600045442581177e-02
-4.581702053546905518e-01,5.401216074824333191e-02,8.692747950553894043e-01,-1.523093320429325104e-02,-1.388924382627010345e-02,6.867522597312927246e-01,-7.265992164611816406e-01,1.773531883955001831e-01,-1.541936546564102173e-01,1.228269040584564209e-01,2.682764828205108643e-01,-2.496221065521240234e-01,-1.917088627815246582e-01,1.024754438549280167e-02,-7.391219027340412140e-03,-3.465789183974266052e-02,-6.870429031550884247e-03,6.846028845757246017e-03,-1.981252618134021759e-02,5.892426148056983948e-02,-6.526504456996917725e-02,-1.530291698873043060e-02,3.569234907627105713e-02,1.434627324342727661e-01,3.007056713104248047e-01,1.274498105049133301e+00,-1.716580241918563843e-02,7.215794175863265991e-02,-7.780799269676208496e-02,4.308117926120758057e-02,-1.793240010738372803e-01,-1.016483008861541748e-01,1.312076687812805176e+00,3.648815304040908813e-02,-1.500300364568829536e-03,-7.451705634593963623e-02
-4.559086561203002930e-01,5.337075144052505493e-02,8.692731261253356934e-01,-1.372811384499073029e-02,-1.256928965449333191e-02,6.871165037155151367e-01,-7.263087630271911621e-01,2.095901519060134888e-01,-1.496971994638442993e-01,1.508487313985824585e-01,2.724693715572357178e-01,-2.324974834918975830e-01,-1.583435982465744019e-01,7.683877367526292801e-03,-5.989702767692506313e-04,-3.799381852149963379e-02,-1.078558154404163361e-02,8.423686027526855469e-03,-1.823537983000278473e-02,5.744003131985664368e-02,-5.822073295712471008e-02,-1.357814483344554901e-02,3.514820337295532227e-02,1.484121382236480713e-01,3.146637678146362305e-01,1.272323966026306152e+00,-1.935285702347755432e-02,7.165428251028060913e-02,-8.140891790390014648e-02,4.312041401863098145e-02,-1.818725317716598511e-01,-9.720996767282485962e-02,1.319757819175720215e+00,3.697061538696289062e-02,-1.007517054677009583e-02,-7.500146329402923584e-02
-4.537450373172760010e-01,5.227256566286087036e-02,8.691182136535644531e-01,-1.217456068843603134e-02,-1.193297002464532852e-02,6.877380609512329102e-01,-7.257587313652038574e-01,2.357169389724731445e-01,-1.385895758867263794e-01,1.724666059017181396e-01,2.579512000083923340e-01,-1.920061558485031128e-01,-1.313076764345169067e-01,6.190902087837457657e-03,3.301095450296998024e-03,-4.087548330426216125e-02,-9.746164083480834961e-03,6.451634224504232407e-03,-1.624060794711112976e-02,5.637638643383979797e-02,-5.426840856671333313e-02,-1.372404489666223526e-02,3.745070099830627441e-02,1.527537554502487183e-01,3.275224268436431885e-01,1.269835948944091797e+00,-1.751319319009780884e-02,6.976139545440673828e-02,-8.280400186777114868e-02,4.292390123009681702e-02,-1.807460188865661621e-01,-9.677327424287796021e-02,1.326440215110778809e+00,3.634688258171081543e-02,-1.738564483821392059e-02,-7.484320551156997681e-02
-4.509615302085876465e-01,5.092442035675048828e-02,8.687899708747863770e-01,-1.088835299015045166e-02,-1.190401148051023483e-02,6.877211332321166992e-01,-7.257956862449645996e-01,2.603734135627746582e-01,-1.274278461933135986e-01,1.878858953714370728e-01,2.366431355476379395e-01,-1.363312005996704102e-01,-1.013258248567581177e-01,4.247284028679132462e-03,5.907336715608835220e-03,-4.480759054422378540e-02,-7.420400157570838928e-03,1.980716362595558167e-03,-1.308497413992881775e-02,5.533031001687049866e-02,-5.299356579780578613e-02,-1.607498899102210999e-02,4.070840030908584595e-02,1.572410166263580322e-01,3.383130729198455811e-01,1.268270015716552734e+00,-1.580163836479187012e-02,6.865075230598449707e-02,-8.365859091281890869e-02,4.339914023876190186e-02,-1.789867728948593140e-01,-9.915947169065475464e-02,1.331661581993103027e+00,3.597804903984069824e-02,-2.496378868818283081e-02,-7.385968416929244995e-02
-4.457234442234039307e-01,4.937608167529106140e-02,8.682838082313537598e-01,-9.228407405316829681e-03,-1.201572827994823456e-02,6.869513988494873047e-01,-7.265453934669494629e-01,2.876196801662445068e-01,-1.115317419171333313e-01,2.014101743698120117e-01,2.034538686275482178e-01,-8.197639137506484985e-02,-7.100624591112136841e-02,-2.745869278442114592e-04,9.423632174730300903e-03,-4.969031363725662231e-02,-4.460544325411319733e-03,-3.853056579828262329e-03,-7.959129288792610168e-03,5.348881334066390991e-02,-5.381146818399429321e-02,-1.944762654602527618e-02,4.413457959890365601e-02,1.620068401098251343e-01,3.471953570842742920e-01,1.270198464393615723e+00,-1.446818001568317413e-02,7.112763077020645142e-02,-8.557810634374618530e-02,4.583367332816123962e-02,-1.790832728147506714e-01,-1.025611385703086853e-01,1.333845376968383789e+00,3.824626654386520386e-02,-2.953536622226238251e-02,-7.324588298797607422e-02
-4.403778314590454102e-01,4.834217950701713562e-02,8.679099082946777344e-01,-7.786556147038936615e-03,-1.203494705259799957e-02,6.861933469772338867e-01,-7.272779941558837891e-01,3.030922114849090576e-01,-9.908238053321838379e-02,2.053178697824478149e-01,1.773290336132049561e-01,-5.806707590818405151e-02,-5.606054887175559998e-02,-5.325189791619777679e-03,1.224531792104244232e-02,-5.345624685287475586e-02,-1.857022522017359734e-03,-8.745012804865837097e-03,-3.349733306095004082e-03,5.218022316694259644e-02,-5.494232103228569031e-02,-2.159316837787628174e-02,4.565409943461418152e-02,1.641188412904739380e-01,3.505963087081909180e-01,1.274662852287292480e+00,-1.503211632370948792e-02,7.639851421117782593e-02,-8.715757727622985840e-02,4.858159646391868591e-02,-1.811323761940002441e-01,-1.034672781825065613e-01,1.333372831344604492e+00,4.016687348484992981e-02,-2.987114340066909790e-02,-7.307853549718856812e-02
-4.338282644748687744e-01,4.724761843681335449e-02,8.675436973571777344e-01,-6.210021674633026123e-03,-1.195733342319726944e-02,6.858292222023010254e-01,-7.276377677917480469e-01,3.145851492881774902e-01,-8.746263384819030762e-02,2.082935720682144165e-01,1.536909341812133789e-01,-3.354904428124427795e-02,-5.306597054004669189e-02,-1.206539385020732880e-02,1.564879342913627625e-02,-5.776409804821014404e-02,2.582514134701341391e-04,-1.260997634381055832e-02,3.214651020243763924e-03,5.072579160332679749e-02,-5.419849231839179993e-02,-2.293179929256439209e-02,4.693211242556571960e-02,1.661446839570999146e-01,3.513693809509277344e-01,1.278942108154296875e+00,-1.564789377152919769e-02,8.111030608415603638e-02,-8.664995431900024414e-02,5.118095874786376953e-02,-1.832985728979110718e-01,-1.044066473841667175e-01,1.332935929298400879e+00,4.010658338665962219e-02,-2.943704091012477875e-02,-7.311312109231948853e-02
-4.233199357986450195e-01,4.599709063768386841e-02,8.669344186782836914e-01,-4.418513737618923187e-03,-1.218035165220499039e-02,6.861256361007690430e-01,-7.273676991462707520e-01,3.230678737163543701e-01,-7.464190572500228882e-02,2.099850177764892578e-01,1.272800862789154053e-01,-3.867600811645388603e-03,-5.294075980782508850e-02,-2.340660244226455688e-02,1.965788379311561584e-02,-6.268916279077529907e-02,1.533975359052419662e-03,-1.599045284092426300e-02,1.325460709631443024e-02,4.883733391761779785e-02,-5.055483803153038025e-02,-2.538007870316505432e-02,5.021011084318161011e-02,1.682664602994918823e-01,3.533590435981750488e-01,1.280495166778564453e+00,-1.393686980009078979e-02,8.384993672370910645e-02,-8.379358053207397461e-02,5.392520874738693237e-02,-1.862909197807312012e-01,-1.063996553421020508e-01,1.332977771759033203e+00,3.903678059577941895e-02,-2.880821377038955688e-02,-7.271879911422729492e-02
-4.137849509716033936e-01,4.516573995351791382e-02,8.663056492805480957e-01,-2.869677264243364334e-03,-1.216274593025445938e-02,6.867912411689758301e-01,-7.267473340034484863e-01,3.241932690143585205e-01,-6.835766881704330444e-02,2.083511948585510254e-01,1.161348968744277954e-01,1.970458962023258209e-02,-5.666496977210044861e-02,-3.426015377044677734e-02,2.332421950995922089e-02,-6.853712350130081177e-02,2.089525805786252022e-03,-1.844735629856586456e-02,2.286721207201480865e-02,4.767147079110145569e-02,-4.639846459031105042e-02,-2.634769119322299957e-02,5.294812098145484924e-02,1.686967760324478149e-01,3.565770685672760010e-01,1.279382705688476562e+00,-1.131217274814844131e-02,8.377805352210998535e-02,-8.220244199037551880e-02,5.485196411609649658e-02,-1.889786720275878906e-01,-1.079390421509742737e-01,1.333489537239074707e+00,3.850715607404708862e-02,-2.864990010857582092e-02,-7.176043838262557983e-02
-4.028038978576660156e-01,4.412885010242462158e-02,8.652863502502441406e-01,-1.158602652139961720e-03,-1.163095794618129730e-02,6.872096061706542969e-01,-7.263651490211486816e-01,3.203081786632537842e-01,-6.631559878587722778e-02,2.022486776113510132e-01,1.131615042686462402e-01,5.948375910520553589e-02,-8.041676133871078491e-02,-4.769221693277359009e-02,2.887328900396823883e-02,-7.777972519397735596e-02,2.033504191786050797e-03,-2.161951176822185516e-02,3.491050750017166138e-02,4.593736678361892700e-02,-4.256470128893852234e-02,-2.617633342742919922e-02,5.674688518047332764e-02,1.692699939012527466e-01,3.591646552085876465e-01,1.275870561599731445e+00,-1.026940811425447464e-02,8.093570172786712646e-02,-7.941669970750808716e-02,5.497229471802711487e-02,-1.917565762996673584e-01,-1.090456992387771606e-01,1.334553599357604980e+00,3.832517191767692566e-02,-2.955769374966621399e-02,-7.139738649129867554e-02
-3.867081403732299805e-01,4.308119788765907288e-02,8.633388876914978027e-01,1.438392559066414833e-03,-1.130030490458011627e-02,6.869237422943115234e-01,-7.266402244567871094e-01,3.103474676609039307e-01,-6.662590056657791138e-02,2.038391828536987305e-01,1.201595067977905273e-01,8.031281083822250366e-02,-1.913796067237854004e-01,-6.631381809711456299e-02,3.649977222084999084e-02,-9.177057445049285889e-02,1.458141254261136055e-03,-2.416459843516349792e-02,5.115464702248573303e-02,4.530559107661247253e-02,-3.957150503993034363e-02,-2.618591487407684326e-02,6.094038486480712891e-02,1.684936732053756714e-01,3.604425191879272461e-01,1.271675944328308105e+00,-8.189996704459190369e-03,7.680858671665191650e-02,-7.690846920013427734e-02,5.433839187026023865e-02,-1.949267238378524780e-01,-1.131729558110237122e-01,1.336348652839660645e+00,3.755556419491767883e-02,-3.245560079813003540e-02,-7.177431881427764893e-02
-3.727259933948516846e-01,4.316215217113494873e-02,8.618955612182617188e-01,2.644549356773495674e-03,-1.105677336454391479e-02,6.861234307289123535e-01,-7.273963093757629395e-01,2.951346635818481445e-01,-6.909552216529846191e-02,1.879081428050994873e-01,1.346428990364074707e-01,4.260979220271110535e-02,-2.010707110166549683e-01,-8.386576920747756958e-02,4.124575480818748474e-02,-1.019042581319808960e-01,-3.467930655460804701e-04,-2.095577307045459747e-02,6.616048514842987061e-02,4.337448626756668091e-02,-3.740663081407546997e-02,-2.717339619994163513e-02,6.201091036200523376e-02,1.663977056741714478e-01,3.582097887992858887e-01,1.271530032157897949e+00,-6.726040039211511612e-03,7.734496891498565674e-02,-7.740662246942520142e-02,5.367597565054893494e-02,-1.970943212509155273e-01,-1.155708953738212585e-01,1.337744951248168945e+00,3.948427736759185791e-02,-3.485905006527900696e-02,-7.236318290233612061e-02
-3.574572205543518066e-01,4.320923611521720886e-02,8.603621721267700195e-01,3.686891868710517883e-03,-1.010101847350597382e-02,6.848206520080566406e-01,-7.286323308944702148e-01,2.746873795986175537e-01,-7.249596714973449707e-02,1.784905344247817993e-01,1.503804922103881836e-01,5.117465741932392120e-03,-1.917038708925247192e-01,-1.041345298290252686e-01,4.731938242912292480e-02,-1.112008020281791687e-01,-2.629407914355397224e-03,-1.403458323329687119e-02,8.282341808080673218e-02,3.893616050481796265e-02,-3.582840040326118469e-02,-2.701749652624130249e-02,6.212003156542778015e-02,1.635943502187728882e-01,3.561579287052154541e-01,1.273713588714599609e+00,-5.126593168824911118e-03,8.036634325981140137e-02,-7.915966957807540894e-02,5.202965810894966125e-02,-1.978482455015182495e-01,-1.169790327548980713e-01,1.339290738105773926e+00,4.098167270421981812e-02,-3.746605664491653442e-02,-7.278669625520706177e-02
-3.360594511032104492e-01,4.384373873472213745e-02,8.588416576385498047e-01,3.842067671939730644e-03,-8.921073749661445618e-03,6.829852461814880371e-01,-7.303676009178161621e-01,2.431528419256210327e-01,-8.239044249057769775e-02,1.637980043888092041e-01,1.720946878194808960e-01,-3.179828822612762451e-02,-1.627276986837387085e-01,-1.344673186540603638e-01,4.794711247086524963e-02,-1.216569244861602783e-01,2.305651083588600159e-03,6.393018178641796112e-03,1.046525016427040100e-01,2.817407436668872833e-02,-3.144779056310653687e-02,-2.648923359811306000e-02,6.135140359401702881e-02,1.610504239797592163e-01,3.507418930530548096e-01,1.279040694236755371e+00,-7.246683351695537567e-03,8.611579239368438721e-02,-8.209592103958129883e-02,4.774987697601318359e-02,-1.945340782403945923e-01,-1.178987026214599609e-01,1.341370224952697754e+00,4.111819714307785034e-02,-4.136504605412483215e-02,-7.407297194004058838e-02
-3.199948966503143311e-01,4.500896483659744263e-02,8.586933612823486328e-01,3.092529485002160072e-03,-8.230923675000667572e-03,6.822678446769714355e-01,-7.310494780540466309e-01,2.187704592943191528e-01,-9.426594525575637817e-02,1.494444757699966431e-01,1.914042830467224121e-01,-4.979889839887619019e-02,-1.458197981119155884e-01,-1.594239473342895508e-01,3.833852335810661316e-02,-1.285161525011062622e-01,1.923060603439807892e-02,2.493522129952907562e-02,1.197844892740249634e-01,1.731906458735466003e-02,-2.604532986879348755e-02,-2.580728568136692047e-02,5.963375046849250793e-02,1.604841202497482300e-01,3.417342603206634521e-01,1.286356091499328613e+00,-1.496225316077470779e-02,9.196819365024566650e-02,-8.411645889282226562e-02,4.168485850095748901e-02,-1.864879578351974487e-01,-1.188281327486038208e-01,1.344515204429626465e+00,3.977385163307189941e-02,-4.647931456565856934e-02,-7.666948437690734863e-02
-3.044664561748504639e-01,4.640900343656539917e-02,8.594107031822204590e-01,2.236073836684226990e-03,-7.667094469070434570e-03,6.827430725097656250e-01,-7.306148409843444824e-01,1.942465901374816895e-01,-1.043906435370445251e-01,1.336562484502792358e-01,2.070015668869018555e-01,-6.105554476380348206e-02,-1.311272233724594116e-01,-1.846172064542770386e-01,2.180251292884349823e-02,-1.352048814296722412e-01,4.526473954319953918e-02,4.785690456628799438e-02,1.302394419908523560e-01,6.791828665882349014e-03,-1.866703294217586517e-02,-2.508487924933433533e-02,5.796763673424720764e-02,1.619105935096740723e-01,3.218778669834136963e-01,1.296139359474182129e+00,-2.865627035498619080e-02,9.858529269695281982e-02,-8.275435864925384521e-02,3.467478603124618530e-02,-1.758843809366226196e-01,-1.204396262764930725e-01,1.347706317901611328e+00,3.884418681263923645e-02,-5.240103974938392639e-02,-7.887072861194610596e-02
-2.843394279479980469e-01,4.821469262242317200e-02,8.609707355499267578e-01,1.816049567423760891e-03,-6.997538264840841293e-03,6.853564381599426270e-01,-7.281718850135803223e-01,1.607498377561569214e-01,-1.030762419104576111e-01,1.148678883910179138e-01,2.050373107194900513e-01,-7.120396941900253296e-02,-1.061829105019569397e-01,-2.162815183401107788e-01,-4.465334117412567139e-03,-1.438436061143875122e-01,8.556687086820602417e-02,8.026134967803955078e-02,1.356132328510284424e-01,-4.818280227482318878e-03,-7.789293769747018814e-03,-2.342120744287967682e-02,5.796556919813156128e-02,1.673413217067718506e-01,2.824300527572631836e-01,1.307133197784423828e+00,-3.009234182536602020e-02,9.897404909133911133e-02,-6.700748205184936523e-02,2.725915424525737762e-02,-1.656872183084487915e-01,-1.196253746747970581e-01,1.346115469932556152e+00,4.122179374098777771e-02,-5.129881575703620911e-02,-7.934476435184478760e-02
-2.697617411613464355e-01,4.960964620113372803e-02,8.621321916580200195e-01,1.713878824375569820e-03,-6.787025835365056992e-03,6.879029870033264160e-01,-7.257688641548156738e-01,1.370383352041244507e-01,-9.539568424224853516e-02,1.056289970874786377e-01,1.911188364028930664e-01,-7.357513159513473511e-02,-8.694176375865936279e-02,-2.373310625553131104e-01,-2.328524924814701080e-02,-1.542769372463226318e-01,1.121791079640388489e-01,1.037840619683265686e-01,1.312972605228424072e-01,-1.095621474087238312e-02,-1.767317065969109535e-03,-2.271429076790809631e-02,5.921996012330055237e-02,1.707814484834671021e-01,2.536626756191253662e-01,1.312600135803222656e+00,-2.939503267407417297e-02,9.921524673700332642e-02,-6.273090094327926636e-02,2.291393466293811798e-02,-1.635498255491256714e-01,-1.146355345845222473e-01,1.339975476264953613e+00,4.345840960741043091e-02,-4.087291285395622253e-02,-7.895509153604507446e-02
-2.557528018951416016e-01,5.133504047989845276e-02,8.633801341056823730e-01,1.916805398650467396e-03,-6.584520451724529266e-03,6.903243064880371094e-01,-7.234675884246826172e-01,1.157236918807029724e-01,-9.069111943244934082e-02,9.885396063327789307e-02,1.817122250795364380e-01,-7.208971679210662842e-02,-7.124995440244674683e-02,-2.548801600933074951e-01,-4.032794013619422913e-02,-1.751635074615478516e-01,1.365874707698822021e-01,1.183516979217529297e-01,1.127920299768447876e-01,-1.436685211956501007e-02,2.628500806167721748e-03,-2.162525057792663574e-02,5.859266594052314758e-02,1.714243888854980469e-01,2.323688417673110962e-01,1.319484710693359375e+00,-3.357974439859390259e-02,9.974899888038635254e-02,-6.291237473487854004e-02,1.813615113496780396e-02,-1.631713658571243286e-01,-1.101794838905334473e-01,1.334093093872070312e+00,3.956280276179313660e-02,-3.145763650536537170e-02,-8.310501277446746826e-02
-2.389310896396636963e-01,5.425795540213584900e-02,8.651171326637268066e-01,3.097429405897855759e-03,-5.694163963198661804e-03,6.922476291656494141e-01,-7.216309309005737305e-01,9.043720364570617676e-02,-8.800082653760910034e-02,8.806826174259185791e-02,1.760502308607101440e-01,-6.773461401462554932e-02,-5.204699188470840454e-02,-2.681184113025665283e-01,-5.960999429225921631e-02,-2.102548331022262573e-01,1.731885224580764771e-01,1.011380404233932495e-01,4.240274056792259216e-02,-1.707218028604984283e-02,5.895476322621107101e-03,-1.744784042239189148e-02,5.241695418953895569e-02,1.675829142332077026e-01,2.121471166610717773e-01,1.330993533134460449e+00,-4.216099530458450317e-02,1.096107959747314453e-01,-6.486427038908004761e-02,1.382008660584688187e-02,-1.611989438533782959e-01,-1.125110611319541931e-01,1.327571511268615723e+00,3.092884458601474762e-02,-2.656094171106815338e-02,-8.526463061571121216e-02
-2.290513217449188232e-01,5.674901232123374939e-02,8.664046525955200195e-01,4.484409000724554062e-03,-5.687077529728412628e-03,6.932058930397033691e-01,-7.207032442092895508e-01,7.700033485889434814e-02,-8.633586019277572632e-02,8.068281412124633789e-02,1.707289963960647583e-01,-6.017651036381721497e-02,-3.600770980119705200e-02,-2.660189568996429443e-01,-7.516375929117202759e-02,-2.147599160671234131e-01,2.105612754821777344e-01,4.126513004302978516e-02,-3.936090972274541855e-03,-1.701947115361690521e-02,6.990564521402120590e-03,-1.422063168138265610e-02,4.823656380176544189e-02,1.647250652313232422e-01,2.040540277957916260e-01,1.336513161659240723e+00,-4.353069141507148743e-02,1.153037548065185547e-01,-6.600601226091384888e-02,1.312766782939434052e-02,-1.601588428020477295e-01,-1.182771325111389160e-01,1.322580814361572266e+00,2.657583542168140411e-02,-2.082163468003273010e-02,-8.754149824380874634e-02
-2.215953022241592407e-01,5.922831967473030090e-02,8.674830198287963867e-01,5.976544227451086044e-03,-6.201151758432388306e-03,6.941618919372558594e-01,-7.197673916816711426e-01,6.847586482763290405e-02,-8.491506427526473999e-02,7.654332369565963745e-02,1.647719740867614746e-01,-5.096453055739402771e-02,-2.849734015762805939e-02,-2.511557340621948242e-01,-9.395918995141983032e-02,-1.993584781885147095e-01,2.558750510215759277e-01,-3.401159867644309998e-02,-9.666003286838531494e-03,-1.582085154950618744e-02,6.813161540776491165e-03,-1.109881140291690826e-02,4.735105112195014954e-02,1.651709973812103271e-01,1.990890204906463623e-01,1.335209012031555176e+00,-4.450297355651855469e-02,1.150097325444221497e-01,-6.425180286169052124e-02,1.267127599567174911e-02,-1.612126082181930542e-01,-1.192608252167701721e-01,1.317735910415649414e+00,2.971369773149490356e-02,-1.276181451976299286e-02,-8.823437988758087158e-02
-2.142853289842605591e-01,6.210054084658622742e-02,8.686360120773315430e-01,8.408016525208950043e-03,-6.252289749681949615e-03,6.956773400306701660e-01,-7.182779312133789062e-01,6.119038537144660950e-02,-7.769201695919036865e-02,7.827202975749969482e-02,1.513706743717193604e-01,-4.060707613825798035e-02,-2.113888598978519440e-02,-2.147433906793594360e-01,-1.199553683400154114e-01,-1.603507846593856812e-01,3.204895257949829102e-01,-1.310542225837707520e-01,8.350816555321216583e-03,-1.456951070576906204e-02,5.279161967337131500e-03,-5.533323623239994049e-03,4.996219649910926819e-02,1.717123687267303467e-01,1.882179379463195801e-01,1.326736330986022949e+00,-4.986463487148284912e-02,1.019360050559043884e-01,-6.107677519321441650e-02,1.153574697673320770e-02,-1.651538759469985962e-01,-1.133724823594093323e-01,1.312033414840698242e+00,3.173502534627914429e-02,-3.456871490925550461e-03,-8.833424746990203857e-02
-2.099935412406921387e-01,6.357219815254211426e-02,8.691886067390441895e-01,9.696524590253829956e-03,-5.961547605693340302e-03,6.964378356933593750e-01,-7.175268530845642090e-01,5.594432726502418518e-02,-7.034166902303695679e-02,7.876314967870712280e-02,1.386695355176925659e-01,-3.432920575141906738e-02,-1.665904000401496887e-02,-1.799815595149993896e-01,-1.356808245182037354e-01,-1.227149739861488342e-01,3.590296506881713867e-01,-1.762857437133789062e-01,4.602142050862312317e-02,-1.550949364900588989e-02,2.925081644207239151e-03,-2.430854132398962975e-03,5.462701246142387390e-02,1.792832165956497192e-01,1.791561394929885864e-01,1.317509651184082031e+00,-4.796745255589485168e-02,8.933015167713165283e-02,-6.003554537892341614e-02,1.165738329291343689e-02,-1.669793426990509033e-01,-1.109923571348190308e-01,1.308616399765014648e+00,2.776201255619525909e-02,1.223320257849991322e-03,-8.911848813295364380e-02
-2.059612125158309937e-01,6.491514295339584351e-02,8.695021271705627441e-01,9.763394482433795929e-03,-6.090085487812757492e-03,6.966014504432678223e-01,-7.173659801483154297e-01,4.997329786419868469e-02,-6.534703075885772705e-02,7.709456235170364380e-02,1.258227378129959106e-01,-2.838359400629997253e-02,-1.449861098080873489e-02,-1.452856510877609253e-01,-1.451513320207595825e-01,-9.420232474803924561e-02,3.802302777767181396e-01,-2.079527676105499268e-01,8.366829901933670044e-02,-1.740393787622451782e-02,-5.424126866273581982e-04,-1.995834289118647575e-03,6.041942536830902100e-02,1.865389496088027954e-01,1.721003502607345581e-01,1.307610273361206055e+00,-3.999131545424461365e-02,7.993593066930770874e-02,-5.922754853963851929e-02,1.319549418985843658e-02,-1.683622300624847412e-01,-1.123436540365219116e-01,1.304990768432617188e+00,2.454297989606857300e-02,5.633836146444082260e-03,-9.017331153154373169e-02
-2.012197971343994141e-01,6.660591065883636475e-02,8.696805238723754883e-01,8.578888140618801117e-03,-6.819298025220632553e-03,6.955293416976928711e-01,-7.184141278266906738e-01,4.198691993951797485e-02,-6.322880089282989502e-02,7.338055968284606934e-02,1.115841865539550781e-01,-2.099270932376384735e-02,-1.134426426142454147e-02,-1.041044071316719055e-01,-1.490938216447830200e-01,-7.383516430854797363e-02,3.858258128166198730e-01,-2.372692078351974487e-01,1.146963089704513550e-01,-2.015150897204875946e-02,-7.097139954566955566e-03,-4.106183536350727081e-03,6.510432809591293335e-02,1.925083398818969727e-01,1.646951287984848022e-01,1.300961017608642578e+00,-4.051277413964271545e-02,7.413981109857559204e-02,-5.447200685739517212e-02,1.785819977521896362e-02,-1.713534593582153320e-01,-1.144528388977050781e-01,1.299823760986328125e+00,2.555305883288383484e-02,1.247712131589651108e-02,-9.120894968509674072e-02
-1.987977176904678345e-01,6.766016036272048950e-02,8.698211312294006348e-01,7.254289928823709488e-03,-7.763479370623826981e-03,6.952594518661499023e-01,-7.186803221702575684e-01,3.765100613236427307e-02,-6.120559200644493103e-02,7.439456880092620850e-02,9.869255870580673218e-02,-1.458180323243141174e-02,-1.022680010646581650e-02,-7.658568024635314941e-02,-1.481346040964126587e-01,-5.632892623543739319e-02,3.760437369346618652e-01,-2.449254542589187622e-01,1.155518293380737305e-01,-2.080948837101459503e-02,-9.957158938050270081e-03,-6.597356870770454407e-03,6.591519713401794434e-02,1.929215341806411743e-01,1.618572920560836792e-01,1.301550269126892090e+00,-4.116141051054000854e-02,7.388194650411605835e-02,-5.460451170802116394e-02,2.202412486076354980e-02,-1.742125600576400757e-01,-1.138638705015182495e-01,1.297379016876220703e+00,2.662920579314231873e-02,1.622412726283073425e-02,-9.180962294340133667e-02
-1.971294134855270386e-01,6.877150386571884155e-02,8.699159026145935059e-01,5.589058157056570053e-03,-8.989606983959674835e-03,6.956619024276733398e-01,-7.182913422584533691e-01,3.443868085741996765e-02,-5.882675200700759888e-02,7.795798778533935547e-02,8.410192281007766724e-02,-9.556077420711517334e-03,-1.270128693431615829e-02,-5.318966880440711975e-02,-1.448060125112533569e-01,-3.965169936418533325e-02,3.567787408828735352e-01,-2.429467588663101196e-01,1.082354858517646790e-01,-2.048471383750438690e-02,-1.077695097774267197e-02,-9.346747770905494690e-03,6.445561349391937256e-02,1.894861757755279541e-01,1.642319411039352417e-01,1.305747270584106445e+00,-3.596573695540428162e-02,7.716207206249237061e-02,-5.631253123283386230e-02,2.589998953044414520e-02,-1.774390339851379395e-01,-1.103570759296417236e-01,1.296485424041748047e+00,2.744819596409797668e-02,1.796175539493560791e-02,-9.187398850917816162e-02
-1.959971934556961060e-01,7.032880187034606934e-02,8.698707818984985352e-01,2.634770702570676804e-03,-1.094036176800727844e-02,6.960793137550354004e-01,-7.178766727447509766e-01,3.118338063359260559e-02,-5.723544582724571228e-02,8.610007166862487793e-02,6.481334567070007324e-02,-4.067074507474899292e-03,-1.591729931533336639e-02,-2.939270995557308197e-02,-1.390307396650314331e-01,-2.662009187042713165e-02,3.247288763523101807e-01,-2.367171943187713623e-01,1.014917716383934021e-01,-1.930567622184753418e-02,-1.179162692278623581e-02,-1.345373783260583878e-02,6.298822909593582153e-02,1.823008656501770020e-01,1.740622520446777344e-01,1.311235666275024414e+00,-3.190398588776588440e-02,8.416467159986495972e-02,-5.782901123166084290e-02,3.079202026128768921e-02,-1.806020438671112061e-01,-1.053716316819190979e-01,1.296513915061950684e+00,2.662150934338569641e-02,1.823874190449714661e-02,-8.984684199094772339e-02
-1.961537450551986694e-01,7.154256850481033325e-02,8.697060942649841309e-01,1.631280611036345363e-04,-1.287268567830324173e-02,6.960421800613403320e-01,-7.178854942321777344e-01,3.071480989456176758e-02,-5.819494649767875671e-02,9.416817128658294678e-02,5.274463072419166565e-02,-3.105818992480635643e-03,-2.138464897871017456e-02,-1.418780069798231125e-02,-1.314595192670822144e-01,-1.844662614166736603e-02,2.928157448768615723e-01,-2.248750478029251099e-01,9.735579788684844971e-02,-1.690589822828769684e-02,-1.395811140537261963e-02,-1.688712462782859802e-02,6.321515142917633057e-02,1.778545379638671875e-01,1.808509975671768188e-01,1.313405036926269531e+00,-3.354411944746971130e-02,8.624318987131118774e-02,-5.763463303446769714e-02,3.354621678590774536e-02,-1.815122514963150024e-01,-1.024052798748016357e-01,1.297248721122741699e+00,2.594243735074996948e-02,1.714597269892692566e-02,-8.786811679601669312e-02
-1.967835575342178345e-01,7.262578606605529785e-02,8.693498373031616211e-01,-2.474829787388443947e-03,-1.449070498347282410e-02,6.954230070114135742e-01,-7.184501886367797852e-01,3.025924786925315857e-02,-6.167590990662574768e-02,1.007860079407691956e-01,4.582715034484863281e-02,-4.021455533802509308e-03,-2.691797725856304169e-02,-2.785950200632214546e-03,-1.234781667590141296e-01,-1.609506085515022278e-02,2.598396241664886475e-01,-1.960298120975494385e-01,1.002268195152282715e-01,-1.472340058535337448e-02,-1.674568466842174530e-02,-1.947469823062419891e-02,6.363392621278762817e-02,1.760614067316055298e-01,1.827391088008880615e-01,1.312802314758300781e+00,-3.754508122801780701e-02,8.468333631753921509e-02,-5.599775165319442749e-02,3.535022586584091187e-02,-1.810960918664932251e-01,-9.955144673585891724e-02,1.298160672187805176e+00,2.650879882276058197e-02,1.504576951265335083e-02,-8.605916798114776611e-02
-1.986302882432937622e-01,7.380108535289764404e-02,8.688470125198364258e-01,-6.195645779371261597e-03,-1.659713499248027802e-02,6.944127082824707031e-01,-7.193588614463806152e-01,3.057690523564815521e-02,-6.869082152843475342e-02,1.075502485036849976e-01,4.069055989384651184e-02,-4.932552576065063477e-03,-3.260822594165802002e-02,6.667417939752340317e-03,-1.142754927277565002e-01,-1.651854440569877625e-02,2.169391065835952759e-01,-1.436009705066680908e-01,2.855058945715427399e-02,-1.096788328140974045e-02,-2.020380832254886627e-02,-2.278906852006912231e-02,6.507308036088943481e-02,1.762958914041519165e-01,1.822040230035781860e-01,1.308895707130432129e+00,-4.040687903761863708e-02,7.906083017587661743e-02,-5.284460261464118958e-02,3.715897351503372192e-02,-1.773878931999206543e-01,-9.809114784002304077e-02,1.299736261367797852e+00,2.578242123126983643e-02,1.040868926793336868e-02,-8.481031656265258789e-02
-2.016828954219818115e-01,7.484642416238784790e-02,8.684388995170593262e-01,-8.990881964564323425e-03,-1.825153082609176636e-02,6.942098140716552734e-01,-7.194850444793701172e-01,3.296381235122680664e-02,-7.473789900541305542e-02,1.125865504145622253e-01,3.768405690789222717e-02,-4.109579604119062424e-03,-3.661540150642395020e-02,9.885988198220729828e-03,-1.054468601942062378e-01,-1.392188668251037598e-02,1.853118240833282471e-01,-1.244575157761573792e-01,1.755979843437671661e-02,-7.362250704318284988e-03,-2.099954895675182343e-02,-2.543416805565357208e-02,6.757859885692596436e-02,1.784338802099227905e-01,1.852714121341705322e-01,1.302685379981994629e+00,-3.828469663858413696e-02,7.074027508497238159e-02,-4.889547079801559448e-02,3.825962543487548828e-02,-1.717905253171920776e-01,-9.866809844970703125e-02,1.300770521163940430e+00,2.542284503579139709e-02,6.955085787922143936e-03,-8.346507698297500610e-02
-2.048642784357070923e-01,7.573519647121429443e-02,8.679055571556091309e-01,-1.192685123533010483e-02,-1.996056549251079559e-02,6.950608491897583008e-01,-7.185747623443603516e-01,3.503260761499404907e-02,-7.871914654970169067e-02,1.190548017621040344e-01,3.097082115709781647e-02,-1.450081006623804569e-03,-3.893607854843139648e-02,1.150931976735591888e-02,-9.663850814104080200e-02,-1.161326933652162552e-02,1.539195626974105835e-01,-1.115582287311553955e-01,1.804660074412822723e-02,-2.294887090101838112e-03,-1.903947442770004272e-02,-2.936675958335399628e-02,7.232148200273513794e-02,1.807815730571746826e-01,1.925592869520187378e-01,1.294315338134765625e+00,-3.493754193186759949e-02,5.939621478319168091e-02,-4.470873624086380005e-02,4.067285358905792236e-02,-1.659450232982635498e-01,-9.791412949562072754e-02,1.301171183586120605e+00,2.709676511585712433e-02,5.613298621028661728e-03,-8.098378032445907593e-02
-2.090256959199905396e-01,7.680860161781311035e-02,8.673017024993896484e-01,-1.628560572862625122e-02,-2.240497805178165436e-02,6.969082355499267578e-01,-7.166252136230468750e-01,3.753609582781791687e-02,-8.549003303050994873e-02,1.306027173995971680e-01,2.373628318309783936e-02,1.465405104681849480e-03,-4.388599097728729248e-02,1.382555905729532242e-02,-8.769848197698593140e-02,-8.080381900072097778e-03,1.139289811253547668e-01,-8.954249322414398193e-02,1.480375323444604874e-02,5.924801807850599289e-03,-1.557441428303718567e-02,-3.666455298662185669e-02,7.960222661495208740e-02,1.822787225246429443e-01,2.079875916242599487e-01,1.281808376312255859e+00,-3.004096448421478271e-02,4.285900667309761047e-02,-3.997079282999038696e-02,4.365071654319763184e-02,-1.602938622236251831e-01,-9.128548949956893921e-02,1.301092982292175293e+00,2.843799814581871033e-02,9.593239985406398773e-03,-7.465717196464538574e-02
-2.120990604162216187e-01,7.768408209085464478e-02,8.672642707824707031e-01,-1.888537034392356873e-02,-2.361963130533695221e-02,6.970915794372558594e-01,-7.163439989089965820e-01,4.077957198023796082e-02,-9.706988930702209473e-02,1.405618041753768921e-01,3.435850888490676880e-02,-7.804551161825656891e-03,-4.916475340723991394e-02,1.643815822899341583e-02,-8.150320500135421753e-02,-4.023055080324411392e-03,8.738680928945541382e-02,-6.941460072994232178e-02,6.066495086997747421e-03,1.221189182251691818e-02,-1.848559081554412842e-02,-3.973013162612915039e-02,8.474072068929672241e-02,1.807007342576980591e-01,2.235286384820938110e-01,1.273314476013183594e+00,-2.458629012107849121e-02,3.289345651865005493e-02,-3.768414631485939026e-02,4.350702837109565735e-02,-1.586919128894805908e-01,-7.997618615627288818e-02,1.301232099533081055e+00,2.502756193280220032e-02,1.645660772919654846e-02,-6.743694841861724854e-02
-2.147162258625030518e-01,7.861842215061187744e-02,8.676486015319824219e-01,-2.097321301698684692e-02,-2.393303252756595612e-02,6.950645446777343750e-01,-7.182427048683166504e-01,4.412249475717544556e-02,-1.165981888771057129e-01,1.457777917385101318e-01,6.481578946113586426e-02,-3.723466768860816956e-02,-5.539912730455398560e-02,1.714686863124370575e-02,-7.408031076192855835e-02,-5.726876202970743179e-03,6.308402866125106812e-02,-5.093286558985710144e-02,3.339143586345016956e-04,1.847614534199237823e-02,-2.773932740092277527e-02,-4.039863497018814087e-02,9.105516970157623291e-02,1.764971762895584106e-01,2.426128834486007690e-01,1.263898134231567383e+00,-1.672126911580562592e-02,2.470737881958484650e-02,-3.525666519999504089e-02,4.309083521366119385e-02,-1.596248447895050049e-01,-7.025587558746337891e-02,1.300189256668090820e+00,2.182913199067115784e-02,2.141047269105911255e-02,-6.281237304210662842e-02
-2.174002826213836670e-01,7.978263497352600098e-02,8.685355782508850098e-01,-2.453041076660156250e-02,-2.413850091397762299e-02,6.894973516464233398e-01,-7.234700918197631836e-01,4.949999600648880005e-02,-1.537214517593383789e-01,1.375241577625274658e-01,1.285710632801055908e-01,-1.063376441597938538e-01,-9.437726438045501709e-02,1.514782477170228958e-02,-6.428305059671401978e-02,-1.244239043444395065e-02,3.154164180159568787e-02,-2.610723674297332764e-02,-5.314576439559459686e-03,2.455385774374008179e-02,-4.262619838118553162e-02,-4.335747659206390381e-02,9.687419980764389038e-02,1.725359559059143066e-01,2.534186244010925293e-01,1.253551483154296875e+00,-1.492842752486467361e-02,1.733136363327503204e-02,-2.908007055521011353e-02,4.727045446634292603e-02,-1.622520089149475098e-01,-7.182586938142776489e-02,1.295539021492004395e+00,2.043237350881099701e-02,2.242937125265598297e-02,-6.169545277953147888e-02
-2.187646329402923584e-01,8.004630357027053833e-02,8.690786957740783691e-01,-2.613053098320960999e-02,-2.313266880810260773e-02,6.853621006011962891e-01,-7.273656725883483887e-01,5.613556876778602600e-02,-1.802731454372406006e-01,1.173854172229766846e-01,1.833107918500900269e-01,-1.523441672325134277e-01,-1.235666200518608093e-01,1.292318850755691528e-02,-5.153840780258178711e-02,-1.631869561970233917e-02,5.652711726725101471e-03,-9.250073693692684174e-03,-9.639181196689605713e-03,2.734579145908355713e-02,-5.032660067081451416e-02,-4.281714931130409241e-02,9.680239111185073853e-02,1.735388487577438354e-01,2.466904670000076294e-01,1.247257947921752930e+00,-2.027820982038974762e-02,1.303382311016321182e-02,-2.184514328837394714e-02,5.201328173279762268e-02,-1.667757481336593628e-01,-7.543084770441055298e-02,1.291522264480590820e+00,2.207602001726627350e-02,2.800300531089305878e-02,-6.090166047215461731e-02
-2.193945646286010742e-01,7.980512827634811401e-02,8.694548010826110840e-01,-2.666669338941574097e-02,-2.167619019746780396e-02,6.831203103065490723e-01,-7.294968962669372559e-01,6.696335971355438232e-02,-1.999270021915435791e-01,9.207452833652496338e-02,2.307207286357879639e-01,-1.835587471723556519e-01,-1.076127588748931885e-01,1.084427163004875183e-02,-3.857857733964920044e-02,-1.754855364561080933e-02,-1.600269787013530731e-02,4.079400561749935150e-03,-1.210570614784955978e-02,2.912904508411884308e-02,-5.162526294589042664e-02,-4.108168929815292358e-02,9.502212703227996826e-02,1.763569563627243042e-01,2.384709417819976807e-01,1.238418459892272949e+00,-1.707846671342849731e-02,6.488349754363298416e-03,-1.344427932053804398e-02,5.661539360880851746e-02,-1.725129634141921997e-01,-7.590975612401962280e-02,1.289210677146911621e+00,2.743161097168922424e-02,3.437224775552749634e-02,-5.917924642562866211e-02
-2.194256484508514404e-01,7.883891463279724121e-02,8.696740865707397461e-01,-2.631302922964096069e-02,-2.014292590320110321e-02,6.836312413215637207e-01,-7.290748953819274902e-01,9.361939877271652222e-02,-2.122735828161239624e-01,8.958187699317932129e-02,2.701962888240814209e-01,-2.008802145719528198e-01,-9.423374384641647339e-02,9.160258807241916656e-03,-3.427831828594207764e-02,-1.481096819043159485e-02,-1.739999093115329742e-02,8.257509209215641022e-03,-1.234924420714378357e-02,3.156682476401329041e-02,-4.492988437414169312e-02,-3.881636261940002441e-02,9.289675951004028320e-02,1.802200824022293091e-01,2.379937171936035156e-01,1.222925782203674316e+00,3.747807350009679794e-03,-6.776785943657159805e-03,-9.442939423024654388e-03,6.036362797021865845e-02,-1.788268685340881348e-01,-7.219901680946350098e-02,1.291200041770935059e+00,3.018938004970550537e-02,3.648331761360168457e-02,-5.863019451498985291e-02
-2.192140370607376099e-01,7.751084119081497192e-02,8.695032596588134766e-01,-2.527656033635139465e-02,-1.969004608690738678e-02,6.858922243118286133e-01,-7.269974350929260254e-01,1.237632855772972107e-01,-2.109800130128860474e-01,1.055388674139976501e-01,2.789702713489532471e-01,-1.875537037849426270e-01,-7.438392192125320435e-02,1.011312007904052734e-02,-3.120731003582477570e-02,-1.247555576264858246e-02,-1.740000024437904358e-02,7.936380803585052490e-03,-1.442089676856994629e-02,3.392840549349784851e-02,-3.778428211808204651e-02,-3.829528391361236572e-02,9.377671778202056885e-02,1.825938522815704346e-01,2.460844218730926514e-01,1.211220145225524902e+00,9.239565581083297729e-03,-1.507522352039813995e-02,-8.064941503107547760e-03,6.096523255109786987e-02,-1.809450387954711914e-01,-6.777227669954299927e-02,1.297303915023803711e+00,2.784550748765468597e-02,2.917123399674892426e-02,-5.857403203845024109e-02
-2.187251746654510498e-01,7.564062625169754028e-02,8.692291378974914551e-01,-2.355691976845264435e-02,-1.919942721724510193e-02,6.882754564285278320e-01,-7.248126268386840820e-01,1.578063964843750000e-01,-2.014181166887283325e-01,1.276426315307617188e-01,2.721117436885833740e-01,-1.576678305864334106e-01,-4.933696240186691284e-02,1.174832787364721298e-02,-2.641931921243667603e-02,-1.231451798230409622e-02,-1.740000024437904358e-02,5.811159964650869370e-03,-1.583670638501644135e-02,3.576240316033363342e-02,-3.250265866518020630e-02,-3.806800767779350281e-02,9.682782739400863647e-02,1.848439425230026245e-01,2.572755217552185059e-01,1.200601935386657715e+00,6.752116139978170395e-03,-2.238572388887405396e-02,-1.059969421476125717e-02,5.999873578548431396e-02,-1.807480454444885254e-01,-6.458505988121032715e-02,1.305987358093261719e+00,2.765641547739505768e-02,1.960615068674087524e-02,-5.699753388762474060e-02
-2.169199883937835693e-01,7.313212007284164429e-02,8.688480257987976074e-01,-2.145168930292129517e-02,-1.891295984387397766e-02,6.904044747352600098e-01,-7.228580713272094727e-01,2.018710076808929443e-01,-1.828778088092803955e-01,1.624807268381118774e-01,2.488409131765365601e-01,-1.244324743747711182e-01,-3.900681436061859131e-02,1.246265973895788193e-02,-2.051309123635292053e-02,-1.610616967082023621e-02,-1.740000024437904358e-02,3.366983495652675629e-03,-1.482048723846673965e-02,3.752984106540679932e-02,-3.131578862667083740e-02,-3.954549133777618408e-02,1.014620438218116760e-01,1.871425658464431763e-01,2.701435685157775879e-01,1.189494132995605469e+00,8.411679416894912720e-03,-2.754550613462924957e-02,-8.934058248996734619e-03,5.728974193334579468e-02,-1.800316125154495239e-01,-6.348175555467605591e-02,1.316502571105957031e+00,2.977543696761131287e-02,4.956574179232120514e-03,-5.267823487520217896e-02
-2.145134061574935913e-01,7.139783352613449097e-02,8.686698675155639648e-01,-2.022308483719825745e-02,-1.918913796544075012e-02,6.909152865409851074e-01,-7.223979830741882324e-01,2.313001751899719238e-01,-1.678922623395919800e-01,1.813551485538482666e-01,2.263426035642623901e-01,-1.101286187767982483e-01,-4.030698910355567932e-02,1.162146124988794327e-02,-1.701914705336093903e-02,-1.787085831165313721e-02,-1.740000024437904358e-02,1.834470778703689575e-03,-1.382034830749034882e-02,3.836104646325111389e-02,-3.450004756450653076e-02,-4.232675209641456604e-02,1.034776940941810608e-01,1.876237541437149048e-01,2.746115624904632568e-01,1.186818242073059082e+00,8.291879668831825256e-03,-2.670077048242092133e-02,-9.330306202173233032e-03,5.660079419612884521e-02,-1.812600344419479370e-01,-6.583314388990402222e-02,1.320427656173706055e+00,3.310063853859901428e-02,-3.606585552915930748e-03,-5.389929935336112976e-02
-2.110406309366226196e-01,6.973856687545776367e-02,8.685308098793029785e-01,-1.919928193092346191e-02,-1.950762048363685608e-02,6.907529830932617188e-01,-7.225725650787353516e-01,2.561625540256500244e-01,-1.533273011445999146e-01,1.934802532196044922e-01,2.024874538183212280e-01,-9.602034837007522583e-02,-3.971638157963752747e-02,9.012556634843349457e-03,-1.364310085773468018e-02,-1.832897216081619263e-02,-1.740000024437904358e-02,-4.326634807512164116e-04,-1.164516434073448181e-02,3.782795742154121399e-02,-3.876974061131477356e-02,-4.459509253501892090e-02,1.030722633004188538e-01,1.872289329767227173e-01,2.761029899120330811e-01,1.189146995544433594e+00,8.435925468802452087e-03,-2.233330532908439636e-02,-1.118600368499755859e-02,5.671341717243194580e-02,-1.830453276634216309e-01,-7.183700799942016602e-02,1.321365594863891602e+00,3.336476162075996399e-02,-6.928432732820510864e-03,-5.486203357577323914e-02
-2.049389928579330444e-01,6.726741790771484375e-02,8.682456612586975098e-01,-1.786672137677669525e-02,-1.977078244090080261e-02,6.901032924652099609e-01,-7.232201099395751953e-01,2.825208902359008789e-01,-1.350961774587631226e-01,2.061329632997512817e-01,1.724464148283004761e-01,-6.480176001787185669e-02,-4.108772799372673035e-02,3.133228281512856483e-03,-8.298228494822978973e-03,-1.845650747418403625e-02,-1.740000024437904358e-02,-4.681525751948356628e-03,-6.849523633718490601e-03,3.635370358824729919e-02,-4.423235729336738586e-02,-4.645695164799690247e-02,1.009020730853080750e-01,1.879566907882690430e-01,2.743597328662872314e-01,1.193397045135498047e+00,7.214039564132690430e-03,-1.767113059759140015e-02,-9.454015642404556274e-03,5.878623202443122864e-02,-1.869533360004425049e-01,-7.988855242729187012e-02,1.319993615150451660e+00,3.633444383740425110e-02,-5.931834690272808075e-03,-5.718298628926277161e-02
-1.990627348423004150e-01,6.546662747859954834e-02,8.679698109626770020e-01,-1.674908213317394257e-02,-2.002645097672939301e-02,6.899566650390625000e-01,-7.233797311782836914e-01,2.974328398704528809e-01,-1.226840615272521973e-01,2.116432934999465942e-01,1.534435898065567017e-01,-4.028829559683799744e-02,-4.116906598210334778e-02,-2.875583246350288391e-03,-4.339216277003288269e-03,-2.068267017602920532e-02,-1.740000024437904358e-02,-7.255941629409790039e-03,-2.340422710403800011e-03,3.577638044953346252e-02,-4.600664228200912476e-02,-4.750485718250274658e-02,9.789688885211944580e-02,1.873522847890853882e-01,2.733348011970520020e-01,1.196756839752197266e+00,9.055464528501033783e-03,-1.532161515206098557e-02,-7.179126609116792679e-03,6.146354973316192627e-02,-1.912271678447723389e-01,-8.297643810510635376e-02,1.318781256675720215e+00,3.845698758959770203e-02,-3.566573373973369598e-03,-5.788577347993850708e-02
-1.919472515583038330e-01,6.383184343576431274e-02,8.675507903099060059e-01,-1.570618525147438049e-02,-2.056311443448066711e-02,6.902368068695068359e-01,-7.231207489967346191e-01,3.077679276466369629e-01,-1.122046709060668945e-01,2.074230611324310303e-01,1.379082649946212769e-01,-1.490923389792442322e-02,-3.329292684793472290e-02,-1.031625084578990936e-02,-1.088271848857402802e-03,-2.557527087628841400e-02,-1.740000024437904358e-02,-1.047155633568763733e-02,4.266126547008752823e-03,3.578691184520721436e-02,-4.477709904313087463e-02,-4.883055388927459717e-02,9.408277273178100586e-02,1.868700087070465088e-01,2.722925245761871338e-01,1.198603391647338867e+00,1.188656874001026154e-02,-1.412479858845472336e-02,-5.279285833239555359e-03,6.463332474231719971e-02,-1.964647024869918823e-01,-8.475806564092636108e-02,1.317929863929748535e+00,3.946039080619812012e-02,-1.673934049904346466e-03,-5.732583254575729370e-02
-1.804298460483551025e-01,6.185334920883178711e-02,8.668436408042907715e-01,-1.413027197122573853e-02,-2.102323062717914581e-02,6.914268732070922852e-01,-7.220022082328796387e-01,3.125875294208526611e-01,-9.802919626235961914e-02,1.917601227760314941e-01,1.180455759167671204e-01,1.037920452654361725e-02,-2.583674341440200806e-02,-2.311126701533794403e-02,3.455883124843239784e-03,-3.190144896507263184e-02,-1.740000024437904358e-02,-1.318101491779088974e-02,1.415760442614555359e-02,3.536178171634674072e-02,-3.906720876693725586e-02,-4.990411177277565002e-02,8.961307257413864136e-02,1.837812811136245728e-01,2.767628431320190430e-01,1.199758529663085938e+00,1.647449098527431488e-02,-1.223863847553730011e-02,-7.199655286967754364e-03,6.800610572099685669e-02,-2.026267200708389282e-01,-8.365675806999206543e-02,1.320248246192932129e+00,3.902071714401245117e-02,-2.134934067726135254e-03,-5.591307580471038818e-02
-1.701847016811370850e-01,6.052206456661224365e-02,8.661449551582336426e-01,-1.310591027140617371e-02,-2.145751379430294037e-02,6.928127408027648926e-01,-7.206790447235107422e-01,3.095838725566864014e-01,-8.860986679792404175e-02,1.740391552448272705e-01,1.049039810895919800e-01,2.177773788571357727e-02,-2.716060914099216461e-02,-3.532944619655609131e-02,6.212125997990369797e-03,-3.779818117618560791e-02,-1.740000024437904358e-02,-1.486353203654289246e-02,2.489770762622356415e-02,3.474819660186767578e-02,-3.361830487847328186e-02,-5.117696896195411682e-02,8.862490206956863403e-02,1.801897585391998291e-01,2.835241258144378662e-01,1.198588132858276367e+00,1.689021848142147064e-02,-1.093505043536424637e-02,-1.052414532750844955e-02,6.942735612392425537e-02,-2.067442983388900757e-01,-8.098617196083068848e-02,1.323898553848266602e+00,3.888907283544540405e-02,-5.615269765257835388e-03,-5.462860688567161560e-02
-1.582945585250854492e-01,5.924544855952262878e-02,8.652707338333129883e-01,-1.247709896415472031e-02,-2.131142094731330872e-02,6.941054463386535645e-01,-7.194496393203735352e-01,2.995971143245697021e-01,-8.048627525568008423e-02,1.522400081157684326e-01,9.387803077697753906e-02,2.629741653800010681e-02,-5.884267389774322510e-02,-5.152785032987594604e-02,9.387147612869739532e-03,-4.559515416622161865e-02,-1.740000024437904358e-02,-1.707816869020462036e-02,3.842359408736228943e-02,3.239187598228454590e-02,-2.821015380322933197e-02,-5.229665338993072510e-02,8.967845886945724487e-02,1.771449744701385498e-01,2.874284982681274414e-01,1.196634173393249512e+00,1.473445445299148560e-02,-9.774832986295223236e-03,-1.329203229397535324e-02,6.895408779382705688e-02,-2.091939598321914673e-01,-7.974421977996826172e-02,1.329318165779113770e+00,3.815139457583427429e-02,-1.132884807884693146e-02,-5.353452265262603760e-02
-1.408187747001647949e-01,5.753908306360244751e-02,8.635690212249755859e-01,-1.096452306956052780e-02,-2.076837047934532166e-02,6.953119039535522461e-01,-7.183243036270141602e-01,2.826045751571655273e-01,-7.249251008033752441e-02,1.346216946840286255e-01,8.958180248737335205e-02,2.699378132820129395e-02,-1.229724436998367310e-01,-7.474587112665176392e-02,1.432771794497966766e-02,-5.712605267763137817e-02,-1.556533202528953552e-02,-1.914420351386070251e-02,5.761831253767013550e-02,2.950500883162021637e-02,-2.349401265382766724e-02,-5.220241099596023560e-02,9.287852048873901367e-02,1.742676496505737305e-01,2.869866788387298584e-01,1.192957162857055664e+00,1.123056374490261078e-02,-1.000179164111614227e-02,-1.521411258727312088e-02,6.702676415443420410e-02,-2.110248059034347534e-01,-8.256326615810394287e-02,1.335668802261352539e+00,3.887619450688362122e-02,-2.128263749182224274e-02,-5.275876447558403015e-02
-1.263017505407333374e-01,5.653849989175796509e-02,8.620386719703674316e-01,-9.985009208321571350e-03,-2.050377801060676575e-02,6.960285305976867676e-01,-7.176519036293029785e-01,2.658165693283081055e-01,-6.870781630277633667e-02,1.289502233266830444e-01,9.169236570596694946e-02,1.543793734163045883e-02,-1.630322933197021484e-01,-9.429579973220825195e-02,1.413145754486322403e-02,-6.623106449842453003e-02,-8.406396955251693726e-03,-1.913855969905853271e-02,7.372190803289413452e-02,2.643669955432415009e-02,-2.096541225910186768e-02,-5.248104035854339600e-02,9.618931263685226440e-02,1.727219223976135254e-01,2.838497161865234375e-01,1.191184639930725098e+00,1.043250225484371185e-02,-1.087365858256816864e-02,-1.601541601121425629e-02,6.483714282512664795e-02,-2.112612724304199219e-01,-8.686111122369766235e-02,1.338980436325073242e+00,4.078703746199607849e-02,-2.603409066796302795e-02,-5.289075151085853577e-02
-1.102637797594070435e-01,5.609383806586265564e-02,8.606668114662170410e-01,-9.573771618306636810e-03,-2.011083252727985382e-02,6.965876817703247070e-01,-7.171258330345153809e-01,2.444866895675659180e-01,-6.777330487966537476e-02,1.220383271574974060e-01,9.758339822292327881e-02,-1.180230174213647842e-02,-1.571890413761138916e-01,-1.169561818242073059e-01,1.162169221788644791e-02,-7.602395117282867432e-02,2.095405216095969081e-04,-1.360162906348705292e-02,9.077686816453933716e-02,2.110291086137294769e-02,-1.850599609315395355e-02,-5.252759531140327454e-02,9.822662174701690674e-02,1.707034558057785034e-01,2.810152471065521240e-01,1.192133903503417969e+00,1.251279469579458237e-02,-1.105000171810388565e-02,-1.638976112008094788e-02,6.177791953086853027e-02,-2.114151865243911743e-01,-8.987689763307571411e-02,1.340305924415588379e+00,4.288246855139732361e-02,-2.739616297185420990e-02,-5.295588821172714233e-02
-8.783381432294845581e-02,5.637064203619956970e-02,8.599602580070495605e-01,-9.949469938874244690e-03,-1.983082108199596405e-02,6.971168518066406250e-01,-7.166141271591186523e-01,2.133100032806396484e-01,-7.544235140085220337e-02,1.150518283247947693e-01,1.127667948603630066e-01,-3.968567028641700745e-02,-1.383121013641357422e-01,-1.496019810438156128e-01,2.077106619253754616e-03,-8.513741940259933472e-02,1.742124184966087341e-02,3.311349311843514442e-03,1.135476380586624146e-01,1.096361689269542694e-02,-1.620140112936496735e-02,-5.176547542214393616e-02,9.752943366765975952e-02,1.674906015396118164e-01,2.785779535770416260e-01,1.199290275573730469e+00,1.298553775995969772e-02,-5.976516753435134888e-03,-1.916444487869739532e-02,5.460878461599349976e-02,-2.087832689285278320e-01,-9.630532562732696533e-02,1.338679552078247070e+00,4.289950430393218994e-02,-2.713454887270927429e-02,-5.449610948562622070e-02
-7.147261500358581543e-02,5.674793198704719543e-02,8.608205318450927734e-01,-9.892657399177551270e-03,-1.924693211913108826e-02,6.980301141738891602e-01,-7.157413363456726074e-01,1.899446994066238403e-01,-8.266683667898178101e-02,1.090249121189117432e-01,1.271051168441772461e-01,-5.116117000579833984e-02,-1.234502792358398438e-01,-1.735829114913940430e-01,-1.049156393855810165e-02,-8.827046304941177368e-02,3.925722837448120117e-02,2.454869449138641357e-02,1.260380446910858154e-01,2.178662689402699471e-03,-1.298505626618862152e-02,-4.951448738574981689e-02,9.613715112209320068e-02,1.682929098606109619e-01,2.732392847537994385e-01,1.208255529403686523e+00,8.854866027832031250e-03,-5.596086339210160077e-05,-2.200781553983688354e-02,4.717936366796493530e-02,-2.005352973937988281e-01,-1.035386696457862854e-01,1.338336586952209473e+00,4.528857022523880005e-02,-2.891710214316844940e-02,-6.140408664941787720e-02
-5.533368512988090515e-02,5.709748715162277222e-02,8.623026609420776367e-01,-9.417298249900341034e-03,-1.889675483107566833e-02,7.006425261497497559e-01,-7.132000327110290527e-01,1.665194183588027954e-01,-8.304999023675918579e-02,1.016152054071426392e-01,1.310370862483978271e-01,-5.823180824518203735e-02,-1.053979024291038513e-01,-1.962486803531646729e-01,-3.089889325201511383e-02,-8.873591572046279907e-02,7.247990369796752930e-02,4.698875918984413147e-02,1.305873841047286987e-01,-4.634163808077573776e-03,-6.344611290842294693e-03,-4.749337583780288696e-02,9.434482455253601074e-02,1.717565059661865234e-01,2.624975442886352539e-01,1.218721508979797363e+00,3.335740184411406517e-03,7.012530695647001266e-03,-2.092829719185829163e-02,4.142409190535545349e-02,-1.914465278387069702e-01,-1.113888546824455261e-01,1.336098909378051758e+00,4.723184555768966675e-02,-2.807166241109371185e-02,-6.667815148830413818e-02
-3.444210812449455261e-02,5.781269818544387817e-02,8.643654584884643555e-01,-9.205082431435585022e-03,-1.986179314553737640e-02,7.055928111076354980e-01,-7.082793116569519043e-01,1.375257968902587891e-01,-7.688973844051361084e-02,9.549734741449356079e-02,1.200036108493804932e-01,-6.348720937967300415e-02,-8.297844231128692627e-02,-2.228457927703857422e-01,-6.953325122594833374e-02,-8.912853151559829712e-02,1.292768418788909912e-01,7.504975050687789917e-02,1.283994317054748535e-01,-9.115986526012420654e-03,2.869673538953065872e-03,-4.736085608601570129e-02,9.190548956394195557e-02,1.790068596601486206e-01,2.426775246858596802e-01,1.231044173240661621e+00,-3.821758786216378212e-03,1.655520498752593994e-02,-1.815308816730976105e-02,3.549588844180107117e-02,-1.850677281618118286e-01,-1.160185635089874268e-01,1.327575922012329102e+00,4.671450331807136536e-02,-1.644069515168666840e-02,-6.642255187034606934e-02
-1.947062462568283081e-02,5.848493054509162903e-02,8.656742572784423828e-01,-8.407892659306526184e-03,-2.006058767437934875e-02,7.089984416961669922e-01,-7.048745155334472656e-01,1.172677874565124512e-01,-6.883946061134338379e-02,9.605105221271514893e-02,1.071561872959136963e-01,-6.430444121360778809e-02,-6.855423003435134888e-02,-2.385932654142379761e-01,-9.851056337356567383e-02,-1.021802872419357300e-01,1.763897240161895752e-01,8.431041985750198364e-02,1.111175566911697388e-01,-1.085068099200725555e-02,7.347784470766782761e-03,-4.523694515228271484e-02,8.938800543546676636e-02,1.836469322443008423e-01,2.328198105096817017e-01,1.238798141479492188e+00,-9.542888961732387543e-03,2.195570617914199829e-02,-1.969571597874164581e-02,3.094434551894664764e-02,-1.851743459701538086e-01,-1.117412522435188293e-01,1.318719267845153809e+00,4.338479042053222656e-02,-2.917978679761290550e-03,-6.608633697032928467e-02
-5.737594794481992722e-03,5.945983529090881348e-02,8.668099045753479004e-01,-7.433309219777584076e-03,-1.994087733328342438e-02,7.114160060882568359e-01,-7.024488449096679688e-01,9.870838373899459839e-02,-6.243569776415824890e-02,9.966375678777694702e-02,9.627441316843032837e-02,-6.208081543445587158e-02,-5.387865379452705383e-02,-2.490399628877639771e-01,-1.274351477622985840e-01,-1.250558346509933472e-01,2.295547723770141602e-01,7.157181203365325928e-02,5.597640201449394226e-02,-1.298162713646888733e-02,8.306556381285190582e-03,-4.274025931954383850e-02,8.705044537782669067e-02,1.866079866886138916e-01,2.314970642328262329e-01,1.246676683425903320e+00,-1.099089905619621277e-02,2.741829678416252136e-02,-2.287186309695243835e-02,2.556983008980751038e-02,-1.844738721847534180e-01,-1.068316176533699036e-01,1.310523033142089844e+00,2.765668928623199463e-02,5.805325694382190704e-03,-7.128104567527770996e-02
9.003938175737857819e-03,6.079566106200218201e-02,8.681683540344238281e-01,-5.583975464105606079e-03,-1.988857798278331757e-02,7.132727503776550293e-01,-7.005820870399475098e-01,7.969012856483459473e-02,-5.229736119508743286e-02,1.033463627099990845e-01,7.844592630863189697e-02,-5.410603806376457214e-02,-3.860800340771675110e-02,-2.486566305160522461e-01,-1.639094948768615723e-01,-1.422664523124694824e-01,3.069365918636322021e-01,1.362256426364183426e-02,-8.780417032539844513e-03,-1.455168239772319794e-02,5.616246722638607025e-03,-3.869042173027992249e-02,8.567479997873306274e-02,1.904663741588592529e-01,2.347714006900787354e-01,1.256431698799133301e+00,-1.519799977540969849e-02,3.703045472502708435e-02,-2.826258540153503418e-02,2.029431238770484924e-02,-1.791474968194961548e-01,-1.092986389994621277e-01,1.302191376686096191e+00,1.428798399865627289e-02,7.798739243298768997e-03,-7.503251731395721436e-02
1.768866367638111115e-02,6.143222004175186157e-02,8.691682815551757812e-01,-3.963940311223268509e-03,-1.960522308945655823e-02,7.137927412986755371e-01,-7.000713348388671875e-01,6.824290752410888672e-02,-4.267568141222000122e-02,1.022133007645606995e-01,6.226757541298866272e-02,-4.366916418075561523e-02,-3.048859536647796631e-02,-2.354412078857421875e-01,-1.863859295845031738e-01,-1.412144154310226440e-01,3.590913414955139160e-01,-3.465440869331359863e-02,-1.407293975353240967e-02,-1.549355313181877136e-02,1.889013336040079594e-03,-3.521503508090972900e-02,8.472449332475662231e-02,1.938188821077346802e-01,2.367839068174362183e-01,1.264285802841186523e+00,-2.527091465890407562e-02,4.355668649077415466e-02,-3.090590611100196838e-02,1.889312639832496643e-02,-1.739820539951324463e-01,-1.141120940446853638e-01,1.297416806221008301e+00,1.822600886225700378e-02,1.189160253852605820e-02,-8.097397536039352417e-02
2.505380287766456604e-02,6.152065470814704895e-02,8.700301647186279297e-01,-2.221986418589949608e-03,-1.887409016489982605e-02,7.138013839721679688e-01,-7.000902891159057617e-01,5.809918791055679321e-02,-3.162016719579696655e-02,9.697399288415908813e-02,4.559132829308509827e-02,-3.096227347850799561e-02,-2.577172406017780304e-02,-2.113431692123413086e-01,-2.030435800552368164e-01,-1.280729025602340698e-01,4.007565677165985107e-01,-7.500082999467849731e-02,-5.376981571316719055e-03,-1.672159321606159210e-02,-1.791431219317018986e-03,-3.193643316626548767e-02,8.362302929162979126e-02,1.969504207372665405e-01,2.357598096132278442e-01,1.271748065948486328e+00,-3.496058657765388489e-02,4.845964908599853516e-02,-3.177832439541816711e-02,1.978204585611820221e-02,-1.708449274301528931e-01,-1.164382845163345337e-01,1.292603254318237305e+00,1.784444600343704224e-02,1.719048991799354553e-02,-8.031810075044631958e-02
3.337547555565834045e-02,6.097960844635963440e-02,8.707398772239685059e-01,-4.168289015069603920e-04,-1.764446496963500977e-02,7.128036618232727051e-01,-7.011414766311645508e-01,4.598097130656242371e-02,-1.965892501175403595e-02,8.605958521366119385e-02,2.908596768975257874e-02,-1.692766696214675903e-02,-2.077615261077880859e-02,-1.684475392103195190e-01,-2.138638645410537720e-01,-9.815310686826705933e-02,4.322267174720764160e-01,-1.152372732758522034e-01,3.044860064983367920e-02,-1.885747164487838745e-02,-7.607017643749713898e-03,-2.938744425773620605e-02,8.370824903249740601e-02,1.999358832836151123e-01,2.332471013069152832e-01,1.278566479682922363e+00,-4.135744646191596985e-02,5.692375078797340393e-02,-3.249644115567207336e-02,2.422692812979221344e-02,-1.698456257581710815e-01,-1.151615828275680542e-01,1.286374449729919434e+00,1.816396415233612061e-02,2.651157602667808533e-02,-7.930650562047958374e-02
3.889455273747444153e-02,6.038578227162361145e-02,8.708817958831787109e-01,-2.436068143651937135e-06,-1.708170957863330841e-02,7.115105986595153809e-01,-7.024676799774169922e-01,3.770532831549644470e-02,-1.602781191468238831e-02,7.819614559412002563e-02,2.415777184069156647e-02,-1.131919212639331818e-02,-1.804165542125701904e-02,-1.343852281570434570e-01,-2.139120846986770630e-01,-7.182434946298599243e-02,4.373220801353454590e-01,-1.427044272422790527e-01,6.140014529228210449e-02,-2.061584778130054474e-02,-1.027406100183725357e-02,-3.000622056424617767e-02,8.415524661540985107e-02,2.011807709932327271e-01,2.312266826629638672e-01,1.281838655471801758e+00,-4.008669778704643250e-02,6.152931600809097290e-02,-3.368704766035079956e-02,3.026008233428001404e-02,-1.702188402414321899e-01,-1.160425543785095215e-01,1.282160878181457520e+00,1.642530970275402069e-02,3.270293399691581726e-02,-7.923659682273864746e-02
4.376860707998275757e-02,6.009805575013160706e-02,8.708116412162780762e-01,-4.932245938107371330e-04,-1.704960688948631287e-02,7.104225158691406250e-01,-7.035686969757080078e-01,3.031254000961780548e-02,-1.705901511013507843e-02,7.284498959779739380e-02,2.444606460630893707e-02,-1.032205577939748764e-02,-1.642446406185626984e-02,-1.019942164421081543e-01,-2.083622813224792480e-01,-4.818363115191459656e-02,4.272753298282623291e-01,-1.771611720323562622e-01,8.227873593568801880e-02,-2.243068255484104156e-02,-1.174707617610692978e-02,-3.229145705699920654e-02,8.485504984855651855e-02,2.017249166965484619e-01,2.318713068962097168e-01,1.283791661262512207e+00,-3.847380727529525757e-02,6.262259185314178467e-02,-3.366671875119209290e-02,3.608740866184234619e-02,-1.704791039228439331e-01,-1.166480034589767456e-01,1.279429793357849121e+00,1.548231020569801331e-02,3.652371093630790710e-02,-7.960710674524307251e-02
4.900130257010459900e-02,5.962787941098213196e-02,8.706304430961608887e-01,-1.359614776447415352e-03,-1.671004854142665863e-02,7.091488242149353027e-01,-7.048594951629638672e-01,2.173484861850738525e-02,-2.078310586512088776e-02,6.973367929458618164e-02,3.006868064403533936e-02,-1.231873221695423126e-02,-1.602523028850555420e-02,-6.582162529230117798e-02,-1.932642310857772827e-01,-2.495366707444190979e-02,3.967976868152618408e-01,-1.996117681264877319e-01,9.547822922468185425e-02,-2.586246840655803680e-02,-1.184001937508583069e-02,-3.420503064990043640e-02,8.542033284902572632e-02,2.011995017528533936e-01,2.361323833465576172e-01,1.284310460090637207e+00,-3.689448535442352295e-02,6.124201789498329163e-02,-3.154447302222251892e-02,4.216568544507026672e-02,-1.699782162904739380e-01,-1.145421043038368225e-01,1.278257369995117188e+00,1.574458368122577667e-02,3.915425390005111694e-02,-7.898356020450592041e-02
5.184523016214370728e-02,5.925903841853141785e-02,8.703957200050354004e-01,-2.262623049318790436e-03,-1.676231995224952698e-02,7.081024050712585449e-01,-7.059071660041809082e-01,1.684613712131977081e-02,-2.396862022578716278e-02,6.782091408967971802e-02,3.395954892039299011e-02,-1.477056182920932770e-02,-1.639628224074840546e-02,-4.478837549686431885e-02,-1.806119680404663086e-01,-1.371559221297502518e-02,3.695314228534698486e-01,-2.085803002119064331e-01,9.848424047231674194e-02,-2.650280669331550598e-02,-1.225773338228464127e-02,-3.595029190182685852e-02,8.623757958412170410e-02,1.991592347621917725e-01,2.392090409994125366e-01,1.284662485122680664e+00,-3.620843961834907532e-02,6.089184433221817017e-02,-3.222813457250595093e-02,4.544597864151000977e-02,-1.700612902641296387e-01,-1.104380637407302856e-01,1.279413342475891113e+00,1.523716282099485397e-02,3.850597888231277466e-02,-7.759322971105575562e-02
5.362277850508689880e-02,5.880988761782646179e-02,8.702769279479980469e-01,-2.819065703079104424e-03,-1.657078787684440613e-02,7.072082757949829102e-01,-7.068054080009460449e-01,1.336442399770021439e-02,-2.428540587425231934e-02,6.620242446660995483e-02,3.432299569249153137e-02,-1.570915244519710541e-02,-1.810292154550552368e-02,-2.833553403615951538e-02,-1.666007339954376221e-01,-9.695887565612792969e-03,3.402683138847351074e-01,-2.094936966896057129e-01,9.552298486232757568e-02,-2.658079005777835846e-02,-1.143087260425090790e-02,-3.599291667342185974e-02,8.510642498731613159e-02,1.963888853788375854e-01,2.399766147136688232e-01,1.286453127861022949e+00,-3.730329871177673340e-02,6.212582811713218689e-02,-3.377174586057662964e-02,4.848634079098701477e-02,-1.702764779329299927e-01,-1.075721606612205505e-01,1.279817223548889160e+00,1.435603294521570206e-02,3.810147941112518311e-02,-7.577764987945556641e-02
5.499329045414924622e-02,5.824229121208190918e-02,8.701752424240112305e-01,-3.910382278263568878e-03,-1.659323461353778839e-02,7.064300775527954102e-01,-7.075775265693664551e-01,9.984105825424194336e-03,-2.466862648725509644e-02,6.608767807483673096e-02,3.295548260211944580e-02,-1.489566452801227570e-02,-2.073310129344463348e-02,-1.293830294162034988e-02,-1.455798149108886719e-01,-6.857074331492185593e-03,2.929951846599578857e-01,-2.040445655584335327e-01,8.611239492893218994e-02,-2.561800181865692139e-02,-9.555254131555557251e-03,-3.696611151099205017e-02,8.399386703968048096e-02,1.903107017278671265e-01,2.426351159811019897e-01,1.289429187774658203e+00,-3.578799217939376831e-02,6.442569941282272339e-02,-3.508725017309188843e-02,5.247356370091438293e-02,-1.716026514768600464e-01,-1.025897935032844543e-01,1.279376626014709473e+00,1.331179402768611908e-02,3.955660387873649597e-02,-7.208666205406188965e-02
5.530028045177459717e-02,5.790385603904724121e-02,8.700081706047058105e-01,-5.246045533567667007e-03,-1.685857027769088745e-02,7.059119939804077148e-01,-7.080794572830200195e-01,8.010616526007652283e-03,-2.605743706226348877e-02,6.563298404216766357e-02,3.191430494189262390e-02,-1.514005288481712341e-02,-2.535801753401756287e-02,-5.197663791477680206e-03,-1.307827383279800415e-01,-3.897428279742598534e-03,2.555070817470550537e-01,-1.982779055833816528e-01,8.518345654010772705e-02,-2.513290382921695709e-02,-8.049804717302322388e-03,-3.840248659253120422e-02,8.454854786396026611e-02,1.862750053405761719e-01,2.462672144174575806e-01,1.290011644363403320e+00,-3.452623635530471802e-02,6.518515199422836304e-02,-3.533610701560974121e-02,5.477001145482063293e-02,-1.724288463592529297e-01,-9.882674366235733032e-02,1.278279662132263184e+00,1.187458261847496033e-02,4.145803675055503845e-02,-6.978096067905426025e-02
5.505990236997604370e-02,5.723663046956062317e-02,8.698710799217224121e-01,-6.490663159638643265e-03,-1.722371391952037811e-02,7.055674195289611816e-01,-7.084037065505981445e-01,7.265054620802402496e-03,-2.680316567420959473e-02,6.641728430986404419e-02,3.050841577351093292e-02,-1.469972822815179825e-02,-2.827052026987075806e-02,4.626932204701006413e-04,-1.179879978299140930e-01,-8.970040944404900074e-04,2.205014526844024658e-01,-1.722017526626586914e-01,6.409700959920883179e-02,-2.358121238648891449e-02,-6.977309938520193100e-03,-3.963157162070274353e-02,8.680588752031326294e-02,1.833404004573822021e-01,2.506023645401000977e-01,1.288592934608459473e+00,-3.518831729888916016e-02,6.325513869524002075e-02,-3.515103086829185486e-02,5.572957918047904968e-02,-1.723194867372512817e-01,-9.539685398340225220e-02,1.277506113052368164e+00,1.130178291350603104e-02,4.158841446042060852e-02,-6.857966631650924683e-02
5.323245376348495483e-02,5.702300742268562317e-02,8.697016239166259766e-01,-8.642580360174179077e-03,-1.860280893743038177e-02,7.054452896118164062e-01,-7.084675431251525879e-01,8.730644360184669495e-03,-3.155740723013877869e-02,6.977260857820510864e-02,3.085383027791976929e-02,-1.700815930962562561e-02,-3.031123429536819458e-02,4.643271677196025848e-03,-1.065348163247108459e-01,-7.014395669102668762e-04,1.840174794197082520e-01,-1.305870860815048218e-01,2.525738440454006195e-02,-2.047534100711345673e-02,-5.366060882806777954e-03,-4.144441336393356323e-02,8.931984752416610718e-02,1.815054416656494141e-01,2.555041909217834473e-01,1.284396767616271973e+00,-3.606011718511581421e-02,5.814059451222419739e-02,-3.429715707898139954e-02,5.399673804640769958e-02,-1.695293933153152466e-01,-9.415009617805480957e-02,1.277283310890197754e+00,8.346253074705600739e-03,4.122741147875785828e-02,-6.777074187994003296e-02
5.065240710973739624e-02,5.711643025279045105e-02,8.694334626197814941e-01,-1.020225696265697479e-02,-1.949332654476165771e-02,7.056734561920166016e-01,-7.081955075263977051e-01,1.091133244335651398e-02,-3.647744655609130859e-02,7.265308499336242676e-02,3.341580182313919067e-02,-1.779355481266975403e-02,-2.859256044030189514e-02,7.364830002188682556e-03,-9.885191172361373901e-02,2.890291856601834297e-03,1.615825891494750977e-01,-1.149714440107345581e-01,1.838803291320800781e-02,-1.861850917339324951e-02,-3.787443740293383598e-03,-4.186258092522621155e-02,9.229422360658645630e-02,1.821471452713012695e-01,2.621245384216308594e-01,1.279140710830688477e+00,-3.315201401710510254e-02,5.309474095702171326e-02,-3.391816467046737671e-02,5.061273649334907532e-02,-1.648276895284652710e-01,-9.352284669876098633e-02,1.278231382369995117e+00,7.119166664779186249e-03,3.926471993327140808e-02,-6.848950684070587158e-02
4.747576639056205750e-02,5.735336616635322571e-02,8.690146207809448242e-01,-1.205574534833431244e-02,-2.046820335090160370e-02,7.052062749862670898e-01,-7.086041569709777832e-01,1.355192717164754868e-02,-4.497852548956871033e-02,7.231415808200836182e-02,4.091730713844299316e-02,-1.999359205365180969e-02,-2.550271712243556976e-02,1.051353756338357925e-02,-9.215385466814041138e-02,5.171247757971286774e-03,1.399296373128890991e-01,-9.997038543224334717e-02,1.101044379174709320e-02,-1.579543575644493103e-02,-4.201130010187625885e-03,-4.258622229099273682e-02,9.560760110616683960e-02,1.830619573593139648e-01,2.696619927883148193e-01,1.272894263267517090e+00,-3.018235787749290466e-02,4.736629873514175415e-02,-3.410175815224647522e-02,4.718567058444023132e-02,-1.598768234252929688e-01,-9.429188072681427002e-02,1.279224276542663574e+00,6.427335552871227264e-03,3.622144088149070740e-02,-7.011266797780990601e-02
4.233527928590774536e-02,5.843642354011535645e-02,8.684269785881042480e-01,-1.574266329407691956e-02,-2.253350242972373962e-02,7.024649381637573242e-01,-7.111873030662536621e-01,1.811267435550689697e-02,-6.713879108428955078e-02,6.842968612909317017e-02,6.348685175180435181e-02,-2.914291806519031525e-02,-2.503916248679161072e-02,1.558179780840873718e-02,-8.912287652492523193e-02,5.339414346963167191e-03,1.149069443345069885e-01,-7.401315122842788696e-02,-4.278731066733598709e-03,-1.267069205641746521e-02,-7.041009608656167984e-03,-4.398035258054733276e-02,9.509311616420745850e-02,1.856438368558883667e-01,2.757198214530944824e-01,1.266983032226562500e+00,-2.723477408289909363e-02,4.224628582596778870e-02,-3.617994487285614014e-02,4.318809136748313904e-02,-1.524599641561508179e-01,-1.012088730931282043e-01,1.279309153556823730e+00,7.368603721261024475e-03,3.350059315562248230e-02,-7.363523542881011963e-02
3.868995606899261475e-02,5.969845876097679138e-02,8.681640625000000000e-01,-1.864438690245151520e-02,-2.368530258536338806e-02,6.992443799972534180e-01,-7.142469286918640137e-01,2.071632631123065948e-02,-9.081289172172546387e-02,6.521752476692199707e-02,9.257514774799346924e-02,-4.089776426553726196e-02,-2.705156989395618439e-02,1.737525314092636108e-02,-8.616496622562408447e-02,1.730580115690827370e-03,9.512965381145477295e-02,-5.689445137977600098e-02,-1.067357324063777924e-02,-1.091924402862787247e-02,-9.880319237709045410e-03,-4.319151490926742554e-02,9.175191074609756470e-02,1.872968524694442749e-01,2.803074121475219727e-01,1.263578653335571289e+00,-2.397288009524345398e-02,4.027464613318443298e-02,-3.751204535365104675e-02,4.008068889379501343e-02,-1.485457122325897217e-01,-1.038990989327430725e-01,1.279973983764648438e+00,1.249027997255325317e-02,3.225260972976684570e-02,-7.673685997724533081e-02
3.587272763252258301e-02,6.076605618000030518e-02,8.682387471199035645e-01,-2.068630978465080261e-02,-2.354509010910987854e-02,6.954442858695983887e-01,-7.178962230682373047e-01,2.210574410855770111e-02,-1.158456802368164062e-01,6.014404445886611938e-02,1.309342980384826660e-01,-6.176412478089332581e-02,-3.682834655046463013e-02,1.718100905418395996e-02,-8.042725920677185059e-02,-2.095219912007451057e-03,7.679142802953720093e-02,-4.298513755202293396e-02,-1.226950436830520630e-02,-8.919381536543369293e-03,-1.326351799070835114e-02,-3.996221721172332764e-02,8.770103007555007935e-02,1.864069402217864990e-01,2.869426012039184570e-01,1.261397004127502441e+00,-2.326336689293384552e-02,4.091958701610565186e-02,-3.854408487677574158e-02,3.787088021636009216e-02,-1.489051580429077148e-01,-9.972699731588363647e-02,1.281864166259765625e+00,1.863246038556098938e-02,3.244801983237266541e-02,-7.757860422134399414e-02
3.378866985440254211e-02,6.255739182233810425e-02,8.686957359313964844e-01,-2.295936271548271179e-02,-2.254953049123287201e-02,6.898685097694396973e-01,-7.232190966606140137e-01,2.330531924962997437e-02,-1.531126499176025391e-01,4.612002149224281311e-02,1.983336955308914185e-01,-1.263172924518585205e-01,-7.998994737863540649e-02,1.420301198959350586e-02,-7.133407145738601685e-02,-7.037258706986904144e-03,5.323885008692741394e-02,-2.700662240386009216e-02,-1.571182906627655029e-02,-6.236214656382799149e-03,-1.902009546756744385e-02,-3.470611199736595154e-02,8.197609335184097290e-02,1.819979250431060791e-01,2.985420525074005127e-01,1.258767724037170410e+00,-2.240527980029582977e-02,4.092465713620185852e-02,-4.017650708556175232e-02,3.578297793865203857e-02,-1.560716331005096436e-01,-8.743287622928619385e-02,1.284553647041320801e+00,1.502818334847688675e-02,3.380992636084556580e-02,-7.239709049463272095e-02
3.348988294601440430e-02,6.421375274658203125e-02,8.691042065620422363e-01,-2.449641562998294830e-02,-2.198293991386890411e-02,6.861483454704284668e-01,-7.267166972160339355e-01,2.763736061751842499e-02,-1.796621382236480713e-01,3.616014122962951660e-02,2.521867752075195312e-01,-2.040178328752517700e-01,-1.367917507886886597e-01,1.059938594698905945e-02,-6.480509787797927856e-02,-1.430778950452804565e-02,3.546416759490966797e-02,-1.567222177982330322e-02,-1.445546373724937439e-02,-3.277864074334502220e-03,-2.159001491963863373e-02,-3.175330534577369690e-02,7.753445953130722046e-02,1.768053472042083740e-01,3.069953620433807373e-01,1.256965994834899902e+00,-1.983173564076423645e-02,3.757697343826293945e-02,-3.972571343183517456e-02,3.483905643224716187e-02,-1.652529090642929077e-01,-7.908904552459716797e-02,1.285987734794616699e+00,1.543543674051761627e-02,3.241048380732536316e-02,-7.040697336196899414e-02
3.355605900287628174e-02,6.516884267330169678e-02,8.694374561309814453e-01,-2.535594999790191650e-02,-2.144255861639976501e-02,6.837930083274841309e-01,-7.289200425148010254e-01,3.774040564894676208e-02,-2.006041258573532104e-01,2.369607985019683838e-02,2.962962687015533447e-01,-2.596524655818939209e-01,-1.359053850173950195e-01,7.954481989145278931e-03,-5.589856579899787903e-02,-2.065164223313331604e-02,1.607738994061946869e-02,-5.103789269924163818e-03,-1.202666573226451874e-02,-2.272598212584853172e-04,-2.071913704276084900e-02,-2.900777384638786316e-02,7.387990504503250122e-02,1.730492115020751953e-01,3.125489056110382080e-01,1.254678010940551758e+00,-2.009764499962329865e-02,3.550593927502632141e-02,-4.004765674471855164e-02,3.464121371507644653e-02,-1.735459268093109131e-01,-7.638061791658401489e-02,1.287919282913208008e+00,2.020274661481380463e-02,3.117808699607849121e-02,-7.147846370935440063e-02
3.431793302297592163e-02,6.516972929239273071e-02,8.696520328521728516e-01,-2.533783018589019775e-02,-2.020970918238162994e-02,6.828542351722717285e-01,-7.298353314399719238e-01,6.355969607830047607e-02,-2.129747420549392700e-01,2.890594303607940674e-02,3.245812654495239258e-01,-2.881241440773010254e-01,-1.140867844223976135e-01,5.069014150649309158e-03,-4.016007855534553528e-02,-2.924619801342487335e-02,-1.052137464284896851e-02,7.746940478682518005e-03,-8.887375704944133759e-03,2.243954455479979515e-03,-1.440355181694030762e-02,-2.641962841153144836e-02,7.257300615310668945e-02,1.718154996633529663e-01,3.174755573272705078e-01,1.249989628791809082e+00,-1.611310802400112152e-02,3.263106569647789001e-02,-4.068012908101081848e-02,3.579330071806907654e-02,-1.791603267192840576e-01,-8.217614889144897461e-02,1.293435811996459961e+00,1.899716258049011230e-02,2.532935887575149536e-02,-7.478516548871994019e-02
3.525627776980400085e-02,6.433301419019699097e-02,8.696481585502624512e-01,-2.495740726590156555e-02,-1.970335096120834351e-02,6.834207773208618164e-01,-7.293318510055541992e-01,9.180233627557754517e-02,-2.131808698177337646e-01,4.486217722296714783e-02,3.240416646003723145e-01,-2.772602438926696777e-01,-9.752426296472549438e-02,3.706867108121514320e-03,-3.434823080897331238e-02,-3.320121765136718750e-02,-1.739839091897010803e-02,1.031919568777084351e-02,-6.832333281636238098e-03,3.443521913141012192e-03,-9.797959588468074799e-03,-2.636385150253772736e-02,7.703594118356704712e-02,1.721499115228652954e-01,3.300330638885498047e-01,1.243379831314086914e+00,-7.152906619012355804e-03,2.899076975882053375e-02,-4.145940020680427551e-02,3.621665015816688538e-02,-1.805395931005477905e-01,-8.624824136495590210e-02,1.299968600273132324e+00,1.890380494296550751e-02,1.564921624958515167e-02,-7.668863236904144287e-02
3.673453629016876221e-02,6.351018697023391724e-02,8.695118427276611328e-01,-2.475384622812271118e-02,-2.002528868615627289e-02,6.841000914573669434e-01,-7.286928892135620117e-01,1.241725981235504150e-01,-2.076946496963500977e-01,6.663695722818374634e-02,3.086263537406921387e-01,-2.611363828182220459e-01,-8.513810485601425171e-02,2.472569933161139488e-03,-3.335894271731376648e-02,-3.442670032382011414e-02,-1.740000024437904358e-02,8.462137542665004730e-03,-5.289681721478700638e-03,4.763280507177114487e-03,-7.766805123537778854e-03,-2.825577370822429657e-02,8.237908780574798584e-02,1.729807555675506592e-01,3.440139889717102051e-01,1.239899039268493652e+00,-2.159924013540148735e-03,2.624924853444099426e-02,-4.411407187581062317e-02,3.583480790257453918e-02,-1.803243607282638550e-01,-9.100499004125595093e-02,1.307263374328613281e+00,2.306215465068817139e-02,2.972614252939820290e-03,-7.520513236522674561e-02
4.014003649353981018e-02,6.239482760429382324e-02,8.691840171813964844e-01,-2.416826225817203522e-02,-2.089655213057994843e-02,6.848143339157104492e-01,-7.280169129371643066e-01,1.675156056880950928e-01,-1.950937211513519287e-01,9.108599275350570679e-02,2.791912555694580078e-01,-2.469399273395538330e-01,-7.831073552370071411e-02,1.392236981700989418e-06,-3.198060020804405212e-02,-3.439333662390708923e-02,-1.740000024437904358e-02,4.689841531217098236e-03,-2.377683995291590691e-03,6.939755287021398544e-03,-8.723329752683639526e-03,-3.190300613641738892e-02,8.959187567234039307e-02,1.747185140848159790e-01,3.581895232200622559e-01,1.239953637123107910e+00,-4.306743387132883072e-03,2.665836177766323090e-02,-4.567462205886840820e-02,3.600142523646354675e-02,-1.805100440979003906e-01,-9.703236073255538940e-02,1.315033316612243652e+00,2.782821282744407654e-02,-5.597190931439399719e-03,-7.444807887077331543e-02
4.375568777322769165e-02,6.129948794841766357e-02,8.688803315162658691e-01,-2.331146970391273499e-02,-2.138393186032772064e-02,6.848249435424804688e-01,-7.280206680297851562e-01,1.977564245462417603e-01,-1.830167025327682495e-01,1.052426025271415710e-01,2.542687952518463135e-01,-2.295799106359481812e-01,-7.664411514997482300e-02,-2.883617999032139778e-03,-2.960678562521934509e-02,-3.567165508866310120e-02,-1.740000024437904358e-02,1.095025800168514252e-03,1.165437512099742889e-03,8.117475546896457672e-03,-1.164062414318323135e-02,-3.410931304097175598e-02,9.180957078933715820e-02,1.757411509752273560e-01,3.629720509052276611e-01,1.245806813240051270e+00,-6.488488987088203430e-03,3.455229476094245911e-02,-4.694456234574317932e-02,3.753289952874183655e-02,-1.817049384117126465e-01,-1.008547544479370117e-01,1.318265438079833984e+00,3.123320452868938446e-02,-9.090557694435119629e-03,-7.469341158866882324e-02
4.849118739366531372e-02,5.986894294619560242e-02,8.685927987098693848e-01,-2.184463664889335632e-02,-2.139818295836448669e-02,6.843636631965637207e-01,-7.284993529319763184e-01,2.249949574470520020e-01,-1.695353239774703979e-01,1.202354580163955688e-01,2.285808622837066650e-01,-1.945034563541412354e-01,-7.782673835754394531e-02,-7.043292280286550522e-03,-2.502649091184139252e-02,-3.834494948387145996e-02,-1.740000024437904358e-02,-2.383274724707007408e-03,4.754103720188140869e-03,9.173174388706684113e-03,-1.507484633475542068e-02,-3.464651107788085938e-02,8.937136828899383545e-02,1.758268773555755615e-01,3.634304404258728027e-01,1.257409572601318359e+00,-8.131316863000392914e-03,4.588077217340469360e-02,-4.803545773029327393e-02,4.037459939718246460e-02,-1.845007091760635376e-01,-1.044873297214508057e-01,1.319428563117980957e+00,3.281639143824577332e-02,-9.900898672640323639e-03,-7.485586404800415039e-02
5.642057210206985474e-02,5.781932175159454346e-02,8.679792881011962891e-01,-1.944741234183311462e-02,-2.172087319195270538e-02,6.843447685241699219e-01,-7.285755276679992676e-01,2.562170326709747314e-01,-1.492327749729156494e-01,1.415092796087265015e-01,1.904329359531402588e-01,-1.297906190156936646e-01,-7.355190813541412354e-02,-1.378259807825088501e-02,-1.836893707513809204e-02,-4.192753136157989502e-02,-1.740000024437904358e-02,-1.165653392672538757e-02,9.997491724789142609e-03,1.179594174027442932e-02,-1.719944551587104797e-02,-3.558398410677909851e-02,8.489973098039627075e-02,1.757477223873138428e-01,3.603463470935821533e-01,1.271583676338195801e+00,-9.164346382021903992e-03,5.847879499197006226e-02,-4.739044606685638428e-02,4.631711915135383606e-02,-1.887679845094680786e-01,-1.101297885179519653e-01,1.319493174552917480e+00,3.333775326609611511e-02,-1.026476267725229263e-02,-7.412040233612060547e-02
6.384678184986114502e-02,5.639940127730369568e-02,8.671885728836059570e-01,-1.732241548597812653e-02,-2.210166491568088531e-02,6.851223707199096680e-01,-7.278864979743957520e-01,2.736533284187316895e-01,-1.309575587511062622e-01,1.529651284217834473e-01,1.598659455776214600e-01,-9.847200661897659302e-02,-7.318398356437683105e-02,-2.016933262348175049e-02,-1.327900029718875885e-02,-4.486225917935371399e-02,-1.740000024437904358e-02,-1.852000132203102112e-02,1.655494607985019684e-02,1.488937251269817352e-02,-1.607260294258594513e-02,-3.668012470006942749e-02,8.218776434659957886e-02,1.753259748220443726e-01,3.611837029457092285e-01,1.277731060981750488e+00,-5.153300706297159195e-03,6.553901731967926025e-02,-4.588075354695320129e-02,5.217745900154113770e-02,-1.927852183580398560e-01,-1.142278760671615601e-01,1.319142460823059082e+00,3.401581943035125732e-02,-1.070937700569629669e-02,-7.332860678434371948e-02
7.281995564699172974e-02,5.510132759809494019e-02,8.661636710166931152e-01,-1.518102083355188370e-02,-2.230528928339481354e-02,6.862229108810424805e-01,-7.268907427787780762e-01,2.833277583122253418e-01,-1.132504418492317200e-01,1.575875431299209595e-01,1.324829757213592529e-01,-8.797647804021835327e-02,-7.185180485248565674e-02,-2.912303246557712555e-02,-8.023942820727825165e-03,-4.930421710014343262e-02,-1.740000024437904358e-02,-2.471232600510120392e-02,2.501338347792625427e-02,1.834350638091564178e-02,-1.411205995827913284e-02,-3.777853399515151978e-02,8.077289164066314697e-02,1.725135296583175659e-01,3.681024610996246338e-01,1.279369711875915527e+00,8.009272278286516666e-04,6.910956650972366333e-02,-4.552928730845451355e-02,5.798518657684326172e-02,-1.982179582118988037e-01,-1.159532293677330017e-01,1.319389224052429199e+00,3.518317267298698425e-02,-9.966557845473289490e-03,-7.194831967353820801e-02
8.664234727621078491e-02,5.362819507718086243e-02,8.646188378334045410e-01,-1.287215854972600937e-02,-2.255027182400226593e-02,6.874521374702453613e-01,-7.257653474807739258e-01,2.864437997341156006e-01,-9.709630906581878662e-02,1.552188545465469360e-01,1.066796854138374329e-01,-7.424641400575637817e-02,-7.355968654155731201e-02,-4.462561383843421936e-02,-1.900968491099774837e-03,-5.781076103448867798e-02,-1.740000024437904358e-02,-3.203648701310157776e-02,3.788075968623161316e-02,2.127717807888984680e-02,-1.175030134618282318e-02,-3.891866654157638550e-02,8.163776248693466187e-02,1.699720472097396851e-01,3.743444085121154785e-01,1.275364279747009277e+00,-1.899681752547621727e-03,6.954579055309295654e-02,-4.942957311868667603e-02,6.190253421664237976e-02,-2.051629722118377686e-01,-1.139677762985229492e-01,1.322829246520996094e+00,3.622401133179664612e-02,-1.125682331621646881e-02,-6.914749741554260254e-02
9.883353859186172485e-02,5.273792147636413574e-02,8.634696602821350098e-01,-1.186609733849763870e-02,-2.253194525837898254e-02,6.876451373100280762e-01,-7.256002426147460938e-01,2.801834642887115479e-01,-9.265257418155670166e-02,1.498507261276245117e-01,9.903773665428161621e-02,-6.750147044658660889e-02,-9.592674672603607178e-02,-6.027371063828468323e-02,1.865220954641699791e-03,-6.699515134096145630e-02,-1.740000024437904358e-02,-3.390575572848320007e-02,5.076466873288154602e-02,2.120914869010448456e-02,-1.095725037157535553e-02,-3.979186713695526123e-02,8.099570870399475098e-02,1.656995117664337158e-01,3.778764903545379639e-01,1.274059653282165527e+00,-3.191104158759117126e-03,7.183313369750976562e-02,-5.371978506445884705e-02,6.218028441071510315e-02,-2.075690776109695435e-01,-1.140938848257064819e-01,1.328648686408996582e+00,3.459869697690010071e-02,-1.917975023388862610e-02,-6.799046695232391357e-02
1.123114079236984253e-01,5.205577239394187927e-02,8.622280359268188477e-01,-1.096201222389936447e-02,-2.259661629796028137e-02,6.874324083328247070e-01,-7.258139848709106445e-01,2.675776779651641846e-01,-9.406897425651550293e-02,1.376458108425140381e-01,1.024235635995864868e-01,-6.548558175563812256e-02,-1.411732435226440430e-01,-7.749686390161514282e-02,4.899250343441963196e-03,-7.750150561332702637e-02,-1.740000024437904358e-02,-3.088239394128322601e-02,6.278195232152938843e-02,2.012723498046398163e-02,-1.110806874930858612e-02,-4.041837900876998901e-02,7.973146438598632812e-02,1.612645238637924194e-01,3.752746582031250000e-01,1.274246811866760254e+00,-6.483314093202352524e-03,7.471157610416412354e-02,-5.670202895998954773e-02,6.121645122766494751e-02,-2.080338597297668457e-01,-1.163946613669395447e-01,1.335507273674011230e+00,3.600637242197990417e-02,-2.906114794313907623e-02,-6.836152076721191406e-02
1.326544433832168579e-01,5.195758491754531860e-02,8.608003854751586914e-01,-1.083740871399641037e-02,-2.251088246703147888e-02,6.876857876777648926e-01,-7.255784273147583008e-01,2.415578514337539673e-01,-1.033965423703193665e-01,1.170227825641632080e-01,1.203888133168220520e-01,-7.612340152263641357e-02,-1.484040766954421997e-01,-1.056652367115020752e-01,6.123970728367567062e-03,-8.908818662166595459e-02,-1.740000024437904358e-02,-1.733904890716075897e-02,8.204446732997894287e-02,1.526410225778818130e-02,-1.003108639270067215e-02,-4.039155319333076477e-02,7.772006839513778687e-02,1.557682901620864868e-01,3.670203089714050293e-01,1.274216413497924805e+00,-8.838952518999576569e-03,7.381195574998855591e-02,-5.698990076780319214e-02,5.623786896467208862e-02,-2.075593024492263794e-01,-1.178689077496528625e-01,1.344308614730834961e+00,4.066533222794532776e-02,-4.083413630723953247e-02,-6.836000084877014160e-02
1.489168703556060791e-01,5.219008401036262512e-02,8.602398037910461426e-01,-1.082628127187490463e-02,-2.132571302354335785e-02,6.891027092933654785e-01,-7.242689132690429688e-01,2.166288644075393677e-01,-1.102706566452980042e-01,1.064369305968284607e-01,1.365900486707687378e-01,-8.406084775924682617e-02,-1.344105452299118042e-01,-1.298555433750152588e-01,5.556139163672924042e-03,-9.250421822071075439e-02,-1.430670544505119324e-02,-1.132515491917729378e-03,9.692849218845367432e-02,7.075035944581031799e-03,-5.802262574434280396e-03,-3.658751398324966431e-02,7.573582231998443604e-02,1.537934392690658569e-01,3.615091145038604736e-01,1.274392247200012207e+00,-9.768698364496231079e-03,7.241736352443695068e-02,-5.685331672430038452e-02,4.974338039755821228e-02,-2.042725086212158203e-01,-1.177528500556945801e-01,1.348600625991821289e+00,4.229233041405677795e-02,-4.714578017592430115e-02,-6.899913400411605835e-02
1.653751432895660400e-01,5.261548981070518494e-02,8.603255152702331543e-01,-1.116514112800359726e-02,-2.029339410364627838e-02,6.916595697402954102e-01,-7.218521833419799805e-01,1.914973407983779907e-01,-1.182447597384452820e-01,9.961843490600585938e-02,1.520581543445587158e-01,-8.140937238931655884e-02,-1.213737651705741882e-01,-1.556398719549179077e-01,-4.662448540329933167e-03,-9.340338408946990967e-02,3.457846585661172867e-03,1.372598763555288315e-02,1.126497685909271240e-01,-1.729247160255908966e-03,1.917871879413723946e-03,-3.321566060185432434e-02,7.361510396003723145e-02,1.533395797014236450e-01,3.515455424785614014e-01,1.276414752006530762e+00,-1.607897877693176270e-02,7.315338402986526489e-02,-5.787753686308860779e-02,4.380034282803535461e-02,-1.984783262014389038e-01,-1.205974966287612915e-01,1.349531769752502441e+00,4.303045198321342468e-02,-5.195549875497817993e-02,-7.102834433317184448e-02
1.874661445617675781e-01,5.307581648230552673e-02,8.611806035041809082e-01,-1.198515668511390686e-02,-2.030893601477146149e-02,6.974031329154968262e-01,-7.162909507751464844e-01,1.601894497871398926e-01,-1.263698637485504150e-01,9.772062301635742188e-02,1.679446250200271606e-01,-8.275787532329559326e-02,-1.086565405130386353e-01,-1.899589449167251587e-01,-3.113766200840473175e-02,-9.604591131210327148e-02,4.131298139691352844e-02,3.794104978442192078e-02,1.282578110694885254e-01,-9.188205003738403320e-03,1.503282506018877029e-02,-3.335049375891685486e-02,7.331196218729019165e-02,1.555808782577514648e-01,3.264547884464263916e-01,1.280315041542053223e+00,-2.131026983261108398e-02,6.953855603933334351e-02,-5.344127118587493896e-02,3.961959108710289001e-02,-1.911373883485794067e-01,-1.284393221139907837e-01,1.344555854797363281e+00,4.991416260600090027e-02,-4.749187454581260681e-02,-7.574208825826644897e-02
2.031744569540023804e-01,5.399820208549499512e-02,8.622602820396423340e-01,-1.289999205619096756e-02,-2.162300422787666321e-02,7.016609907150268555e-01,-7.120659351348876953e-01,1.390852183103561401e-01,-1.307035833597183228e-01,9.920777380466461182e-02,1.711620837450027466e-01,-8.520365506410598755e-02,-9.498730301856994629e-02,-2.126097977161407471e-01,-5.900137871503829956e-02,-1.010382547974586487e-01,7.745490968227386475e-02,5.605286359786987305e-02,1.342113465070724487e-01,-1.181634236127138138e-02,2.088035829365253448e-02,-3.388074040412902832e-02,7.166168093681335449e-02,1.595484614372253418e-01,3.011836111545562744e-01,1.282688736915588379e+00,-2.289493009448051453e-02,6.514225155115127563e-02,-4.983045905828475952e-02,3.431880101561546326e-02,-1.877142935991287231e-01,-1.289520412683486938e-01,1.338598966598510742e+00,5.271893367171287537e-02,-3.578361123800277710e-02,-7.533458620309829712e-02
2.179928272962570190e-01,5.489932000637054443e-02,8.634262084960937500e-01,-1.303116977214813232e-02,-2.235920168459415436e-02,7.054789066314697266e-01,-7.082582712173461914e-01,1.190492808818817139e-01,-1.306530684232711792e-01,1.006809845566749573e-01,1.688829213380813599e-01,-8.609969168901443481e-02,-8.061037957668304443e-02,-2.304745614528656006e-01,-8.513592928647994995e-02,-1.162977144122123718e-01,1.150772720575332642e-01,7.032760232686996460e-02,1.343362480401992798e-01,-1.350027788430452347e-02,2.357518300414085388e-02,-3.228553757071495056e-02,6.925139576196670532e-02,1.633098870515823364e-01,2.777553796768188477e-01,1.285041928291320801e+00,-2.355958707630634308e-02,6.594444811344146729e-02,-4.944096133112907410e-02,2.697758562862873077e-02,-1.856230050325393677e-01,-1.215160265564918518e-01,1.333597898483276367e+00,5.098065361380577087e-02,-2.814150042831897736e-02,-7.270109653472900391e-02
2.356062531471252441e-01,5.613931268453598022e-02,8.649708628654479980e-01,-1.255633868277072906e-02,-2.279338799417018890e-02,7.099345922470092773e-01,-7.037866711616516113e-01,9.525093436241149902e-02,-1.284721046686172485e-01,1.011878177523612976e-01,1.634676456451416016e-01,-8.251715451478958130e-02,-6.419061124324798584e-02,-2.445894330739974976e-01,-1.212546303868293762e-01,-1.435478925704956055e-01,1.768214106559753418e-01,6.133511289954185486e-02,8.200605958700180054e-02,-1.588159427046775818e-02,2.418802119791507721e-02,-2.941399067640304565e-02,6.607171148061752319e-02,1.679939627647399902e-01,2.541745603084564209e-01,1.289986848831176758e+00,-3.062220290303230286e-02,6.827552616596221924e-02,-4.888531938195228577e-02,1.658492907881736755e-02,-1.795101463794708252e-01,-1.120333820581436157e-01,1.329477667808532715e+00,3.987878188490867615e-02,-2.251129038631916046e-02,-7.513964921236038208e-02
2.461250722408294678e-01,5.738352984189987183e-02,8.661836981773376465e-01,-1.159519888460636139e-02,-2.322852611541748047e-02,7.128361463546752930e-01,-7.008498907089233398e-01,8.187809586524963379e-02,-1.253390908241271973e-01,1.007432490587234497e-01,1.563273221254348755e-01,-7.438834011554718018e-02,-5.367777124047279358e-02,-2.434678524732589722e-01,-1.500165909528732300e-01,-1.459004729986190796e-01,2.346744090318679810e-01,2.071325294673442841e-02,4.870477691292762756e-02,-1.692301779985427856e-02,2.338363975286483765e-02,-2.660316601395606995e-02,6.373415142297744751e-02,1.713660359382629395e-01,2.448467314243316650e-01,1.292007565498352051e+00,-4.004109278321266174e-02,6.972668319940567017e-02,-4.818408191204071045e-02,9.089574217796325684e-03,-1.713431328535079956e-01,-1.113368421792984009e-01,1.328000545501708984e+00,3.182415664196014404e-02,-2.337020449340343475e-02,-7.997620105743408203e-02
2.544560134410858154e-01,5.826301872730255127e-02,8.673671483993530273e-01,-9.744617156684398651e-03,-2.284902147948741913e-02,7.154647707939147949e-01,-6.982070803642272949e-01,7.161157578229904175e-02,-1.182071492075920105e-01,1.021314635872840881e-01,1.463569998741149902e-01,-6.259781867265701294e-02,-4.616347327828407288e-02,-2.303548902273178101e-01,-1.751055121421813965e-01,-1.363764107227325439e-01,2.922548055648803711e-01,-2.571786567568778992e-02,4.329583421349525452e-02,-1.835482381284236908e-02,2.270595729351043701e-02,-2.145766280591487885e-02,6.153441593050956726e-02,1.766755580902099609e-01,2.363589853048324585e-01,1.293159008026123047e+00,-4.664563760161399841e-02,6.920412182807922363e-02,-4.670454561710357666e-02,3.910297527909278870e-03,-1.625863313674926758e-01,-1.148289144039154053e-01,1.325595498085021973e+00,3.851193562150001526e-02,-1.956904307007789612e-02,-8.617828041315078735e-02
2.636190950870513916e-01,5.883897095918655396e-02,8.687185645103454590e-01,-7.151726633310317993e-03,-2.159133926033973694e-02,7.178909182548522949e-01,-6.957839131355285645e-01,5.942477658390998840e-02,-1.077772155404090881e-01,1.020922511816024780e-01,1.339253336191177368e-01,-4.663975536823272705e-02,-3.881305828690528870e-02,-1.978743374347686768e-01,-2.019731253385543823e-01,-1.139020100235939026e-01,3.587271571159362793e-01,-7.213676720857620239e-02,4.524635523557662964e-02,-2.143176458775997162e-02,2.002570219337940216e-02,-1.460906118154525757e-02,5.970840528607368469e-02,1.834202259778976440e-01,2.307588160037994385e-01,1.293677926063537598e+00,-5.251409858465194702e-02,6.885048002004623413e-02,-4.580977186560630798e-02,1.368323923088610172e-03,-1.552146077156066895e-01,-1.165798008441925049e-01,1.318707466125488281e+00,3.774423524737358093e-02,-1.046248804777860641e-02,-8.533404767513275146e-02
2.692915201187133789e-01,5.891306698322296143e-02,8.694174885749816895e-01,-5.337869282811880112e-03,-2.037950605154037476e-02,7.190220355987548828e-01,-6.946678757667541504e-01,5.142537876963615417e-02,-1.001113429665565491e-01,1.009879261255264282e-01,1.260845661163330078e-01,-3.689371794462203979e-02,-3.579314798116683960e-02,-1.647467911243438721e-01,-2.137052267789840698e-01,-8.764424920082092285e-02,3.931027650833129883e-01,-1.050577536225318909e-01,5.551813915371894836e-02,-2.442275546491146088e-02,1.785755716264247894e-02,-1.048816274851560593e-02,5.939117074012756348e-02,1.873896569013595581e-01,2.299586236476898193e-01,1.293737769126892090e+00,-5.357227474451065063e-02,6.916743516921997070e-02,-4.646024852991104126e-02,3.414286533370614052e-03,-1.546207964420318604e-01,-1.132877469062805176e-01,1.310699224472045898e+00,3.684036433696746826e-02,-1.056381152011454105e-03,-8.346866816282272339e-02
2.742901146411895752e-01,5.885507538914680481e-02,8.697939515113830566e-01,-4.363584332168102264e-03,-1.953808218240737915e-02,7.196124196052551270e-01,-6.940873265266418457e-01,4.410374164581298828e-02,-9.513433277606964111e-02,9.918605536222457886e-02,1.204484701156616211e-01,-3.036715835332870483e-02,-3.372186794877052307e-02,-1.299837678670883179e-01,-2.186294198036193848e-01,-6.277240812778472900e-02,4.106415808200836182e-01,-1.318603008985519409e-01,7.357310503721237183e-02,-2.802995219826698303e-02,1.598843000829219818e-02,-9.158628061413764954e-03,6.035705655813217163e-02,1.907361745834350586e-01,2.306283265352249146e-01,1.293668270111083984e+00,-5.453935638070106506e-02,6.913433969020843506e-02,-4.741729423403739929e-02,8.629917167127132416e-03,-1.562643051147460938e-01,-1.109788417816162109e-01,1.301524519920349121e+00,3.439046442508697510e-02,1.105850096791982651e-02,-8.271733671426773071e-02
2.799012660980224609e-01,5.906856432557106018e-02,8.699183464050292969e-01,-4.450809676200151443e-03,-1.921314932405948639e-02,7.200400829315185547e-01,-6.936521530151367188e-01,3.554781153798103333e-02,-9.301479905843734741e-02,9.736610203981399536e-02,1.159047335386276245e-01,-2.675760537385940552e-02,-3.288176283240318298e-02,-8.652494102716445923e-02,-2.175962030887603760e-01,-3.523466736078262329e-02,4.107614755630493164e-01,-1.625848412513732910e-01,9.148650616407394409e-02,-3.254785016179084778e-02,1.386361196637153625e-02,-1.046667806804180145e-02,6.207859516143798828e-02,1.940750330686569214e-01,2.330665886402130127e-01,1.292638421058654785e+00,-5.615584552288055420e-02,6.747236847877502441e-02,-4.703527688980102539e-02,1.578340306878089905e-02,-1.593774259090423584e-01,-1.109210327267646790e-01,1.290859103202819824e+00,2.848746627569198608e-02,2.685464732348918915e-02,-8.259050548076629639e-02
2.832671701908111572e-01,5.922099202871322632e-02,8.697835206985473633e-01,-4.977767355740070343e-03,-1.908228173851966858e-02,7.198240756988525391e-01,-6.938763856887817383e-01,2.953898720443248749e-02,-9.284053742885589600e-02,9.412141144275665283e-02,1.136447563767433167e-01,-2.618790976703166962e-02,-3.177473694086074829e-02,-5.932855606079101562e-02,-2.110171616077423096e-01,-2.326634898781776428e-02,3.958936929702758789e-01,-1.764275282621383667e-01,9.533441066741943359e-02,-3.533074259757995605e-02,1.248458027839660645e-02,-1.229965314269065857e-02,6.264865398406982422e-02,1.960168480873107910e-01,2.312970310449600220e-01,1.292754054069519043e+00,-5.892569571733474731e-02,6.613449007272720337e-02,-4.685278981924057007e-02,2.062643691897392273e-02,-1.615793555974960327e-01,-1.116243004798889160e-01,1.286016225814819336e+00,2.537715807557106018e-02,3.506056219339370728e-02,-8.303971588611602783e-02
2.855944335460662842e-01,5.933844670653343201e-02,8.695333600044250488e-01,-5.773041862994432449e-03,-1.899210177361965179e-02,7.192237973213195801e-01,-6.944948434829711914e-01,2.467466145753860474e-02,-9.378085285425186157e-02,9.093811362981796265e-02,1.128526329994201660e-01,-2.747793495655059814e-02,-3.052684292197227478e-02,-3.720395267009735107e-02,-2.001110464334487915e-01,-1.626330427825450897e-02,3.700053095817565918e-01,-1.865727007389068604e-01,9.334903210401535034e-02,-3.806795924901962280e-02,1.106679439544677734e-02,-1.499647088348865509e-02,6.318827718496322632e-02,1.962913721799850464e-01,2.322609871625900269e-01,1.293926477432250977e+00,-5.751053988933563232e-02,6.656364351511001587e-02,-4.783674329519271851e-02,2.544327639043331146e-02,-1.630138754844665527e-01,-1.116806939244270325e-01,1.283642172813415527e+00,2.326154895126819611e-02,3.922185674309730530e-02,-8.357396721839904785e-02
2.873386144638061523e-01,5.961946398019790649e-02,8.691665530204772949e-01,-6.725094281136989594e-03,-1.876696571707725525e-02,7.185014486312866211e-01,-6.952396631240844727e-01,2.041120082139968872e-02,-9.523353725671768188e-02,8.946287631988525391e-02,1.131552755832672119e-01,-3.142731636762619019e-02,-3.119325824081897736e-02,-1.478603482246398926e-02,-1.822333335876464844e-01,-7.626163773238658905e-03,3.268444240093231201e-01,-1.902337521314620972e-01,8.149934560060501099e-02,-3.928555920720100403e-02,1.169648021459579468e-02,-1.734599843621253967e-02,5.975376069545745850e-02,1.923656612634658813e-01,2.340321689844131470e-01,1.300008654594421387e+00,-5.356540530920028687e-02,7.117825746536254883e-02,-5.005366727709770203e-02,3.047399781644344330e-02,-1.652144938707351685e-01,-1.104558110237121582e-01,1.283743977546691895e+00,2.256629802286624908e-02,3.880939632654190063e-02,-8.325180411338806152e-02
2.876380681991577148e-01,5.986477062106132507e-02,8.689450025558471680e-01,-7.431021425873041153e-03,-1.853454671800136566e-02,7.180469036102294922e-01,-6.957082152366638184e-01,1.870805770158767700e-02,-9.747037291526794434e-02,9.079543501138687134e-02,1.155160591006278992e-01,-3.386266157031059265e-02,-3.161409497261047363e-02,-2.287188777700066566e-03,-1.676651537418365479e-01,-2.158154034987092018e-03,2.911211848258972168e-01,-1.864103823900222778e-01,7.276669144630432129e-02,-3.906313702464103699e-02,1.319946441799402237e-02,-1.833836361765861511e-02,5.734615400433540344e-02,1.888066083192825317e-01,2.365915477275848389e-01,1.303755521774291992e+00,-5.199217796325683594e-02,7.408823072910308838e-02,-5.094560980796813965e-02,3.311507031321525574e-02,-1.670915931463241577e-01,-1.071262359619140625e-01,1.285233974456787109e+00,2.344203740358352661e-02,3.681034967303276062e-02,-8.223538845777511597e-02
2.875868082046508789e-01,6.018554791808128357e-02,8.686704635620117188e-01,-8.180254139006137848e-03,-1.814809069037437439e-02,7.173178791999816895e-01,-6.964616179466247559e-01,1.710972189903259277e-02,-9.975589066743850708e-02,9.078714996576309204e-02,1.179693713784217834e-01,-3.625107184052467346e-02,-3.173835575580596924e-02,6.236950866878032684e-03,-1.541668027639389038e-01,-1.674148021265864372e-03,2.574524879455566406e-01,-1.754849255084991455e-01,7.014577835798263550e-02,-3.757615014910697937e-02,1.402798201888799667e-02,-1.852023601531982422e-02,5.483663082122802734e-02,1.839641928672790527e-01,2.416157275438308716e-01,1.306378841400146484e+00,-5.121165886521339417e-02,7.684755325317382812e-02,-5.254988372325897217e-02,3.488280996680259705e-02,-1.699613630771636963e-01,-1.025064364075660706e-01,1.286655426025390625e+00,2.349344082176685333e-02,3.494972363114356995e-02,-7.990984618663787842e-02
2.867462635040283203e-01,6.008540838956832886e-02,8.683512806892395020e-01,-8.522437885403633118e-03,-1.728624664247035980e-02,7.159746885299682617e-01,-6.978601217269897461e-01,1.623608358204364777e-02,-1.014911979436874390e-01,8.818004280328750610e-02,1.225810497999191284e-01,-4.082984849810600281e-02,-3.122583776712417603e-02,1.348013523966073990e-02,-1.346904784440994263e-01,-5.490702576935291290e-03,2.122333049774169922e-01,-1.239565163850784302e-01,2.071710489690303802e-02,-3.369941934943199158e-02,1.391431968659162521e-02,-1.749193295836448669e-02,5.394604429602622986e-02,1.791249215602874756e-01,2.483002543449401855e-01,1.306583881378173828e+00,-5.413348227739334106e-02,7.667008787393569946e-02,-5.484320968389511108e-02,3.621349483728408813e-02,-1.735281795263290405e-01,-9.550130367279052734e-02,1.287895798683166504e+00,2.241786383092403412e-02,3.300767391920089722e-02,-7.590245455503463745e-02
2.846717834472656250e-01,6.043031439185142517e-02,8.678682446479797363e-01,-8.932263590395450592e-03,-1.691650040447711945e-02,7.148677110671997070e-01,-6.989979743957519531e-01,1.761400140821933746e-02,-1.033276021480560303e-01,8.746416866779327393e-02,1.256104856729507446e-01,-4.628802463412284851e-02,-3.033100999891757965e-02,1.611181721091270447e-02,-1.213580891489982605e-01,-7.326859049499034882e-03,1.871448159217834473e-01,-1.125617325305938721e-01,3.455148776993155479e-03,-2.965613640844821930e-02,1.361393369734287262e-02,-1.780048012733459473e-02,5.536492913961410522e-02,1.781235039234161377e-01,2.529743611812591553e-01,1.303032040596008301e+00,-5.473477765917778015e-02,7.185241580009460449e-02,-5.312733724713325500e-02,3.657772019505500793e-02,-1.750200837850570679e-01,-9.226918965578079224e-02,1.287981867790222168e+00,2.180405147373676300e-02,3.160274773836135864e-02,-7.375486195087432861e-02
2.820672690868377686e-01,6.081646680831909180e-02,8.671286106109619141e-01,-9.683418087661266327e-03,-1.683398894965648651e-02,7.138323187828063965e-01,-7.000473141670227051e-01,1.943629793822765350e-02,-1.063900291919708252e-01,8.605165034532546997e-02,1.297046989202499390e-01,-5.417541041970252991e-02,-2.767374739050865173e-02,1.756778731942176819e-02,-1.080752387642860413e-01,-6.942866835743188858e-03,1.615041792392730713e-01,-1.054732203483581543e-01,3.254404291510581970e-03,-2.426685020327568054e-02,1.195090077817440033e-02,-1.993765309453010559e-02,5.889029428362846375e-02,1.790589839220046997e-01,2.573817670345306396e-01,1.296977519989013672e+00,-5.455104634165763855e-02,6.373420357704162598e-02,-5.021905153989791870e-02,3.546312078833580017e-02,-1.748853772878646851e-01,-8.962289243936538696e-02,1.288895130157470703e+00,2.081538923084735870e-02,2.908715978264808655e-02,-7.245311886072158813e-02
2.781645655632019043e-01,6.144709885120391846e-02,8.662533760070800781e-01,-1.109884586185216904e-02,-1.669108495116233826e-02,7.126306891441345215e-01,-7.012529373168945312e-01,2.258563041687011719e-02,-1.148459613323211670e-01,8.856889605522155762e-02,1.418431848287582397e-01,-6.587411463260650635e-02,-2.712214738130569458e-02,2.032722719013690948e-02,-9.089010953903198242e-02,-3.271608846262097359e-03,1.260504722595214844e-01,-9.477952122688293457e-02,-3.186656394973397255e-03,-1.614770665764808655e-02,9.404450654983520508e-03,-2.296544425189495087e-02,6.446686387062072754e-02,1.813782304525375366e-01,2.667737603187561035e-01,1.286112666130065918e+00,-4.749682173132896423e-02,5.098245665431022644e-02,-4.721529036760330200e-02,3.286023437976837158e-02,-1.720748245716094971e-01,-9.077036380767822266e-02,1.290275216102600098e+00,1.682399399578571320e-02,2.507923170924186707e-02,-7.258421927690505981e-02
2.754631042480468750e-01,6.189785897731781006e-02,8.661983013153076172e-01,-1.143571641296148300e-02,-1.600473560392856598e-02,7.117922902107238770e-01,-7.021145224571228027e-01,2.575382776558399200e-02,-1.240804567933082581e-01,9.262697398662567139e-02,1.590411514043807983e-01,-7.350952178239822388e-02,-2.983363159000873566e-02,2.319121733307838440e-02,-8.134254813194274902e-02,2.504162490367889404e-03,1.067346185445785522e-01,-7.868605107069015503e-02,-1.261977851390838623e-02,-7.907185703516006470e-03,7.049364037811756134e-03,-2.199484035372734070e-02,6.572330743074417114e-02,1.787040531635284424e-01,2.788299024105072021e-01,1.280644655227661133e+00,-3.547526523470878601e-02,4.602165147662162781e-02,-4.896292462944984436e-02,3.037493675947189331e-02,-1.704460531473159790e-01,-9.563027322292327881e-02,1.291352391242980957e+00,1.511104963719844818e-02,2.266755700111389160e-02,-7.406985759735107422e-02
2.736092507839202881e-01,6.230580434203147888e-02,8.666296601295471191e-01,-1.152595691382884979e-02,-1.497818157076835632e-02,7.103872299194335938e-01,-7.035571932792663574e-01,2.887544222176074982e-02,-1.363780796527862549e-01,9.794572740793228149e-02,1.854831427335739136e-01,-9.706160426139831543e-02,-3.994555398821830750e-02,2.381946891546249390e-02,-7.121324539184570312e-02,3.147528972476720810e-03,8.740875869989395142e-02,-5.988490208983421326e-02,-1.647123321890830994e-02,6.884762551635503769e-04,3.405033377930521965e-03,-2.104860171675682068e-02,6.620325893163681030e-02,1.720405369997024536e-01,2.944371104240417480e-01,1.279682278633117676e+00,-2.418400533497333527e-02,4.952325299382209778e-02,-5.395669490098953247e-02,2.938776649534702301e-02,-1.709449142217636108e-01,-9.857767820358276367e-02,1.292872309684753418e+00,1.770933717489242554e-02,2.100138738751411438e-02,-7.561787217855453491e-02
2.723957598209381104e-01,6.323905289173126221e-02,8.673843145370483398e-01,-1.240917667746543884e-02,-1.395846996456384659e-02,7.071194052696228027e-01,-7.068474292755126953e-01,3.582874685525894165e-02,-1.582906246185302734e-01,1.086954250931739807e-01,2.343400120735168457e-01,-1.722227483987808228e-01,-8.750680834054946899e-02,2.221389114856719971e-02,-5.694524943828582764e-02,1.816571340896189213e-03,5.817998573184013367e-02,-4.025690630078315735e-02,-1.990664750337600708e-02,1.118816342204809189e-02,-5.015374626964330673e-03,-2.194010652601718903e-02,6.518959254026412964e-02,1.616309881210327148e-01,3.110029101371765137e-01,1.283537626266479492e+00,-2.907707914710044861e-02,6.144881993532180786e-02,-5.759811773896217346e-02,3.023831360042095184e-02,-1.778429150581359863e-01,-9.676454961299896240e-02,1.293331742286682129e+00,2.382477559149265289e-02,2.194798365235328674e-02,-7.519761472940444946e-02
2.719747126102447510e-01,6.389293074607849121e-02,8.677738308906555176e-01,-1.328899711370468140e-02,-1.361579168587923050e-02,7.045617103576660156e-01,-7.093876004219055176e-01,4.779589176177978516e-02,-1.754384934902191162e-01,1.280962079763412476e-01,2.735737562179565430e-01,-2.353447228670120239e-01,-1.276157796382904053e-01,2.058438584208488464e-02,-4.551716521382331848e-02,-1.278205425478518009e-03,3.375678882002830505e-02,-2.646083757281303406e-02,-2.095795609056949615e-02,1.828161254525184631e-02,-1.176968216896057129e-02,-2.311800420284271240e-02,6.431496888399124146e-02,1.558218598365783691e-01,3.192955553531646729e-01,1.284768819808959961e+00,-2.683435939252376556e-02,6.081384420394897461e-02,-5.834688991308212280e-02,3.077354468405246735e-02,-1.853667348623275757e-01,-9.382877498865127563e-02,1.293164968490600586e+00,2.556144818663597107e-02,2.434922754764556885e-02,-7.367741316556930542e-02
2.716025710105895996e-01,6.404074281454086304e-02,8.680616021156311035e-01,-1.370502915233373642e-02,-1.337732560932636261e-02,7.031307816505432129e-01,-7.108025550842285156e-01,6.828466057777404785e-02,-1.881200075149536133e-01,1.431304514408111572e-01,3.047513961791992188e-01,-2.743010520935058594e-01,-1.138444095849990845e-01,2.000060118734836578e-02,-3.287504240870475769e-02,-4.718480166047811508e-03,8.739360608160495758e-03,-1.363398227840662003e-02,-2.133364230394363403e-02,2.369715459644794464e-02,-1.505783572793006897e-02,-2.442885376513004303e-02,6.471785157918930054e-02,1.536705791950225830e-01,3.235370814800262451e-01,1.283342957496643066e+00,-2.364415675401687622e-02,5.884853005409240723e-02,-5.745172128081321716e-02,3.138547018170356750e-02,-1.911753267049789429e-01,-9.238941967487335205e-02,1.294289827346801758e+00,2.438355423510074615e-02,2.518269233405590057e-02,-7.359394431114196777e-02
2.714555859565734863e-01,6.332430988550186157e-02,8.682311773300170898e-01,-1.319837104529142380e-02,-1.225118990987539291e-02,7.023045420646667480e-01,-7.116488218307495117e-01,1.067364886403083801e-01,-1.910544335842132568e-01,1.683979779481887817e-01,3.225634992122650146e-01,-2.931147515773773193e-01,-9.511291235685348511e-02,1.937901042401790619e-02,-1.633097417652606964e-02,-9.712656028568744659e-03,-1.715295203030109406e-02,-4.668742476496845484e-04,-2.189713716506958008e-02,2.744782902300357819e-02,-1.657949015498161316e-02,-2.471222355961799622e-02,6.791589409112930298e-02,1.564773023128509521e-01,3.259331881999969482e-01,1.278015494346618652e+00,-2.283816412091255188e-02,5.668538436293601990e-02,-5.590778216719627380e-02,3.261091932654380798e-02,-1.931263208389282227e-01,-9.514736384153366089e-02,1.299497127532958984e+00,2.031218074262142181e-02,1.988786645233631134e-02,-7.600706815719604492e-02
2.715985178947448730e-01,6.228682398796081543e-02,8.682283163070678711e-01,-1.244148798286914825e-02,-1.158853806555271149e-02,7.026168704032897949e-01,-7.113652229309082031e-01,1.425779014825820923e-01,-1.857568919658660889e-01,1.881613880395889282e-01,3.201210200786590576e-01,-2.746675312519073486e-01,-7.094597816467285156e-02,1.946872286498546600e-02,-1.297727227210998535e-02,-1.120159961283206940e-02,-1.739996857941150665e-02,-1.120080589316785336e-03,-2.340260520577430725e-02,2.884454093873500824e-02,-1.529095880687236786e-02,-2.510667219758033752e-02,7.011922448873519897e-02,1.605366766452789307e-01,3.283683061599731445e-01,1.273635268211364746e+00,-1.886488497257232666e-02,5.363553762435913086e-02,-5.473437905311584473e-02,3.392419219017028809e-02,-1.909211724996566772e-01,-1.009403914213180542e-01,1.305130124092102051e+00,1.977101899683475494e-02,1.140877045691013336e-02,-7.724050432443618774e-02
2.723673582077026367e-01,6.132216751575469971e-02,8.681805729866027832e-01,-1.172193419188261032e-02,-1.139814034104347229e-02,7.029536962509155273e-01,-7.110476493835449219e-01,1.803916096687316895e-01,-1.762068271636962891e-01,2.053900808095932007e-01,3.065671324729919434e-01,-2.441556602716445923e-01,-5.050219222903251648e-02,1.946760341525077820e-02,-1.070262305438518524e-02,-1.214109547436237335e-02,-1.740000024437904358e-02,-1.279739546589553356e-03,-2.516143023967742920e-02,3.011738136410713196e-02,-1.490071136504411697e-02,-2.585196867585182190e-02,7.212094217538833618e-02,1.647281050682067871e-01,3.338938653469085693e-01,1.268870592117309570e+00,-1.415650732815265656e-02,4.950518161058425903e-02,-5.353753641247749329e-02,3.512978926301002502e-02,-1.884459406137466431e-01,-1.055275574326515198e-01,1.310992956161499023e+00,2.567418478429317474e-02,1.528154825791716576e-03,-7.720743864774703979e-02
2.745394110679626465e-01,5.974549427628517151e-02,8.679623007774353027e-01,-1.029286906123161316e-02,-1.134446822106838226e-02,7.030360102653503418e-01,-7.109892964363098145e-01,2.297338545322418213e-01,-1.573941558599472046e-01,2.204699963331222534e-01,2.758955955505371094e-01,-1.907636374235153198e-01,-2.677388116717338562e-02,1.878028921782970428e-02,-6.804446689784526825e-03,-1.273986231535673141e-02,-1.740000024437904358e-02,-1.436298596672713757e-03,-2.643355727195739746e-02,3.209281712770462036e-02,-1.705537736415863037e-02,-2.609641291201114655e-02,7.362508773803710938e-02,1.681657880544662476e-01,3.436398208141326904e-01,1.264286994934082031e+00,-1.087187416851520538e-02,4.760002344846725464e-02,-5.426415055990219116e-02,3.792776912450790405e-02,-1.882562041282653809e-01,-1.072671636939048767e-01,1.316088914871215820e+00,3.113532438874244690e-02,-4.552782047539949417e-03,-7.748616486787796021e-02
2.773180305957794189e-01,5.854848027229309082e-02,8.678376078605651855e-01,-9.464845992624759674e-03,-1.163699012249708176e-02,7.022300362586975098e-01,-7.117921113967895508e-01,2.627914845943450928e-01,-1.422291994094848633e-01,2.280472218990325928e-01,2.484410554170608521e-01,-1.554566472768783569e-01,-1.098397094756364822e-02,1.671818271279335022e-02,-4.265090450644493103e-03,-1.431187987327575684e-02,-1.740000024437904358e-02,-2.363227074965834618e-03,-2.530023641884326935e-02,3.297019749879837036e-02,-2.122180908918380737e-02,-2.764166519045829773e-02,7.404671609401702881e-02,1.691551506519317627e-01,3.490566313266754150e-01,1.263329148292541504e+00,-1.100645214319229126e-02,4.969391599297523499e-02,-5.635876581072807312e-02,4.169876128435134888e-02,-1.902886480093002319e-01,-1.071612387895584106e-01,1.317720055580139160e+00,3.353066742420196533e-02,-5.978718865662813187e-03,-7.620212435722351074e-02
2.810568213462829590e-01,5.747313052415847778e-02,8.677241802215576172e-01,-8.798460476100444794e-03,-1.199875678867101669e-02,7.008081078529357910e-01,-7.131946682929992676e-01,2.918475568294525146e-01,-1.278197169303894043e-01,2.353232353925704956e-01,2.215124070644378662e-01,-1.282711476087570190e-01,1.216206816025078297e-03,1.322965882718563080e-02,-1.951940124854445457e-03,-1.772031001746654510e-02,-1.740000024437904358e-02,-4.055165685713291168e-03,-2.335237339138984680e-02,3.312835842370986938e-02,-2.636064775288105011e-02,-2.929111756384372711e-02,7.334227114915847778e-02,1.695157736539840698e-01,3.512427210807800293e-01,1.264168620109558105e+00,-1.188692729920148849e-02,5.320551246404647827e-02,-5.823701247572898865e-02,4.583444446325302124e-02,-1.927720308303833008e-01,-1.079632565379142761e-01,1.318530321121215820e+00,3.332746028900146484e-02,-6.107456982135772705e-03,-7.497059553861618042e-02
2.876057028770446777e-01,5.615568161010742188e-02,8.675919771194458008e-01,-7.906993851065635681e-03,-1.247656904160976410e-02,6.993877291679382324e-01,-7.145898342132568359e-01,3.232686817646026611e-01,-1.108194515109062195e-01,2.467894405126571655e-01,1.898197084665298462e-01,-9.564543515443801880e-02,1.158534735441207886e-02,6.244052667170763016e-03,1.002751407213509083e-03,-2.348947711288928986e-02,-1.740000024437904358e-02,-6.416736170649528503e-03,-1.810805685818195343e-02,3.331222757697105408e-02,-3.047944046556949615e-02,-3.104238212108612061e-02,7.032983005046844482e-02,1.684153378009796143e-01,3.518647551536560059e-01,1.266376018524169922e+00,-1.230906043201684952e-02,5.654601752758026123e-02,-5.768035352230072021e-02,5.194939672946929932e-02,-1.952818483114242554e-01,-1.134597063064575195e-01,1.319789767265319824e+00,3.020083345472812653e-02,-7.550511043518781662e-03,-7.491639256477355957e-02
2.939350903034210205e-01,5.517745390534400940e-02,8.673238158226013184e-01,-7.065568584948778152e-03,-1.283616572618484497e-02,6.988281011581420898e-01,-7.151395678520202637e-01,3.399766087532043457e-01,-9.929009526968002319e-02,2.481593936681747437e-01,1.689563244581222534e-01,-7.271209359169006348e-02,2.250492945313453674e-02,-7.995822234079241753e-04,3.490437753498554230e-03,-2.964708022773265839e-02,-1.740000024437904358e-02,-9.071782231330871582e-03,-1.241936162114143372e-02,3.409390151500701904e-02,-3.077865019440650940e-02,-3.185746446251869202e-02,6.775522232055664062e-02,1.669176220893859863e-01,3.520631790161132812e-01,1.266091108322143555e+00,-1.092742290347814560e-02,5.654542893171310425e-02,-5.625395104289054871e-02,5.743869394063949585e-02,-1.971724033355712891e-01,-1.200575232505798340e-01,1.320747017860412598e+00,2.902806177735328674e-02,-9.775247424840927124e-03,-7.564871758222579956e-02
3.016002476215362549e-01,5.422788113355636597e-02,8.668894767761230469e-01,-6.193225271999835968e-03,-1.310089323669672012e-02,6.990550756454467773e-01,-7.149209976196289062e-01,3.498569130897521973e-01,-8.832852542400360107e-02,2.455504834651947021e-01,1.512982547283172607e-01,-5.548574402928352356e-02,2.566402032971382141e-02,-9.765640832483768463e-03,5.988803692162036896e-03,-3.519802913069725037e-02,-1.740000024437904358e-02,-1.213428936898708344e-02,-6.057101301848888397e-03,3.515861555933952332e-02,-2.769805118441581726e-02,-3.290494903922080994e-02,6.593529134988784790e-02,1.644793748855590820e-01,3.540843725204467773e-01,1.263695955276489258e+00,-8.108021691441535950e-03,5.474687740206718445e-02,-5.497286841273307800e-02,6.348329037427902222e-02,-1.998644620180130005e-01,-1.251905709505081177e-01,1.322455286979675293e+00,3.028790652751922607e-02,-1.246981322765350342e-02,-7.601809501647949219e-02
3.137880265712738037e-01,5.328302457928657532e-02,8.660657405853271484e-01,-5.138020962476730347e-03,-1.352342776954174042e-02,6.995384693145751953e-01,-7.144484519958496094e-01,3.531978428363800049e-01,-7.831860333681106567e-02,2.356123924255371094e-01,1.351398825645446777e-01,-4.168399795889854431e-02,2.275174111127853394e-02,-2.480380609631538391e-02,8.826283738017082214e-03,-4.518694430589675903e-02,-1.740000024437904358e-02,-1.686317287385463715e-02,5.893527064472436905e-03,3.636234253644943237e-02,-2.352955006062984467e-02,-3.437238931655883789e-02,6.463392823934555054e-02,1.586826890707015991e-01,3.613942861557006836e-01,1.258252978324890137e+00,-6.584134418517351151e-03,5.091675743460655212e-02,-5.720444396138191223e-02,6.897491216659545898e-02,-2.061576545238494873e-01,-1.229391545057296753e-01,1.326864480972290039e+00,3.335050866007804871e-02,-1.752739585936069489e-02,-7.198610156774520874e-02
3.244675993919372559e-01,5.259120836853981018e-02,8.653098940849304199e-01,-4.130938556045293808e-03,-1.357109565287828445e-02,6.997016072273254395e-01,-7.142943739891052246e-01,3.482638895511627197e-01,-7.354883849620819092e-02,2.162657082080841064e-01,1.271740794181823730e-01,-2.994355745613574982e-02,2.042948268353939056e-02,-3.832887858152389526e-02,1.155033428221940994e-02,-5.401528254151344299e-02,-1.740000024437904358e-02,-1.840872876346111298e-02,1.612159423530101776e-02,3.668305650353431702e-02,-2.141568996012210846e-02,-3.454309701919555664e-02,6.494423002004623413e-02,1.537169069051742554e-01,3.657998740673065186e-01,1.253912210464477539e+00,-5.779230967164039612e-03,4.939229041337966919e-02,-5.897948518395423889e-02,7.010698318481445312e-02,-2.105393260717391968e-01,-1.190056428313255310e-01,1.332325339317321777e+00,3.372377902269363403e-02,-2.195970341563224792e-02,-6.907044351100921631e-02
3.368401825428009033e-01,5.193935707211494446e-02,8.644666671752929688e-01,-3.314521629363298416e-03,-1.285699382424354553e-02,6.997344493865966797e-01,-7.142796516418457031e-01,3.349095582962036133e-01,-7.129719853401184082e-02,1.897485256195068359e-01,1.223570108413696289e-01,-1.673222891986370087e-02,2.073124982416629791e-02,-5.564969033002853394e-02,1.487622223794460297e-02,-6.571800261735916138e-02,-1.740000024437904358e-02,-1.644818484783172607e-02,2.834773249924182892e-02,3.510719165205955505e-02,-1.794805377721786499e-02,-3.376080468297004700e-02,6.447373330593109131e-02,1.497955769300460815e-01,3.629226982593536377e-01,1.251767754554748535e+00,-7.115969434380531311e-03,4.910352453589439392e-02,-5.942669510841369629e-02,6.996627897024154663e-02,-2.131754457950592041e-01,-1.184439808130264282e-01,1.338890910148620605e+00,3.376222401857376099e-02,-2.997238002717494965e-02,-6.810365617275238037e-02
3.552128672599792480e-01,5.138948559761047363e-02,8.631057143211364746e-01,-1.979498192667961121e-03,-1.224881038069725037e-02,7.003319859504699707e-01,-7.137094140052795410e-01,3.107218146324157715e-01,-7.202371954917907715e-02,1.611988544464111328e-01,1.213240548968315125e-01,3.405714174732565880e-03,1.029501296579837799e-02,-8.035358041524887085e-02,1.817699708044528961e-02,-8.045993745326995850e-02,-1.740000024437904358e-02,-9.301668964326381683e-03,4.755065962672233582e-02,3.308783471584320068e-02,-1.334359124302864075e-02,-3.219379857182502747e-02,6.435663998126983643e-02,1.440347880125045776e-01,3.563014864921569824e-01,1.250701427459716797e+00,-8.052485994994640350e-03,4.853189364075660706e-02,-5.982516333460807800e-02,6.705375015735626221e-02,-2.155058681964874268e-01,-1.205070465803146362e-01,1.347491383552551270e+00,3.690089285373687744e-02,-4.254311695694923401e-02,-6.799687445163726807e-02
3.705520033836364746e-01,5.140750855207443237e-02,8.618825674057006836e-01,-1.255949959158897400e-03,-1.189405936747789383e-02,7.011785507202148438e-01,-7.128854393959045410e-01,2.928480207920074463e-01,-7.276970893144607544e-02,1.477627158164978027e-01,1.251533031463623047e-01,9.339381009340286255e-03,-2.682416699826717377e-02,-1.014690026640892029e-01,1.704455912113189697e-02,-8.991938829421997070e-02,-1.317911315709352493e-02,-1.220225356519222260e-03,6.414917856454849243e-02,2.949122153222560883e-02,-9.177860803902149200e-03,-3.111696243286132812e-02,6.576677411794662476e-02,1.410311758518218994e-01,3.514943420886993408e-01,1.249573945999145508e+00,-7.657790090888738632e-03,4.711284860968589783e-02,-5.941209942102432251e-02,6.283148378133773804e-02,-2.164302766323089600e-01,-1.203412413597106934e-01,1.352667808532714844e+00,4.023630544543266296e-02,-4.887728020548820496e-02,-6.737072765827178955e-02
3.872424364089965820e-01,5.184096843004226685e-02,8.602283596992492676e-01,-6.449333741329610348e-04,-1.143737416714429855e-02,7.025363445281982422e-01,-7.115556597709655762e-01,2.764833569526672363e-01,-7.281858474016189575e-02,1.319352537393569946e-01,1.287085264921188354e-01,1.019695214927196503e-02,-9.615007787942886353e-02,-1.252745240926742554e-01,1.162829995155334473e-02,-1.005985513329505920e-01,-2.060703700408339500e-03,5.952679086476564407e-03,8.172171562910079956e-02,2.426563948392868042e-02,-3.057085443288087845e-03,-2.958074584603309631e-02,6.720622628927230835e-02,1.390722095966339111e-01,3.461842536926269531e-01,1.249246716499328613e+00,-6.970648188143968582e-03,4.513667896389961243e-02,-5.879567936062812805e-02,5.862129852175712585e-02,-2.169063985347747803e-01,-1.209916844964027405e-01,1.354474902153015137e+00,4.114314913749694824e-02,-5.199845135211944580e-02,-6.592581421136856079e-02
4.105143547058105469e-01,5.356232449412345886e-02,8.580914735794067383e-01,-5.729052354581654072e-04,-1.087368186563253403e-02,7.048164606094360352e-01,-7.093061208724975586e-01,2.517397999763488770e-01,-7.617538422346115112e-02,1.351768970489501953e-01,1.389655172824859619e-01,-1.761395297944545746e-02,-1.413219571113586426e-01,-1.600008904933929443e-01,1.546680927276611328e-03,-1.106758266687393188e-01,1.202043611556291580e-02,2.373776771128177643e-02,1.072291880846023560e-01,1.250818930566310883e-02,6.566261406987905502e-03,-2.651120163500308990e-02,6.918289512395858765e-02,1.396771073341369629e-01,3.390625417232513428e-01,1.249483704566955566e+00,-1.000188197940587997e-02,4.486981406807899475e-02,-5.818670615553855896e-02,5.142562091350555420e-02,-2.161210924386978149e-01,-1.204613149166107178e-01,1.350151538848876953e+00,4.361023381352424622e-02,-5.157627910375595093e-02,-6.528858840465545654e-02
4.284875988960266113e-01,5.572810024023056030e-02,8.575174808502197266e-01,-9.589285473339259624e-04,-1.053779851645231247e-02,7.066212296485900879e-01,-7.075129151344299316e-01,2.279988527297973633e-01,-8.500253409147262573e-02,1.424430161714553833e-01,1.532746255397796631e-01,-4.230738803744316101e-02,-1.249155849218368530e-01,-1.871659606695175171e-01,-1.031222380697727203e-02,-1.141845211386680603e-01,2.501590363681316376e-02,4.939599707722663879e-02,1.227939650416374207e-01,2.096537500619888306e-03,1.103011704981327057e-02,-2.163410373032093048e-02,6.938446313142776489e-02,1.421208232641220093e-01,3.318852484226226807e-01,1.250953912734985352e+00,-1.690849289298057556e-02,4.473440349102020264e-02,-5.847563594579696655e-02,4.204574227333068848e-02,-2.131836712360382080e-01,-1.186354905366897583e-01,1.343732476234436035e+00,4.353031888604164124e-02,-4.497294127941131592e-02,-6.961827725172042847e-02
4.462953805923461914e-01,5.797591432929039001e-02,8.583341836929321289e-01,-1.617766800336539745e-03,-1.057644002139568329e-02,7.082458138465881348e-01,-7.058848142623901367e-01,2.031560689210891724e-01,-9.526582062244415283e-02,1.400480717420578003e-01,1.657781451940536499e-01,-5.676710978150367737e-02,-1.086115092039108276e-01,-2.131390720605850220e-01,-2.483004331588745117e-02,-1.156083047389984131e-01,3.846902027726173401e-02,8.673640340566635132e-02,1.347972750663757324e-01,-6.558686029165983200e-03,1.344002410769462585e-02,-1.851447299122810364e-02,6.935067474842071533e-02,1.461855471134185791e-01,3.141220808029174805e-01,1.256326317787170410e+00,-1.750194467604160309e-02,4.357923194766044617e-02,-5.322012305259704590e-02,3.204201906919479370e-02,-2.064827531576156616e-01,-1.170623078942298889e-01,1.338723897933959961e+00,4.042243584990501404e-02,-3.927874937653541565e-02,-7.459983229637145996e-02
4.693208634853363037e-01,6.099972128868103027e-02,8.605814576148986816e-01,-2.657646546140313148e-03,-1.173580624163150787e-02,7.121701240539550781e-01,-7.019037604331970215e-01,1.719611734151840210e-01,-9.826806932687759399e-02,1.387928128242492676e-01,1.605559736490249634e-01,-6.780328601598739624e-02,-9.603388607501983643e-02,-2.449608296155929565e-01,-5.363187938928604126e-02,-1.252736300230026245e-01,6.542962789535522461e-02,1.402825862169265747e-01,1.428485512733459473e-01,-1.368562690913677216e-02,2.052656933665275574e-02,-1.861502043902873993e-02,6.672621518373489380e-02,1.530650854110717773e-01,2.733896374702453613e-01,1.268242120742797852e+00,-1.347315311431884766e-02,4.826156049966812134e-02,-4.641900956630706787e-02,2.470886893570423126e-02,-1.981433779001235962e-01,-1.188047900795936584e-01,1.328818202018737793e+00,3.931234031915664673e-02,-2.384088374674320221e-02,-7.781234383583068848e-02
4.860926568508148193e-01,6.316844373941421509e-02,8.624318242073059082e-01,-3.515599528327584267e-03,-1.285719312727451324e-02,7.160149812698364258e-01,-6.979576349258422852e-01,1.483193933963775635e-01,-9.637344628572463989e-02,1.389248967170715332e-01,1.482609659433364868e-01,-6.834730505943298340e-02,-7.948271930217742920e-02,-2.671434283256530762e-01,-7.851913571357727051e-02,-1.416476219892501831e-01,8.978987485170364380e-02,1.755132377147674561e-01,1.430944353342056274e-01,-1.707012020051479340e-02,2.733030728995800018e-02,-1.958494447171688080e-02,6.572417169809341431e-02,1.566261053085327148e-01,2.508654296398162842e-01,1.274203419685363770e+00,-1.615477167069911957e-02,5.134444311261177063e-02,-4.174684360623359680e-02,2.202273532748222351e-02,-1.944426745176315308e-01,-1.211899146437644958e-01,1.318018078804016113e+00,3.867415711283683777e-02,-6.193690933287143707e-04,-8.017245680093765259e-02
5.023695826530456543e-01,6.548623740673065186e-02,8.638474941253662109e-01,-4.048700910061597824e-03,-1.352213695645332336e-02,7.193908095359802246e-01,-6.944620609283447266e-01,1.244874373078346252e-01,-9.254477173089981079e-02,1.370738595724105835e-01,1.328641921281814575e-01,-6.564390659332275391e-02,-6.359726935625076294e-02,-2.855870723724365234e-01,-1.035939827561378479e-01,-1.641598194837570190e-01,1.199230775237083435e-01,1.912157088518142700e-01,1.165328845381736755e-01,-1.881847716867923737e-02,3.145156800746917725e-02,-1.967801339924335480e-02,6.397040933370590210e-02,1.576521992683410645e-01,2.398510277271270752e-01,1.278508782386779785e+00,-2.260604128241539001e-02,5.224162712693214417e-02,-4.126025736331939697e-02,1.903897337615489960e-02,-1.942947804927825928e-01,-1.193360164761543274e-01,1.306024074554443359e+00,2.962009049952030182e-02,1.452201884239912033e-02,-7.881727814674377441e-02
5.206040740013122559e-01,6.935991346836090088e-02,8.656376600265502930e-01,-3.962643444538116455e-03,-1.485218480229377747e-02,7.220618724822998047e-01,-6.916576623916625977e-01,1.003425270318984985e-01,-8.829782158136367798e-02,1.402522623538970947e-01,1.117099970579147339e-01,-5.978538841009140015e-02,-4.858449846506118774e-02,-2.949073016643524170e-01,-1.381325423717498779e-01,-1.803897321224212646e-01,1.783583611249923706e-01,1.337591707706451416e-01,3.809623792767524719e-02,-1.897014677524566650e-02,2.877986617386341095e-02,-1.875913143157958984e-02,6.437135487794876099e-02,1.616903990507125854e-01,2.354133874177932739e-01,1.277777314186096191e+00,-3.097780793905258179e-02,5.142999067902565002e-02,-4.138619825243949890e-02,1.176789682358503342e-02,-1.911588013172149658e-01,-1.171856820583343506e-01,1.294418573379516602e+00,1.375956647098064423e-02,2.567408047616481781e-02,-7.920935750007629395e-02
5.312036275863647461e-01,7.218779623508453369e-02,8.668474555015563965e-01,-2.875788835808634758e-03,-1.560469716787338257e-02,7.230585217475891113e-01,-6.906045079231262207e-01,8.748979866504669189e-02,-8.365081995725631714e-02,1.433543562889099121e-01,9.585027396678924561e-02,-5.118781328201293945e-02,-4.069486260414123535e-02,-2.864354848861694336e-01,-1.601667851209640503e-01,-1.764592528343200684e-01,2.252936065196990967e-01,6.267122924327850342e-02,3.614521771669387817e-02,-1.879565045237541199e-02,2.512214519083499908e-02,-1.573599688708782196e-02,6.418259441852569580e-02,1.657778620719909668e-01,2.336620986461639404e-01,1.277921319007873535e+00,-3.315353393554687500e-02,5.064910650253295898e-02,-4.334773495793342590e-02,7.102756761014461517e-03,-1.854427754878997803e-01,-1.203112006187438965e-01,1.289289832115173340e+00,8.244146592915058136e-03,2.892876602709293365e-02,-8.287815749645233154e-02
5.402567386627197266e-01,7.436065375804901123e-02,8.679026961326599121e-01,-1.724504982121288776e-03,-1.590558886528015137e-02,7.232725024223327637e-01,-6.903773546218872070e-01,7.557397335767745972e-02,-7.683445513248443604e-02,1.417150050401687622e-01,7.790216803550720215e-02,-3.890108689665794373e-02,-3.636840730905532837e-02,-2.684462070465087891e-01,-1.784714758396148682e-01,-1.689225435256958008e-01,2.662084996700286865e-01,8.425128646194934845e-03,3.586428612470626831e-02,-1.977895759046077728e-02,2.059078961610794067e-02,-1.286065950989723206e-02,6.350522488355636597e-02,1.703520417213439941e-01,2.299260348081588745e-01,1.281007528305053711e+00,-3.823969513177871704e-02,5.245788395404815674e-02,-4.617132991552352905e-02,4.268722608685493469e-03,-1.784464865922927856e-01,-1.245225518941879272e-01,1.286036252975463867e+00,1.114850956946611404e-02,3.180273249745368958e-02,-8.748660981655120850e-02
5.504571199417114258e-01,7.658916711807250977e-02,8.689001202583312988e-01,-7.637223461642861366e-04,-1.634337380528450012e-02,7.227319478988647461e-01,-6.909347772598266602e-01,6.151536852121353149e-02,-6.757078319787979126e-02,1.363904327154159546e-01,5.305210128426551819e-02,-2.202778868377208710e-02,-3.342513740062713623e-02,-2.334565520286560059e-01,-1.987252235412597656e-01,-1.563587486743927002e-01,3.108116984367370605e-01,-5.168327689170837402e-02,4.735440760850906372e-02,-2.227069251239299774e-02,1.404155604541301727e-02,-1.191690191626548767e-02,6.329338252544403076e-02,1.771597564220428467e-01,2.237738221883773804e-01,1.286404728889465332e+00,-4.441328346729278564e-02,5.569461733102798462e-02,-4.595372825860977173e-02,4.841366782784461975e-03,-1.728830188512802124e-01,-1.241780892014503479e-01,1.280636429786682129e+00,9.656617417931556702e-03,3.683298826217651367e-02,-8.687392622232437134e-02
5.569292902946472168e-01,7.787800580263137817e-02,8.692819476127624512e-01,-5.918826209381222725e-04,-1.660236530005931854e-02,7.222186923027038574e-01,-6.914652585983276367e-01,5.222935602068901062e-02,-6.222761422395706177e-02,1.332567483186721802e-01,3.755871206521987915e-02,-1.201569195836782455e-02,-3.503616154193878174e-02,-2.013134807348251343e-01,-2.083394974470138550e-01,-1.374429464340209961e-01,3.312905728816986084e-01,-8.609327673912048340e-02,6.760306656360626221e-02,-2.580382488667964935e-02,1.133268047124147415e-02,-1.246062573045492172e-02,6.266916543245315552e-02,1.818542331457138062e-01,2.208403050899505615e-01,1.290436983108520508e+00,-4.392062872648239136e-02,5.877690389752388000e-02,-4.434543848037719727e-02,7.701888214796781540e-03,-1.714097410440444946e-01,-1.221256107091903687e-01,1.275393724441528320e+00,8.400731720030307770e-03,4.529243335127830505e-02,-8.583094179630279541e-02
5.625576376914978027e-01,7.901488244533538818e-02,8.693467974662780762e-01,-7.732573430985212326e-04,-1.693048514425754547e-02,7.218850255012512207e-01,-6.918054223060607910e-01,4.410425946116447449e-02,-5.867354944348335266e-02,1.318507045507431030e-01,2.576528489589691162e-02,-7.036928553134202957e-03,-3.726754337549209595e-02,-1.671782582998275757e-01,-2.151069492101669312e-01,-1.134493798017501831e-01,3.443755805492401123e-01,-1.131580844521522522e-01,8.297967910766601562e-02,-2.989043854176998138e-02,1.128529291599988937e-02,-1.319583691656589508e-02,6.125907227396965027e-02,1.851464509963989258e-01,2.206714600324630737e-01,1.294772863388061523e+00,-4.184638336300849915e-02,6.301908940076828003e-02,-4.509945586323738098e-02,1.167871989309787750e-02,-1.715592890977859497e-01,-1.202303469181060791e-01,1.270005583763122559e+00,3.990389406681060791e-03,5.472855269908905029e-02,-8.567626774311065674e-02
5.685085058212280273e-01,8.022440969944000244e-02,8.691487312316894531e-01,-1.360543421469628811e-03,-1.737941801548004150e-02,7.213290929794311523e-01,-6.923730373382568359e-01,3.564185276627540588e-02,-5.563184246420860291e-02,1.288333982229232788e-01,1.448172703385353088e-02,-5.088319070637226105e-03,-4.562744870781898499e-02,-1.220892667770385742e-01,-2.189806997776031494e-01,-8.249338716268539429e-02,3.515977263450622559e-01,-1.426505148410797119e-01,9.627687931060791016e-02,-3.497494384646415710e-02,1.047125924378633499e-02,-1.457886304706335068e-02,6.185956299304962158e-02,1.878119856119155884e-01,2.268776148557662964e-01,1.298889636993408203e+00,-4.227449744939804077e-02,6.784065067768096924e-02,-4.790794104337692261e-02,1.513562165200710297e-02,-1.724226325750350952e-01,-1.153301745653152466e-01,1.267123699188232422e+00,1.752099051373079419e-04,6.108079105615615845e-02,-8.680769056081771851e-02
5.717654228210449219e-01,8.092960715293884277e-02,8.689223527908325195e-01,-2.240810077637434006e-03,-1.778246462345123291e-02,7.202338576316833496e-01,-6.934998035430908203e-01,3.036290407180786133e-02,-5.641321465373039246e-02,1.248825117945671082e-01,1.027748733758926392e-02,-5.329735111445188522e-03,-4.993351921439170837e-02,-9.122768044471740723e-02,-2.174485176801681519e-01,-6.210533156991004944e-02,3.477887213230133057e-01,-1.555492877960205078e-01,9.887319803237915039e-02,-3.949852287769317627e-02,9.318471886217594147e-03,-1.622788421809673309e-02,6.274458765983581543e-02,1.892229020595550537e-01,2.310867011547088623e-01,1.302262783050537109e+00,-4.876085370779037476e-02,7.147772610187530518e-02,-5.035102367401123047e-02,1.672759279608726501e-02,-1.706801354885101318e-01,-1.143756657838821411e-01,1.268252849578857422e+00,-2.410402521491050720e-03,6.112113222479820251e-02,-8.807372301816940308e-02
5.741589665412902832e-01,8.151414245367050171e-02,8.686831593513488770e-01,-3.299148520454764366e-03,-1.820196770131587982e-02,7.188994288444519043e-01,-6.948679089546203613e-01,2.591888234019279480e-02,-5.861847475171089172e-02,1.203835904598236084e-01,8.460121229290962219e-03,-6.030499935150146484e-03,-5.211468413472175598e-02,-6.394593417644500732e-02,-2.111473083496093750e-01,-4.271633550524711609e-02,3.354980349540710449e-01,-1.688107699155807495e-01,9.580671042203903198e-02,-4.305949807167053223e-02,8.621670305728912354e-03,-1.848697289824485779e-02,6.360134482383728027e-02,1.901374459266662598e-01,2.311675250530242920e-01,1.305514335632324219e+00,-5.322509631514549255e-02,7.417630404233932495e-02,-5.211502686142921448e-02,1.853108219802379608e-02,-1.697309762239456177e-01,-1.126867756247520447e-01,1.270873665809631348e+00,-2.509290585294365883e-03,5.859967693686485291e-02,-8.834065496921539307e-02
5.762968063354492188e-01,8.222160488367080688e-02,8.685286641120910645e-01,-4.806216806173324585e-03,-1.873146370053291321e-02,7.170568704605102539e-01,-6.967463493347167969e-01,2.127094008028507233e-02,-6.346198171377182007e-02,1.148061677813529968e-01,9.283844381570816040e-03,-5.809772294014692307e-03,-5.425662919878959656e-02,-3.385693579912185669e-02,-1.996477246284484863e-01,-2.616192586719989777e-02,3.133152425289154053e-01,-1.759782284498214722e-01,8.488080650568008423e-02,-4.602842777967453003e-02,9.504130110144615173e-03,-2.071981877088546753e-02,6.270813941955566406e-02,1.889254599809646606e-01,2.300333082675933838e-01,1.310713768005371094e+00,-5.356462299823760986e-02,7.894618809223175049e-02,-5.367985740303993225e-02,2.212043665349483490e-02,-1.712390333414077759e-01,-1.094589605927467346e-01,1.273301243782043457e+00,2.698207390494644642e-04,5.472007021307945251e-02,-8.734578639268875122e-02
5.773758292198181152e-01,8.237759023904800415e-02,8.684855103492736816e-01,-5.326512269675731659e-03,-1.840160414576530457e-02,7.156701683998107910e-01,-6.981756091117858887e-01,1.838218234479427338e-02,-6.523992121219635010e-02,1.119763553142547607e-01,1.094389986246824265e-02,-6.638694554567337036e-03,-5.591761320829391479e-02,-1.602385565638542175e-02,-1.861885488033294678e-01,-2.193568646907806396e-02,2.914346456527709961e-01,-1.713334321975708008e-01,7.789305597543716431e-02,-4.689591750502586365e-02,1.102326251566410065e-02,-2.100427076220512390e-02,6.219403445720672607e-02,1.863654106855392456e-01,2.308838069438934326e-01,1.314188480377197266e+00,-5.201814323663711548e-02,8.161997795104980469e-02,-5.417625978589057922e-02,2.459201589226722717e-02,-1.732637733221054077e-01,-1.038275659084320068e-01,1.276383638381958008e+00,2.727254759520292282e-03,4.959797859191894531e-02,-8.496911078691482544e-02
5.780816674232482910e-01,8.211386203765869141e-02,8.683620095252990723e-01,-5.747256800532341003e-03,-1.757403090596199036e-02,7.139559388160705566e-01,-6.999464631080627441e-01,1.550141628831624985e-02,-6.689501553773880005e-02,1.105245426297187805e-01,1.494846399873495102e-02,-9.885728359222412109e-03,-5.770750343799591064e-02,-2.826484153047204018e-03,-1.698807328939437866e-01,-2.095430530607700348e-02,2.664671838283538818e-01,-1.586173623800277710e-01,7.432597130537033081e-02,-4.711041226983070374e-02,1.238677557557821274e-02,-2.044951729476451874e-02,6.277167797088623047e-02,1.824823617935180664e-01,2.361009567975997925e-01,1.315230011940002441e+00,-5.205629020929336548e-02,8.281580358743667603e-02,-5.322777479887008667e-02,2.834458649158477783e-02,-1.758933961391448975e-01,-1.008175387978553772e-01,1.278068184852600098e+00,2.979932818561792374e-03,4.698753729462623596e-02,-8.290960639715194702e-02
5.776712298393249512e-01,8.112195134162902832e-02,8.680578470230102539e-01,-5.784994456917047501e-03,-1.618910394608974457e-02,7.114778161048889160e-01,-7.024981975555419922e-01,1.390382088720798492e-02,-6.778436154127120972e-02,1.086157038807868958e-01,2.162658981978893280e-02,-1.600236073136329651e-02,-5.837970227003097534e-02,1.106341183185577393e-02,-1.430565118789672852e-01,-2.103853225708007812e-02,2.233611494302749634e-01,-1.206970661878585815e-01,6.635289639234542847e-02,-4.547628760337829590e-02,1.274308469146490097e-02,-1.986172795295715332e-02,6.769533455371856689e-02,1.794436573982238770e-01,2.441395372152328491e-01,1.311133265495300293e+00,-5.392774567008018494e-02,8.016736060380935669e-02,-5.324268713593482971e-02,3.209763020277023315e-02,-1.780388951301574707e-01,-9.596484154462814331e-02,1.281057834625244141e+00,3.140316577628254890e-03,4.259457811713218689e-02,-8.020549267530441284e-02
5.765373706817626953e-01,8.046906441450119019e-02,8.677763938903808594e-01,-6.201223935931921005e-03,-1.562991552054882050e-02,7.100620269775390625e-01,-7.039383649826049805e-01,1.382389944046735764e-02,-6.948180496692657471e-02,1.071428135037422180e-01,2.635525912046432495e-02,-2.032621391117572784e-02,-5.608704686164855957e-02,1.666546985507011414e-02,-1.227240040898323059e-01,-2.325936593115329742e-02,1.861201226711273193e-01,-9.829208999872207642e-02,6.656882353127002716e-03,-4.197043925523757935e-02,1.379819866269826889e-02,-2.133240737020969391e-02,7.240238040685653687e-02,1.780032813549041748e-01,2.470223307609558105e-01,1.306097507476806641e+00,-5.261391028761863708e-02,7.517436146736145020e-02,-5.173078551888465881e-02,3.527898713946342468e-02,-1.785156130790710449e-01,-9.792327135801315308e-02,1.281991243362426758e+00,1.107711112126708031e-03,3.917640820145606995e-02,-7.891333103179931641e-02
5.742464661598205566e-01,7.998253405094146729e-02,8.672870993614196777e-01,-7.244729902595281601e-03,-1.557787135243415833e-02,7.086701989173889160e-01,-7.053307294845581055e-01,1.464707683771848679e-02,-7.459605485200881958e-02,1.045193225145339966e-01,3.352123871445655823e-02,-2.420077659189701080e-02,-4.776991158723831177e-02,1.870908774435520172e-02,-1.021185070276260376e-01,-2.648175321519374847e-02,1.481507122516632080e-01,-8.820433169603347778e-02,-1.733545330353081226e-03,-3.842608258128166199e-02,1.501589268445968628e-02,-2.506137825548648834e-02,7.818304002285003662e-02,1.791878342628479004e-01,2.499667406082153320e-01,1.299748301506042480e+00,-5.139483883976936340e-02,6.778393685817718506e-02,-4.943418502807617188e-02,3.844743221998214722e-02,-1.773255318403244019e-01,-9.958540648221969604e-02,1.282779097557067871e+00,9.192571160383522511e-04,3.570675849914550781e-02,-7.853021472692489624e-02
5.702929496765136719e-01,8.016972243785858154e-02,8.663953542709350586e-01,-9.118871763348579407e-03,-1.549529936164617538e-02,7.072024345397949219e-01,-7.067824602127075195e-01,1.629336178302764893e-02,-8.776021003723144531e-02,1.017222777009010315e-01,5.148080736398696899e-02,-2.845850214362144470e-02,-3.189037740230560303e-02,2.073758281767368317e-02,-7.817094773054122925e-02,-2.793805859982967377e-02,1.017651706933975220e-01,-8.079817146062850952e-02,-7.522816304117441177e-03,-3.348553553223609924e-02,1.716419495642185211e-02,-2.751132659614086151e-02,8.368553966283798218e-02,1.824499070644378662e-01,2.605310082435607910e-01,1.288725137710571289e+00,-4.374076798558235168e-02,5.527229234576225281e-02,-4.532361030578613281e-02,3.807991743087768555e-02,-1.688438355922698975e-01,-1.096276938915252686e-01,1.285289764404296875e+00,-4.297405481338500977e-03,2.785026282072067261e-02,-7.988829910755157471e-02
5.673313736915588379e-01,8.069472014904022217e-02,8.662145137786865234e-01,-1.067619677633047104e-02,-1.564780250191688538e-02,7.061762213706970215e-01,-7.077826261520385742e-01,1.815731637179851532e-02,-1.037311330437660217e-01,1.027641594409942627e-01,7.374506443738937378e-02,-3.070384263992309570e-02,-2.051914855837821960e-02,2.345215901732444763e-02,-6.904043257236480713e-02,-2.478442527353763580e-02,7.858048379421234131e-02,-6.770012527704238892e-02,-1.800680160522460938e-02,-2.796848490834236145e-02,1.862793043255805969e-02,-2.713037095963954926e-02,8.381912112236022949e-02,1.806350648403167725e-01,2.763105034828186035e-01,1.282777667045593262e+00,-3.662256896495819092e-02,5.228655412793159485e-02,-4.695004969835281372e-02,3.672352805733680725e-02,-1.639231294393539429e-01,-1.154339909553527832e-01,1.287100553512573242e+00,-3.879966912791132927e-03,2.248056046664714813e-02,-8.201611042022705078e-02
5.650475621223449707e-01,8.130584657192230225e-02,8.665179610252380371e-01,-1.172707229852676392e-02,-1.551165711134672165e-02,7.049399614334106445e-01,-7.090003490447998047e-01,1.984978839755058289e-02,-1.224166825413703918e-01,1.010006740689277649e-01,1.023282930254936218e-01,-3.105031326413154602e-02,-1.480288710445165634e-02,2.503643184900283813e-02,-6.203993037343025208e-02,-1.994472742080688477e-02,6.040349602699279785e-02,-5.289421975612640381e-02,-2.260372228920459747e-02,-2.102076448500156403e-02,1.959921047091484070e-02,-2.471258677542209625e-02,7.982090115547180176e-02,1.735035479068756104e-01,2.951819002628326416e-01,1.283284306526184082e+00,-3.824267536401748657e-02,6.182298064231872559e-02,-5.216574668884277344e-02,3.506680950522422791e-02,-1.606670171022415161e-01,-1.166734248399734497e-01,1.290700912475585938e+00,1.741203712299466133e-03,1.725989580154418945e-02,-8.469953387975692749e-02
5.635458827018737793e-01,8.233605325222015381e-02,8.671927452087402344e-01,-1.345134992152452469e-02,-1.547393482178449631e-02,7.022472620010375977e-01,-7.116377949714660645e-01,2.000500075519084930e-02,-1.545725613832473755e-01,9.271686524152755737e-02,1.535667032003402710e-01,-4.696474596858024597e-02,-1.137815508991479874e-02,2.417353540658950806e-02,-5.291536822915077209e-02,-1.974935643374919891e-02,3.547327220439910889e-02,-3.509014844894409180e-02,-2.339706569910049438e-02,-1.051500719040632248e-02,1.835428923368453979e-02,-2.326901629567146301e-02,7.236497104167938232e-02,1.601400226354598999e-01,3.174085319042205811e-01,1.290392875671386719e+00,-3.478443250060081482e-02,7.215330004692077637e-02,-5.683401599526405334e-02,3.475520759820938110e-02,-1.625918596982955933e-01,-1.120522469282150269e-01,1.295426011085510254e+00,1.053416635841131210e-02,1.393084414303302765e-02,-8.274521678686141968e-02
5.634252429008483887e-01,8.320537209510803223e-02,8.675625324249267578e-01,-1.468504033982753754e-02,-1.536547578871250153e-02,6.990270614624023438e-01,-7.147792577743530273e-01,1.948801614344120026e-02,-1.798788309097290039e-01,8.086010813713073730e-02,1.967159509658813477e-01,-7.647606730461120605e-02,-2.603267133235931396e-02,2.193018794059753418e-02,-4.592961817979812622e-02,-2.605761028826236725e-02,1.755256392061710358e-02,-2.415904588997364044e-02,-2.130063995718955994e-02,-1.995833823457360268e-03,1.372265443205833435e-02,-2.228064276278018951e-02,6.733205169439315796e-02,1.504520922899246216e-01,3.278514444828033447e-01,1.294395685195922852e+00,-3.442357107996940613e-02,7.713486254215240479e-02,-6.073082610964775085e-02,3.574363142251968384e-02,-1.698573678731918335e-01,-1.078484281897544861e-01,1.295653820037841797e+00,1.169895287603139877e-02,1.746402867138385773e-02,-7.697371393442153931e-02
5.635815262794494629e-01,8.417934924364089966e-02,8.677713274955749512e-01,-1.575838029384613037e-02,-1.506940368562936783e-02,6.952415108680725098e-01,-7.184454202651977539e-01,2.156640589237213135e-02,-2.025829851627349854e-01,7.114112377166748047e-02,2.389380484819412231e-01,-1.237889826297760010e-01,-5.638333410024642944e-02,1.932366937398910522e-02,-3.842538222670555115e-02,-3.598488867282867432e-02,1.281419390579685569e-04,-1.517730019986629486e-02,-2.155767939984798431e-02,5.198716185986995697e-03,7.354982662945985794e-03,-2.106513828039169312e-02,6.367956101894378662e-02,1.440221071243286133e-01,3.328104019165039062e-01,1.294917106628417969e+00,-3.164082393050193787e-02,7.584761083126068115e-02,-6.329686194658279419e-02,3.683964908123016357e-02,-1.791193038225173950e-01,-1.053229793906211853e-01,1.293695569038391113e+00,1.407779473811388016e-02,2.155465818941593170e-02,-7.477170974016189575e-02
5.634223222732543945e-01,8.434490859508514404e-02,8.679599761962890625e-01,-1.589977927505970001e-02,-1.393628586083650589e-02,6.923453807830810547e-01,-7.212564349174499512e-01,3.853023797273635864e-02,-2.214131951332092285e-01,7.492312788963317871e-02,2.806645035743713379e-01,-1.646178215742111206e-01,-5.319753289222717285e-02,1.744649186730384827e-02,-2.757281623780727386e-02,-4.222879558801651001e-02,-1.727414876222610474e-02,-6.283870898187160492e-03,-2.059042453765869141e-02,1.146404724568128586e-02,3.870388725772500038e-03,-1.821655966341495514e-02,6.208379566669464111e-02,1.426849365234375000e-01,3.335203230381011963e-01,1.289925336837768555e+00,-2.688954770565032959e-02,7.104521989822387695e-02,-6.211750209331512451e-02,3.593837469816207886e-02,-1.860994696617126465e-01,-1.047676652669906616e-01,1.295079112052917480e+00,1.250677555799484253e-02,2.188754826784133911e-02,-7.586330920457839966e-02
5.635434985160827637e-01,8.342611044645309448e-02,8.681233525276184082e-01,-1.487929094582796097e-02,-1.244775112718343735e-02,6.919738650321960449e-01,-7.216618657112121582e-01,6.281156092882156372e-02,-2.228024154901504517e-01,9.094426780939102173e-02,2.941269278526306152e-01,-1.734230220317840576e-01,-4.259025305509567261e-02,1.645399071276187897e-02,-2.275593765079975128e-02,-4.323647543787956238e-02,-1.739998348057270050e-02,-5.956190638244152069e-03,-1.944838464260101318e-02,1.468742731958627701e-02,4.023768939077854156e-03,-1.563721522688865662e-02,6.488505750894546509e-02,1.445339769124984741e-01,3.356860578060150146e-01,1.283397793769836426e+00,-2.082236111164093018e-02,6.730976700782775879e-02,-6.366151571273803711e-02,3.460866212844848633e-02,-1.861912608146667480e-01,-1.081994995474815369e-01,1.300486445426940918e+00,7.450404111295938492e-03,1.568376831710338593e-02,-7.890644669532775879e-02
5.638366341590881348e-01,8.192986249923706055e-02,8.681830763816833496e-01,-1.391229592263698578e-02,-1.152189821004867554e-02,6.923956871032714844e-01,-7.212917804718017578e-01,9.465716779232025146e-02,-2.182257622480392456e-01,1.125781536102294922e-01,2.953387498855590820e-01,-1.645411849021911621e-01,-3.030853718519210815e-02,1.620860956609249115e-02,-1.868234761059284210e-02,-4.276512935757637024e-02,-1.740000024437904358e-02,-4.167838953435420990e-03,-1.920196786522865295e-02,1.616934314370155334e-02,4.909914918243885040e-03,-1.532765012234449387e-02,6.987650692462921143e-02,1.483981311321258545e-01,3.403653502464294434e-01,1.277240276336669922e+00,-1.501309219747781754e-02,6.261628121137619019e-02,-6.527291983366012573e-02,3.303768858313560486e-02,-1.809917390346527100e-01,-1.160731315612792969e-01,1.308781743049621582e+00,8.780603297054767609e-03,8.030433673411607742e-04,-7.976974546909332275e-02
5.651745200157165527e-01,7.941160351037979126e-02,8.682063817977905273e-01,-1.253630500286817551e-02,-1.069035660475492477e-02,6.924341320991516113e-01,-7.212929725646972656e-01,1.425862461328506470e-01,-2.059871107339859009e-01,1.426332592964172363e-01,2.848123610019683838e-01,-1.321996748447418213e-01,-2.220685221254825592e-02,1.539895124733448029e-02,-1.270284038037061691e-02,-4.266086220741271973e-02,-1.740000024437904358e-02,-3.457683837041258812e-03,-2.106827124953269958e-02,1.682622916996479034e-02,1.751397852785885334e-03,-1.685660146176815033e-02,7.706783711910247803e-02,1.541817635297775269e-01,3.488522469997406006e-01,1.272228240966796875e+00,-1.282926369458436966e-02,5.882930383086204529e-02,-6.747767329216003418e-02,3.227690979838371277e-02,-1.745617091655731201e-01,-1.237232983112335205e-01,1.318126916885375977e+00,2.402261085808277130e-02,-1.391025166958570480e-02,-8.005165308713912964e-02
5.674312114715576172e-01,7.765278220176696777e-02,8.682387471199035645e-01,-1.142390072345733643e-02,-1.033748872578144073e-02,6.918386220932006836e-01,-7.218877673149108887e-01,1.785873770713806152e-01,-1.934128999710083008e-01,1.601216644048690796e-01,2.721902430057525635e-01,-1.142973676323890686e-01,-2.294962294399738312e-02,1.381261926144361496e-02,-8.333206176757812500e-03,-4.420395568013191223e-02,-1.740000024437904358e-02,-3.036356298252940178e-03,-2.174087613821029663e-02,1.730385981500148773e-02,-2.822963520884513855e-03,-1.828552968800067902e-02,7.947862893342971802e-02,1.568736433982849121e-01,3.538486063480377197e-01,1.273072600364685059e+00,-1.230012159794569016e-02,6.033933535218238831e-02,-6.824940443038940430e-02,3.370932117104530334e-02,-1.734302937984466553e-01,-1.262244582176208496e-01,1.321112751960754395e+00,2.649019658565521240e-02,-1.678707264363765717e-02,-7.957898825407028198e-02
5.708988308906555176e-01,7.587672024965286255e-02,8.682242631912231445e-01,-1.031464524567127228e-02,-1.013897825032472610e-02,6.909751296043395996e-01,-7.227338552474975586e-01,2.123164683580398560e-01,-1.785988509654998779e-01,1.716518700122833252e-01,2.569675147533416748e-01,-1.031949520111083984e-01,-2.182553149759769440e-02,1.064798887819051743e-02,-3.903339616954326630e-03,-4.674262180924415588e-02,-1.740000024437904358e-02,-3.982834052294492722e-03,-2.053925581276416779e-02,1.760889589786529541e-02,-7.656144443899393082e-03,-2.075133100152015686e-02,7.947504520416259766e-02,1.578896045684814453e-01,3.557191491127014160e-01,1.278611660003662109e+00,-1.171689573675394058e-02,6.710305809974670410e-02,-6.946912407875061035e-02,3.817744553089141846e-02,-1.746449023485183716e-01,-1.293296515941619873e-01,1.320407271385192871e+00,2.610125951468944550e-02,-1.578638330101966858e-02,-7.905996590852737427e-02
5.768113732337951660e-01,7.347126305103302002e-02,8.680734634399414062e-01,-8.670914918184280396e-03,-9.899411350488662720e-03,6.894428133964538574e-01,-7.242205739021301270e-01,2.541669905185699463e-01,-1.575347334146499634e-01,1.863786727190017700e-01,2.343986034393310547e-01,-8.671776205301284790e-02,-1.375166978687047958e-02,5.093907006084918976e-03,2.555046230554580688e-03,-4.832923039793968201e-02,-1.740000024437904358e-02,-5.140349734574556351e-03,-1.780826412141323090e-02,1.760438084602355957e-02,-1.371429394930601120e-02,-2.321703545749187469e-02,7.591481506824493408e-02,1.581365913152694702e-01,3.542233705520629883e-01,1.288346409797668457e+00,-1.353629305958747864e-02,7.835489511489868164e-02,-6.979333609342575073e-02,4.676000401377677917e-02,-1.795879155397415161e-01,-1.327993571758270264e-01,1.316255807876586914e+00,2.689598128199577332e-02,-1.178800594061613083e-02,-7.853130996227264404e-02
5.821739435195922852e-01,7.160278409719467163e-02,8.678240776062011719e-01,-7.090195547789335251e-03,-9.840440936386585236e-03,6.885392665863037109e-01,-7.250976562500000000e-01,2.826026082038879395e-01,-1.393677592277526855e-01,1.961483210325241089e-01,2.119057327508926392e-01,-6.555099040269851685e-02,-8.138804696500301361e-03,2.236719010397791862e-04,7.920879870653152466e-03,-5.147002264857292175e-02,-1.740000024437904358e-02,-7.714396808296442032e-03,-1.388608571141958237e-02,1.799299009144306183e-02,-1.655891351401805878e-02,-2.465676516294479370e-02,7.297605276107788086e-02,1.579399555921554565e-01,3.523484766483306885e-01,1.293473243713378906e+00,-1.566772907972335815e-02,8.376350998878479004e-02,-6.877639889717102051e-02,5.308807641267776489e-02,-1.837578415870666504e-01,-1.337099969387054443e-01,1.314854025840759277e+00,2.705068886280059814e-02,-8.579447865486145020e-03,-7.825442403554916382e-02
5.885825753211975098e-01,6.985296308994293213e-02,8.674557805061340332e-01,-5.446709692478179932e-03,-9.988916106522083282e-03,6.883402466773986816e-01,-7.252987027168273926e-01,3.065189421176910400e-01,-1.196093931794166565e-01,2.054355740547180176e-01,1.852347701787948608e-01,-4.269774258136749268e-02,-5.321121425367891788e-04,-5.761317443102598190e-03,1.290194783359766006e-02,-5.570879578590393066e-02,-1.740000024437904358e-02,-1.151767373085021973e-02,-8.378444239497184753e-03,1.910845376551151276e-02,-1.727969013154506683e-02,-2.601047419011592865e-02,7.093645632266998291e-02,1.574770361185073853e-01,3.516763448715209961e-01,1.294420719146728516e+00,-1.593479141592979431e-02,8.577498048543930054e-02,-6.748382747173309326e-02,5.827961117029190063e-02,-1.876445263624191284e-01,-1.334917098283767700e-01,1.315953493118286133e+00,2.626586891710758209e-02,-7.816231809556484222e-03,-7.828971743583679199e-02
5.990056991577148438e-01,6.787841022014617920e-02,8.666607141494750977e-01,-3.490743227303028107e-03,-1.079044304788112640e-02,6.888586282730102539e-01,-7.248069643974304199e-01,3.301155269145965576e-01,-9.533883631229400635e-02,2.188937216997146606e-01,1.508988589048385620e-01,-1.452328450977802277e-02,-1.045474200509488583e-03,-1.586680859327316284e-02,1.784716546535491943e-02,-6.377129256725311279e-02,-1.740000024437904358e-02,-1.640599593520164490e-02,-1.125852431869134307e-04,2.184554003179073334e-02,-1.453991327434778214e-02,-2.832306735217571259e-02,6.921520829200744629e-02,1.564301401376724243e-01,3.509192764759063721e-01,1.290188670158386230e+00,-1.474905386567115784e-02,8.281240612268447876e-02,-6.695239990949630737e-02,6.465103477239608765e-02,-1.932191848754882812e-01,-1.325417906045913696e-01,1.320349812507629395e+00,2.733039855957031250e-02,-1.297660917043685913e-02,-7.690901309251785278e-02
6.083949804306030273e-01,6.644488871097564697e-02,8.658325076103210449e-01,-2.086865017190575600e-03,-1.145259104669094086e-02,6.891199946403503418e-01,-7.245537638664245605e-01,3.403888344764709473e-01,-8.197715878486633301e-02,2.206543982028961182e-01,1.327445507049560547e-01,7.349010091274976730e-03,-3.940608818084001541e-03,-2.572075091302394867e-02,2.157944440841674805e-02,-7.072883099317550659e-02,-1.740000024437904358e-02,-2.102635242044925690e-02,7.652417290955781937e-03,2.470781467854976654e-02,-1.208127476274967194e-02,-3.060811385512351990e-02,6.887083500623703003e-02,1.532109230756759644e-01,3.514286577701568604e-01,1.284632205963134766e+00,-1.346924621611833572e-02,7.770233601331710815e-02,-6.844611465930938721e-02,6.767677515745162964e-02,-1.951925754547119141e-01,-1.361175924539566040e-01,1.327010393142700195e+00,2.662355266511440277e-02,-2.070776186883449554e-02,-7.572830468416213989e-02
6.193791627883911133e-01,6.502562761306762695e-02,8.647783994674682617e-01,-4.903464578092098236e-04,-1.191165857017040253e-02,6.890369653701782227e-01,-7.246281504631042480e-01,3.438504636287689209e-01,-7.338744401931762695e-02,2.124697268009185791e-01,1.216778010129928589e-01,3.554337099194526672e-02,-1.251963339745998383e-02,-3.776430338621139526e-02,2.618129365146160126e-02,-7.778629660606384277e-02,-1.740000024437904358e-02,-2.583738230168819427e-02,1.759591326117515564e-02,2.748377062380313873e-02,-1.106288097798824310e-02,-3.201334178447723389e-02,6.874576956033706665e-02,1.486156433820724487e-01,3.530676960945129395e-01,1.278931617736816406e+00,-1.279555447399616241e-02,7.448484748601913452e-02,-6.980720907449722290e-02,6.977040320634841919e-02,-1.996633261442184448e-01,-1.346206367015838623e-01,1.333887696266174316e+00,2.902038767933845520e-02,-2.962599508464336395e-02,-7.211082428693771362e-02
6.367364525794982910e-01,6.374977529048919678e-02,8.628754615783691406e-01,1.732489559799432755e-03,-1.201625261455774307e-02,6.880344748497009277e-01,-7.255764007568359375e-01,3.369476199150085449e-01,-6.611883640289306641e-02,1.913614422082901001e-01,1.123183071613311768e-01,6.261812895536422729e-02,-9.670340269804000854e-02,-5.828775092959403992e-02,3.301893174648284912e-02,-9.267568588256835938e-02,-1.740000024437904358e-02,-2.945644594728946686e-02,3.516672551631927490e-02,3.127949684858322144e-02,-1.105222851037979126e-02,-3.209172934293746948e-02,6.686577945947647095e-02,1.409092396497726440e-01,3.499694466590881348e-01,1.273562192916870117e+00,-1.230027619749307632e-02,7.074364274740219116e-02,-6.980800628662109375e-02,6.990870833396911621e-02,-2.058896273374557495e-01,-1.322110146284103394e-01,1.344786763191223145e+00,3.305568918585777283e-02,-4.283152148127555847e-02,-7.060045003890991211e-02
6.512694358825683594e-01,6.296879798173904419e-02,8.611538410186767578e-01,3.631957340985536575e-03,-1.188043877482414246e-02,6.866720318794250488e-01,-7.268611788749694824e-01,3.257579207420349121e-01,-6.483199447393417358e-02,1.746257990598678589e-01,1.143113672733306885e-01,6.766217201948165894e-02,-1.552234292030334473e-01,-7.538742572069168091e-02,3.884464129805564880e-02,-1.040523871779441833e-01,-1.740000024437904358e-02,-2.882844954729080200e-02,5.062447115778923035e-02,3.375986218452453613e-02,-1.301423460245132446e-02,-3.115488775074481964e-02,6.633298099040985107e-02,1.356828063726425171e-01,3.442010879516601562e-01,1.270276904106140137e+00,-1.371721923351287842e-02,6.722854822874069214e-02,-6.900482624769210815e-02,6.877823919057846069e-02,-2.101922780275344849e-01,-1.319948136806488037e-01,1.352381348609924316e+00,3.720995411276817322e-02,-5.170488357543945312e-02,-7.063985615968704224e-02
6.671385765075683594e-01,6.288973242044448853e-02,8.595263361930847168e-01,4.829671233892440796e-03,-1.160329580307006836e-02,6.851106286048889160e-01,-7.283306121826171875e-01,3.083507120609283447e-01,-6.622758507728576660e-02,1.594892442226409912e-01,1.233444660902023315e-01,4.030095413327217102e-02,-1.833780854940414429e-01,-9.539829939603805542e-02,4.294643923640251160e-02,-1.158675178885459900e-01,-1.740000024437904358e-02,-2.155608497560024261e-02,6.687960028648376465e-02,3.299571946263313293e-02,-1.509843952953815460e-02,-3.097013942897319794e-02,6.619252264499664307e-02,1.312045305967330933e-01,3.384103178977966309e-01,1.268628358840942383e+00,-1.373583637177944183e-02,6.421867012977600098e-02,-6.892231106758117676e-02,6.591259688138961792e-02,-2.126656323671340942e-01,-1.306537389755249023e-01,1.359588265419006348e+00,4.164055734872817993e-02,-6.144731491804122925e-02,-7.000172138214111328e-02
6.902413368225097656e-01,6.359940022230148315e-02,8.578110337257385254e-01,4.488303791731595993e-03,-1.085999701172113419e-02,6.841061115264892578e-01,-7.292878627777099609e-01,2.763968706130981445e-01,-7.375366240739822388e-02,1.452492624521255493e-01,1.397780179977416992e-01,3.951606340706348419e-04,-1.683664023876190186e-01,-1.283215433359146118e-01,4.419947043061256409e-02,-1.282967478036880493e-01,-1.740000024437904358e-02,7.353737601079046726e-04,9.114116430282592773e-02,2.560092322528362274e-02,-1.255751028656959534e-02,-3.104396909475326538e-02,6.503129005432128906e-02,1.269474625587463379e-01,3.292200863361358643e-01,1.270397305488586426e+00,-1.406219415366649628e-02,6.305854767560958862e-02,-7.021220028400421143e-02,5.943587049841880798e-02,-2.125109136104583740e-01,-1.294811069965362549e-01,1.366544604301452637e+00,4.584818333387374878e-02,-7.086876034736633301e-02,-6.848216056823730469e-02
7.075149416923522949e-01,6.449162960052490234e-02,8.575899004936218262e-01,3.013889305293560028e-03,-9.931807406246662140e-03,6.840148568153381348e-01,-7.293942570686340332e-01,2.492643296718597412e-01,-8.406066149473190308e-02,1.374054551124572754e-01,1.554089486598968506e-01,-1.859273016452789307e-02,-1.494224667549133301e-01,-1.551269739866256714e-01,4.241300374269485474e-02,-1.335581690073013306e-01,-1.740000024437904358e-02,2.914307266473770142e-02,1.052244976162910461e-01,1.440444029867649078e-02,-7.372522726655006409e-03,-3.042970970273017883e-02,6.536548584699630737e-02,1.295512169599533081e-01,3.166792392730712891e-01,1.273765921592712402e+00,-2.235921099781990051e-02,6.473863869905471802e-02,-7.261528074741363525e-02,5.237151682376861572e-02,-2.055451720952987671e-01,-1.329559534788131714e-01,1.368741631507873535e+00,4.555765539407730103e-02,-7.871825248003005981e-02,-6.989138573408126831e-02
7.244127392768859863e-01,6.568484008312225342e-02,8.583775758743286133e-01,1.150752301327884197e-03,-9.173925034701824188e-03,6.847674846649169922e-01,-7.287029623985290527e-01,2.214865684509277344e-01,-9.528815746307373047e-02,1.266077309846878052e-01,1.706941872835159302e-01,-3.032846562564373016e-02,-1.336758136749267578e-01,-1.832135766744613647e-01,3.068295493721961975e-02,-1.372479647397994995e-01,-2.597669837996363640e-03,5.910273641347885132e-02,1.171525269746780396e-01,2.515056403353810310e-03,-3.372649662196636200e-04,-3.098239749670028687e-02,6.403179466724395752e-02,1.360057145357131958e-01,2.928586304187774658e-01,1.281876802444458008e+00,-3.052292391657829285e-02,6.972837448120117188e-02,-7.082799077033996582e-02,4.571096599102020264e-02,-1.941099464893341064e-01,-1.386173665523529053e-01,1.368305683135986328e+00,4.758865386247634888e-02,-8.523857593536376953e-02,-7.526449859142303467e-02
7.468656897544860840e-01,6.778069585561752319e-02,8.601891398429870605e-01,-1.937286113388836384e-03,-9.973187930881977081e-03,6.875138878822326660e-01,-7.261001467704772949e-01,1.846876591444015503e-01,-1.039759740233421326e-01,1.106534898281097412e-01,1.745517402887344360e-01,-4.019676521420478821e-02,-1.096425727009773254e-01,-2.200751602649688721e-01,2.023624838329851627e-04,-1.438220292329788208e-01,3.357705846428871155e-02,1.008357182145118713e-01,1.213189065456390381e-01,-7.445857394486665726e-03,7.735773455351591110e-03,-3.407065570354461670e-02,6.423459202051162720e-02,1.487203836441040039e-01,2.536658346652984619e-01,1.287287831306457520e+00,-2.119280211627483368e-02,6.829262524843215942e-02,-5.960320308804512024e-02,3.845581039786338806e-02,-1.827571988105773926e-01,-1.440887153148651123e-01,1.358914375305175781e+00,5.432642623782157898e-02,-6.437268108129501343e-02,-8.059224486351013184e-02
7.633133530616760254e-01,6.960594654083251953e-02,8.616576790809631348e-01,-3.688800614327192307e-03,-1.097740978002548218e-02,6.903726458549499512e-01,-7.233612537384033203e-01,1.588125824928283691e-01,-1.029717624187469482e-01,1.036643087863922119e-01,1.648109853267669678e-01,-4.633977636694908142e-02,-9.030050039291381836e-02,-2.444831132888793945e-01,-2.542857266962528229e-02,-1.517254412174224854e-01,6.388322263956069946e-02,1.292995959520339966e-01,1.177705153822898865e-01,-1.179975178092718124e-02,1.272234506905078888e-02,-3.529101982712745667e-02,6.408032774925231934e-02,1.578737050294876099e-01,2.305803894996643066e-01,1.287967562675476074e+00,-2.204813808202743530e-02,6.556738913059234619e-02,-5.733690038323402405e-02,3.569052740931510925e-02,-1.831289976835250854e-01,-1.386762857437133789e-01,1.342662096023559570e+00,4.690153151750564575e-02,-3.380941972136497498e-02,-7.753641903400421143e-02
7.790771722793579102e-01,7.172974199056625366e-02,8.629720211029052734e-01,-4.799886140972375870e-03,-1.174433808773756027e-02,6.936478614807128906e-01,-7.202025055885314941e-01,1.350782215595245361e-01,-9.930548071861267090e-02,1.028201952576637268e-01,1.521361023187637329e-01,-5.159521475434303284e-02,-7.135096937417984009e-02,-2.650030553340911865e-01,-4.824851825833320618e-02,-1.629950702190399170e-01,9.019505977630615234e-02,1.518011242151260376e-01,1.047641932964324951e-01,-1.402466464787721634e-02,1.677512750029563904e-02,-3.520597890019416809e-02,6.321822106838226318e-02,1.642615348100662231e-01,2.169096618890762329e-01,1.288214206695556641e+00,-2.519671432673931122e-02,6.484840810298919678e-02,-5.862485244870185852e-02,3.031220659613609314e-02,-1.852937787771224976e-01,-1.272944658994674683e-01,1.327251791954040527e+00,3.061248920857906342e-02,-1.170382183045148849e-02,-7.920336723327636719e-02
7.979164123535156250e-01,7.493927329778671265e-02,8.644999265670776367e-01,-5.361971445381641388e-03,-1.254092715680599213e-02,6.973299384117126465e-01,-7.166205048561096191e-01,1.079149991273880005e-01,-9.505308419466018677e-02,1.043756902217864990e-01,1.371547579765319824e-01,-5.414739996194839478e-02,-4.982334002852439880e-02,-2.824402451515197754e-01,-7.475662976503372192e-02,-1.851458400487899780e-01,1.275453567504882812e-01,1.412020474672317505e-01,4.461125284433364868e-02,-1.576181873679161072e-02,1.838424243032932281e-02,-3.460021689534187317e-02,6.200138852000236511e-02,1.693530827760696411e-01,2.115121781826019287e-01,1.289724588394165039e+00,-3.394321352243423462e-02,6.568985432386398315e-02,-5.925424769520759583e-02,2.112158387899398804e-02,-1.826749742031097412e-01,-1.203397437930107117e-01,1.312500715255737305e+00,1.346871536225080490e-02,2.173003973439335823e-03,-8.582827448844909668e-02
8.089185357093811035e-01,7.771661877632141113e-02,8.657204508781433105e-01,-5.049986299127340317e-03,-1.388236414641141891e-02,6.997246742248535156e-01,-7.142598628997802734e-01,9.429407119750976562e-02,-9.289768338203430176e-02,1.066362857818603516e-01,1.259102970361709595e-01,-5.173729360103607178e-02,-3.625046089291572571e-02,-2.831443250179290771e-01,-9.870632737874984741e-02,-1.911831796169281006e-01,1.701436787843704224e-01,8.325588703155517578e-02,-2.346863783895969391e-02,-1.498902216553688049e-02,1.778596453368663788e-02,-3.430022299289703369e-02,6.151960417628288269e-02,1.733111739158630371e-01,2.103891521692276001e-01,1.290939092636108398e+00,-3.539699316024780273e-02,6.583234667778015137e-02,-5.874213576316833496e-02,1.507694274187088013e-02,-1.753842979669570923e-01,-1.250629276037216187e-01,1.305737853050231934e+00,7.130731362849473953e-03,3.708085976541042328e-03,-8.762539178133010864e-02
8.172950148582458496e-01,8.033694326877593994e-02,8.669056296348571777e-01,-4.006845410913228989e-03,-1.512469537556171417e-02,7.022555470466613770e-01,-7.117530107498168945e-01,8.549306541681289673e-02,-9.043698757886886597e-02,1.101310625672340393e-01,1.162002906203269958e-01,-4.604873433709144592e-02,-2.717951498925685883e-02,-2.712022364139556885e-01,-1.244508549571037292e-01,-1.833296120166778564e-01,2.196676582098007202e-01,1.747859269380569458e-02,-1.920525170862674713e-02,-1.352180354297161102e-02,1.860799454152584076e-02,-3.193327039480209351e-02,6.027736887335777283e-02,1.790387630462646484e-01,2.058023214340209961e-01,1.292271018028259277e+00,-3.989073261618614197e-02,6.529442965984344482e-02,-5.714698508381843567e-02,1.101734582334756851e-02,-1.677025258541107178e-01,-1.324987113475799561e-01,1.299927353858947754e+00,1.254429388791322708e-02,1.275328826159238815e-02,-9.138948470354080200e-02
8.265916109085083008e-01,8.337981253862380981e-02,8.683653473854064941e-01,-1.724457484669983387e-03,-1.548266410827636719e-02,7.059445977210998535e-01,-7.080956697463989258e-01,7.539745420217514038e-02,-8.309106528759002686e-02,1.108328551054000854e-01,1.018422469496726990e-01,-3.278945758938789368e-02,-1.959377713501453400e-02,-2.384355962276458740e-01,-1.556936204433441162e-01,-1.571345329284667969e-01,2.815782725811004639e-01,-6.132728233933448792e-02,-3.928208723664283752e-03,-1.123843248933553696e-02,1.992162689566612244e-02,-2.499180659651756287e-02,5.729883536696434021e-02,1.851066946983337402e-01,1.981882303953170776e-01,1.295992612838745117e+00,-4.631068930029869080e-02,6.751924008131027222e-02,-5.758741870522499084e-02,6.993886083364486694e-03,-1.646517217159271240e-01,-1.301471143960952759e-01,1.291378021240234375e+00,1.139456778764724731e-02,2.202517539262771606e-02,-8.819513767957687378e-02
8.326683044433593750e-01,8.503952622413635254e-02,8.691806197166442871e-01,-2.310641721123829484e-04,-1.519344374537467957e-02,7.079967856407165527e-01,-7.060521245002746582e-01,6.791272014379501343e-02,-7.711955904960632324e-02,1.087495461106300354e-01,9.172573685646057129e-02,-2.374275214970111847e-02,-1.774509064853191376e-02,-2.053558379411697388e-01,-1.734962612390518188e-01,-1.308368444442749023e-01,3.171615004539489746e-01,-1.052239611744880676e-01,1.624371297657489777e-02,-1.096110511571168900e-02,1.959121972322463989e-02,-2.049820497632026672e-02,5.654099956154823303e-02,1.865424662828445435e-01,1.971895247697830200e-01,1.299528360366821289e+00,-4.432230815291404724e-02,7.162717729806900024e-02,-5.930621922016143799e-02,7.030534557998180389e-03,-1.672949641942977905e-01,-1.215263381600379944e-01,1.284318208694458008e+00,1.114507298916578293e-02,3.264696896076202393e-02,-8.737310767173767090e-02
8.380370736122131348e-01,8.627569675445556641e-02,8.695711493492126465e-01,7.570714224129915237e-04,-1.462748087942600250e-02,7.091761231422424316e-01,-7.048792243003845215e-01,6.057757139205932617e-02,-7.222251594066619873e-02,1.055499836802482605e-01,8.383089303970336914e-02,-1.773562468588352203e-02,-1.738214679062366486e-02,-1.696018725633621216e-01,-1.842756718397140503e-01,-1.045854166150093079e-01,3.391773700714111328e-01,-1.390232890844345093e-01,4.592969268560409546e-02,-1.224410906434059143e-02,1.794157549738883972e-02,-1.739542186260223389e-02,5.848264694213867188e-02,1.879578828811645508e-01,1.987815648317337036e-01,1.301129341125488281e+00,-4.357483237981796265e-02,7.423204928636550903e-02,-6.001722440123558044e-02,9.194396436214447021e-03,-1.705026179552078247e-01,-1.162214875221252441e-01,1.276939392089843750e+00,4.667340777814388275e-03,4.345965385437011719e-02,-8.747505396604537964e-02
8.438946604728698730e-01,8.775860071182250977e-02,8.696872591972351074e-01,8.926322334446012974e-04,-1.430780813097953796e-02,7.097164988517761230e-01,-7.043415307998657227e-01,5.219197645783424377e-02,-6.953542679548263550e-02,1.041201800107955933e-01,7.664232701063156128e-02,-1.480295322835445404e-02,-1.980984769761562347e-02,-1.224419549107551575e-01,-1.915501654148101807e-01,-7.198596000671386719e-02,3.509709537029266357e-01,-1.736521869897842407e-01,8.122728019952774048e-02,-1.445958297699689865e-02,1.443269383162260056e-02,-1.547718979418277740e-02,6.190805509686470032e-02,1.899725198745727539e-01,1.997641026973724365e-01,1.301284313201904297e+00,-4.592894390225410461e-02,7.430385053157806396e-02,-5.845445021986961365e-02,1.296586915850639343e-02,-1.739022433757781982e-01,-1.161305382847785950e-01,1.269293665885925293e+00,-3.842694917693734169e-03,5.411652475595474243e-02,-8.904406428337097168e-02
8.470013141632080078e-01,8.854168653488159180e-02,8.697018623352050781e-01,5.439786473289132118e-04,-1.432244386523962021e-02,7.097362875938415527e-01,-7.043216228485107422e-01,4.748579114675521851e-02,-6.885828822851181030e-02,1.051847487688064575e-01,7.241822034120559692e-02,-1.312585547566413879e-02,-2.188412845134735107e-02,-8.875375986099243164e-02,-1.932222843170166016e-01,-5.118924751877784729e-02,3.499287664890289307e-01,-1.868609935045242310e-01,9.245632588863372803e-02,-1.622273959219455719e-02,1.229121256619691849e-02,-1.526124682277441025e-02,6.417603790760040283e-02,1.910111159086227417e-01,1.989157795906066895e-01,1.300921440124511719e+00,-4.694323986768722534e-02,7.345887273550033569e-02,-5.694741010665893555e-02,1.582892052829265594e-02,-1.756622195243835449e-01,-1.174114048480987549e-01,1.266734361648559570e+00,-5.782922264188528061e-03,5.977722629904747009e-02,-9.081578254699707031e-02
8.494021892547607422e-01,8.897656947374343872e-02,8.696038126945495605e-01,-3.524119674693793058e-04,-1.454938482493162155e-02,7.090861201286315918e-01,-7.049716711044311523e-01,4.341190680861473083e-02,-6.928624957799911499e-02,1.063885390758514404e-01,6.904974579811096191e-02,-1.397542934864759445e-02,-2.553215622901916504e-02,-6.100627779960632324e-02,-1.889129132032394409e-01,-4.330483824014663696e-02,3.354360461235046387e-01,-1.877656877040863037e-01,1.003083363175392151e-01,-1.861687935888767242e-02,9.341478347778320312e-03,-1.729890145361423492e-02,6.754362583160400391e-02,1.913548111915588379e-01,2.010489404201507568e-01,1.300470948219299316e+00,-4.435819014906883240e-02,7.321336865425109863e-02,-5.702433735132217407e-02,1.949913613498210907e-02,-1.767385452985763550e-01,-1.161139011383056641e-01,1.266827821731567383e+00,-5.169515032321214676e-03,6.129017099738121033e-02,-9.222254902124404907e-02
8.513998985290527344e-01,8.932222425937652588e-02,8.692334890365600586e-01,-2.140419324859976768e-03,-1.516791619360446930e-02,7.078124880790710449e-01,-7.062342762947082520e-01,3.917704522609710693e-02,-7.121311873197555542e-02,1.071300804615020752e-01,6.586331129074096680e-02,-1.867737248539924622e-02,-3.173055499792098999e-02,-3.260897472500801086e-02,-1.758047193288803101e-01,-4.072412475943565369e-02,2.993417084217071533e-01,-1.821359246969223022e-01,9.701205044984817505e-02,-2.013686485588550568e-02,7.255175616592168808e-03,-2.143655158579349518e-02,7.041358947753906250e-02,1.897650957107543945e-01,2.045602798461914062e-01,1.300441861152648926e+00,-4.092467576265335083e-02,7.233556360006332397e-02,-5.643552169203758240e-02,2.595521137118339539e-02,-1.782954037189483643e-01,-1.162434592843055725e-01,1.269247889518737793e+00,-5.455714650452136993e-03,5.846410989761352539e-02,-9.283032268285751343e-02
8.515847325325012207e-01,8.941116929054260254e-02,8.688061833381652832e-01,-3.364481264725327492e-03,-1.521297916769981384e-02,7.066947817802429199e-01,-7.073469758033752441e-01,3.712726756930351257e-02,-7.289405912160873413e-02,1.056286394596099854e-01,6.549563258886337280e-02,-2.273204550147056580e-02,-3.444135561585426331e-02,-1.674422249197959900e-02,-1.635007411241531372e-01,-3.719552978873252869e-02,2.693096995353698730e-01,-1.761601120233535767e-01,9.124518185853958130e-02,-2.081477642059326172e-02,7.962441071867942810e-03,-2.314304001629352570e-02,6.959964334964752197e-02,1.877563446760177612e-01,2.062183916568756104e-01,1.301588058471679688e+00,-3.828021883964538574e-02,7.164026051759719849e-02,-5.510289222002029419e-02,3.118067234754562378e-02,-1.791156679391860962e-01,-1.163226217031478882e-01,1.272558093070983887e+00,-3.810994094237685204e-03,5.502052232623100281e-02,-9.180212020874023438e-02
8.505626320838928223e-01,8.911404758691787720e-02,8.684209585189819336e-01,-4.059439059346914291e-03,-1.492998749017715454e-02,7.053179740905761719e-01,-7.087221741676330566e-01,3.746891394257545471e-02,-7.459919154644012451e-02,1.053510159254074097e-01,6.820027530193328857e-02,-2.786748111248016357e-02,-3.838713839650154114e-02,-4.297043662518262863e-03,-1.475135236978530884e-01,-3.127861022949218750e-02,2.349230498075485229e-01,-1.645808666944503784e-01,8.485559374094009399e-02,-2.046841569244861603e-02,8.957942016422748566e-03,-2.375959046185016632e-02,6.770097464323043823e-02,1.853004246950149536e-01,2.080399692058563232e-01,1.303716301918029785e+00,-3.628399968147277832e-02,7.215484231710433960e-02,-5.496377497911453247e-02,3.601348400115966797e-02,-1.798607409000396729e-01,-1.134659647941589355e-01,1.277531385421752930e+00,-4.225309938192367554e-03,4.960975423455238342e-02,-8.646848797798156738e-02
8.484441041946411133e-01,8.783732354640960693e-02,8.680260181427001953e-01,-4.634197801351547241e-03,-1.439621299505233765e-02,7.031586766242980957e-01,-7.108721137046813965e-01,3.922188654541969299e-02,-7.766114920377731323e-02,1.060651764273643494e-01,7.622157782316207886e-02,-3.602364286780357361e-02,-4.320362210273742676e-02,5.083282943814992905e-03,-1.279396116733551025e-01,-2.168881520628929138e-02,1.935532391071319580e-01,-1.132958754897117615e-01,3.003324382007122040e-02,-1.630270294845104218e-02,9.812401607632637024e-03,-2.373181097209453583e-02,6.539531052112579346e-02,1.798681169748306274e-01,2.135564833879470825e-01,1.305749297142028809e+00,-3.671051561832427979e-02,7.493764907121658325e-02,-5.674917623400688171e-02,4.114966839551925659e-02,-1.809912770986557007e-01,-1.069785356521606445e-01,1.286438345909118652e+00,-4.199780523777008057e-03,3.761258721351623535e-02,-8.196011185646057129e-02
8.458689451217651367e-01,8.713156729936599731e-02,8.676590919494628906e-01,-5.139862652868032455e-03,-1.416816189885139465e-02,7.014681100845336914e-01,-7.125414609909057617e-01,4.172094911336898804e-02,-8.202901482582092285e-02,1.048221215605735779e-01,8.447099477052688599e-02,-4.083788767457008362e-02,-4.368819668889045715e-02,8.224753662943840027e-03,-1.132850870490074158e-01,-2.400292642414569855e-02,1.655604392290115356e-01,-9.051667153835296631e-02,1.525382976979017258e-02,-1.213618088513612747e-02,1.027953159064054489e-02,-2.423773892223834991e-02,6.433437019586563110e-02,1.767542213201522827e-01,2.187446355819702148e-01,1.305524468421936035e+00,-3.838947787880897522e-02,7.500711083412170410e-02,-5.743286013603210449e-02,4.407989978790283203e-02,-1.804705411195755005e-01,-1.028102263808250427e-01,1.293711304664611816e+00,-1.239000004716217518e-03,2.897813916206359863e-02,-7.969243079423904419e-02
8.428905010223388672e-01,8.677212148904800415e-02,8.671050071716308594e-01,-6.368754897266626358e-03,-1.420975662767887115e-02,6.993142366409301758e-01,-7.146447896957397461e-01,4.382154718041419983e-02,-9.037503600120544434e-02,1.003439202904701233e-01,9.611301124095916748e-02,-4.464063420891761780e-02,-4.224105179309844971e-02,9.575709700584411621e-03,-9.839344769716262817e-02,-2.809724211692810059e-02,1.361024081707000732e-01,-7.743068039417266846e-02,1.179213635623455048e-02,-7.880436256527900696e-03,1.046018395572900772e-02,-2.577725611627101898e-02,6.424245983362197876e-02,1.751770675182342529e-01,2.234572470188140869e-01,1.302187204360961914e+00,-4.098538309335708618e-02,7.215982675552368164e-02,-5.829441174864768982e-02,4.667112976312637329e-02,-1.790272593498229980e-01,-1.022559404373168945e-01,1.299303293228149414e+00,5.977267937851138413e-05,2.006160281598567963e-02,-7.870195806026458740e-02
8.379329442977905273e-01,8.664724230766296387e-02,8.665380477905273438e-01,-8.582756854593753815e-03,-1.390276569873094559e-02,6.951413154602050781e-01,-7.186874151229858398e-01,4.713062196969985962e-02,-1.096384227275848389e-01,9.563911706209182739e-02,1.240832954645156860e-01,-5.273962393403053284e-02,-4.285191744565963745e-02,1.301078312098979950e-02,-8.050509542226791382e-02,-2.746356464922428131e-02,9.950353205204010010e-02,-6.280796974897384644e-02,-1.583131146617233753e-03,-3.938578069210052490e-03,7.726948708295822144e-03,-2.613088116049766541e-02,6.492338329553604126e-02,1.748313456773757935e-01,2.349927872419357300e-01,1.292753338813781738e+00,-3.823775053024291992e-02,6.428719311952590942e-02,-5.986512452363967896e-02,4.748481139540672302e-02,-1.755530983209609985e-01,-1.041202098131179810e-01,1.305143713951110840e+00,2.581916749477386475e-03,9.229271672666072845e-03,-7.876469939947128296e-02
8.343172669410705566e-01,8.664848655462265015e-02,8.667231798171997070e-01,-9.804074652493000031e-03,-1.319657545536756516e-02,6.912602782249450684e-01,-7.224187850952148438e-01,5.012140050530433655e-02,-1.286026984453201294e-01,9.403856843709945679e-02,1.551846116781234741e-01,-6.374400854110717773e-02,-4.718710482120513916e-02,1.561744883656501770e-02,-6.755124777555465698e-02,-2.555663697421550751e-02,7.416323572397232056e-02,-4.673435911536216736e-02,-1.212233304977416992e-02,-3.533422132022678852e-04,2.927265129983425140e-03,-2.383388020098209381e-02,6.542649120092391968e-02,1.716119647026062012e-01,2.522871196269989014e-01,1.284782528877258301e+00,-3.759734332561492920e-02,5.839692428708076477e-02,-6.304664909839630127e-02,4.620064795017242432e-02,-1.732620298862457275e-01,-1.050186902284622192e-01,1.309583902359008789e+00,4.908288363367319107e-03,2.027360256761312485e-03,-7.889760285615921021e-02
8.316026329994201660e-01,8.669399470090866089e-02,8.672679662704467773e-01,-1.046889647841453552e-02,-1.203397195786237717e-02,6.863015294075012207e-01,-7.271422147750854492e-01,5.271304771304130554e-02,-1.504468768835067749e-01,9.023848176002502441e-02,1.956159621477127075e-01,-8.862595260143280029e-02,-5.581006407737731934e-02,1.600112393498420715e-02,-5.102201178669929504e-02,-3.206099942326545715e-02,4.501962661743164062e-02,-3.175534680485725403e-02,-1.421917416155338287e-02,3.670484991744160652e-03,-3.085512667894363403e-03,-2.139751613140106201e-02,6.384277343750000000e-02,1.659903228282928467e-01,2.652001678943634033e-01,1.281764626502990723e+00,-4.027899727225303650e-02,5.732821673154830933e-02,-6.403353810310363770e-02,4.671902582049369812e-02,-1.726992279291152954e-01,-1.067425012588500977e-01,1.313244819641113281e+00,8.709389716386795044e-03,-3.850893350318074226e-03,-7.889008522033691406e-02
8.296515941619873047e-01,8.718254417181015015e-02,8.679622411727905273e-01,-1.125039346516132355e-02,-1.090252026915550232e-02,6.787971258163452148e-01,-7.341587543487548828e-01,5.860526859760284424e-02,-1.808886229991912842e-01,8.073027431964874268e-02,2.551204562187194824e-01,-1.477902829647064209e-01,-1.051263362169265747e-01,1.566403545439243317e-02,-2.935664728283882141e-02,-4.399475827813148499e-02,5.925842560827732086e-03,-1.253261603415012360e-02,-1.418900676071643829e-02,1.062354817986488342e-02,-1.077577192336320877e-02,-1.870989240705966949e-02,5.649130418896675110e-02,1.548979878425598145e-01,2.743898034095764160e-01,1.282851099967956543e+00,-3.366176038980484009e-02,6.073397397994995117e-02,-6.480170041322708130e-02,5.114555731415748596e-02,-1.783940494060516357e-01,-1.119751483201980591e-01,1.313087105751037598e+00,1.445104647427797318e-02,-5.570903420448303223e-03,-7.664692401885986328e-02
8.284899592399597168e-01,8.755818754434585571e-02,8.681864142417907715e-01,-1.198124699294567108e-02,-1.054638158529996872e-02,6.740651130676269531e-01,-7.384994626045227051e-01,6.760144233703613281e-02,-2.000296711921691895e-01,7.585122436285018921e-02,2.955945730209350586e-01,-2.042003870010375977e-01,-1.546973884105682373e-01,1.594936847686767578e-02,-1.737016253173351288e-02,-5.293293297290802002e-02,-1.719812490046024323e-02,-9.026998886838555336e-04,-1.509796921163797379e-02,1.414501573890447617e-02,-1.242583431303501129e-02,-1.862849295139312744e-02,4.993621632456779480e-02,1.489251554012298584e-01,2.743633687496185303e-01,1.284673333168029785e+00,-3.239571303129196167e-02,6.262339651584625244e-02,-6.621639430522918701e-02,5.582145974040031433e-02,-1.851633191108703613e-01,-1.133788451552391052e-01,1.310960769653320312e+00,1.778825558722019196e-02,-1.591902459040284157e-03,-7.308966666460037231e-02
8.275952339172363281e-01,8.746127039194107056e-02,8.683371543884277344e-01,-1.245221216231584549e-02,-1.005060039460659027e-02,6.711776852607727051e-01,-7.411237955093383789e-01,8.362889289855957031e-02,-2.124271988868713379e-01,7.538542151451110840e-02,3.234374523162841797e-01,-2.373573184013366699e-01,-1.494984626770019531e-01,1.547307614237070084e-02,-1.621454581618309021e-02,-6.087084114551544189e-02,-1.739997416734695435e-02,-2.137479837983846664e-03,-1.467079017311334610e-02,1.619753800332546234e-02,-1.066710148006677628e-02,-1.816140115261077881e-02,4.699598997831344604e-02,1.454978436231613159e-01,2.793520092964172363e-01,1.281668066978454590e+00,-3.071014955639839172e-02,6.087261810898780823e-02,-6.893794983625411987e-02,5.815967917442321777e-02,-1.914030015468597412e-01,-1.101924926042556763e-01,1.310347080230712891e+00,1.704763434827327728e-02,5.775910685770213604e-04,-7.097972184419631958e-02
8.270614147186279297e-01,8.699513226747512817e-02,8.684149980545043945e-01,-1.279041822999715805e-02,-9.514680132269859314e-03,6.694982051849365234e-01,-7.426425814628601074e-01,1.184908002614974976e-01,-2.165208160877227783e-01,9.727388620376586914e-02,3.360798358917236328e-01,-2.514490187168121338e-01,-1.235676631331443787e-01,1.468308828771114349e-02,-1.490113977342844009e-02,-6.814382225275039673e-02,-1.740000024437904358e-02,-2.159269759431481361e-03,-1.435511838644742966e-02,1.725731790065765381e-02,-5.536284763365983963e-03,-1.784420944750308990e-02,4.707551002502441406e-02,1.444222629070281982e-01,2.902176678180694580e-01,1.273674726486206055e+00,-2.249354682862758636e-02,5.445139855146408081e-02,-7.015329599380493164e-02,5.701320618391036987e-02,-1.945851296186447144e-01,-1.055186018347740173e-01,1.314406037330627441e+00,1.412262208759784698e-02,-6.078650243580341339e-03,-7.133582234382629395e-02
8.269680142402648926e-01,8.606977760791778564e-02,8.683936595916748047e-01,-1.272115483880043030e-02,-9.396141394972801208e-03,6.692410707473754883e-01,-7.428770065307617188e-01,1.530306786298751831e-01,-2.122417837381362915e-01,1.217428371310234070e-01,3.298499286174774170e-01,-2.283403128385543823e-01,-9.150172770023345947e-02,1.491829752922058105e-02,-1.359579153358936310e-02,-7.264228910207748413e-02,-1.740000024437904358e-02,-2.669574460014700890e-03,-1.462582033127546310e-02,1.738386228680610657e-02,-1.598425558768212795e-03,-1.805214583873748779e-02,5.112743005156517029e-02,1.467672884464263916e-01,2.998333871364593506e-01,1.265157341957092285e+00,-2.080726996064186096e-02,4.816690087318420410e-02,-7.151922583580017090e-02,5.397031083703041077e-02,-1.925981640815734863e-01,-1.061960309743881226e-01,1.319678544998168945e+00,1.316058542579412460e-02,-1.257954910397529602e-02,-7.138340920209884644e-02
8.275736570358276367e-01,8.473567664623260498e-02,8.683672547340393066e-01,-1.195815112441778183e-02,-8.969260379672050476e-03,6.686805486679077148e-01,-7.433995604515075684e-01,1.894527822732925415e-01,-2.024239897727966309e-01,1.459118127822875977e-01,3.126271069049835205e-01,-1.783168613910675049e-01,-5.589285865426063538e-02,1.500898133963346481e-02,-1.021582446992397308e-02,-7.696053385734558105e-02,-1.740000024437904358e-02,-3.860388649627566338e-03,-1.589148677885532379e-02,1.755380071699619293e-02,-3.337721864227205515e-04,-1.751453429460525513e-02,5.386048555374145508e-02,1.487637460231781006e-01,3.078382015228271484e-01,1.260259866714477539e+00,-1.848441734910011292e-02,4.480928555130958557e-02,-7.225408405065536499e-02,5.046251043677330017e-02,-1.896530538797378540e-01,-1.103811487555503845e-01,1.324061870574951172e+00,1.197433285415172577e-02,-1.924084499478340149e-02,-7.051235437393188477e-02
8.298333287239074707e-01,8.286172151565551758e-02,8.683037757873535156e-01,-1.072744186967611313e-02,-8.667469955980777740e-03,6.670935153961181641e-01,-7.448463439941406250e-01,2.369171082973480225e-01,-1.840884983539581299e-01,1.799417436122894287e-01,2.771648764610290527e-01,-1.082385331392288208e-01,-2.993389219045639038e-02,1.381231751292943954e-02,-5.172865465283393860e-03,-8.258417248725891113e-02,-1.740000024437904358e-02,-5.588511936366558075e-03,-1.504685450345277786e-02,1.795066148042678833e-02,-2.729628933593630791e-03,-1.833471842110157013e-02,5.630896985530853271e-02,1.502856016159057617e-01,3.150243461132049561e-01,1.260880708694458008e+00,-1.688756607472896576e-02,4.611424729228019714e-02,-7.638742029666900635e-02,4.796545952558517456e-02,-1.876434534788131714e-01,-1.158378198742866516e-01,1.325575113296508789e+00,1.830756478011608124e-02,-2.313758805394172668e-02,-6.939453631639480591e-02
8.328248262405395508e-01,8.198036998510360718e-02,8.681948184967041016e-01,-9.899303317070007324e-03,-9.009073488414287567e-03,6.655176877975463867e-01,-7.462620735168457031e-01,2.692631185054779053e-01,-1.681238561868667603e-01,2.017623484134674072e-01,2.472990006208419800e-01,-8.911066502332687378e-02,-3.106776066124439240e-02,1.174527686089277267e-02,-2.568464726209640503e-03,-8.632431924343109131e-02,-1.740000024437904358e-02,-7.028549443930387497e-03,-1.283526420593261719e-02,1.864987052977085114e-02,-6.690364331007003784e-03,-2.033499255776405334e-02,5.792252719402313232e-02,1.510873287916183472e-01,3.193478882312774658e-01,1.263355970382690430e+00,-1.680990681052207947e-02,4.970665648579597473e-02,-7.814466208219528198e-02,4.831370338797569275e-02,-1.886878013610839844e-01,-1.194060742855072021e-01,1.322682142257690430e+00,2.141622640192508698e-02,-2.148394472897052765e-02,-6.889771670103073120e-02
8.370007276535034180e-01,8.117908239364624023e-02,8.680349588394165039e-01,-9.127721190452575684e-03,-9.489883668720722198e-03,6.632396578788757324e-01,-7.482911944389343262e-01,2.971132099628448486e-01,-1.536776870489120483e-01,2.182150185108184814e-01,2.189445048570632935e-01,-7.800365239381790161e-02,-2.842416614294052124e-02,8.133039809763431549e-03,1.703098241705447435e-04,-9.033805131912231445e-02,-1.740000024437904358e-02,-9.393000975251197815e-03,-9.643827565014362335e-03,1.938223093748092651e-02,-1.226814370602369308e-02,-2.262353338301181793e-02,5.861839652061462402e-02,1.508593857288360596e-01,3.241530358791351318e-01,1.267050147056579590e+00,-1.546535640954971313e-02,5.437355488538742065e-02,-7.915820181369781494e-02,5.024967715144157410e-02,-1.908783018589019775e-01,-1.240950897336006165e-01,1.317668080329895020e+00,2.169463783502578735e-02,-1.715845800936222076e-02,-6.973491609096527100e-02
8.439759612083435059e-01,7.973533123731613159e-02,8.676385283470153809e-01,-7.103700656443834305e-03,-9.782297536730766296e-03,6.608883738517761230e-01,-7.503868341445922852e-01,3.293658196926116943e-01,-1.335256099700927734e-01,2.371874153614044189e-01,1.828056722879409790e-01,-5.114935711026191711e-02,-2.339828386902809143e-02,2.788334852084517479e-03,6.257994100451469421e-03,-9.240458160638809204e-02,-1.740000024437904358e-02,-1.303413882851600647e-02,-5.126210395246744156e-03,2.082465216517448425e-02,-1.687623187899589539e-02,-2.371244691312313080e-02,5.808687955141067505e-02,1.511408537626266479e-01,3.274043798446655273e-01,1.272442698478698730e+00,-1.527092605829238892e-02,6.075156480073928833e-02,-8.039869368076324463e-02,5.388892069458961487e-02,-1.931379288434982300e-01,-1.296780854463577271e-01,1.312419176101684570e+00,2.046856284141540527e-02,-1.134526822715997696e-02,-7.318138331174850464e-02
8.503986597061157227e-01,7.863694429397583008e-02,8.670874834060668945e-01,-4.995322786271572113e-03,-1.068858429789543152e-02,6.601923108100891113e-01,-7.510039210319519043e-01,3.502671420574188232e-01,-1.186143979430198669e-01,2.454746812582015991e-01,1.563341617584228516e-01,-2.075788378715515137e-02,-2.088807336986064911e-02,-1.051652710884809494e-03,1.052367594093084335e-02,-9.331583976745605469e-02,-1.740000024437904358e-02,-1.625016704201698303e-02,3.111759142484515905e-04,2.438859269022941589e-02,-1.760495267808437347e-02,-2.479214221239089966e-02,5.718766152858734131e-02,1.508264094591140747e-01,3.307138681411743164e-01,1.275218248367309570e+00,-1.371626369655132294e-02,6.482780724763870239e-02,-8.152435719966888428e-02,5.670304968953132629e-02,-1.943731158971786499e-01,-1.325991451740264893e-01,1.311439514160156250e+00,1.951001212000846863e-02,-9.245525114238262177e-03,-7.536845654249191284e-02
8.579272031784057617e-01,7.782237231731414795e-02,8.663292527198791504e-01,-2.647924236953258514e-03,-1.201610453426837921e-02,6.601097583770751953e-01,-7.510684132575988770e-01,3.662535250186920166e-01,-1.049618348479270935e-01,2.471937090158462524e-01,1.323271244764328003e-01,1.068648509681224823e-02,-2.480757795274257660e-02,-5.534948781132698059e-03,1.416411157697439194e-02,-9.521547704935073853e-02,-1.740000024437904358e-02,-1.963158696889877319e-02,7.295046932995319366e-03,2.921913005411624908e-02,-1.720252260565757751e-02,-2.564297430217266083e-02,5.633727461099624634e-02,1.492580324411392212e-01,3.365340232849121094e-01,1.276285171508789062e+00,-1.233869977295398712e-02,6.687538325786590576e-02,-8.279476314783096313e-02,5.879524350166320801e-02,-1.958033740520477295e-01,-1.338659822940826416e-01,1.312815904617309570e+00,1.890012435615062714e-02,-9.919374249875545502e-03,-7.647584378719329834e-02
8.700207471847534180e-01,7.756200432777404785e-02,8.651298284530639648e-01,1.990729797398671508e-04,-1.399706304073333740e-02,6.597668528556823730e-01,-7.513399720191955566e-01,3.769009113311767578e-01,-9.267280995845794678e-02,2.349881678819656372e-01,1.114153340458869934e-01,2.258052118122577667e-02,-1.806662976741790771e-02,-1.461060065776109695e-02,1.782288961112499237e-02,-1.035736799240112305e-01,-1.740000024437904358e-02,-2.422393113374710083e-02,1.884500309824943542e-02,3.591967746615409851e-02,-1.610529795289039612e-02,-2.744304947555065155e-02,5.456178262829780579e-02,1.462681442499160767e-01,3.407640755176544189e-01,1.276804924011230469e+00,-1.267748139798641205e-02,6.843176484107971191e-02,-8.455471694469451904e-02,6.093356385827064514e-02,-1.983700692653656006e-01,-1.325357854366302490e-01,1.317680358886718750e+00,2.128958143293857574e-02,-1.392741221934556961e-02,-7.660778611898422241e-02
8.808081150054931641e-01,7.735075056552886963e-02,8.640700578689575195e-01,2.521314891055226326e-03,-1.535835862159729004e-02,6.590505242347717285e-01,-7.519376277923583984e-01,3.774866759777069092e-01,-8.830014616250991821e-02,2.195732295513153076e-01,1.042980551719665527e-01,2.842084318399429321e-02,-1.918121054768562317e-02,-2.359609305858612061e-02,2.141767181456089020e-02,-1.119928732514381409e-01,-1.740000024437904358e-02,-2.662181109189987183e-02,2.930712886154651642e-02,4.153717681765556335e-02,-1.553407404571771622e-02,-2.864477224647998810e-02,5.302297696471214294e-02,1.431583911180496216e-01,3.412958383560180664e-01,1.276909947395324707e+00,-1.347716618329286575e-02,6.987324357032775879e-02,-8.672431856393814087e-02,6.267482042312622070e-02,-2.006240785121917725e-01,-1.312193423509597778e-01,1.322908520698547363e+00,2.307515777647495270e-02,-1.994370110332965851e-02,-7.614554464817047119e-02
8.929982185363769531e-01,7.707913964986801147e-02,8.627621531486511230e-01,5.305144470185041428e-03,-1.620431616902351379e-02,6.579760313034057617e-01,-7.528457641601562500e-01,3.711498677730560303e-01,-8.579042553901672363e-02,2.012610584497451782e-01,1.013210117816925049e-01,3.764750808477401733e-02,-1.848712190985679626e-02,-3.432454913854598999e-02,2.682624384760856628e-02,-1.195652186870574951e-01,-1.740000024437904358e-02,-2.795836329460144043e-02,4.053035378456115723e-02,4.688678681850433350e-02,-1.566799730062484741e-02,-2.852729149162769318e-02,5.192770436406135559e-02,1.395199745893478394e-01,3.406477868556976318e-01,1.276440024375915527e+00,-1.349265780299901962e-02,7.118611782789230347e-02,-8.924697339534759521e-02,6.421769410371780396e-02,-2.030645459890365601e-01,-1.306196898221969604e-01,1.328213691711425781e+00,2.388449758291244507e-02,-2.694264613091945648e-02,-7.492838054895401001e-02
9.118534922599792480e-01,7.699064165353775024e-02,8.609265089035034180e-01,8.313214406371116638e-03,-1.627572812139987946e-02,6.558963060379028320e-01,-7.546297311782836914e-01,3.519826531410217285e-01,-8.630398660898208618e-02,1.866407096385955811e-01,1.065653115510940552e-01,3.430896252393722534e-02,-3.528228774666786194e-02,-5.474221706390380859e-02,3.474210947751998901e-02,-1.308169811964035034e-01,-1.740000024437904358e-02,-2.294084057211875916e-02,5.878404155373573303e-02,5.015834048390388489e-02,-1.668897271156311035e-02,-2.762455493211746216e-02,5.257733538746833801e-02,1.342717260122299194e-01,3.410716056823730469e-01,1.274072289466857910e+00,-1.294242870062589645e-02,7.176119834184646606e-02,-9.228213131427764893e-02,6.504077464342117310e-02,-2.061188369989395142e-01,-1.292509287595748901e-01,1.335243582725524902e+00,2.652247250080108643e-02,-3.448337316513061523e-02,-7.337220013141632080e-02
9.277288913726806641e-01,7.734047621488571167e-02,8.592289090156555176e-01,1.041504461318254471e-02,-1.640838198363780975e-02,6.545637845993041992e-01,-7.557569742202758789e-01,3.386461138725280762e-01,-8.558168262243270874e-02,1.703160554170608521e-01,1.126299053430557251e-01,2.468326315283775330e-02,-9.186100959777832031e-02,-7.234901189804077148e-02,3.980943188071250916e-02,-1.383010298013687134e-01,-1.740000024437904358e-02,-1.352351810783147812e-02,7.218911498785018921e-02,5.155732855200767517e-02,-1.785470731556415558e-02,-2.663781493902206421e-02,5.415622144937515259e-02,1.304747164249420166e-01,3.408243358135223389e-01,1.271732687950134277e+00,-1.390035543590784073e-02,7.105896621942520142e-02,-9.348803013563156128e-02,6.423742324113845825e-02,-2.084309607744216919e-01,-1.282280236482620239e-01,1.339142203330993652e+00,2.794952690601348877e-02,-3.892676532268524170e-02,-7.185456156730651855e-02
9.448826909065246582e-01,7.809317111968994141e-02,8.575649261474609375e-01,1.178979128599166870e-02,-1.584564708173274994e-02,6.536468267440795898e-01,-7.565419673919677734e-01,3.227877914905548096e-01,-8.433578908443450928e-02,1.582391560077667236e-01,1.185162961483001709e-01,7.457202300429344177e-03,-1.572773158550262451e-01,-9.388999640941619873e-02,4.400953650474548340e-02,-1.466161161661148071e-01,-1.740000024437904358e-02,2.965225139632821083e-03,8.763956278562545776e-02,4.893575608730316162e-02,-1.715009845793247223e-02,-2.483495324850082397e-02,5.598030239343643188e-02,1.281699985265731812e-01,3.368109762668609619e-01,1.270871162414550781e+00,-1.714073121547698975e-02,7.066725939512252808e-02,-9.499378502368927002e-02,6.227304413914680481e-02,-2.098070830106735229e-01,-1.263563036918640137e-01,1.341476798057556152e+00,2.905644476413726807e-02,-4.310278594493865967e-02,-7.007633149623870850e-02
9.693347215652465820e-01,8.009986579418182373e-02,8.563453555107116699e-01,9.232120588421821594e-03,-1.264507789164781570e-02,6.540774106979370117e-01,-7.562655806541442871e-01,2.834330499172210693e-01,-9.142639487981796265e-02,1.616082340478897095e-01,1.347834169864654541e-01,-2.359111048281192780e-02,-1.557452976703643799e-01,-1.361012905836105347e-01,4.561125859618186951e-02,-1.596504300832748413e-01,-1.740000024437904358e-02,3.503385931253433228e-02,1.106970533728599548e-01,3.050912730395793915e-02,-8.038219064474105835e-03,-2.177949436008930206e-02,5.844164639711380005e-02,1.278095245361328125e-01,3.291572034358978271e-01,1.272313356399536133e+00,-2.434804663062095642e-02,7.241391390562057495e-02,-9.863352775573730469e-02,5.622697249054908752e-02,-2.087876200675964355e-01,-1.238611415028572083e-01,1.340667366981506348e+00,2.785359695553779602e-02,-4.429602622985839844e-02,-6.769342720508575439e-02
9.880637526512145996e-01,8.198297768831253052e-02,8.566996455192565918e-01,6.234605796635150909e-03,-9.270690381526947021e-03,6.544957160949707031e-01,-7.559831738471984863e-01,2.467393279075622559e-01,-1.019390672445297241e-01,1.498540639877319336e-01,1.528668999671936035e-01,-3.582391142845153809e-02,-1.377409547567367554e-01,-1.719211190938949585e-01,4.223391413688659668e-02,-1.681721359491348267e-01,-1.056328602135181427e-02,7.035475224256515503e-02,1.250135600566864014e-01,1.320707332342863083e-02,-8.108204347081482410e-04,-1.843837089836597443e-02,5.921336635947227478e-02,1.297403126955032349e-01,3.148180544376373291e-01,1.277786016464233398e+00,-3.685221076011657715e-02,7.459547370672225952e-02,-9.994547814130783081e-02,4.884129017591476440e-02,-2.027362883090972900e-01,-1.241478547453880310e-01,1.340287685394287109e+00,2.478412725031375885e-02,-4.659927263855934143e-02,-6.899983435869216919e-02
1.006820917129516602e+00,8.384081721305847168e-02,8.577834367752075195e-01,3.630833467468619347e-03,-6.816289853304624557e-03,6.559584140777587891e-01,-7.547575235366821289e-01,2.100012302398681641e-01,-1.083068698644638062e-01,1.254446655511856079e-01,1.635303795337677002e-01,-4.245541989803314209e-02,-1.215956807136535645e-01,-2.074187844991683960e-01,2.712459675967693329e-02,-1.771289855241775513e-01,1.496965531259775162e-02,1.026339977979660034e-01,1.343946009874343872e-01,4.583574991556815803e-05,7.966771721839904785e-03,-1.788865029811859131e-02,5.873017385601997375e-02,1.334214061498641968e-01,2.872617244720458984e-01,1.287101030349731445e+00,-3.076774626970291138e-02,7.631826400756835938e-02,-8.799789845943450928e-02,4.454533383250236511e-02,-1.951968222856521606e-01,-1.285628527402877808e-01,1.338128209114074707e+00,2.463347837328910828e-02,-4.856074601411819458e-02,-7.372131198644638062e-02
1.030749917030334473e+00,8.698198944330215454e-02,8.598811626434326172e-01,4.382023180369287729e-04,-6.222222000360488892e-03,6.613376140594482422e-01,-7.500624060630798340e-01,1.683956086635589600e-01,-1.066921278834342957e-01,1.118817552924156189e-01,1.559530794620513916e-01,-4.732160642743110657e-02,-1.032785028219223022e-01,-2.500291764736175537e-01,-7.708695717155933380e-03,-1.890333741903305054e-01,6.089635938405990601e-02,1.449851393699645996e-01,1.369806379079818726e-01,-1.117482967674732208e-02,2.392393350601196289e-02,-1.959457620978355408e-02,5.647683888673782349e-02,1.404789984226226807e-01,2.465311735868453979e-01,1.297724962234497070e+00,-2.935753203928470612e-02,7.845257967710494995e-02,-8.039919286966323853e-02,4.102150723338127136e-02,-1.899715363979339600e-01,-1.325298845767974854e-01,1.327264785766601562e+00,2.915788069367408752e-02,-3.403835371136665344e-02,-7.644581794738769531e-02
1.047734141349792480e+00,8.953339606523513794e-02,8.614588379859924316e-01,-1.319351955316960812e-03,-6.292940583080053329e-03,6.669190526008605957e-01,-7.451024055480957031e-01,1.405046433210372925e-01,-1.015733182430267334e-01,1.122804209589958191e-01,1.442996263504028320e-01,-5.019447579979896545e-02,-8.475077152252197266e-02,-2.779493033885955811e-01,-3.825258463621139526e-02,-2.000109553337097168e-01,1.004880145192146301e-01,1.667193174362182617e-01,1.259303539991378784e-01,-1.664051041007041931e-02,3.557994589209556580e-02,-2.096928283572196960e-02,5.842788517475128174e-02,1.457863003015518188e-01,2.291958183050155640e-01,1.299600124359130859e+00,-3.149428218603134155e-02,7.542546838521957397e-02,-7.603215426206588745e-02,3.632937744259834290e-02,-1.901225447654724121e-01,-1.253692060708999634e-01,1.317484974861145020e+00,2.193102426826953888e-02,-1.505766995251178741e-02,-7.958662509918212891e-02
1.063332915306091309e+00,9.219231456518173218e-02,8.627954125404357910e-01,-1.981049776077270508e-03,-6.508661434054374695e-03,6.719021201133728027e-01,-7.406086921691894531e-01,1.171491146087646484e-01,-9.762550145387649536e-02,1.153389662504196167e-01,1.356544196605682373e-01,-5.062920972704887390e-02,-6.913379579782485962e-02,-2.978561818599700928e-01,-6.845103204250335693e-02,-2.126974016427993774e-01,1.450373232364654541e-01,1.596883237361907959e-01,7.937726378440856934e-02,-1.911310479044914246e-02,4.086555168032646179e-02,-2.162579260766506195e-02,6.336033344268798828e-02,1.496066898107528687e-01,2.251808792352676392e-01,1.298427581787109375e+00,-3.563665598630905151e-02,7.318852096796035767e-02,-7.537784427404403687e-02,2.786552906036376953e-02,-1.897968798875808716e-01,-1.150902509689331055e-01,1.310130953788757324e+00,6.351575721055269241e-03,-2.287772949784994125e-03,-8.342912048101425171e-02
1.078773736953735352e+00,9.595457464456558228e-02,8.646954894065856934e-01,-6.775077781639993191e-04,-7.924412377178668976e-03,6.754968762397766113e-01,-7.373199462890625000e-01,9.885307401418685913e-02,-9.439329802989959717e-02,1.200424134731292725e-01,1.254414021968841553e-01,-4.730136692523956299e-02,-5.287909880280494690e-02,-3.010524213314056396e-01,-1.078265011310577393e-01,-1.979910880327224731e-01,2.168208509683609009e-01,8.585973083972930908e-02,2.727995999157428741e-02,-1.746107265353202820e-02,3.518138825893402100e-02,-1.996069587767124176e-02,7.005086541175842285e-02,1.553951948881149292e-01,2.263181656599044800e-01,1.297323822975158691e+00,-4.489216208457946777e-02,7.046110928058624268e-02,-7.531157135963439941e-02,1.489507965743541718e-02,-1.834740787744522095e-01,-1.133131384849548340e-01,1.302795290946960449e+00,-7.392831146717071533e-03,1.441214350052177906e-03,-8.694519102573394775e-02
1.087296128273010254e+00,9.806324541568756104e-02,8.661293387413024902e-01,2.362112514674663544e-03,-8.199783973395824432e-03,6.767929792404174805e-01,-7.361239194869995117e-01,9.106224775314331055e-02,-8.853940665721893311e-02,1.199095174670219421e-01,1.182432174682617188e-01,-4.148782417178153992e-02,-4.375044256448745728e-02,-2.848412394523620605e-01,-1.306649148464202881e-01,-1.747729033231735229e-01,2.668228149414062500e-01,2.437154576182365417e-02,2.601769566535949707e-02,-1.487397775053977966e-02,2.854368649423122406e-02,-1.422343216836452484e-02,7.200497388839721680e-02,1.616340577602386475e-01,2.199445813894271851e-01,1.300554871559143066e+00,-5.364755541086196899e-02,7.076686620712280273e-02,-7.286800444126129150e-02,7.308051921427249908e-03,-1.751738190650939941e-01,-1.213509812951087952e-01,1.298333287239074707e+00,2.179216593503952026e-03,5.912615451961755753e-03,-9.543642401695251465e-02
1.094977021217346191e+00,9.982474893331527710e-02,8.674152493476867676e-01,5.247526802122592926e-03,-8.458174765110015869e-03,6.772039532661437988e-01,-7.357280254364013672e-01,8.385291695594787598e-02,-8.304649591445922852e-02,1.135680899024009705e-01,1.109004393219947815e-01,-3.359166905283927917e-02,-3.604052960872650146e-02,-2.599010467529296875e-01,-1.506997346878051758e-01,-1.559255272150039673e-01,3.099922537803649902e-01,-2.406632900238037109e-02,3.395272418856620789e-02,-1.297253277152776718e-02,2.265305630862712860e-02,-9.804628789424896240e-03,7.076706737279891968e-02,1.669549345970153809e-01,2.079797834157943726e-01,1.307552695274353027e+00,-5.402766168117523193e-02,7.795833796262741089e-02,-6.858424842357635498e-02,4.195028450340032578e-03,-1.697968989610671997e-01,-1.290197074413299561e-01,1.291965365409851074e+00,3.632290987297892570e-03,1.360249333083629608e-02,-9.840917587280273438e-02
1.104707360267639160e+00,1.015332117676734924e-01,8.685570955276489258e-01,8.314054459333419800e-03,-8.459190838038921356e-03,6.768200397491455078e-01,-7.360529303550720215e-01,7.330060005187988281e-02,-7.554466277360916138e-02,1.014274880290031433e-01,1.007896810770034790e-01,-2.532173693180084229e-02,-2.697088196873664856e-02,-2.200831919908523560e-01,-1.675037294626235962e-01,-1.385694891214370728e-01,3.478082120418548584e-01,-7.150337100028991699e-02,6.410098820924758911e-02,-1.060568541288375854e-02,1.306133624166250229e-02,-5.984043702483177185e-03,6.860703229904174805e-02,1.708316802978515625e-01,1.970187425613403320e-01,1.317807078361511230e+00,-5.376075208187103271e-02,8.774806559085845947e-02,-6.729422509670257568e-02,4.716333933174610138e-03,-1.699895709753036499e-01,-1.294168084859848022e-01,1.281895995140075684e+00,-1.369041623547673225e-03,2.336366102099418640e-02,-9.460631757974624634e-02
1.111158847808837891e+00,1.026133522391319275e-01,8.690069317817687988e-01,9.529996663331985474e-03,-8.740527555346488953e-03,6.765019297599792480e-01,-7.363272905349731445e-01,6.595870852470397949e-02,-7.169510424137115479e-02,9.600014239549636841e-02,9.391317516565322876e-02,-2.167092077434062958e-02,-2.356602810323238373e-02,-1.882542222738265991e-01,-1.755720376968383789e-01,-1.236773207783699036e-01,3.633644282817840576e-01,-1.002109348773956299e-01,8.619510382413864136e-02,-1.071889325976371765e-02,9.529418312013149261e-03,-5.376751068979501724e-03,6.645971536636352539e-02,1.723073720932006836e-01,1.946378350257873535e-01,1.324082612991333008e+00,-5.516634881496429443e-02,9.219637513160705566e-02,-6.773389130830764771e-02,8.439692668616771698e-03,-1.738394200801849365e-01,-1.280261427164077759e-01,1.273209333419799805e+00,-1.411405974067747593e-03,3.470875322818756104e-02,-9.395992010831832886e-02
1.116163253784179688e+00,1.035847589373588562e-01,8.692260980606079102e-01,9.956890717148780823e-03,-9.349063970148563385e-03,6.763520836830139160e-01,-7.364518642425537109e-01,6.045065447688102722e-02,-6.929448246955871582e-02,9.525270760059356689e-02,8.762656897306442261e-02,-2.041495777666568756e-02,-2.412140741944313049e-02,-1.549356728792190552e-01,-1.816170662641525269e-01,-1.041649654507637024e-01,3.714686632156372070e-01,-1.271634995937347412e-01,9.356058388948440552e-02,-1.155340019613504410e-02,7.961284369230270386e-03,-5.972453858703374863e-03,6.453251093626022339e-02,1.733326315879821777e-01,1.965249925851821899e-01,1.327761530876159668e+00,-5.238422751426696777e-02,9.567247331142425537e-02,-6.567265093326568604e-02,1.160450559109449387e-02,-1.763972043991088867e-01,-1.278362721204757690e-01,1.267900586128234863e+00,-3.612780245020985603e-03,4.338471591472625732e-02,-9.557272493839263916e-02
1.120769262313842773e+00,1.043342724442481995e-01,8.693102002143859863e-01,1.002909801900386810e-02,-1.008893549442291260e-02,6.762987375259399414e-01,-7.364900708198547363e-01,5.518172308802604675e-02,-6.523665040731430054e-02,9.462433308362960815e-02,7.806125283241271973e-02,-2.176450565457344055e-02,-2.793279476463794708e-02,-1.100027263164520264e-01,-1.856182515621185303e-01,-7.682131975889205933e-02,3.712844252586364746e-01,-1.475687325000762939e-01,9.647574275732040405e-02,-1.331521663814783096e-02,7.349268067628145218e-03,-7.060658186674118042e-03,6.436610221862792969e-02,1.743165552616119385e-01,2.030596137046813965e-01,1.328780889511108398e+00,-5.509776249527931213e-02,9.765414148569107056e-02,-6.654150038957595825e-02,1.343559939414262772e-02,-1.765420734882354736e-01,-1.286401599645614624e-01,1.267615437507629395e+00,-7.364794611930847168e-03,4.617824405431747437e-02,-9.845717996358871460e-02
1.123413801193237305e+00,1.045660227537155151e-01,8.693320155143737793e-01,9.427789598703384399e-03,-1.060240995138883591e-02,6.757569313049316406e-01,-7.369879484176635742e-01,5.126506090164184570e-02,-6.289602816104888916e-02,9.329719096422195435e-02,7.101472467184066772e-02,-2.366267889738082886e-02,-3.157962858676910400e-02,-8.032052218914031982e-02,-1.829350292682647705e-01,-6.516393274068832397e-02,3.591514229774475098e-01,-1.535301953554153442e-01,1.043954193592071533e-01,-1.502801198512315750e-02,6.010365206748247147e-03,-9.177996776998043060e-03,6.569217890501022339e-02,1.747691482305526733e-01,2.083613723516464233e-01,1.328119754791259766e+00,-6.060754880309104919e-02,9.654226899147033691e-02,-6.770610809326171875e-02,1.478208042681217194e-02,-1.758286207914352417e-01,-1.277842968702316284e-01,1.270819187164306641e+00,-7.673166226595640182e-03,4.276467487215995789e-02,-9.959760308265686035e-02
1.125293016433715820e+00,1.045418530702590942e-01,8.692888617515563965e-01,8.388197980821132660e-03,-1.135077886283397675e-02,6.750043034553527832e-01,-7.376787662506103516e-01,4.799476638436317444e-02,-6.158746033906936646e-02,9.270380437374114990e-02,6.424460560083389282e-02,-2.481797896325588226e-02,-3.478965908288955688e-02,-5.375929921865463257e-02,-1.758317649364471436e-01,-5.240060389041900635e-02,3.365041613578796387e-01,-1.551589518785476685e-01,1.029618158936500549e-01,-1.575604267418384552e-02,4.866961389780044556e-03,-1.231485605239868164e-02,6.829333305358886719e-02,1.747506707906723022e-01,2.111746072769165039e-01,1.325773119926452637e+00,-6.322256475687026978e-02,9.289657324552536011e-02,-6.641593575477600098e-02,1.652223430573940277e-02,-1.752253770828247070e-01,-1.268169134855270386e-01,1.275287032127380371e+00,-6.177318282425403595e-03,3.646889328956604004e-02,-9.945840388536453247e-02
1.126693367958068848e+00,1.043156459927558899e-01,8.691863417625427246e-01,7.152772974222898483e-03,-1.220266893506050110e-02,6.740248203277587891e-01,-7.385733127593994141e-01,4.520408436655998230e-02,-6.049311906099319458e-02,9.250164031982421875e-02,5.747634917497634888e-02,-2.522572688758373260e-02,-3.907826170325279236e-02,-2.361282147467136383e-02,-1.619368791580200195e-01,-3.892900049686431885e-02,2.984817922115325928e-01,-1.553729027509689331e-01,1.000006124377250671e-01,-1.456176396459341049e-02,4.341258667409420013e-03,-1.517696958035230637e-02,6.865157186985015869e-02,1.722383946180343628e-01,2.123645693063735962e-01,1.324797987937927246e+00,-6.099321693181991577e-02,9.042207896709442139e-02,-6.490471959114074707e-02,1.988825015723705292e-02,-1.765436828136444092e-01,-1.252024918794631958e-01,1.280086755752563477e+00,-3.561097895726561546e-03,2.936801128089427948e-02,-9.857331216335296631e-02
1.126956582069396973e+00,1.039415374398231506e-01,8.690813779830932617e-01,6.306502968072891235e-03,-1.252201665192842484e-02,6.729571223258972168e-01,-7.395486235618591309e-01,4.413459077477455139e-02,-6.102627143263816833e-02,9.421744197607040405e-02,5.563342571258544922e-02,-2.542932145297527313e-02,-4.207469150424003601e-02,-5.743924062699079514e-03,-1.486250013113021851e-01,-3.628318384289741516e-02,2.649451494216918945e-01,-1.478921622037887573e-01,9.576172381639480591e-02,-1.294755190610885620e-02,3.668167861178517342e-03,-1.587358489632606506e-02,6.818060576915740967e-02,1.690885871648788452e-01,2.158317416906356812e-01,1.324200272560119629e+00,-5.748406052589416504e-02,8.934578299522399902e-02,-6.504426896572113037e-02,2.266991138458251953e-02,-1.781554371118545532e-01,-1.230657994747161865e-01,1.282921671867370605e+00,-1.905712648294866085e-03,2.489249967038631439e-02,-9.651838988065719604e-02
1.126746296882629395e+00,1.032426878809928894e-01,8.688982129096984863e-01,5.326547194272279739e-03,-1.249029487371444702e-02,6.713574528694152832e-01,-7.410092949867248535e-01,4.320428520441055298e-02,-6.300675123929977417e-02,9.594251215457916260e-02,5.751186236739158630e-02,-2.719040587544441223e-02,-4.513045400381088257e-02,7.607507985085248947e-03,-1.317528486251831055e-01,-3.986172378063201904e-02,2.246680110692977905e-01,-1.297775208950042725e-01,9.300480037927627563e-02,-1.126998662948608398e-02,2.432651352137327194e-03,-1.650829799473285675e-02,6.846901029348373413e-02,1.659004092216491699e-01,2.205966114997863770e-01,1.322727560997009277e+00,-5.583423748612403870e-02,8.803912252187728882e-02,-6.573610752820968628e-02,2.597863040864467621e-02,-1.793709546327590942e-01,-1.199327260255813599e-01,1.285946726799011230e+00,3.974009014200419188e-04,2.047472633421421051e-02,-9.503468126058578491e-02
1.125377178192138672e+00,1.016387790441513062e-01,8.685035109519958496e-01,3.879684722051024437e-03,-1.219342648983001709e-02,6.683372259140014648e-01,-7.437483668327331543e-01,4.295938089489936829e-02,-6.786911189556121826e-02,9.639143943786621094e-02,6.567807495594024658e-02,-3.348062187433242798e-02,-4.735587909817695618e-02,1.925059594213962555e-02,-1.088114678859710693e-01,-4.678171128034591675e-02,1.722319871187210083e-01,-8.162952959537506104e-02,2.778876386582851410e-02,-8.508068509399890900e-03,1.558162475703284144e-04,-1.753895357251167297e-02,6.864885240793228149e-02,1.628852635622024536e-01,2.246326804161071777e-01,1.320016980171203613e+00,-5.663507804274559021e-02,8.462000638246536255e-02,-6.444518268108367920e-02,3.100328706204891205e-02,-1.800100952386856079e-01,-1.164857745170593262e-01,1.289451241493225098e+00,1.273893722100183368e-04,1.440102886408567429e-02,-9.228472411632537842e-02
1.122764468193054199e+00,1.005619987845420837e-01,8.678932189941406250e-01,1.892388216219842434e-03,-1.225390937179327011e-02,6.661278009414672852e-01,-7.457345128059387207e-01,4.341865330934524536e-02,-7.380787283182144165e-02,9.633342921733856201e-02,7.229435443878173828e-02,-3.797435760498046875e-02,-4.574871808290481567e-02,2.203044854104518890e-02,-9.456954896450042725e-02,-4.746216908097267151e-02,1.438398212194442749e-01,-7.381132245063781738e-02,6.459925789386034012e-03,-7.785889320075511932e-03,-6.002219743095338345e-04,-2.060829102993011475e-02,6.961772590875625610e-02,1.632482111454010010e-01,2.265979498624801636e-01,1.316606044769287109e+00,-5.714854598045349121e-02,7.996918261051177979e-02,-6.238350272178649902e-02,3.491924703121185303e-02,-1.787518411874771118e-01,-1.136381551623344421e-01,1.291451930999755859e+00,-5.009195301681756973e-04,1.148962881416082382e-02,-8.900376409292221069e-02
1.119314789772033691e+00,9.950275719165802002e-02,8.670467138290405273e-01,-4.979002405889332294e-04,-1.191609911620616913e-02,6.642999053001403809e-01,-7.473710179328918457e-01,4.345414415001869202e-02,-8.082243055105209351e-02,9.441111236810684204e-02,8.089289069175720215e-02,-4.214078933000564575e-02,-4.179314151406288147e-02,2.243670448660850525e-02,-8.131138235330581665e-02,-4.846803471446037292e-02,1.183761507272720337e-01,-6.956978887319564819e-02,1.177235506474971771e-03,-8.484174497425556183e-03,2.699449541978538036e-04,-2.349938452243804932e-02,7.131439447402954102e-02,1.653849631547927856e-01,2.308977246284484863e-01,1.310685753822326660e+00,-5.492964014410972595e-02,7.311707735061645508e-02,-5.962171778082847595e-02,3.717836737632751465e-02,-1.758518666028976440e-01,-1.101289987564086914e-01,1.293715476989746094e+00,-3.153096884489059448e-03,1.059137098491191864e-02,-8.549077808856964111e-02
1.114187717437744141e+00,9.837944060564041138e-02,8.662813305854797363e-01,-3.474849276244640350e-03,-1.074591372162103653e-02,6.618491411209106445e-01,-7.495519518852233887e-01,4.338398575782775879e-02,-9.146942198276519775e-02,8.836858719587326050e-02,9.572268277406692505e-02,-4.400604590773582458e-02,-3.966699540615081787e-02,2.277717553079128265e-02,-6.504054367542266846e-02,-5.535161122679710388e-02,8.637210726737976074e-02,-6.058406457304954529e-02,-5.895879585295915604e-03,-9.878099896013736725e-03,1.059250207617878914e-03,-2.448947727680206299e-02,7.281143963336944580e-02,1.685425043106079102e-01,2.418952584266662598e-01,1.301517009735107422e+00,-5.049683153629302979e-02,6.332152336835861206e-02,-5.866941437125205994e-02,3.777427598834037781e-02,-1.688957661390304565e-01,-1.070594713091850281e-01,1.297592639923095703e+00,-3.900728188455104828e-03,3.717492567375302315e-03,-8.519493043422698975e-02
1.110188364982604980e+00,9.758379310369491577e-02,8.663987517356872559e-01,-4.643637686967849731e-03,-9.294902905821800232e-03,6.603059768676757812e-01,-7.509247660636901855e-01,4.490172863006591797e-02,-1.013906523585319519e-01,8.781942725181579590e-02,1.138717234134674072e-01,-4.428009316325187683e-02,-3.921416029334068298e-02,2.479023486375808716e-02,-5.385297164320945740e-02,-5.712157860398292542e-02,6.699474900960922241e-02,-5.104506015777587891e-02,-1.263046078383922577e-02,-9.217492304742336273e-03,2.658278914168477058e-03,-2.213762141764163971e-02,7.154435664415359497e-02,1.679474562406539917e-01,2.539799511432647705e-01,1.297095417976379395e+00,-4.432803764939308167e-02,5.945727974176406860e-02,-5.992104485630989075e-02,3.687032312154769897e-02,-1.609952002763748169e-01,-1.097041219472885132e-01,1.302566409111022949e+00,-5.951153580099344254e-03,-3.782180603593587875e-03,-8.673961460590362549e-02
1.106741905212402344e+00,9.687879681587219238e-02,8.667914271354675293e-01,-5.434915423393249512e-03,-8.294712752103805542e-03,6.588633656501770020e-01,-7.521972656250000000e-01,4.789612814784049988e-02,-1.166016086935997009e-01,9.038533270359039307e-02,1.416308730840682983e-01,-4.917972162365913391e-02,-4.016738384962081909e-02,2.717424929141998291e-02,-4.151364415884017944e-02,-5.868418142199516296e-02,4.455469921231269836e-02,-3.850404545664787292e-02,-1.580293662846088409e-02,-6.726090796291828156e-03,5.158660002052783966e-03,-2.060827985405921936e-02,6.894202530384063721e-02,1.639765501022338867e-01,2.684703469276428223e-01,1.295157074928283691e+00,-4.130590707063674927e-02,6.269202381372451782e-02,-6.347674876451492310e-02,3.836970776319503784e-02,-1.564497053623199463e-01,-1.114700585603713989e-01,1.306079983711242676e+00,-2.949759596958756447e-03,-8.721020072698593140e-03,-8.686213195323944092e-02
1.103074431419372559e+00,9.651074558496475220e-02,8.671662211418151855e-01,-6.413410883396863937e-03,-8.235597051680088043e-03,6.555639505386352539e-01,-7.550675272941589355e-01,5.348640307784080505e-02,-1.465267091989517212e-01,9.090414643287658691e-02,1.948345452547073364e-01,-7.900349795818328857e-02,-4.395407810807228088e-02,3.099460899829864502e-02,-2.447086386382579803e-02,-6.210951134562492371e-02,1.019390020519495010e-02,-2.300436049699783325e-02,-1.519492827355861664e-02,-1.230251975357532501e-03,5.530533846467733383e-03,-2.019582130014896393e-02,6.481029093265533447e-02,1.571352034807205200e-01,2.886909246444702148e-01,1.292786002159118652e+00,-4.226372390985488892e-02,6.596466898918151855e-02,-6.759344786405563354e-02,4.357397928833961487e-02,-1.582707911729812622e-01,-1.102625504136085510e-01,1.305353522300720215e+00,3.995961509644985199e-03,-4.813109524548053741e-03,-8.140218257904052734e-02
1.101314544677734375e+00,9.643568098545074463e-02,8.670955300331115723e-01,-6.587877869606018066e-03,-8.324552327394485474e-03,6.519389748573303223e-01,-7.581971287727355957e-01,5.914592742919921875e-02,-1.705515533685684204e-01,8.604078739881515503e-02,2.405035346746444702e-01,-1.170402467250823975e-01,-6.562156975269317627e-02,3.375430032610893250e-02,-1.001737825572490692e-02,-6.729928404092788696e-02,-1.703613810241222382e-02,-1.283243764191865921e-02,-1.296648662537336349e-02,5.464018788188695908e-03,4.190435283817350864e-04,-1.948950625956058502e-02,6.299173086881637573e-02,1.523783951997756958e-01,3.007876873016357422e-01,1.288833379745483398e+00,-4.430848732590675354e-02,6.279199570417404175e-02,-6.986589729785919189e-02,4.797323048114776611e-02,-1.671764105558395386e-01,-1.047718748450279236e-01,1.301028251647949219e+00,3.424146212637424469e-03,4.378986544907093048e-03,-7.609083503484725952e-02
1.099806427955627441e+00,9.617066383361816406e-02,8.668721914291381836e-01,-6.006441544741392136e-03,-8.125821128487586975e-03,6.490832567214965820e-01,-7.606502175331115723e-01,6.958243250846862793e-02,-1.895261555910110474e-01,8.329045772552490234e-02,2.820796966552734375e-01,-1.610361486673355103e-01,-8.441190421581268311e-02,3.610838204622268677e-02,-7.578336633741855621e-03,-7.013643532991409302e-02,-1.739995367825031281e-02,-1.534023694694042206e-02,-1.062682736665010452e-02,1.140550244599580765e-02,-1.840197481215000153e-03,-1.758988946676254272e-02,6.073543056845664978e-02,1.503636091947555542e-01,3.050235509872436523e-01,1.284178495407104492e+00,-4.092665016651153564e-02,5.955015867948532104e-02,-6.972404569387435913e-02,5.132944509387016296e-02,-1.770184040069580078e-01,-9.914673119783401489e-02,1.297073841094970703e+00,3.014847170561552048e-04,1.104335859417915344e-02,-7.486657798290252686e-02
1.098477721214294434e+00,9.586153924465179443e-02,8.666527271270751953e-01,-5.825455766171216965e-03,-8.051191456615924835e-03,6.481302380561828613e-01,-7.614646553993225098e-01,9.175385534763336182e-02,-2.064585983753204346e-01,8.550456911325454712e-02,3.175328075885772705e-01,-1.927845478057861328e-01,-6.895925849676132202e-02,3.770586848258972168e-02,-6.336725782603025436e-03,-6.895034760236740112e-02,-1.740000024437904358e-02,-1.831793040037155151e-02,-7.613126654177904129e-03,1.693659462034702301e-02,1.736655947752296925e-03,-1.582982763648033142e-02,5.687680840492248535e-02,1.487362980842590332e-01,3.064667880535125732e-01,1.279316782951354980e+00,-3.542012721300125122e-02,5.638103932142257690e-02,-6.948533654212951660e-02,5.108906701207160950e-02,-1.859829276800155640e-01,-9.484931081533432007e-02,1.298756122589111328e+00,-6.501926691271364689e-04,8.835569024085998535e-03,-7.531621307134628296e-02
1.097852110862731934e+00,9.572007507085800171e-02,8.666434288024902344e-01,-6.574472878128290176e-03,-8.305195719003677368e-03,6.489512920379638672e-01,-7.607561945915222168e-01,1.145643144845962524e-01,-2.124731242656707764e-01,9.322701394557952881e-02,3.258614242076873779e-01,-1.958487033843994141e-01,-5.675011500716209412e-02,3.772693872451782227e-02,-7.851641625165939331e-03,-6.773880869150161743e-02,-1.740000024437904358e-02,-1.822367869317531586e-02,-7.893376983702182770e-03,1.782212033867835999e-02,7.086463272571563721e-03,-1.589119434356689453e-02,5.563403293490409851e-02,1.483921557664871216e-01,3.105358481407165527e-01,1.276211857795715332e+00,-3.097691759467124939e-02,5.511049181222915649e-02,-7.254442572593688965e-02,4.701993986964225769e-02,-1.863527894020080566e-01,-9.680145978927612305e-02,1.305980205535888672e+00,-2.957528922706842422e-03,2.738401992246508598e-03,-7.752668112516403198e-02
1.097660541534423828e+00,9.518727660179138184e-02,8.668339848518371582e-01,-7.105392403900623322e-03,-8.500131778419017792e-03,6.501457095146179199e-01,-7.597287893295288086e-01,1.418322324752807617e-01,-2.114728987216949463e-01,1.039367020130157471e-01,3.192372322082519531e-01,-1.768881380558013916e-01,-4.557261615991592407e-02,3.754994645714759827e-02,-8.753533475100994110e-03,-6.931805610656738281e-02,-1.740000024437904358e-02,-1.774527505040168762e-02,-1.105644274502992630e-02,1.759625598788261414e-02,1.180869527161121368e-02,-1.619723811745643616e-02,5.640108138322830200e-02,1.492714732885360718e-01,3.134149014949798584e-01,1.274287939071655273e+00,-3.092865645885467529e-02,5.434317514300346375e-02,-7.517080754041671753e-02,4.203956574201583862e-02,-1.834211349487304688e-01,-1.013308614492416382e-01,1.316000223159790039e+00,-7.197635713964700699e-04,-1.270112115889787674e-02,-7.795703411102294922e-02
1.098083138465881348e+00,9.364681690931320190e-02,8.672357201576232910e-01,-7.032343652099370956e-03,-8.064082823693752289e-03,6.507682800292968750e-01,-7.592009902000427246e-01,1.815538704395294189e-01,-1.995970010757446289e-01,1.184601485729217529e-01,2.921433448791503906e-01,-1.321622282266616821e-01,-3.698142245411872864e-02,3.670810908079147339e-02,-6.697854958474636078e-03,-7.379196584224700928e-02,-1.740000024437904358e-02,-1.371440384536981583e-02,-9.341737255454063416e-03,1.545749232172966003e-02,1.317767519503831863e-02,-1.635733805596828461e-02,6.020956113934516907e-02,1.531675606966018677e-01,3.156046569347381592e-01,1.272302508354187012e+00,-3.486118093132972717e-02,5.357377603650093079e-02,-7.624899595975875854e-02,3.600899130105972290e-02,-1.781312227249145508e-01,-1.075374111533164978e-01,1.328214049339294434e+00,2.060679160058498383e-02,-3.428761661052703857e-02,-7.719298452138900757e-02
1.099477171897888184e+00,9.283550828695297241e-02,8.673783540725708008e-01,-6.987496744841337204e-03,-7.915571331977844238e-03,6.506215333938598633e-01,-7.593287825584411621e-01,2.108874171972274780e-01,-1.869531422853469849e-01,1.252997368574142456e-01,2.648258507251739502e-01,-1.120325475931167603e-01,-3.582134097814559937e-02,3.485294058918952942e-02,-5.274668801575899124e-03,-7.811264693737030029e-02,-1.740000024437904358e-02,-1.357964612543582916e-02,-9.534249082207679749e-03,1.335622183978557587e-02,1.217830367386341095e-02,-1.750959642231464386e-02,6.331747025251388550e-02,1.563829332590103149e-01,3.177577257156372070e-01,1.271285533905029297e+00,-3.413090109825134277e-02,5.314692482352256775e-02,-7.564190775156021118e-02,3.424194455146789551e-02,-1.764308959245681763e-01,-1.127789840102195740e-01,1.332120656967163086e+00,2.813322283327579498e-02,-4.114102199673652649e-02,-7.742545008659362793e-02
1.101864099502563477e+00,9.211906790733337402e-02,8.673208951950073242e-01,-6.825373973697423935e-03,-8.276760578155517578e-03,6.506961584091186523e-01,-7.592624425888061523e-01,2.403612881898880005e-01,-1.738520711660385132e-01,1.376212835311889648e-01,2.363995909690856934e-01,-9.334804117679595947e-02,-4.021409526467323303e-02,3.253406658768653870e-02,-4.335203673690557480e-03,-8.102171868085861206e-02,-1.740000024437904358e-02,-1.417094841599464417e-02,-8.977361954748630524e-03,1.233768276870250702e-02,1.141729019582271576e-02,-1.904890686273574829e-02,6.601627916097640991e-02,1.591548621654510498e-01,3.212927877902984619e-01,1.270053029060363770e+00,-3.163425251841545105e-02,5.282759293913841248e-02,-7.454491406679153442e-02,3.559714555740356445e-02,-1.778767555952072144e-01,-1.192770674824714661e-01,1.330387592315673828e+00,2.655347064137458801e-02,-3.862209245562553406e-02,-7.728399336338043213e-02
1.106560349464416504e+00,9.088192135095596313e-02,8.669863343238830566e-01,-5.286832805722951889e-03,-9.201793931424617767e-03,6.511308550834655762e-01,-7.588912844657897949e-01,2.789537310600280762e-01,-1.534782499074935913e-01,1.587738692760467529e-01,1.968664079904556274e-01,-5.989511683583259583e-02,-4.004645347595214844e-02,3.029111213982105255e-02,-1.266095438040792942e-03,-8.168949186801910400e-02,-1.740000024437904358e-02,-1.661853864789009094e-02,-6.404624786227941513e-03,1.433065533638000488e-02,1.036467775702476501e-02,-2.035119384527206421e-02,6.735696643590927124e-02,1.607501059770584106e-01,3.258472084999084473e-01,1.271015167236328125e+00,-2.935616858303546906e-02,5.458107218146324158e-02,-7.465711981058120728e-02,4.090799763798713684e-02,-1.847883462905883789e-01,-1.231641396880149841e-01,1.323213219642639160e+00,2.909432351589202881e-02,-3.111246787011623383e-02,-7.697494328022003174e-02
1.111241102218627930e+00,8.976893126964569092e-02,8.666438460350036621e-01,-3.340662224218249321e-03,-9.913374669849872589e-03,6.516436934471130371e-01,-7.584530711174011230e-01,3.044924139976501465e-01,-1.370343714952468872e-01,1.764264404773712158e-01,1.686887890100479126e-01,-3.421192616224288940e-02,-3.582227230072021484e-02,2.838263288140296936e-02,2.568607684224843979e-03,-7.922387123107910156e-02,-1.740000024437904358e-02,-1.957993768155574799e-02,-3.877655602991580963e-03,1.747558265924453735e-02,9.836998768150806427e-03,-2.078987099230289459e-02,6.743123382329940796e-02,1.608588248491287231e-01,3.283245563507080078e-01,1.272988796234130859e+00,-2.854390069842338562e-02,5.731153860688209534e-02,-7.522355765104293823e-02,4.594930261373519897e-02,-1.906266808509826660e-01,-1.229300945997238159e-01,1.318826794624328613e+00,2.912348881363868713e-02,-2.522985823452472687e-02,-7.746247202157974243e-02
1.116932630538940430e+00,8.878619223833084106e-02,8.661742806434631348e-01,-9.955484420061111450e-04,-1.111897733062505722e-02,6.526566743850708008e-01,-7.575715780258178711e-01,3.263589143753051758e-01,-1.198993250727653503e-01,1.964230090379714966e-01,1.405377238988876343e-01,-1.044187508523464203e-02,-3.974245861172676086e-02,2.631213143467903137e-02,6.083956919610500336e-03,-7.683001458644866943e-02,-1.740000024437904358e-02,-2.274544164538383484e-02,8.546495228074491024e-04,2.352416515350341797e-02,9.075474925339221954e-03,-2.181136608123779297e-02,6.761059165000915527e-02,1.595706641674041748e-01,3.313499093055725098e-01,1.274592995643615723e+00,-2.787092328071594238e-02,5.963925272226333618e-02,-7.538225501775741577e-02,5.009951442480087280e-02,-1.956303417682647705e-01,-1.213538721203804016e-01,1.317854881286621094e+00,2.688803523778915405e-02,-2.256251126527786255e-02,-7.801026105880737305e-02
1.126442074775695801e+00,8.797910809516906738e-02,8.651767969131469727e-01,2.656619763001799583e-03,-1.335860230028629303e-02,6.544242501258850098e-01,-7.560048699378967285e-01,3.486605286598205566e-01,-9.972349554300308228e-02,2.096301317214965820e-01,1.104654967784881592e-01,1.549131050705909729e-02,-3.611055389046669006e-02,2.268992736935615540e-02,1.003804709762334824e-02,-7.634539157152175903e-02,-1.740000024437904358e-02,-2.725803665816783905e-02,7.165896706283092499e-03,3.534151986241340637e-02,9.442416951060295105e-03,-2.317574620246887207e-02,6.645626574754714966e-02,1.551745235919952393e-01,3.347401916980743408e-01,1.275854229927062988e+00,-2.589529007673263550e-02,6.235989928245544434e-02,-7.546333968639373779e-02,5.500912666320800781e-02,-2.010815441608428955e-01,-1.228346005082130432e-01,1.320411324501037598e+00,2.428707107901573181e-02,-2.418094500899314880e-02,-7.825322449207305908e-02
1.135006189346313477e+00,8.764927834272384644e-02,8.642402291297912598e-01,5.675755441188812256e-03,-1.482014078646898270e-02,6.547919511795043945e-01,-7.556425333023071289e-01,3.584276139736175537e-01,-9.037132561206817627e-02,2.106689363718032837e-01,9.882540255784988403e-02,3.096008859574794769e-02,-3.484343364834785461e-02,1.816877163946628571e-02,1.397906057536602020e-02,-7.791906595230102539e-02,-1.740000024437904358e-02,-3.138982504606246948e-02,1.280773151665925980e-02,4.533138871192932129e-02,6.358032580465078354e-03,-2.314011752605438232e-02,6.557654589414596558e-02,1.501581519842147827e-01,3.382164537906646729e-01,1.275680899620056152e+00,-2.422314882278442383e-02,6.411789357662200928e-02,-7.665099203586578369e-02,5.742765218019485474e-02,-2.059015631675720215e-01,-1.241685748100280762e-01,1.323497533798217773e+00,2.496421895921230316e-02,-2.657809853553771973e-02,-7.655882835388183594e-02
1.144697189331054688e+00,8.740858733654022217e-02,8.631603717803955078e-01,8.998543024063110352e-03,-1.623995043337345123e-02,6.543703675270080566e-01,-7.559462189674377441e-01,3.626492917537689209e-01,-8.547723293304443359e-02,2.050007134675979614e-01,9.435770660638809204e-02,4.566415771842002869e-02,-3.516049310564994812e-02,1.238143909722566605e-02,1.863015629351139069e-02,-8.199626952409744263e-02,-1.740000024437904358e-02,-3.536228835582733154e-02,2.199567481875419617e-02,5.576785653829574585e-02,1.260555116459727287e-03,-2.281675301492214203e-02,6.480302661657333374e-02,1.442088484764099121e-01,3.411199152469635010e-01,1.275376558303833008e+00,-2.351679466664791107e-02,6.588466465473175049e-02,-7.872204482555389404e-02,5.835253000259399414e-02,-2.102664709091186523e-01,-1.229169219732284546e-01,1.328985929489135742e+00,2.730503492057323456e-02,-3.170934319496154785e-02,-7.410694658756256104e-02
1.160008907318115234e+00,8.714663982391357422e-02,8.617314100265502930e-01,1.301996223628520966e-02,-1.737115904688835144e-02,6.532329916954040527e-01,-7.568457126617431641e-01,3.562218546867370605e-01,-8.139076083898544312e-02,1.973715573549270630e-01,9.494449198246002197e-02,4.636203497648239136e-02,-7.134656608104705811e-02,-2.283731737406924367e-04,2.575928717851638794e-02,-9.098525345325469971e-02,-1.740000024437904358e-02,-3.788476064801216125e-02,3.655600175261497498e-02,6.844286620616912842e-02,-5.581089761108160019e-03,-2.292849123477935791e-02,6.472291052341461182e-02,1.368739157915115356e-01,3.368267118930816650e-01,1.275454998016357422e+00,-2.718285657465457916e-02,6.734208017587661743e-02,-8.003956824541091919e-02,6.060895323753356934e-02,-2.151978611946105957e-01,-1.231886744499206543e-01,1.337888598442077637e+00,3.032642975449562073e-02,-4.261173307895660400e-02,-7.262592762708663940e-02
1.172990918159484863e+00,8.722639828920364380e-02,8.607614040374755859e-01,1.503286324441432953e-02,-1.775177195668220520e-02,6.517893671989440918e-01,-7.580431699752807617e-01,3.461105823516845703e-01,-8.099914342164993286e-02,1.875744760036468506e-01,1.017108559608459473e-01,2.853343635797500610e-02,-1.097444519400596619e-01,-1.377525925636291504e-02,3.048409707844257355e-02,-9.723190963268280029e-02,-1.740000024437904358e-02,-3.610379993915557861e-02,4.699964821338653564e-02,7.382486015558242798e-02,-1.159985642880201340e-02,-2.437108196318149567e-02,6.569338589906692505e-02,1.306304931640625000e-01,3.341421186923980713e-01,1.275429010391235352e+00,-2.608343586325645447e-02,6.846206635236740112e-02,-8.017067611217498779e-02,6.141567230224609375e-02,-2.178436666727066040e-01,-1.224070340394973755e-01,1.345469713211059570e+00,3.515943884849548340e-02,-5.220815911889076233e-02,-7.161398977041244507e-02
1.186928033828735352e+00,8.718543499708175659e-02,8.598896861076354980e-01,1.681603118777275085e-02,-1.696608960628509521e-02,6.506848931312561035e-01,-7.589720487594604492e-01,3.332100510597229004e-01,-7.792816311120986938e-02,1.778321713209152222e-01,1.060580089688301086e-01,1.413632836192846298e-02,-1.614621430635452271e-01,-3.059763833880424500e-02,3.666203469038009644e-02,-1.022761538624763489e-01,-1.740000024437904358e-02,-3.004430234432220459e-02,5.884941667318344116e-02,7.419560104608535767e-02,-1.598470099270343781e-02,-2.430207468569278717e-02,6.878794729709625244e-02,1.262138485908508301e-01,3.329025804996490479e-01,1.274086356163024902e+00,-2.323273010551929474e-02,6.858962774276733398e-02,-8.042939007282257080e-02,5.996792390942573547e-02,-2.182330638170242310e-01,-1.188788786530494690e-01,1.353479743003845215e+00,3.859715536236763000e-02,-5.987025797367095947e-02,-6.941049546003341675e-02
1.206900835037231445e+00,8.768201619386672974e-02,8.589721322059631348e-01,1.627610251307487488e-02,-1.437242515385150909e-02,6.503003239631652832e-01,-7.593668103218078613e-01,3.035495877265930176e-01,-7.717629522085189819e-02,1.758089661598205566e-01,1.146908029913902283e-01,-1.633733324706554413e-02,-1.718778163194656372e-01,-6.229147315025329590e-02,4.213738813996315002e-02,-1.132935732603073120e-01,-1.740000024437904358e-02,-1.530071906745433807e-02,7.759921252727508545e-02,6.306918710470199585e-02,-1.454865001142024994e-02,-2.409314364194869995e-02,7.359499484300613403e-02,1.264469921588897705e-01,3.249396681785583496e-01,1.272340893745422363e+00,-2.367106638848781586e-02,6.496830284595489502e-02,-7.857412099838256836e-02,5.707741156220436096e-02,-2.138513326644897461e-01,-1.199097782373428345e-01,1.359768509864807129e+00,3.646177053451538086e-02,-6.975158303976058960e-02,-6.734666228294372559e-02
1.222549796104431152e+00,8.851447701454162598e-02,8.588611483573913574e-01,1.418420579284429550e-02,-1.130519434809684753e-02,6.506518721580505371e-01,-7.591595053672790527e-01,2.735831439495086670e-01,-8.196014910936355591e-02,1.714174151420593262e-01,1.275524944067001343e-01,-3.532245755195617676e-02,-1.578618139028549194e-01,-9.088806807994842529e-02,4.429390653967857361e-02,-1.208498477935791016e-01,-1.740000024437904358e-02,5.866198334842920303e-03,8.844012022018432617e-02,4.754433035850524902e-02,-9.512308053672313690e-03,-2.231767587363719940e-02,7.530149817466735840e-02,1.301901191473007202e-01,3.138433992862701416e-01,1.273271203041076660e+00,-2.620064653456211090e-02,6.191249936819076538e-02,-7.663454115390777588e-02,5.250699445605278015e-02,-2.055216133594512939e-01,-1.265558600425720215e-01,1.362119436264038086e+00,3.860189020633697510e-02,-7.885498553514480591e-02,-7.209364324808120728e-02
1.238381028175354004e+00,8.952741324901580811e-02,8.592478632926940918e-01,1.201496180146932602e-02,-7.486124057322740555e-03,6.507222056388854980e-01,-7.591838836669921875e-01,2.404659539461135864e-01,-8.827023953199386597e-02,1.538716703653335571e-01,1.424791812896728516e-01,-4.394884034991264343e-02,-1.401161849498748779e-01,-1.210813820362091064e-01,4.721272364258766174e-02,-1.294012963771820068e-01,-1.740000024437904358e-02,3.333809971809387207e-02,1.030307486653327942e-01,2.985558472573757172e-02,-4.306465387344360352e-03,-1.934354007244110107e-02,7.502598315477371216e-02,1.356269270181655884e-01,2.972389459609985352e-01,1.277367711067199707e+00,-2.341541834175586700e-02,6.244345754384994507e-02,-7.420396059751510620e-02,4.801739007234573364e-02,-1.949512064456939697e-01,-1.340322941541671753e-01,1.361789107322692871e+00,3.505303338170051575e-02,-8.235919475555419922e-02,-7.446443289518356323e-02
1.259984016418457031e+00,9.150473028421401978e-02,8.600355386734008789e-01,8.104284293949604034e-03,-4.346330184489488602e-03,6.521728634834289551e-01,-7.580145001411437988e-01,1.959777325391769409e-01,-9.440553933382034302e-02,1.247508451342582703e-01,1.511837393045425415e-01,-4.764236137270927429e-02,-1.165673807263374329e-01,-1.633947342634201050e-01,3.465126827359199524e-02,-1.394357979297637939e-01,3.352604573592543602e-03,6.723998486995697021e-02,1.215064972639083862e-01,8.903636597096920013e-03,3.776454133912920952e-03,-1.951105892658233643e-02,7.392612844705581665e-02,1.426212489604949951e-01,2.746734023094177246e-01,1.282724738121032715e+00,-2.417739108204841614e-02,6.386686861515045166e-02,-6.942226737737655640e-02,4.691484570503234863e-02,-1.874635815620422363e-01,-1.437037289142608643e-01,1.348752260208129883e+00,3.897489979863166809e-02,-6.228060647845268250e-02,-7.582823187112808228e-02
1.276230454444885254e+00,9.371961653232574463e-02,8.607511520385742188e-01,4.931542091071605682e-03,-3.816524054855108261e-03,6.550436019897460938e-01,-7.555653452873229980e-01,1.651026159524917603e-01,-9.465494006872177124e-02,1.093703582882881165e-01,1.460700929164886475e-01,-5.221496894955635071e-02,-9.959757328033447266e-02,-1.940425485372543335e-01,1.597460731863975525e-02,-1.453224569559097290e-01,2.649880386888980865e-02,9.199108183383941650e-02,1.296871453523635864e-01,-2.445367397740483284e-03,1.009325124323368073e-02,-2.182720042765140533e-02,7.356892526149749756e-02,1.471281647682189941e-01,2.630671262741088867e-01,1.282907366752624512e+00,-2.996146306395530701e-02,6.307442486286163330e-02,-6.821376830339431763e-02,4.594536125659942627e-02,-1.879189163446426392e-01,-1.476045995950698853e-01,1.332417964935302734e+00,3.357829898595809937e-02,-3.504449874162673950e-02,-8.012911677360534668e-02
1.291990637779235840e+00,9.628061205148696899e-02,8.616170287132263184e-01,2.370634116232395172e-03,-3.925474360585212708e-03,6.588990092277526855e-01,-7.522174119949340820e-01,1.374381780624389648e-01,-9.327078610658645630e-02,1.018595993518829346e-01,1.381894946098327637e-01,-5.573369935154914856e-02,-8.354089409112930298e-02,-2.221297621726989746e-01,-4.930744413286447525e-03,-1.507949084043502808e-01,5.071077868342399597e-02,1.155664771795272827e-01,1.333252787590026855e-01,-1.071467064321041107e-02,1.576937735080718994e-02,-2.358748205006122589e-02,7.319530844688415527e-02,1.513013839721679688e-01,2.553137242794036865e-01,1.281128406524658203e+00,-3.330997377634048462e-02,6.143139302730560303e-02,-6.853994727134704590e-02,4.128513112664222717e-02,-1.887978762388229370e-01,-1.479272097349166870e-01,1.318344235420227051e+00,2.340395934879779816e-02,-1.567752845585346222e-02,-8.303447067737579346e-02
1.311617016792297363e+00,9.989818185567855835e-02,8.630667924880981445e-01,2.408554282737895846e-04,-4.801169969141483307e-03,6.643630862236022949e-01,-7.473945021629333496e-01,1.070011183619499207e-01,-9.133467823266983032e-02,1.039982959628105164e-01,1.277242302894592285e-01,-5.864085629582405090e-02,-6.628173589706420898e-02,-2.522358000278472900e-01,-3.452182933688163757e-02,-1.605903655290603638e-01,8.489573001861572266e-02,1.419048160314559937e-01,1.229529008269309998e-01,-1.681394129991531372e-02,2.060473337769508362e-02,-2.487165853381156921e-02,7.095566391944885254e-02,1.550472676753997803e-01,2.461068183183670044e-01,1.282276988029479980e+00,-3.657506406307220459e-02,6.293333321809768677e-02,-7.067402452230453491e-02,3.208018094301223755e-02,-1.857243925333023071e-01,-1.490724533796310425e-01,1.308128237724304199e+00,1.045329030603170395e-02,-8.395341224968433380e-03,-8.501402288675308228e-02
1.325008392333984375e+00,1.027224585413932800e-01,8.641645312309265137e-01,-3.846193139906972647e-04,-5.624168086796998978e-03,6.680397987365722656e-01,-7.441042065620422363e-01,8.810970187187194824e-02,-9.018110483884811401e-02,1.086416542530059814e-01,1.206763982772827148e-01,-5.795850604772567749e-02,-5.426909029483795166e-02,-2.683239579200744629e-01,-5.847856774926185608e-02,-1.732589751482009888e-01,1.166114211082458496e-01,1.471887528896331787e-01,9.181089699268341064e-02,-1.842998340725898743e-02,2.203731983900070190e-02,-2.367876283824443817e-02,6.730835884809494019e-02,1.564265638589859009e-01,2.386345565319061279e-01,1.286625623703002930e+00,-3.823343664407730103e-02,6.661638617515563965e-02,-7.154662162065505981e-02,2.524136938154697418e-02,-1.811918020248413086e-01,-1.533444821834564209e-01,1.304635643959045410e+00,6.487425416707992554e-03,-8.249453268945217133e-03,-8.957435190677642822e-02
1.336656093597412109e+00,1.058682873845100403e-01,8.652276396751403809e-01,-5.733357393182814121e-04,-7.214645389467477798e-03,6.713489890098571777e-01,-7.411060333251953125e-01,7.354375720024108887e-02,-9.164592623710632324e-02,1.116781085729598999e-01,1.158818751573562622e-01,-5.654124170541763306e-02,-4.367643967270851135e-02,-2.764198780059814453e-01,-8.437763154506683350e-02,-1.836873590946197510e-01,1.549418121576309204e-01,1.175272092223167419e-01,2.446162886917591095e-02,-1.846674829721450806e-02,2.269016765058040619e-02,-2.287104167044162750e-02,6.339153647422790527e-02,1.584458351135253906e-01,2.301938980817794800e-01,1.291515111923217773e+00,-4.396681115031242371e-02,7.062610238790512085e-02,-7.235332578420639038e-02,2.011268399655818939e-02,-1.772131621837615967e-01,-1.582667827606201172e-01,1.301373720169067383e+00,9.779749438166618347e-03,-4.234552849084138870e-03,-9.181895852088928223e-02
1.348507642745971680e+00,1.099924966692924500e-01,8.665450215339660645e-01,3.724503621924668550e-04,-1.004086155444383621e-02,6.747782230377197266e-01,-7.379521727561950684e-01,6.173536553978919983e-02,-9.470517933368682861e-02,1.093734577298164368e-01,1.105746850371360779e-01,-5.011547356843948364e-02,-3.151867911219596863e-02,-2.704827189445495605e-01,-1.192907691001892090e-01,-1.736295819282531738e-01,2.140920013189315796e-01,5.054718628525733948e-02,4.022361245006322861e-04,-1.632010005414485931e-02,2.048339322209358215e-02,-1.990844681859016418e-02,5.879050865769386292e-02,1.647236049175262451e-01,2.199870645999908447e-01,1.294114947319030762e+00,-5.422547459602355957e-02,7.211677730083465576e-02,-7.194849848747253418e-02,1.514736935496330261e-02,-1.753171235322952271e-01,-1.578139811754226685e-01,1.294976830482482910e+00,7.843119092285633087e-03,3.332614200189709663e-03,-9.063152968883514404e-02
1.355627179145812988e+00,1.126006320118904114e-01,8.675054311752319336e-01,2.095545642077922821e-03,-1.146463211625814438e-02,6.773810982704162598e-01,-7.355399131774902344e-01,5.574564635753631592e-02,-9.193147718906402588e-02,1.080261692404747009e-01,1.019341200590133667e-01,-4.149698093533515930e-02,-2.390038967132568359e-02,-2.534645497798919678e-01,-1.427838653326034546e-01,-1.618556976318359375e-01,2.573472559452056885e-01,1.508986169937998056e-04,1.354246027767658234e-02,-1.441876031458377838e-02,1.954690180718898773e-02,-1.557065173983573914e-02,5.647136643528938293e-02,1.702344268560409546e-01,2.140346616506576538e-01,1.293819546699523926e+00,-5.901841446757316589e-02,7.156249880790710449e-02,-7.182279974222183228e-02,1.302929781377315521e-02,-1.756021082401275635e-01,-1.534179449081420898e-01,1.290534496307373047e+00,8.814486674964427948e-03,9.841228835284709930e-03,-9.174817800521850586e-02
1.361801743507385254e+00,1.144727915525436401e-01,8.683030605316162109e-01,4.116586875170469284e-03,-1.190063264220952988e-02,6.795789599418640137e-01,-7.334942817687988281e-01,5.009415745735168457e-02,-8.522399514913558960e-02,1.080143079161643982e-01,9.053388983011245728e-02,-3.235003724694252014e-02,-1.784161850810050964e-02,-2.298362851142883301e-01,-1.602122038602828979e-01,-1.513588726520538330e-01,2.920864820480346680e-01,-3.830815106630325317e-02,3.852230310440063477e-02,-1.414136961102485657e-02,1.864476315677165985e-02,-1.070876326411962509e-02,5.665061250329017639e-02,1.756130009889602661e-01,2.128383070230484009e-01,1.292174339294433594e+00,-6.025892496109008789e-02,7.057717442512512207e-02,-7.314527779817581177e-02,1.206275541335344315e-02,-1.745524555444717407e-01,-1.503977626562118530e-01,1.287772417068481445e+00,3.863600781187415123e-03,1.362319849431514740e-02,-9.397643804550170898e-02
1.368858575820922852e+00,1.160197705030441284e-01,8.689602017402648926e-01,5.830414593219757080e-03,-1.204539835453033447e-02,6.819494366645812988e-01,-7.312768697738647461e-01,4.234619066119194031e-02,-7.459510862827301025e-02,1.101831197738647461e-01,7.283946126699447632e-02,-2.286312170326709747e-02,-1.525312568992376328e-02,-1.944233030080795288e-01,-1.756956875324249268e-01,-1.312107294797897339e-01,3.219739496707916260e-01,-7.513588666915893555e-02,7.182288914918899536e-02,-1.639961451292037964e-02,1.765776053071022034e-02,-6.986625492572784424e-03,5.948086082935333252e-02,1.810845434665679932e-01,2.159348875284194946e-01,1.291331171989440918e+00,-5.999471619725227356e-02,7.023294270038604736e-02,-7.565905153751373291e-02,1.414535474032163620e-02,-1.742003560066223145e-01,-1.463959217071533203e-01,1.284908533096313477e+00,-2.367760753259062767e-03,1.804023236036300659e-02,-9.583170711994171143e-02
1.373560667037963867e+00,1.170710846781730652e-01,8.691642880439758301e-01,5.771217867732048035e-03,-1.256944797933101654e-02,6.834706068038940430e-01,-7.298470139503479004e-01,3.612606227397918701e-02,-6.926610320806503296e-02,1.146813854575157166e-01,6.028804928064346313e-02,-1.823608763515949249e-02,-1.406692247837781906e-02,-1.697710007429122925e-01,-1.843691766262054443e-01,-1.248448565602302551e-01,3.346555233001708984e-01,-1.004249453544616699e-01,9.497296065092086792e-02,-1.920411549508571625e-02,1.758298464119434357e-02,-7.658825721591711044e-03,6.239322945475578308e-02,1.841540187597274780e-01,2.176513820886611938e-01,1.292253255844116211e+00,-6.242433190345764160e-02,7.091283053159713745e-02,-7.604067027568817139e-02,1.652151346206665039e-02,-1.739954203367233276e-01,-1.461500972509384155e-01,1.283729434013366699e+00,-5.006805993616580963e-03,2.073788084089756012e-02,-9.427897632122039795e-02
1.377696752548217773e+00,1.178253069519996643e-01,8.691774010658264160e-01,5.188526585698127747e-03,-1.304990798234939575e-02,6.849880814552307129e-01,-7.284188866615295410e-01,2.969663403928279877e-02,-6.425381451845169067e-02,1.188942566514015198e-01,4.772424325346946716e-02,-1.441679429262876511e-02,-1.272863335907459259e-02,-1.476932764053344727e-01,-1.901205778121948242e-01,-1.178933456540107727e-01,3.392026722431182861e-01,-1.132448464632034302e-01,1.108945310115814209e-01,-2.201479114592075348e-02,1.764188893139362335e-02,-8.773619309067726135e-03,6.507836282253265381e-02,1.853698492050170898e-01,2.206522226333618164e-01,1.294124603271484375e+00,-6.302031874656677246e-02,7.205601781606674194e-02,-7.575239241123199463e-02,1.923553086817264557e-02,-1.752970367670059204e-01,-1.469115018844604492e-01,1.282222867012023926e+00,-6.023465655744075775e-03,2.368496172130107880e-02,-9.208195656538009644e-02
1.381987214088439941e+00,1.182591840624809265e-01,8.690504431724548340e-01,3.850634675472974777e-03,-1.385763380676507950e-02,6.872296333312988281e-01,-7.262978553771972656e-01,2.184248901903629303e-02,-5.771138146519660950e-02,1.216970458626747131e-01,3.068261034786701202e-02,-9.991693310439586639e-03,-1.084914058446884155e-02,-1.217116490006446838e-01,-1.925033628940582275e-01,-9.749135375022888184e-02,3.321188986301422119e-01,-1.235481500625610352e-01,1.158396154642105103e-01,-2.468132972717285156e-02,1.853753998875617981e-02,-1.182220876216888428e-02,6.922709941864013672e-02,1.836196035146713257e-01,2.250904291868209839e-01,1.298977971076965332e+00,-6.119842827320098877e-02,7.680653035640716553e-02,-7.777576148509979248e-02,2.215095423161983490e-02,-1.767674535512924194e-01,-1.475964635610580444e-01,1.283706545829772949e+00,-7.033389061689376831e-03,2.383917942643165588e-02,-9.150597453117370605e-02
1.384391546249389648e+00,1.183048263192176819e-01,8.689908385276794434e-01,2.611477160826325417e-03,-1.472102478146553040e-02,6.889462471008300781e-01,-7.246582508087158203e-01,1.684988103806972504e-02,-5.273571237921714783e-02,1.211363822221755981e-01,1.676308177411556244e-02,-5.227950867265462875e-03,-9.037416428327560425e-03,-1.051331534981727600e-01,-1.917241066694259644e-01,-8.246737718582153320e-02,3.209749758243560791e-01,-1.327197253704071045e-01,1.137757301330566406e-01,-2.511565759778022766e-02,1.909488625824451447e-02,-1.520805805921554565e-02,7.167204469442367554e-02,1.798256933689117432e-01,2.270426005125045776e-01,1.305346488952636719e+00,-6.133748218417167664e-02,8.285009115934371948e-02,-7.986964285373687744e-02,2.373909018933773041e-02,-1.788485944271087646e-01,-1.444837599992752075e-01,1.287677168846130371e+00,-5.190776661038398743e-03,2.083868160843849182e-02,-9.210973978042602539e-02
1.386135339736938477e+00,1.180743500590324402e-01,8.689429759979248047e-01,1.435738755390048027e-03,-1.545626576989889145e-02,6.905077695846557617e-01,-7.231583595275878906e-01,1.272077485918998718e-02,-4.658072441816329956e-02,1.203951090574264526e-01,1.595997251570224762e-03,9.469154065300244838e-06,-8.734907023608684540e-03,-9.071005880832672119e-02,-1.866125464439392090e-01,-6.685313582420349121e-02,3.022609949111938477e-01,-1.377119272947311401e-01,1.091476455330848694e-01,-2.505066245794296265e-02,1.964620128273963928e-02,-1.832906529307365417e-02,7.353940606117248535e-02,1.750164777040481567e-01,2.278362363576889038e-01,1.312603473663330078e+00,-6.123992055654525757e-02,9.029163420200347900e-02,-8.003543317317962646e-02,2.517595700919628143e-02,-1.809841692447662354e-01,-1.398615390062332153e-01,1.292444467544555664e+00,-2.923329127952456474e-03,1.580523513257503510e-02,-9.152029454708099365e-02
1.387665867805480957e+00,1.172961816191673279e-01,8.689147233963012695e-01,5.891279579373076558e-05,-1.602334715425968170e-02,6.926710605621337891e-01,-7.210756540298461914e-01,8.380430750548839569e-03,-3.888290002942085266e-02,1.233216822147369385e-01,-1.495919656008481979e-02,5.177683196961879730e-03,-9.838008321821689606e-03,-7.429366558790206909e-02,-1.732739806175231934e-01,-4.349986091256141663e-02,2.666867673397064209e-01,-1.353168636560440063e-01,9.878972917795181274e-02,-2.375564165413379669e-02,2.081177011132240295e-02,-2.165155112743377686e-02,7.635697722434997559e-02,1.679679751396179199e-01,2.286991178989410400e-01,1.321488738059997559e+00,-6.055098399519920349e-02,9.801830351352691650e-02,-7.911650091409683228e-02,2.717781253159046173e-02,-1.836514770984649658e-01,-1.337698101997375488e-01,1.298473834991455078e+00,-1.489326241426169872e-03,8.388375863432884216e-03,-9.014613926410675049e-02
1.388278961181640625e+00,1.165987998247146606e-01,8.687821030616760254e-01,-1.259439159184694290e-03,-1.630860753357410431e-02,6.935163736343383789e-01,-7.202551364898681641e-01,5.928062368184328079e-03,-3.843782097101211548e-02,1.246249601244926453e-01,-1.739969477057456970e-02,4.591723438352346420e-03,-1.114163175225257874e-02,-6.461803615093231201e-02,-1.626715064048767090e-01,-3.365713730454444885e-02,2.407357990741729736e-01,-1.312478184700012207e-01,1.027950793504714966e-01,-2.209364436566829681e-02,1.985190622508525848e-02,-2.361273951828479767e-02,7.895037531852722168e-02,1.633750200271606445e-01,2.292482852935791016e-01,1.324622750282287598e+00,-6.048046797513961792e-02,1.002636924386024475e-01,-7.754129171371459961e-02,2.883708290755748749e-02,-1.854531317949295044e-01,-1.311746686697006226e-01,1.301448702812194824e+00,-1.278165844269096851e-03,3.500942140817642212e-03,-8.863344043493270874e-02
1.388058900833129883e+00,1.155268475413322449e-01,8.686440587043762207e-01,-2.335460158064961433e-03,-1.661813631653785706e-02,6.938275694847106934e-01,-7.199456095695495605e-01,5.197104066610336304e-03,-3.861275687813758850e-02,1.264225095510482788e-01,-1.740000024437904358e-02,2.092835260555148125e-03,-1.270418427884578705e-02,-5.580355972051620483e-02,-1.510843485593795776e-01,-3.193601593375205994e-02,2.155019491910934448e-01,-1.191765964031219482e-01,1.067147925496101379e-01,-1.991641707718372345e-02,1.828011870384216309e-02,-2.578938007354736328e-02,8.206404745578765869e-02,1.604219526052474976e-01,2.288671284914016724e-01,1.325285315513610840e+00,-5.952451005578041077e-02,1.005932465195655823e-01,-7.466121017932891846e-02,3.131563216447830200e-02,-1.862518340349197388e-01,-1.298738718032836914e-01,1.303310036659240723e+00,-5.775546887889504433e-04,-8.827214478515088558e-04,-8.647140860557556152e-02
1.386887669563293457e+00,1.137200444936752319e-01,8.683312535285949707e-01,-3.904247190803289413e-03,-1.695302315056324005e-02,6.943740248680114746e-01,-7.194039821624755859e-01,5.167054012417793274e-03,-3.837954998016357422e-02,1.272273659706115723e-01,-1.740000024437904358e-02,-2.355234697461128235e-03,-1.439353730529546738e-02,-4.768908023834228516e-02,-1.347764283418655396e-01,-3.539177030324935913e-02,1.794232428073883057e-01,-8.445377647876739502e-02,6.652099639177322388e-02,-1.666257344186306000e-02,1.761839352548122406e-02,-2.870697714388370514e-02,8.568004518747329712e-02,1.580565869808197021e-01,2.278156131505966187e-01,1.323488712310791016e+00,-5.734537914395332336e-02,9.754998236894607544e-02,-7.073983550071716309e-02,3.487884253263473511e-02,-1.862498372793197632e-01,-1.285883933305740356e-01,1.303941607475280762e+00,3.360768896527588367e-04,-4.520236048847436905e-03,-8.464644104242324829e-02
1.384724378585815430e+00,1.124449819326400757e-01,8.680579662322998047e-01,-5.393522791564464569e-03,-1.754220202565193176e-02,6.948922872543334961e-01,-7.188795804977416992e-01,6.875588558614253998e-03,-3.925727307796478271e-02,1.286439895629882812e-01,-1.740000024437904358e-02,-5.221481900662183762e-03,-1.607736572623252869e-02,-4.395736753940582275e-02,-1.219735518097877502e-01,-3.730174899101257324e-02,1.510377675294876099e-01,-6.879587471485137939e-02,4.876896366477012634e-02,-1.424400601536035538e-02,1.783807016909122467e-02,-3.155051916837692261e-02,8.757437765598297119e-02,1.573123037815093994e-01,2.290135324001312256e-01,1.320760130882263184e+00,-5.466282367706298828e-02,9.350356459617614746e-02,-6.852610409259796143e-02,3.751284256577491760e-02,-1.846365183591842651e-01,-1.269156932830810547e-01,1.303292989730834961e+00,-4.554767801892012358e-04,-6.267167162150144577e-03,-8.377007395029067993e-02
1.382036566734313965e+00,1.114315539598464966e-01,8.679311871528625488e-01,-6.890960503369569778e-03,-1.831583492457866669e-02,6.954004764556884766e-01,-7.183559536933898926e-01,9.425661526620388031e-03,-4.095594212412834167e-02,1.314906179904937744e-01,-1.740000024437904358e-02,-6.530425045639276505e-03,-1.709844358265399933e-02,-4.157359153032302856e-02,-1.112378612160682678e-01,-3.901780769228935242e-02,1.265396028757095337e-01,-5.879230797290802002e-02,4.785534739494323730e-02,-1.116734463721513748e-02,1.790665462613105774e-02,-3.364968299865722656e-02,8.727701008319854736e-02,1.559157222509384155e-01,2.321306616067886353e-01,1.318652033805847168e+00,-5.178073048591613770e-02,9.052948653697967529e-02,-6.772042065858840942e-02,3.862804546952247620e-02,-1.811972707509994507e-01,-1.256078928709030151e-01,1.302979588508605957e+00,-2.118793083354830742e-03,-8.187670260667800903e-03,-8.350197970867156982e-02
1.378092885017395020e+00,1.098076552152633667e-01,8.679695129394531250e-01,-8.319403044879436493e-03,-1.877305842936038971e-02,6.961427330970764160e-01,-7.176097035408020020e-01,1.327855233103036880e-02,-4.152404144406318665e-02,1.336245089769363403e-01,-1.740000024437904358e-02,-6.281267851591110229e-03,-1.801693439483642578e-02,-3.786221146583557129e-02,-9.662478417158126831e-02,-4.130454733967781067e-02,9.720304608345031738e-02,-5.010308325290679932e-02,4.881571978330612183e-02,-6.231297273188829422e-03,1.680934429168701172e-02,-3.508131206035614014e-02,8.494194597005844116e-02,1.515430212020874023e-01,2.349740415811538696e-01,1.319734334945678711e+00,-5.136683210730552673e-02,9.167756140232086182e-02,-6.993741542100906372e-02,3.918668627738952637e-02,-1.754849851131439209e-01,-1.211920827627182007e-01,1.303792595863342285e+00,-3.143707057461142540e-03,-1.114453375339508057e-02,-8.342672139406204224e-02
1.374563813209533691e+00,1.082232668995857239e-01,8.681163787841796875e-01,-8.945205248892307281e-03,-1.873460598289966583e-02,6.963831782341003418e-01,-7.173698544502258301e-01,1.711850799620151520e-02,-4.065309092402458191e-02,1.365267485380172729e-01,-1.740000024437904358e-02,-5.209884606301784515e-03,-1.954561844468116760e-02,-3.322216495871543884e-02,-8.564516156911849976e-02,-4.074041917920112610e-02,7.759231328964233398e-02,-4.108505323529243469e-02,4.240684956312179565e-02,-3.027762752026319504e-03,1.481122523546218872e-02,-3.566692024469375610e-02,8.253777772188186646e-02,1.477127969264984131e-01,2.346040606498718262e-01,1.322749376296997070e+00,-5.329088121652603149e-02,9.578192234039306641e-02,-7.221405208110809326e-02,3.871187940239906311e-02,-1.694004535675048828e-01,-1.183122768998146057e-01,1.305064558982849121e+00,-4.638192709535360336e-03,-1.208300143480300903e-02,-8.206617087125778198e-02
1.370547652244567871e+00,1.062852963805198669e-01,8.682130575180053711e-01,-9.253261610865592957e-03,-1.842977479100227356e-02,6.962766051292419434e-01,-7.174772620201110840e-01,2.175917103886604309e-02,-3.874652832746505737e-02,1.406185328960418701e-01,-1.740000024437904358e-02,-3.886686637997627258e-03,-2.201253548264503479e-02,-2.755954302847385406e-02,-7.259397953748703003e-02,-3.884642943739891052e-02,5.621439591050148010e-02,-2.970453165471553802e-02,3.480112925171852112e-02,-4.897415637969970703e-04,1.174262911081314087e-02,-3.623548150062561035e-02,8.059219270944595337e-02,1.449491232633590698e-01,2.314132750034332275e-01,1.325056552886962891e+00,-5.671288818120956421e-02,9.891123324632644653e-02,-7.217542082071304321e-02,3.895160928368568420e-02,-1.626215577125549316e-01,-1.154864355921745300e-01,1.305996060371398926e+00,-4.600766114890575409e-03,-1.320809498429298401e-02,-8.098742365837097168e-02
1.364944219589233398e+00,1.037416681647300720e-01,8.682088851928710938e-01,-9.566053748130798340e-03,-1.798928529024124146e-02,6.959173679351806641e-01,-7.178328037261962891e-01,2.821561135351657867e-02,-3.612551465630531311e-02,1.455598026514053345e-01,-1.740000024437904358e-02,-2.236549509689211845e-03,-2.430466748774051666e-02,-2.014384977519512177e-02,-5.475793406367301941e-02,-3.530191257596015930e-02,2.759013511240482330e-02,-1.672914810478687286e-02,2.942924015223979950e-02,2.357447985559701920e-03,8.002081885933876038e-03,-3.698749467730522156e-02,7.688722014427185059e-02,1.421143114566802979e-01,2.258850336074829102e-01,1.325304985046386719e+00,-5.754464119672775269e-02,9.895341098308563232e-02,-6.860584020614624023e-02,3.888909891247749329e-02,-1.540831029415130615e-01,-1.133735403418540955e-01,1.305952787399291992e+00,-3.086685668677091599e-03,-1.384711451828479767e-02,-7.988944649696350098e-02
1.360855579376220703e+00,1.018561571836471558e-01,8.681013584136962891e-01,-9.783672168850898743e-03,-1.773132570087909698e-02,6.956935524940490723e-01,-7.180531620979309082e-01,3.307035937905311584e-02,-3.421358764171600342e-02,1.489709168672561646e-01,-1.740000024437904358e-02,-1.570724067278206348e-03,-2.612979896366596222e-02,-1.489933300763368607e-02,-4.306029900908470154e-02,-3.394049778580665588e-02,9.313120506703853607e-03,-9.821015410125255585e-03,2.653670310974121094e-02,4.587169736623764038e-03,5.367070436477661133e-03,-3.787276521325111389e-02,7.430019974708557129e-02,1.394359469413757324e-01,2.244687378406524658e-01,1.322871804237365723e+00,-5.485664308071136475e-02,9.611418843269348145e-02,-6.641900539398193359e-02,3.971270099282264709e-02,-1.485988944768905640e-01,-1.128309518098831177e-01,1.304722666740417480e+00,-3.220979822799563408e-03,-1.257204636931419373e-02,-7.981744408607482910e-02
1.356911897659301758e+00,9.998349100351333618e-02,8.679519295692443848e-01,-9.887704625725746155e-03,-1.740243844687938690e-02,6.953519582748413086e-01,-7.183905839920043945e-01,3.791076689958572388e-02,-3.197443485260009766e-02,1.529404222965240479e-01,-1.740000024437904358e-02,-1.626205281354486942e-03,-2.908453345298767090e-02,-9.699129499495029449e-03,-3.256529569625854492e-02,-3.338611125946044922e-02,-6.102238781750202179e-03,-3.856399795040488243e-03,2.264782600104808807e-02,6.607753690332174301e-03,2.943305531516671181e-03,-3.850889578461647034e-02,7.157535105943679810e-02,1.357378959655761719e-01,2.255086302757263184e-01,1.319312572479248047e+00,-5.238772556185722351e-02,9.297604858875274658e-02,-6.697525829076766968e-02,4.085269570350646973e-02,-1.443558186292648315e-01,-1.129541471600532532e-01,1.303064584732055664e+00,-3.225754480808973312e-03,-1.098648086190223694e-02,-8.045373857021331787e-02
