7.948919534683227539e-01,9.430735558271408081e-02,8.680304884910583496e-01,-1.644753664731979370e-02,-2.271802164614200592e-02,6.976382136344909668e-01,-7.159010767936706543e-01,5.889705568552017212e-02,-3.038424625992774963e-02,7.339873909950256348e-02,-5.449044983834028244e-03,-1.219145767390727997e-02,-3.708686679601669312e-02,-8.539973641745746136e-04,-8.408504538238048553e-03,-7.067054510116577148e-02,-1.740000024437904358e-02,6.679077167063951492e-03,2.284180372953414917e-02,-1.502940617501735687e-02,1.826328225433826447e-02,-4.451470077037811279e-02,4.689016565680503845e-02,1.317272484302520752e-01,2.052922397851943970e-01,1.245241403579711914e+00,-3.023394756019115448e-02,3.353747352957725525e-02,-4.272481054067611694e-02,3.818639740347862244e-02,-1.504661440849304199e-01,-7.005984336137771606e-02,1.322809576988220215e+00,5.216899886727333069e-02,1.387365628033876419e-03,-6.788712739944458008e-02
7.961875200271606445e-01,9.489160031080245972e-02,8.680999279022216797e-01,-1.672559976577758789e-02,-2.299755811691284180e-02,6.968857645988464355e-01,-7.166181802749633789e-01,5.716554075479507446e-02,-3.374075144529342651e-02,7.243160903453826904e-02,-2.503498457372188568e-03,-1.335236988961696625e-02,-3.590601310133934021e-02,-2.901230240240693092e-03,-9.760256856679916382e-03,-7.423123717308044434e-02,-1.740000024437904358e-02,7.461678236722946167e-03,2.637974917888641357e-02,-1.498177740722894669e-02,1.902822405099868774e-02,-4.444712400436401367e-02,4.683361575007438660e-02,1.317341774702072144e-01,2.045170366764068604e-01,1.246874690055847168e+00,-3.066915646195411682e-02,3.458474949002265930e-02,-4.354064166545867920e-02,3.817234560847282410e-02,-1.514366120100021362e-01,-7.099309563636779785e-02,1.324369192123413086e+00,5.266761407256126404e-02,-1.007571117952466011e-03,-6.637904047966003418e-02
7.981228232383728027e-01,9.564733505249023438e-02,8.681434392929077148e-01,-1.680225133895874023e-02,-2.317123487591743469e-02,6.966774463653564453e-01,-7.168132662773132324e-01,5.464353412389755249e-02,-3.594349697232246399e-02,7.151842117309570312e-02,-5.748964031226933002e-04,-1.531997974961996078e-02,-3.390922769904136658e-02,-5.656781140714883804e-03,-1.101783569902181625e-02,-7.776248455047607422e-02,-1.740000024437904358e-02,8.096560835838317871e-03,3.047360852360725403e-02,-1.488130632787942886e-02,2.095520868897438049e-02,-4.382968321442604065e-02,4.700364172458648682e-02,1.309855878353118896e-01,2.054268717765808105e-01,1.249848246574401855e+00,-3.036231361329555511e-02,3.765803202986717224e-02,-4.530279710888862610e-02,3.762929141521453857e-02,-1.530842781066894531e-01,-7.213264703750610352e-02,1.324461817741394043e+00,5.287878215312957764e-02,-1.132121775299310684e-03,-6.406870484352111816e-02
8.014787435531616211e-01,9.659358114004135132e-02,8.682199716567993164e-01,-1.617042720317840576e-02,-2.280751802027225494e-02,6.968225240707397461e-01,-7.166985273361206055e-01,5.031493306159973145e-02,-3.555040806531906128e-02,6.890866160392761230e-02,1.075065010809339583e-04,-1.884943619370460510e-02,-3.056087344884872437e-02,-1.018859352916479111e-02,-1.247132942080497742e-02,-8.109460026025772095e-02,-1.407270692288875580e-02,7.247994188219308853e-03,3.550364822149276733e-02,-1.466410793364048004e-02,2.308594249188899994e-02,-4.184585809707641602e-02,4.939438030123710632e-02,1.306751221418380737e-01,2.074243575334548950e-01,1.254644513130187988e+00,-3.103474155068397522e-02,4.239343106746673584e-02,-4.745013639330863953e-02,3.677064925432205200e-02,-1.562438011169433594e-01,-7.358864694833755493e-02,1.322384834289550781e+00,5.162585899233818054e-02,2.745903912000358105e-04,-6.249820068478584290e-02
8.045930862426757812e-01,9.736707061529159546e-02,8.682677745819091797e-01,-1.548943575471639633e-02,-2.246374823153018951e-02,6.971729397773742676e-01,-7.163835763931274414e-01,4.636531323194503784e-02,-3.415953740477561951e-02,6.486249715089797974e-02,-6.210688734427094460e-04,-2.054904028773307800e-02,-2.642563357949256897e-02,-1.442838832736015320e-02,-1.601816155016422272e-02,-8.282694220542907715e-02,-6.029470358043909073e-03,3.614144865423440933e-03,3.924058377742767334e-02,-1.426757406443357468e-02,2.424633316695690155e-02,-4.039014130830764771e-02,5.181693285703659058e-02,1.300300359725952148e-01,2.077139168977737427e-01,1.259698867797851562e+00,-3.280846029520034790e-02,4.776996374130249023e-02,-4.788031056523323059e-02,3.489790856838226318e-02,-1.590984016656875610e-01,-7.621965557336807251e-02,1.319905996322631836e+00,4.991438612341880798e-02,2.996218390762805939e-03,-6.183001026511192322e-02
8.081084489822387695e-01,9.816390275955200195e-02,8.682849407196044922e-01,-1.444461010396480560e-02,-2.193641290068626404e-02,6.978166699409484863e-01,-7.157946825027465820e-01,4.226493835449218750e-02,-3.180053830146789551e-02,6.051075085997581482e-02,-1.810089102946221828e-03,-2.086975425481796265e-02,-2.194940298795700073e-02,-1.918385177850723267e-02,-2.174935676157474518e-02,-8.460880070924758911e-02,7.611194159835577011e-03,-2.938022604212164879e-03,4.306006431579589844e-02,-1.416958495974540710e-02,2.487407065927982330e-02,-3.839588910341262817e-02,5.462071299552917480e-02,1.297226846218109131e-01,2.082703113555908203e-01,1.266243577003479004e+00,-3.299802169203758240e-02,5.440265312790870667e-02,-4.837305471301078796e-02,3.351810574531555176e-02,-1.625341773033142090e-01,-8.141993731260299683e-02,1.314732313156127930e+00,4.623425006866455078e-02,8.973080664873123169e-03,-6.064672768115997314e-02
8.132970333099365234e-01,9.980870783329010010e-02,8.685116171836853027e-01,-1.308888383209705353e-02,-2.178176678717136383e-02,7.004902958869934082e-01,-7.132093310356140137e-01,3.743484988808631897e-02,-2.862203866243362427e-02,6.015776470303535461e-02,-5.461012944579124451e-03,-1.787898689508438110e-02,-1.968543604016304016e-02,-2.639931440353393555e-02,-3.759621083736419678e-02,-8.369813114404678345e-02,3.738330304622650146e-02,-1.695536077022552490e-02,5.271316319704055786e-02,-1.322605367749929428e-02,2.769933082163333893e-02,-3.545100614428520203e-02,5.813418328762054443e-02,1.289469301700592041e-01,2.098260372877120972e-01,1.276520848274230957e+00,-3.238226100802421570e-02,6.531471014022827148e-02,-4.832835495471954346e-02,3.013925999402999878e-02,-1.682362556457519531e-01,-8.998299390077590942e-02,1.305388689041137695e+00,4.208820313215255737e-02,1.994840614497661591e-02,-6.317157298326492310e-02
8.171764612197875977e-01,1.013909056782722473e-01,8.689739108085632324e-01,-1.165099535137414932e-02,-2.181208133697509766e-02,7.045819163322448730e-01,-7.091916203498840332e-01,3.452662378549575806e-02,-2.422046847641468048e-02,6.665491312742233276e-02,-1.122693344950675964e-02,-1.261846255511045456e-02,-1.710952073335647583e-02,-3.262459859251976013e-02,-5.891482904553413391e-02,-8.323501050472259521e-02,7.705509662628173828e-02,-3.922648727893829346e-02,6.963516771793365479e-02,-1.253332290798425674e-02,3.313782438635826111e-02,-3.194367140531539917e-02,6.103272363543510437e-02,1.291761994361877441e-01,2.118311673402786255e-01,1.285324215888977051e+00,-3.239183872938156128e-02,7.500554621219635010e-02,-4.875833913683891296e-02,2.659173496067523956e-02,-1.716520935297012329e-01,-9.738733619451522827e-02,1.297873497009277344e+00,3.977677226066589355e-02,2.895695529878139496e-02,-6.847001612186431885e-02
8.205528259277343750e-01,1.031537726521492004e-01,8.693838119506835938e-01,-9.920773096382617950e-03,-2.178425900638103485e-02,7.103511095046997070e-01,-7.034403681755065918e-01,3.240633383393287659e-02,-1.881418935954570770e-02,7.695471495389938354e-02,-1.739688962697982788e-02,-8.153842762112617493e-03,-1.259473897516727448e-02,-4.055004566907882690e-02,-9.149647504091262817e-02,-7.689232379198074341e-02,1.417104303836822510e-01,-8.796323835849761963e-02,1.136298999190330505e-01,-1.294351089745759964e-02,4.107445850968360901e-02,-2.804215624928474426e-02,6.597566604614257812e-02,1.315594613552093506e-01,2.164111137390136719e-01,1.293978095054626465e+00,-3.054012730717658997e-02,8.481257408857345581e-02,-4.668305814266204834e-02,2.280240505933761597e-02,-1.735319048166275024e-01,-1.037129238247871399e-01,1.291136145591735840e+00,3.717793896794319153e-02,3.767679631710052490e-02,-7.038199901580810547e-02
8.230661749839782715e-01,1.054795011878013611e-01,8.696839213371276855e-01,-7.074283435940742493e-03,-2.165578305721282959e-02,7.179611921310424805e-01,-6.957101821899414062e-01,3.345264121890068054e-02,-1.458963938057422638e-02,9.183055162429809570e-02,-1.740000024437904358e-02,-9.008110500872135162e-03,-7.838044315576553345e-03,-5.280500277876853943e-02,-1.394485682249069214e-01,-6.859518587589263916e-02,2.405703365802764893e-01,-1.746280193328857422e-01,2.144978493452072144e-01,-1.478661037981510162e-02,4.843359440565109253e-02,-2.162944711744785309e-02,7.557842135429382324e-02,1.411929130554199219e-01,2.236039489507675171e-01,1.302680253982543945e+00,-3.412109240889549255e-02,9.355509281158447266e-02,-4.366218298673629761e-02,1.579181663691997528e-02,-1.724632382392883301e-01,-1.093244031071662903e-01,1.284320712089538574e+00,3.985977917909622192e-02,4.829182103276252747e-02,-7.301367819309234619e-02
8.239377140998840332e-01,1.066878810524940491e-01,8.697440624237060547e-01,-5.047986749559640884e-03,-2.133613266050815582e-02,7.229022979736328125e-01,-6.906023025512695312e-01,3.491151332855224609e-02,-1.075713895261287689e-02,9.869068861007690430e-02,-1.740000024437904358e-02,-9.986026212573051453e-03,-4.861515481024980545e-03,-6.550427526235580444e-02,-1.728790253400802612e-01,-6.048859655857086182e-02,3.104421794414520264e-01,-2.274445295333862305e-01,2.742822468280792236e-01,-1.656835526227951050e-02,5.134289339184761047e-02,-1.692157611250877380e-02,8.258812129497528076e-02,1.520008295774459839e-01,2.249071300029754639e-01,1.309325098991394043e+00,-3.527760878205299377e-02,9.955786168575286865e-02,-4.165136441588401794e-02,1.064343936741352081e-02,-1.722374260425567627e-01,-1.104647591710090637e-01,1.279336333274841309e+00,4.157508537173271179e-02,5.537103861570358276e-02,-7.409570366144180298e-02
8.237342238426208496e-01,1.075077876448631287e-01,8.700197935104370117e-01,-2.893876982852816582e-03,-2.091348543763160706e-02,7.260791659355163574e-01,-6.872869133949279785e-01,3.779582306742668152e-02,-6.770944688469171524e-03,1.006179749965667725e-01,-1.740000024437904358e-02,-9.417247027158737183e-03,-4.264165181666612625e-03,-8.310334384441375732e-02,-1.951008886098861694e-01,-5.727748572826385498e-02,3.595597445964813232e-01,-2.565453946590423584e-01,2.635415196418762207e-01,-1.731978915631771088e-02,4.961069673299789429e-02,-1.181226223707199097e-02,8.649361133575439453e-02,1.625775247812271118e-01,2.236860245466232300e-01,1.318366289138793945e+00,-3.363911807537078857e-02,1.100994795560836792e-01,-3.878591209650039673e-02,4.382214043289422989e-03,-1.725465655326843262e-01,-1.098834127187728882e-01,1.276164650917053223e+00,3.910255804657936096e-02,6.120319664478302002e-02,-7.357721775770187378e-02
8.223931789398193359e-01,1.072039902210235596e-01,8.703153729438781738e-01,-4.977331846021115780e-04,-1.973641291260719299e-02,7.271443605422973633e-01,-6.862006187438964844e-01,4.118086770176887512e-02,-9.551337570883333683e-04,9.830022603273391724e-02,-1.740000024437904358e-02,-7.503837347030639648e-03,-4.233283456414937973e-03,-1.213095784187316895e-01,-2.095634341239929199e-01,-7.903112471103668213e-02,3.957525491714477539e-01,-2.569817900657653809e-01,2.081031501293182373e-01,-1.754165440797805786e-02,4.261353984475135803e-02,-7.828625850379467010e-03,8.619574457406997681e-02,1.700815111398696899e-01,2.199785411357879639e-01,1.340105772018432617e+00,-3.813609108328819275e-02,1.336392015218734741e-01,-4.275511577725410461e-02,1.477348618209362030e-03,-1.743661463260650635e-01,-1.136553213000297546e-01,1.273019909858703613e+00,3.475609794259071350e-02,6.642916798591613770e-02,-7.608329504728317261e-02
8.204604387283325195e-01,1.061174049973487854e-01,8.705455660820007324e-01,5.854080081917345524e-04,-1.896790415048599243e-02,7.262476682662963867e-01,-6.871711611747741699e-01,4.411293566226959229e-02,2.654243726283311844e-03,9.636175632476806641e-02,-1.740000024437904358e-02,-6.852300837635993958e-03,-5.943504162132740021e-03,-1.556112319231033325e-01,-2.088003307580947876e-01,-1.023156121373176575e-01,3.966913521289825439e-01,-2.240148484706878662e-01,1.422917395830154419e-01,-1.744922623038291931e-02,3.626596555113792419e-02,-8.064187131822109222e-03,8.392180502414703369e-02,1.722824871540069580e-01,2.194109559059143066e-01,1.358535528182983398e+00,-4.308828338980674744e-02,1.525922268629074097e-01,-4.605430364608764648e-02,3.709651995450258255e-03,-1.758869141340255737e-01,-1.209528893232345581e-01,1.271709561347961426e+00,3.111224807798862457e-02,6.801387667655944824e-02,-7.887206971645355225e-02
8.178626894950866699e-01,1.044937893748283386e-01,8.706803321838378906e-01,1.113131875172257423e-03,-1.843270845711231232e-02,7.253583073616027832e-01,-6.881237626075744629e-01,4.746310785412788391e-02,5.955629982054233551e-03,9.778732806444168091e-02,-1.740000024437904358e-02,-7.888336665928363800e-03,-8.813534863293170929e-03,-1.891720890998840332e-01,-2.019801288843154907e-01,-1.232110485434532166e-01,3.799029290676116943e-01,-1.683707684278488159e-01,8.210089057683944702e-02,-1.676453463733196259e-02,3.266806900501251221e-02,-1.006270851939916611e-02,8.142685145139694214e-02,1.732678264379501343e-01,2.219555974006652832e-01,1.373214483261108398e+00,-4.807043448090553284e-02,1.645940393209457397e-01,-5.101489648222923279e-02,9.366974234580993652e-03,-1.788159012794494629e-01,-1.295209974050521851e-01,1.270998239517211914e+00,3.126669302582740784e-02,6.853190809488296509e-02,-8.167964220046997070e-02
8.131806850433349609e-01,1.018092036247253418e-01,8.704060912132263184e-01,1.276036025956273079e-03,-1.742820255458354950e-02,7.245466113090515137e-01,-6.890042424201965332e-01,5.236250162124633789e-02,1.112711522728204727e-02,1.025611311197280884e-01,-1.740000024437904358e-02,-1.199709903448820114e-02,-1.234269328415393829e-02,-2.269980013370513916e-01,-1.825914084911346436e-01,-1.404326558113098145e-01,3.348428308963775635e-01,-8.972633630037307739e-02,3.909925743937492371e-02,-1.610282808542251587e-02,3.102783486247062683e-02,-1.386765949428081512e-02,8.253937959671020508e-02,1.766578406095504761e-01,2.288694828748703003e-01,1.380161046981811523e+00,-5.071498826146125793e-02,1.680400222539901733e-01,-5.272777006030082703e-02,1.788396015763282776e-02,-1.843409687280654907e-01,-1.347692161798477173e-01,1.273017525672912598e+00,3.408484160900115967e-02,6.779864430427551270e-02,-8.281154185533523560e-02
8.080716729164123535e-01,9.992831945419311523e-02,8.699157834053039551e-01,8.079336257651448250e-04,-1.687633991241455078e-02,7.238650918006896973e-01,-6.897346377372741699e-01,5.784664675593376160e-02,1.407255791127681732e-02,1.055623516440391541e-01,-1.740000024437904358e-02,-1.732131652534008026e-02,-1.735484227538108826e-02,-2.468122243881225586e-01,-1.631422787904739380e-01,-1.415693014860153198e-01,2.899560630321502686e-01,-4.665645956993103027e-02,2.738344483077526093e-02,-1.609560847282409668e-02,3.000585921108722687e-02,-1.767529174685478210e-02,8.561237901449203491e-02,1.819382905960083008e-01,2.334883809089660645e-01,1.377684831619262695e+00,-5.660118162631988525e-02,1.649086475372314453e-01,-5.284203961491584778e-02,2.321647293865680695e-02,-1.871089190244674683e-01,-1.359295994043350220e-01,1.276814222335815430e+00,3.437414392828941345e-02,6.354915350675582886e-02,-8.175779134035110474e-02
8.012035489082336426e-01,9.784772247076034546e-02,8.692218661308288574e-01,5.712800775654613972e-04,-1.610820554196834564e-02,7.229167819023132324e-01,-6.907470822334289551e-01,6.568405032157897949e-02,1.813771575689315796e-02,1.078935712575912476e-01,-1.740000024437904358e-02,-2.432760410010814667e-02,-2.282155305147171021e-02,-2.586095929145812988e-01,-1.406835019588470459e-01,-1.353848427534103394e-01,2.431816905736923218e-01,-1.583366654813289642e-02,3.122417442500591278e-02,-1.611833646893501282e-02,2.863828465342521667e-02,-2.086535468697547913e-02,8.979824930429458618e-02,1.888298839330673218e-01,2.376310825347900391e-01,1.371382355690002441e+00,-5.745856091380119324e-02,1.580299139022827148e-01,-5.065800249576568604e-02,2.751948684453964233e-02,-1.872649639844894409e-01,-1.357212364673614502e-01,1.282632589340209961e+00,3.364311903715133667e-02,5.489557608962059021e-02,-7.994971424341201782e-02
7.896298170089721680e-01,9.472130239009857178e-02,8.679870367050170898e-01,7.657688111066818237e-04,-1.473016012459993362e-02,7.220081686973571777e-01,-6.917272806167602539e-01,7.983707636594772339e-02,2.580086328089237213e-02,1.124777644872665405e-01,-1.740000024437904358e-02,-3.514018654823303223e-02,-3.447739779949188232e-02,-2.632978558540344238e-01,-1.131459698081016541e-01,-1.203259453177452087e-01,1.891611963510513306e-01,2.705259807407855988e-02,4.280520603060722351e-02,-1.536649279296398163e-02,2.833832800388336182e-02,-2.342108078300952911e-02,9.092121571302413940e-02,1.964457333087921143e-01,2.419194579124450684e-01,1.365085005760192871e+00,-5.650544911623001099e-02,1.512432694435119629e-01,-5.007587373256683350e-02,3.123977966606616974e-02,-1.838796287775039673e-01,-1.371190100908279419e-01,1.292045354843139648e+00,3.345944732427597046e-02,4.085129499435424805e-02,-7.845206558704376221e-02
7.792547941207885742e-01,9.246243536472320557e-02,8.668943047523498535e-01,9.975698776543140411e-04,-1.394064351916313171e-02,7.218533754348754883e-01,-6.919049024581909180e-01,9.331180155277252197e-02,3.171329572796821594e-02,1.194547265768051147e-01,-1.740000024437904358e-02,-4.282478615641593933e-02,-4.572029039263725281e-02,-2.589770853519439697e-01,-9.674303978681564331e-02,-1.056806147098541260e-01,1.595210283994674683e-01,5.238415300846099854e-02,9.749510884284973145e-02,-1.320857554674148560e-02,2.855654433369636536e-02,-2.510919235646724701e-02,8.926051110029220581e-02,1.998507976531982422e-01,2.462580204010009766e-01,1.362914323806762695e+00,-5.750712752342224121e-02,1.505208313465118408e-01,-5.394185706973075867e-02,3.364733979105949402e-02,-1.817822456359863281e-01,-1.361466348171234131e-01,1.296878099441528320e+00,3.580513969063758850e-02,3.288962319493293762e-02,-7.710842788219451904e-02
7.677309513092041016e-01,9.059890359640121460e-02,8.656033277511596680e-01,1.123169553466141224e-03,-1.342960819602012634e-02,7.222230434417724609e-01,-6.915289163589477539e-01,1.085904836654663086e-01,3.685760498046875000e-02,1.314374208450317383e-01,-1.740000024437904358e-02,-4.832468554377555847e-02,-5.806445330381393433e-02,-2.488376796245574951e-01,-8.544009178876876831e-02,-9.485590457916259766e-02,1.450300812721252441e-01,4.777282476425170898e-02,1.544329077005386353e-01,-1.010877266526222229e-02,2.903846651315689087e-02,-2.677241154015064240e-02,8.690905570983886719e-02,2.013321667909622192e-01,2.522853910923004150e-01,1.361659884452819824e+00,-6.220590695738792419e-02,1.518279016017913818e-01,-5.897518619894981384e-02,3.513417392969131470e-02,-1.799107789993286133e-01,-1.338813155889511108e-01,1.299551010131835938e+00,3.656338527798652649e-02,2.818385884165763855e-02,-7.341498136520385742e-02
7.504234313964843750e-01,8.863855153322219849e-02,8.635925650596618652e-01,5.934619111940264702e-04,-1.345829572528600693e-02,7.230661511421203613e-01,-6.906473636627197266e-01,1.320236176252365112e-01,3.913292661309242249e-02,1.505659073591232300e-01,-1.402134355157613754e-02,-4.782534763216972351e-02,-7.732068002223968506e-02,-2.264247536659240723e-01,-7.847079634666442871e-02,-8.139454573392868042e-02,1.416517049074172974e-01,9.362285025417804718e-03,1.728826314210891724e-01,-4.364359658211469650e-03,2.851947396993637085e-02,-2.968534082174301147e-02,8.501493185758590698e-02,2.012601494789123535e-01,2.653855383396148682e-01,1.357642650604248047e+00,-7.100562751293182373e-02,1.510976999998092651e-01,-6.555506587028503418e-02,3.651955723762512207e-02,-1.786403656005859375e-01,-1.289624273777008057e-01,1.298375368118286133e+00,3.631268814206123352e-02,2.692271210253238678e-02,-6.927227973937988281e-02
7.357632517814636230e-01,8.743833750486373901e-02,8.620457053184509277e-01,1.656488602748140693e-04,-1.362131629139184952e-02,7.239094376564025879e-01,-6.897605657577514648e-01,1.527817845344543457e-01,3.608623892068862915e-02,1.672404408454895020e-01,-3.643940435722470284e-03,-4.479229077696800232e-02,-9.404811263084411621e-02,-2.047364711761474609e-01,-7.799929380416870117e-02,-7.114172726869583130e-02,1.449809372425079346e-01,-1.543104369193315506e-02,1.620715260505676270e-01,1.836520503275096416e-03,2.685962803661823273e-02,-3.053178451955318451e-02,8.454501628875732422e-02,1.996362805366516113e-01,2.769615948200225830e-01,1.351710081100463867e+00,-7.070059329271316528e-02,1.466026753187179565e-01,-6.601957976818084717e-02,3.550096228718757629e-02,-1.771257817745208740e-01,-1.269757747650146484e-01,1.295981407165527344e+00,3.482360392808914185e-02,2.902550809085369110e-02,-6.772512942552566528e-02
7.197036147117614746e-01,8.664692193269729614e-02,8.607046604156494141e-01,-1.353123370790854096e-04,-1.390463206917047501e-02,7.247145175933837891e-01,-6.889089345932006836e-01,1.757929176092147827e-01,3.099159151315689087e-02,1.825454086065292358e-01,9.316365234553813934e-03,-3.605375066399574280e-02,-1.098140180110931396e-01,-1.821815371513366699e-01,-7.923131436109542847e-02,-5.824376270174980164e-02,1.497151702642440796e-01,-3.798929229378700256e-02,1.524904817342758179e-01,8.608659729361534119e-03,2.538966387510299683e-02,-2.962476946413516998e-02,8.400073647499084473e-02,1.973778605461120605e-01,2.913954854011535645e-01,1.342157840728759766e+00,-6.649255007505416870e-02,1.390022337436676025e-01,-6.571105867624282837e-02,3.318043425679206848e-02,-1.731705814599990845e-01,-1.264021694660186768e-01,1.294278740882873535e+00,3.312864527106285095e-02,3.056016564369201660e-02,-6.896557658910751343e-02
6.978812813758850098e-01,8.615420013666152954e-02,8.597393035888671875e-01,-1.130144577473402023e-03,-1.517798844724893570e-02,7.245019674301147461e-01,-6.891046762466430664e-01,2.082840055227279663e-01,1.762382313609123230e-02,1.965152919292449951e-01,3.112960606813430786e-02,-1.765138655900955200e-02,-1.304292380809783936e-01,-1.518682688474655151e-01,-8.412470668554306030e-02,-4.692693054676055908e-02,1.572854518890380859e-01,-6.118193641304969788e-02,1.379699409008026123e-01,1.860199682414531708e-02,2.193246595561504364e-02,-3.021284937858581543e-02,8.163185417652130127e-02,1.902006566524505615e-01,3.138386011123657227e-01,1.326912879943847656e+00,-5.947533249855041504e-02,1.254079788923263550e-01,-6.805760413408279419e-02,3.081620484590530396e-02,-1.673439741134643555e-01,-1.248253509402275085e-01,1.294666886329650879e+00,3.488295525312423706e-02,2.651088312268257141e-02,-7.258344441652297974e-02
6.818937063217163086e-01,8.576010167598724365e-02,8.597956895828247070e-01,-2.064711879938840866e-03,-1.603173837065696716e-02,7.233031988143920898e-01,-6.903413534164428711e-01,2.323002815246582031e-01,2.328365342691540718e-03,2.026393711566925049e-01,5.308355018496513367e-02,4.276740364730358124e-03,-1.450941413640975952e-01,-1.279937028884887695e-01,-8.539193868637084961e-02,-3.588347509503364563e-02,1.584994792938232422e-01,-6.857358664274215698e-02,1.164934635162353516e-01,2.610169164836406708e-02,1.962161250412464142e-02,-3.160863742232322693e-02,7.574467360973358154e-02,1.789725571870803833e-01,3.329593241214752197e-01,1.317235231399536133e+00,-4.562137275934219360e-02,1.185173913836479187e-01,-7.049498707056045532e-02,3.010985441505908966e-02,-1.672429442405700684e-01,-1.153812184929847717e-01,1.297080278396606445e+00,4.102266579866409302e-02,2.501779980957508087e-02,-7.308384776115417480e-02
6.656942963600158691e-01,8.535352349281311035e-02,8.606213331222534180e-01,-2.527552889660000801e-03,-1.713757775723934174e-02,7.216995358467102051e-01,-6.919896602630615234e-01,2.582306563854217529e-01,-1.652980595827102661e-02,2.077790051698684692e-01,8.047292381525039673e-02,2.800034545361995697e-02,-1.533239632844924927e-01,-1.018141880631446838e-01,-8.121905475854873657e-02,-2.103841118514537811e-02,1.492307335138320923e-01,-6.733339279890060425e-02,9.301029145717620850e-02,3.127016499638557434e-02,1.660582236945629120e-02,-3.251782804727554321e-02,7.201837003231048584e-02,1.713426113128662109e-01,3.487161099910736084e-01,1.305293679237365723e+00,-3.567495569586753845e-02,1.091534271836280823e-01,-7.123561948537826538e-02,2.802674658596515656e-02,-1.689114570617675781e-01,-9.479721635580062866e-02,1.300765752792358398e+00,3.271481767296791077e-02,2.625153400003910065e-02,-6.665956228971481323e-02
6.461517810821533203e-01,8.461609482765197754e-02,8.623160123825073242e-01,-2.588606672361493111e-03,-1.665789633989334106e-02,7.194516062736511230e-01,-6.943379640579223633e-01,2.838225960731506348e-01,-4.445434361696243286e-02,2.249912023544311523e-01,1.302063614130020142e-01,4.646811261773109436e-02,-1.526347845792770386e-01,-7.266703993082046509e-02,-7.067997008562088013e-02,-2.901788335293531418e-03,1.342212408781051636e-01,-6.144835427403450012e-02,6.392917782068252563e-02,3.622259944677352905e-02,1.392406877130270004e-02,-3.056161105632781982e-02,6.856843829154968262e-02,1.643651723861694336e-01,3.563762605190277100e-01,1.290082931518554688e+00,-3.679857775568962097e-02,9.213927388191223145e-02,-6.838146597146987915e-02,2.390585094690322876e-02,-1.733335852622985840e-01,-6.469944864511489868e-02,1.307277083396911621e+00,3.567164763808250427e-02,1.914547942578792572e-02,-6.321226060390472412e-02
6.331435441970825195e-01,8.465754240751266479e-02,8.635599613189697266e-01,-2.560328692197799683e-03,-1.563129760324954987e-02,7.174377441406250000e-01,-6.964424848556518555e-01,2.941640615463256836e-01,-7.036989927291870117e-02,2.363945692777633667e-01,1.821566969156265259e-01,2.665515989065170288e-02,-8.398333936929702759e-02,-5.468297004699707031e-02,-6.193237006664276123e-02,5.171216093003749847e-03,1.221640482544898987e-01,-5.615343898534774780e-02,4.376364499330520630e-02,3.908037394285202026e-02,1.260914094746112823e-02,-2.817144803702831268e-02,6.515637785196304321e-02,1.607964485883712769e-01,3.516460061073303223e-01,1.278601169586181641e+00,-3.476732969284057617e-02,8.459423482418060303e-02,-6.229623407125473022e-02,2.177010104060173035e-02,-1.769633591175079346e-01,-5.193037167191505432e-02,1.310412526130676270e+00,4.280355200171470642e-02,1.576773636043071747e-02,-6.305617094039916992e-02
6.227737665176391602e-01,8.528233319520950317e-02,8.648618459701538086e-01,-3.417811589315533638e-03,-1.434316951781511307e-02,7.156259417533874512e-01,-6.983280777931213379e-01,2.930918335914611816e-01,-9.984432905912399292e-02,2.278726547956466675e-01,2.382028996944427490e-01,-5.206006579101085663e-03,-1.253571733832359314e-02,-4.271631315350532532e-02,-5.373955145478248596e-02,1.220043003559112549e-02,1.077423095703125000e-01,-4.856977611780166626e-02,2.922327443957328796e-02,4.032884538173675537e-02,1.269379444420337677e-02,-2.614963799715042114e-02,6.133804470300674438e-02,1.559169292449951172e-01,3.460055291652679443e-01,1.267432332038879395e+00,-2.781659737229347229e-02,7.487209141254425049e-02,-6.160585582256317139e-02,2.045919373631477356e-02,-1.803320646286010742e-01,-5.153086036443710327e-02,1.310726881027221680e+00,4.670744761824607849e-02,1.455628219991922379e-02,-6.298231333494186401e-02
6.118477582931518555e-01,8.627438545227050781e-02,8.664608001708984375e-01,-4.384248051792383194e-03,-1.217218674719333649e-02,7.129450440406799316e-01,-7.011005282402038574e-01,2.762589454650878906e-01,-1.415838450193405151e-01,2.203782945871353149e-01,3.145779371261596680e-01,-5.801192298531532288e-02,9.430131874978542328e-03,-3.164566308259963989e-02,-4.207063466310501099e-02,1.478533353656530380e-02,8.809798210859298706e-02,-3.786615654826164246e-02,1.473611127585172653e-02,4.127665236592292786e-02,1.230787672102451324e-02,-2.240843884646892548e-02,5.706540122628211975e-02,1.474322527647018433e-01,3.396020531654357910e-01,1.253890633583068848e+00,-1.661289297044277191e-02,6.434709578752517700e-02,-6.313459575176239014e-02,2.013641037046909332e-02,-1.874305903911590576e-01,-5.657152086496353149e-02,1.308182358741760254e+00,4.567112773656845093e-02,1.827288419008255005e-02,-6.326848268508911133e-02
6.045106053352355957e-01,8.670176565647125244e-02,8.673641681671142578e-01,-4.797901492565870285e-03,-1.090072002261877060e-02,7.112548947334289551e-01,-7.028332948684692383e-01,2.549530565738677979e-01,-1.692044287919998169e-01,2.179803550243377686e-01,3.611700534820556641e-01,-8.758161962032318115e-02,8.854249492287635803e-03,-2.354392223060131073e-02,-3.365882113575935364e-02,1.710676215589046478e-02,7.394516468048095703e-02,-2.814493887126445770e-02,4.460956901311874390e-03,4.202250018715858459e-02,1.190078910440206528e-02,-2.013221010565757751e-02,5.540696159005165100e-02,1.410112529993057251e-01,3.372589647769927979e-01,1.246006608009338379e+00,-1.148279942572116852e-02,5.901291593909263611e-02,-6.151334941387176514e-02,2.002300880849361420e-02,-1.909297406673431396e-01,-6.000903621315956116e-02,1.307798743247985840e+00,4.486828669905662537e-02,1.807312108576297760e-02,-6.578925997018814087e-02
5.979975461959838867e-01,8.706855773925781250e-02,8.680711984634399414e-01,-5.081643350422382355e-03,-1.024888549000024796e-02,7.103080153465270996e-01,-7.037980556488037109e-01,2.278231978416442871e-01,-1.909295618534088135e-01,2.102759629487991333e-01,3.934617638587951660e-01,-1.144702583551406860e-01,-5.896411836147308350e-03,-1.578876003623008728e-02,-2.743767760694026947e-02,1.838861405849456787e-02,6.207150220870971680e-02,-1.958911865949630737e-02,-2.403677906841039658e-03,4.289635270833969116e-02,1.335890498012304306e-02,-1.911802031099796295e-02,5.482086539268493652e-02,1.357218623161315918e-01,3.345648348331451416e-01,1.240097999572753906e+00,-8.542694151401519775e-03,5.453906208276748657e-02,-5.976492166519165039e-02,2.141318656504154205e-02,-1.944327205419540405e-01,-6.127561256289482117e-02,1.308309078216552734e+00,4.587031528353691101e-02,1.597735472023487091e-02,-6.902626156806945801e-02
5.907478928565979004e-01,8.731521666049957275e-02,8.685979247093200684e-01,-5.467047449201345444e-03,-9.373456239700317383e-03,7.094200849533081055e-01,-7.047023773193359375e-01,1.864937990903854370e-01,-2.119774669408798218e-01,1.887927651405334473e-01,4.187801480293273926e-01,-1.376885175704956055e-01,-2.578091062605381012e-02,-8.022333495318889618e-03,-2.063556201756000519e-02,1.735701039433479309e-02,4.989464953541755676e-02,-1.350192259997129440e-02,-8.146181702613830566e-03,4.332129657268524170e-02,1.474619470536708832e-02,-1.864302903413772583e-02,5.553614348173141479e-02,1.301585435867309570e-01,3.300836086273193359e-01,1.235356450080871582e+00,-7.807124406099319458e-03,4.817653447389602661e-02,-5.880074575543403625e-02,2.203519083559513092e-02,-1.935001313686370850e-01,-6.503412127494812012e-02,1.312793135643005371e+00,4.475417733192443848e-02,9.052107110619544983e-03,-7.128258049488067627e-02
5.861243605613708496e-01,8.731599152088165283e-02,8.686969280242919922e-01,-5.479381419718265533e-03,-8.650213479995727539e-03,7.087837457656860352e-01,-7.053515315055847168e-01,1.572233140468597412e-01,-2.209267765283584595e-01,1.755812913179397583e-01,4.253039956092834473e-01,-1.436827927827835083e-01,-4.359839111566543579e-02,-2.986056264489889145e-03,-1.538355834782123566e-02,1.819187030196189880e-02,4.228748381137847900e-02,-1.201204117387533188e-02,-1.057564467191696167e-02,4.252689704298973083e-02,1.530931331217288971e-02,-1.752347499132156372e-02,5.612526461482048035e-02,1.278938502073287964e-01,3.262092471122741699e-01,1.234624743461608887e+00,-8.623636327683925629e-03,4.568359628319740295e-02,-5.889453366398811340e-02,2.259282022714614868e-02,-1.915102899074554443e-01,-6.721030175685882568e-02,1.315827012062072754e+00,4.462453350424766541e-02,4.408742766827344894e-03,-7.150840014219284058e-02
5.829960107803344727e-01,8.734886348247528076e-02,8.687082529067993164e-01,-5.543449893593788147e-03,-7.384578697383403778e-03,7.078020572662353516e-01,-7.063505053520202637e-01,1.259185522794723511e-01,-2.225455492734909058e-01,1.541279852390289307e-01,4.207378625869750977e-01,-1.576292663812637329e-01,-4.671055823564529419e-02,-1.129125128500163555e-03,-9.776915423572063446e-03,1.570879481732845306e-02,3.567577525973320007e-02,-1.156570482999086380e-02,-1.166071556508541107e-02,3.975661098957061768e-02,1.533327251672744751e-02,-1.588068157434463501e-02,5.731002613902091980e-02,1.273850053548812866e-01,3.206772208213806152e-01,1.235536336898803711e+00,-1.091010589152574539e-02,4.543976485729217529e-02,-5.926785245537757874e-02,2.405968867242336273e-02,-1.891292333602905273e-01,-6.804432719945907593e-02,1.318040728569030762e+00,4.447476565837860107e-02,1.169524039141833782e-03,-7.155121862888336182e-02
5.804618000984191895e-01,8.789381384849548340e-02,8.685809373855590820e-01,-5.921698175370693207e-03,-7.117802742868661880e-03,7.066875100135803223e-01,-7.074651718139648438e-01,8.753626048564910889e-02,-2.178880721330642700e-01,1.108171716332435608e-01,3.983798027038574219e-01,-1.804707348346710205e-01,-3.991332650184631348e-02,8.766519604250788689e-04,-7.178569212555885315e-03,1.035625394433736801e-02,3.031133487820625305e-02,-1.268988940864801407e-02,-9.760635904967784882e-03,3.746758773922920227e-02,1.516534201800823212e-02,-1.697143726050853729e-02,5.838447064161300659e-02,1.268305629491806030e-01,3.091434538364410400e-01,1.240804314613342285e+00,-1.407969743013381958e-02,4.910863935947418213e-02,-6.001804396510124207e-02,2.673674933612346649e-02,-1.850785315036773682e-01,-6.934118270874023438e-02,1.321195125579833984e+00,4.480087384581565857e-02,-3.283773083239793777e-03,-7.193235307931900024e-02
5.788696408271789551e-01,8.811151236295700073e-02,8.684704303741455078e-01,-5.962301976978778839e-03,-7.013141643255949020e-03,7.065918445587158203e-01,-7.075614333152770996e-01,6.483928114175796509e-02,-2.072953879833221436e-01,8.688098937273025513e-02,3.691023886203765869e-01,-1.841022372245788574e-01,-4.487928003072738647e-02,2.109480090439319611e-03,-4.655031487345695496e-03,5.837909411638975143e-03,2.566845901310443878e-02,-1.341498550027608871e-02,-5.333191249519586563e-03,3.494922816753387451e-02,1.745213381946086884e-02,-1.746989786624908447e-02,5.938417091965675354e-02,1.279096007347106934e-01,2.993320822715759277e-01,1.245417714118957520e+00,-1.456174347549676895e-02,5.219415947794914246e-02,-5.915142223238945007e-02,2.878760360181331635e-02,-1.806495338678359985e-01,-7.117342948913574219e-02,1.323453426361083984e+00,4.532875865697860718e-02,-6.427770946174860001e-03,-7.204367965459823608e-02
5.778276920318603516e-01,8.816888928413391113e-02,8.683502078056335449e-01,-5.778480786830186844e-03,-7.132472004741430283e-03,7.073733806610107422e-01,-7.067804932594299316e-01,4.808468371629714966e-02,-1.917731314897537231e-01,7.471158355474472046e-02,3.313338756561279297e-01,-1.772843450307846069e-01,-5.222123861312866211e-02,3.354167565703392029e-03,-2.819674089550971985e-03,2.496205037459731102e-03,2.233856916427612305e-02,-1.573410630226135254e-02,-1.177755766548216343e-03,3.286767750978469849e-02,2.050971426069736481e-02,-1.834188587963581085e-02,6.180243194103240967e-02,1.277802735567092896e-01,2.948055267333984375e-01,1.249654293060302734e+00,-1.297219097614288330e-02,5.525912344455718994e-02,-5.833308398723602295e-02,3.012761473655700684e-02,-1.768601238727569580e-01,-6.995797902345657349e-02,1.325918912887573242e+00,4.624832049012184143e-02,-8.700999431312084198e-03,-7.087095081806182861e-02
5.778785943984985352e-01,8.792714029550552368e-02,8.680884242057800293e-01,-4.933105781674385071e-03,-7.109399419277906418e-03,7.098565697669982910e-01,-7.042930722236633301e-01,3.243194893002510071e-02,-1.663346439599990845e-01,7.108891755342483521e-02,2.776466012001037598e-01,-1.612444072961807251e-01,-4.157713800668716431e-02,3.860953729599714279e-03,-3.169723087921738625e-03,-7.046810351312160492e-04,2.533354423940181732e-02,-2.177312597632408142e-02,3.648387501016259193e-03,3.018779493868350983e-02,2.571206726133823395e-02,-1.854968629777431488e-02,6.791502982378005981e-02,1.273195892572402954e-01,2.935548126697540283e-01,1.253216266632080078e+00,-1.243599969893693924e-02,5.860248953104019165e-02,-5.764301866292953491e-02,3.111059963703155518e-02,-1.722033768892288208e-01,-6.657619029283523560e-02,1.328667402267456055e+00,4.555827006697654724e-02,-1.068414840847253799e-02,-6.833316385746002197e-02
5.790024399757385254e-01,8.774808049201965332e-02,8.676938414573669434e-01,-4.638700280338525772e-03,-7.407831493765115738e-03,7.119439244270324707e-01,-7.021819353103637695e-01,2.576057799160480499e-02,-1.502118408679962158e-01,7.620199769735336304e-02,2.441282719373703003e-01,-1.346689909696578979e-01,9.650055319070816040e-03,2.858460647985339165e-03,-7.217908743768930435e-03,-2.685042796656489372e-03,3.303406387567520142e-02,-2.929257042706012726e-02,5.930228624492883682e-03,2.763996087014675140e-02,2.833733893930912018e-02,-1.957556977868080139e-02,7.358584553003311157e-02,1.266844570636749268e-01,2.921748757362365723e-01,1.255248904228210449e+00,-1.337773352861404419e-02,6.174788996577262878e-02,-5.661663785576820374e-02,3.094107098877429962e-02,-1.697001904249191284e-01,-6.578154116868972778e-02,1.329004287719726562e+00,4.420184344053268433e-02,-9.935767389833927155e-03,-6.639653444290161133e-02
5.811641812324523926e-01,8.829234540462493896e-02,8.672242760658264160e-01,-4.936784505844116211e-03,-8.355854079127311707e-03,7.135792374610900879e-01,-7.005073428153991699e-01,2.338579297065734863e-02,-1.393754035234451294e-01,8.145539462566375732e-02,2.208665609359741211e-01,-1.260484009981155396e-01,1.371116936206817627e-02,7.062093354761600494e-04,-1.500928495079278946e-02,-3.743798471987247467e-03,4.296309128403663635e-02,-3.653870150446891785e-02,8.377769030630588531e-03,2.474595978856086731e-02,2.804142236709594727e-02,-2.101352624595165253e-02,7.865724712610244751e-02,1.272732317447662354e-01,2.855712771415710449e-01,1.257557749748229980e+00,-1.686982251703739166e-02,6.529486179351806641e-02,-5.507171526551246643e-02,2.901214547455310822e-02,-1.681407094001770020e-01,-6.671910732984542847e-02,1.327347278594970703e+00,4.276862367987632751e-02,-6.780738011002540588e-03,-6.515663862228393555e-02
5.846063494682312012e-01,8.941317349672317505e-02,8.666970133781433105e-01,-5.105634219944477081e-03,-9.622367098927497864e-03,7.156506776809692383e-01,-6.983734369277954102e-01,2.246077917516231537e-02,-1.284846365451812744e-01,9.583269059658050537e-02,1.935742646455764771e-01,-1.020771786570549011e-01,7.630764972418546677e-03,-2.113326452672481537e-03,-2.768506482243537903e-02,-2.539538312703371048e-03,5.988753959536552429e-02,-4.570752009749412537e-02,1.154549233615398407e-02,2.066446095705032349e-02,2.563915774226188660e-02,-2.007107064127922058e-02,8.159000426530838013e-02,1.263644099235534668e-01,2.757338583469390869e-01,1.263951182365417480e+00,-1.499754935503005981e-02,6.925062090158462524e-02,-5.204347521066665649e-02,2.480071783065795898e-02,-1.681074649095535278e-01,-6.930665671825408936e-02,1.322159886360168457e+00,4.451013356447219849e-02,-5.030799657106399536e-04,-6.655794382095336914e-02
5.875812172889709473e-01,9.061429649591445923e-02,8.665603399276733398e-01,-5.030289292335510254e-03,-1.047050766646862030e-02,7.174901962280273438e-01,-6.964717507362365723e-01,2.068207785487174988e-02,-1.244582012295722961e-01,1.039924100041389465e-01,1.810964941978454590e-01,-9.000971168279647827e-02,7.869062945246696472e-03,-4.595747217535972595e-03,-4.219533503055572510e-02,-3.630272345617413521e-03,8.138825744390487671e-02,-5.370401591062545776e-02,1.457475032657384872e-02,1.690561324357986450e-02,2.365281246602535248e-02,-1.783440634608268738e-02,8.226304501295089722e-02,1.264422535896301270e-01,2.665061652660369873e-01,1.269772052764892578e+00,-1.267259102314710617e-02,7.369256019592285156e-02,-4.845886304974555969e-02,2.140850946307182312e-02,-1.652961969375610352e-01,-7.888881117105484009e-02,1.317654609680175781e+00,4.339187964797019958e-02,3.092256840318441391e-03,-7.262489199638366699e-02
5.907698273658752441e-01,9.202714264392852783e-02,8.666304349899291992e-01,-4.984515719115734100e-03,-1.165811251848936081e-02,7.197363376617431641e-01,-6.941316723823547363e-01,1.798539422452449799e-02,-1.231111958622932434e-01,1.058071479201316833e-01,1.711069941520690918e-01,-7.264167070388793945e-02,1.264967303723096848e-02,-6.939256563782691956e-03,-6.320213526487350464e-02,-4.184644669294357300e-03,1.132653579115867615e-01,-6.511653959751129150e-02,1.867930591106414795e-02,1.367565616965293884e-02,2.379092946648597717e-02,-1.561034191399812698e-02,8.128207176923751831e-02,1.267488747835159302e-01,2.561873495578765869e-01,1.276371002197265625e+00,-1.430931966751813889e-02,7.740519195795059204e-02,-4.652933403849601746e-02,1.954151690006256104e-02,-1.641429066658020020e-01,-8.909647911787033081e-02,1.311542987823486328e+00,4.319548979401588440e-02,9.227132424712181091e-03,-7.631842046976089478e-02
5.942150950431823730e-01,9.445191919803619385e-02,8.670528531074523926e-01,-5.341765005141496658e-03,-1.441028341650962830e-02,7.238312363624572754e-01,-6.898058652877807617e-01,1.680850237607955933e-02,-1.219245493412017822e-01,1.078362464904785156e-01,1.547780483961105347e-01,-5.491862446069717407e-02,1.880174875259399414e-02,-7.697838824242353439e-03,-1.032036021351814270e-01,4.137902986258268356e-03,1.737308502197265625e-01,-9.219451248645782471e-02,3.673167154192924500e-02,9.224761277437210083e-03,2.655326947569847107e-02,-1.445466466248035431e-02,7.938655465841293335e-02,1.295945048332214355e-01,2.446135431528091431e-01,1.283575654029846191e+00,-1.385070476680994034e-02,8.110361546277999878e-02,-4.409224539995193481e-02,1.774404011666774750e-02,-1.632431894540786743e-01,-9.845305979251861572e-02,1.302133440971374512e+00,3.980515524744987488e-02,2.000285685062408447e-02,-7.707729935646057129e-02
5.957822203636169434e-01,9.665825963020324707e-02,8.674204349517822266e-01,-5.391394719481468201e-03,-1.652336120605468750e-02,7.276583313941955566e-01,-6.857195496559143066e-01,1.938561350107192993e-02,-1.231501772999763489e-01,1.165538653731346130e-01,1.477223932743072510e-01,-4.793069884181022644e-02,1.995351165533065796e-02,-7.796726655215024948e-03,-1.380981504917144775e-01,1.310966908931732178e-02,2.309314608573913574e-01,-1.347663551568984985e-01,7.605047523975372314e-02,5.148030351847410202e-03,2.958691865205764771e-02,-1.326371077448129654e-02,7.887915521860122681e-02,1.353496611118316650e-01,2.402467280626296997e-01,1.285278439521789551e+00,-1.379250828176736832e-02,8.165202289819717407e-02,-4.356455057859420776e-02,1.549359317868947983e-02,-1.619988530874252319e-01,-1.014665216207504272e-01,1.294907808303833008e+00,3.585041686892509460e-02,2.886122465133666992e-02,-7.603381574153900146e-02
5.965278744697570801e-01,9.920594096183776855e-02,8.675605654716491699e-01,-5.541940685361623764e-03,-1.843636669218540192e-02,7.309319376945495605e-01,-6.821787953376770020e-01,2.262678369879722595e-02,-1.254105567932128906e-01,1.258603632450103760e-01,1.426675468683242798e-01,-4.509148746728897095e-02,2.134726755321025848e-02,-1.135681476444005966e-02,-1.712478548288345337e-01,2.122146263718605042e-02,2.884114384651184082e-01,-1.981524974107742310e-01,1.464948803186416626e-01,-3.361389099154621363e-05,3.211916983127593994e-02,-1.098869461566209793e-02,7.817646861076354980e-02,1.442309021949768066e-01,2.382559627294540405e-01,1.284323215484619141e+00,-1.862751692533493042e-02,7.906696945428848267e-02,-4.312314093112945557e-02,1.295118220150470734e-02,-1.601009517908096313e-01,-1.036789268255233765e-01,1.287648320198059082e+00,3.434261307120323181e-02,3.779604285955429077e-02,-7.716033607721328735e-02
5.968745350837707520e-01,1.017426475882530212e-01,8.680839538574218750e-01,-4.770943429321050644e-03,-1.968729123473167419e-02,7.335037589073181152e-01,-6.793834567070007324e-01,2.575607597827911377e-02,-1.211381852626800537e-01,1.348344385623931885e-01,1.292530298233032227e-01,-4.039753228425979614e-02,2.344200573861598969e-02,-2.230427786707878113e-02,-2.030137032270431519e-01,3.075655736029148102e-02,3.465892374515533447e-01,-2.564299106597900391e-01,1.782615035772323608e-01,-5.911589600145816803e-03,3.175275400280952454e-02,-5.240881349891424179e-03,7.635659724473953247e-02,1.567846387624740601e-01,2.374417483806610107e-01,1.284419417381286621e+00,-2.605487965047359467e-02,7.476121187210083008e-02,-4.354885220527648926e-02,9.438490495085716248e-03,-1.559674590826034546e-01,-1.087512820959091187e-01,1.280789971351623535e+00,3.003463521599769592e-02,4.587385430932044983e-02,-8.077930659055709839e-02
5.966447591781616211e-01,1.024868711829185486e-01,8.685947060585021973e-01,-3.698089160025119781e-03,-1.996265724301338196e-02,7.340704798698425293e-01,-6.787697672843933105e-01,2.751555480062961578e-02,-1.131540164351463318e-01,1.388055980205535889e-01,1.145479232072830200e-01,-3.311544656753540039e-02,2.283710427582263947e-02,-3.880986198782920837e-02,-2.186623960733413696e-01,2.265896275639533997e-02,3.760381340980529785e-01,-2.720642387866973877e-01,1.650888174772262573e-01,-8.781868964433670044e-03,2.882046997547149658e-02,-1.333269407041370869e-03,7.259659469127655029e-02,1.621040105819702148e-01,2.373609095811843872e-01,1.290462017059326172e+00,-3.154389187693595886e-02,7.739448547363281250e-02,-4.663069173693656921e-02,8.478958159685134888e-03,-1.542409509420394897e-01,-1.103317290544509888e-01,1.279260516166687012e+00,3.003522939980030060e-02,4.952223598957061768e-02,-8.446010202169418335e-02
5.963077545166015625e-01,1.022735387086868286e-01,8.692384362220764160e-01,-2.576564671471714973e-03,-1.990712806582450867e-02,7.333852052688598633e-01,-6.795169115066528320e-01,2.840765938162803650e-02,-1.017095968127250671e-01,1.410594433546066284e-01,9.567636251449584961e-02,-2.411510795354843140e-02,1.971964910626411438e-02,-6.508689373731613159e-02,-2.243207991123199463e-01,-5.977895576506853104e-03,3.850673735141754150e-01,-2.606850862503051758e-01,1.273598968982696533e-01,-1.000556442886590958e-02,2.486899681389331818e-02,3.612336295191198587e-04,6.809158623218536377e-02,1.632081568241119385e-01,2.369250655174255371e-01,1.300130367279052734e+00,-3.550815582275390625e-02,8.649062365293502808e-02,-5.111616477370262146e-02,1.094806380569934845e-02,-1.538200974464416504e-01,-1.146385818719863892e-01,1.279581308364868164e+00,2.881002426147460938e-02,5.069386586546897888e-02,-8.677273988723754883e-02
5.952798128128051758e-01,1.013264581561088562e-01,8.699289560317993164e-01,-2.361190272495150566e-03,-2.047654241323471069e-02,7.318142056465148926e-01,-6.811924576759338379e-01,2.907730825245380402e-02,-8.658990263938903809e-02,1.452170908451080322e-01,6.700525432825088501e-02,-1.380641106516122818e-02,1.402066089212894440e-02,-1.091697141528129578e-01,-2.228211760520935059e-01,-5.500590056180953979e-02,3.726558983325958252e-01,-2.282374948263168335e-01,7.055903971195220947e-02,-1.082236506044864655e-02,2.151242829859256744e-02,-2.449128543958067894e-03,6.442929804325103760e-02,1.623672246932983398e-01,2.401243597269058228e-01,1.310377001762390137e+00,-3.494075313210487366e-02,9.919023513793945312e-02,-5.441710352897644043e-02,1.897785812616348267e-02,-1.560672819614410400e-01,-1.247547194361686707e-01,1.280329346656799316e+00,2.745337039232254028e-02,5.063500627875328064e-02,-8.855986595153808594e-02
5.935741066932678223e-01,1.002880558371543884e-01,8.701733350753784180e-01,-2.823102520778775215e-03,-2.114532329142093658e-02,7.304176688194274902e-01,-6.826674938201904297e-01,3.032518550753593445e-02,-7.737207412719726562e-02,1.458745002746582031e-01,4.814713448286056519e-02,-6.362990941852331161e-03,1.094571594148874283e-02,-1.429261565208435059e-01,-2.177631407976150513e-01,-8.611589670181274414e-02,3.523962199687957764e-01,-1.911362409591674805e-01,4.022627323865890503e-02,-1.122214458882808685e-02,2.039137296378612518e-02,-5.956661421805620193e-03,6.437055021524429321e-02,1.633062958717346191e-01,2.429028749465942383e-01,1.312634944915771484e+00,-3.596717119216918945e-02,1.023730263113975525e-01,-5.358184501528739929e-02,2.542156912386417389e-02,-1.586154401302337646e-01,-1.328099668025970459e-01,1.282089948654174805e+00,2.867610752582550049e-02,4.845766350626945496e-02,-8.906643837690353394e-02
5.910088419914245605e-01,9.897305816411972046e-02,8.702090382575988770e-01,-3.376712789759039879e-03,-2.143302187323570251e-02,7.287876009941101074e-01,-6.843959689140319824e-01,3.223475441336631775e-02,-6.919691711664199829e-02,1.449401229619979858e-01,3.284311667084693909e-02,-2.087116939947009087e-03,6.025075446814298630e-03,-1.752759665250778198e-01,-2.082353085279464722e-01,-1.108959168195724487e-01,3.244304656982421875e-01,-1.449152976274490356e-01,2.473044581711292267e-02,-1.253959350287914276e-02,1.934596523642539978e-02,-8.983350358903408051e-03,6.773876398801803589e-02,1.670254319906234741e-01,2.462001144886016846e-01,1.309067249298095703e+00,-3.898553177714347839e-02,9.850452840328216553e-02,-5.183747038245201111e-02,3.065120056271553040e-02,-1.604892760515213013e-01,-1.395065039396286011e-01,1.286073207855224609e+00,2.883668988943099976e-02,4.195537418127059937e-02,-8.858621865510940552e-02
5.860398411750793457e-01,9.719199687242507935e-02,8.700027465820312500e-01,-4.527001641690731049e-03,-2.182234264910221100e-02,7.265313863754272461e-01,-6.867717504501342773e-01,3.699411824345588684e-02,-6.136748194694519043e-02,1.434977203607559204e-01,1.795312762260437012e-02,-1.125533133745193481e-03,-2.178892260417342186e-03,-2.136414647102355957e-01,-1.911650449037551880e-01,-1.332957893610000610e-01,2.813351750373840332e-01,-9.541518986225128174e-02,1.528772711753845215e-02,-1.432917453348636627e-02,1.802191883325576782e-02,-1.347678247839212418e-02,7.375526428222656250e-02,1.729240864515304565e-01,2.491759210824966431e-01,1.302501916885375977e+00,-4.293775185942649841e-02,9.184204787015914917e-02,-5.206897482275962830e-02,3.590918704867362976e-02,-1.617830395698547363e-01,-1.478485763072967529e-01,1.293663024902343750e+00,2.891832031309604645e-02,2.985934913158416748e-02,-8.724697679281234741e-02
5.808468461036682129e-01,9.569583833217620850e-02,8.698107600212097168e-01,-5.187695380300283432e-03,-2.185354009270668030e-02,7.252810597419738770e-01,-6.880863904953002930e-01,4.269073531031608582e-02,-5.570090189576148987e-02,1.435914188623428345e-01,9.374057874083518982e-03,-1.886520418338477612e-03,-8.252011612057685852e-03,-2.376548498868942261e-01,-1.759545207023620605e-01,-1.439826488494873047e-01,2.480625957250595093e-01,-6.660598516464233398e-02,1.503771357238292694e-02,-1.647332869470119476e-02,1.851681247353553772e-02,-1.642112061381340027e-02,7.782791554927825928e-02,1.790299266576766968e-01,2.486859112977981567e-01,1.299832105636596680e+00,-4.497740045189857483e-02,8.787640929222106934e-02,-5.268157646059989929e-02,3.781870752573013306e-02,-1.609576493501663208e-01,-1.512784063816070557e-01,1.300902009010314941e+00,3.066364675760269165e-02,1.890370249748229980e-02,-8.635420352220535278e-02
5.748057961463928223e-01,9.384775906801223755e-02,8.695372939109802246e-01,-5.691377446055412292e-03,-2.169049531221389771e-02,7.243992686271667480e-01,-6.890158653259277344e-01,4.947988688945770264e-02,-4.890837520360946655e-02,1.452220529317855835e-01,7.710944628342986107e-04,-2.941858954727649689e-03,-1.422774977982044220e-02,-2.575035691261291504e-01,-1.602597385644912720e-01,-1.536458879709243774e-01,2.150950431823730469e-01,-2.939870581030845642e-02,1.960317976772785187e-02,-1.831167936325073242e-02,1.923793181777000427e-02,-1.883750408887863159e-02,8.075714111328125000e-02,1.837936043739318848e-01,2.497388422489166260e-01,1.300419449806213379e+00,-4.407834261655807495e-02,8.701110631227493286e-02,-5.304861441254615784e-02,3.902409225702285767e-02,-1.603195369243621826e-01,-1.531110852956771851e-01,1.307037234306335449e+00,3.179743140935897827e-02,1.121515594422817230e-02,-8.606080710887908936e-02
5.654687285423278809e-01,9.091264009475708008e-02,8.689725399017333984e-01,-6.408100947737693787e-03,-2.115996927022933960e-02,7.234155535697937012e-01,-6.900588274002075195e-01,5.981357768177986145e-02,-4.006351903080940247e-02,1.492322087287902832e-01,-8.631072007119655609e-03,-3.704213537275791168e-03,-2.050700783729553223e-02,-2.770058512687683105e-01,-1.402108818292617798e-01,-1.686352640390396118e-01,1.734003573656082153e-01,3.908549621701240540e-02,3.731299564242362976e-02,-2.067466266453266144e-02,1.990905031561851501e-02,-2.148474566638469696e-02,8.358988910913467407e-02,1.885932683944702148e-01,2.537978291511535645e-01,1.304817438125610352e+00,-4.349543154239654541e-02,9.214420616626739502e-02,-5.336959660053253174e-02,4.141364619135856628e-02,-1.603880077600479126e-01,-1.557854115962982178e-01,1.310625314712524414e+00,3.285074606537818909e-02,5.008197855204343796e-03,-8.394234627485275269e-02
5.570334196090698242e-01,8.843785524368286133e-02,8.683604001998901367e-01,-6.958300713449716568e-03,-2.050352096557617188e-02,7.227301597595214844e-01,-6.907910704612731934e-01,6.921839714050292969e-02,-3.338498249650001526e-02,1.528270393610000610e-01,-1.416189968585968018e-02,-5.444913171231746674e-03,-2.699389494955539703e-02,-2.846661210060119629e-01,-1.270183175802230835e-01,-1.754834651947021484e-01,1.481036990880966187e-01,9.203564375638961792e-02,4.935418814420700073e-02,-2.247194387018680573e-02,1.959369704127311707e-02,-2.360166050493717194e-02,8.605468273162841797e-02,1.918496936559677124e-01,2.584062516689300537e-01,1.310196042060852051e+00,-4.670361801981925964e-02,9.911068528890609741e-02,-5.432381108403205872e-02,4.335473477840423584e-02,-1.605422496795654297e-01,-1.569829583168029785e-01,1.310152769088745117e+00,3.354669362306594849e-02,3.225463908165693283e-03,-8.157449960708618164e-02
5.469784140586853027e-01,8.595222979784011841e-02,8.675736784934997559e-01,-7.407632190734148026e-03,-1.999347284436225891e-02,7.221521139144897461e-01,-6.914056539535522461e-01,8.160231262445449829e-02,-2.768926508724689484e-02,1.586710363626480103e-01,-1.734844036400318146e-02,-8.076214231550693512e-03,-3.575016930699348450e-02,-2.853867113590240479e-01,-1.174918562173843384e-01,-1.716379225254058838e-01,1.325640529394149780e-01,1.320958137512207031e-01,6.469286233186721802e-02,-2.381538413465023041e-02,1.870343834161758423e-02,-2.534401975572109222e-02,8.889105170965194702e-02,1.952814757823944092e-01,2.636017501354217529e-01,1.315800786018371582e+00,-5.052590370178222656e-02,1.062024608254432678e-01,-5.571320652961730957e-02,4.513693973422050476e-02,-1.594572365283966064e-01,-1.611294299364089966e-01,1.307098150253295898e+00,3.113701194524765015e-02,4.439184907823801041e-03,-8.003812283277511597e-02
5.311223268508911133e-01,8.299401402473449707e-02,8.663094639778137207e-01,-7.736210245639085770e-03,-1.996856182813644409e-02,7.219910621643066406e-01,-6.915708780288696289e-01,1.035995483398437500e-01,-2.265542931854724884e-02,1.710888445377349854e-01,-1.740000024437904358e-02,-1.128108147531747818e-02,-4.885276779532432556e-02,-2.725864946842193604e-01,-1.116468086838722229e-01,-1.482694596052169800e-01,1.290750056505203247e-01,1.309907287359237671e-01,1.331307888031005859e-01,-2.223756350576877594e-02,1.643194071948528290e-02,-2.819006145000457764e-02,9.267865866422653198e-02,1.973917633295059204e-01,2.762843668460845947e-01,1.323603510856628418e+00,-5.038713663816452026e-02,1.135766580700874329e-01,-5.849228426814079285e-02,4.713581874966621399e-02,-1.586826145648956299e-01,-1.634824275970458984e-01,1.301250219345092773e+00,2.885233238339424133e-02,8.395850658416748047e-03,-7.874040305614471436e-02
5.176120996475219727e-01,8.099907636642456055e-02,8.651740550994873047e-01,-8.027509786188602448e-03,-2.032877691090106964e-02,7.222697734832763672e-01,-6.912660002708435059e-01,1.230924874544143677e-01,-1.962285116314888000e-02,1.834775507450103760e-01,-1.740000024437904358e-02,-9.151626378297805786e-03,-6.123504415154457092e-02,-2.554415464401245117e-01,-1.120503991842269897e-01,-1.358951628208160400e-01,1.351696550846099854e-01,1.127106845378875732e-01,1.596711426973342896e-01,-2.033758349716663361e-02,1.493170019239187241e-02,-2.993255108594894409e-02,9.652692079544067383e-02,2.010519355535507202e-01,2.863247394561767578e-01,1.326717734336853027e+00,-4.829505085945129395e-02,1.155148074030876160e-01,-5.831348150968551636e-02,4.796163737773895264e-02,-1.571945846080780029e-01,-1.645798683166503906e-01,1.295742034912109375e+00,2.691235765814781189e-02,1.376852765679359436e-02,-7.841242104768753052e-02
5.029164552688598633e-01,7.925803214311599731e-02,8.638407588005065918e-01,-8.402436040341854095e-03,-2.089309133589267731e-02,7.225512266159057617e-01,-6.909505128860473633e-01,1.445854753255844116e-01,-1.756351813673973083e-02,1.972237527370452881e-01,-1.740000024437904358e-02,-7.632758351974189281e-04,-7.562072575092315674e-02,-2.341290563344955444e-01,-1.115157455205917358e-01,-1.242253482341766357e-01,1.413089334964752197e-01,7.770221680402755737e-02,1.617192775011062622e-01,-1.676937937736511230e-02,1.264130789786577225e-02,-3.158525377511978149e-02,1.002341359853744507e-01,2.037359178066253662e-01,2.972562611103057861e-01,1.328345656394958496e+00,-4.698812961578369141e-02,1.174770593643188477e-01,-5.816219374537467957e-02,4.756637662649154663e-02,-1.562708467245101929e-01,-1.629389673471450806e-01,1.290871262550354004e+00,2.640080638229846954e-02,1.910837180912494659e-02,-7.846834510564804077e-02
4.813683927059173584e-01,7.686354219913482666e-02,8.618392348289489746e-01,-8.127543143928050995e-03,-2.082919329404830933e-02,7.229951024055480957e-01,-6.904912590980529785e-01,1.760055720806121826e-01,-1.554500032216310501e-02,2.176244258880615234e-01,-1.183866336941719055e-02,1.587307825684547424e-02,-9.918797016143798828e-02,-2.017852365970611572e-01,-1.034883782267570496e-01,-1.053770184516906738e-01,1.397115886211395264e-01,3.115290030837059021e-02,1.532979756593704224e-01,-1.103564724326133728e-02,9.162651374936103821e-03,-3.121142648160457611e-02,1.040961071848869324e-01,2.057321220636367798e-01,3.133543729782104492e-01,1.328668594360351562e+00,-4.427899420261383057e-02,1.187472939491271973e-01,-5.863308534026145935e-02,4.648948460817337036e-02,-1.548696756362915039e-01,-1.577148586511611938e-01,1.285455584526062012e+00,2.483835443854331970e-02,2.560494653880596161e-02,-7.869121432304382324e-02
4.642423987388610840e-01,7.591491192579269409e-02,8.604737520217895508e-01,-8.304329589009284973e-03,-2.137762866914272308e-02,7.230212688446044922e-01,-6.904449462890625000e-01,2.019983530044555664e-01,-2.005152404308319092e-02,2.318583130836486816e-01,-1.306058373302221298e-03,3.194214403629302979e-02,-1.140071451663970947e-01,-1.767844110727310181e-01,-1.005090102553367615e-01,-9.246017038822174072e-02,1.394338607788085938e-01,5.610791777144186199e-05,1.430780142545700073e-01,-5.525653250515460968e-03,7.254386786371469498e-03,-3.045334108173847198e-02,1.034961789846420288e-01,2.067597061395645142e-01,3.227886259555816650e-01,1.326854228973388672e+00,-4.111355915665626526e-02,1.181400269269943237e-01,-5.747347697615623474e-02,4.409435763955116272e-02,-1.531241536140441895e-01,-1.529879570007324219e-01,1.283183097839355469e+00,2.540715411305427551e-02,2.826528809964656830e-02,-7.965235412120819092e-02
4.473474025726318359e-01,7.578755170106887817e-02,8.598355650901794434e-01,-8.688912726938724518e-03,-2.230369858443737030e-02,7.235858440399169922e-01,-6.898192167282104492e-01,2.284397929906845093e-01,-2.721216715872287750e-02,2.435330897569656372e-01,1.087113376706838608e-02,5.552366375923156738e-02,-1.307689100503921509e-01,-1.518434882164001465e-01,-1.043686345219612122e-01,-8.273460716009140015e-02,1.459509581327438354e-01,-2.339610643684864044e-02,1.246816664934158325e-01,1.638670335523784161e-03,8.043883368372917175e-03,-2.886997163295745850e-02,9.777589142322540283e-02,2.051156014204025269e-01,3.310363888740539551e-01,1.325192570686340332e+00,-3.762222826480865479e-02,1.174607872962951660e-01,-5.629060044884681702e-02,4.015004634857177734e-02,-1.516131460666656494e-01,-1.475667059421539307e-01,1.283380866050720215e+00,2.710391953587532043e-02,2.674702182412147522e-02,-8.133777230978012085e-02
4.257878661155700684e-01,7.590311765670776367e-02,8.601789474487304688e-01,-9.060993790626525879e-03,-2.333202213048934937e-02,7.246921062469482422e-01,-6.886181235313415527e-01,2.623102366924285889e-01,-3.796903043985366821e-02,2.570409178733825684e-01,2.739427238702774048e-02,9.766239672899246216e-02,-1.498099714517593384e-01,-1.188967525959014893e-01,-1.105736717581748962e-01,-6.718476861715316772e-02,1.545814871788024902e-01,-4.157257080078125000e-02,1.005130335688591003e-01,1.154725905507802963e-02,1.161543838679790497e-02,-2.624959312379360199e-02,8.722812682390213013e-02,1.974384933710098267e-01,3.502376675605773926e-01,1.319160461425781250e+00,-3.761250153183937073e-02,1.165008693933486938e-01,-6.141876801848411560e-02,3.518616780638694763e-02,-1.532250195741653442e-01,-1.330285668373107910e-01,1.287083625793457031e+00,3.082878142595291138e-02,2.529935352504253387e-02,-8.187976479530334473e-02
4.102803468704223633e-01,7.599528133869171143e-02,8.610637187957763672e-01,-9.710852056741714478e-03,-2.426806092262268066e-02,7.242949604988098145e-01,-6.889946460723876953e-01,2.872587442398071289e-01,-4.847592860460281372e-02,2.695719897747039795e-01,3.998385742306709290e-02,1.309621483087539673e-01,-1.613070964813232422e-01,-9.502917528152465820e-02,-1.121613010764122009e-01,-5.486230552196502686e-02,1.546884626150131226e-01,-4.850006103515625000e-02,8.358566462993621826e-02,1.689513958990573883e-02,1.155959255993366241e-02,-2.573876269161701202e-02,8.164791762828826904e-02,1.912914812564849854e-01,3.671936392784118652e-01,1.311525702476501465e+00,-4.296487942337989807e-02,1.108567714691162109e-01,-6.842211633920669556e-02,3.189934417605400085e-02,-1.570418775081634521e-01,-1.164340153336524963e-01,1.289896011352539062e+00,3.090275265276432037e-02,2.655263431370258331e-02,-7.836481183767318726e-02
3.954189717769622803e-01,7.622087001800537109e-02,8.622208833694458008e-01,-1.057141926139593124e-02,-2.528842166066169739e-02,7.224159240722656250e-01,-6.909152865409851074e-01,3.109410405158996582e-01,-6.184117496013641357e-02,2.860879302024841309e-01,5.460545048117637634e-02,1.607953757047653198e-01,-1.717781275510787964e-01,-7.192578911781311035e-02,-1.118398308753967285e-01,-4.430192336440086365e-02,1.511558443307876587e-01,-5.055365338921546936e-02,6.505934894084930420e-02,2.159331925213336945e-02,7.866190746426582336e-03,-2.582257613539695740e-02,7.733828574419021606e-02,1.865887790918350220e-01,3.785048127174377441e-01,1.301399827003479004e+00,-4.375925660133361816e-02,1.013617143034934998e-01,-7.118569314479827881e-02,2.902933582663536072e-02,-1.628570705652236938e-01,-9.925415366888046265e-02,1.291547536849975586e+00,2.817404456436634064e-02,2.773683331906795502e-02,-7.562310993671417236e-02
3.769131600856781006e-01,7.685878127813339233e-02,8.636120557785034180e-01,-1.098300516605377197e-02,-2.630685642361640930e-02,7.187060117721557617e-01,-6.947294473648071289e-01,3.362534046173095703e-01,-8.361305296421051025e-02,3.129126131534576416e-01,8.572583645582199097e-02,1.671282500028610229e-01,-1.307369023561477661e-01,-4.258136823773384094e-02,-1.050466671586036682e-01,-3.347338736057281494e-02,1.371530741453170776e-01,-4.845066368579864502e-02,4.080819711089134216e-02,2.900321036577224731e-02,1.298432616749778390e-04,-2.496264129877090454e-02,7.309568673372268677e-02,1.819312572479248047e-01,3.818481266498565674e-01,1.285451769828796387e+00,-3.731115534901618958e-02,9.076445549726486206e-02,-6.491953134536743164e-02,2.676296234130859375e-02,-1.713707745075225830e-01,-8.486114442348480225e-02,1.292570710182189941e+00,3.017735481262207031e-02,2.729713171720504761e-02,-7.431238889694213867e-02
3.654703497886657715e-01,7.823405414819717407e-02,8.648021221160888672e-01,-1.249325089156627655e-02,-2.625277824699878693e-02,7.154339551925659180e-01,-6.980751752853393555e-01,3.425125479698181152e-01,-1.036474034190177917e-01,3.174307048320770264e-01,1.182726845145225525e-01,1.232699900865554810e-01,-6.602375954389572144e-02,-2.807622030377388000e-02,-9.827453643083572388e-02,-3.024169616401195526e-02,1.201571673154830933e-01,-4.191836714744567871e-02,2.762968279421329498e-02,3.180020302534103394e-02,-4.600699525326490402e-03,-2.464280091226100922e-02,6.874414533376693726e-02,1.785162091255187988e-01,3.780890405178070068e-01,1.274845957756042480e+00,-3.388668224215507507e-02,8.199419826269149780e-02,-6.213170662522315979e-02,2.715813554823398590e-02,-1.771614104509353638e-01,-8.470313251018524170e-02,1.291988015174865723e+00,3.257286176085472107e-02,2.770631015300750732e-02,-7.488902658224105835e-02
3.560351431369781494e-01,7.969681173563003540e-02,8.659626841545104980e-01,-1.381329167634248734e-02,-2.550894021987915039e-02,7.119169831275939941e-01,-7.016642093658447266e-01,3.400646150112152100e-01,-1.264609545469284058e-01,3.150257468223571777e-01,1.583433300256729126e-01,7.102566957473754883e-02,-5.867885798215866089e-02,-1.749666221439838409e-02,-8.893183618783950806e-02,-3.099153004586696625e-02,9.993916749954223633e-02,-3.248311951756477356e-02,1.787631027400493622e-02,3.427526727318763733e-02,-8.307592011988162994e-03,-2.301504090428352356e-02,6.295227259397506714e-02,1.734133809804916382e-01,3.712619841098785400e-01,1.266157627105712891e+00,-3.005220741033554077e-02,7.435397803783416748e-02,-6.209363788366317749e-02,2.841903641819953918e-02,-1.835313290357589722e-01,-8.779447525739669800e-02,1.291988611221313477e+00,3.225245699286460876e-02,2.848236076533794403e-02,-7.587113976478576660e-02
3.455186188220977783e-01,8.081982284784317017e-02,8.673020005226135254e-01,-1.436938997358083725e-02,-2.374456264078617096e-02,7.084518671035766602e-01,-7.052131891250610352e-01,3.253706097602844238e-01,-1.552700698375701904e-01,3.096558749675750732e-01,2.130418717861175537e-01,1.781492680311203003e-02,-5.326016992330551147e-02,-5.737674422562122345e-03,-7.168617844581604004e-02,-3.078212775290012360e-02,6.928006559610366821e-02,-1.683810353279113770e-02,8.874958381056785583e-03,3.863669559359550476e-02,-8.261309005320072174e-03,-1.876823790371417999e-02,5.439655855298042297e-02,1.647694706916809082e-01,3.605093955993652344e-01,1.257940411567687988e+00,-2.501545101404190063e-02,6.978797912597656250e-02,-6.087289378046989441e-02,3.229520097374916077e-02,-1.931158602237701416e-01,-9.057106077671051025e-02,1.293660640716552734e+00,3.611166775226593018e-02,2.701460011303424835e-02,-7.762793451547622681e-02
3.393708169460296631e-01,8.135917782783508301e-02,8.680890202522277832e-01,-1.496359147131443024e-02,-2.264046110212802887e-02,7.071778178215026855e-01,-7.065147161483764648e-01,3.061290085315704346e-01,-1.758351922035217285e-01,3.017192482948303223e-01,2.525056004524230957e-01,-1.791254058480262756e-02,-4.989856109023094177e-02,4.795542045030742884e-04,-5.964145809412002563e-02,-3.062712959945201874e-02,4.638146609067916870e-02,-4.791921470314264297e-03,6.625913083553314209e-03,4.159235209226608276e-02,-5.053243599832057953e-03,-1.756862550973892212e-02,5.052080377936363220e-02,1.580151021480560303e-01,3.544194400310516357e-01,1.252394080162048340e+00,-2.220418490469455719e-02,6.474996358156204224e-02,-6.044421717524528503e-02,3.576743602752685547e-02,-2.001025676727294922e-01,-8.737404644489288330e-02,1.297162890434265137e+00,3.552356362342834473e-02,2.115215361118316650e-02,-7.575831562280654907e-02
3.343534767627716064e-01,8.180665969848632812e-02,8.686413764953613281e-01,-1.565727777779102325e-02,-2.179513499140739441e-02,7.061606645584106445e-01,-7.075428962707519531e-01,2.813241779804229736e-01,-1.954322010278701782e-01,2.862142026424407959e-01,2.875962555408477783e-01,-4.443812742829322815e-02,-4.919685423374176025e-02,5.044169723987579346e-03,-4.859225451946258545e-02,-3.346158191561698914e-02,2.446450106799602509e-02,6.106779444962739944e-03,7.205133792012929916e-03,4.451643675565719604e-02,-2.778800437226891518e-03,-1.709957607090473175e-02,4.967589303851127625e-02,1.519980132579803467e-01,3.508512675762176514e-01,1.245856046676635742e+00,-2.169910632073879242e-02,5.797535926103591919e-02,-5.973393097519874573e-02,3.733973577618598938e-02,-2.056273221969604492e-01,-8.319675177335739136e-02,1.302201151847839355e+00,3.648807480931282043e-02,1.539201103150844574e-02,-7.468684017658233643e-02
3.288874030113220215e-01,8.224553614854812622e-02,8.689419627189636230e-01,-1.653906144201755524e-02,-2.088283933699131012e-02,7.046094536781311035e-01,-7.090951204299926758e-01,2.420796602964401245e-01,-2.171290516853332520e-01,2.530507147312164307e-01,3.235754370689392090e-01,-7.149263471364974976e-02,-5.634659528732299805e-02,9.980967268347740173e-03,-3.713618218898773193e-02,-4.073975607752799988e-02,1.604145974852144718e-03,1.710792258381843567e-02,6.155834533274173737e-03,4.753281548619270325e-02,-1.785092754289507866e-03,-1.693939603865146637e-02,5.233127251267433167e-02,1.466963738203048706e-01,3.457296490669250488e-01,1.235640168190002441e+00,-2.295793406665325165e-02,4.832055047154426575e-02,-5.803433433175086975e-02,3.847600147128105164e-02,-2.087930738925933838e-01,-8.100224286317825317e-02,1.309088110923767090e+00,3.713967651128768921e-02,7.786639966070652008e-03,-7.344953715801239014e-02
3.258816599845886230e-01,8.254878222942352295e-02,8.689673542976379395e-01,-1.707975193858146667e-02,-2.024006843566894531e-02,7.037868499755859375e-01,-7.099173665046691895e-01,2.099783867597579956e-01,-2.289611548185348511e-01,2.224946022033691406e-01,3.425554037094116211e-01,-9.128819406032562256e-02,-6.026387214660644531e-02,1.243902090936899185e-02,-3.090422786772251129e-02,-4.423082619905471802e-02,-1.042035408318042755e-02,2.171569131314754486e-02,4.617216996848583221e-03,4.878852516412734985e-02,-1.000680727884173393e-03,-1.682952418923377991e-02,5.564362183213233948e-02,1.448764204978942871e-01,3.390474319458007812e-01,1.229675531387329102e+00,-2.475694194436073303e-02,4.182745888829231262e-02,-5.732537433505058289e-02,3.912867233157157898e-02,-2.084580063819885254e-01,-8.335068821907043457e-02,1.312888026237487793e+00,3.599725291132926941e-02,2.258986933156847954e-03,-7.263808697462081909e-02
3.244135677814483643e-01,8.303120732307434082e-02,8.689790368080139160e-01,-1.857354119420051575e-02,-1.960363797843456268e-02,7.026987671852111816e-01,-7.109748125076293945e-01,1.727451831102371216e-01,-2.385189980268478394e-01,1.835877746343612671e-01,3.546336591243743896e-01,-1.214493140578269958e-01,-5.916367098689079285e-02,1.116808690130710602e-02,-2.861940674483776093e-02,-4.779292643070220947e-02,-1.739998534321784973e-02,2.304578199982643127e-02,4.057290498167276382e-03,4.715579375624656677e-02,-7.125780684873461723e-04,-1.822185143828392029e-02,5.830251425504684448e-02,1.442340165376663208e-01,3.299660086631774902e-01,1.226611018180847168e+00,-2.683434635400772095e-02,3.804881498217582703e-02,-5.639139190316200256e-02,3.902205452322959900e-02,-2.058114707469940186e-01,-8.573844283819198608e-02,1.316312074661254883e+00,3.637386113405227661e-02,-3.884006291627883911e-03,-7.277764379978179932e-02
3.231130540370941162e-01,8.359355479478836060e-02,8.690996170043945312e-01,-1.954636350274085999e-02,-1.961281709372997284e-02,7.021231055259704590e-01,-7.115169763565063477e-01,1.297616362571716309e-01,-2.408985346555709839e-01,1.354924887418746948e-01,3.506901264190673828e-01,-1.478761583566665649e-01,-7.029237598180770874e-02,1.149052940309047699e-02,-3.049758821725845337e-02,-4.696589708328247070e-02,-1.740000024437904358e-02,2.365959249436855316e-02,4.130980465561151505e-03,4.610732570290565491e-02,1.224276929860934615e-04,-1.999269798398017883e-02,6.085867434740066528e-02,1.429304480552673340e-01,3.186973035335540771e-01,1.228391170501708984e+00,-2.586276829242706299e-02,3.715447336435317993e-02,-5.642472580075263977e-02,3.853563964366912842e-02,-2.007503360509872437e-01,-8.705057948827743530e-02,1.319010972976684570e+00,3.798639774322509766e-02,-9.494327940046787262e-03,-7.229010015726089478e-02
3.230578303337097168e-01,8.396437764167785645e-02,8.691074252128601074e-01,-1.978376135230064392e-02,-1.979286596179008484e-02,7.024341225624084473e-01,-7.111983895301818848e-01,1.020589321851730347e-01,-2.341621071100234985e-01,1.026533544063568115e-01,3.322220444679260254e-01,-1.601177006959915161e-01,-7.562081515789031982e-02,1.143503561615943909e-02,-3.144710510969161987e-02,-4.642064124345779419e-02,-1.740000024437904358e-02,2.203662879765033722e-02,3.657638793811202049e-03,4.536967352032661438e-02,1.537169096991419792e-03,-2.098560892045497894e-02,6.243782863020896912e-02,1.413155645132064819e-01,3.108862042427062988e-01,1.232306003570556641e+00,-2.554873935878276825e-02,3.968170657753944397e-02,-5.610120296478271484e-02,3.871548548340797424e-02,-1.967028975486755371e-01,-8.791659772396087646e-02,1.318884372711181641e+00,3.819072619080543518e-02,-1.068487856537103653e-02,-7.103957235813140869e-02
3.235251307487487793e-01,8.426478505134582520e-02,8.690477013587951660e-01,-1.969054527580738068e-02,-1.994910649955272675e-02,7.031794786453247070e-01,-7.104596495628356934e-01,8.001454919576644897e-02,-2.232833355665206909e-01,8.168904483318328857e-02,3.073818981647491455e-01,-1.729007214307785034e-01,-8.248864114284515381e-02,1.117187738418579102e-02,-3.289807587862014771e-02,-4.651143401861190796e-02,-1.561461482197046280e-02,2.022112533450126648e-02,4.004095215350389481e-03,4.309949651360511780e-02,3.031173953786492348e-03,-2.126206457614898682e-02,6.479120254516601562e-02,1.405313462018966675e-01,3.055290579795837402e-01,1.236034393310546875e+00,-2.544664219021797180e-02,4.332203045487403870e-02,-5.492488294839859009e-02,3.863526880741119385e-02,-1.924656033515930176e-01,-8.743881434202194214e-02,1.316604375839233398e+00,3.833293169736862183e-02,-8.716491982340812683e-03,-6.958980113267898560e-02
3.247196078300476074e-01,8.407397568225860596e-02,8.689050674438476562e-01,-1.846765540540218353e-02,-1.960378140211105347e-02,7.049750685691833496e-01,-7.087205648422241211e-01,5.958205834031105042e-02,-2.016425430774688721e-01,7.538708299398422241e-02,2.653243243694305420e-01,-1.691291779279708862e-01,-9.463820606470108032e-02,1.067357137799263000e-02,-3.654901683330535889e-02,-4.642621055245399475e-02,-4.103741142898797989e-03,1.267760433256626129e-02,4.431947600096464157e-03,3.882993012666702271e-02,6.183179095387458801e-03,-1.957232877612113953e-02,6.885012239217758179e-02,1.411812305450439453e-01,2.980880737304687500e-01,1.240045428276062012e+00,-2.819063514471054077e-02,4.705270007252693176e-02,-5.336048454046249390e-02,3.764085099101066589e-02,-1.860621869564056396e-01,-8.567356318235397339e-02,1.312398433685302734e+00,3.767058625817298889e-02,-3.107321215793490410e-03,-6.874503195285797119e-02
3.263488113880157471e-01,8.342709392309188843e-02,8.686770200729370117e-01,-1.738246902823448181e-02,-1.945130340754985809e-02,7.065692543983459473e-01,-7.071629166603088379e-01,4.923601821064949036e-02,-1.845559477806091309e-01,7.767754048109054565e-02,2.309414297342300415e-01,-1.357950419187545776e-01,-8.453427255153656006e-02,9.692607447504997253e-03,-3.932494297623634338e-02,-4.589195176959037781e-02,5.990460980683565140e-03,4.761323798447847366e-03,4.619634244590997696e-03,3.576010465621948242e-02,7.412903476506471634e-03,-1.889006234705448151e-02,7.267834991216659546e-02,1.416239291429519653e-01,2.937711179256439209e-01,1.241860628128051758e+00,-2.723240666091442108e-02,4.799323156476020813e-02,-5.039788782596588135e-02,3.700974211096763611e-02,-1.820527464151382446e-01,-8.521045744419097900e-02,1.308031678199768066e+00,3.485256806015968323e-02,2.757295267656445503e-03,-6.841196864843368530e-02
3.289488554000854492e-01,8.268497139215469360e-02,8.682724833488464355e-01,-1.651296764612197876e-02,-1.948712766170501709e-02,7.082128524780273438e-01,-7.055367231369018555e-01,4.143692180514335632e-02,-1.682423353195190430e-01,8.364260941743850708e-02,1.977619677782058716e-01,-9.376455843448638916e-02,-2.551208250224590302e-02,7.268171757459640503e-03,-4.217090830206871033e-02,-4.504847154021263123e-02,1.552940346300601959e-02,-4.028561525046825409e-03,5.758424289524555206e-03,3.229480609297752380e-02,8.563773706555366516e-03,-1.920191012322902679e-02,7.595323771238327026e-02,1.410547047853469849e-01,2.895888984203338623e-01,1.243770360946655273e+00,-2.529024705290794373e-02,4.989666491746902466e-02,-4.906229674816131592e-02,3.740052506327629089e-02,-1.791831851005554199e-01,-8.896219730377197266e-02,1.301661491394042969e+00,3.136767074465751648e-02,1.245963294059038162e-02,-6.882567703723907471e-02
3.342868387699127197e-01,8.227691054344177246e-02,8.674290776252746582e-01,-1.510179135948419571e-02,-1.952917687594890594e-02,7.103318572044372559e-01,-7.034338712692260742e-01,3.492827713489532471e-02,-1.482208967208862305e-01,9.377609193325042725e-02,1.656362116336822510e-01,-7.578574866056442261e-02,-1.343378238379955292e-02,1.969450851902365685e-03,-4.654087126255035400e-02,-4.530730098485946655e-02,2.898364514112472534e-02,-1.613668166100978851e-02,8.137897588312625885e-03,2.829217351973056793e-02,8.743280544877052307e-03,-1.887166313827037811e-02,7.865498960018157959e-02,1.376927644014358521e-01,2.867146730422973633e-01,1.246823668479919434e+00,-2.405001595616340637e-02,5.449708551168441772e-02,-4.944058135151863098e-02,3.804451599717140198e-02,-1.785629987716674805e-01,-9.679098427295684814e-02,1.291258335113525391e+00,2.950041182339191437e-02,2.772467024624347687e-02,-7.076086848974227905e-02
3.389300704002380371e-01,8.222275227308273315e-02,8.668865561485290527e-01,-1.402672287076711655e-02,-1.941950991749763489e-02,7.115420103073120117e-01,-7.022351026535034180e-01,3.018388338387012482e-02,-1.368197202682495117e-01,9.722726047039031982e-02,1.478219330310821533e-01,-6.439664214849472046e-02,-1.383837871253490448e-02,-3.288431093096733093e-03,-5.261975154280662537e-02,-4.813816025853157043e-02,4.433657228946685791e-02,-2.678248472511768341e-02,1.129950862377882004e-02,2.408329024910926819e-02,8.036456070840358734e-03,-1.740434765815734863e-02,7.818823307752609253e-02,1.341282427310943604e-01,2.863028049468994141e-01,1.250826478004455566e+00,-2.291923761367797852e-02,5.837011709809303284e-02,-4.990944266319274902e-02,3.785566985607147217e-02,-1.795337796211242676e-01,-1.036258563399314880e-01,1.282975316047668457e+00,2.518615871667861938e-02,3.925233334302902222e-02,-7.106409221887588501e-02
3.430845439434051514e-01,8.251319080591201782e-02,8.669154644012451172e-01,-1.283265929669141769e-02,-1.916929893195629120e-02,7.124147415161132812e-01,-7.013794183731079102e-01,2.582188323140144348e-02,-1.303817331790924072e-01,9.664166718721389771e-02,1.385346800088882446e-01,-5.504291504621505737e-02,-1.224348787218332291e-02,-8.038792759180068970e-03,-6.323958188295364380e-02,-4.997270926833152771e-02,6.761617958545684814e-02,-3.626494854688644409e-02,1.311087422072887421e-02,1.832824200391769409e-02,6.197547074407339096e-03,-1.402981113642454147e-02,7.563585042953491211e-02,1.318376809358596802e-01,2.858529090881347656e-01,1.256494283676147461e+00,-2.383894845843315125e-02,6.339485198259353638e-02,-5.198569968342781067e-02,3.426042571663856506e-02,-1.774538457393646240e-01,-1.092576980590820312e-01,1.279328227043151855e+00,2.008208073675632477e-02,4.546603187918663025e-02,-7.457754760980606079e-02
3.476509451866149902e-01,8.294912427663803101e-02,8.676108717918395996e-01,-1.116748619824647903e-02,-1.892458088696002960e-02,7.156979441642761230e-01,-6.980641484260559082e-01,2.126868441700935364e-02,-1.240911260247230530e-01,9.438593685626983643e-02,1.302209198474884033e-01,-4.053300619125366211e-02,-6.321169901639223099e-03,-1.364927273243665695e-02,-9.048908203840255737e-02,-4.921715334057807922e-02,1.214211061596870422e-01,-5.718822777271270752e-02,2.151400409638881683e-02,9.034241549670696259e-03,1.069964654743671417e-02,-1.045837718993425369e-02,7.379664480686187744e-02,1.329244077205657959e-01,2.831379473209381104e-01,1.264832615852355957e+00,-2.703952230513095856e-02,7.018058747053146362e-02,-5.452052876353263855e-02,3.087795712053775787e-02,-1.691781580448150635e-01,-1.210587024688720703e-01,1.280069112777709961e+00,1.922470703721046448e-02,3.943837061524391174e-02,-8.185219019651412964e-02
3.502563238143920898e-01,8.368296921253204346e-02,8.682358860969543457e-01,-1.024600584059953690e-02,-1.974728517234325409e-02,7.202284932136535645e-01,-6.933801174163818359e-01,2.067440934479236603e-02,-1.187843382358551025e-01,9.823242574930191040e-02,1.200273111462593079e-01,-3.003647550940513611e-02,-3.258481156080961227e-03,-1.674737595021724701e-02,-1.193327009677886963e-01,-4.465636983513832092e-02,1.739745885133743286e-01,-8.825797587633132935e-02,4.241311922669410706e-02,3.004257101565599442e-03,1.880424283444881439e-02,-9.499690495431423187e-03,7.413202524185180664e-02,1.378311663866043091e-01,2.791673839092254639e-01,1.268293261528015137e+00,-3.077152371406555176e-02,7.170747965574264526e-02,-5.153098329901695251e-02,2.911450900137424469e-02,-1.624102294445037842e-01,-1.311392486095428467e-01,1.280914187431335449e+00,2.725215442478656769e-02,3.505288437008857727e-02,-8.339917659759521484e-02
3.518839776515960693e-01,8.477311581373214722e-02,8.686971068382263184e-01,-9.289437904953956604e-03,-2.077515795826911926e-02,7.257423400878906250e-01,-6.875901222229003906e-01,2.265170775353908539e-02,-1.136050745844841003e-01,1.094427853822708130e-01,1.103424802422523499e-01,-2.362364903092384338e-02,-1.711840042844414711e-03,-2.092095464468002319e-02,-1.483327001333236694e-01,-3.526533767580986023e-02,2.303488552570343018e-01,-1.441324800252914429e-01,9.179276227951049805e-02,-2.931315219029784203e-03,2.790458127856254578e-02,-8.244511671364307404e-03,7.634850591421127319e-02,1.475103795528411865e-01,2.750927507877349854e-01,1.268080353736877441e+00,-3.490154072642326355e-02,6.938096880912780762e-02,-4.883820563554763794e-02,2.692458033561706543e-02,-1.578167527914047241e-01,-1.351730525493621826e-01,1.279634952545166016e+00,2.412319369614124298e-02,3.829037398099899292e-02,-8.311309665441513062e-02
3.533360958099365234e-01,8.623233437538146973e-02,8.693546056747436523e-01,-7.669514976441860199e-03,-2.176770009100437164e-02,7.315058708190917969e-01,-6.814444661140441895e-01,2.568999119102954865e-02,-1.039980426430702209e-01,1.225200146436691284e-01,9.402953088283538818e-02,-1.692856848239898682e-02,-2.516197739169001579e-03,-3.357749059796333313e-02,-1.790805906057357788e-01,-2.583000436425209045e-02,2.944321930408477783e-01,-2.118650674819946289e-01,1.311018168926239014e-01,-9.618435055017471313e-03,3.354161977767944336e-02,-5.056945141404867172e-03,7.975392788648605347e-02,1.619465351104736328e-01,2.759618163108825684e-01,1.266226410865783691e+00,-3.719852864742279053e-02,6.632360070943832397e-02,-4.870560765266418457e-02,2.023330144584178925e-02,-1.553269028663635254e-01,-1.299572587013244629e-01,1.279102087020874023e+00,2.204236760735511780e-02,4.285686463117599487e-02,-8.145780861377716064e-02
3.539350032806396484e-01,8.667421340942382812e-02,8.699409365653991699e-01,-6.309462245553731918e-03,-2.232829667627811432e-02,7.339636087417602539e-01,-6.787923574447631836e-01,2.770457416772842407e-02,-9.482773393392562866e-02,1.305202990770339966e-01,7.910742610692977905e-02,-1.051224209368228912e-02,-4.068803042173385620e-03,-5.092852190136909485e-02,-1.961174309253692627e-01,-2.666566148400306702e-02,3.317223787307739258e-01,-2.391334027051925659e-01,1.239714995026588440e-01,-1.262838207185268402e-02,3.162079304456710815e-02,-2.470491919666528702e-03,8.116246014833450317e-02,1.695003658533096313e-01,2.807768881320953369e-01,1.268662095069885254e+00,-3.811202570796012878e-02,6.764835864305496216e-02,-5.131867900490760803e-02,1.660812646150588989e-02,-1.544142812490463257e-01,-1.298115998506546021e-01,1.277823686599731445e+00,1.815715618431568146e-02,4.432007297873497009e-02,-8.284576982259750366e-02
3.543658852577209473e-01,8.641922473907470703e-02,8.704782724380493164e-01,-5.098345223814249039e-03,-2.252389676868915558e-02,7.347468137741088867e-01,-6.779482364654541016e-01,2.870913222432136536e-02,-8.542367070913314819e-02,1.365885883569717407e-01,6.441620737314224243e-02,-2.360778860747814178e-03,-6.692576222121715546e-03,-7.707204669713973999e-02,-2.051550298929214478e-01,-4.203303158283233643e-02,3.522249460220336914e-01,-2.390584200620651245e-01,1.030986309051513672e-01,-1.467509288340806961e-02,2.626475505530834198e-02,-1.194060896523296833e-03,8.138024806976318359e-02,1.734350919723510742e-01,2.856493890285491943e-01,1.276593923568725586e+00,-3.912121057510375977e-02,7.448054105043411255e-02,-5.591912567615509033e-02,1.640329323709011078e-02,-1.542531400918960571e-01,-1.354863792657852173e-01,1.276465535163879395e+00,1.680198684334754944e-02,4.416027292609214783e-02,-8.664606511592864990e-02
3.540111184120178223e-01,8.586302399635314941e-02,8.710707426071166992e-01,-4.206166602671146393e-03,-2.294177561998367310e-02,7.345101833343505859e-01,-6.781966686248779297e-01,3.029289096593856812e-02,-7.391335070133209229e-02,1.416046172380447388e-01,4.457675665616989136e-02,7.552461232990026474e-03,-1.052649691700935364e-02,-1.200116276741027832e-01,-2.061108648777008057e-01,-7.708432525396347046e-02,3.533962965011596680e-01,-2.226278334856033325e-01,7.413980364799499512e-02,-1.672674901783466339e-02,1.959636062383651733e-02,-1.595842186361551285e-03,7.929715514183044434e-02,1.764557808637619019e-01,2.880604565143585205e-01,1.290354490280151367e+00,-4.665989428758621216e-02,9.082125127315521240e-02,-5.878039449453353882e-02,2.047603204846382141e-02,-1.565507799386978149e-01,-1.493980586528778076e-01,1.273449897766113281e+00,1.913686096668243408e-02,4.830041900277137756e-02,-8.819687366485595703e-02
3.527085781097412109e-01,8.530377596616744995e-02,8.712973594665527344e-01,-4.069603048264980316e-03,-2.325565554201602936e-02,7.340391278266906738e-01,-6.786966323852539062e-01,3.170534223318099976e-02,-6.575335562229156494e-02,1.433445662260055542e-01,2.961892448365688324e-02,1.453810092061758041e-02,-1.354086026549339294e-02,-1.529376655817031860e-01,-2.012627571821212769e-01,-1.022391319274902344e-01,3.412963151931762695e-01,-2.047874778509140015e-01,6.072207912802696228e-02,-1.868320815265178680e-02,1.681473106145858765e-02,-3.122193971648812294e-03,7.814862579107284546e-02,1.790287047624588013e-01,2.891638576984405518e-01,1.298204183578491211e+00,-5.119031295180320740e-02,9.810566902160644531e-02,-5.997084453701972961e-02,2.484560944139957428e-02,-1.590245664119720459e-01,-1.596210747957229614e-01,1.272722601890563965e+00,1.863948628306388855e-02,5.002986267209053040e-02,-8.957786858081817627e-02
3.504208326339721680e-01,8.487537503242492676e-02,8.712757825851440430e-01,-4.652971867471933365e-03,-2.392892539501190186e-02,7.334216237068176270e-01,-6.793367862701416016e-01,3.430541977286338806e-02,-5.958446115255355835e-02,1.437869518995285034e-01,1.572589389979839325e-02,1.888792216777801514e-02,-1.821064203977584839e-02,-1.843927949666976929e-01,-1.948600113391876221e-01,-1.258269846439361572e-01,3.216781318187713623e-01,-1.787265986204147339e-01,4.931094869971275330e-02,-2.116163074970245361e-02,1.556938141584396362e-02,-5.972519982606172562e-03,7.793555408716201782e-02,1.826050281524658203e-01,2.921898663043975830e-01,1.301336646080017090e+00,-5.178820341825485229e-02,1.015810742974281311e-01,-5.909041687846183777e-02,2.827937155961990356e-02,-1.608120352029800415e-01,-1.669685840606689453e-01,1.275330543518066406e+00,1.898116618394851685e-02,4.582578688859939575e-02,-9.134624898433685303e-02
3.457641601562500000e-01,8.422449976205825806e-02,8.710601925849914551e-01,-6.140386220067739487e-03,-2.492896467447280884e-02,7.328572273254394531e-01,-6.798979043960571289e-01,3.967437148094177246e-02,-5.442410707473754883e-02,1.470777690410614014e-01,1.732091419398784637e-03,2.145847119390964508e-02,-2.571454085409641266e-02,-2.230740934610366821e-01,-1.836639642715454102e-01,-1.563591212034225464e-01,2.863181233406066895e-01,-1.293320059776306152e-01,2.959194779396057129e-02,-2.530003339052200317e-02,1.648088544607162476e-02,-1.018334180116653442e-02,8.083073049783706665e-02,1.893617808818817139e-01,2.996409833431243896e-01,1.298379421234130859e+00,-5.004429444670677185e-02,9.977396577596664429e-02,-5.780041962862014771e-02,3.071945533156394958e-02,-1.605672091245651245e-01,-1.740308851003646851e-01,1.283782124519348145e+00,2.088887244462966919e-02,3.299550712108612061e-02,-9.228851646184921265e-02
3.407457470893859863e-01,8.364277333021163940e-02,8.708826899528503418e-01,-7.219764403998851776e-03,-2.534409239888191223e-02,7.326583266258239746e-01,-6.800863146781921387e-01,4.513506218791007996e-02,-4.996428638696670532e-02,1.488828361034393311e-01,-8.272177539765834808e-03,2.326648123562335968e-02,-3.078083693981170654e-02,-2.474251538515090942e-01,-1.720057278871536255e-01,-1.712412983179092407e-01,2.552672326564788818e-01,-9.467065334320068359e-02,1.320966426283121109e-02,-2.938246726989746094e-02,1.922186836600303650e-02,-1.275746058672666550e-02,8.341302722692489624e-02,1.957476139068603516e-01,3.043606877326965332e-01,1.295615434646606445e+00,-5.105457827448844910e-02,9.594540297985076904e-02,-5.883461236953735352e-02,3.161504492163658142e-02,-1.584859490394592285e-01,-1.760812699794769287e-01,1.292095541954040527e+00,2.428499795496463776e-02,2.204992808401584625e-02,-9.201731532812118530e-02
3.344336152076721191e-01,8.303089439868927002e-02,8.706200718879699707e-01,-8.478057570755481720e-03,-2.593297883868217468e-02,7.322981357574462891e-01,-6.804373860359191895e-01,5.251109972596168518e-02,-4.617812857031822205e-02,1.489420980215072632e-01,-1.732733286917209625e-02,2.332367189228534698e-02,-3.659675642848014832e-02,-2.673030197620391846e-01,-1.605152487754821777e-01,-1.815874725580215454e-01,2.244962453842163086e-01,-6.165996193885803223e-02,9.782571345567703247e-03,-3.333964943885803223e-02,2.183619886636734009e-02,-1.574058830738067627e-02,8.613192290067672729e-02,2.026387602090835571e-01,3.079809844493865967e-01,1.293053150177001953e+00,-5.292315036058425903e-02,9.206110984086990356e-02,-5.997842177748680115e-02,3.178211301565170288e-02,-1.554212570190429688e-01,-1.765304058790206909e-01,1.300598144531250000e+00,2.697276696562767029e-02,1.169899571686983109e-02,-9.193917363882064819e-02
3.245710134506225586e-01,8.182893693447113037e-02,8.699616789817810059e-01,-1.045724377036094666e-02,-2.647779509425163269e-02,7.317190766334533691e-01,-6.810115575790405273e-01,6.482708454132080078e-02,-4.646920785307884216e-02,1.508492082357406616e-01,-1.740000024437904358e-02,1.632227934896945953e-02,-4.585554450750350952e-02,-2.879432141780853271e-01,-1.459838151931762695e-01,-1.924631595611572266e-01,1.839379668235778809e-01,6.476052803918719292e-04,2.381574921309947968e-02,-3.868564963340759277e-02,2.499386295676231384e-02,-1.987059041857719421e-02,8.892361074686050415e-02,2.105166912078857422e-01,3.131136894226074219e-01,1.292333602905273438e+00,-5.260853841900825500e-02,9.051783382892608643e-02,-6.052277237176895142e-02,3.241720795631408691e-02,-1.520147025585174561e-01,-1.769118458032608032e-01,1.307479023933410645e+00,3.018339350819587708e-02,3.409540047869086266e-03,-9.142575412988662720e-02
3.162204921245574951e-01,8.064857870340347290e-02,8.691072463989257812e-01,-1.206691283732652664e-02,-2.647593058645725250e-02,7.314336299896240234e-01,-6.812915802001953125e-01,7.457155734300613403e-02,-4.567907005548477173e-02,1.543176174163818359e-01,-1.740000024437904358e-02,9.083230048418045044e-03,-5.439580976963043213e-02,-2.976325452327728271e-01,-1.355022639036178589e-01,-1.945155560970306396e-01,1.539546996355056763e-01,5.989776179194450378e-02,3.877868875861167908e-02,-4.229986295104026794e-02,2.694143727421760559e-02,-2.289911359548568726e-02,9.046712517738342285e-02,2.145359665155410767e-01,3.176047503948211670e-01,1.294321417808532715e+00,-5.243925377726554871e-02,9.240562468767166138e-02,-6.165105476975440979e-02,3.292211145162582397e-02,-1.508658528327941895e-01,-1.765645444393157959e-01,1.308700561523437500e+00,3.224864602088928223e-02,-5.973014631308615208e-04,-8.835180103778839111e-02
3.066544830799102783e-01,7.963296025991439819e-02,8.680419921875000000e-01,-1.345719769597053528e-02,-2.626991830766201019e-02,7.309149503707885742e-01,-6.818299889564514160e-01,8.595734834671020508e-02,-4.438821598887443542e-02,1.583373397588729858e-01,-1.740000024437904358e-02,1.511879032477736473e-03,-6.281386315822601318e-02,-3.011029064655303955e-01,-1.270941942930221558e-01,-1.907146573066711426e-01,1.315488517284393311e-01,1.054410561919212341e-01,4.772748798131942749e-02,-4.428621008992195129e-02,2.700280956923961639e-02,-2.505012415349483490e-02,9.144856035709381104e-02,2.164874523878097534e-01,3.225663602352142334e-01,1.298201322555541992e+00,-5.312398821115493774e-02,9.650947898626327515e-02,-6.367532163858413696e-02,3.335090726613998413e-02,-1.507788449525833130e-01,-1.765259206295013428e-01,1.306356549263000488e+00,3.190366551280021667e-02,-5.340222851373255253e-04,-8.567230403423309326e-02
2.911449968814849854e-01,7.862395048141479492e-02,8.663116097450256348e-01,-1.504608895629644394e-02,-2.629979141056537628e-02,7.299977540969848633e-01,-6.827775835990905762e-01,1.061574816703796387e-01,-4.300259798765182495e-02,1.667907088994979858e-01,-1.740000024437904358e-02,-6.699274759739637375e-03,-7.630287110805511475e-02,-2.940118908882141113e-01,-1.207712963223457336e-01,-1.736610978841781616e-01,1.167469024658203125e-01,1.317726671695709229e-01,9.303439408540725708e-02,-4.441998898983001709e-02,2.482194639742374420e-02,-2.818660438060760498e-02,9.292637556791305542e-02,2.182935327291488647e-01,3.280133605003356934e-01,1.304843306541442871e+00,-5.695856362581253052e-02,1.034411415457725525e-01,-6.564991176128387451e-02,3.354342281818389893e-02,-1.500587165355682373e-01,-1.764161139726638794e-01,1.299900174140930176e+00,2.886565215885639191e-02,3.856299445033073425e-03,-8.387282490730285645e-02
2.778006494045257568e-01,7.791756838560104370e-02,8.647137284278869629e-01,-1.560815330594778061e-02,-2.607708051800727844e-02,7.295861840248107910e-01,-6.832132935523986816e-01,1.245142444968223572e-01,-4.069361463189125061e-02,1.779840439558029175e-01,-1.740000024437904358e-02,-9.112533181905746460e-03,-8.881221711635589600e-02,-2.804884016513824463e-01,-1.181445792317390442e-01,-1.587588638067245483e-01,1.153890639543533325e-01,1.301856786012649536e-01,1.445689499378204346e-01,-4.219452291727066040e-02,2.330759912729263306e-02,-2.907259762287139893e-02,9.297264367341995239e-02,2.190509736537933350e-01,3.292033970355987549e-01,1.310788154602050781e+00,-6.039493530988693237e-02,1.073840931057929993e-01,-6.720473617315292358e-02,3.313179314136505127e-02,-1.488053500652313232e-01,-1.756483316421508789e-01,1.293974637985229492e+00,2.676503174006938934e-02,9.963104501366615295e-03,-8.474561572074890137e-02
2.632548213005065918e-01,7.743038982152938843e-02,8.631248474121093750e-01,-1.514353975653648376e-02,-2.505312860012054443e-02,7.301898002624511719e-01,-6.826169490814208984e-01,1.444987654685974121e-01,-3.581903129816055298e-02,1.934713274240493774e-01,-1.740000024437904358e-02,-5.055441986769437790e-03,-1.023383587598800659e-01,-2.611200213432312012e-01,-1.145177409052848816e-01,-1.449915617704391479e-01,1.197320446372032166e-01,9.836206585168838501e-02,1.687830090522766113e-01,-3.831455484032630920e-02,2.479404211044311523e-02,-2.752958610653877258e-02,9.137586504220962524e-02,2.182581573724746704e-01,3.294560909271240234e-01,1.317456126213073730e+00,-6.258582323789596558e-02,1.130892336368560791e-01,-6.826576590538024902e-02,3.268479555845260620e-02,-1.472173035144805908e-01,-1.735015660524368286e-01,1.287755370140075684e+00,2.420705743134021759e-02,1.779468730092048645e-02,-8.600604534149169922e-02
2.414912730455398560e-01,7.725985348224639893e-02,8.608341217041015625e-01,-1.444042567163705826e-02,-2.445860393345355988e-02,7.305126786231994629e-01,-6.823081970214843750e-01,1.757433116436004639e-01,-3.152210265398025513e-02,2.147770673036575317e-01,-1.740000024437904358e-02,1.118273474276065826e-02,-1.209609881043434143e-01,-2.293068915605545044e-01,-1.095077916979789734e-01,-1.321001648902893066e-01,1.225058808922767639e-01,4.861901327967643738e-02,1.659798175096511841e-01,-2.848878502845764160e-02,2.330429293215274811e-02,-2.585221640765666962e-02,9.024204313755035400e-02,2.147211134433746338e-01,3.323906362056732178e-01,1.322303652763366699e+00,-6.260979920625686646e-02,1.180664151906967163e-01,-6.907352805137634277e-02,3.182524815201759338e-02,-1.466454714536666870e-01,-1.678887605667114258e-01,1.278723001480102539e+00,1.841832883656024933e-02,3.139352798461914062e-02,-8.677243441343307495e-02
2.237253338098526001e-01,7.747253775596618652e-02,8.593906164169311523e-01,-1.335247140377759933e-02,-2.467648126184940338e-02,7.307745218276977539e-01,-6.820420622825622559e-01,2.026595026254653931e-01,-2.908073365688323975e-02,2.305798530578613281e-01,-1.740000024437904358e-02,3.236842900514602661e-02,-1.362780928611755371e-01,-2.026132047176361084e-01,-1.085453703999519348e-01,-1.215454339981079102e-01,1.278937906026840210e-01,1.302760466933250427e-02,1.594198048114776611e-01,-1.770972087979316711e-02,2.120518311858177185e-02,-2.411028556525707245e-02,8.950626105070114136e-02,2.112724483013153076e-01,3.345775604248046875e-01,1.321789860725402832e+00,-6.344027817249298096e-02,1.187408119440078735e-01,-6.834498792886734009e-02,3.031209483742713928e-02,-1.461658775806427002e-01,-1.612091958522796631e-01,1.273801565170288086e+00,1.640338078141212463e-02,3.734828904271125793e-02,-8.690983057022094727e-02
2.063979655504226685e-01,7.821951061487197876e-02,8.587124347686767578e-01,-1.232144236564636230e-02,-2.475817129015922546e-02,7.311120629310607910e-01,-6.816966533660888672e-01,2.290499657392501831e-01,-2.979280054569244385e-02,2.427288591861724854e-01,-1.307849399745464325e-02,5.828308686614036560e-02,-1.506955027580261230e-01,-1.762896031141281128e-01,-1.125446781516075134e-01,-1.143519729375839233e-01,1.394000053405761719e-01,-1.374418660998344421e-02,1.412975192070007324e-01,-5.351348780095577240e-03,1.970409229397773743e-02,-2.074324153363704681e-02,8.700078725814819336e-02,2.036899626255035400e-01,3.421845734119415283e-01,1.317214608192443848e+00,-5.740991234779357910e-02,1.162453666329383850e-01,-6.596544384956359863e-02,2.636096253991127014e-02,-1.461806446313858032e-01,-1.511089354753494263e-01,1.273275732994079590e+00,1.708456687629222870e-02,3.705608099699020386e-02,-8.758120983839035034e-02
1.831510215997695923e-01,7.906988263130187988e-02,8.590084314346313477e-01,-1.042286865413188934e-02,-2.531418763101100922e-02,7.308697104454040527e-01,-6.819677948951721191e-01,2.678250670433044434e-01,-3.847473859786987305e-02,2.560390233993530273e-01,5.029265768826007843e-03,1.030860990285873413e-01,-1.696398258209228516e-01,-1.373161226511001587e-01,-1.156345978379249573e-01,-9.761547297239303589e-02,1.509325951337814331e-01,-4.048458859324455261e-02,1.114257946610450745e-01,1.213428005576133728e-02,1.626809872686862946e-02,-1.778677664697170258e-02,8.450850099325180054e-02,1.895463615655899048e-01,3.570247888565063477e-01,1.305500388145446777e+00,-4.268183559179306030e-02,1.103368848562240601e-01,-6.197949871420860291e-02,2.340080775320529938e-02,-1.490308195352554321e-01,-1.313780397176742554e-01,1.276294231414794922e+00,1.927528902888298035e-02,3.678915277123451233e-02,-8.458443731069564819e-02
1.661481410264968872e-01,7.947465032339096069e-02,8.599332571029663086e-01,-1.032698620110750198e-02,-2.576718106865882874e-02,7.288217544555664062e-01,-6.841405034065246582e-01,2.956835925579071045e-01,-5.267064645886421204e-02,2.640315294265747070e-01,2.470669522881507874e-02,1.370328217744827271e-01,-1.791063696146011353e-01,-1.104702726006507874e-01,-1.112471073865890503e-01,-8.623597770929336548e-02,1.453072279691696167e-01,-5.034729838371276855e-02,9.249719232320785522e-02,1.984702423214912415e-02,1.075115241110324860e-02,-1.898594573140144348e-02,8.661240339279174805e-02,1.811912804841995239e-01,3.687938153743743896e-01,1.291122674942016602e+00,-3.630765900015830994e-02,9.829033911228179932e-02,-6.202007457613945007e-02,2.187948673963546753e-02,-1.513168364763259888e-01,-1.121365278959274292e-01,1.280241370201110840e+00,1.924396492540836334e-02,3.804099559783935547e-02,-7.935518026351928711e-02
1.499053388833999634e-01,7.996008545160293579e-02,8.611718416213989258e-01,-1.039251033216714859e-02,-2.602609619498252869e-02,7.255417704582214355e-01,-6.876072287559509277e-01,3.219218850135803223e-01,-7.140450924634933472e-02,2.784210145473480225e-01,4.998115822672843933e-02,1.713823974132537842e-01,-1.885178834199905396e-01,-8.567152917385101318e-02,-1.053631976246833801e-01,-7.950107008218765259e-02,1.370972990989685059e-01,-5.493833124637603760e-02,7.327255606651306152e-02,2.644248306751251221e-02,3.209013957530260086e-03,-1.959094777703285217e-02,8.809880912303924561e-02,1.747208237648010254e-01,3.725112378597259521e-01,1.274821758270263672e+00,-3.211371600627899170e-02,8.251886814832687378e-02,-6.059796363115310669e-02,2.029175497591495514e-02,-1.547440439462661743e-01,-9.536667913198471069e-02,1.283804774284362793e+00,2.208726480603218079e-02,3.579744696617126465e-02,-7.807811349630355835e-02
1.297366023063659668e-01,8.077915012836456299e-02,8.627957105636596680e-01,-1.011816225945949554e-02,-2.522635646164417267e-02,7.204496264457702637e-01,-6.929744482040405273e-01,3.469888865947723389e-01,-9.823196381330490112e-02,3.057294487953186035e-01,9.265079349279403687e-02,1.856617778539657593e-01,-1.436117738485336304e-01,-5.605603009462356567e-02,-9.391440451145172119e-02,-7.262511551380157471e-02,1.222834959626197815e-01,-5.493607744574546814e-02,4.780613258481025696e-02,3.209931775927543640e-02,-5.656220484524965286e-03,-1.877565495669841766e-02,8.562447875738143921e-02,1.686044335365295410e-01,3.635072112083435059e-01,1.255491852760314941e+00,-1.770742423832416534e-02,6.222919002175331116e-02,-5.726711079478263855e-02,1.976074092090129852e-02,-1.576067209243774414e-01,-8.149689435958862305e-02,1.289230227470397949e+00,2.409453503787517548e-02,2.986315265297889709e-02,-7.835641503334045410e-02
1.165455505251884460e-01,8.183011412620544434e-02,8.640913367271423340e-01,-1.000113878399133682e-02,-2.376444451510906219e-02,7.164878249168395996e-01,-6.971229314804077148e-01,3.553253710269927979e-01,-1.195576414465904236e-01,3.184626102447509766e-01,1.339269429445266724e-01,1.475754380226135254e-01,-6.925155222415924072e-02,-3.852378576993942261e-02,-8.497551083564758301e-02,-7.049889117479324341e-02,1.105760708451271057e-01,-5.129722878336906433e-02,3.402007743716239929e-02,3.470499068498611450e-02,-1.046102400869131088e-02,-1.705491729080677032e-02,8.144417405128479004e-02,1.637748032808303833e-01,3.528520166873931885e-01,1.242055058479309082e+00,-1.293309032917022705e-03,5.115034803748130798e-02,-5.552000924944877625e-02,2.181745506823062897e-02,-1.592251062393188477e-01,-8.072967827320098877e-02,1.292860984802246094e+00,2.687862142920494080e-02,2.583639323711395264e-02,-8.002734184265136719e-02
1.054780632257461548e-01,8.286501467227935791e-02,8.653751015663146973e-01,-9.743487462401390076e-03,-2.144551463425159454e-02,7.127267122268676758e-01,-7.010461688041687012e-01,3.534425497055053711e-01,-1.400662809610366821e-01,3.237265050411224365e-01,1.789273619651794434e-01,9.075645357370376587e-02,-5.508599057793617249e-02,-2.521335147321224213e-02,-7.283273339271545410e-02,-6.908597052097320557e-02,9.460528194904327393e-02,-4.425953328609466553e-02,2.285985462367534637e-02,3.655314818024635315e-02,-1.327049266546964645e-02,-1.405820064246654510e-02,7.553057372570037842e-02,1.574372500181198120e-01,3.412488996982574463e-01,1.231336712837219238e+00,7.044406142085790634e-03,4.249125719070434570e-02,-5.479245260357856750e-02,2.581962756812572479e-02,-1.630653738975524902e-01,-8.202137053012847900e-02,1.295837044715881348e+00,2.943468652665615082e-02,2.374188601970672607e-02,-8.039918541908264160e-02
9.287789463996887207e-02,8.348366618156433105e-02,8.667609691619873047e-01,-8.983682841062545776e-03,-1.820495910942554474e-02,7.088983058929443359e-01,-7.050185203552246094e-01,3.389914333820343018e-01,-1.661123931407928467e-01,3.357607126235961914e-01,2.377632707357406616e-01,3.054188564419746399e-02,-5.563957244157791138e-02,-1.032177917659282684e-02,-5.540078878402709961e-02,-6.588561832904815674e-02,7.226563990116119385e-02,-3.149165585637092590e-02,1.369797717779874802e-02,3.910248354077339172e-02,-1.215701363980770111e-02,-1.025320123881101608e-02,6.708788871765136719e-02,1.492258608341217041e-01,3.238824605941772461e-01,1.220538735389709473e+00,7.627660408616065979e-03,3.529891371726989746e-02,-4.963622242212295532e-02,3.287511691451072693e-02,-1.720701158046722412e-01,-7.759337127208709717e-02,1.299978613853454590e+00,3.481503576040267944e-02,2.047720924019813538e-02,-7.578139007091522217e-02
8.518145978450775146e-02,8.377319574356079102e-02,8.675292134284973145e-01,-8.443690836429595947e-03,-1.595668867230415344e-02,7.075130939483642578e-01,-7.064695954322814941e-01,3.186019957065582275e-01,-1.823187321424484253e-01,3.344723284244537354e-01,2.772589623928070068e-01,-1.341327838599681854e-02,-5.491013079881668091e-02,-1.784854684956371784e-03,-4.448511451482772827e-02,-6.360564380884170532e-02,5.842041969299316406e-02,-2.337833307683467865e-02,1.048498693853616714e-02,4.071207344532012939e-02,-8.568622171878814697e-03,-8.731953799724578857e-03,6.299120932817459106e-02,1.444690972566604614e-01,3.124480545520782471e-01,1.212257504463195801e+00,5.014130380004644394e-03,2.466076426208019257e-02,-4.574985429644584656e-02,3.779134899377822876e-02,-1.801711767911911011e-01,-6.865991652011871338e-02,1.303537726402282715e+00,2.739273384213447571e-02,1.517372019588947296e-02,-6.971163302659988403e-02
7.947496324777603149e-02,8.395399153232574463e-02,8.681040406227111816e-01,-7.895749062299728394e-03,-1.369951292872428894e-02,7.065932750701904297e-01,-7.074432373046875000e-01,2.896774709224700928e-01,-1.972151994705200195e-01,3.071615397930145264e-01,3.136601746082305908e-01,-5.331962183117866516e-02,-5.766120180487632751e-02,3.721496090292930603e-03,-3.409769386053085327e-02,-6.300071626901626587e-02,4.590414091944694519e-02,-1.727398298680782318e-02,1.073129009455442429e-02,4.310464859008789062e-02,-5.767635069787502289e-03,-7.458332460373640060e-03,6.189932674169540405e-02,1.392605751752853394e-01,3.038729429244995117e-01,1.202064633369445801e+00,5.511307623237371445e-03,1.195897813886404037e-02,-4.277033358812332153e-02,4.133008792996406555e-02,-1.884985417127609253e-01,-6.098067760467529297e-02,1.307738542556762695e+00,2.905296534299850464e-02,1.222515664994716644e-02,-6.708877533674240112e-02
7.370931655168533325e-02,8.411881327629089355e-02,8.684494495391845703e-01,-8.230021223425865173e-03,-1.140795927494764328e-02,7.053557038307189941e-01,-7.087139487266540527e-01,2.418827414512634277e-01,-2.158019691705703735e-01,2.513851523399353027e-01,3.540392518043518066e-01,-1.011956408619880676e-01,-6.596588343381881714e-02,7.598684169352054596e-03,-2.432874590158462524e-02,-6.500507891178131104e-02,3.277796134352684021e-02,-1.360836438834667206e-02,1.296011172235012054e-02,4.478780925273895264e-02,-4.011271987110376358e-03,-8.729021996259689331e-03,6.308417767286300659e-02,1.357038468122482300e-01,2.895279526710510254e-01,1.189925432205200195e+00,6.253993604332208633e-03,1.266788574866950512e-03,-4.198263585567474365e-02,4.492615535855293274e-02,-1.958347111940383911e-01,-5.868525430560112000e-02,1.312710165977478027e+00,3.241171315312385559e-02,8.996662683784961700e-03,-6.656152755022048950e-02
7.005812972784042358e-02,8.426005393266677856e-02,8.685445785522460938e-01,-9.115926921367645264e-03,-1.078972965478897095e-02,7.051321268081665039e-01,-7.089352607727050781e-01,2.062888294458389282e-01,-2.250865101814270020e-01,2.129716724157333374e-01,3.734907507896423340e-01,-1.377597451210021973e-01,-8.262443542480468750e-02,1.042481325566768646e-02,-1.928141154348850250e-02,-6.413190066814422607e-02,2.231903374195098877e-02,-1.058577187359333038e-02,1.279989443719387054e-02,4.552958533167839050e-02,-2.156966598704457283e-03,-1.236166153103113174e-02,6.520422548055648804e-02,1.350720524787902832e-01,2.775063514709472656e-01,1.183043122291564941e+00,5.296403076499700546e-03,-5.994589533656835556e-03,-3.924559429287910461e-02,4.624971002340316772e-02,-1.975249648094177246e-01,-6.256790459156036377e-02,1.316842436790466309e+00,2.930547483265399933e-02,3.744989400729537010e-03,-6.495569646358489990e-02
6.691883504390716553e-02,8.430517464876174927e-02,8.685966134071350098e-01,-9.440097957849502563e-03,-1.072794944047927856e-02,7.054801583290100098e-01,-7.085856199264526367e-01,1.750264167785644531e-01,-2.275506854057312012e-01,1.772529482841491699e-01,3.807882964611053467e-01,-1.614230275154113770e-01,-9.652774035930633545e-02,1.414800807833671570e-02,-1.482878345996141434e-02,-6.292702257633209229e-02,1.306177582591772079e-02,-8.898726664483547211e-03,1.410494092851877213e-02,4.746538028120994568e-02,-1.363773364573717117e-03,-1.550174318253993988e-02,6.678054481744766235e-02,1.332903057336807251e-01,2.689108252525329590e-01,1.179780840873718262e+00,6.360722705721855164e-03,-8.932457305490970612e-03,-3.871450945734977722e-02,4.619554802775382996e-02,-1.982018351554870605e-01,-6.643664836883544922e-02,1.320393681526184082e+00,2.815002202987670898e-02,-2.080570440739393234e-03,-6.400361657142639160e-02
6.400456279516220093e-02,8.417657762765884399e-02,8.684331178665161133e-01,-1.091685518622398376e-02,-1.125302072614431381e-02,7.063248157501220703e-01,-7.077142596244812012e-01,1.385859102010726929e-01,-2.230141311883926392e-01,1.421716660261154175e-01,3.696962594985961914e-01,-1.757415831089019775e-01,-9.923202544450759888e-02,1.683751866221427917e-02,-1.176635641604661942e-02,-6.324467062950134277e-02,1.949998200871050358e-03,-7.099910639226436615e-03,1.503780763596296310e-02,4.703415557742118835e-02,5.251577240414917469e-04,-2.118746191263198853e-02,6.870617717504501343e-02,1.325707286596298218e-01,2.569174468517303467e-01,1.180693387985229492e+00,6.364180240780115128e-03,-1.046550832688808441e-02,-3.977686166763305664e-02,4.560695588588714600e-02,-1.975738257169723511e-01,-7.071542739868164062e-02,1.323881268501281738e+00,2.960488200187683105e-02,-9.075511246919631958e-03,-6.403662264347076416e-02
6.225071847438812256e-02,8.418361097574234009e-02,8.682363629341125488e-01,-1.141815166920423508e-02,-1.187682338058948517e-02,7.082237601280212402e-01,-7.057957649230957031e-01,1.198916658759117126e-01,-2.135141491889953613e-01,1.342647522687911987e-01,3.501512110233306885e-01,-1.766553819179534912e-01,-9.340960532426834106e-02,1.943494752049446106e-02,-1.109848730266094208e-02,-6.300074607133865356e-02,-2.718370174989104271e-03,-8.762251585721969604e-03,1.536426227539777756e-02,4.580395668745040894e-02,4.088727291673421860e-03,-2.334206365048885345e-02,7.092007994651794434e-02,1.349952071905136108e-01,2.485837191343307495e-01,1.181246757507324219e+00,6.129026878625154495e-03,-1.292638760060071945e-02,-3.727011755108833313e-02,4.335821047425270081e-02,-1.952402144670486450e-01,-7.180946320295333862e-02,1.325645327568054199e+00,3.103695437312126160e-02,-1.242634747177362442e-02,-6.407535076141357422e-02
6.163598224520683289e-02,8.430031687021255493e-02,8.680673837661743164e-01,-1.161756645888090134e-02,-1.249584276229143143e-02,7.103944420814514160e-01,-7.035968899726867676e-01,1.037482693791389465e-01,-2.002665847539901733e-01,1.258331388235092163e-01,3.234410285949707031e-01,-1.770475655794143677e-01,-8.617198467254638672e-02,2.068691141903400421e-02,-1.288266479969024658e-02,-6.452484428882598877e-02,-2.346512163057923317e-03,-1.148478686809539795e-02,1.791302673518657684e-02,4.419730231165885925e-02,6.994042545557022095e-03,-2.419401891529560089e-02,7.317642122507095337e-02,1.372550874948501587e-01,2.438324838876724243e-01,1.182137727737426758e+00,6.000336259603500366e-03,-1.346228644251823425e-02,-3.506299108266830444e-02,4.006007686257362366e-02,-1.927585899829864502e-01,-6.965144723653793335e-02,1.326650619506835938e+00,3.293328359723091125e-02,-1.401042751967906952e-02,-6.396204233169555664e-02
6.238501518964767456e-02,8.437331765890121460e-02,8.678028583526611328e-01,-1.112680602818727493e-02,-1.278727408498525620e-02,7.131945490837097168e-01,-7.007611989974975586e-01,8.514608442783355713e-02,-1.785162836313247681e-01,1.123455017805099487e-01,2.809326052665710449e-01,-1.664980202913284302e-01,-8.768390864133834839e-02,2.028734795749187469e-02,-1.853142306208610535e-02,-7.003869861364364624e-02,8.189153857529163361e-03,-1.987502351403236389e-02,2.123682387173175812e-02,4.133254662156105042e-02,1.013735961169004440e-02,-2.262510545551776886e-02,7.393556088209152222e-02,1.398450434207916260e-01,2.366855442523956299e-01,1.187290072441101074e+00,4.535570275038480759e-03,-9.810749441385269165e-03,-3.532317280769348145e-02,3.583809733390808105e-02,-1.891405135393142700e-01,-6.931890547275543213e-02,1.325246095657348633e+00,3.309114649891853333e-02,-1.223111525177955627e-02,-6.394847482442855835e-02
6.372053921222686768e-02,8.411484211683273315e-02,8.675408959388732910e-01,-1.097958721220493317e-02,-1.330547500401735306e-02,7.148697972297668457e-01,-6.990447640419006348e-01,7.391636818647384644e-02,-1.635206341743469238e-01,1.053819358348846436e-01,2.476466000080108643e-01,-1.383045762777328491e-01,-7.756011933088302612e-02,1.906576566398143768e-02,-2.390475757420063019e-02,-7.223853468894958496e-02,1.759190857410430908e-02,-2.648046426475048065e-02,2.242393791675567627e-02,3.840978071093559265e-02,1.182823162525892258e-02,-2.267542481422424316e-02,7.313488423824310303e-02,1.408086568117141724e-01,2.326492518186569214e-01,1.194281458854675293e+00,6.822711322456598282e-03,-4.573178477585315704e-03,-3.598723560571670532e-02,3.432061150670051575e-02,-1.860354244709014893e-01,-7.286322116851806641e-02,1.321736216545104980e+00,3.415390849113464355e-02,-7.712041493505239487e-03,-6.493555009365081787e-02
6.611999124288558960e-02,8.406679332256317139e-02,8.672275543212890625e-01,-1.103766541928052902e-02,-1.407067757099866867e-02,7.156503200531005859e-01,-6.982297897338867188e-01,6.612873077392578125e-02,-1.493414640426635742e-01,1.046493873000144958e-01,2.164587825536727905e-01,-1.150976642966270447e-01,-3.088152222335338593e-02,1.628054678440093994e-02,-3.119462542235851288e-02,-7.730633765459060669e-02,2.944634668529033661e-02,-3.410757333040237427e-02,2.434113435447216034e-02,3.571463748812675476e-02,1.163852214813232422e-02,-2.355826273560523987e-02,7.070074230432510376e-02,1.395356208086013794e-01,2.288410365581512451e-01,1.203593015670776367e+00,6.895139813423156738e-03,2.662764862179756165e-03,-3.785597160458564758e-02,3.360693156719207764e-02,-1.850195080041885376e-01,-7.790853828191757202e-02,1.316069006919860840e+00,3.420657292008399963e-02,-4.330991359893232584e-04,-6.560294330120086670e-02
7.111244648694992065e-02,8.409229665994644165e-02,8.667261004447937012e-01,-1.050323434174060822e-02,-1.464542094618082047e-02,7.154060006141662598e-01,-6.984765529632568359e-01,5.904626473784446716e-02,-1.320070475339889526e-01,1.006776615977287292e-01,1.844499409198760986e-01,-1.035666242241859436e-01,-3.040692023932933807e-02,1.034685131162405014e-02,-4.072377458214759827e-02,-8.431539684534072876e-02,4.792115837335586548e-02,-4.406203329563140869e-02,2.577344700694084167e-02,3.271900117397308350e-02,8.103907108306884766e-03,-2.355235256254673004e-02,6.472252309322357178e-02,1.348994523286819458e-01,2.252660989761352539e-01,1.218576788902282715e+00,6.562878843396902084e-03,1.553684752434492111e-02,-3.973609581589698792e-02,3.483648970723152161e-02,-1.873610168695449829e-01,-8.547569066286087036e-02,1.305270910263061523e+00,3.369896858930587769e-02,1.370308827608823776e-02,-6.616734713315963745e-02
7.536944746971130371e-02,8.415304869413375854e-02,8.663638234138488770e-01,-9.831713512539863586e-03,-1.485715620219707489e-02,7.149173617362976074e-01,-6.989819407463073730e-01,5.382592976093292236e-02,-1.212475448846817017e-01,9.907597303390502930e-02,1.643818914890289307e-01,-9.207229316234588623e-02,-3.128102049231529236e-02,5.346064921468496323e-03,-4.986868053674697876e-02,-8.605957031250000000e-02,6.665667891502380371e-02,-5.136680603027343750e-02,2.517241053283214569e-02,3.082073666155338287e-02,5.233183968812227249e-03,-2.203853242099285126e-02,6.043708696961402893e-02,1.321806609630584717e-01,2.220313400030136108e-01,1.227227091789245605e+00,3.984364215284585953e-03,2.476816624402999878e-02,-4.035561531782150269e-02,3.531824052333831787e-02,-1.897789239883422852e-01,-9.224805235862731934e-02,1.298370718955993652e+00,3.011330775916576385e-02,2.279704436659812927e-02,-6.697524338960647583e-02
7.973632961511611938e-02,8.430655300617218018e-02,8.664493560791015625e-01,-8.990286849439144135e-03,-1.526922080665826797e-02,7.151359915733337402e-01,-6.987606883049011230e-01,4.953808337450027466e-02,-1.157618239521980286e-01,9.836466610431671143e-02,1.525827497243881226e-01,-7.452010363340377808e-02,-3.014171496033668518e-02,7.542032981291413307e-04,-6.342654675245285034e-02,-8.458344638347625732e-02,9.204661101102828979e-02,-5.577559024095535278e-02,2.461639977991580963e-02,2.911607362329959869e-02,3.139464883133769035e-03,-1.942691579461097717e-02,5.527939274907112122e-02,1.272962838411331177e-01,2.235776185989379883e-01,1.236679673194885254e+00,2.975278533995151520e-03,3.438085690140724182e-02,-4.357625171542167664e-02,3.370466828346252441e-02,-1.902354955673217773e-01,-9.909559041261672974e-02,1.295246005058288574e+00,2.556270733475685120e-02,2.874975278973579407e-02,-7.033795118331909180e-02
8.496905863285064697e-02,8.498764038085937500e-02,8.672443628311157227e-01,-8.140162564814090729e-03,-1.610236801207065582e-02,7.168431878089904785e-01,-6.970009207725524902e-01,4.485574737191200256e-02,-1.112413778901100159e-01,9.662136435508728027e-02,1.409311294555664062e-01,-5.735247954726219177e-02,-2.959621511399745941e-02,-7.024350110441446304e-03,-9.914176911115646362e-02,-8.234082162380218506e-02,1.556305438280105591e-01,-7.152923941612243652e-02,3.461617976427078247e-02,2.516824007034301758e-02,4.412532318383455276e-03,-1.689875684678554535e-02,5.078114941716194153e-02,1.252567470073699951e-01,2.206153124570846558e-01,1.250172615051269531e+00,-6.626155227422714233e-03,4.665172472596168518e-02,-4.952206462621688843e-02,3.081104345619678497e-02,-1.855749487876892090e-01,-1.103747934103012085e-01,1.297239065170288086e+00,2.625868096947669983e-02,2.593722566962242126e-02,-7.608166337013244629e-02
8.763910830020904541e-02,8.570963889360427856e-02,8.678630590438842773e-01,-7.199822925031185150e-03,-1.710323803126811981e-02,7.197264432907104492e-01,-6.940097212791442871e-01,4.472994059324264526e-02,-1.068300157785415649e-01,1.022758483886718750e-01,1.314749121665954590e-01,-4.941564053297042847e-02,-2.426419965922832489e-02,-1.238866802304983139e-02,-1.328042447566986084e-01,-7.572344690561294556e-02,2.180207371711730957e-01,-1.029965952038764954e-01,6.601991504430770874e-02,2.192484773695468903e-02,8.446375839412212372e-03,-1.521275099366903305e-02,5.060799792408943176e-02,1.295737177133560181e-01,2.156840711832046509e-01,1.255933284759521484e+00,-1.536218542605638504e-02,5.056132748723030090e-02,-4.802605882287025452e-02,2.861388958990573883e-02,-1.801227778196334839e-01,-1.181135624647140503e-01,1.300188302993774414e+00,3.295447304844856262e-02,1.949288137257099152e-02,-7.706017047166824341e-02
8.891410380601882935e-02,8.627419918775558472e-02,8.682690858840942383e-01,-5.679883994162082672e-03,-1.762440055608749390e-02,7.233867049217224121e-01,-6.901947855949401855e-01,4.643085598945617676e-02,-9.922264516353607178e-02,1.089537963271141052e-01,1.208669319748878479e-01,-4.492955282330513000e-02,-2.353955805301666260e-02,-1.956738904118537903e-02,-1.672444492578506470e-01,-6.314487755298614502e-02,2.865604460239410400e-01,-1.400742083787918091e-01,1.240087822079658508e-01,1.733136922121047974e-02,1.389205083250999451e-02,-1.183866336941719055e-02,5.510052666068077087e-02,1.405722945928573608e-01,2.132344394922256470e-01,1.254138946533203125e+00,-2.130113169550895691e-02,4.526348784565925598e-02,-4.067623242735862732e-02,2.567450329661369324e-02,-1.733397841453552246e-01,-1.234928146004676819e-01,1.303162813186645508e+00,3.728322312235832214e-02,1.620325632393360138e-02,-7.792210578918457031e-02
8.929629623889923096e-02,8.669496327638626099e-02,8.689017891883850098e-01,-3.334767650812864304e-03,-1.797968335449695587e-02,7.270808815956115723e-01,-6.863082051277160645e-01,4.988167807459831238e-02,-8.687537908554077148e-02,1.159247979521751404e-01,1.046704053878784180e-01,-3.877137973904609680e-02,-2.118504233658313751e-02,-3.362887352705001831e-02,-2.025147676467895508e-01,-5.009886994957923889e-02,3.628847002983093262e-01,-1.906101107597351074e-01,1.835177391767501831e-01,1.220935769379138947e-02,1.716070063412189484e-02,-7.349299732595682144e-03,6.274183094501495361e-02,1.591486632823944092e-01,2.102952599525451660e-01,1.250828742980957031e+00,-2.697814442217350006e-02,3.477022051811218262e-02,-3.480992838740348816e-02,2.235548757016658783e-02,-1.663099527359008789e-01,-1.260622888803482056e-01,1.305675268173217773e+00,3.768200427293777466e-02,1.494017895311117172e-02,-7.945784181356430054e-02
8.885353803634643555e-02,8.646281808614730835e-02,8.694483637809753418e-01,-1.808202126994729042e-03,-1.801227405667304993e-02,7.282354235649108887e-01,-6.850879192352294922e-01,5.235720425844192505e-02,-7.662316411733627319e-02,1.211867928504943848e-01,9.031619131565093994e-02,-3.169388696551322937e-02,-2.223560959100723267e-02,-5.361335352063179016e-02,-2.219782322645187378e-01,-5.473688617348670959e-02,4.071699976921081543e-01,-2.123271524906158447e-01,1.737546473741531372e-01,9.067109785974025726e-03,1.596063748002052307e-02,-5.263494793325662613e-03,6.622187048196792603e-02,1.702527254819869995e-01,2.092021852731704712e-01,1.254459500312805176e+00,-2.678813785314559937e-02,3.479449450969696045e-02,-3.485104441642761230e-02,2.169040217995643616e-02,-1.622939258813858032e-01,-1.280847936868667603e-01,1.307125329971313477e+00,3.771723806858062744e-02,1.306379027664661407e-02,-8.145967125892639160e-02
8.829074352979660034e-02,8.499353379011154175e-02,8.701021075248718262e-01,4.646343004424124956e-04,-1.686507835984230042e-02,7.278829813003540039e-01,-6.854938268661499023e-01,5.350560322403907776e-02,-6.167419254779815674e-02,1.237219274044036865e-01,7.352540642023086548e-02,-2.241333015263080597e-02,-2.503940835595130920e-02,-8.554562926292419434e-02,-2.278236001729965210e-01,-8.153714239597320557e-02,4.294012784957885742e-01,-1.995238065719604492e-01,1.341957747936248779e-01,6.728523876518011093e-03,1.317451987415552139e-02,-1.981073524802923203e-03,6.777288764715194702e-02,1.757176220417022705e-01,2.118543386459350586e-01,1.265677809715270996e+00,-2.309731766581535339e-02,4.923945292830467224e-02,-3.779611736536026001e-02,2.457300946116447449e-02,-1.597661077976226807e-01,-1.339430212974548340e-01,1.307859420776367188e+00,3.566718101501464844e-02,1.226623635739088058e-02,-8.320692181587219238e-02
8.711307495832443237e-02,8.207888156175613403e-02,8.707627654075622559e-01,1.814116840250790119e-03,-1.598796807229518890e-02,7.262895703315734863e-01,-6.872004866600036621e-01,5.367963388562202454e-02,-4.240170121192932129e-02,1.230559423565864563e-01,4.712283611297607422e-02,-7.531751878559589386e-03,-2.649154327809810638e-02,-1.385057121515274048e-01,-2.224203944206237793e-01,-1.277098506689071655e-01,4.232186079025268555e-01,-1.434216648340225220e-01,5.910343304276466370e-02,5.158748943358659744e-03,9.584254585206508636e-03,-3.357099369168281555e-03,6.817603111267089844e-02,1.764620244503021240e-01,2.185221612453460693e-01,1.288353085517883301e+00,-3.154494985938072205e-02,7.908084243535995483e-02,-3.534938767552375793e-02,3.266130760312080383e-02,-1.594017595052719116e-01,-1.460000574588775635e-01,1.309039235115051270e+00,3.493735194206237793e-02,1.166925020515918732e-02,-8.397995680570602417e-02
8.513664454221725464e-02,7.993912696838378906e-02,8.709630966186523438e-01,1.887324731796979904e-03,-1.587916724383831024e-02,7.248912453651428223e-01,-6.886777281761169434e-01,5.476565659046173096e-02,-3.016707114875316620e-02,1.211311370134353638e-01,2.771058864891529083e-02,2.291578799486160278e-03,-2.766223624348640442e-02,-1.774281263351440430e-01,-2.109201997518539429e-01,-1.537438631057739258e-01,3.978480696678161621e-01,-9.668164700269699097e-02,2.268757112324237823e-02,4.076212178915739059e-03,8.527525700628757477e-03,-7.172156125307083130e-03,6.761784851551055908e-02,1.761471927165985107e-01,2.239494770765304565e-01,1.306450843811035156e+00,-3.903132677078247070e-02,9.403232485055923462e-02,-3.603087365627288818e-02,4.045511409640312195e-02,-1.616525948047637939e-01,-1.535661667585372925e-01,1.309304594993591309e+00,3.644103556871414185e-02,1.277127210050821304e-02,-8.315522968769073486e-02
8.194143325090408325e-02,7.815707474946975708e-02,8.708782792091369629e-01,1.177707221359014511e-03,-1.631294935941696167e-02,7.231751084327697754e-01,-6.904710531234741211e-01,5.759071186184883118e-02,-2.150406688451766968e-02,1.178676337003707886e-01,1.112111192196607590e-02,9.398747235536575317e-03,-2.959746308624744415e-02,-2.120489627122879028e-01,-1.950457096099853516e-01,-1.733615845441818237e-01,3.609890043735504150e-01,-6.338316947221755981e-02,8.588692173361778259e-03,3.201573155820369720e-03,7.506591267883777618e-03,-1.232179068028926849e-02,6.936936825513839722e-02,1.784098595380783081e-01,2.289962321519851685e-01,1.318396925926208496e+00,-4.518820717930793762e-02,1.041838005185127258e-01,-3.703000023961067200e-02,4.762739688158035278e-02,-1.640505045652389526e-01,-1.610174179077148438e-01,1.310301780700683594e+00,3.547188267111778259e-02,1.163825951516628265e-02,-8.275683224201202393e-02
7.546530663967132568e-02,7.594967633485794067e-02,8.703934550285339355e-01,-1.748246431816369295e-04,-1.687564887106418610e-02,7.210746407508850098e-01,-6.926518082618713379e-01,6.428300589323043823e-02,-1.177950110286474228e-02,1.138477772474288940e-01,-7.703476585447788239e-03,1.387578900903463364e-02,-3.459461033344268799e-02,-2.488330751657485962e-01,-1.686507314443588257e-01,-1.912642717361450195e-01,3.023297488689422607e-01,-3.471820056438446045e-02,7.732447702437639236e-03,6.942090694792568684e-04,7.978275418281555176e-03,-1.863664574921131134e-02,7.425087690353393555e-02,1.865317523479461670e-01,2.351878136396408081e-01,1.326749563217163086e+00,-4.513069242238998413e-02,1.058338209986686707e-01,-4.179565981030464172e-02,5.448232963681221008e-02,-1.631548106670379639e-01,-1.702732443809509277e-01,1.315071105957031250e+00,3.380488976836204529e-02,2.969147637486457825e-03,-8.326095342636108398e-02
6.894957274198532104e-02,7.425124198198318481e-02,8.698683977127075195e-01,-1.461155829019844532e-03,-1.732732169330120087e-02,7.200126051902770996e-01,-6.937431097030639648e-01,7.156147807836532593e-02,-6.677468307316303253e-03,1.126387268304824829e-01,-1.732423342764377594e-02,1.358711533248424530e-02,-3.943892940878868103e-02,-2.687447965145111084e-01,-1.483753621578216553e-01,-1.963567882776260376e-01,2.558777034282684326e-01,-7.972428575158119202e-03,1.376654952764511108e-02,-1.072565908543765545e-03,9.707719087600708008e-03,-2.280399948358535767e-02,7.779085636138916016e-02,1.948736459016799927e-01,2.371696233749389648e-01,1.330562710762023926e+00,-4.510070011019706726e-02,1.065915748476982117e-01,-4.197641834616661072e-02,5.680881068110466003e-02,-1.613352000713348389e-01,-1.730502247810363770e-01,1.320512771606445312e+00,3.558419272303581238e-02,-6.026094779372215271e-03,-8.299364894628524780e-02
6.106628477573394775e-02,7.232699543237686157e-02,8.692207336425781250e-01,-2.518404973670840263e-03,-1.746692135930061340e-02,7.195698022842407227e-01,-6.941958665847778320e-01,8.140384405851364136e-02,-4.876520019024610519e-03,1.147697642445564270e-01,-1.739999093115329742e-02,8.321292698383331299e-03,-4.762383922934532166e-02,-2.820294797420501709e-01,-1.284340620040893555e-01,-1.945659667253494263e-01,2.107985615730285645e-01,2.625325694680213928e-02,2.687001228332519531e-02,-2.655059332028031349e-03,1.193083263933658600e-02,-2.594519220292568207e-02,8.112543076276779175e-02,2.030097097158432007e-01,2.422409951686859131e-01,1.334217071533203125e+00,-4.367351904511451721e-02,1.085540056228637695e-01,-4.103966802358627319e-02,5.756528675556182861e-02,-1.598286777734756470e-01,-1.700029373168945312e-01,1.325702667236328125e+00,3.798422217369079590e-02,-1.424892805516719818e-02,-8.084174990653991699e-02
4.831699654459953308e-02,6.972394883632659912e-02,8.680830001831054688e-01,-3.855176968500018120e-03,-1.770474389195442200e-02,7.194504141807556152e-01,-6.943073868751525879e-01,9.795192629098892212e-02,-2.103765960782766342e-03,1.221130117774009705e-01,-1.740000024437904358e-02,1.798225333914160728e-03,-6.123842298984527588e-02,-2.891861498355865479e-01,-1.077659204602241516e-01,-1.832587420940399170e-01,1.628631502389907837e-01,7.769563794136047363e-02,4.705104976892471313e-02,-3.108992474153637886e-03,1.220216322690248489e-02,-2.915233187377452850e-02,8.448555320501327515e-02,2.102493196725845337e-01,2.554162144660949707e-01,1.341428637504577637e+00,-4.600756987929344177e-02,1.187185347080230713e-01,-4.369499906897544861e-02,5.617138743400573730e-02,-1.596435010433197021e-01,-1.620133817195892334e-01,1.328262925148010254e+00,3.868080303072929382e-02,-1.924937963485717773e-02,-7.539174705743789673e-02
3.654723986983299255e-02,6.775482743978500366e-02,8.668317198753356934e-01,-4.666361026465892792e-03,-1.794661767780780792e-02,7.192178964614868164e-01,-6.945371031761169434e-01,1.138743013143539429e-01,4.028632538393139839e-04,1.297718286514282227e-01,-1.740000024437904358e-02,-3.353460459038615227e-03,-7.261435687541961670e-02,-2.857204675674438477e-01,-9.852121770381927490e-02,-1.668090373277664185e-01,1.411457359790802002e-01,1.193363517522811890e-01,6.881041824817657471e-02,-2.480895491316914558e-03,9.410141967236995697e-03,-3.087723813951015472e-02,8.732094615697860718e-02,2.160185724496841431e-01,2.641748487949371338e-01,1.346731066703796387e+00,-5.400095880031585693e-02,1.256872266530990601e-01,-4.459299519658088684e-02,5.434362590312957764e-02,-1.595136374235153198e-01,-1.569400727748870850e-01,1.325734138488769531e+00,3.647097200155258179e-02,-1.816708594560623169e-02,-7.097313553094863892e-02
2.317369543015956879e-02,6.653072685003280640e-02,8.652737140655517578e-01,-5.240084603428840637e-03,-1.840019226074218750e-02,7.195519804954528809e-01,-6.941750049591064453e-01,1.327437609434127808e-01,2.677594078704714775e-03,1.423369497060775757e-01,-1.740000024437904358e-02,-7.910607382655143738e-03,-8.545244485139846802e-02,-2.742114365100860596e-01,-9.377823770046234131e-02,-1.476287245750427246e-01,1.323525011539459229e-01,1.213743090629577637e-01,1.411585509777069092e-01,-1.047458383254706860e-03,6.689034402370452881e-03,-3.180281817913055420e-02,8.957815170288085938e-02,2.210871279239654541e-01,2.732473313808441162e-01,1.352150678634643555e+00,-5.802043527364730835e-02,1.314146816730499268e-01,-4.734959080815315247e-02,5.163337290287017822e-02,-1.583198010921478271e-01,-1.539642214775085449e-01,1.319848418235778809e+00,3.154317662119865417e-02,-1.130117569118738174e-02,-6.997005641460418701e-02
3.263276070356369019e-03,6.529762595891952515e-02,8.627859950065612793e-01,-6.100678350776433945e-03,-1.935138367116451263e-02,7.212479710578918457e-01,-6.923797130584716797e-01,1.612844765186309814e-01,5.271848756819963455e-03,1.619365066289901733e-01,-1.740000024437904358e-02,-5.817947443574666977e-03,-1.062753051519393921e-01,-2.504017949104309082e-01,-9.350386261940002441e-02,-1.240018010139465332e-01,1.339685469865798950e-01,8.500082790851593018e-02,1.807516664266586304e-01,2.640909515321254730e-03,3.712897654622793198e-03,-3.367813676595687866e-02,9.206441044807434082e-02,2.267943918704986572e-01,2.846268713474273682e-01,1.358051538467407227e+00,-5.946772173047065735e-02,1.367513090372085571e-01,-5.209097638726234436e-02,4.755513370037078857e-02,-1.563156098127365112e-01,-1.486835330724716187e-01,1.310310244560241699e+00,2.794209122657775879e-02,1.563918660394847393e-03,-7.293651998043060303e-02
-1.330767571926116943e-02,6.484708189964294434e-02,8.607186675071716309e-01,-6.680018268525600433e-03,-2.009790949523448944e-02,7.231676578521728516e-01,-6.903477311134338379e-01,1.848646700382232666e-01,7.008539978414773941e-03,1.780796647071838379e-01,-1.740000024437904358e-02,2.583501162007451057e-03,-1.220557391643524170e-01,-2.263486683368682861e-01,-9.449694305658340454e-02,-1.117229461669921875e-01,1.359675973653793335e-01,5.005195736885070801e-02,1.738193780183792114e-01,6.363312713801860809e-03,3.142748493701219559e-03,-3.402166813611984253e-02,9.211803227663040161e-02,2.303020358085632324e-01,2.917563319206237793e-01,1.360105991363525391e+00,-5.974271520972251892e-02,1.369247436523437500e-01,-5.278881639242172241e-02,4.408609867095947266e-02,-1.544968038797378540e-01,-1.436452120542526245e-01,1.303158283233642578e+00,2.740073576569557190e-02,1.011765375733375549e-02,-7.386181503534317017e-02
-3.133722767233848572e-02,6.497311592102050781e-02,8.589631319046020508e-01,-7.249379530549049377e-03,-2.133393846452236176e-02,7.249812483787536621e-01,-6.883999705314636230e-01,2.110818177461624146e-01,7.251392118632793427e-03,1.959135830402374268e-01,-1.740000024437904358e-02,1.906189508736133575e-02,-1.398193389177322388e-01,-1.989904046058654785e-01,-9.782942384481430054e-02,-9.515513479709625244e-02,1.396653056144714355e-01,1.543940603733062744e-02,1.617981791496276855e-01,1.125851366668939590e-02,1.627645688131451607e-03,-3.378684446215629578e-02,9.010146558284759521e-02,2.318879067897796631e-01,3.026320040225982666e-01,1.359403491020202637e+00,-5.684619024395942688e-02,1.374061703681945801e-01,-5.260958150029182434e-02,3.968431800603866577e-02,-1.515930145978927612e-01,-1.374772638082504272e-01,1.296862244606018066e+00,2.650722302496433258e-02,1.672509312629699707e-02,-7.531034201383590698e-02
-5.526459589600563049e-02,6.615435332059860229e-02,8.579011559486389160e-01,-8.538735099136829376e-03,-2.301796898245811462e-02,7.272379994392395020e-01,-6.859461665153503418e-01,2.454296350479125977e-01,2.216122113168239594e-03,2.161455154418945312e-01,-1.280886679887771606e-02,5.219336971640586853e-02,-1.624290645122528076e-01,-1.649978756904602051e-01,-1.047553718090057373e-01,-7.984858006238937378e-02,1.444088816642761230e-01,-1.959958113729953766e-02,1.423231065273284912e-01,1.880782283842563629e-02,1.437746337614953518e-03,-3.146769106388092041e-02,8.127284795045852661e-02,2.276157140731811523e-01,3.248642086982727051e-01,1.353770017623901367e+00,-4.489636793732643127e-02,1.374185383319854736e-01,-5.393947288393974304e-02,3.169208765029907227e-02,-1.487655341625213623e-01,-1.229767426848411560e-01,1.293287634849548340e+00,2.921154536306858063e-02,1.849692501127719879e-02,-7.708089798688888550e-02
-7.246926426887512207e-02,6.765213608741760254e-02,8.582997322082519531e-01,-1.012121234089136124e-02,-2.527994848787784576e-02,7.284055352210998535e-01,-6.846048831939697266e-01,2.734710574150085449e-01,-1.258918736129999161e-02,2.303170412778854370e-01,4.024031572043895721e-03,8.290640264749526978e-02,-1.781621277332305908e-01,-1.392789632081985474e-01,-1.136343330144882202e-01,-7.229050993919372559e-02,1.484196931123733521e-01,-3.622359409928321838e-02,1.253012120723724365e-01,2.659453637897968292e-02,7.726129260845482349e-04,-3.138093277812004089e-02,7.174286991357803345e-02,2.189640402793884277e-01,3.451597392559051514e-01,1.346533417701721191e+00,-3.373866528272628784e-02,1.327832192182540894e-01,-5.682789534330368042e-02,2.508578263223171234e-02,-1.485772281885147095e-01,-1.089384108781814575e-01,1.294159889221191406e+00,3.343502432107925415e-02,1.930094510316848755e-02,-7.647687941789627075e-02
-8.965136855840682983e-02,6.942682713270187378e-02,8.594975471496582031e-01,-1.204277202486991882e-02,-2.869228273630142212e-02,7.282161712646484375e-01,-6.846407055854797363e-01,3.051714301109313965e-01,-3.478269279003143311e-02,2.485367208719253540e-01,2.690055780112743378e-02,1.166617050766944885e-01,-1.909635812044143677e-01,-1.109212115406990051e-01,-1.188573315739631653e-01,-5.971699953079223633e-02,1.418328881263732910e-01,-4.361199215054512024e-02,1.073209568858146667e-01,3.420485928654670715e-02,-2.666421933099627495e-03,-3.359260410070419312e-02,6.124096363782882690e-02,2.097734510898590088e-01,3.621935546398162842e-01,1.338545203208923340e+00,-4.207017645239830017e-02,1.207915619015693665e-01,-6.300462782382965088e-02,1.953950338065624237e-02,-1.501730829477310181e-01,-9.254872053861618042e-02,1.295036554336547852e+00,3.872019052505493164e-02,2.538425847887992859e-02,-7.125671952962875366e-02
-1.106405034661293030e-01,7.117854803800582886e-02,8.615916967391967773e-01,-1.424647774547338486e-02,-3.075074963271617889e-02,7.262455821037292480e-01,-6.865994334220886230e-01,3.399867117404937744e-01,-6.491959095001220703e-02,2.790292501449584961e-01,6.179991737008094788e-02,1.636290401220321655e-01,-2.013728916645050049e-01,-7.877989113330841064e-02,-1.174959018826484680e-01,-4.419739171862602234e-02,1.271241009235382080e-01,-4.359108209609985352e-02,8.309261500835418701e-02,3.816999122500419617e-02,-8.176079951226711273e-03,-3.238493204116821289e-02,5.015177652239799500e-02,2.018027156591415405e-01,3.692199885845184326e-01,1.322528004646301270e+00,-4.154050722718238831e-02,1.043307110667228699e-01,-6.491845846176147461e-02,1.281825546175241470e-02,-1.541690379381179810e-01,-7.027289271354675293e-02,1.293927192687988281e+00,4.332286491990089417e-02,2.967766858637332916e-02,-6.942484527826309204e-02
-1.252273768186569214e-01,7.257388532161712646e-02,8.629895448684692383e-01,-1.539254002273082733e-02,-3.135013952851295471e-02,7.238671779632568359e-01,-6.890548467636108398e-01,3.587416410446166992e-01,-8.779241889715194702e-02,3.075153827667236328e-01,9.330224990844726562e-02,1.749115139245986938e-01,-1.628937721252441406e-01,-5.749334394931793213e-02,-1.116052642464637756e-01,-3.518759086728096008e-02,1.110607013106346130e-01,-3.945308923721313477e-02,6.690065562725067139e-02,4.019930586218833923e-02,-1.339975651353597641e-02,-2.974369563162326813e-02,4.279344156384468079e-02,1.985096335411071777e-01,3.628928065299987793e-01,1.307304739952087402e+00,-3.405376151204109192e-02,9.023870527744293213e-02,-6.811531633138656616e-02,8.835650049149990082e-03,-1.568897664546966553e-01,-5.981799587607383728e-02,1.292403697967529297e+00,4.196969419717788696e-02,2.994006872177124023e-02,-7.134243845939636230e-02
-1.383496224880218506e-01,7.448510825634002686e-02,8.643650412559509277e-01,-1.681192219257354736e-02,-3.140374645590782166e-02,7.209043502807617188e-01,-6.921185255050659180e-01,3.684133589267730713e-01,-1.118308901786804199e-01,3.263073861598968506e-01,1.318718194961547852e-01,1.396092176437377930e-01,-9.618691354990005493e-02,-3.991703689098358154e-02,-1.049403399229049683e-01,-2.947758324444293976e-02,9.274405241012573242e-02,-3.043251484632492065e-02,5.182832479476928711e-02,4.113268479704856873e-02,-1.899028755724430084e-02,-2.739407122135162354e-02,3.571357205510139465e-02,1.961294710636138916e-01,3.538175821304321289e-01,1.290458083152770996e+00,-2.163261920213699341e-02,7.638601958751678467e-02,-6.656397134065628052e-02,6.664627697318792343e-03,-1.589457094669342041e-01,-5.729927867650985718e-02,1.290390014648437500e+00,4.328106716275215149e-02,2.981603145599365234e-02,-7.282477617263793945e-02
-1.528542786836624146e-01,7.709911465644836426e-02,8.661285042762756348e-01,-1.814665459096431732e-02,-2.989494055509567261e-02,7.172300815582275391e-01,-6.959583759307861328e-01,3.639522194862365723e-01,-1.417862921953201294e-01,3.332001864910125732e-01,1.891653239727020264e-01,6.022847443819046021e-02,-7.243295013904571533e-02,-2.279448509216308594e-02,-9.471693634986877441e-02,-2.519673109054565430e-02,7.023748010396957397e-02,-1.587558537721633911e-02,3.520452603697776794e-02,4.073144122958183289e-02,-2.337020821869373322e-02,-2.309388667345046997e-02,2.677824534475803375e-02,1.913658529520034790e-01,3.426048457622528076e-01,1.268926978111267090e+00,-5.051138345152139664e-03,6.175886839628219604e-02,-6.791581213474273682e-02,6.434177048504352570e-03,-1.621411740779876709e-01,-5.898850411176681519e-02,1.288151979446411133e+00,4.254903644323348999e-02,3.321814537048339844e-02,-7.510028034448623657e-02
-1.618992835283279419e-01,7.845766097307205200e-02,8.671789169311523438e-01,-1.833298616111278534e-02,-2.832176908850669861e-02,7.156257033348083496e-01,-6.976687312126159668e-01,3.501880466938018799e-01,-1.621952503919601440e-01,3.367807269096374512e-01,2.313384115695953369e-01,1.292677875608205795e-02,-6.452932208776473999e-02,-1.204902585595846176e-02,-8.617979288101196289e-02,-2.130722068250179291e-02,5.504451692104339600e-02,-4.193261265754699707e-03,2.539010532200336456e-02,4.108232259750366211e-02,-2.247738093137741089e-02,-1.896145381033420563e-02,2.166600152850151062e-02,1.867625415325164795e-01,3.367680907249450684e-01,1.253291964530944824e+00,8.582480368204414845e-04,5.080825462937355042e-02,-6.773293018341064453e-02,8.249600417912006378e-03,-1.661125123500823975e-01,-5.999175831675529480e-02,1.286903858184814453e+00,4.436999931931495667e-02,3.611873090267181396e-02,-7.563944160938262939e-02
-1.692903339862823486e-01,7.949049770832061768e-02,8.679717779159545898e-01,-1.846452988684177399e-02,-2.699915319681167603e-02,7.148153781890869141e-01,-6.985478401184082031e-01,3.281502127647399902e-01,-1.811977475881576538e-01,3.334559202194213867e-01,2.703145444393157959e-01,-3.307995945215225220e-02,-5.651015043258666992e-02,-3.477113554254174232e-03,-7.932438701391220093e-02,-1.824472658336162567e-02,4.274550080299377441e-02,5.660081747919321060e-03,1.948325149714946747e-02,4.186886176466941833e-02,-2.001891471445560455e-02,-1.621985249221324921e-02,2.037689648568630219e-02,1.820762306451797485e-01,3.359302878379821777e-01,1.236580014228820801e+00,2.326292684301733971e-03,3.754038736224174500e-02,-6.389330327510833740e-02,1.128985732793807983e-02,-1.704799234867095947e-01,-6.075397878885269165e-02,1.285789370536804199e+00,4.412272572517395020e-02,3.770795464515686035e-02,-7.579686492681503296e-02
-1.767205595970153809e-01,8.067317306995391846e-02,8.685885071754455566e-01,-1.905286312103271484e-02,-2.575379982590675354e-02,7.139555215835571289e-01,-6.994578242301940918e-01,2.871167957782745361e-01,-2.058097571134567261e-01,3.064261674880981445e-01,3.158600628376007080e-01,-9.350212663412094116e-02,-5.415997654199600220e-02,4.284112248569726944e-03,-7.303137332201004028e-02,-1.633692719042301178e-02,3.000207245349884033e-02,1.454313285648822784e-02,1.441946718841791153e-02,4.289678111672401428e-02,-1.741720549762248993e-02,-1.534206978976726532e-02,2.295057475566864014e-02,1.772084087133407593e-01,3.356979489326477051e-01,1.214450001716613770e+00,3.333764849230647087e-03,1.969803124666213989e-02,-5.788971483707427979e-02,1.494558807462453842e-02,-1.757476776838302612e-01,-5.956364423036575317e-02,1.286412715911865234e+00,4.387851059436798096e-02,3.720539063215255737e-02,-7.589927315711975098e-02
-1.808693706989288330e-01,8.129495382308959961e-02,8.688717484474182129e-01,-1.950701326131820679e-02,-2.480267360806465149e-02,7.127211093902587891e-01,-7.007374167442321777e-01,2.489038556814193726e-01,-2.233522981405258179e-01,2.714577913284301758e-01,3.451153934001922607e-01,-1.290841698646545410e-01,-5.750032141804695129e-02,7.761866319924592972e-03,-6.891398131847381592e-02,-1.746424287557601929e-02,2.267293632030487061e-02,1.922372542321681976e-02,1.315031759440898895e-02,4.341344907879829407e-02,-1.780269481241703033e-02,-1.519520487636327744e-02,2.657318115234375000e-02,1.751990318298339844e-01,3.317394554615020752e-01,1.200590491294860840e+00,3.942982293665409088e-03,1.113668736070394516e-02,-5.419382452964782715e-02,1.691297441720962524e-02,-1.781360954046249390e-01,-5.920761078596115112e-02,1.288284540176391602e+00,4.243263974785804749e-02,3.537295758724212646e-02,-7.497142255306243896e-02
-1.839428246021270752e-01,8.143777400255203247e-02,8.690094947814941406e-01,-2.039398625493049622e-02,-2.324951812624931335e-02,7.110706567764282227e-01,-7.024400830268859863e-01,2.058088779449462891e-01,-2.359376549720764160e-01,2.354520112276077271e-01,3.655919730663299561e-01,-1.633999347686767578e-01,-7.757207751274108887e-02,7.885954342782497406e-03,-6.409616768360137939e-02,-2.198011986911296844e-02,1.593589223921298981e-02,2.073784358799457550e-02,1.137227192521095276e-02,4.092914238572120667e-02,-1.812040247023105621e-02,-1.559760514646768570e-02,3.066925518214702606e-02,1.739297807216644287e-01,3.254219591617584229e-01,1.191954016685485840e+00,3.393311752006411552e-03,6.939618848264217377e-03,-5.220547690987586975e-02,1.948578841984272003e-02,-1.785573661327362061e-01,-5.994414910674095154e-02,1.290909767150878906e+00,4.129950702190399170e-02,3.190856054425239563e-02,-7.473491877317428589e-02
-1.880703121423721313e-01,8.157692849636077881e-02,8.690298199653625488e-01,-2.037529274821281433e-02,-2.229396440088748932e-02,7.100220322608947754e-01,-7.035314440727233887e-01,1.594812721014022827e-01,-2.402297258377075195e-01,2.049454450607299805e-01,3.700529634952545166e-01,-1.876049190759658813e-01,-9.824091196060180664e-02,1.173720415681600571e-02,-5.865976214408874512e-02,-2.413033321499824524e-02,9.116828441619873047e-03,1.937268674373626709e-02,1.142703276127576828e-02,3.925082460045814514e-02,-1.719205081462860107e-02,-1.599551551043987274e-02,3.539664670825004578e-02,1.731427609920501709e-01,3.141686916351318359e-01,1.189539909362792969e+00,1.506067812442779541e-03,4.428191110491752625e-03,-5.384323745965957642e-02,2.187432907521724701e-02,-1.774216145277023315e-01,-5.963247641921043396e-02,1.294940590858459473e+00,4.036609083414077759e-02,2.765033207833766937e-02,-7.428031414747238159e-02
-1.901781558990478516e-01,8.148776739835739136e-02,8.689779043197631836e-01,-1.993633061647415161e-02,-2.156799845397472382e-02,7.091543078422546387e-01,-7.044412493705749512e-01,1.295325011014938354e-01,-2.356877177953720093e-01,1.836808174848556519e-01,3.589201271533966064e-01,-1.926485300064086914e-01,-9.850964695215225220e-02,1.401887927204370499e-02,-5.538354068994522095e-02,-2.612894773483276367e-02,7.260778918862342834e-03,1.678288355469703674e-02,1.162543613463640213e-02,3.749708086252212524e-02,-1.696536317467689514e-02,-1.579200290143489838e-02,3.872861713171005249e-02,1.726165115833282471e-01,3.061934411525726318e-01,1.191972613334655762e+00,1.784246764145791531e-03,4.981424193829298019e-03,-5.285457521677017212e-02,2.304570749402046204e-02,-1.754935234785079956e-01,-5.744934082031250000e-02,1.298381686210632324e+00,4.024441912770271301e-02,2.419365011155605316e-02,-7.356975972652435303e-02
-1.913405954837799072e-01,8.119981735944747925e-02,8.688021898269653320e-01,-1.923948712646961212e-02,-2.081934362649917603e-02,7.090208530426025391e-01,-7.046175003051757812e-01,1.040007099509239197e-01,-2.246858477592468262e-01,1.652641296386718750e-01,3.361988961696624756e-01,-1.905837804079055786e-01,-9.195666760206222534e-02,1.539151370525360107e-02,-5.231682956218719482e-02,-2.716579660773277283e-02,6.643913686275482178e-03,1.404966134577989578e-02,1.297933980822563171e-02,3.533035516738891602e-02,-1.444152649492025375e-02,-1.551490090787410736e-02,4.248125106096267700e-02,1.733378320932388306e-01,2.959583699703216553e-01,1.196397781372070312e+00,1.096907537430524826e-03,6.510723382234573364e-03,-4.938182607293128967e-02,2.486652694642543793e-02,-1.728059798479080200e-01,-5.615636333823204041e-02,1.301341533660888672e+00,3.962160646915435791e-02,1.953075826168060303e-02,-7.323215156793594360e-02
-1.914404332637786865e-01,8.067806065082550049e-02,8.684202432632446289e-01,-1.821010001003742218e-02,-2.030609920620918274e-02,7.101900577545166016e-01,-7.034814357757568359e-01,7.805636525154113770e-02,-2.037783563137054443e-01,1.482818871736526489e-01,2.936780154705047607e-01,-1.811287105083465576e-01,-9.330299496650695801e-02,1.594310067594051361e-02,-5.103965848684310913e-02,-2.848025783896446228e-02,1.020260155200958252e-02,5.898172035813331604e-03,1.542616169899702072e-02,3.257089480757713318e-02,-8.403173647820949554e-03,-1.667442731559276581e-02,4.815678671002388000e-02,1.715101599693298340e-01,2.876091599464416504e-01,1.205173969268798828e+00,2.150906948372721672e-03,1.322232559323310852e-02,-4.894644767045974731e-02,2.791122905910015106e-02,-1.699014455080032349e-01,-5.440708249807357788e-02,1.304267644882202148e+00,3.979924321174621582e-02,1.521118171513080597e-02,-7.260093092918395996e-02
-1.906161010265350342e-01,7.999289780855178833e-02,8.681405186653137207e-01,-1.689063943922519684e-02,-1.973091438412666321e-02,7.112269997596740723e-01,-7.024824619293212891e-01,6.356245279312133789e-02,-1.849040389060974121e-01,1.350265592336654663e-01,2.566764652729034424e-01,-1.590296477079391479e-01,-8.223346620798110962e-02,1.577806286513805389e-02,-5.029743909835815430e-02,-3.037525154650211334e-02,1.580793596804141998e-02,-1.220927224494516850e-03,1.714009605348110199e-02,2.995772100985050201e-02,-5.101892631500959396e-03,-1.668083854019641876e-02,5.305477604269981384e-02,1.680904775857925415e-01,2.864632308483123779e-01,1.212795972824096680e+00,4.423044156283140182e-03,2.064565382897853851e-02,-4.971315711736679077e-02,2.927444502711296082e-02,-1.681311726570129395e-01,-5.262487009167671204e-02,1.305640459060668945e+00,3.971119970083236694e-02,1.491659041494131088e-02,-7.090843468904495239e-02
-1.891841590404510498e-01,7.885071635246276855e-02,8.678123950958251953e-01,-1.535825897008180618e-02,-1.893424987792968750e-02,7.118888497352600098e-01,-7.018688917160034180e-01,5.448875203728675842e-02,-1.671664863824844360e-01,1.267254799604415894e-01,2.243096530437469482e-01,-1.176828667521476746e-01,-2.337851189076900482e-02,1.473911199718713760e-02,-4.933298379182815552e-02,-3.276205435395240784e-02,2.328113839030265808e-02,-8.795816451311111450e-03,1.824072748422622681e-02,2.657262794673442841e-02,-3.299409989267587662e-03,-1.640054397284984589e-02,5.791694298386573792e-02,1.636335104703903198e-01,2.857584357261657715e-01,1.221480965614318848e+00,4.837098065763711929e-03,2.933698333799839020e-02,-5.006917938590049744e-02,3.068893589079380035e-02,-1.659934222698211670e-01,-5.343942716717720032e-02,1.306121706962585449e+00,3.773851320147514343e-02,1.489734835922718048e-02,-6.997957080602645874e-02
-1.856430917978286743e-01,7.818473875522613525e-02,8.673620223999023438e-01,-1.359424926340579987e-02,-1.813549175858497620e-02,7.120169997215270996e-01,-7.017962932586669922e-01,4.767066985368728638e-02,-1.428828388452529907e-01,1.235650926828384399e-01,1.871396452188491821e-01,-9.948879480361938477e-02,-2.129043452441692352e-02,1.122289802879095078e-02,-5.214222893118858337e-02,-3.733091056346893311e-02,3.788659349083900452e-02,-1.933770067989826202e-02,1.893342286348342896e-02,2.153479121625423431e-02,-3.122166264802217484e-03,-1.661228388547897339e-02,6.268637627363204956e-02,1.567804515361785889e-01,2.798113524913787842e-01,1.235977768898010254e+00,2.726480364799499512e-03,4.244640097022056580e-02,-5.020368471741676331e-02,3.286413475871086121e-02,-1.638608574867248535e-01,-6.216379255056381226e-02,1.304366946220397949e+00,3.242120146751403809e-02,1.619450189173221588e-02,-6.970495730638504028e-02
-1.824300140142440796e-01,7.779766619205474854e-02,8.669699430465698242e-01,-1.231678109616041183e-02,-1.775646768510341644e-02,7.123233079910278320e-01,-7.015187144279479980e-01,4.328810423612594604e-02,-1.248249784111976624e-01,1.256028115749359131e-01,1.579892188310623169e-01,-8.298093080520629883e-02,-2.252766117453575134e-02,8.007138967514038086e-03,-5.880075320601463318e-02,-3.921036422252655029e-02,5.653477832674980164e-02,-3.035818040370941162e-02,1.908619143068790436e-02,1.802012510597705841e-02,-3.468089504167437553e-03,-1.618630625307559967e-02,6.404589861631393433e-02,1.504230946302413940e-01,2.727697193622589111e-01,1.249359369277954102e+00,1.321810530498623848e-03,5.393904075026512146e-02,-4.999735578894615173e-02,3.425782173871994019e-02,-1.639822870492935181e-01,-7.149842381477355957e-02,1.301163077354431152e+00,3.106896951794624329e-02,1.968625932931900024e-02,-7.022550702095031738e-02
-1.792713105678558350e-01,7.793651521205902100e-02,8.670407533645629883e-01,-1.118885539472103119e-02,-1.784869655966758728e-02,7.132307291030883789e-01,-7.006127238273620605e-01,4.003239050507545471e-02,-1.123790293931961060e-01,1.280181556940078735e-01,1.363434046506881714e-01,-6.684863567352294922e-02,-2.251621149480342865e-02,5.560604855418205261e-03,-7.188246399164199829e-02,-3.779380768537521362e-02,8.330700546503067017e-02,-3.983248397707939148e-02,1.947358623147010803e-02,1.373775769025087357e-02,-2.512474777176976204e-03,-1.510878093540668488e-02,6.253106892108917236e-02,1.437597274780273438e-01,2.651574313640594482e-01,1.264386177062988281e+00,-3.780036931857466698e-04,6.689349561929702759e-02,-5.201569572091102600e-02,3.372956439852714539e-02,-1.629649996757507324e-01,-8.283433318138122559e-02,1.298605799674987793e+00,3.012667223811149597e-02,2.371551655232906342e-02,-7.303709536790847778e-02
-1.759135425090789795e-01,7.863636314868927002e-02,8.679620027542114258e-01,-9.981505572795867920e-03,-1.882716454565525055e-02,7.160692811012268066e-01,-6.977038383483886719e-01,3.803918883204460144e-02,-1.046995371580123901e-01,1.291770488023757935e-01,1.194094344973564148e-01,-4.608389362692832947e-02,-1.716514490544795990e-02,3.605634672567248344e-03,-1.056635603308677673e-01,-3.480286151170730591e-02,1.442505866289138794e-01,-5.968556180596351624e-02,2.794703096151351929e-02,7.819405756890773773e-03,1.952466787770390511e-03,-1.498092897236347198e-02,6.061615794897079468e-02,1.363975852727890015e-01,2.557840645313262939e-01,1.284919857978820801e+00,-3.270353889092803001e-03,8.392921835184097290e-02,-5.320143699645996094e-02,3.234164044260978699e-02,-1.583575010299682617e-01,-1.004350259900093079e-01,1.298261523246765137e+00,3.279858827590942383e-02,2.003222703933715820e-02,-7.907421886920928955e-02
-1.747335642576217651e-01,7.964687794446945190e-02,8.687334656715393066e-01,-9.473429061472415924e-03,-2.024634182453155518e-02,7.188654541969299316e-01,-6.947897672653198242e-01,3.898267447948455811e-02,-1.012356206774711609e-01,1.303288340568542480e-01,1.080284714698791504e-01,-3.353234753012657166e-02,-1.339758653193712234e-02,2.039999235421419144e-03,-1.398484259843826294e-01,-3.008631989359855652e-02,2.055964320898056030e-01,-9.544362872838973999e-02,5.939939618110656738e-02,2.043431391939520836e-03,6.634342949837446213e-03,-1.579552702605724335e-02,6.163203716278076172e-02,1.366099715232849121e-01,2.485142201185226440e-01,1.295602321624755859e+00,-8.611866272985935211e-03,9.139136970043182373e-02,-5.213399231433868408e-02,3.051742538809776306e-02,-1.519282311201095581e-01,-1.131076887249946594e-01,1.300259470939636230e+00,3.751367330551147461e-02,1.316696219146251678e-02,-8.109492063522338867e-02
-1.748091131448745728e-01,8.071964234113693237e-02,8.691933751106262207e-01,-8.992935530841350555e-03,-2.168981172144412994e-02,7.221390008926391602e-01,-6.913493871688842773e-01,4.257121682167053223e-02,-9.722446650266647339e-02,1.387652456760406494e-01,9.723804891109466553e-02,-2.664558961987495422e-02,-1.389603596180677414e-02,-2.334504388272762299e-03,-1.739365756511688232e-01,-1.633752323687076569e-02,2.701916098594665527e-01,-1.462426036596298218e-01,1.276590526103973389e-01,-4.579234868288040161e-03,1.143428683280944824e-02,-1.604912057518959045e-02,6.643109768629074097e-02,1.436057984828948975e-01,2.442993372678756714e-01,1.297629952430725098e+00,-1.435262802988290787e-02,9.176323562860488892e-02,-5.017872527241706848e-02,2.826808765530586243e-02,-1.464954465627670288e-01,-1.188211068511009216e-01,1.301645398139953613e+00,3.902693092823028564e-02,1.227951887995004654e-02,-8.144342154264450073e-02
-1.755733937025070190e-01,8.181393146514892578e-02,8.696300387382507324e-01,-8.067834191024303436e-03,-2.288107760250568390e-02,7.259452342987060547e-01,-6.873244643211364746e-01,4.675856605172157288e-02,-8.833707869052886963e-02,1.514298766851425171e-01,7.963721454143524170e-02,-1.808662898838520050e-02,-1.376573555171489716e-02,-1.473406329751014709e-02,-2.094825208187103271e-01,1.068521756678819656e-02,3.430074453353881836e-01,-2.194488048553466797e-01,1.918941438198089600e-01,-1.195200812071561813e-02,1.494983211159706116e-02,-1.456642802804708481e-02,7.431890815496444702e-02,1.584765464067459106e-01,2.385209351778030396e-01,1.293729662895202637e+00,-2.362091466784477234e-02,8.209321647882461548e-02,-4.481236636638641357e-02,2.437572181224822998e-02,-1.454112231731414795e-01,-1.143034249544143677e-01,1.301533699035644531e+00,3.960983455181121826e-02,1.762817986309528351e-02,-8.122951537370681763e-02
-1.766013205051422119e-01,8.208199590444564819e-02,8.701964020729064941e-01,-6.697983480989933014e-03,-2.326585352420806885e-02,7.262803316116333008e-01,-6.869721412658691406e-01,5.004770681262016296e-02,-8.018127083778381348e-02,1.560980826616287231e-01,6.596957147121429443e-02,-9.530074894428253174e-03,-1.382292434573173523e-02,-3.403365239500999451e-02,-2.234866619110107422e-01,1.458478346467018127e-02,3.746178448200225830e-01,-2.452773600816726685e-01,1.873439997434616089e-01,-1.424171030521392822e-02,1.156742591410875320e-02,-1.217529829591512680e-02,7.505276799201965332e-02,1.665840148925781250e-01,2.319747209548950195e-01,1.295802474021911621e+00,-2.739147655665874481e-02,8.058124780654907227e-02,-4.565931484103202820e-02,2.197436615824699402e-02,-1.471897065639495850e-01,-1.109379008412361145e-01,1.301536560058593750e+00,4.041989892721176147e-02,1.823081076145172119e-02,-8.214390277862548828e-02
-1.778331547975540161e-01,8.157293498516082764e-02,8.707208037376403809e-01,-5.440490320324897766e-03,-2.315375767648220062e-02,7.245395183563232422e-01,-6.888227462768554688e-01,5.196169763803482056e-02,-7.037267833948135376e-02,1.553031802177429199e-01,5.010772496461868286e-02,1.169735798612236977e-03,-1.570402458310127258e-02,-6.705956161022186279e-02,-2.286128103733062744e-01,-8.475795388221740723e-03,3.884623944759368896e-01,-2.444194853305816650e-01,1.524270176887512207e-01,-1.534104067832231522e-02,5.484360270202159882e-03,-1.057341415435075760e-02,7.118985801935195923e-02,1.693296283483505249e-01,2.279437184333801270e-01,1.304652214050292969e+00,-2.445784024894237518e-02,8.783815801143646240e-02,-5.031956359744071960e-02,2.319205366075038910e-02,-1.487452983856201172e-01,-1.174987703561782837e-01,1.300983428955078125e+00,3.270105272531509399e-02,1.739155128598213196e-02,-8.463583141565322876e-02
-1.799262613058090210e-01,7.988731563091278076e-02,8.711976408958435059e-01,-4.739725962281227112e-03,-2.307855337858200073e-02,7.211073637008666992e-01,-6.924226284027099609e-01,5.359535664319992065e-02,-5.756931379437446594e-02,1.505377739667892456e-01,2.825164981186389923e-02,1.337058469653129578e-02,-1.933449693024158478e-02,-1.226179227232933044e-01,-2.225603908300399780e-01,-5.721168965101242065e-02,3.765846490859985352e-01,-2.006668150424957275e-01,7.257329672574996948e-02,-1.476027350872755051e-02,-2.434997441014274955e-04,-1.189607754349708557e-02,6.347406655550003052e-02,1.669795364141464233e-01,2.298408895730972290e-01,1.319897770881652832e+00,-2.066316455602645874e-02,1.045445129275321960e-01,-5.493901669979095459e-02,3.063339740037918091e-02,-1.529863625764846802e-01,-1.350558847188949585e-01,1.300123810768127441e+00,3.076522052288055420e-02,1.636666432023048401e-02,-8.776348829269409180e-02
-1.823234260082244873e-01,7.841378450393676758e-02,8.712825775146484375e-01,-4.984915722161531448e-03,-2.326077409088611603e-02,7.188475131988525391e-01,-6.947606205940246582e-01,5.560844019055366516e-02,-5.059662461280822754e-02,1.485966145992279053e-01,1.526032295078039169e-02,1.959808543324470520e-02,-2.243924885988235474e-02,-1.649046838283538818e-01,-2.133806794881820679e-01,-9.115757793188095093e-02,3.531146943569183350e-01,-1.476591378450393677e-01,1.448000222444534302e-02,-1.397065352648496628e-02,-1.805705600418150425e-03,-1.483063027262687683e-02,5.881104990839958191e-02,1.654945760965347290e-01,2.345580756664276123e-01,1.327398657798767090e+00,-3.470067679882049561e-02,1.146543994545936584e-01,-5.684883147478103638e-02,3.654157742857933044e-02,-1.576429605484008789e-01,-1.450945287942886353e-01,1.300749421119689941e+00,3.363351523876190186e-02,1.692840456962585449e-02,-8.874466270208358765e-02
-1.858893632888793945e-01,7.717060297727584839e-02,8.711192607879638672e-01,-5.713619291782379150e-03,-2.359146438539028168e-02,7.169688940048217773e-01,-6.966823935508728027e-01,5.924820527434349060e-02,-4.643807932734489441e-02,1.484309881925582886e-01,6.413658615201711655e-03,2.199229411780834198e-02,-2.603701129555702209e-02,-2.028032392263412476e-01,-2.002477645874023438e-01,-1.140234842896461487e-01,3.200460970401763916e-01,-1.025174036622047424e-01,-1.675692014396190643e-02,-1.330693997442722321e-02,-1.782139996066689491e-03,-1.807779259979724884e-02,5.752397701144218445e-02,1.675598621368408203e-01,2.409467399120330811e-01,1.327411532402038574e+00,-4.675461724400520325e-02,1.131056323647499084e-01,-5.900488048791885376e-02,3.983988985419273376e-02,-1.621100306510925293e-01,-1.480558067560195923e-01,1.304915666580200195e+00,3.618746623396873474e-02,1.115959417074918747e-02,-8.902303129434585571e-02
-1.928630918264389038e-01,7.550913840532302856e-02,8.706012368202209473e-01,-6.776554975658655167e-03,-2.380296960473060608e-02,7.151684761047363281e-01,-6.985138058662414551e-01,6.719607114791870117e-02,-4.206030070781707764e-02,1.489395648241043091e-01,-1.146756927482783794e-03,1.949611678719520569e-02,-3.216273337602615356e-02,-2.424686551094055176e-01,-1.773117780685424805e-01,-1.353644132614135742e-01,2.670607566833496094e-01,-5.921471118927001953e-02,-9.836803190410137177e-03,-1.342959888279438019e-02,6.125213985797017813e-05,-2.212831936776638031e-02,6.141039729118347168e-02,1.765141338109970093e-01,2.475413233041763306e-01,1.318192481994628906e+00,-4.840938746929168701e-02,1.035986989736557007e-01,-5.895654112100601196e-02,4.139949381351470947e-02,-1.636351794004440308e-01,-1.494897753000259399e-01,1.314383029937744141e+00,3.532268479466438293e-02,-2.862012945115566254e-03,-8.802493661642074585e-02
-1.994931548833847046e-01,7.389575988054275513e-02,8.700324296951293945e-01,-7.182833738625049591e-03,-2.327826060354709625e-02,7.146751284599304199e-01,-6.990321874618530273e-01,7.450361549854278564e-02,-3.555611148476600647e-02,1.499823331832885742e-01,-8.174388669431209564e-03,1.613905094563961029e-02,-3.463923558592796326e-02,-2.647269964218139648e-01,-1.580875664949417114e-01,-1.494202613830566406e-01,2.243652045726776123e-01,-1.583793386816978455e-02,5.888522136956453323e-03,-1.411668583750724792e-02,3.411694196984171867e-03,-2.338570728898048401e-02,6.472983956336975098e-02,1.848259419202804565e-01,2.498604357242584229e-01,1.311581850051879883e+00,-4.860275611281394958e-02,9.592778235673904419e-02,-5.802667513489723206e-02,4.052089154720306396e-02,-1.620627641677856445e-01,-1.500842571258544922e-01,1.322246909141540527e+00,3.825086727738380432e-02,-1.316598057746887207e-02,-8.859799057245254517e-02
-2.072513550519943237e-01,7.184753566980361938e-02,8.692215085029602051e-01,-7.656017318367958069e-03,-2.265356667339801788e-02,7.147451639175415039e-01,-6.989760994911193848e-01,8.309120684862136841e-02,-2.718732133507728577e-02,1.523515731096267700e-01,-1.727057993412017822e-02,1.470802444964647293e-02,-4.281060025095939636e-02,-2.810897529125213623e-01,-1.396580487489700317e-01,-1.594005227088928223e-01,1.814634650945663452e-01,4.353621229529380798e-02,2.017067745327949524e-02,-1.459406781941652298e-02,6.912737619131803513e-03,-2.476734481751918793e-02,6.660671532154083252e-02,1.912976354360580444e-01,2.526995241641998291e-01,1.309742808341979980e+00,-4.874104633927345276e-02,9.243616461753845215e-02,-6.115185469388961792e-02,3.869439661502838135e-02,-1.606164723634719849e-01,-1.493056118488311768e-01,1.327769517898559570e+00,4.156091809272766113e-02,-2.255726978182792664e-02,-8.698903769254684448e-02
-2.200380116701126099e-01,6.889084726572036743e-02,8.678420782089233398e-01,-8.449574932456016541e-03,-2.208330109715461731e-02,7.146792411804199219e-01,-6.990526318550109863e-01,9.934564679861068726e-02,-2.192678116261959076e-02,1.586644649505615234e-01,-1.739999838173389435e-02,6.203491240739822388e-03,-5.587014183402061462e-02,-2.920992672443389893e-01,-1.193189769983291626e-01,-1.615048050880432129e-01,1.348747014999389648e-01,1.144512742757797241e-01,3.148919716477394104e-02,-1.387019269168376923e-02,6.976081058382987976e-03,-2.806843444705009460e-02,6.988877803087234497e-02,1.977496892213821411e-01,2.616147994995117188e-01,1.312239289283752441e+00,-4.841034859418869019e-02,9.505159407854080200e-02,-6.348063796758651733e-02,3.574429452419281006e-02,-1.586444973945617676e-01,-1.473982483148574829e-01,1.330225825309753418e+00,4.256571829319000244e-02,-3.031255304813385010e-02,-8.366265892982482910e-02
-2.315806150436401367e-01,6.703940033912658691e-02,8.665681481361389160e-01,-9.130311198532581329e-03,-2.225939370691776276e-02,7.148227691650390625e-01,-6.988916993141174316e-01,1.152636483311653137e-01,-1.885213144123554230e-02,1.672301888465881348e-01,-1.740000024437904358e-02,-1.473102369345724583e-03,-6.771999597549438477e-02,-2.907965481281280518e-01,-1.115382686257362366e-01,-1.546514630317687988e-01,1.170308962464332581e-01,1.429055631160736084e-01,5.978409573435783386e-02,-1.229506172239780426e-02,5.598054267466068268e-03,-3.088179416954517365e-02,7.183567434549331665e-02,2.016358375549316406e-01,2.690041065216064453e-01,1.317171335220336914e+00,-5.003706738352775574e-02,1.020097061991691589e-01,-6.454171985387802124e-02,3.359858691692352295e-02,-1.569274514913558960e-01,-1.477221846580505371e-01,1.327098011970520020e+00,4.078261181712150574e-02,-2.985818311572074890e-02,-8.251331746578216553e-02
-2.448506057262420654e-01,6.537369638681411743e-02,8.649424314498901367e-01,-9.727273136377334595e-03,-2.271382510662078857e-02,7.156208753585815430e-01,-6.980517506599426270e-01,1.342821568250656128e-01,-1.571408659219741821e-02,1.798613071441650391e-01,-1.740000024437904358e-02,-7.665735669434070587e-03,-8.180824667215347290e-02,-2.792701721191406250e-01,-1.100202575325965881e-01,-1.417670100927352905e-01,1.135305389761924744e-01,1.461749076843261719e-01,1.249660328030586243e-01,-1.032422203570604324e-02,4.173143766820430756e-03,-3.358947858214378357e-02,7.471952587366104126e-02,2.054774165153503418e-01,2.785047590732574463e-01,1.322614669799804688e+00,-5.170486122369766235e-02,1.099017336964607239e-01,-6.596881896257400513e-02,3.182720765471458435e-02,-1.546817272901535034e-01,-1.474108994007110596e-01,1.320582151412963867e+00,3.870603442192077637e-02,-2.237678132951259613e-02,-8.377952873706817627e-02
-2.642598748207092285e-01,6.379483640193939209e-02,8.623558878898620605e-01,-1.046832185238599777e-02,-2.341510914266109467e-02,7.176939845085144043e-01,-6.958860754966735840e-01,1.624282300472259521e-01,-1.202513184398412704e-02,2.000031173229217529e-01,-1.740000024437904358e-02,-5.849948618561029434e-03,-1.024830490350723267e-01,-2.546040117740631104e-01,-1.112105697393417358e-01,-1.227412521839141846e-01,1.191004738211631775e-01,1.097064241766929626e-01,1.726706027984619141e-01,-5.758236162364482880e-03,1.479058293625712395e-03,-3.585948795080184937e-02,8.025164157152175903e-02,2.114041447639465332e-01,2.915184497833251953e-01,1.327364921569824219e+00,-5.553420260548591614e-02,1.148674562573432922e-01,-6.830325722694396973e-02,2.826782502233982086e-02,-1.520822048187255859e-01,-1.433945149183273315e-01,1.309406518936157227e+00,3.498894721269607544e-02,-7.757653482258319855e-03,-8.695827424526214600e-02
-2.806105911731719971e-01,6.306186318397521973e-02,8.603325486183166504e-01,-1.090242434293031693e-02,-2.409017272293567657e-02,7.190116643905639648e-01,-6.944948434829711914e-01,1.865979135036468506e-01,-1.028359867632389069e-02,2.155488431453704834e-01,-1.740000024437904358e-02,4.972989205271005630e-03,-1.211786791682243347e-01,-2.304036319255828857e-01,-1.123817563056945801e-01,-1.096585392951965332e-01,1.237589716911315918e-01,6.873146444559097290e-02,1.707335412502288818e-01,-1.181802690553013235e-05,-3.128460375592112541e-03,-3.613526001572608948e-02,8.435196429491043091e-02,2.148298174142837524e-01,3.039890229701995850e-01,1.327926993370056152e+00,-5.582364276051521301e-02,1.148113980889320374e-01,-6.923004984855651855e-02,2.476219646632671356e-02,-1.496068984270095825e-01,-1.409007608890533447e-01,1.300274848937988281e+00,3.047040477395057678e-02,3.735776524990797043e-03,-8.858127146959304810e-02
-2.981708943843841553e-01,6.273387372493743896e-02,8.585250973701477051e-01,-1.082191523164510727e-02,-2.443134412169456482e-02,7.202135920524597168e-01,-6.932376027107238770e-01,2.120580971240997314e-01,-8.277496322989463806e-03,2.319992780685424805e-01,-1.740000024437904358e-02,2.238079160451889038e-02,-1.390597522258758545e-01,-2.054600268602371216e-01,-1.129506453871726990e-01,-9.187848865985870361e-02,1.290763616561889648e-01,2.738656662404537201e-02,1.691862344741821289e-01,7.377973757684230804e-03,-7.226322777569293976e-03,-3.343688324093818665e-02,8.417489379644393921e-02,2.160581052303314209e-01,3.178160190582275391e-01,1.327475547790527344e+00,-5.149824544787406921e-02,1.145996972918510437e-01,-6.853602081537246704e-02,2.102904021739959717e-02,-1.462075412273406982e-01,-1.410518586635589600e-01,1.291749358177185059e+00,2.711089141666889191e-02,1.244411151856184006e-02,-9.133337438106536865e-02
-3.218695521354675293e-01,6.342375278472900391e-02,8.573486208915710449e-01,-1.090014632791280746e-02,-2.532799169421195984e-02,7.227623462677001953e-01,-6.905463337898254395e-01,2.482963800430297852e-01,-1.338963117450475693e-02,2.544946670532226562e-01,-5.930279381573200226e-03,5.200927704572677612e-02,-1.615399420261383057e-01,-1.712239980697631836e-01,-1.229681596159934998e-01,-7.663241773843765259e-02,1.452892422676086426e-01,-1.692405715584754944e-02,1.527527868747711182e-01,1.843279600143432617e-02,-5.591983906924724579e-03,-2.871712855994701385e-02,7.565161585807800293e-02,2.126955687999725342e-01,3.393439352512359619e-01,1.325948715209960938e+00,-3.884908556938171387e-02,1.185525208711624146e-01,-7.048564404249191284e-02,1.654209196567535400e-02,-1.413551867008209229e-01,-1.386613845825195312e-01,1.284563064575195312e+00,2.421694621443748474e-02,1.406378950923681259e-02,-9.444625675678253174e-02
-3.393296301364898682e-01,6.417061388492584229e-02,8.575955629348754883e-01,-1.156222447752952576e-02,-2.654816769063472748e-02,7.243761420249938965e-01,-6.887965798377990723e-01,2.770322859287261963e-01,-2.548665739595890045e-02,2.704875171184539795e-01,1.320235338062047958e-02,8.163761347532272339e-02,-1.789089739322662354e-01,-1.444206684827804565e-01,-1.348785609006881714e-01,-6.266845762729644775e-02,1.607755124568939209e-01,-3.751940280199050903e-02,1.331961601972579956e-01,2.602284029126167297e-02,-2.808128949254751205e-03,-2.687950991094112396e-02,6.720815598964691162e-02,2.071298360824584961e-01,3.600468933582305908e-01,1.322168469429016113e+00,-2.906922250986099243e-02,1.211857795715332031e-01,-7.665038108825683594e-02,1.454269513487815857e-02,-1.403511911630630493e-01,-1.282747089862823486e-01,1.283102989196777344e+00,2.454228512942790985e-02,1.713211648166179657e-02,-9.528171271085739136e-02
-3.568840026855468750e-01,6.501761078834533691e-02,8.586093187332153320e-01,-1.196721661835908890e-02,-2.884297445416450500e-02,7.240377068519592285e-01,-6.890531778335571289e-01,3.101772665977478027e-01,-4.538478329777717590e-02,2.890023887157440186e-01,4.023515060544013977e-02,1.188248395919799805e-01,-1.925466209650039673e-01,-1.143621429800987244e-01,-1.427433788776397705e-01,-4.616351798176765442e-02,1.677615791559219360e-01,-4.930880665779113770e-02,1.143081337213516235e-01,3.498351201415061951e-02,-7.198622450232505798e-03,-2.610881440341472626e-02,6.251300126314163208e-02,2.015423029661178589e-01,3.831027746200561523e-01,1.311946034431457520e+00,-3.598362207412719727e-02,1.135684847831726074e-01,-8.431228250265121460e-02,1.178103778511285782e-02,-1.437269747257232666e-01,-1.074977964162826538e-01,1.283434748649597168e+00,1.895125210285186768e-02,2.516903541982173920e-02,-8.876445889472961426e-02
-3.777255415916442871e-01,6.512958556413650513e-02,8.605610132217407227e-01,-1.198197063058614731e-02,-2.897301875054836273e-02,7.208935618400573730e-01,-6.923362016677856445e-01,3.447377681732177734e-01,-7.157457619905471802e-02,3.130452930927276611e-01,7.922714203596115112e-02,1.645756512880325317e-01,-2.043894827365875244e-01,-8.191122114658355713e-02,-1.368452608585357666e-01,-3.294970467686653137e-02,1.596764326095581055e-01,-5.140467733144760132e-02,8.747570961713790894e-02,4.250502586364746094e-02,-1.755226217210292816e-02,-2.131115458905696869e-02,5.963375419378280640e-02,1.972214728593826294e-01,3.977157771587371826e-01,1.292310833930969238e+00,-3.760458528995513916e-02,9.606944769620895386e-02,-8.653773367404937744e-02,9.820945560932159424e-03,-1.537491381168365479e-01,-7.663912326097488403e-02,1.283613681793212891e+00,1.975411362946033478e-02,3.030109032988548279e-02,-8.324725925922393799e-02
-3.924243152141571045e-01,6.512860208749771118e-02,8.619211912155151367e-01,-1.172927487641572952e-02,-2.844215556979179382e-02,7.173936367034912109e-01,-6.959884166717529297e-01,3.635660707950592041e-01,-9.243991225957870483e-02,3.323152363300323486e-01,1.131505072116851807e-01,1.762770265340805054e-01,-1.614740192890167236e-01,-6.000183895230293274e-02,-1.262586116790771484e-01,-2.737463451921939850e-02,1.452553719282150269e-01,-4.958408325910568237e-02,6.778156757354736328e-02,4.652147367596626282e-02,-2.548491023480892181e-02,-1.858819462358951569e-02,5.637345463037490845e-02,1.980741024017333984e-01,3.898240029811859131e-01,1.278161406517028809e+00,-3.617547452449798584e-02,8.460612595081329346e-02,-8.268839865922927856e-02,1.114237681031227112e-02,-1.607063859701156616e-01,-6.266479194164276123e-02,1.283494114875793457e+00,2.035823278129100800e-02,3.265422582626342773e-02,-8.210361003875732422e-02
-4.052668213844299316e-01,6.603031605482101440e-02,8.634666204452514648e-01,-1.198318134993314743e-02,-2.732048742473125458e-02,7.140028476715087891e-01,-6.995069384574890137e-01,3.719727694988250732e-01,-1.147171184420585632e-01,3.384325206279754639e-01,1.546708643436431885e-01,1.328946352005004883e-01,-8.304418623447418213e-02,-4.296154156327247620e-02,-1.166737079620361328e-01,-2.398958988487720490e-02,1.302549540996551514e-01,-4.408557713031768799e-02,5.169241130352020264e-02,4.880410805344581604e-02,-3.044896759092807770e-02,-1.588905043900012970e-02,5.083556100726127625e-02,1.985290497541427612e-01,3.780482411384582520e-01,1.263699173927307129e+00,-2.829018980264663696e-02,7.228083163499832153e-02,-8.353103697299957275e-02,1.350581739097833633e-02,-1.665706932544708252e-01,-5.850658565759658813e-02,1.283528089523315430e+00,2.414445392787456512e-02,3.310830891132354736e-02,-8.231762051582336426e-02
-4.189771115779876709e-01,6.739106774330139160e-02,8.654267787933349609e-01,-1.254727970808744431e-02,-2.490018866956233978e-02,7.108434438705444336e-01,-7.027974128723144531e-01,3.653802275657653809e-01,-1.434032917022705078e-01,3.322626650333404541e-01,2.122249007225036621e-01,6.355192512273788452e-02,-6.246161088347434998e-02,-2.689689584076404572e-02,-1.058280095458030701e-01,-1.708056032657623291e-02,1.134618073701858521e-01,-3.366186097264289856e-02,3.321649134159088135e-02,5.109658837318420410e-02,-3.225095942616462708e-02,-1.178378518670797348e-02,4.410482197999954224e-02,1.947277933359146118e-01,3.714522421360015869e-01,1.243454337120056152e+00,-1.903793215751647949e-02,5.734134837985038757e-02,-8.280824124813079834e-02,1.826866157352924347e-02,-1.744629144668579102e-01,-6.166849285364151001e-02,1.284465074539184570e+00,2.339322306215763092e-02,3.448228165507316589e-02,-8.370548486709594727e-02
-4.276697337627410889e-01,6.750993430614471436e-02,8.664375543594360352e-01,-1.264087483286857605e-02,-2.330937050282955170e-02,7.098188996315002441e-01,-7.038848996162414551e-01,3.526771962642669678e-01,-1.643835306167602539e-01,3.315291404724121094e-01,2.555713057518005371e-01,2.784228324890136719e-02,-6.551995873451232910e-02,-1.623685471713542938e-02,-9.706382453441619873e-02,-8.454211056232452393e-03,1.005976349115371704e-01,-2.513348124921321869e-02,2.307604067027568817e-02,5.354863032698631287e-02,-3.031236492097377777e-02,-1.006585359573364258e-02,4.214210435748100281e-02,1.907531768083572388e-01,3.707818090915679932e-01,1.227641463279724121e+00,-1.671666651964187622e-02,4.531284421682357788e-02,-7.838957011699676514e-02,2.287814393639564514e-02,-1.804497539997100830e-01,-6.321791559457778931e-02,1.287007570266723633e+00,2.429511770606040955e-02,3.357670083642005920e-02,-8.343893289566040039e-02
-4.352321028709411621e-01,6.749062985181808472e-02,8.671405911445617676e-01,-1.262049749493598938e-02,-2.211878076195716858e-02,7.102109193801879883e-01,-7.035282254219055176e-01,3.341346383094787598e-01,-1.805302053689956665e-01,3.242037594318389893e-01,2.909451425075531006e-01,-4.321695771068334579e-03,-7.782083004713058472e-02,-6.627217400819063187e-03,-8.907113969326019287e-02,7.867030799388885498e-04,8.804886043071746826e-02,-1.822908595204353333e-02,1.518833544105291367e-02,5.649791285395622253e-02,-2.585199102759361267e-02,-9.786315262317657471e-03,4.335653781890869141e-02,1.871811002492904663e-01,3.718214929103851318e-01,1.210110306739807129e+00,-1.655193604528903961e-02,2.862515486776828766e-02,-7.576588541269302368e-02,2.664247341454029083e-02,-1.862843930721282959e-01,-6.140166148543357849e-02,1.291354060173034668e+00,2.686553634703159332e-02,2.903961390256881714e-02,-8.070351183414459229e-02
-4.425764083862304688e-01,6.755086779594421387e-02,8.678444623947143555e-01,-1.254136022180318832e-02,-2.048836834728717804e-02,7.106440067291259766e-01,-7.031415700912475586e-01,2.983579933643341064e-01,-1.992895454168319702e-01,2.819442152976989746e-01,3.307032287120819092e-01,-5.444159731268882751e-02,-7.816300541162490845e-02,1.772506046108901501e-03,-7.845127582550048828e-02,5.765345878899097443e-03,7.192547619342803955e-02,-1.024133898317813873e-02,7.392370607703924179e-03,6.109616905450820923e-02,-2.316708303987979889e-02,-9.816804900765419006e-03,4.706544801592826843e-02,1.814158558845520020e-01,3.711982071399688721e-01,1.189160108566284180e+00,-1.465892698615789413e-02,1.395360752940177917e-02,-6.900814175605773926e-02,2.932458184659481049e-02,-1.937041133642196655e-01,-5.626451969146728516e-02,1.298572063446044922e+00,2.712840773165225983e-02,1.879447139799594879e-02,-7.562173157930374146e-02
-4.467351138591766357e-01,6.711295247077941895e-02,8.681120276451110840e-01,-1.274853199720382690e-02,-1.920574717223644257e-02,7.100642323493957520e-01,-7.037594914436340332e-01,2.668901979923248291e-01,-2.098551392555236816e-01,2.424408346414566040e-01,3.504247069358825684e-01,-8.132381737232208252e-02,-8.756747096776962280e-02,5.097545683383941650e-03,-6.995490938425064087e-02,2.892504213377833366e-03,6.024743989109992981e-02,-7.223261054605245590e-03,3.660556860268115997e-03,6.355029344558715820e-02,-2.377356216311454773e-02,-1.120734494179487228e-02,5.077274888753890991e-02,1.771786063909530640e-01,3.669083416461944580e-01,1.177957773208618164e+00,-1.462891697883605957e-02,6.221067160367965698e-03,-6.576544791460037231e-02,3.181587904691696167e-02,-1.968354135751724243e-01,-5.760917067527770996e-02,1.304063439369201660e+00,2.669396251440048218e-02,1.182222552597522736e-02,-7.445499300956726074e-02
-4.502927362918853760e-01,6.656207889318466187e-02,8.682280182838439941e-01,-1.354271546006202698e-02,-1.787091605365276337e-02,7.093992233276367188e-01,-7.044501304626464844e-01,2.363574653863906860e-01,-2.139676660299301147e-01,2.114891260862350464e-01,3.579041361808776855e-01,-1.140752807259559631e-01,-1.133777052164077759e-01,6.295123603194952011e-03,-6.135557964444160461e-02,-1.358463428914546967e-03,4.719987511634826660e-02,-4.625151865184307098e-03,6.887971539981663227e-04,6.370376050472259521e-02,-2.421312965452671051e-02,-1.389617659151554108e-02,5.365237593650817871e-02,1.733700782060623169e-01,3.592089414596557617e-01,1.171855211257934570e+00,-1.686248369514942169e-02,2.709724474698305130e-03,-6.246372684836387634e-02,3.439467772841453552e-02,-1.974824368953704834e-01,-6.186657398939132690e-02,1.309449672698974609e+00,2.590780146420001984e-02,4.424974787980318069e-03,-7.418921589851379395e-02
-4.543428122997283936e-01,6.582865118980407715e-02,8.682933449745178223e-01,-1.373052410781383514e-02,-1.716780476272106171e-02,7.098647952079772949e-01,-7.039948105812072754e-01,2.055558115243911743e-01,-2.095258831977844238e-01,1.822108775377273560e-01,3.499644696712493896e-01,-1.477432548999786377e-01,-1.157117486000061035e-01,1.056443341076374054e-02,-5.111836269497871399e-02,1.121793640777468681e-03,3.103955090045928955e-02,-1.366052776575088501e-03,-3.512805327773094177e-03,6.460860371589660645e-02,-2.412487193942070007e-02,-1.728610508143901825e-02,5.830503255128860474e-02,1.690111160278320312e-01,3.502774238586425781e-01,1.168822169303894043e+00,-1.749869808554649353e-02,-1.152130076661705971e-03,-5.991263687610626221e-02,3.600916266441345215e-02,-1.963186562061309814e-01,-6.338176131248474121e-02,1.316030621528625488e+00,2.756819874048233032e-02,-4.962843377143144608e-03,-7.312110811471939087e-02
-4.565984308719635010e-01,6.483031064271926880e-02,8.683795928955078125e-01,-1.337422896176576614e-02,-1.644440181553363800e-02,7.101424336433410645e-01,-7.037389278411865234e-01,1.858407258987426758e-01,-1.999308317899703979e-01,1.636603027582168579e-01,3.318639993667602539e-01,-1.544420868158340454e-01,-1.096948683261871338e-01,1.330101396888494492e-02,-4.269848018884658813e-02,3.910857252776622772e-03,2.018737420439720154e-02,2.272089011967182159e-03,-6.620076019316911697e-03,6.427918374538421631e-02,-2.491845749318599701e-02,-1.870742812752723694e-02,6.192234158515930176e-02,1.661531031131744385e-01,3.431164026260375977e-01,1.170078992843627930e+00,-1.728119514882564545e-02,-1.606257283128798008e-03,-5.834023281931877136e-02,3.648174181580543518e-02,-1.932976692914962769e-01,-6.166831776499748230e-02,1.321584224700927734e+00,2.941841632127761841e-02,-1.304670143872499466e-02,-7.321485131978988647e-02
-4.586181640625000000e-01,6.363350898027420044e-02,8.684445619583129883e-01,-1.311196107417345047e-02,-1.618593186140060425e-02,7.107075452804565430e-01,-7.031791210174560547e-01,1.706912219524383545e-01,-1.861140131950378418e-01,1.565654724836349487e-01,3.033339977264404297e-01,-1.528618335723876953e-01,-1.139374449849128723e-01,1.611501537263393402e-02,-3.703043609857559204e-02,5.183005239814519882e-03,1.337283942848443985e-02,3.782760119065642357e-03,-8.291915990412235260e-03,6.337594240903854370e-02,-2.471742033958435059e-02,-2.170605584979057312e-02,6.572380661964416504e-02,1.650687456130981445e-01,3.314409255981445312e-01,1.174100637435913086e+00,-1.832062378525733948e-02,2.824035473167896271e-04,-5.519814416766166687e-02,3.784893080592155457e-02,-1.880812793970108032e-01,-6.130586192011833191e-02,1.326705336570739746e+00,2.977612800896167755e-02,-2.114401012659072876e-02,-7.320629805326461792e-02
-4.604144096374511719e-01,6.208383291959762573e-02,8.683381080627441406e-01,-1.245450694113969803e-02,-1.610001176595687866e-02,7.122332453727722168e-01,-7.016476988792419434e-01,1.568306088447570801e-01,-1.624022126197814941e-01,1.619447320699691772e-01,2.566244304180145264e-01,-1.450105309486389160e-01,-1.170386597514152527e-01,1.946299895644187927e-02,-3.340711817145347595e-02,6.376302801072597504e-03,1.163363084197044373e-02,1.828785054385662079e-03,-9.709814563393592834e-03,6.172233819961547852e-02,-2.388094365596771240e-02,-2.483948506414890289e-02,7.144957780838012695e-02,1.647380143404006958e-01,3.156749010086059570e-01,1.179986476898193359e+00,-1.695585995912551880e-02,3.170110052451491356e-03,-5.005325376987457275e-02,3.918038308620452881e-02,-1.806051433086395264e-01,-6.137204915285110474e-02,1.330582380294799805e+00,3.018895350396633148e-02,-2.699824236333370209e-02,-7.110331207513809204e-02
-4.606606066226959229e-01,6.061657518148422241e-02,8.681157231330871582e-01,-1.135681569576263428e-02,-1.571303978562355042e-02,7.136154174804687500e-01,-7.002693414688110352e-01,1.486209183931350708e-01,-1.419405043125152588e-01,1.670869290828704834e-01,2.197748273611068726e-01,-1.229134798049926758e-01,-1.115914061665534973e-01,2.101160772144794464e-02,-3.240600600838661194e-02,6.773063912987709045e-03,1.689590141177177429e-02,-3.235588315874338150e-03,-1.066479645669460297e-02,6.033671647310256958e-02,-2.329364605247974396e-02,-2.547968924045562744e-02,7.581748813390731812e-02,1.640865951776504517e-01,3.052854537963867188e-01,1.184303760528564453e+00,-1.463956106454133987e-02,4.464188590645790100e-03,-4.642792418599128723e-02,4.010337963700294495e-02,-1.764075160026550293e-01,-6.056737154722213745e-02,1.330683350563049316e+00,3.191689774394035339e-02,-2.686379477381706238e-02,-6.876625120639801025e-02
-4.600984454154968262e-01,5.895994231104850769e-02,8.678787350654602051e-01,-1.005861070007085800e-02,-1.519436854869127274e-02,7.147837281227111816e-01,-6.991081237792968750e-01,1.421075016260147095e-01,-1.218096464872360229e-01,1.712038964033126831e-01,1.853635758161544800e-01,-9.017297625541687012e-02,-8.211210370063781738e-02,2.144263125956058502e-02,-3.160713240504264832e-02,7.091021630913019180e-03,2.412192337214946747e-02,-9.591486304998397827e-03,-1.077720895409584045e-02,5.857528746128082275e-02,-2.292500995099544525e-02,-2.570419386029243469e-02,7.844828069210052490e-02,1.621994078159332275e-01,2.953502535820007324e-01,1.190727710723876953e+00,-1.243707444518804550e-02,7.260623853653669357e-03,-4.471296444535255432e-02,4.094398766756057739e-02,-1.734974086284637451e-01,-6.000573560595512390e-02,1.328971624374389648e+00,3.301003947854042053e-02,-2.400165796279907227e-02,-6.666406244039535522e-02
-4.573369026184082031e-01,5.749794095754623413e-02,8.674659729003906250e-01,-8.845562115311622620e-03,-1.490498892962932587e-02,7.163109779357910156e-01,-6.975659132003784180e-01,1.343129724264144897e-01,-9.532368928194046021e-02,1.766381859779357910e-01,1.484045237302780151e-01,-9.312275052070617676e-02,-7.476010173559188843e-02,1.889728009700775146e-02,-3.163585811853408813e-02,5.982953123748302460e-03,3.179454430937767029e-02,-1.790531352162361145e-02,-8.164352737367153168e-03,5.678046494722366333e-02,-2.214439585804939270e-02,-2.777418121695518494e-02,7.941637188196182251e-02,1.556559205055236816e-01,2.823444604873657227e-01,1.203044891357421875e+00,-1.068560034036636353e-02,1.649079285562038422e-02,-4.531075060367584229e-02,4.218654707074165344e-02,-1.724696308374404907e-01,-6.012204289436340332e-02,1.325378417968750000e+00,3.282065689563751221e-02,-1.769837178289890289e-02,-6.546924263238906860e-02
-4.544608294963836670e-01,5.624825507402420044e-02,8.671797513961791992e-01,-7.928575389087200165e-03,-1.470523513853549957e-02,7.172163724899291992e-01,-6.966502070426940918e-01,1.288824081420898438e-01,-7.751005142927169800e-02,1.776583492755889893e-01,1.210975274443626404e-01,-8.091026544570922852e-02,-7.411324232816696167e-02,1.579795032739639282e-02,-3.049163892865180969e-02,2.642257371917366982e-03,3.546500578522682190e-02,-2.291798032820224762e-02,-5.017202347517013550e-03,5.540748685598373413e-02,-2.144699916243553162e-02,-2.897038310766220093e-02,7.760021835565567017e-02,1.479961872100830078e-01,2.742809653282165527e-01,1.215596675872802734e+00,-1.032162271440029144e-02,2.701487392187118530e-02,-4.824850708246231079e-02,4.256055876612663269e-02,-1.719139516353607178e-01,-6.237656995654106140e-02,1.322859644889831543e+00,3.239027410745620728e-02,-1.297371648252010345e-02,-6.608517467975616455e-02
-4.511580169200897217e-01,5.484975129365921021e-02,8.669904470443725586e-01,-6.319465581327676773e-03,-1.365876477211713791e-02,7.179367542266845703e-01,-6.959456205368041992e-01,1.225485876202583313e-01,-6.057859584689140320e-02,1.777618974447250366e-01,9.890507906675338745e-02,-6.836900860071182251e-02,-7.119468599557876587e-02,1.187864318490028381e-02,-2.673926204442977905e-02,-1.202064217068254948e-03,3.842427954077720642e-02,-2.623447217047214508e-02,-1.985532464459538460e-03,5.336779728531837463e-02,-1.965746842324733734e-02,-2.759439311921596527e-02,7.366744428873062134e-02,1.402512788772583008e-01,2.641537785530090332e-01,1.230306744575500488e+00,-1.203650049865245819e-02,3.816436603665351868e-02,-5.106552317738533020e-02,4.243506118655204773e-02,-1.704407930374145508e-01,-6.697955727577209473e-02,1.321076631546020508e+00,3.177959471940994263e-02,-9.964350610971450806e-03,-6.737903505563735962e-02
-4.465331137180328369e-01,5.303513258695602417e-02,8.670212030410766602e-01,-4.116145428270101547e-03,-1.189860794693231583e-02,7.188028693199157715e-01,-6.950998902320861816e-01,1.138155609369277954e-01,-4.281053319573402405e-02,1.708459556102752686e-01,7.929164916276931763e-02,-5.772645026445388794e-02,-6.707359850406646729e-02,6.035652942955493927e-03,-2.027227170765399933e-02,-4.743954632431268692e-03,4.003326222300529480e-02,-2.702547609806060791e-02,1.400930574163794518e-03,4.914981499314308167e-02,-1.525252312421798706e-02,-2.513162791728973389e-02,6.642674654722213745e-02,1.311336904764175415e-01,2.477758973836898804e-01,1.251524090766906738e+00,-1.531638298183679581e-02,5.341406539082527161e-02,-5.359774827957153320e-02,4.240075498819351196e-02,-1.658888310194015503e-01,-7.556726783514022827e-02,1.320749759674072266e+00,3.116929158568382263e-02,-9.301257319748401642e-03,-7.034689933061599731e-02
-4.430907964706420898e-01,5.186003446578979492e-02,8.671134710311889648e-01,-2.878602128475904465e-03,-1.091852597892284393e-02,7.195941805839538574e-01,-6.943030953407287598e-01,1.077754050493240356e-01,-3.297809138894081116e-02,1.651574969291687012e-01,6.894066184759140015e-02,-5.176401510834693909e-02,-6.366500258445739746e-02,1.650511170737445354e-03,-1.668629050254821777e-02,-4.846116527915000916e-03,4.086222499608993530e-02,-2.631311491131782532e-02,4.021060187369585037e-03,4.522105306386947632e-02,-1.050133910030126572e-02,-2.402562275528907776e-02,6.151929870247840881e-02,1.260762363672256470e-01,2.360450476408004761e-01,1.265158891677856445e+00,-1.712680794298648834e-02,6.379530578851699829e-02,-5.560960620641708374e-02,4.264175519347190857e-02,-1.620409190654754639e-01,-8.175558596849441528e-02,1.320663571357727051e+00,3.354082256555557251e-02,-1.012464147061109543e-02,-7.257892191410064697e-02
-4.397192895412445068e-01,5.080775171518325806e-02,8.671648502349853516e-01,-1.868407707661390305e-03,-1.014193519949913025e-02,7.202782630920410156e-01,-6.936085820198059082e-01,1.024259105324745178e-01,-2.596920169889926910e-02,1.614639908075332642e-01,6.258650869131088257e-02,-4.760892316699028015e-02,-6.089621037244796753e-02,-2.688769483938813210e-03,-1.514281425625085831e-02,-5.665514618158340454e-03,4.416941106319427490e-02,-2.622552216053009033e-02,7.228553295135498047e-03,4.107499122619628906e-02,-6.271296180784702301e-03,-2.288951165974140167e-02,5.902147293090820312e-02,1.235383599996566772e-01,2.268342971801757812e-01,1.273228883743286133e+00,-1.893800869584083557e-02,6.973233073949813843e-02,-5.575703456997871399e-02,4.246114194393157959e-02,-1.594356745481491089e-01,-8.511357754468917847e-02,1.319819808006286621e+00,3.637316077947616577e-02,-9.720026515424251556e-03,-7.265178114175796509e-02
-4.352757930755615234e-01,4.975447431206703186e-02,8.671631813049316406e-01,-1.008828054182231426e-03,-9.577963501214981079e-03,7.208393216133117676e-01,-6.930352449417114258e-01,9.556408971548080444e-02,-1.939280331134796143e-02,1.578755825757980347e-01,5.581570416688919067e-02,-4.484550654888153076e-02,-5.562241002917289734e-02,-8.356133475899696350e-03,-1.578926853835582733e-02,-9.511461481451988220e-03,5.042993649840354919e-02,-2.624533511698246002e-02,1.068509276956319809e-02,3.567105904221534729e-02,-1.429714495316147804e-03,-2.170074544847011566e-02,5.729051306843757629e-02,1.243508160114288330e-01,2.144671678543090820e-01,1.277297616004943848e+00,-2.108151279389858246e-02,7.037778943777084351e-02,-5.389089509844779968e-02,4.260332882404327393e-02,-1.586985737085342407e-01,-8.637339621782302856e-02,1.315852761268615723e+00,4.034163057804107666e-02,-5.016861017793416977e-03,-7.127064466476440430e-02
-4.319996833801269531e-01,4.896266385912895203e-02,8.671835660934448242e-01,-2.833590260706841946e-04,-9.067161008715629578e-03,7.211837768554687500e-01,-6.926844120025634766e-01,9.039243310689926147e-02,-1.365369651466608047e-02,1.564190834760665894e-01,4.968474060297012329e-02,-4.331083223223686218e-02,-5.115268006920814514e-02,-1.262263301759958267e-02,-1.550681702792644501e-02,-1.309206802397966385e-02,5.421630293130874634e-02,-2.625357359647750854e-02,1.369869802147150040e-02,3.190958499908447266e-02,2.406601328402757645e-03,-2.060765214264392853e-02,5.640223249793052673e-02,1.265275329351425171e-01,2.051179856061935425e-01,1.278300166130065918e+00,-1.980186253786087036e-02,6.798164546489715576e-02,-5.325100570917129517e-02,4.323596879839897156e-02,-1.600399017333984375e-01,-8.497722446918487549e-02,1.311702370643615723e+00,4.153666272759437561e-02,1.284685684368014336e-03,-7.054462283849716187e-02
-4.289366304874420166e-01,4.821040108799934387e-02,8.672714829444885254e-01,2.978000266011804342e-04,-8.638046681880950928e-03,7.213211655616760254e-01,-6.925468444824218750e-01,8.553446084260940552e-02,-8.466057479381561279e-03,1.550501137971878052e-01,4.385223984718322754e-02,-4.227686300873756409e-02,-4.723848029971122742e-02,-1.678954064846038818e-02,-1.448487397283315659e-02,-1.612338423728942871e-02,5.618218332529067993e-02,-2.622339501976966858e-02,1.726787909865379333e-02,2.813592366874217987e-02,4.894226323813199997e-03,-1.986002922058105469e-02,5.549081414937973022e-02,1.291192173957824707e-01,1.975760310888290405e-01,1.279746532440185547e+00,-1.966695860028266907e-02,6.752784550189971924e-02,-5.392489209771156311e-02,4.341059923171997070e-02,-1.612821817398071289e-01,-8.296875655651092529e-02,1.307579636573791504e+00,3.904356434941291809e-02,8.020531386137008667e-03,-6.995046883821487427e-02
-4.253515303134918213e-01,4.718083515763282776e-02,8.674494624137878418e-01,8.672624826431274414e-04,-8.417827077209949493e-03,7.213709950447082520e-01,-6.924971342086791992e-01,8.026590943336486816e-02,-2.317829057574272156e-03,1.529545187950134277e-01,3.632269799709320068e-02,-4.133613035082817078e-02,-4.366061463952064514e-02,-2.132265269756317139e-02,-1.271968241780996323e-02,-1.887908391654491425e-02,5.679108574986457825e-02,-2.575895190238952637e-02,2.109223790466785431e-02,2.371455170214176178e-02,7.487973198294639587e-03,-2.019141614437103271e-02,5.529611185193061829e-02,1.321925669908523560e-01,1.925128400325775146e-01,1.281939148902893066e+00,-1.637658663094043732e-02,6.724254041910171509e-02,-5.516390502452850342e-02,4.347995668649673462e-02,-1.612626165151596069e-01,-8.321479707956314087e-02,1.303133726119995117e+00,3.511648997664451599e-02,1.473233010619878769e-02,-6.958449631929397583e-02
-4.228996634483337402e-01,4.639511182904243469e-02,8.675833940505981445e-01,8.852693135850131512e-04,-8.512542583048343658e-03,7.212741971015930176e-01,-6.925967931747436523e-01,7.638138532638549805e-02,1.588801387697458267e-03,1.501793712377548218e-01,3.012455068528652191e-02,-4.005145654082298279e-02,-4.077218100428581238e-02,-2.462260611355304718e-02,-1.201498415321111679e-02,-2.090181224048137665e-02,5.688167735934257507e-02,-2.549245022237300873e-02,2.392632514238357544e-02,2.072028629481792450e-02,8.245542645454406738e-03,-2.143192663788795471e-02,5.543040856719017029e-02,1.337895840406417847e-01,1.925575882196426392e-01,1.284808397293090820e+00,-1.473259180784225464e-02,6.769657880067825317e-02,-5.623934417963027954e-02,4.286073148250579834e-02,-1.601438671350479126e-01,-8.506061136722564697e-02,1.300734043121337891e+00,3.231248632073402405e-02,1.822073198854923248e-02,-7.015717774629592896e-02
-4.207746982574462891e-01,4.566581547260284424e-02,8.676846027374267578e-01,9.797217790037393570e-04,-8.505784906446933746e-03,7.212231159210205078e-01,-6.926499605178833008e-01,7.274316251277923584e-02,6.247852463275194168e-03,1.470487415790557861e-01,2.269101142883300781e-02,-3.740885108709335327e-02,-3.772941976785659790e-02,-2.751217782497406006e-02,-1.060279458761215210e-02,-2.273479849100112915e-02,5.589156970381736755e-02,-2.455586194992065430e-02,2.628567256033420563e-02,1.799928396940231323e-02,8.718036115169525146e-03,-2.194825559854507446e-02,5.574658885598182678e-02,1.360248029232025146e-01,1.931520253419876099e-01,1.287651062011718750e+00,-1.512314006686210632e-02,6.867080181837081909e-02,-5.715203657746315002e-02,4.187414795160293579e-02,-1.580417007207870483e-01,-8.777679502964019775e-02,1.298887968063354492e+00,2.999876998364925385e-02,2.048459276556968689e-02,-7.105948776006698608e-02
-4.182223379611968994e-01,4.495039954781532288e-02,8.678678870201110840e-01,5.032139597460627556e-04,-9.018442593514919281e-03,7.208593487739562988e-01,-6.930224895477294922e-01,6.870330870151519775e-02,8.625456131994724274e-03,1.425100415945053101e-01,1.615712046623229980e-02,-3.414799645543098450e-02,-3.456585481762886047e-02,-3.102710470557212830e-02,-1.018955837935209274e-02,-2.594117633998394012e-02,5.396060273051261902e-02,-2.311717718839645386e-02,2.894065715372562408e-02,1.544892322272062302e-02,8.837748318910598755e-03,-2.359773777425289154e-02,5.463266372680664062e-02,1.380363404750823975e-01,1.926328390836715698e-01,1.293911457061767578e+00,-1.621728576719760895e-02,7.337547093629837036e-02,-5.899756029248237610e-02,4.094181954860687256e-02,-1.555166542530059814e-01,-9.190934896469116211e-02,1.297034144401550293e+00,2.889357320964336395e-02,2.185085415840148926e-02,-7.302130013704299927e-02
-4.165513217449188232e-01,4.450894892215728760e-02,8.679851293563842773e-01,7.026753155514597893e-05,-9.485195390880107880e-03,7.206382751464843750e-01,-6.932463645935058594e-01,6.618682295083999634e-02,9.447936899960041046e-03,1.399054676294326782e-01,1.266400516033172607e-02,-3.263132274150848389e-02,-3.271850198507308960e-02,-3.328596055507659912e-02,-1.046363264322280884e-02,-2.847127243876457214e-02,5.292682349681854248e-02,-2.204783819615840912e-02,3.069816157221794128e-02,1.401463244110345840e-02,9.103972464799880981e-03,-2.486606873571872711e-02,5.313294008374214172e-02,1.388847231864929199e-01,1.925530135631561279e-01,1.300131082534790039e+00,-1.711062155663967133e-02,7.824376225471496582e-02,-6.028915196657180786e-02,4.118543863296508789e-02,-1.543192416429519653e-01,-9.325411170721054077e-02,1.295647144317626953e+00,2.973154373466968536e-02,2.297355234622955322e-02,-7.440362125635147095e-02
-4.151615202426910400e-01,4.397163540124893188e-02,8.680672645568847656e-01,-1.804474886739626527e-04,-9.737735614180564880e-03,7.206355929374694824e-01,-6.932455897331237793e-01,6.400308012962341309e-02,1.062356401234865189e-02,1.390730887651443481e-01,1.000144798308610916e-02,-3.139316290616989136e-02,-3.103498369455337524e-02,-3.518492355942726135e-02,-1.000724919140338898e-02,-3.006592392921447754e-02,5.169285088777542114e-02,-2.103046886622905731e-02,3.205216675996780396e-02,1.293211150914430618e-02,9.851577691733837128e-03,-2.545714564621448517e-02,5.213006585836410522e-02,1.399420648813247681e-01,1.925930976867675781e-01,1.305903911590576172e+00,-1.898953691124916077e-02,8.324526250362396240e-02,-6.146424263715744019e-02,4.132375493645668030e-02,-1.532559692859649658e-01,-9.255827218294143677e-02,1.295178532600402832e+00,3.058683313429355621e-02,2.351033873856067657e-02,-7.545176893472671509e-02
-4.137562215328216553e-01,4.340834915637969971e-02,8.681516051292419434e-01,-6.623495137318968773e-04,-1.023812592029571533e-02,7.207449078559875488e-01,-6.931244730949401855e-01,6.190857663750648499e-02,1.101089175790548325e-02,1.391922980546951294e-01,7.740496192127466202e-03,-3.061194159090518951e-02,-2.945272065699100494e-02,-3.714247420430183411e-02,-1.004109252244234085e-02,-3.168695792555809021e-02,5.008541047573089600e-02,-2.008799090981483459e-02,3.402560949325561523e-02,1.209100708365440369e-02,1.076383888721466064e-02,-2.638463862240314484e-02,5.171461775898933411e-02,1.414271891117095947e-01,1.941557675600051880e-01,1.311833143234252930e+00,-2.184095606207847595e-02,8.897379785776138306e-02,-6.260728091001510620e-02,4.168729856610298157e-02,-1.521902978420257568e-01,-9.128527343273162842e-02,1.294917702674865723e+00,3.024683520197868347e-02,2.396364510059356689e-02,-7.609099894762039185e-02
-4.130998551845550537e-01,4.307740181684494019e-02,8.681946992874145508e-01,-9.401995339430868626e-04,-1.050573680549860001e-02,7.208662629127502441e-01,-6.929939389228820801e-01,6.088420376181602478e-02,1.129540242254734039e-02,1.386917233467102051e-01,6.547931581735610962e-03,-3.053829632699489594e-02,-2.869104780256748199e-02,-3.811144083738327026e-02,-9.833945892751216888e-03,-3.226826339960098267e-02,4.876995459198951721e-02,-1.929152384400367737e-02,3.487441688776016235e-02,1.150910183787345886e-02,1.122327987104654312e-02,-2.657957188785076141e-02,5.205541476607322693e-02,1.430147737264633179e-01,1.962009370326995850e-01,1.314410090446472168e+00,-2.438899315893650055e-02,9.166819602251052856e-02,-6.326437741518020630e-02,4.170893877744674683e-02,-1.507972925901412964e-01,-9.127940982580184937e-02,1.295202970504760742e+00,2.940839156508445740e-02,2.397150732576847076e-02,-7.635629177093505859e-02
-4.127368927001953125e-01,4.286075755953788757e-02,8.682180643081665039e-01,-1.296699279919266701e-03,-1.084935665130615234e-02,7.210009694099426270e-01,-6.928479075431823730e-01,6.027076020836830139e-02,1.111980248242616653e-02,1.378150582313537598e-01,5.519050639122724533e-03,-2.964911609888076782e-02,-2.793836034834384918e-02,-3.866615518927574158e-02,-1.012723892927169800e-02,-3.229738026857376099e-02,4.780368879437446594e-02,-1.890813559293746948e-02,3.554760292172431946e-02,1.110048685222864151e-02,1.153609063476324081e-02,-2.663940563797950745e-02,5.331053584814071655e-02,1.448879241943359375e-01,1.985038220882415771e-01,1.315127372741699219e+00,-2.650722675025463104e-02,9.339840710163116455e-02,-6.369995325803756714e-02,4.150502756237983704e-02,-1.493416428565979004e-01,-9.192354232072830200e-02,1.295660376548767090e+00,2.866404876112937927e-02,2.345364913344383240e-02,-7.653616368770599365e-02
-4.126026630401611328e-01,4.262406378984451294e-02,8.682184219360351562e-01,-1.740265986882150173e-03,-1.129781361669301987e-02,7.213036417961120605e-01,-6.925246715545654297e-01,5.988769605755805969e-02,1.143892109394073486e-02,1.371781677007675171e-01,3.237922443076968193e-03,-2.873673290014266968e-02,-2.701628766953945160e-02,-3.887372836470603943e-02,-1.045529544353485107e-02,-3.202123567461967468e-02,4.637092351913452148e-02,-1.855706050992012024e-02,3.589036688208580017e-02,1.089263800531625748e-02,1.137496717274188995e-02,-2.651207707822322845e-02,5.492752045392990112e-02,1.466218233108520508e-01,2.017852365970611572e-01,1.315911412239074707e+00,-2.766235731542110443e-02,9.516292810440063477e-02,-6.432513892650604248e-02,4.163864627480506897e-02,-1.476817727088928223e-01,-9.336204081773757935e-02,1.296041607856750488e+00,2.804560028016567230e-02,2.252096123993396759e-02,-7.725629955530166626e-02
-4.127789437770843506e-01,4.243049025535583496e-02,8.682172298431396484e-01,-2.181662479415535927e-03,-1.174280792474746704e-02,7.215286493301391602e-01,-6.922815442085266113e-01,5.998011305928230286e-02,1.162327174097299576e-02,1.373962908983230591e-01,1.156522426754236221e-03,-2.816404215991497040e-02,-2.687275782227516174e-02,-3.865593299269676208e-02,-1.094238366931676865e-02,-3.183076530694961548e-02,4.523628205060958862e-02,-1.840033009648323059e-02,3.607308119535446167e-02,1.059910561889410019e-02,1.103684678673744202e-02,-2.707014791667461395e-02,5.646831542253494263e-02,1.477879732847213745e-01,2.040191441774368286e-01,1.316329121589660645e+00,-2.795767970383167267e-02,9.540300816297531128e-02,-6.451772153377532959e-02,4.248655959963798523e-02,-1.467010527849197388e-01,-9.375935047864913940e-02,1.296148777008056641e+00,2.907662093639373779e-02,2.200167812407016754e-02,-7.830420881509780884e-02
-4.131189584732055664e-01,4.233472049236297607e-02,8.682072162628173828e-01,-2.623066771775484085e-03,-1.218075398355722427e-02,7.218534946441650391e-01,-6.919337511062622070e-01,6.032306700944900513e-02,1.167972944676876068e-02,1.382421106100082397e-01,-8.037817315198481083e-04,-2.709445357322692871e-02,-2.741185389459133148e-02,-3.821178153157234192e-02,-1.152927894145250320e-02,-3.142945095896720886e-02,4.397087171673774719e-02,-1.793882437050342560e-02,3.595223650336265564e-02,1.037090830504894257e-02,1.081844419240951538e-02,-2.710423618555068970e-02,5.767274647951126099e-02,1.482477933168411255e-01,2.065500468015670776e-01,1.316509246826171875e+00,-2.770858444273471832e-02,9.596588462591171265e-02,-6.437992304563522339e-02,4.279483854770660400e-02,-1.458961367607116699e-01,-9.421919286251068115e-02,1.296391129493713379e+00,2.922074683010578156e-02,2.142080478370189667e-02,-7.894154638051986694e-02
-4.137457609176635742e-01,4.231766611337661743e-02,8.682148456573486328e-01,-3.407775890082120895e-03,-1.292822696268558502e-02,7.221071720123291016e-01,-6.916519403457641602e-01,6.112321466207504272e-02,1.045578438788652420e-02,1.394544094800949097e-01,-2.401464851573109627e-03,-2.546505630016326904e-02,-2.820725180208683014e-02,-3.746925666928291321e-02,-1.233857497572898865e-02,-3.173309564590454102e-02,4.122653976082801819e-02,-1.705969125032424927e-02,3.578822687268257141e-02,1.054457668215036392e-02,9.922331199049949646e-03,-2.768317610025405884e-02,5.901496112346649170e-02,1.480015665292739868e-01,2.094318121671676636e-01,1.316349983215332031e+00,-2.707107365131378174e-02,9.755843132734298706e-02,-6.384554505348205566e-02,4.372638463973999023e-02,-1.455555409193038940e-01,-9.517858177423477173e-02,1.296804428100585938e+00,2.930211275815963745e-02,2.062860690057277679e-02,-7.909795641899108887e-02
-4.144547581672668457e-01,4.233226180076599121e-02,8.682035207748413086e-01,-3.984009381383657455e-03,-1.345103979110717773e-02,7.221913337707519531e-01,-6.915510296821594238e-01,6.205324828624725342e-02,9.355163201689720154e-03,1.399477869272232056e-01,-3.240109421312808990e-03,-2.437657304108142853e-02,-2.894972823560237885e-02,-3.653658926486968994e-02,-1.285577937960624695e-02,-3.146229684352874756e-02,3.926173597574234009e-02,-1.663279533386230469e-02,3.502251952886581421e-02,1.065341010689735413e-02,8.587487973272800446e-03,-2.794191241264343262e-02,5.982236191630363464e-02,1.473398059606552124e-01,2.126426547765731812e-01,1.316098690032958984e+00,-2.668173983693122864e-02,9.816607832908630371e-02,-6.383024156093597412e-02,4.438558593392372131e-02,-1.450564414262771606e-01,-9.629128128290176392e-02,1.297463178634643555e+00,2.887505292892456055e-02,1.990938186645507812e-02,-7.928517460823059082e-02
-4.153241217136383057e-01,4.239859431982040405e-02,8.681825399398803711e-01,-4.662558902055025101e-03,-1.408634427934885025e-02,7.224007844924926758e-01,-6.913154125213623047e-01,6.324294209480285645e-02,7.956465706229209900e-03,1.410553306341171265e-01,-4.049917683005332947e-03,-2.334100008010864258e-02,-2.993894368410110474e-02,-3.534968942403793335e-02,-1.381599903106689453e-02,-3.040540777146816254e-02,3.732196241617202759e-02,-1.604586467146873474e-02,3.402847051620483398e-02,1.082040555775165558e-02,7.892340421676635742e-03,-2.848326601088047028e-02,6.028263270854949951e-02,1.467673331499099731e-01,2.154346555471420288e-01,1.315242290496826172e+00,-2.694845199584960938e-02,9.768558293581008911e-02,-6.361196935176849365e-02,4.497235640883445740e-02,-1.444849669933319092e-01,-9.769240766763687134e-02,1.298397898674011230e+00,2.832665853202342987e-02,1.931484043598175049e-02,-7.922068238258361816e-02
-4.165609180927276611e-01,4.249911382794380188e-02,8.681816458702087402e-01,-5.277997814118862152e-03,-1.469928491860628128e-02,7.227926850318908691e-01,-6.908884048461914062e-01,6.494809687137603760e-02,7.345136720687150955e-03,1.424856185913085938e-01,-6.117887329310178757e-03,-2.111044526100158691e-02,-3.183955326676368713e-02,-3.361571952700614929e-02,-1.494503114372491837e-02,-2.928035706281661987e-02,3.566997125744819641e-02,-1.521303970366716385e-02,3.281392529606819153e-02,1.184758171439170837e-02,7.602695841342210770e-03,-2.837390080094337463e-02,5.983548983931541443e-02,1.455267965793609619e-01,2.177030593156814575e-01,1.314058303833007812e+00,-2.689480781555175781e-02,9.617122262716293335e-02,-6.332109123468399048e-02,4.606051370501518250e-02,-1.448918730020523071e-01,-9.808235615491867065e-02,1.299712777137756348e+00,3.039137646555900574e-02,1.719123311340808868e-02,-7.957194745540618896e-02
