-1.172098517417907715e+00,4.237642139196395874e-02,8.678467273712158203e-01,-2.230126876384019852e-03,1.442953851073980331e-02,-8.349610143341124058e-04,9.998930692672729492e-01,1.442674547433853149e-02,1.309140864759683609e-02,7.710635662078857422e-03,1.123945112340152264e-03,-3.845608234405517578e-02,-7.982215844094753265e-03,-3.361300006508827209e-02,1.117190718650817871e-02,-1.589083112776279449e-02,2.960177953355014324e-04,-3.538688644766807556e-02,3.300333768129348755e-02,1.392591465264558792e-02,-8.169150911271572113e-03,-2.885568886995315552e-02,1.312316744588315487e-03,1.325361430644989014e-01,8.803864941000938416e-03,1.338451743125915527e+00,3.534550778567790985e-03,5.440902430564165115e-03,7.485679816454648972e-03,5.598396528512239456e-03,-1.342468261718750000e-01,-1.166699733585119247e-02,1.336334228515625000e+00,-4.405004903674125671e-03,-5.458986852318048477e-03,1.541165728121995926e-02
-1.172175765037536621e+00,4.235545918345451355e-02,8.678461909294128418e-01,-2.243939554318785667e-03,1.449122466146945953e-02,-7.448584074154496193e-04,9.998921751976013184e-01,1.451319549232721329e-02,1.293964684009552002e-02,7.709023542702198029e-03,9.301140089519321918e-04,-3.826991841197013855e-02,-8.179984055459499359e-03,-3.355248272418975830e-02,1.123882364481687546e-02,-1.599469408392906189e-02,-2.376050397288054228e-04,-3.491278365254402161e-02,3.299964964389801025e-02,1.398990117013454437e-02,-8.390527218580245972e-03,-2.873686514794826508e-02,1.515915617346763611e-03,1.329589784145355225e-01,8.072108030319213867e-03,1.337881922721862793e+00,1.908501260913908482e-03,5.477355327457189560e-03,9.188284166157245636e-03,5.743865855038166046e-03,-1.347343623638153076e-01,-1.154808141291141510e-02,1.335883259773254395e+00,-4.432676825672388077e-03,-4.662046674638986588e-03,1.563364826142787933e-02
-1.172255158424377441e+00,4.235796630382537842e-02,8.678566217422485352e-01,-2.255432773381471634e-03,1.462686900049448013e-02,-7.251480710692703724e-04,9.998902082443237305e-01,1.450141891837120056e-02,1.271068025380373001e-02,7.729348260909318924e-03,6.143202772364020348e-04,-3.794759139418601990e-02,-7.959470152854919434e-03,-3.352322801947593689e-02,1.088890619575977325e-02,-1.598153449594974518e-02,-3.273637266829609871e-04,-3.463164716958999634e-02,3.291539102792739868e-02,1.397083979099988937e-02,-8.271927013993263245e-03,-2.864935249090194702e-02,1.553961192257702351e-03,1.329828649759292603e-01,7.425652816891670227e-03,1.337662696838378906e+00,1.489764428697526455e-03,5.923409946262836456e-03,1.054355874657630920e-02,5.804923828691244125e-03,-1.353210955858230591e-01,-1.161737740039825439e-02,1.335656762123107910e+00,-4.515940323472023010e-03,-4.019152838736772537e-03,1.539420615881681442e-02
-1.172310590744018555e+00,4.230372235178947449e-02,8.678777813911437988e-01,-2.318568294867873192e-03,1.477119605988264084e-02,-5.732642021030187607e-04,9.998880624771118164e-01,1.471378374844789505e-02,1.242123451083898544e-02,7.469890173524618149e-03,3.662034869194030762e-04,-3.759888559579849243e-02,-8.103217929601669312e-03,-3.330227360129356384e-02,1.050967629998922348e-02,-1.611824706196784973e-02,-3.152368881274014711e-04,-3.424290940165519714e-02,3.298478946089744568e-02,1.379125379025936127e-02,-8.278475143015384674e-03,-2.836372517049312592e-02,1.797596924006938934e-03,1.331329345703125000e-01,7.455300074070692062e-03,1.337356567382812500e+00,1.965308096259832382e-03,6.008919328451156616e-03,1.041737105697393417e-02,5.782597232609987259e-03,-1.360261440277099609e-01,-1.163623668253421783e-02,1.335712552070617676e+00,-4.215362481772899628e-03,-3.383114701136946678e-03,1.468613091856241226e-02
-1.172342538833618164e+00,4.224925115704536438e-02,8.678964376449584961e-01,-2.332229400053620338e-03,1.482832711189985275e-02,-4.701566067524254322e-04,9.998872280120849609e-01,1.482143346220254898e-02,1.225297525525093079e-02,7.370154373347759247e-03,2.844721893779933453e-04,-3.727659583091735840e-02,-8.090528659522533417e-03,-3.318838030099868774e-02,1.020973548293113708e-02,-1.629798673093318939e-02,-7.768657815176993608e-05,-3.395889326930046082e-02,3.282640501856803894e-02,1.345060952007770538e-02,-8.163963444530963898e-03,-2.801699191331863403e-02,1.871902844868600368e-03,1.334821283817291260e-01,7.538779173046350479e-03,1.336950302124023438e+00,1.881203730590641499e-03,5.916370078921318054e-03,1.063320785760879517e-02,5.524113774299621582e-03,-1.368280947208404541e-01,-1.038607023656368256e-02,1.335980057716369629e+00,-2.857325598597526550e-03,-3.128211712464690208e-03,1.454958226531744003e-02
-1.172347187995910645e+00,4.217316210269927979e-02,8.679177165031433105e-01,-2.385814208537340164e-03,1.490978430956602097e-02,-5.039620446041226387e-04,9.998858571052551270e-01,1.503230165690183640e-02,1.205754186958074570e-02,7.546576205641031265e-03,2.503680880181491375e-04,-3.688786178827285767e-02,-8.082220330834388733e-03,-3.295852988958358765e-02,9.777636267244815826e-03,-1.627426221966743469e-02,2.982446167152374983e-04,-3.356873244047164917e-02,3.269907832145690918e-02,1.312203519046306610e-02,-7.746607996523380280e-03,-2.779682539403438568e-02,1.796969096176326275e-03,1.340941190719604492e-01,6.889173761010169983e-03,1.336699724197387695e+00,1.646158518269658089e-03,5.459711421281099319e-03,1.089278515428304672e-02,5.276132840663194656e-03,-1.375803053379058838e-01,-9.573075920343399048e-03,1.336171388626098633e+00,-2.509306883439421654e-03,-3.183282678946852684e-03,1.493211463093757629e-02
-1.172323107719421387e+00,4.204576462507247925e-02,8.679372072219848633e-01,-2.467771060764789581e-03,1.493362803012132645e-02,-5.742200301028788090e-04,9.998852610588073730e-01,1.538556162267923355e-02,1.204158458858728409e-02,7.632795255631208420e-03,2.241999172838404775e-04,-3.659139201045036316e-02,-8.066592738032341003e-03,-3.259449824690818787e-02,9.559973143041133881e-03,-1.609292067587375641e-02,5.592103698290884495e-04,-3.346432372927665710e-02,3.281530365347862244e-02,1.252224855124950409e-02,-7.056661415845155716e-03,-2.736889012157917023e-02,1.635046908631920815e-03,1.348773688077926636e-01,6.906240247189998627e-03,1.336550951004028320e+00,2.315880265086889267e-03,4.849609918892383575e-03,1.123870071023702621e-02,5.166803020983934402e-03,-1.383699476718902588e-01,-9.454642422497272491e-03,1.336005687713623047e+00,-2.949916757643222809e-03,-3.707903670147061348e-03,1.537235174328088760e-02
-1.172300457954406738e+00,4.196681827306747437e-02,8.679493069648742676e-01,-2.460736548528075218e-03,1.496026664972305298e-02,-6.505580968223512173e-04,9.998848438262939453e-01,1.547310128808021545e-02,1.200649887323379517e-02,7.653230801224708557e-03,2.367759443586692214e-04,-3.648845478892326355e-02,-8.157200179994106293e-03,-3.250287845730781555e-02,9.430246427655220032e-03,-1.598233915865421295e-02,7.068666745908558369e-04,-3.352115303277969360e-02,3.265602886676788330e-02,1.193634327501058578e-02,-6.535504944622516632e-03,-2.705081738531589508e-02,1.527227344922721386e-03,1.354186832904815674e-01,7.515989709645509720e-03,1.336447477340698242e+00,2.393211936578154564e-03,4.617479629814624786e-03,1.139910984784364700e-02,5.052117165178060532e-03,-1.389332711696624756e-01,-9.704465046525001526e-03,1.335726737976074219e+00,-3.428187454119324684e-03,-4.188702907413244247e-03,1.496498566120862961e-02
-1.172290921211242676e+00,4.187121987342834473e-02,8.679470419883728027e-01,-2.494934480637311935e-03,1.505436096340417862e-02,-7.091131992638111115e-04,9.998832941055297852e-01,1.568687334656715393e-02,1.189567707479000092e-02,7.851702161133289337e-03,1.794035488273948431e-04,-3.661279380321502686e-02,-8.257995359599590302e-03,-3.229641169309616089e-02,9.184080176055431366e-03,-1.590682007372379303e-02,7.889558328315615654e-04,-3.346232697367668152e-02,3.259067982435226440e-02,1.143202651292085648e-02,-6.167039740830659866e-03,-2.679978311061859131e-02,1.379948575049638748e-03,1.359409540891647339e-01,7.879505865275859833e-03,1.336450815200805664e+00,2.040570601820945740e-03,4.450949374586343765e-03,1.140436064451932907e-02,4.857422318309545517e-03,-1.393918991088867188e-01,-1.049668807536363602e-02,1.335329651832580566e+00,-4.198438487946987152e-03,-3.607515012845396996e-03,1.457547768950462341e-02
-1.172261357307434082e+00,4.171565547585487366e-02,8.679465055465698242e-01,-2.544536720961332321e-03,1.521417312324047089e-02,-7.482953951694071293e-04,9.998807311058044434e-01,1.600475236773490906e-02,1.173722650855779648e-02,8.131696842610836029e-03,-3.218543861294165254e-05,-3.668043017387390137e-02,-8.394884876906871796e-03,-3.198955580592155457e-02,9.124380536377429962e-03,-1.578943803906440735e-02,3.507343353703618050e-04,-3.347446769475936890e-02,3.260638937354087830e-02,1.066160295158624649e-02,-5.815486889332532883e-03,-2.656516991555690765e-02,1.372887170873582363e-03,1.369003355503082275e-01,7.711820304393768311e-03,1.336392641067504883e+00,1.698319334536790848e-03,3.971059806644916534e-03,1.157029997557401657e-02,4.645411856472492218e-03,-1.398679316043853760e-01,-1.071553677320480347e-02,1.335100054740905762e+00,-3.881646785885095596e-03,-2.790830098092556000e-03,1.419444382190704346e-02
-1.172250866889953613e+00,4.159359261393547058e-02,8.679539561271667480e-01,-2.584217349067330360e-03,1.533649861812591553e-02,-7.655026856809854507e-04,9.998787641525268555e-01,1.626322232186794281e-02,1.157694961875677109e-02,8.279935456812381744e-03,-1.820598990889266133e-04,-3.644498065114021301e-02,-8.552122861146926880e-03,-3.174375370144844055e-02,9.060412645339965820e-03,-1.565269380807876587e-02,3.694870429171714932e-06,-3.321719914674758911e-02,3.246449679136276245e-02,1.009611133486032486e-02,-5.664313212037086487e-03,-2.631950378417968750e-02,1.316498848609626293e-03,1.374133676290512085e-01,7.616535760462284088e-03,1.336438059806823730e+00,1.881678821519017220e-03,3.840345656499266624e-03,1.183348707854747772e-02,4.454278387129306793e-03,-1.401504427194595337e-01,-1.072091143578290939e-02,1.335034251213073730e+00,-3.692464902997016907e-03,-2.814908977597951889e-03,1.391438860446214676e-02
-1.172263503074645996e+00,4.147111251950263977e-02,8.679725527763366699e-01,-2.678286749869585037e-03,1.549724582582712173e-02,-7.693415973335504532e-04,9.998760223388671875e-01,1.667234115302562714e-02,1.123222708702087402e-02,8.423799648880958557e-03,-1.306739432038739324e-04,-3.666309639811515808e-02,-8.475238457322120667e-03,-3.135368973016738892e-02,8.847907185554504395e-03,-1.550026144832372665e-02,-2.910346374846994877e-04,-3.300115838646888733e-02,3.259433805942535400e-02,9.771396405994892120e-03,-5.643778014928102493e-03,-2.606077678501605988e-02,1.242173253558576107e-03,1.377383023500442505e-01,7.942760363221168518e-03,1.336365818977355957e+00,2.311563817784190178e-03,3.602436976507306099e-03,1.226125564426183701e-02,4.416850861161947250e-03,-1.404148340225219727e-01,-1.094383094459772110e-02,1.334857821464538574e+00,-3.526435466483235359e-03,-3.051634645089507103e-03,1.376218721270561218e-02
-1.172308325767517090e+00,4.133152961730957031e-02,8.679875731468200684e-01,-2.815845189616084099e-03,1.575774513185024261e-02,-8.645385387353599072e-04,9.998714923858642578e-01,1.718422584235668182e-02,1.084870845079421997e-02,8.619695901870727539e-03,-4.550553858280181885e-04,-3.650379925966262817e-02,-8.852915838360786438e-03,-3.086641244590282440e-02,8.309444412589073181e-03,-1.515175402164459229e-02,-4.750518128275871277e-04,-3.268182277679443359e-02,3.253480046987533569e-02,9.311596862971782684e-03,-5.280991084873676300e-03,-2.549680322408676147e-02,1.335524837486445904e-03,1.381745338439941406e-01,8.612765930593013763e-03,1.335668683052062988e+00,2.716409508138895035e-03,3.082948969677090645e-03,1.249725464731454849e-02,4.796955734491348267e-03,-1.408846825361251831e-01,-1.163574028760194778e-02,1.334114670753479004e+00,-3.322490258142352104e-03,-2.692722948268055916e-03,1.370284054428339005e-02
-1.172378420829772949e+00,4.120646789669990540e-02,8.680087327957153320e-01,-2.855130238458514214e-03,1.603206247091293335e-02,-9.615643648430705070e-04,9.998669624328613281e-01,1.744859665632247925e-02,1.039068493992090225e-02,8.938998915255069733e-03,-7.737814448773860931e-04,-3.604041785001754761e-02,-8.889295160770416260e-03,-3.061224520206451416e-02,7.630633655935525894e-03,-1.492478419095277786e-02,-4.746836784761399031e-04,-3.250735625624656677e-02,3.249664604663848877e-02,8.726755157113075256e-03,-4.698021803051233292e-03,-2.497888542711734772e-02,1.088230055756866932e-03,1.385445445775985718e-01,8.481305092573165894e-03,1.335253953933715820e+00,2.536552725359797478e-03,2.775885164737701416e-03,1.256945542991161346e-02,5.114906467497348785e-03,-1.409848630428314209e-01,-1.215285621583461761e-02,1.333624958992004395e+00,-3.524776548147201538e-03,-2.320230007171630859e-03,1.356986537575721741e-02
-1.172412276268005371e+00,4.104303568601608276e-02,8.680262565612792969e-01,-2.944869687780737877e-03,1.627752184867858887e-02,-1.076830085366964340e-03,9.998626112937927246e-01,1.787714660167694092e-02,1.002448331564664841e-02,9.278754703700542450e-03,-1.046563265845179558e-03,-3.584401682019233704e-02,-9.229408577084541321e-03,-3.020051121711730957e-02,7.153626997023820877e-03,-1.459655258804559708e-02,-6.832944345660507679e-04,-3.228118643164634705e-02,3.238217532634735107e-02,8.209757506847381592e-03,-4.275254439562559128e-03,-2.452228963375091553e-02,9.504233603365719318e-04,1.389734596014022827e-01,8.149681612849235535e-03,1.335042595863342285e+00,2.836866071447730064e-03,1.941755763255059719e-03,1.172669790685176849e-02,5.511312745511531830e-03,-1.408459842205047607e-01,-1.216107141226530075e-02,1.333442687988281250e+00,-3.735997946932911873e-03,-2.139774616807699203e-03,1.350938063114881516e-02
-1.172558546066284180e+00,4.085163399577140808e-02,8.680440783500671387e-01,-3.046212485060095787e-03,1.665305159986019135e-02,-1.249263877980411053e-03,9.998559355735778809e-01,1.837585680186748505e-02,9.260000661015510559e-03,9.674652479588985443e-03,-1.237187883816659451e-03,-3.572298958897590637e-02,-9.572727605700492859e-03,-2.974463067948818207e-02,6.219265982508659363e-03,-1.408242061734199524e-02,-7.750762160867452621e-04,-3.196805715560913086e-02,3.206993639469146729e-02,7.579231169074773788e-03,-3.706625197082757950e-03,-2.358071692287921906e-02,4.960381193086504936e-04,1.393032521009445190e-01,8.138245902955532074e-03,1.335105299949645996e+00,3.738779574632644653e-03,2.051406074315309525e-03,9.977148845791816711e-03,5.868095438927412033e-03,-1.408492773771286011e-01,-1.276487298309803009e-02,1.332977533340454102e+00,-4.234886262565851212e-03,-1.128894160501658916e-03,1.380560733377933502e-02
-1.172809600830078125e+00,4.069270193576812744e-02,8.680437207221984863e-01,-3.047477453947067261e-03,1.696518436074256897e-02,-1.441600499674677849e-03,9.998503923416137695e-01,1.862001791596412659e-02,8.458847180008888245e-03,9.953381493687629700e-03,-1.334961154498159885e-03,-3.550193086266517639e-02,-1.006225869059562683e-02,-2.956069260835647583e-02,5.179408937692642212e-03,-1.366085931658744812e-02,-6.124812643975019455e-04,-3.192008286714553833e-02,3.184070438146591187e-02,6.767064798623323441e-03,-3.009405219927430153e-03,-2.235280163586139679e-02,-3.764365392271429300e-04,1.395965218544006348e-01,8.385588414967060089e-03,1.335169076919555664e+00,3.280046628788113594e-03,3.736155806109309196e-03,1.068062800914049149e-02,5.635289475321769714e-03,-1.407093852758407593e-01,-1.393016241490840912e-02,1.332304596900939941e+00,-4.788613412529230118e-03,-1.492103911004960537e-05,1.407784502953290939e-02
-1.173050999641418457e+00,4.050322249531745911e-02,8.680576682090759277e-01,-3.088511759415268898e-03,1.734467223286628723e-02,-1.702437875792384148e-03,9.998433589935302734e-01,1.900624856352806091e-02,7.598083466291427612e-03,1.057101786136627197e-02,-1.575634698383510113e-03,-3.500164672732353210e-02,-1.057920232415199280e-02,-2.925500459969043732e-02,4.088819958269596100e-03,-1.313347276300191879e-02,-6.667223060503602028e-04,-3.172510489821434021e-02,3.176270425319671631e-02,6.122455932199954987e-03,-2.584036439657211304e-03,-2.121936529874801636e-02,-9.282299433834850788e-04,1.399914026260375977e-01,8.536137640476226807e-03,1.335239768028259277e+00,2.357976045459508896e-03,4.854733124375343323e-03,1.068513281643390656e-02,5.574549548327922821e-03,-1.407559663057327271e-01,-1.502738706767559052e-02,1.331396222114562988e+00,-5.151476245373487473e-03,1.195149961858987808e-03,1.377523411065340042e-02
-1.173467516899108887e+00,4.037085175514221191e-02,8.681014776229858398e-01,-3.144581336528062820e-03,1.811023242771625519e-02,-2.078875200822949409e-03,9.998288750648498535e-01,1.935415156185626984e-02,6.015233229845762253e-03,1.121798530220985413e-02,-2.333826152607798576e-03,-3.403549641370773315e-02,-1.080886181443929672e-02,-2.900258079171180725e-02,2.165319630876183510e-03,-1.248713396489620209e-02,-1.096559106372296810e-03,-3.105446323752403259e-02,3.207096830010414124e-02,6.203969474881887436e-03,-2.498057205229997635e-03,-1.958751492202281952e-02,-1.324900193139910698e-03,1.396812796592712402e-01,9.201944805681705475e-03,1.334912300109863281e+00,1.737694023177027702e-03,5.130419973284006119e-03,9.503410197794437408e-03,5.605807062238454819e-03,-1.416362524032592773e-01,-1.797491684556007385e-02,1.329825043678283691e+00,-7.136384490877389908e-03,2.842679154127836227e-03,1.339817605912685394e-02
-1.173871278762817383e+00,4.021711274981498718e-02,8.681370615959167480e-01,-3.402187721803784370e-03,1.891025900840759277e-02,-2.282419707626104355e-03,9.998127818107604980e-01,2.029107324779033661e-02,4.499067552387714386e-03,1.187480427324771881e-02,-3.257608739659190178e-03,-3.365380689501762390e-02,-1.186340209096670151e-02,-2.822111733257770538e-02,3.109257158939726651e-05,-1.203676033765077591e-02,-1.210303977131843567e-03,-3.033740259706974030e-02,3.191031888127326965e-02,6.836242508143186569e-03,-3.128304611891508102e-03,-1.828575134277343750e-02,-1.737962127663195133e-03,1.394149661064147949e-01,9.854613803327083588e-03,1.334847211837768555e+00,1.370972138829529285e-03,3.966831136494874954e-03,7.351562380790710449e-03,5.943527910858392715e-03,-1.421462744474411011e-01,-2.249396406114101410e-02,1.327951550483703613e+00,-9.317766875028610229e-03,4.592800047248601913e-03,1.284761913120746613e-02
-1.174358010292053223e+00,3.985319286584854126e-02,8.682200908660888672e-01,-3.997178282588720322e-03,2.003975212574005127e-02,-2.436658367514610291e-03,9.997882246971130371e-01,2.244724519550800323e-02,2.740318886935710907e-03,1.298226509243249893e-02,-5.018066149204969406e-03,-3.284028545022010803e-02,-1.416753418743610382e-02,-2.636317908763885498e-02,-3.240610240027308464e-03,-1.096459571272134781e-02,-6.755206268280744553e-04,-2.947491034865379333e-02,3.148944675922393799e-02,8.026534691452980042e-03,-4.183134529739618301e-03,-1.737410388886928558e-02,-1.911919098347425461e-03,1.397390365600585938e-01,1.050867326557636261e-02,1.334410548210144043e+00,8.569134515710175037e-04,2.404770115390419960e-03,8.036249317228794098e-03,6.672174669802188873e-03,-1.423031836748123169e-01,-2.889437228441238403e-02,1.325436353683471680e+00,-1.094755716621875763e-02,6.774590816348791122e-03,1.183531153947114944e-02
-1.175167679786682129e+00,3.899770602583885193e-02,8.683803677558898926e-01,-5.369690712541341782e-03,2.192368172109127045e-02,-2.619897946715354919e-03,9.997417926788330078e-01,2.727697044610977173e-02,4.469526538741774857e-05,1.526915375143289566e-02,-8.322398178279399872e-03,-3.200891986489295959e-02,-1.804141327738761902e-02,-2.201760560274124146e-02,-9.950691834092140198e-03,-9.592756628990173340e-03,2.577041042968630791e-03,-2.867633663117885590e-02,3.108472749590873718e-02,1.038198731839656830e-02,-7.397227454930543900e-03,-1.626926101744174957e-02,-1.804062281735241413e-03,1.412623077630996704e-01,1.277975086122751236e-02,1.333173513412475586e+00,1.323878066614270210e-03,7.667569443583488464e-04,1.182932406663894653e-02,6.907218601554632187e-03,-1.422800123691558838e-01,-3.528825566172599792e-02,1.322502732276916504e+00,-1.190040633082389832e-02,9.222849272191524506e-03,1.027125585824251175e-02
-1.175993561744689941e+00,3.803680092096328735e-02,8.685063719749450684e-01,-6.693598814308643341e-03,2.381848916411399841e-02,-2.735855057835578918e-03,9.996901750564575195e-01,3.215553611516952515e-02,-2.434815047308802605e-03,1.765562593936920166e-02,-1.204465050250291824e-02,-3.152636438608169556e-02,-2.191334776580333710e-02,-1.763372682034969330e-02,-1.742568798363208771e-02,-8.560300804674625397e-03,7.563334889709949493e-03,-2.986793592572212219e-02,3.077523037791252136e-02,1.282833609730005264e-02,-1.121888682246208191e-02,-1.544414274394512177e-02,-1.766907749697566032e-03,1.428984105587005615e-01,1.548005826771259308e-02,1.332339644432067871e+00,1.999824307858943939e-03,7.739629654679447412e-05,1.175726391375064850e-02,6.312944926321506500e-03,-1.423634737730026245e-01,-3.994610160589218140e-02,1.320404648780822754e+00,-1.438123546540737152e-02,1.190646365284919739e-02,9.965203702449798584e-03
-1.177100658416748047e+00,3.663910552859306335e-02,8.686160445213317871e-01,-7.805800065398216248e-03,2.594188787043094635e-02,-2.530290745198726654e-03,9.996297955513000488e-01,3.715173900127410889e-02,-5.419969558715820312e-03,1.947033777832984924e-02,-1.629811339080333710e-02,-3.112466260790824890e-02,-2.652643248438835144e-02,-1.309842523187398911e-02,-2.703246660530567169e-02,-8.184147067368030548e-03,1.563548110425472260e-02,-3.383155167102813721e-02,3.010944277048110962e-02,1.434675883501768112e-02,-1.584894396364688873e-02,-1.364346407353878021e-02,-2.339352853596210480e-03,1.458464115858078003e-01,1.766560226678848267e-02,1.331764698028564453e+00,1.387582742609083652e-03,-4.480791976675391197e-04,9.788285940885543823e-03,5.412462167441844940e-03,-1.413326114416122437e-01,-4.724996909499168396e-02,1.317376732826232910e+00,-1.829200610518455505e-02,1.486992649734020233e-02,9.446431882679462433e-03
-1.178520202636718750e+00,3.419552743434906006e-02,8.687124848365783691e-01,-8.931160904467105865e-03,2.896415255963802338e-02,-2.679487923160195351e-03,9.995369315147399902e-01,4.361635446548461914e-02,-1.190510857850313187e-02,2.261929027736186981e-02,-1.739999279379844666e-02,-3.331499174237251282e-02,-3.138707950711250305e-02,-6.839728914201259613e-03,-4.256686940789222717e-02,-5.454618018120527267e-03,3.098256327211856842e-02,-4.164406284689903259e-02,2.723214589059352875e-02,1.545939408242702484e-02,-2.092486806213855743e-02,-1.039994787424802780e-02,-3.898906055837869644e-03,1.508555263280868530e-01,1.920123212039470673e-02,1.332521557807922363e+00,7.837216980988159776e-05,-5.673593841493129730e-04,7.499495521187782288e-03,5.177033133804798126e-03,-1.389063447713851929e-01,-5.851643159985542297e-02,1.312415122985839844e+00,-2.024856768548488617e-02,1.761258766055107117e-02,5.976430606096982956e-03
-1.179220557212829590e+00,3.197580948472023010e-02,8.687676787376403809e-01,-9.412370622158050537e-03,3.129321336746215820e-02,-3.424542956054210663e-03,9.994600415229797363e-01,4.807859659194946289e-02,-1.700829155743122101e-02,2.528474293649196625e-02,-1.740000024437904358e-02,-3.292195126414299011e-02,-3.458846732974052429e-02,-2.352660754695534706e-03,-5.487750098109245300e-02,-1.617130939848721027e-03,4.413939639925956726e-02,-4.761393740773200989e-02,2.511853352189064026e-02,1.619647070765495300e-02,-2.291200682520866394e-02,-8.105490356683731079e-03,-5.015105474740266800e-03,1.545117050409317017e-01,1.843480952084064484e-02,1.334588766098022461e+00,-4.429989494383335114e-04,-2.649846646818332374e-05,7.038351148366928101e-03,6.013630423694849014e-03,-1.371948421001434326e-01,-6.441953033208847046e-02,1.309864640235900879e+00,-2.029740251600742340e-02,1.853568851947784424e-02,2.274408470839262009e-03
-1.179465889930725098e+00,2.946620993316173553e-02,8.687380552291870117e-01,-9.361829608678817749e-03,3.294154629111289978e-02,-4.510700702667236328e-03,9.994032382965087891e-01,5.165057256817817688e-02,-2.017654851078987122e-02,2.714714780449867249e-02,-1.740000024437904358e-02,-3.240710496902465820e-02,-3.732467442750930786e-02,1.397463725879788399e-03,-6.394161283969879150e-02,3.450048388913273811e-03,5.483866855502128601e-02,-5.350675061345100403e-02,2.249864675104618073e-02,1.639801822602748871e-02,-2.427241206169128418e-02,-4.583170171827077866e-03,-6.211660802364349365e-03,1.578269302845001221e-01,1.859837211668491364e-02,1.337295055389404297e+00,-1.084646093659102917e-03,2.817485015839338303e-03,7.367688231170177460e-03,7.124631199985742569e-03,-1.356302499771118164e-01,-6.614570319652557373e-02,1.308369755744934082e+00,-1.848115585744380951e-02,1.940348558127880096e-02,8.599047578172758222e-05
-1.178938627243041992e+00,2.578208781778812408e-02,8.684712648391723633e-01,-8.553789928555488586e-03,3.464686870574951172e-02,-6.590857636183500290e-03,9.993412494659423828e-01,5.496499314904212952e-02,-2.223343774676322937e-02,3.100189194083213806e-02,-1.740000024437904358e-02,-3.280830010771751404e-02,-4.032268747687339783e-02,5.286632571369409561e-03,-7.392781227827072144e-02,1.239215303212404251e-02,6.906399130821228027e-02,-6.257272511720657349e-02,1.847353763878345490e-02,1.662200316786766052e-02,-2.415832690894603729e-02,-6.729611777700483799e-04,-6.714706309139728546e-03,1.609628647565841675e-01,2.036762051284313202e-02,1.341272354125976562e+00,-2.945754909887909889e-03,8.190484717488288879e-03,1.039033569395542145e-02,9.861378930509090424e-03,-1.345679610967636108e-01,-6.307223439216613770e-02,1.308256745338439941e+00,-1.605410128831863403e-02,1.965672709047794342e-02,-3.845907049253582954e-04
-1.177871584892272949e+00,2.277922630310058594e-02,8.681734204292297363e-01,-7.512497715651988983e-03,3.520676866173744202e-02,-8.969194255769252777e-03,9.993115663528442383e-01,5.650391802191734314e-02,-2.260153740644454956e-02,3.572621941566467285e-02,-1.482248865067958832e-02,-3.503211960196495056e-02,-4.141784831881523132e-02,7.592890411615371704e-03,-7.907543331384658813e-02,1.931365579366683960e-02,7.942334562540054321e-02,-7.037010788917541504e-02,1.532192435115575790e-02,1.707021333277225494e-02,-2.261376753449440002e-02,2.642242936417460442e-03,-5.597625393420457840e-03,1.620227098464965820e-01,2.408739365637302399e-02,1.342939972877502441e+00,-3.927055746316909790e-03,9.195522405207157135e-03,1.327159814536571503e-02,1.210606470704078674e-02,-1.337763071060180664e-01,-5.962344259023666382e-02,1.309956669807434082e+00,-1.635794900357723236e-02,1.887620985507965088e-02,1.945383264683187008e-03
-1.176124691963195801e+00,1.950382068753242493e-02,8.677881360054016113e-01,-6.167435552924871445e-03,3.557144850492477417e-02,-1.181660126894712448e-02,9.992782473564147949e-01,5.768298357725143433e-02,-2.474247291684150696e-02,4.155118390917778015e-02,-5.993846338242292404e-03,-4.124386981129646301e-02,-4.212358593940734863e-02,9.756579063832759857e-03,-8.259429037570953369e-02,2.769861370325088501e-02,8.899297565221786499e-02,-7.869513332843780518e-02,1.066602207720279694e-02,1.770633831620216370e-02,-2.076925151050090790e-02,4.664171952754259109e-03,-2.857868559658527374e-03,1.615701466798782349e-01,3.059461526572704315e-02,1.344701170921325684e+00,-3.340523689985275269e-03,9.689551778137683868e-03,1.231744885444641113e-02,1.454897690564393997e-02,-1.323826611042022705e-01,-5.599749460816383362e-02,1.313116550445556641e+00,-1.596097089350223541e-02,1.619392819702625275e-02,3.193799871951341629e-03
-1.172641396522521973e+00,1.472773775458335876e-02,8.672046661376953125e-01,-4.304957110434770584e-03,3.568733856081962585e-02,-1.451325602829456329e-02,9.992483258247375488e-01,5.957835540175437927e-02,-2.727541327476501465e-02,4.745852202177047729e-02,8.638702332973480225e-03,-5.075031891465187073e-02,-4.277784749865531921e-02,1.302469149231910706e-02,-8.302572369575500488e-02,3.699478507041931152e-02,9.801301360130310059e-02,-8.727961033582687378e-02,1.828329754061996937e-03,1.982952654361724854e-02,-2.198500372469425201e-02,5.571088287979364395e-03,3.942640032619237900e-03,1.592202037572860718e-01,4.478956386446952820e-02,1.344331622123718262e+00,-1.663190661929547787e-03,1.118459459394216537e-02,1.266302634030580521e-02,1.766125299036502838e-02,-1.306341737508773804e-01,-5.041614174842834473e-02,1.319120407104492188e+00,-1.429830025881528854e-02,1.000719889998435974e-02,5.615034140646457672e-03
-1.169494748115539551e+00,1.096508000046014786e-02,8.666990995407104492e-01,-3.445538925006985664e-03,3.558153286576271057e-02,-1.636070013046264648e-02,9.992269277572631836e-01,6.274946779012680054e-02,-3.133397176861763000e-02,5.305571854114532471e-02,2.602230943739414215e-02,-6.220645084977149963e-02,-4.445388168096542358e-02,1.703391037881374359e-02,-8.103626221418380737e-02,4.488673433661460876e-02,1.022585704922676086e-01,-9.209360927343368530e-02,-5.595848895609378815e-03,2.361243031919002533e-02,-2.435472607612609863e-02,5.658147856593132019e-03,1.019054744392633438e-02,1.557049155235290527e-01,6.099736690521240234e-02,1.342612028121948242e+00,-6.838552653789520264e-04,1.141660567373037338e-02,1.273999456316232681e-02,1.948310993611812592e-02,-1.298465132713317871e-01,-4.652165621519088745e-02,1.324276685714721680e+00,-1.341960579156875610e-02,4.543363582342863083e-03,7.899253629148006439e-03
-1.165930271148681641e+00,7.032977882772684097e-03,8.661757707595825195e-01,-2.686591586098074913e-03,3.510870039463043213e-02,-1.731104589998722076e-02,9.992299675941467285e-01,6.681165099143981934e-02,-3.790187463164329529e-02,5.890446901321411133e-02,5.019640177488327026e-02,-7.667028158903121948e-02,-4.764929413795471191e-02,2.136746793985366821e-02,-7.745369523763656616e-02,5.132841691374778748e-02,1.061523556709289551e-01,-9.748778492212295532e-02,-1.264731306582689285e-02,2.757892571389675140e-02,-2.816637977957725525e-02,5.899443291127681732e-03,1.594132930040359497e-02,1.496072858572006226e-01,8.547494560480117798e-02,1.341448187828063965e+00,-9.510708041489124298e-03,1.275574322789907455e-02,8.052457123994827271e-03,2.132840454578399658e-02,-1.295197904109954834e-01,-4.260998964309692383e-02,1.329373002052307129e+00,-1.207126677036285400e-02,-1.043818192556500435e-03,1.072814222425222397e-02
-1.160646915435791016e+00,1.644603093154728413e-03,8.653755784034729004e-01,-2.639534883201122284e-03,3.382844850420951843e-02,-1.673850603401660919e-02,9.992839694023132324e-01,7.524210214614868164e-02,-5.461639538407325745e-02,6.512395292520523071e-02,1.008310541510581970e-01,-1.051651388406753540e-01,-5.171674489974975586e-02,2.910118363797664642e-02,-6.871704012155532837e-02,5.953649058938026428e-02,1.084084212779998779e-01,-1.036624535918235779e-01,-2.041400410234928131e-02,3.492123633623123169e-02,-3.569430857896804810e-02,7.182419300079345703e-03,1.997559703886508942e-02,1.404505521059036255e-01,1.164581477642059326e-01,1.341164350509643555e+00,-1.823919452726840973e-02,1.866028271615505219e-02,8.978435071185231209e-04,2.319482527673244476e-02,-1.313815563917160034e-01,-3.573480620980262756e-02,1.334938287734985352e+00,-8.781105279922485352e-03,-5.987629760056734085e-03,1.574965007603168488e-02
-1.156538605690002441e+00,-2.696186769753694534e-03,8.646192550659179688e-01,-4.424838814884424210e-03,3.256405889987945557e-02,-1.469043828547000885e-02,9.993518590927124023e-01,8.672805130481719971e-02,-7.627221941947937012e-02,6.575623154640197754e-02,1.570227146148681641e-01,-1.326535344123840332e-01,-5.336281284689903259e-02,3.933088108897209167e-02,-5.916602537035942078e-02,6.556499004364013672e-02,1.063339263200759888e-01,-1.059313416481018066e-01,-2.492052130401134491e-02,4.412095621228218079e-02,-4.398225247859954834e-02,8.907353505492210388e-03,1.988481916487216949e-02,1.362517476081848145e-01,1.315319985151290894e-01,1.340777754783630371e+00,-1.593477651476860046e-02,1.865543052554130554e-02,2.667096268851310015e-04,2.412343397736549377e-02,-1.337363421916961670e-01,-2.989978902041912079e-02,1.337857365608215332e+00,-5.504803266376256943e-03,-8.540938608348369598e-03,1.977187395095825195e-02
-1.152368783950805664e+00,-6.629805080592632294e-03,8.637616634368896484e-01,-7.392786443233489990e-03,3.092799335718154907e-02,-1.022742129862308502e-02,9.994419217109680176e-01,9.980870038270950317e-02,-1.092065945267677307e-01,6.019207090139389038e-02,2.333653569221496582e-01,-1.628080904483795166e-01,-5.175159499049186707e-02,5.104288831353187561e-02,-4.643648862838745117e-02,6.662528961896896362e-02,1.009834036231040955e-01,-1.107874140143394470e-01,-2.629848010838031769e-02,5.618778616189956665e-02,-5.550988391041755676e-02,1.166465692222118378e-02,1.687006466090679169e-02,1.338923722505569458e-01,1.373014897108078003e-01,1.340607881546020508e+00,-1.812397874891757965e-02,2.051617391407489777e-02,-1.361369038932025433e-03,2.468035183846950531e-02,-1.374145895242691040e-01,-2.520077675580978394e-02,1.339196681976318359e+00,-5.920460898778401315e-05,-9.650763124227523804e-03,2.515516988933086395e-02
-1.146214842796325684e+00,-1.071365550160408020e-02,8.623940944671630859e-01,-1.118578761816024780e-02,2.832777053117752075e-02,-2.084209583699703217e-03,9.995339512825012207e-01,1.153173893690109253e-01,-1.720092296600341797e-01,6.378284096717834473e-02,3.639208376407623291e-01,-1.899092793464660645e-01,-5.733068659901618958e-02,6.423734873533248901e-02,-2.470191940665245056e-02,6.274174153804779053e-02,8.864784240722656250e-02,-1.207670122385025024e-01,-2.349383197724819183e-02,7.118871808052062988e-02,-6.860086321830749512e-02,1.698807999491691589e-02,7.586301304399967194e-03,1.310985535383224487e-01,1.383280009031295776e-01,1.343264460563659668e+00,-2.971068024635314941e-02,2.932410128414630890e-02,-1.238610316067934036e-02,2.555678412318229675e-02,-1.446606963872909546e-01,-2.115926332771778107e-02,1.337291121482849121e+00,2.219171263277530670e-02,-3.903397358953952789e-03,3.716131672263145447e-02
-1.141470313072204590e+00,-1.286164205521345139e-02,8.617534041404724121e-01,-1.198734901845455170e-02,2.775799110531806946e-02,2.418327843770384789e-03,9.995398521423339844e-01,1.197237819433212280e-01,-2.210404425859451294e-01,6.870073825120925903e-02,4.484763443470001221e-01,-1.975985765457153320e-01,-3.234749287366867065e-02,6.833287328481674194e-02,-1.097921933978796005e-02,6.037886813282966614e-02,7.909461110830307007e-02,-1.291245967149734497e-01,-2.197721414268016815e-02,7.709688693284988403e-02,-6.818986684083938599e-02,1.915787532925605774e-02,-1.960455672815442085e-03,1.278240680694580078e-01,1.375675797462463379e-01,1.348195791244506836e+00,-3.794264048337936401e-02,3.908548504114151001e-02,-2.092683501541614532e-02,2.548183500766754150e-02,-1.522742360830307007e-01,-1.535171736031770706e-02,1.332746505737304688e+00,4.417622089385986328e-02,1.466614077799022198e-03,4.269658029079437256e-02
-1.136764883995056152e+00,-1.421044114977121353e-02,8.615093827247619629e-01,-1.097183395177125931e-02,2.805033512413501740e-02,3.964778967201709747e-03,9.995384216308593750e-01,1.202019080519676208e-01,-2.619854509830474854e-01,8.334504067897796631e-02,5.006554126739501953e-01,-2.138482481241226196e-01,-1.907076500356197357e-02,6.693170219659805298e-02,3.994447470176964998e-04,5.900510028004646301e-02,6.909841299057006836e-02,-1.338887810707092285e-01,-1.619337685406208038e-02,7.701963931322097778e-02,-5.809025093913078308e-02,2.068619243800640106e-02,-9.511940181255340576e-03,1.252003312110900879e-01,1.415082812309265137e-01,1.352014780044555664e+00,-4.276945069432258606e-02,4.873209819197654724e-02,-2.889801561832427979e-02,2.252624928951263428e-02,-1.587761193513870239e-01,-5.881938152015209198e-03,1.326994419097900391e+00,3.629397973418235779e-02,1.073345541954040527e-02,3.778662905097007751e-02
-1.129514932632446289e+00,-1.522872410714626312e-02,8.613229990005493164e-01,-8.617354556918144226e-03,2.978375926613807678e-02,3.425501752644777298e-03,9.995133280754089355e-01,1.183848306536674500e-01,-3.076008260250091553e-01,1.060889661312103271e-01,5.197553634643554688e-01,-1.998365521430969238e-01,-8.991277776658535004e-03,6.169053539633750916e-02,1.303311809897422791e-02,5.540797486901283264e-02,5.680673941969871521e-02,-1.411457359790802002e-01,-9.278189390897750854e-03,7.313989102840423584e-02,-4.006360843777656555e-02,2.074070274829864502e-02,-1.017919089645147324e-02,1.238895356655120850e-01,1.593688726425170898e-01,1.352385997772216797e+00,-4.398783668875694275e-02,5.253593251109123230e-02,-3.435808792710304260e-02,1.327525638043880463e-02,-1.625475138425827026e-01,7.825903594493865967e-03,1.321434020996093750e+00,2.902195602655410767e-02,1.576216891407966614e-02,3.741750866174697876e-02
-1.123139858245849609e+00,-1.586443930864334106e-02,8.609488010406494141e-01,-7.781122345477342606e-03,3.157011419534683228e-02,4.504317417740821838e-03,9.994611144065856934e-01,1.178518608212471008e-01,-3.383716940879821777e-01,1.172324120998382568e-01,5.056094527244567871e-01,-1.602484732866287231e-01,-6.133903283625841141e-03,5.981984362006187439e-02,2.578938007354736328e-02,5.157615616917610168e-02,4.207085445523262024e-02,-1.449092030525207520e-01,-5.264098290354013443e-03,7.199204713106155396e-02,-3.234673663973808289e-02,2.079778909683227539e-02,-4.932684823870658875e-03,1.256839781999588013e-01,1.719370931386947632e-01,1.352335333824157715e+00,-4.855779558420181274e-02,5.255869403481483459e-02,-3.466821461915969849e-02,3.208312438800930977e-03,-1.618503332138061523e-01,1.295655872672796249e-02,1.317691326141357422e+00,3.160293400287628174e-02,2.327606268227100372e-02,3.517122194170951843e-02
-1.116472959518432617e+00,-1.628428511321544647e-02,8.603022694587707520e-01,-6.920653861016035080e-03,3.437385708093643188e-02,4.848293028771877289e-03,9.993733167648315430e-01,1.157189756631851196e-01,-3.670189976692199707e-01,1.217402145266532898e-01,4.710575938224792480e-01,-9.727090597152709961e-02,-2.135727554559707642e-03,5.792665854096412659e-02,3.532683104276657104e-02,5.087029561400413513e-02,3.015965037047863007e-02,-1.496748477220535278e-01,-3.578999079763889313e-03,6.980384141206741333e-02,-2.362904697656631470e-02,2.092132344841957092e-02,2.025057096034288406e-03,1.298158913850784302e-01,1.793570965528488159e-01,1.353738665580749512e+00,-5.240589007735252380e-02,5.363604053854942322e-02,-3.492476046085357666e-02,-9.419960901141166687e-03,-1.591281592845916748e-01,1.428582519292831421e-02,1.312347769737243652e+00,3.788390755653381348e-02,3.062897920608520508e-02,2.949094958603382111e-02
-1.107029438018798828e+00,-1.587422378361225128e-02,8.591011166572570801e-01,-4.785706754773855209e-03,3.964475542306900024e-02,5.656741559505462646e-03,9.991863369941711426e-01,1.061428561806678772e-01,-3.999820947647094727e-01,1.175095960497856140e-01,4.032810330390930176e-01,-2.810873650014400482e-02,-5.434501450508832932e-03,5.264907702803611755e-02,4.493026435375213623e-02,5.247142538428306580e-02,1.592866145074367523e-02,-1.572021842002868652e-01,-1.086578238755464554e-02,6.251593679189682007e-02,-1.187824551016092300e-02,1.942893303930759430e-02,1.197851728647947311e-02,1.362349092960357666e-01,1.857251226902008057e-01,1.360079050064086914e+00,-5.063515156507492065e-02,6.195655465126037598e-02,-3.315871208906173706e-02,-2.738637663424015045e-02,-1.556835919618606567e-01,1.622271537780761719e-02,1.303120136260986328e+00,4.515960067510604858e-02,4.180834069848060608e-02,2.296445332467556000e-02
-1.098736763000488281e+00,-1.464148145169019699e-02,8.581300973892211914e-01,-4.016842693090438843e-03,4.283297061920166016e-02,9.224410168826580048e-03,9.990316033363342285e-01,9.764944016933441162e-02,-4.174454212188720703e-01,1.132257878780364990e-01,3.435202836990356445e-01,3.161529079079627991e-03,-9.781621396541595459e-03,5.046463385224342346e-02,5.420636013150215149e-02,5.252339318394660950e-02,7.923164404928684235e-03,-1.629736572504043579e-01,-2.062474191188812256e-02,5.945431068539619446e-02,-1.143831666558980942e-02,1.939707621932029724e-02,2.051035128533840179e-02,1.387079209089279175e-01,1.884413361549377441e-01,1.370030999183654785e+00,-5.504770204424858093e-02,7.633145898580551147e-02,-3.165079653263092041e-02,-4.063615202903747559e-02,-1.543833762407302856e-01,2.025179192423820496e-02,1.296065449714660645e+00,4.825220257043838501e-02,4.909925535321235657e-02,1.529186032712459564e-02
-1.089176297187805176e+00,-1.321436278522014618e-02,8.566503524780273438e-01,-4.293597303330898285e-03,4.577933996915817261e-02,1.255496684461832047e-02,9.988634586334228516e-01,9.331262856721878052e-02,-4.299599528312683105e-01,1.189836785197257996e-01,2.791495919227600098e-01,4.449465125799179077e-02,-1.133076939731836319e-02,5.034170299768447876e-02,6.450535356998443604e-02,5.546159669756889343e-02,1.586011378094553947e-03,-1.695349365472793579e-01,-2.919357083737850189e-02,5.820841342210769653e-02,-1.117649488151073456e-02,1.953594386577606201e-02,2.955099940299987793e-02,1.409231275320053101e-01,1.914566159248352051e-01,1.381200194358825684e+00,-5.786092206835746765e-02,8.764819055795669556e-02,-2.911126613616943359e-02,-5.254201591014862061e-02,-1.524668186902999878e-01,2.170344442129135132e-02,1.289276599884033203e+00,4.774754121899604797e-02,5.565788596868515015e-02,9.388711303472518921e-03
-1.074235677719116211e+00,-1.033884286880493164e-02,8.541128635406494141e-01,-5.783310625702142715e-03,5.021122097969055176e-02,1.667159795761108398e-02,9.985827207565307617e-01,8.963300287723541260e-02,-4.414881169795989990e-01,1.445379406213760376e-01,1.979694366455078125e-01,9.556872397661209106e-02,-2.157153375446796417e-02,5.117390677332878113e-02,7.813943177461624146e-02,5.580543726682662964e-02,-3.896782174706459045e-03,-1.790513098239898682e-01,-3.350480645895004272e-02,5.804967880249023438e-02,-9.834984317421913147e-03,1.708991266787052155e-02,4.276918619871139526e-02,1.441670954227447510e-01,1.952978670597076416e-01,1.396872878074645996e+00,-6.255873292684555054e-02,1.002754345536231995e-01,-2.463214099407196045e-02,-6.303302198648452759e-02,-1.485946625471115112e-01,1.873053424060344696e-02,1.282264709472656250e+00,4.674633964896202087e-02,6.208829209208488464e-02,2.349323593080043793e-03
-1.061766266822814941e+00,-6.874600425362586975e-03,8.519508838653564453e-01,-7.503606379032135010e-03,5.283825471997261047e-02,1.879046671092510223e-02,9.983980655670166016e-01,8.338309079408645630e-02,-4.453720450401306152e-01,1.575297117233276367e-01,1.540023237466812134e-01,9.625452756881713867e-02,-3.364016488194465637e-02,5.175193399190902710e-02,8.554548770189285278e-02,5.172896385192871094e-02,2.086010528728365898e-03,-1.856043785810470581e-01,-3.410675004124641418e-02,5.838677287101745605e-02,-7.634939160197973251e-03,1.563505083322525024e-02,5.385139212012290955e-02,1.472456157207489014e-01,1.974900066852569580e-01,1.407219886779785156e+00,-6.862000375986099243e-02,1.097237020730972290e-01,-2.255280688405036926e-02,-6.799095124006271362e-02,-1.457643806934356689e-01,1.605996489524841309e-02,1.278779983520507812e+00,4.810353741049766541e-02,6.554883718490600586e-02,-1.202040584757924080e-03
-1.048002839088439941e+00,-2.456753980368375778e-03,8.496713638305664062e-01,-8.454292081296443939e-03,5.412023514509201050e-02,1.992962695658206940e-02,9.982997179031372070e-01,7.186803221702575684e-02,-4.431542754173278809e-01,1.556261926889419556e-01,1.298445612192153931e-01,5.974853038787841797e-02,-4.998286440968513489e-02,4.963328316807746887e-02,9.068018943071365356e-02,4.412402212619781494e-02,1.987273618578910828e-02,-1.972831189632415771e-01,-3.352662920951843262e-02,5.558464303612709045e-02,-3.096236614510416985e-03,1.538919005542993546e-02,6.597513705492019653e-02,1.509888917207717896e-01,2.008222937583923340e-01,1.415769815444946289e+00,-7.120364904403686523e-02,1.167872175574302673e-01,-1.944997534155845642e-02,-7.021770626306533813e-02,-1.425182968378067017e-01,1.318133994936943054e-02,1.277246713638305664e+00,4.945984482765197754e-02,6.738114356994628906e-02,-3.249899251386523247e-03
-1.026690602302551270e+00,4.379940684884786606e-03,8.469682931900024414e-01,-7.383369840681552887e-03,5.364630371332168579e-02,1.834598928689956665e-02,9.983641505241394043e-01,5.119189620018005371e-02,-4.305505454540252686e-01,1.270011961460113525e-01,1.301546245813369751e-01,1.093029510229825974e-02,-4.989142343401908875e-02,4.010846838355064392e-02,9.247674047946929932e-02,3.432384505867958069e-02,6.726822257041931152e-02,-2.199524044990539551e-01,-3.010140545666217804e-02,4.336944594979286194e-02,1.018622796982526779e-02,1.677479036152362823e-02,8.336739987134933472e-02,1.571900248527526855e-01,2.081787437200546265e-01,1.423185944557189941e+00,-7.006353139877319336e-02,1.234117001295089722e-01,-1.163135375827550888e-02,-7.001709192991256714e-02,-1.367777287960052490e-01,1.189656555652618408e-02,1.279587626457214355e+00,4.982214793562889099e-02,6.820619106292724609e-02,-1.026491727679967880e-02
-1.007625579833984375e+00,9.662442840635776520e-03,8.456948399543762207e-01,-5.695154890418052673e-03,5.076731741428375244e-02,1.396946888417005539e-02,9.985965490341186523e-01,3.681124374270439148e-02,-4.137477278709411621e-01,1.158999353647232056e-01,1.488452255725860596e-01,1.858437992632389069e-02,-1.592674106359481812e-02,2.990381605923175812e-02,9.143805503845214844e-02,3.210515901446342468e-02,1.227944642305374146e-01,-2.458766847848892212e-01,-2.502473630011081696e-02,3.053465858101844788e-02,2.481312490999698639e-02,1.959922350943088531e-02,9.784425795078277588e-02,1.615452021360397339e-01,2.151830047369003296e-01,1.426549196243286133e+00,-6.459133327007293701e-02,1.253975331783294678e-01,-8.513641543686389923e-03,-6.662888824939727783e-02,-1.323672384023666382e-01,1.050403621047735214e-02,1.283038496971130371e+00,4.727759212255477905e-02,6.496711075305938721e-02,-1.256743911653757095e-02
-9.868742227554321289e-01,1.522910036146640778e-02,8.458040356636047363e-01,-4.109964706003665924e-03,4.697565734386444092e-02,7.456632796674966812e-03,9.988597631454467773e-01,2.557139098644256592e-02,-3.914840221405029297e-01,1.074574664235115051e-01,1.597339510917663574e-01,4.605192318558692932e-02,-1.127121737226843834e-03,1.917736232280731201e-02,7.710856199264526367e-02,3.309596329927444458e-02,2.083356976509094238e-01,-2.814416289329528809e-01,-1.939814910292625427e-02,1.725734584033489227e-02,4.010029509663581848e-02,2.121431380510330200e-02,1.138305515050888062e-01,1.651409864425659180e-01,2.259783446788787842e-01,1.425632953643798828e+00,-5.834415182471275330e-02,1.258072555065155029e-01,-7.508351001888513565e-03,-6.111393496394157410e-02,-1.277363449335098267e-01,6.833732128143310547e-03,1.287467122077941895e+00,4.349276423454284668e-02,5.723986402153968811e-02,-1.115721464157104492e-02
-9.584158062934875488e-01,2.334482595324516296e-02,8.487260341644287109e-01,1.886780839413404465e-03,4.148563370108604431e-02,-8.177346899174153805e-04,9.991369843482971191e-01,-3.456516657024621964e-03,-3.581151068210601807e-01,8.600453287363052368e-02,1.788185387849807739e-01,6.881545484066009521e-02,2.208092622458934784e-02,-5.633842665702104568e-03,2.332704328000545502e-02,1.964548975229263306e-02,3.811526596546173096e-01,-3.153061270713806152e-01,-3.287023631855845451e-03,-8.643732406198978424e-03,5.657885968685150146e-02,2.260508202016353607e-02,1.304546743631362915e-01,1.664270460605621338e-01,2.376472502946853638e-01,1.423525094985961914e+00,-4.494682699441909790e-02,1.264876872301101685e-01,1.418753177858889103e-03,-5.471524223685264587e-02,-1.224701255559921265e-01,5.004975944757461548e-03,1.295902132987976074e+00,4.440779611468315125e-02,4.102733731269836426e-02,-1.218571048229932785e-02
-9.375543594360351562e-01,3.010025620460510254e-02,8.517614006996154785e-01,8.466476574540138245e-03,3.619540482759475708e-02,-3.078554524108767509e-03,9.993041157722473145e-01,-3.453865274786949158e-02,-3.313828706741333008e-01,5.582991614937782288e-02,1.988886892795562744e-01,5.400571972131729126e-02,2.391619421541690826e-02,-3.275654464960098267e-02,-3.731792047619819641e-02,-5.432119127362966537e-03,5.379341244697570801e-01,-3.093023896217346191e-01,1.429982483386993408e-02,-3.201612457633018494e-02,6.262329965829849243e-02,2.735236100852489471e-02,1.317726820707321167e-01,1.663307696580886841e-01,2.315940409898757935e-01,1.425545454025268555e+00,-2.678758651018142700e-02,1.258145123720169067e-01,8.535424247384071350e-03,-5.133227258920669556e-02,-1.195631325244903564e-01,-2.096560638165101409e-04,1.301104187965393066e+00,4.459645971655845642e-02,2.936659753322601318e-02,-1.188325509428977966e-02
-9.162823557853698730e-01,3.679296374320983887e-02,8.537792563438415527e-01,1.516552921384572983e-02,2.935955487191677094e-02,-3.404639894142746925e-03,9.994480609893798828e-01,-6.464120745658874512e-02,-2.939693927764892578e-01,3.587352856993675232e-02,2.092892229557037354e-01,1.908617466688156128e-02,2.930398471653461456e-02,-6.361650675535202026e-02,-1.051165685057640076e-01,-2.754233032464981079e-02,6.941809654235839844e-01,-2.201168239116668701e-01,3.625771403312683105e-02,-5.580108240246772766e-02,6.524369865655899048e-02,3.547507897019386292e-02,1.229479536414146423e-01,1.668024659156799316e-01,2.107617855072021484e-01,1.433201432228088379e+00,-2.878868952393531799e-02,1.305827200412750244e-01,1.769081503152847290e-02,-4.579287394881248474e-02,-1.164940446615219116e-01,-1.301264017820358276e-02,1.302371144294738770e+00,4.042562097311019897e-02,2.544732950627803802e-02,-1.162853837013244629e-02
-8.899697065353393555e-01,4.281304404139518738e-02,8.544304966926574707e-01,2.192151173949241638e-02,2.387287653982639313e-02,-2.423917409032583237e-03,9.994716644287109375e-01,-9.083303064107894897e-02,-2.480415701866149902e-01,3.135330975055694580e-02,2.125758826732635498e-01,-3.028475306928157806e-02,3.635174036026000977e-02,-9.388002753257751465e-02,-2.083882838487625122e-01,-4.410186037421226501e-02,8.706914782524108887e-01,-4.588679876178503036e-03,5.147953052073717117e-03,-8.181615173816680908e-02,6.125940009951591492e-02,4.109627008438110352e-02,1.004365161061286926e-01,1.674535423517227173e-01,1.777333319187164307e-01,1.442158579826354980e+00,-4.540972411632537842e-02,1.328404843807220459e-01,1.968285627663135529e-02,-3.904810175299644470e-02,-1.174463555216789246e-01,-2.228653803467750549e-02,1.301169633865356445e+00,4.797000065445899963e-02,2.991949580609798431e-02,-1.297832932323217392e-02
-8.735405206680297852e-01,4.659368470311164856e-02,8.564401865005493164e-01,2.022598497569561005e-02,2.209076844155788422e-02,-1.562904566526412964e-03,9.995501041412353516e-01,-9.185733646154403687e-02,-2.220091670751571655e-01,3.170376643538475037e-02,2.120170593261718750e-01,-5.526620522141456604e-02,4.129987210035324097e-02,-1.019153296947479248e-01,-2.687129378318786621e-01,-6.146539747714996338e-02,9.456014037132263184e-01,-1.694935932755470276e-02,9.473227895796298981e-03,-8.215958625078201294e-02,4.928684234619140625e-02,4.213304817676544189e-02,7.576545327901840210e-02,1.647361665964126587e-01,1.517275571823120117e-01,1.443752884864807129e+00,-5.428643152117729187e-02,1.350829601287841797e-01,1.342360675334930420e-02,-3.454458341002464294e-02,-1.238566488027572632e-01,-2.082352153956890106e-02,1.299761533737182617e+00,4.811017960309982300e-02,3.652159497141838074e-02,-1.419823057949542999e-02
-8.577340245246887207e-01,5.129749700427055359e-02,8.578053712844848633e-01,1.814628578722476959e-02,2.140835113823413849e-02,2.876122947782278061e-03,9.996019601821899414e-01,-9.535504132509231567e-02,-1.969743371009826660e-01,1.916194148361682892e-02,2.071686536073684692e-01,-7.476972788572311401e-02,4.517910629510879517e-02,-1.091644465923309326e-01,-3.200816512107849121e-01,-8.030495047569274902e-02,9.714896678924560547e-01,-3.673579916357994080e-02,8.364167995750904083e-03,-8.009220659732818604e-02,3.171126544475555420e-02,4.210893064737319946e-02,4.517289251089096069e-02,1.599136739969253540e-01,1.253597438335418701e-01,1.442911744117736816e+00,-6.033244729042053223e-02,1.366595774888992310e-01,3.374906023964285851e-03,-2.842967770993709564e-02,-1.297844201326370239e-01,-2.530228160321712494e-02,1.298302769660949707e+00,4.171121120452880859e-02,3.912734612822532654e-02,-1.689239591360092163e-02
-8.363875746726989746e-01,5.733924731612205505e-02,8.603249192237854004e-01,1.243998855352401733e-02,1.955576613545417786e-02,6.198333110660314560e-03,9.997121691703796387e-01,-8.882731199264526367e-02,-1.587586104869842529e-01,1.581451669335365295e-02,1.943264156579971313e-01,-9.585125744342803955e-02,4.835987463593482971e-02,-1.014341637492179871e-01,-3.587268590927124023e-01,-8.652916550636291504e-02,9.188112616539001465e-01,-5.879338458180427551e-02,1.161731872707605362e-02,-7.059951126575469971e-02,1.188374962657690048e-02,4.438804835081100464e-02,4.653393290936946869e-03,1.552171707153320312e-01,9.814529120922088623e-02,1.428370833396911621e+00,-6.456129997968673706e-02,1.238912045955657959e-01,-7.748913019895553589e-03,-1.745687797665596008e-02,-1.334774792194366455e-01,-3.704432025551795959e-02,1.299672722816467285e+00,3.640468791127204895e-02,2.863713353872299194e-02,-1.743398979306221008e-02
-8.209359645843505859e-01,5.990654975175857544e-02,8.616594076156616211e-01,8.275314234197139740e-03,1.994554698467254639e-02,6.171776447445154190e-03,9.997477531433105469e-01,-8.063939213752746582e-02,-1.337760984897613525e-01,2.304998598992824554e-02,1.829872131347656250e-01,-1.044170930981636047e-01,4.756055027246475220e-02,-8.770657330751419067e-02,-3.813603520393371582e-01,-8.153365552425384521e-02,8.422408699989318848e-01,-7.502110302448272705e-02,1.329332310706377029e-02,-6.341053545475006104e-02,6.769711035303771496e-04,4.250277578830718994e-02,-2.087690308690071106e-02,1.559708416461944580e-01,8.802191168069839478e-02,1.404441118240356445e+00,-6.211768463253974915e-02,9.438490122556686401e-02,-1.301527023315429688e-02,-8.861069567501544952e-03,-1.362865269184112549e-01,-4.178984463214874268e-02,1.301940202713012695e+00,4.306715354323387146e-02,2.288585342466831207e-02,-1.306552905589342117e-02
-8.056761622428894043e-01,6.191215664148330688e-02,8.622355461120605469e-01,6.110590882599353790e-03,2.103287167847156525e-02,4.662946797907352448e-03,9.997492432594299316e-01,-7.634779065847396851e-02,-1.087645441293716431e-01,3.293936699628829956e-02,1.699880063533782959e-01,-1.218078583478927612e-01,4.571244120597839355e-02,-7.792678475379943848e-02,-3.981373906135559082e-01,-8.042830228805541992e-02,7.435533404350280762e-01,-7.282011955976486206e-02,1.521116960793733597e-02,-6.049785763025283813e-02,-6.205256562680006027e-03,4.011187702417373657e-02,-4.244526475667953491e-02,1.612508445978164673e-01,8.466245234012603760e-02,1.369811534881591797e+00,-5.635595694184303284e-02,5.427865311503410339e-02,-1.816666871309280396e-02,-1.779463491402566433e-03,-1.396095454692840576e-01,-4.174351692199707031e-02,1.304102659225463867e+00,4.183805361390113831e-02,2.256253734230995178e-02,-1.145775988698005676e-02
-7.854580283164978027e-01,6.375392526388168335e-02,8.619695901870727539e-01,5.972951650619506836e-03,2.283603698015213013e-02,2.139310119673609734e-03,9.997190833091735840e-01,-7.678818702697753906e-02,-7.623080909252166748e-02,4.382206127047538757e-02,1.530095040798187256e-01,-1.418746113777160645e-01,4.472291469573974609e-02,-6.871941685676574707e-02,-4.084132909774780273e-01,-8.063783496618270874e-02,5.847848057746887207e-01,-4.953885450959205627e-02,2.537184953689575195e-02,-6.376793235540390015e-02,-1.135067362338304520e-02,3.901379555463790894e-02,-6.750164180994033813e-02,1.742783486843109131e-01,8.925604075193405151e-02,1.311693429946899414e+00,-4.435251653194427490e-02,-6.871640216559171677e-03,-2.780158817768096924e-02,5.505640991032123566e-03,-1.401757746934890747e-01,-4.266540333628654480e-02,1.306990265846252441e+00,3.453769907355308533e-02,1.961848698556423187e-02,-1.029364392161369324e-02
-7.698267698287963867e-01,6.431256234645843506e-02,8.609335422515869141e-01,9.398246183991432190e-03,2.500531263649463654e-02,-1.406938652507960796e-03,9.996421337127685547e-01,-8.509042859077453613e-02,-5.127293244004249573e-02,4.820117354393005371e-02,1.375562101602554321e-01,-1.535225510597229004e-01,4.340613260865211487e-02,-6.819976866245269775e-02,-4.116806089878082275e-01,-7.995499670505523682e-02,4.567896425724029541e-01,-1.815311424434185028e-02,3.693043440580368042e-02,-7.446245849132537842e-02,-8.573756553232669830e-03,3.659731894731521606e-02,-8.256513625383377075e-02,1.857573837041854858e-01,9.635357558727264404e-02,1.264846205711364746e+00,-3.631825372576713562e-02,-4.832670837640762329e-02,-3.917453438043594360e-02,1.104824710637331009e-02,-1.376062631607055664e-01,-4.459970816969871521e-02,1.309629559516906738e+00,3.126223757863044739e-02,1.476634293794631958e-02,-9.615678340196609497e-03
-7.528883218765258789e-01,6.452713161706924438e-02,8.592002391815185547e-01,1.394612248986959457e-02,2.686954103410243988e-02,-5.329219158738851547e-03,9.995274543762207031e-01,-9.558819234371185303e-02,-2.394819632172584534e-02,5.167922377586364746e-02,1.217400059103965759e-01,-1.647252738475799561e-01,4.046059399843215942e-02,-7.034101337194442749e-02,-4.112503230571746826e-01,-8.015853166580200195e-02,3.311498165130615234e-01,2.532577328383922577e-02,3.984192386269569397e-02,-8.620075881481170654e-02,-3.932908643037080765e-03,3.386509791016578674e-02,-9.516859054565429688e-02,1.947885155677795410e-01,1.046771332621574402e-01,1.220451354980468750e+00,-3.152829408645629883e-02,-8.356013894081115723e-02,-4.726686701178550720e-02,1.838329806923866272e-02,-1.358581483364105225e-01,-4.659440740942955017e-02,1.311559677124023438e+00,3.023228049278259277e-02,1.088277157396078110e-02,-5.748504307121038437e-03
-7.283483743667602539e-01,6.529670208692550659e-02,8.559985756874084473e-01,1.981288939714431763e-02,2.955820783972740173e-02,-1.032757665961980820e-02,9.993132948875427246e-01,-1.099930256605148315e-01,1.292595453560352325e-02,5.380341410636901855e-02,1.031432300806045532e-01,-1.797197759151458740e-01,3.627961128950119019e-02,-7.310190796852111816e-02,-4.071106910705566406e-01,-8.957565575838088989e-02,1.797577291727066040e-01,7.971896976232528687e-02,4.805630445480346680e-02,-9.831508994102478027e-02,5.891451146453619003e-04,2.809909358620643616e-02,-1.074202507734298706e-01,2.021342068910598755e-01,1.160180419683456421e-01,1.169418215751647949e+00,-3.049611486494541168e-02,-1.282394975423812866e-01,-5.008913949131965637e-02,3.101662173867225647e-02,-1.372140049934387207e-01,-4.644497483968734741e-02,1.311097383499145508e+00,2.829375676810741425e-02,1.161776110529899597e-02,-1.072506653144955635e-03
-7.087427973747253418e-01,6.570141762495040894e-02,8.530102372169494629e-01,2.267006412148475647e-02,3.119096904993057251e-02,-1.380408927798271179e-02,9.991609454154968262e-01,-1.172102764248847961e-01,3.958135470747947693e-02,5.649828538298606873e-02,9.469619393348693848e-02,-1.916240304708480835e-01,3.547785803675651550e-02,-6.851977854967117310e-02,-3.989857435226440430e-01,-9.943035989999771118e-02,8.619982749223709106e-02,8.868741244077682495e-02,6.239998713135719299e-02,-1.020209714770317078e-01,2.105678897351026535e-03,2.350421063601970673e-02,-1.144445985555648804e-01,2.043549865484237671e-01,1.220875307917594910e-01,1.139356255531311035e+00,-3.240641206502914429e-02,-1.531133353710174561e-01,-4.897752031683921814e-02,4.141842946410179138e-02,-1.400872319936752319e-01,-4.406403377652168274e-02,1.309758186340332031e+00,2.679139003157615662e-02,1.485889963805675507e-02,1.231253147125244141e-03
-6.878083944320678711e-01,6.527188420295715332e-02,8.494831919670104980e-01,2.369491755962371826e-02,3.185417130589485168e-02,-1.668811589479446411e-02,9.990722537040710449e-01,-1.192754805088043213e-01,6.507469713687896729e-02,5.764741078019142151e-02,9.476671367883682251e-02,-2.066487371921539307e-01,3.692635893821716309e-02,-5.877183005213737488e-02,-3.876357376575469971e-01,-9.474319219589233398e-02,2.171651832759380341e-02,7.655058801174163818e-02,7.787702977657318115e-02,-9.994612634181976318e-02,1.456521800719201565e-03,2.005313336849212646e-02,-1.195902004837989807e-01,2.042660117149353027e-01,1.233981549739837646e-01,1.117408394813537598e+00,-3.521981462836265564e-02,-1.697309315204620361e-01,-4.625256359577178955e-02,5.192314088344573975e-02,-1.445616483688354492e-01,-3.990828618407249451e-02,1.308328986167907715e+00,2.432401292026042938e-02,1.865365915000438690e-02,5.620990879833698273e-03
-6.571655869483947754e-01,6.315763294696807861e-02,8.448463678359985352e-01,2.202831208705902100e-02,3.132233768701553345e-02,-1.779001392424106598e-02,9.991081953048706055e-01,-1.121172159910202026e-01,9.376475960016250610e-02,6.048336252570152283e-02,1.144489124417304993e-01,-2.284644246101379395e-01,3.180205821990966797e-02,-4.412396252155303955e-02,-3.720777630805969238e-01,-6.654046475887298584e-02,-1.529996865428984165e-03,5.645741894841194153e-02,6.729535758495330811e-02,-8.782185614109039307e-02,-7.097112946212291718e-03,1.666133105754852295e-02,-1.216034218668937683e-01,2.006983608007431030e-01,1.207095533609390259e-01,1.101118445396423340e+00,-3.320125490427017212e-02,-1.788836717605590820e-01,-4.418125748634338379e-02,6.437300145626068115e-02,-1.492909938097000122e-01,-3.367169201374053955e-02,1.309738278388977051e+00,1.943511329591274261e-02,1.951811835169792175e-02,9.408799931406974792e-03
-6.324342489242553711e-01,6.043480336666107178e-02,8.425173759460449219e-01,1.911862008273601532e-02,3.089997544884681702e-02,-1.704020053148269653e-02,9.991943240165710449e-01,-9.971032291650772095e-02,1.082800179719924927e-01,6.463639438152313232e-02,1.443007737398147583e-01,-2.440339028835296631e-01,1.513695530593395233e-02,-2.923759818077087402e-02,-3.697697520256042480e-01,-5.299025401473045349e-02,3.617687150835990906e-02,6.984756886959075928e-02,2.025606296956539154e-02,-7.330115139484405518e-02,-1.761331409215927124e-02,1.394903007894754410e-02,-1.184433549642562866e-01,1.967439502477645874e-01,1.175565719604492188e-01,1.097454309463500977e+00,-3.607993200421333313e-02,-1.787653565406799316e-01,-4.068996384739875793e-02,7.083253562450408936e-02,-1.502725630998611450e-01,-2.967612072825431824e-02,1.314372181892395020e+00,1.440675090998411179e-02,1.518107671290636063e-02,1.208297163248062134e-02
-6.064432263374328613e-01,5.675910040736198425e-02,8.417660593986511230e-01,1.598559692502021790e-02,3.034222498536109924e-02,-1.595960557460784912e-02,9.992842674255371094e-01,-8.410242944955825806e-02,1.154358685016632080e-01,6.732595711946487427e-02,1.908791363239288330e-01,-2.668067514896392822e-01,-3.329751314595341682e-03,-1.301072351634502411e-02,-3.694941997528076172e-01,-3.188769519329071045e-02,8.556705713272094727e-02,8.814074844121932983e-02,-5.548430606722831726e-03,-5.804991349577903748e-02,-2.760962955653667450e-02,1.111040636897087097e-02,-1.091601550579071045e-01,1.931623220443725586e-01,1.144185811281204224e-01,1.099427819252014160e+00,-3.012623637914657593e-02,-1.774811297655105591e-01,-4.361107572913169861e-02,7.585934549570083618e-02,-1.477933824062347412e-01,-2.915678173303604126e-02,1.321272611618041992e+00,7.970204576849937439e-03,6.561478134244680405e-03,1.350311841815710068e-02
-5.702875256538391113e-01,5.121451243758201599e-02,8.440636992454528809e-01,7.530984003096818924e-03,2.764318510890007019e-02,-1.621312648057937622e-02,9.994580149650573730e-01,-5.385967344045639038e-02,1.111934110522270203e-01,7.579182088375091553e-02,2.851790785789489746e-01,-3.036999702453613281e-01,-2.446826547384262085e-02,2.112153917551040649e-02,-3.647366762161254883e-01,1.645779935643076897e-03,1.593030095100402832e-01,1.024693846702575684e-01,-1.354958675801753998e-02,-2.585438266396522522e-02,-4.219679161906242371e-02,1.245285756886005402e-02,-8.857524394989013672e-02,1.873053610324859619e-01,1.115732192993164062e-01,1.111896514892578125e+00,-2.208173461258411407e-02,-1.582363694906234741e-01,-3.317973762750625610e-02,7.953867316246032715e-02,-1.451081037521362305e-01,-2.513325586915016174e-02,1.331631422042846680e+00,7.065103854984045029e-03,-7.707659620791673660e-03,1.753474399447441101e-02
-5.421853661537170410e-01,4.696896672248840332e-02,8.476189970970153809e-01,2.463848097249865532e-03,2.451032027602195740e-02,-1.572779752314090729e-02,9.995728135108947754e-01,-3.165334835648536682e-02,8.776668459177017212e-02,8.407441526651382446e-02,3.888804316520690918e-01,-3.131326138973236084e-01,-4.336022585630416870e-02,4.406775534152984619e-02,-3.468933999538421631e-01,2.328683994710445404e-02,2.036485075950622559e-01,8.193939179182052612e-02,-3.175724670290946960e-02,-4.459182731807231903e-03,-5.347400158643722534e-02,1.381714828312397003e-02,-6.838202476501464844e-02,1.825923025608062744e-01,1.062753275036811829e-01,1.131497621536254883e+00,-2.100999094545841217e-02,-1.387848854064941406e-01,-3.237096220254898071e-02,7.930122315883636475e-02,-1.461571753025054932e-01,-1.024107169359922409e-02,1.340096354484558105e+00,1.564833894371986389e-02,-1.646923273801803589e-02,2.517922781407833099e-02
-5.134580135345458984e-01,4.117510095238685608e-02,8.513756990432739258e-01,-2.896945923566818237e-03,2.033436857163906097e-02,-1.250862050801515579e-02,9.997107982635498047e-01,1.168441376648843288e-03,4.297204688191413879e-02,9.941814094781875610e-02,5.189259052276611328e-01,-2.621012330055236816e-01,-9.340175986289978027e-02,6.703250110149383545e-02,-3.136945366859436035e-01,4.258087649941444397e-02,2.291920334100723267e-01,5.030891671776771545e-02,-4.509842768311500549e-02,1.405254099518060684e-02,-6.460771709680557251e-02,1.578866690397262573e-02,-4.933951050043106079e-02,1.797783821821212769e-01,9.219002723693847656e-02,1.160005807876586914e+00,-1.842766068875789642e-02,-1.105464473366737366e-01,-2.810191549360752106e-02,7.761061936616897583e-02,-1.483521461486816406e-01,1.013525575399398804e-02,1.345721364021301270e+00,6.435054820030927658e-03,-1.630164682865142822e-02,3.716817125678062439e-02
-4.764484167098999023e-01,3.506337478756904602e-02,8.544369935989379883e-01,-1.357454154640436172e-02,1.515397988259792328e-02,-8.697068318724632263e-03,9.997552037239074707e-01,4.829248785972595215e-02,-4.835418984293937683e-02,1.041390672326087952e-01,7.051331996917724609e-01,-4.657051712274551392e-02,-8.378399163484573364e-02,1.000879257917404175e-01,-2.560363709926605225e-01,5.628780275583267212e-02,2.334758192300796509e-01,1.356476079672574997e-02,-5.578288435935974121e-02,4.641349986195564270e-02,-7.451210916042327881e-02,1.846534200012683868e-02,-3.050852008163928986e-02,1.758752763271331787e-01,6.508218497037887573e-02,1.203644394874572754e+00,-1.128663588315248489e-02,-7.142374664545059204e-02,-8.740123361349105835e-03,7.082007080316543579e-02,-1.580722182989120483e-01,3.616525977849960327e-02,1.345828771591186523e+00,-1.480559003539383411e-04,-1.169626880437135696e-02,4.225422069430351257e-02
-4.527891278266906738e-01,3.409990295767784119e-02,8.567392230033874512e-01,-1.762255840003490448e-02,1.355121005326509476e-02,-4.868832416832447052e-03,9.997410178184509277e-01,6.730328500270843506e-02,-1.170957311987876892e-01,1.095368042588233948e-01,8.138403296470642090e-01,-3.915114700794219971e-02,-3.759806230664253235e-02,1.067621931433677673e-01,-2.178028523921966553e-01,5.091127008199691772e-02,2.271481454372406006e-01,-1.106853410601615906e-02,-5.722184851765632629e-02,6.089729443192481995e-02,-7.597174495458602905e-02,1.775604858994483948e-02,-1.781691983342170715e-02,1.721493452787399292e-01,5.426234379410743713e-02,1.231896758079528809e+00,-3.498576814308762550e-03,-5.417237803339958191e-02,4.667217377573251724e-03,6.420053541660308838e-02,-1.699348390102386475e-01,4.686664044857025146e-02,1.336992263793945312e+00,-1.613679458387196064e-03,-6.558087770827114582e-04,4.029923304915428162e-02
-4.309246242046356201e-01,3.297013416886329651e-02,8.589985966682434082e-01,-1.896211318671703339e-02,1.233380101621150970e-02,-3.547220490872859955e-03,9.997378587722778320e-01,8.312144130468368530e-02,-1.822896599769592285e-01,1.260341852903366089e-01,8.811123967170715332e-01,-8.640106022357940674e-02,-1.616162434220314026e-02,1.087809726595878601e-01,-1.810655295848846436e-01,4.906625300645828247e-02,2.163137346506118774e-01,-2.818685397505760193e-02,-5.827832594513893127e-02,6.596074253320693970e-02,-6.747904419898986816e-02,1.830043643712997437e-02,-1.739878091029822826e-03,1.709783077239990234e-01,6.078336760401725769e-02,1.252369642257690430e+00,2.964731538668274879e-03,-4.050484299659729004e-02,1.541338860988616943e-02,5.510306358337402344e-02,-1.793774217367172241e-01,4.937069118022918701e-02,1.325148820877075195e+00,6.235931068658828735e-03,1.341368444263935089e-02,3.465029224753379822e-02
-4.028117060661315918e-01,3.113676421344280243e-02,8.615345358848571777e-01,-1.848350837826728821e-02,1.069140713661909103e-02,-3.388379467651247978e-03,9.997662305831909180e-01,9.623938798904418945e-02,-2.558516263961791992e-01,1.430386155843734741e-01,8.970789909362792969e-01,-1.279837042093276978e-01,7.116277236491441727e-03,1.062293723225593567e-01,-1.261802911758422852e-01,4.444874823093414307e-02,1.868104338645935059e-01,-4.282605648040771484e-02,-6.073769927024841309e-02,6.423144787549972534e-02,-4.803610220551490784e-02,1.985769905149936676e-02,2.576170116662979126e-02,1.747599840164184570e-01,8.305676281452178955e-02,1.271983981132507324e+00,-3.000163007527589798e-03,-2.370060794055461884e-02,1.433324441313743591e-02,4.159340634942054749e-02,-1.859827190637588501e-01,4.344470053911209106e-02,1.308479547500610352e+00,2.481598779559135437e-02,2.875529229640960693e-02,2.467607520520687103e-02
-3.824754655361175537e-01,3.020473569631576538e-02,8.627814650535583496e-01,-1.851384155452251434e-02,1.002200506627559662e-02,-2.897203201428055763e-03,9.997741580009460449e-01,1.061625480651855469e-01,-3.026775121688842773e-01,1.556261181831359863e-01,8.660994768142700195e-01,-1.421131491661071777e-01,1.388349942862987518e-02,1.042764857411384583e-01,-8.429136127233505249e-02,3.996535763144493103e-02,1.588656902313232422e-01,-4.998262226581573486e-02,-5.906666070222854614e-02,6.332283467054367065e-02,-3.489284589886665344e-02,1.991554349660873413e-02,4.885797947645187378e-02,1.822627186775207520e-01,1.026400625705718994e-01,1.280199050903320312e+00,-8.988186717033386230e-03,-1.253976579755544662e-02,1.390913873910903931e-02,3.029189445078372955e-02,-1.870416253805160522e-01,3.341197967529296875e-02,1.295765280723571777e+00,3.226257860660552979e-02,4.156277701258659363e-02,1.702504418790340424e-02
-3.628853559494018555e-01,2.944080159068107605e-02,8.631145954132080078e-01,-1.886374875903129578e-02,1.040173880755901337e-02,-2.939610276371240616e-03,9.997636079788208008e-01,1.165418401360511780e-01,-3.429813981056213379e-01,1.680287867784500122e-01,8.052997589111328125e-01,-1.394095718860626221e-01,1.393918879330158234e-02,1.034735143184661865e-01,-4.197854548692703247e-02,3.618840128183364868e-02,1.248223111033439636e-01,-5.942150577902793884e-02,-5.865656957030296326e-02,6.250496953725814819e-02,-2.191521599888801575e-02,1.865557953715324402e-02,7.137979567050933838e-02,1.923030912876129150e-01,1.212616041302680969e-01,1.285152435302734375e+00,-1.149104069918394089e-02,-5.903959739953279495e-03,1.797797344624996185e-02,1.712426915764808655e-02,-1.874239444732666016e-01,2.392682246863842010e-02,1.282535552978515625e+00,3.228257223963737488e-02,5.735519528388977051e-02,1.099398639053106308e-02
-3.372611105442047119e-01,2.826115302741527557e-02,8.621518611907958984e-01,-1.970465295016765594e-02,1.154147461056709290e-02,-3.207049099728465080e-03,9.997341036796569824e-01,1.311659514904022217e-01,-3.798126280307769775e-01,1.873410642147064209e-01,6.802977919578552246e-01,-1.123501136898994446e-01,5.689440295100212097e-03,1.036469116806983948e-01,1.067512854933738708e-02,3.410375863313674927e-02,8.373811095952987671e-02,-7.391432672739028931e-02,-5.615198984742164612e-02,6.209745630621910095e-02,-7.929575629532337189e-03,1.681148633360862732e-02,1.009676232933998108e-01,2.072707861661911011e-01,1.459212005138397217e-01,1.286738991737365723e+00,-9.428489953279495239e-03,-4.259214736521244049e-03,2.530857175588607788e-02,-3.223678329959511757e-03,-1.894627660512924194e-01,1.947953179478645325e-02,1.265130162239074707e+00,3.178333118557929993e-02,7.887616753578186035e-02,3.680324181914329529e-03
-3.181124627590179443e-01,2.822030521929264069e-02,8.604670166969299316e-01,-2.175321988761425018e-02,1.269323751330375671e-02,-3.031533909961581230e-03,9.996781945228576660e-01,1.433323323726654053e-01,-3.960764110088348389e-01,2.057026922702789307e-01,5.627992749214172363e-01,-7.481676340103149414e-02,-4.061264044139534235e-04,1.064345389604568481e-01,4.554609209299087524e-02,3.608381003141403198e-02,6.010380759835243225e-02,-8.315656334161758423e-02,-5.375577509403228760e-02,6.625182181596755981e-02,-3.123057307675480843e-03,1.507056783884763718e-02,1.233858093619346619e-01,2.170162647962570190e-01,1.672309637069702148e-01,1.285016059875488281e+00,-6.375845056027173996e-03,-6.169907283037900925e-03,3.186461329460144043e-02,-1.898979768157005310e-02,-1.930231004953384399e-01,2.145662717521190643e-02,1.252281188964843750e+00,3.329507634043693542e-02,9.209753572940826416e-02,-4.984806291759014130e-03
-2.987716794013977051e-01,2.911971695721149445e-02,8.579450845718383789e-01,-2.591565996408462524e-02,1.430057175457477570e-02,-2.608748618513345718e-03,9.995584487915039062e-01,1.564105302095413208e-01,-4.030269980430603027e-01,2.257102280855178833e-01,4.299118518829345703e-01,-2.667567878961563110e-02,-1.004534214735031128e-02,1.131498515605926514e-01,7.660591602325439453e-02,4.300912842154502869e-02,4.255046695470809937e-02,-9.287370741367340088e-02,-5.156221613287925720e-02,7.583604007959365845e-02,-3.940121270716190338e-03,1.211862638592720032e-02,1.450434923171997070e-01,2.237963825464248657e-01,1.862540543079376221e-01,1.284723162651062012e+00,2.076499862596392632e-03,-1.479521160945296288e-03,3.144470229744911194e-02,-3.412665799260139465e-02,-1.958047598600387573e-01,2.409421280026435852e-02,1.240701913833618164e+00,3.334410861134529114e-02,1.025512740015983582e-01,-1.479787100106477737e-02
-2.721520960330963135e-01,3.141837194561958313e-02,8.533823490142822266e-01,-3.273758292198181152e-02,1.599762775003910065e-02,-1.508609857410192490e-03,9.993348121643066406e-01,1.674066483974456787e-01,-3.995962142944335938e-01,2.485667765140533447e-01,2.475693523883819580e-01,3.526142984628677368e-02,-4.105867817997932434e-02,1.235736012458801270e-01,1.134926155209541321e-01,4.955614358186721802e-02,3.187861293554306030e-02,-1.112721040844917297e-01,-4.723937064409255981e-02,9.156149625778198242e-02,-1.031576935201883316e-02,8.680075407028198242e-03,1.704603880643844604e-01,2.296178787946701050e-01,2.110438197851181030e-01,1.285870194435119629e+00,7.472841534763574600e-03,1.081767375580966473e-03,4.188661649823188782e-02,-5.250424146652221680e-02,-1.972798109054565430e-01,2.707851491868495941e-02,1.229767799377441406e+00,3.611030802130699158e-02,1.131648123264312744e-01,-2.579826489090919495e-02
-2.517213225364685059e-01,3.434960544109344482e-02,8.493654131889343262e-01,-3.636752814054489136e-02,1.742078736424446106e-02,-8.551641258236486465e-06,9.991866350173950195e-01,1.613268554210662842e-01,-3.922734260559082031e-01,2.460100650787353516e-01,1.307157129049301147e-01,3.149639442563056946e-02,-5.017212405800819397e-02,1.271281242370605469e-01,1.339080333709716797e-01,4.725356400012969971e-02,3.771780058741569519e-02,-1.276791095733642578e-01,-4.429725185036659241e-02,9.951949119567871094e-02,-1.587589085102081299e-02,4.748085979372262955e-03,1.861257404088973999e-01,2.328827977180480957e-01,2.233164757490158081e-01,1.288461685180664062e+00,8.189272135496139526e-03,1.882621785625815392e-03,5.414285138249397278e-02,-6.446655839681625366e-02,-1.966244727373123169e-01,3.033712133765220642e-02,1.226384401321411133e+00,3.951269760727882385e-02,1.193684041500091553e-01,-3.020542673766613007e-02
-2.303585261106491089e-01,3.832869231700897217e-02,8.448408246040344238e-01,-3.778121247887611389e-02,1.819167472422122955e-02,2.357415156438946724e-03,9.991176724433898926e-01,1.436200141906738281e-01,-3.812745809555053711e-01,2.202765047550201416e-01,4.500259459018707275e-02,-8.462471887469291687e-03,-5.885025486350059509e-02,1.248325854539871216e-01,1.502181589603424072e-01,3.514845296740531921e-02,5.529164895415306091e-02,-1.518818289041519165e-01,-3.946252912282943726e-02,1.022968739271163940e-01,-2.093577757477760315e-02,6.326514994725584984e-04,1.994701623916625977e-01,2.360274344682693481e-01,2.274371087551116943e-01,1.290446877479553223e+00,1.287026051431894302e-02,4.215631342958658934e-04,6.335061788558959961e-02,-7.385817915201187134e-02,-1.946334242820739746e-01,3.484918549656867981e-02,1.227299928665161133e+00,4.182118922472000122e-02,1.187572851777076721e-01,-3.082032315433025360e-02
-1.986552178859710693e-01,4.416348040103912354e-02,8.391187191009521484e-01,-3.933674097061157227e-02,1.677027530968189240e-02,4.295172169804573059e-03,9.990760087966918945e-01,1.247799098491668701e-01,-3.631345927715301514e-01,1.721222549676895142e-01,-1.309138373471796513e-03,-5.042084679007530212e-02,-8.507621288299560547e-02,1.191773638129234314e-01,1.700799167156219482e-01,2.563249878585338593e-02,9.687211364507675171e-02,-1.844728589057922363e-01,-2.722038887441158295e-02,1.043429747223854065e-01,-2.536075562238693237e-02,-2.940877340734004974e-03,2.120753377676010132e-01,2.374871224164962769e-01,2.306787073612213135e-01,1.292982101440429688e+00,1.974593475461006165e-02,2.851429744623601437e-04,7.253125309944152832e-02,-7.964404672384262085e-02,-1.896956264972686768e-01,4.040545225143432617e-02,1.234312653541564941e+00,4.302506893873214722e-02,1.126688495278358459e-01,-3.301410004496574402e-02
-1.725735813379287720e-01,4.874007403850555420e-02,8.365276455879211426e-01,-3.811077401041984558e-02,1.426246296614408493e-02,4.906683694571256638e-03,9.991596937179565430e-01,1.085396558046340942e-01,-3.554926514625549316e-01,1.398464143276214600e-01,2.535046078264713287e-02,-5.075266584753990173e-02,-5.978820472955703735e-02,1.092988625168800354e-01,1.825010478496551514e-01,1.890577375888824463e-02,1.415422260761260986e-01,-2.131703644990921021e-01,-1.901853643357753754e-02,9.870383888483047485e-02,-2.301153726875782013e-02,-4.596480168402194977e-03,2.182976752519607544e-01,2.370052486658096313e-01,2.330724298954010010e-01,1.294520974159240723e+00,2.603303641080856323e-02,1.515502459369599819e-03,7.625053077936172485e-02,-7.691448181867599487e-02,-1.839926838874816895e-01,3.975151851773262024e-02,1.242003083229064941e+00,3.995963931083679199e-02,1.046089231967926025e-01,-4.039663076400756836e-02
-1.445461064577102661e-01,5.321250483393669128e-02,8.359569907188415527e-01,-3.746626526117324829e-02,1.045473385602235794e-02,3.796929959207773209e-03,9.992359876632690430e-01,9.617712348699569702e-02,-3.486106097698211670e-01,1.302329450845718384e-01,7.467487454414367676e-02,-2.983398735523223877e-02,-2.875463338568806648e-03,9.987939894199371338e-02,1.904207468032836914e-01,1.771466247737407684e-02,2.022801190614700317e-01,-2.453525215387344360e-01,-7.689550518989562988e-03,9.319587796926498413e-02,-1.684157364070415497e-02,-5.679029040038585663e-03,2.223716080188751221e-01,2.352422326803207397e-01,2.364527434110641479e-01,1.294700860977172852e+00,3.358754888176918030e-02,3.573459573090076447e-03,8.233755826950073242e-02,-6.735178828239440918e-02,-1.787094175815582275e-01,3.385837003588676453e-02,1.249191045761108398e+00,3.736559301614761353e-02,9.453181177377700806e-02,-4.255099594593048096e-02
-1.052550971508026123e-01,6.054681539535522461e-02,8.388385772705078125e-01,-3.294771164655685425e-02,5.296307150274515152e-03,8.401084924116730690e-04,9.994426965713500977e-01,7.082396000623703003e-02,-3.370801210403442383e-01,1.017682254314422607e-01,1.292224824428558350e-01,5.556304752826690674e-02,1.887323148548603058e-02,7.726245373487472534e-02,1.818857491016387939e-01,1.067369803786277771e-02,3.168972134590148926e-01,-2.883937358856201172e-01,1.046544127166271210e-02,7.633166760206222534e-02,-2.300339750945568085e-03,-6.427914835512638092e-03,2.238716781139373779e-01,2.314167022705078125e-01,2.388101816177368164e-01,1.292426705360412598e+00,3.261718899011611938e-02,2.682886552065610886e-03,8.669950067996978760e-02,-4.886899143457412720e-02,-1.743318140506744385e-01,2.480732277035713196e-02,1.257668375968933105e+00,3.791825845837593079e-02,8.085201680660247803e-02,-3.842963650822639465e-02
-7.562573254108428955e-02,6.693273782730102539e-02,8.427934646606445312e-01,-2.632106840610504150e-02,1.534092822112143040e-03,-5.025431164540350437e-04,9.996522665023803711e-01,4.218966513872146606e-02,-3.296688199043273926e-01,7.945175468921661377e-02,1.823006123304367065e-01,9.847232699394226074e-02,3.109805844724178314e-02,5.191352590918540955e-02,1.529822051525115967e-01,-7.283485028892755508e-03,4.336714148521423340e-01,-3.043670356273651123e-01,3.067091107368469238e-02,5.537794902920722961e-02,1.094816252589225769e-02,-6.481830030679702759e-03,2.180812209844589233e-01,2.284806966781616211e-01,2.327261269092559814e-01,1.292182445526123047e+00,2.780769951641559601e-02,2.455266658216714859e-03,8.480656892061233521e-02,-3.308597952127456665e-02,-1.697801053524017334e-01,1.581211388111114502e-02,1.265298604965209961e+00,3.405321761965751648e-02,6.747125089168548584e-02,-3.566857427358627319e-02
-4.716340824961662292e-02,7.413218170404434204e-02,8.471917510032653809e-01,-1.677563413977622986e-02,-2.156480448320508003e-03,-2.135774557245895267e-04,9.998569488525390625e-01,8.064853609539568424e-04,-3.164024353027343750e-01,4.393590986728668213e-02,2.347224056720733643e-01,8.807389438152313232e-02,4.142131656408309937e-02,1.523750182241201401e-02,1.003496795892715454e-01,-3.573155775666236877e-02,5.719639658927917480e-01,-2.482233792543411255e-01,5.944482982158660889e-02,2.718433924019336700e-02,2.398398891091346741e-02,-3.737084101885557175e-03,2.013667374849319458e-01,2.247280329465866089e-01,2.159512042999267578e-01,1.297075867652893066e+00,2.308514341711997986e-02,7.370359264314174652e-03,8.549656718969345093e-02,-1.999028399586677551e-02,-1.621810644865036011e-01,4.624532070010900497e-03,1.275350928306579590e+00,2.684547752141952515e-02,4.995996877551078796e-02,-3.304402530193328857e-02
-1.146374177187681198e-02,8.169066160917282104e-02,8.507040143013000488e-01,-2.824353985488414764e-03,-7.877075113356113434e-03,4.909054259769618511e-04,9.999648928642272949e-01,-5.295356735587120056e-02,-2.759081423282623291e-01,1.717109000310301781e-03,2.684017717838287354e-01,4.117434471845626831e-02,4.592386633157730103e-02,-3.531865775585174561e-02,-1.621525007067248225e-04,-5.922711268067359924e-02,7.686888575553894043e-01,-7.419663481414318085e-03,5.850887298583984375e-02,-1.255720667541027069e-02,3.847806900739669800e-02,7.116950582712888718e-03,1.674002557992935181e-01,2.185971587896347046e-01,1.820009946823120117e-01,1.305998682975769043e+00,2.612419240176677704e-02,1.346908416599035263e-02,7.350923866033554077e-02,-8.398716337978839874e-03,-1.506558954715728760e-01,-1.027042977511882782e-02,1.290073394775390625e+00,2.079734951257705688e-02,2.743504382669925690e-02,-2.814697101712226868e-02
1.208094600588083267e-02,8.514253795146942139e-02,8.524456620216369629e-01,5.537587217986583710e-03,-1.037359610199928284e-02,-1.331222360022366047e-03,9.999299645423889160e-01,-7.865588366985321045e-02,-2.379532307386398315e-01,-5.294394213706254959e-03,2.669164240360260010e-01,1.129442546516656876e-02,5.221505835652351379e-02,-6.395441293716430664e-02,-7.619606703519821167e-02,-6.926330178976058960e-02,8.852539062500000000e-01,1.215418800711631775e-01,3.264796361327171326e-02,-3.737230598926544189e-02,4.715649038553237915e-02,1.386739872395992279e-02,1.388384401798248291e-01,2.158102244138717651e-01,1.541536301374435425e-01,1.308141589164733887e+00,1.898869685828685760e-02,1.331903692334890366e-02,7.031593471765518188e-02,-3.140613203868269920e-03,-1.459258496761322021e-01,-1.175817195326089859e-02,1.298731684684753418e+00,2.610749937593936920e-02,1.952221058309078217e-02,-2.345986850559711456e-02
3.320319950580596924e-02,8.714825659990310669e-02,8.557884097099304199e-01,7.705301512032747269e-03,-1.096677966415882111e-02,-3.873994108289480209e-03,9.999026656150817871e-01,-8.410371840000152588e-02,-2.007497102022171021e-01,9.744566632434725761e-04,2.526806294918060303e-01,-8.708432316780090332e-03,5.167372152209281921e-02,-7.150293141603469849e-02,-1.458392292261123657e-01,-6.655976176261901855e-02,9.702135920524597168e-01,6.328786164522171021e-02,3.013238869607448578e-02,-4.595623165369033813e-02,4.655775055289268494e-02,1.672334410250186920e-02,1.092711687088012695e-01,2.122247815132141113e-01,1.248392313718795776e-01,1.307169437408447266e+00,5.692163482308387756e-03,9.497099556028842926e-03,6.105226650834083557e-02,8.108370238915085793e-04,-1.474806815385818481e-01,-3.538807854056358337e-03,1.303685545921325684e+00,2.817855775356292725e-02,1.909830980002880096e-02,-1.585633307695388794e-02
6.008652225136756897e-02,9.118180721998214722e-02,8.595963716506958008e-01,7.258826401084661484e-03,-1.109424419701099396e-02,-3.938315901905298233e-03,9.999043345451354980e-01,-8.629252016544342041e-02,-1.510564982891082764e-01,5.565540399402379990e-03,2.263468503952026367e-01,-2.924777381122112274e-02,4.713400825858116150e-02,-7.443110644817352295e-02,-2.228721827268600464e-01,-6.893283873796463013e-02,1.005706071853637695e+00,2.212654240429401398e-02,2.519022114574909210e-02,-4.777339473366737366e-02,3.394741192460060120e-02,1.841953583061695099e-02,6.554657220840454102e-02,2.055681794881820679e-01,8.072863519191741943e-02,1.304721832275390625e+00,-6.440689787268638611e-03,3.203861415386199951e-03,4.778698086738586426e-02,8.047667331993579865e-03,-1.543200612068176270e-01,3.829019260592758656e-04,1.301897525787353516e+00,2.138295397162437439e-02,2.484662644565105438e-02,-1.708948425948619843e-02
7.938683778047561646e-02,9.496377408504486084e-02,8.620301485061645508e-01,5.853880662471055984e-03,-1.056890841573476791e-02,-2.472767606377601624e-03,9.999239444732666016e-01,-8.655967563390731812e-02,-1.142555102705955505e-01,8.053466677665710449e-03,2.030719220638275146e-01,-4.369417205452919006e-02,4.711243510246276855e-02,-7.609654217958450317e-02,-2.680799663066864014e-01,-7.500025629997253418e-02,9.856366515159606934e-01,-2.313946560025215149e-02,2.495088241994380951e-02,-4.656816646456718445e-02,2.066548354923725128e-02,1.767954602837562561e-02,3.293361142277717590e-02,1.994242966175079346e-01,5.582459643483161926e-02,1.299189090728759766e+00,-1.213042438030242920e-02,-4.222239833325147629e-03,3.957856073975563049e-02,1.618099398910999298e-02,-1.590256243944168091e-01,-5.574636626988649368e-03,1.297276020050048828e+00,1.031292602419853210e-02,3.061126917600631714e-02,-1.644397899508476257e-02
9.784033894538879395e-02,9.831494092941284180e-02,8.635357022285461426e-01,4.170827101916074753e-03,-8.964280597865581512e-03,-2.189216436818242073e-03,9.999487400054931641e-01,-8.535997569561004639e-02,-8.064853399991989136e-02,1.601515151560306549e-02,1.803250461816787720e-01,-6.188819929957389832e-02,4.656569287180900574e-02,-7.558178901672363281e-02,-3.080288767814636230e-01,-8.094596862792968750e-02,9.355550408363342285e-01,-7.040330022573471069e-02,1.558134984225034714e-02,-4.454379528760910034e-02,8.713363669812679291e-03,1.486626267433166504e-02,4.818118643015623093e-03,1.945449113845825195e-01,4.452584683895111084e-02,1.285118937492370605e+00,-1.297582872211933136e-02,-2.313908562064170837e-02,3.465385362505912781e-02,2.547955140471458435e-02,-1.646522581577301025e-01,-1.544479932636022568e-02,1.290241718292236328e+00,3.950045444071292877e-03,3.723845630884170532e-02,-1.395964249968528748e-02
1.212514862418174744e-01,1.019446998834609985e-01,8.636281490325927734e-01,5.752886179834604263e-03,-4.690467845648527145e-03,-2.997244009748101234e-03,9.999679327011108398e-01,-9.246248751878738403e-02,-3.524322807788848877e-02,2.070291712880134583e-02,1.387953311204910278e-01,-8.388564735651016235e-02,4.628718644380569458e-02,-8.456772565841674805e-02,-3.578369319438934326e-01,-9.497438371181488037e-02,8.350397944450378418e-01,-8.798219263553619385e-02,1.367215905338525772e-02,-5.090975761413574219e-02,3.625428944360464811e-04,9.443274699151515961e-03,-2.845607139170169830e-02,1.926396042108535767e-01,4.304877668619155884e-02,1.256039977073669434e+00,-1.863165199756622314e-02,-5.721389129757881165e-02,2.242304198443889618e-02,3.581998124718666077e-02,-1.705207824707031250e-01,-2.896819263696670532e-02,1.281065464019775391e+00,7.067373488098382950e-03,4.787458851933479309e-02,-1.329049747437238693e-02
1.385370641946792603e-01,1.036481782793998718e-01,8.626649975776672363e-01,7.940316572785377502e-03,-1.214595395140349865e-03,-4.761604592204093933e-03,9.999564290046691895e-01,-9.917353838682174683e-02,-7.520966231822967529e-03,2.354215085506439209e-02,1.176159977912902832e-01,-1.010939255356788635e-01,4.731970652937889099e-02,-8.914875984191894531e-02,-3.840637207031250000e-01,-1.006355285644531250e-01,7.306927442550659180e-01,-7.777502387762069702e-02,2.245222404599189758e-02,-5.835326015949249268e-02,-1.332332263700664043e-03,6.078876089304685593e-03,-5.027264356613159180e-02,1.961522847414016724e-01,4.298795387148857117e-02,1.228450179100036621e+00,-2.409425936639308929e-02,-8.195381611585617065e-02,1.096536591649055481e-02,4.217467457056045532e-02,-1.723379492759704590e-01,-3.813543170690536499e-02,1.275933027267456055e+00,6.140766199678182602e-03,5.154703557491302490e-02,-1.407741289585828781e-02
1.557812094688415527e-01,1.043819859623908997e-01,8.611022830009460449e-01,1.131825335323810577e-02,2.590310527011752129e-03,-6.359564140439033508e-03,9.999123811721801758e-01,-1.076664850115776062e-01,1.624627783894538879e-02,2.318096533417701721e-02,1.021662354469299316e-01,-1.170841455459594727e-01,4.882948473095893860e-02,-9.378723800182342529e-02,-4.003939330577850342e-01,-1.063237711787223816e-01,6.060410737991333008e-01,-4.965816438198089600e-02,3.300479799509048462e-02,-6.850526481866836548e-02,-1.855829264968633652e-03,2.749879844486713409e-03,-7.042516022920608521e-02,2.011380940675735474e-01,4.531565681099891663e-02,1.200536251068115234e+00,-2.572695352137088776e-02,-1.066939979791641235e-01,-3.835835726931691170e-03,4.621930792927742004e-02,-1.707077622413635254e-01,-4.081162065267562866e-02,1.276495575904846191e+00,3.209820715710520744e-03,4.795575514435768127e-02,-1.880455762147903442e-02
1.803991496562957764e-01,1.038114801049232483e-01,8.581579923629760742e-01,1.895572058856487274e-02,5.822938401252031326e-03,-9.557510726153850555e-03,9.997577071189880371e-01,-1.238595917820930481e-01,5.054379627108573914e-02,2.378465980291366577e-02,8.662761747837066650e-02,-1.332031041383743286e-01,4.851821437478065491e-02,-1.028306037187576294e-01,-4.054709076881408691e-01,-1.118569001555442810e-01,4.235419034957885742e-01,8.136056363582611084e-03,4.327150806784629822e-02,-8.903735876083374023e-02,4.206470679491758347e-03,6.184622761793434620e-04,-9.132031351327896118e-02,2.074344754219055176e-01,4.893764853477478027e-02,1.168156623840332031e+00,-2.660480514168739319e-02,-1.326774656772613525e-01,-1.926663890480995178e-02,5.084532871842384338e-02,-1.633195132017135620e-01,-4.328021779656410217e-02,1.283437490463256836e+00,3.939535468816757202e-03,3.606583550572395325e-02,-1.689686626195907593e-02
2.001429498195648193e-01,1.030697077512741089e-01,8.552148342132568359e-01,2.455601841211318970e-02,8.873007260262966156e-03,-1.121179200708866119e-02,9.995961785316467285e-01,-1.354613900184631348e-01,7.277635484933853149e-02,2.076430991291999817e-02,8.110412955284118652e-02,-1.415021717548370361e-01,5.016219988465309143e-02,-1.076748147606849670e-01,-4.030401408672332764e-01,-1.156013160943984985e-01,2.854144275188446045e-01,5.312363803386688232e-02,4.544151946902275085e-02,-1.019766256213188171e-01,6.666032131761312485e-03,-3.793018171563744545e-03,-1.029833853244781494e-01,2.103577405214309692e-01,4.881808534264564514e-02,1.152772665023803711e+00,-3.472216054797172546e-02,-1.456490159034729004e-01,-2.447162941098213196e-02,5.635740607976913452e-02,-1.585654616355895996e-01,-4.236699640750885010e-02,1.289645075798034668e+00,6.498344708234071732e-03,2.887015789747238159e-02,-5.997171159833669662e-03
2.208872884511947632e-01,1.026439294219017029e-01,8.517963886260986328e-01,2.861356735229492188e-02,1.219500135630369186e-02,-1.212442852556705475e-02,9.994426369667053223e-01,-1.437488645315170288e-01,8.996442705392837524e-02,1.698541268706321716e-02,8.631252497434616089e-02,-1.550834327936172485e-01,5.288207530975341797e-02,-1.068366020917892456e-01,-3.952379226684570312e-01,-1.212863847613334656e-01,1.538136899471282959e-01,8.118837326765060425e-02,4.788497090339660645e-02,-1.092368066310882568e-01,6.228742655366659164e-03,-9.145835414528846741e-03,-1.097067669034004211e-01,2.095967978239059448e-01,5.038685351610183716e-02,1.143220424652099609e+00,-3.925384581089019775e-02,-1.530389189720153809e-01,-2.757093682885169983e-02,6.313267350196838379e-02,-1.558165848255157471e-01,-4.143584519624710083e-02,1.294819831848144531e+00,6.569514982402324677e-03,2.525440603494644165e-02,-1.707482384517788887e-03
2.499221265316009521e-01,1.010957732796669006e-01,8.464433550834655762e-01,2.975977398455142975e-02,1.597924903035163879e-02,-1.309714373201131821e-02,9.993435144424438477e-01,-1.440019458532333374e-01,1.072705760598182678e-01,1.875715702772140503e-02,1.079651564359664917e-01,-1.769937574863433838e-01,5.094879493117332458e-02,-8.605986833572387695e-02,-3.766357004642486572e-01,-1.251150518655776978e-01,5.605812184512615204e-03,7.805702835321426392e-02,7.459453493356704712e-02,-1.075762659311294556e-01,2.997148316353559494e-03,-1.362351700663566589e-02,-1.162007898092269897e-01,2.050123959779739380e-01,4.769670218229293823e-02,1.142959594726562500e+00,-4.328324273228645325e-02,-1.508453488349914551e-01,-2.623856626451015472e-02,7.348775863647460938e-02,-1.536663919687271118e-01,-4.334914684295654297e-02,1.298470497131347656e+00,2.413612324744462967e-03,2.226508036255836487e-02,-8.755242452025413513e-04
2.735252678394317627e-01,9.901812672615051270e-02,8.419834375381469727e-01,2.979354932904243469e-02,1.760795339941978455e-02,-1.361590251326560974e-02,9.993082284927368164e-01,-1.409089714288711548e-01,1.205753684043884277e-01,1.922101341187953949e-02,1.309623122215270996e-01,-1.925965845584869385e-01,4.806463047862052917e-02,-7.305803149938583374e-02,-3.815583586692810059e-01,-1.131354197859764099e-01,-1.740000024437904358e-02,2.047662623226642609e-02,1.001407727599143982e-01,-1.034968644380569458e-01,4.321713931858539581e-04,-1.552193518728017807e-02,-1.142360121011734009e-01,2.009692937135696411e-01,4.383953660726547241e-02,1.148944258689880371e+00,-4.209266230463981628e-02,-1.490026116371154785e-01,-3.529038280248641968e-02,8.224003016948699951e-02,-1.533547043800354004e-01,-4.317261651158332825e-02,1.300722837448120117e+00,1.931754988618195057e-03,2.074709907174110413e-02,7.918775081634521484e-04
2.986164987087249756e-01,9.649863839149475098e-02,8.374388813972473145e-01,2.999205328524112701e-02,1.810633949935436249e-02,-1.357497740536928177e-02,9.992939233779907227e-01,-1.361618489027023315e-01,1.333507150411605835e-01,1.664574630558490753e-02,1.630771756172180176e-01,-2.179338485002517700e-01,3.828211501240730286e-02,-6.343412399291992188e-02,-3.721969127655029297e-01,-9.019856154918670654e-02,-1.740000024437904358e-02,-3.978944569826126099e-02,1.090657934546470642e-01,-9.842114895582199097e-02,-3.319508163258433342e-03,-1.676040701568126678e-02,-1.060440093278884888e-01,1.956947892904281616e-01,4.143415391445159912e-02,1.159686923027038574e+00,-3.515876829624176025e-02,-1.356867849826812744e-01,-2.868017740547657013e-02,8.974907547235488892e-02,-1.544535607099533081e-01,-3.854314237833023071e-02,1.304215073585510254e+00,2.365156775340437889e-03,1.958271488547325134e-02,5.039185285568237305e-03
3.346669673919677734e-01,9.182289987802505493e-02,8.334103822708129883e-01,2.559567615389823914e-02,1.839729025959968567e-02,-1.248723082244396210e-02,9.994250535964965820e-01,-1.170877143740653992e-01,1.441632509231567383e-01,1.803762093186378479e-02,2.238848954439163208e-01,-2.666995227336883545e-01,1.951720565557479858e-02,-3.632262721657752991e-02,-3.426603078842163086e-01,-6.529792398214340210e-02,-9.686227887868881226e-03,-1.565862633287906647e-02,4.966341704130172729e-02,-7.884027063846588135e-02,-1.539957709610462189e-02,-1.980070210993289948e-02,-8.707696199417114258e-02,1.905372142791748047e-01,3.354829549789428711e-02,1.180500149726867676e+00,-3.082051500678062439e-02,-1.142998263239860535e-01,-2.193718776106834412e-02,9.778659045696258545e-02,-1.560876965522766113e-01,-3.093663789331912994e-02,1.310681700706481934e+00,-4.723098594695329666e-03,1.503987144678831100e-02,1.289066579192876816e-02
3.637295365333557129e-01,8.718462288379669189e-02,8.330618739128112793e-01,1.837500371038913727e-02,1.790662482380867004e-02,-9.638678282499313354e-03,9.996243119239807129e-01,-9.196178615093231201e-02,1.432103663682937622e-01,2.256215550005435944e-02,2.901057898998260498e-01,-3.044936060905456543e-01,2.399431774392724037e-03,-6.238210946321487427e-03,-3.340960741043090820e-01,-4.647967219352722168e-02,2.706415392458438873e-02,7.902629673480987549e-03,-5.422789137810468674e-03,-5.359173193573951721e-02,-3.050933405756950378e-02,-2.223864570260047913e-02,-6.521701067686080933e-02,1.884503066539764404e-01,2.968486770987510681e-02,1.195315837860107422e+00,-2.482443302869796753e-02,-1.022739112377166748e-01,-1.722384989261627197e-02,1.054292917251586914e-01,-1.563562303781509399e-01,-3.367187455296516418e-02,1.313451290130615234e+00,-1.195063628256320953e-02,1.047858316451311111e-02,1.402852870523929596e-02
3.938362300395965576e-01,8.216762542724609375e-02,8.354909420013427734e-01,1.015676930546760559e-02,1.640963926911354065e-02,-7.250061258673667908e-03,9.997874498367309570e-01,-6.333486735820770264e-02,1.281592100858688354e-01,3.394035995006561279e-02,3.821430206298828125e-01,-3.371277451515197754e-01,-1.943772286176681519e-02,2.246338315308094025e-02,-3.261343836784362793e-01,-2.913220226764678955e-02,7.281944900751113892e-02,3.871967270970344543e-02,-1.313426624983549118e-02,-2.586393617093563080e-02,-4.199305921792984009e-02,-2.344832383096218109e-02,-4.168887808918952942e-02,1.864751875400543213e-01,2.564575709402561188e-02,1.212814569473266602e+00,-2.105148322880268097e-02,-8.641226589679718018e-02,-6.565582007169723511e-03,1.137203052639961243e-01,-1.570796072483062744e-01,-3.788857534527778625e-02,1.315304756164550781e+00,-1.212563179433345795e-02,5.503858439624309540e-03,1.450782269239425659e-02
4.348325729370117188e-01,7.499840110540390015e-02,8.414137959480285645e-01,-5.059579270891845226e-04,1.139429304748773575e-02,-8.593447506427764893e-03,9.998980164527893066e-01,-1.804402098059654236e-02,8.082463592290878296e-02,6.520585715770721436e-02,5.433264970779418945e-01,-2.985879480838775635e-01,-7.720424979925155640e-02,6.263978034257888794e-02,-3.092696368694305420e-01,-1.458474784158170223e-03,1.430040001869201660e-01,5.849804729223251343e-02,-2.813271619379520416e-02,6.758510600775480270e-03,-4.299924150109291077e-02,-1.907174475491046906e-02,-1.323548145592212677e-02,1.822127401828765869e-01,2.551379427313804626e-02,1.242565035820007324e+00,-1.078057941049337387e-02,-5.696719139814376831e-02,3.097947686910629272e-03,1.191813424229621887e-01,-1.619180291891098022e-01,-2.536836825311183929e-02,1.319158673286437988e+00,-3.255472751334309578e-03,4.452535416930913925e-03,2.776624448597431183e-02
4.645332694053649902e-01,7.050336897373199463e-02,8.454573750495910645e-01,-1.200862042605876923e-02,6.486156955361366272e-03,-1.229029707610607147e-02,9.998313188552856445e-01,2.511245943605899811e-02,2.792815677821636200e-02,8.460301160812377930e-02,6.761755943298339844e-01,-1.891690045595169067e-01,-1.169639974832534790e-01,1.057918518781661987e-01,-2.889398336410522461e-01,4.469419270753860474e-02,1.923075020313262939e-01,4.717351868748664856e-02,-4.604433104395866394e-02,3.834108263254165649e-02,-4.268510267138481140e-02,-1.166725344955921173e-02,6.675829645246267319e-03,1.760738044977188110e-01,3.880945965647697449e-02,1.264802932739257812e+00,-1.757032121531665325e-03,-3.457334265112876892e-02,1.177881378680467606e-02,1.155905947089195251e-01,-1.719017028808593750e-01,-1.069075544364750385e-03,1.320874810218811035e+00,-1.406416948884725571e-02,1.100719440728425980e-02,3.665304556488990784e-02
4.926754832267761230e-01,6.783542037010192871e-02,8.477995991706848145e-01,-2.135608159005641937e-02,1.915920875035226345e-03,-1.534116826951503754e-02,9.996523857116699219e-01,5.612308904528617859e-02,-3.779752179980278015e-02,8.822011947631835938e-02,7.963856458663940430e-01,2.389006689190864563e-02,-9.290945529937744141e-02,1.379225850105285645e-01,-2.588090896606445312e-01,7.825430482625961304e-02,2.224672287702560425e-01,2.352513000369071960e-02,-6.372340768575668335e-02,6.314598768949508667e-02,-4.152097553014755249e-02,-3.922615200281143188e-03,2.652124688029289246e-02,1.695882230997085571e-01,6.276308745145797729e-02,1.284969210624694824e+00,2.310492796823382378e-03,-1.273855194449424744e-02,1.747884415090084076e-02,1.054907664656639099e-01,-1.828919798135757446e-01,2.782030031085014343e-02,1.321351408958435059e+00,-1.664358377456665039e-02,1.241537928581237793e-02,3.988537192344665527e-02
5.252209901809692383e-01,6.407482922077178955e-02,8.513441085815429688e-01,-2.619583159685134888e-02,-1.807160442695021629e-04,-1.309187151491641998e-02,9.995710849761962891e-01,8.213903754949569702e-02,-1.274828314781188965e-01,8.865106105804443359e-02,9.177883267402648926e-01,1.068991720676422119e-01,-6.133494898676872253e-02,1.506451815366744995e-01,-2.154587358236312866e-01,8.160454034805297852e-02,2.292328178882598877e-01,-3.282077144831418991e-03,-7.465727627277374268e-02,7.476862519979476929e-02,-3.884767740964889526e-02,-8.720431942492723465e-04,4.944502562284469604e-02,1.701722145080566406e-01,8.550229668617248535e-02,1.305474281311035156e+00,-2.706367522478103638e-03,7.259036414325237274e-03,2.251411788165569305e-02,8.762966841459274292e-02,-1.916457414627075195e-01,4.989619180560112000e-02,1.318991899490356445e+00,-9.022711776196956635e-03,1.131334435194730759e-02,3.220489621162414551e-02
5.476871728897094727e-01,6.116012856364250183e-02,8.546683788299560547e-01,-2.580703981220722198e-02,-2.299718791618943214e-03,-1.189771108329296112e-02,9.995934963226318359e-01,9.515015035867691040e-02,-1.859075725078582764e-01,9.517617523670196533e-02,9.709810018539428711e-01,3.269635513424873352e-02,-3.343397006392478943e-02,1.491600126028060913e-01,-1.788519322872161865e-01,8.015834540128707886e-02,2.229448407888412476e-01,-1.824410073459148407e-02,-7.702834904193878174e-02,7.304098457098007202e-02,-3.013969585299491882e-02,2.463411074131727219e-03,6.488939374685287476e-02,1.763495206832885742e-01,9.536954015493392944e-02,1.314783930778503418e+00,-6.045890040695667267e-03,1.554535795003175735e-02,2.503786794841289520e-02,7.171973586082458496e-02,-1.914335638284683228e-01,5.079791322350502014e-02,1.316930651664733887e+00,-4.379575606435537338e-03,7.991289719939231873e-03,2.150661498308181763e-02
5.689944624900817871e-01,5.834988132119178772e-02,8.573138713836669922e-01,-2.539832144975662231e-02,-3.784731961786746979e-03,-1.254974957555532455e-02,9.995914697647094727e-01,1.073210686445236206e-01,-2.368787229061126709e-01,1.047303080558776855e-01,9.805752635002136230e-01,-1.535020023584365845e-02,-1.242508739233016968e-02,1.473513990640640259e-01,-1.410389244556427002e-01,7.645455002784729004e-02,2.092686146497726440e-01,-3.307944536209106445e-02,-7.802160084247589111e-02,7.109403610229492188e-02,-1.810434646904468536e-02,5.170354619622230530e-03,8.057785779237747192e-02,1.827975362539291382e-01,1.107341647148132324e-01,1.317602515220642090e+00,1.947923330590128899e-03,2.047232538461685181e-02,2.701465226709842682e-02,5.701342225074768066e-02,-1.895147264003753662e-01,4.075676947832107544e-02,1.310993432998657227e+00,7.846580119803547859e-04,9.203916415572166443e-03,9.519188664853572845e-03
5.954887866973876953e-01,5.678003281354904175e-02,8.599193096160888672e-01,-2.374150790274143219e-02,-3.362653311342000961e-03,-1.549572497606277466e-02,9.995923638343811035e-01,1.170999035239219666e-01,-2.962437272071838379e-01,1.207727566361427307e-01,9.412791728973388672e-01,-7.132007181644439697e-02,4.020823165774345398e-03,1.395102441310882568e-01,-9.050005674362182617e-02,7.128329575061798096e-02,1.760924905538558960e-01,-4.896470904350280762e-02,-7.547843456268310547e-02,6.614266335964202881e-02,1.751961070112884045e-03,5.598470568656921387e-03,1.024835258722305298e-01,1.919732391834259033e-01,1.409062743186950684e-01,1.313782930374145508e+00,6.865327246487140656e-03,1.846987009048461914e-02,2.872778847813606262e-02,3.782508894801139832e-02,-1.877679526805877686e-01,2.630223706364631653e-02,1.299221634864807129e+00,7.747149560600519180e-03,1.952674984931945801e-02,-3.268823260441422462e-03
6.144000291824340820e-01,5.598858743906021118e-02,8.609424829483032227e-01,-2.284085750579833984e-02,-1.934687141329050064e-03,-1.731983385980129242e-02,9.995871782302856445e-01,1.222358569502830505e-01,-3.325314819812774658e-01,1.296934783458709717e-01,8.777557611465454102e-01,-1.040472388267517090e-01,9.211273863911628723e-03,1.343018114566802979e-01,-5.328057333827018738e-02,6.898842751979827881e-02,1.468849331140518188e-01,-6.130184978246688843e-02,-7.401154190301895142e-02,6.318992376327514648e-02,1.432728208601474762e-02,4.558768589049577713e-03,1.181644275784492493e-01,1.990738511085510254e-01,1.643827259540557861e-01,1.308452606201171875e+00,4.166573751717805862e-03,1.415890920907258987e-02,3.155172243714332581e-02,2.446488477289676666e-02,-1.893144249916076660e-01,2.006658911705017090e-02,1.286581873893737793e+00,1.162373740226030350e-02,3.132887557148933411e-02,-1.169804390519857407e-02
6.329052448272705078e-01,5.504316464066505432e-02,8.609147667884826660e-01,-2.358064986765384674e-02,-1.214757048728642985e-05,-1.791616529226303101e-02,9.995613694190979004e-01,1.324536949396133423e-01,-3.619556128978729248e-01,1.420683115720748901e-01,7.908318638801574707e-01,-1.078155860304832458e-01,1.578713534399867058e-03,1.334469020366668701e-01,-1.678461022675037384e-02,6.726495176553726196e-02,1.164911985397338867e-01,-7.246275991201400757e-02,-7.507489621639251709e-02,6.454598158597946167e-02,2.033778652548789978e-02,3.368226811289787292e-03,1.320577114820480347e-01,2.043617814779281616e-01,1.867934316396713257e-01,1.303196191787719727e+00,1.831253175623714924e-03,1.065153628587722778e-02,3.368435055017471313e-02,1.078596431761980057e-02,-1.940601021051406860e-01,2.115247957408428192e-02,1.272177934646606445e+00,1.175203733146190643e-02,4.777002334594726562e-02,-1.925756968557834625e-02
6.570813655853271484e-01,5.457114055752754211e-02,8.597347736358642578e-01,-2.680627442896366119e-02,2.811416285112500191e-03,-1.731472089886665344e-02,9.994867444038391113e-01,1.498539745807647705e-01,-3.870701491832733154e-01,1.629380732774734497e-01,6.428406238555908203e-01,-9.180467575788497925e-02,-1.937787747010588646e-03,1.366246491670608521e-01,2.833584323525428772e-02,6.208551302552223206e-02,8.020503818988800049e-02,-8.387500792741775513e-02,-7.391548901796340942e-02,7.257764786481857300e-02,1.905773766338825226e-02,2.246272517368197441e-03,1.469075828790664673e-01,2.073877155780792236e-01,2.130948007106781006e-01,1.298595309257507324e+00,2.445984166115522385e-03,1.153704989701509476e-02,3.452105447649955750e-02,-8.252167142927646637e-03,-2.007423490285873413e-01,2.686535753309726715e-02,1.254380226135253906e+00,6.730522494763135910e-03,7.017917186021804810e-02,-2.815032564103603363e-02
6.753745675086975098e-01,5.458199977874755859e-02,8.579968214035034180e-01,-3.076198138296604156e-02,5.447559058666229248e-03,-1.684579811990261078e-02,9.993699193000793457e-01,1.655739843845367432e-01,-3.970355093479156494e-01,1.833296269178390503e-01,5.131382346153259277e-01,-4.745380952954292297e-02,-1.226414181292057037e-02,1.422949880361557007e-01,5.835387110710144043e-02,5.967066437005996704e-02,5.871767178177833557e-02,-9.359090030193328857e-02,-7.158821076154708862e-02,8.284812420606613159e-02,1.512456592172384262e-02,4.694069793913513422e-04,1.556983739137649536e-01,2.075121849775314331e-01,2.272139638662338257e-01,1.296417474746704102e+00,6.773251108825206757e-03,1.319374702870845795e-02,3.358511999249458313e-02,-2.141490206122398376e-02,-2.035789638757705688e-01,2.768625132739543915e-02,1.243724346160888672e+00,6.650310009717941284e-03,8.481412380933761597e-02,-3.488129004836082458e-02
6.941723823547363281e-01,5.440121889114379883e-02,8.555173277854919434e-01,-3.601415827870368958e-02,8.095508441329002380e-03,-1.621245034039020538e-02,9.991869926452636719e-01,1.835913658142089844e-01,-3.996497392654418945e-01,2.129675894975662231e-01,3.739968240261077881e-01,1.524801552295684814e-02,-2.725419215857982635e-02,1.510512679815292358e-01,8.718244731426239014e-02,5.926366522908210754e-02,4.117844626307487488e-02,-1.051698327064514160e-01,-6.832826882600784302e-02,9.571987390518188477e-02,9.136861190199851990e-03,-1.609875820577144623e-03,1.620101779699325562e-01,2.074540108442306519e-01,2.355066388845443726e-01,1.296003937721252441e+00,1.056018937379121780e-02,1.490887999534606934e-02,3.580510988831520081e-02,-3.202747181057929993e-02,-2.034457176923751831e-01,2.488712035119533539e-02,1.235449194908142090e+00,6.439862307161092758e-03,9.315744042396545410e-02,-3.963442519307136536e-02
7.198711633682250977e-01,5.480361729860305786e-02,8.512390851974487305e-01,-4.282364249229431152e-02,1.142030488699674606e-02,-1.415380276739597321e-02,9.989171028137207031e-01,1.961734592914581299e-01,-3.956689238548278809e-01,2.543458342552185059e-01,1.967390477657318115e-01,5.866996943950653076e-02,-4.427105933427810669e-02,1.622535884380340576e-01,1.219926029443740845e-01,6.272447109222412109e-02,2.692431025207042694e-02,-1.196405217051506042e-01,-6.505889445543289185e-02,1.115848273038864136e-01,-5.358974449336528778e-04,-4.867463838309049606e-03,1.669497489929199219e-01,2.075800746679306030e-01,2.384459078311920166e-01,1.297809243202209473e+00,1.073895953595638275e-02,1.665625907480716705e-02,4.077918455004692078e-02,-4.273963347077369690e-02,-1.983290165662765503e-01,1.668562926352024078e-02,1.229733705520629883e+00,5.651412066072225571e-03,9.959926456212997437e-02,-4.220364987850189209e-02
7.395410537719726562e-01,5.640040710568428040e-02,8.473324179649353027e-01,-4.641767591238021851e-02,1.443518791347742081e-02,-1.229949854314327240e-02,9.987421035766601562e-01,1.910490691661834717e-01,-3.918050825595855713e-01,2.713711857795715332e-01,8.647461235523223877e-02,3.817535564303398132e-02,-5.098925158381462097e-02,1.666339933872222900e-01,1.427041441202163696e-01,6.241422519087791443e-02,2.530528977513313293e-02,-1.372768133878707886e-01,-6.365403532981872559e-02,1.195246055722236633e-01,-7.074107881635427475e-03,-9.697545319795608521e-03,1.709874719381332397e-01,2.086617648601531982e-01,2.398831248283386230e-01,1.296408534049987793e+00,1.011365465819835663e-02,1.414905302226543427e-02,4.305235669016838074e-02,-4.789906367659568787e-02,-1.934342980384826660e-01,1.405506022274494171e-02,1.229231238365173340e+00,6.010290700942277908e-03,9.847332537174224854e-02,-4.440882802009582520e-02
7.607154250144958496e-01,5.902611836791038513e-02,8.427988886833190918e-01,-4.864324629306793213e-02,1.694650948047637939e-02,-9.914999827742576599e-03,9.986232519149780273e-01,1.768778264522552490e-01,-3.877466619014739990e-01,2.632789611816406250e-01,2.182453870773315430e-03,1.762118190526962280e-02,-6.247528642416000366e-02,1.669982671737670898e-01,1.618919521570205688e-01,5.702347680926322937e-02,3.060854412615299225e-02,-1.539198309183120728e-01,-6.202312186360359192e-02,1.240878105163574219e-01,-1.326522417366504669e-02,-1.550587173551321030e-02,1.750775873661041260e-01,2.087798714637756348e-01,2.418748885393142700e-01,1.293795704841613770e+00,1.064439583569765091e-02,1.249633263796567917e-02,4.741098359227180481e-02,-4.984736815094947815e-02,-1.892167031764984131e-01,1.452952623367309570e-02,1.231058239936828613e+00,7.887720130383968353e-03,9.645016491413116455e-02,-4.764223098754882812e-02
7.912042737007141113e-01,6.311102956533432007e-02,8.364161252975463867e-01,-5.171476677060127258e-02,1.828427799046039581e-02,-6.703429389744997025e-03,9.984719753265380859e-01,1.704903393983840942e-01,-3.999573588371276855e-01,2.227785289287567139e-01,-1.740000024437904358e-02,-2.289213426411151886e-02,-8.829779922962188721e-02,1.659296751022338867e-01,1.870052963495254517e-01,4.479381442070007324e-02,4.987629130482673645e-02,-1.805559694766998291e-01,-5.255287140607833862e-02,1.292469799518585205e-01,-2.150747925043106079e-02,-2.071359194815158844e-02,1.783405989408493042e-01,2.070676833391189575e-01,2.468602508306503296e-01,1.291229963302612305e+00,1.589376106858253479e-02,1.296065095812082291e-02,4.961534217000007629e-02,-4.829766601324081421e-02,-1.845000237226486206e-01,1.942655257880687714e-02,1.236222386360168457e+00,9.623874910175800323e-03,9.269116073846817017e-02,-5.281181633472442627e-02
8.157889842987060547e-01,6.639478355646133423e-02,8.320667743682861328e-01,-5.488361045718193054e-02,1.740305870771408081e-02,-4.881607368588447571e-03,9.983291625976562500e-01,1.660418361425399780e-01,-3.914562761783599854e-01,1.844397336244583130e-01,-1.740000024437904358e-02,-5.351409688591957092e-02,-9.206303209066390991e-02,1.657280176877975464e-01,2.050755470991134644e-01,3.701520711183547974e-02,7.540706545114517212e-02,-2.013365477323532104e-01,-3.998683020472526550e-02,1.341138333082199097e-01,-2.606085315346717834e-02,-2.156130038201808929e-02,1.773819327354431152e-01,2.037102133035659790e-01,2.501115500926971436e-01,1.292739391326904297e+00,1.944690942764282227e-02,1.653462834656238556e-02,4.908249899744987488e-02,-4.267638176679611206e-02,-1.803666353225708008e-01,1.925333589315414429e-02,1.241237640380859375e+00,2.816829597577452660e-03,8.749503642320632935e-02,-5.325088649988174438e-02
8.426423072814941406e-01,7.001394778490066528e-02,8.295242786407470703e-01,-5.568102747201919556e-02,1.571664214134216309e-02,-3.934788051992654800e-03,9.983171224594116211e-01,1.517546027898788452e-01,-3.751989305019378662e-01,1.690479367971420288e-01,-9.045125916600227356e-03,-2.108422107994556427e-03,-5.207164958119392395e-02,1.596199572086334229e-01,2.223199754953384399e-01,3.100450336933135986e-02,1.083756685256958008e-01,-2.237497568130493164e-01,-2.757658436894416809e-02,1.325943768024444580e-01,-2.555255219340324402e-02,-2.173739857971668243e-02,1.771667152643203735e-01,1.999931633472442627e-01,2.521081268787384033e-01,1.293991327285766602e+00,1.957955025136470795e-02,2.032305300235748291e-02,4.880315065383911133e-02,-3.197528794407844543e-02,-1.764855086803436279e-01,1.473060715943574905e-02,1.246822237968444824e+00,-6.382460705935955048e-03,8.117766678333282471e-02,-5.148519203066825867e-02
8.809230327606201172e-01,7.530482858419418335e-02,8.301112055778503418e-01,-5.307124555110931396e-02,1.295564696192741394e-02,-6.137817632406949997e-03,9.984878301620483398e-01,1.337594836950302124e-01,-3.757067322731018066e-01,1.726768910884857178e-01,5.954068526625633240e-02,4.898934438824653625e-02,6.182618439197540283e-03,1.428913623094558716e-01,2.322199046611785889e-01,2.911365218460559845e-02,1.807858496904373169e-01,-2.606133520603179932e-01,-1.215226948261260986e-02,1.198275238275527954e-01,-1.550768502056598663e-02,-2.262388728559017181e-02,1.815169453620910645e-01,1.968613415956497192e-01,2.543033957481384277e-01,1.291427612304687500e+00,1.764531433582305908e-02,2.162323333323001862e-02,5.007491260766983032e-02,-1.234050840139389038e-02,-1.713329553604125977e-01,7.808726280927658081e-03,1.255828499794006348e+00,-1.286174356937408447e-02,6.937742233276367188e-02,-4.007958993315696716e-02
9.108149409294128418e-01,7.947856932878494263e-02,8.336040973663330078e-01,-4.809692874550819397e-02,1.155917067080736160e-02,-9.532932192087173462e-03,9.987303018569946289e-01,1.186157837510108948e-01,-3.751429915428161621e-01,1.661426424980163574e-01,1.087202727794647217e-01,1.138059571385383606e-01,9.307662956416606903e-03,1.245207116007804871e-01,2.192040234804153442e-01,2.599551528692245483e-02,2.679737210273742676e-01,-2.914347350597381592e-01,-4.026523965876549482e-04,1.017577871680259705e-01,-3.959404304623603821e-03,-2.382997609674930573e-02,1.857042908668518066e-01,1.952046304941177368e-01,2.566292881965637207e-01,1.288048505783081055e+00,1.513961702585220337e-02,1.835259981453418732e-02,4.950376972556114197e-02,1.649315003305673599e-03,-1.658577919006347656e-01,2.674441551789641380e-03,1.264695286750793457e+00,-1.483601238578557968e-02,5.886862426996231079e-02,-3.555377945303916931e-02
9.399572610855102539e-01,8.466057479381561279e-02,8.387326598167419434e-01,-4.050182178616523743e-02,1.060396619141101837e-02,-1.229969132691621780e-02,9.990474581718444824e-01,8.874758332967758179e-02,-3.755854070186614990e-01,1.386282294988632202e-01,1.684588640928268433e-01,1.370279490947723389e-01,3.007424995303153992e-02,9.923568367958068848e-02,1.796107888221740723e-01,7.765018846839666367e-03,3.890534043312072754e-01,-2.970176935195922852e-01,1.792332530021667480e-02,7.795792073011398315e-02,7.493786048144102097e-03,-2.443436346948146820e-02,1.850298643112182617e-01,1.930564492940902710e-01,2.518100142478942871e-01,1.288119792938232422e+00,1.150645781308412552e-02,1.826192438602447510e-02,4.868946224451065063e-02,1.225945074111223221e-02,-1.600871086120605469e-01,-4.206560552120208740e-03,1.275454401969909668e+00,-1.746273040771484375e-02,4.532513394951820374e-02,-3.060288727283477783e-02
9.773156046867370605e-01,9.238140285015106201e-02,8.452976346015930176e-01,-2.437144890427589417e-02,7.116775028407573700e-03,-1.291852816939353943e-02,9.995941519737243652e-01,1.996285468339920044e-02,-3.563973307609558105e-01,6.325020641088485718e-02,2.294258475303649902e-01,1.116788834333419800e-01,3.721055015921592712e-02,4.607404395937919617e-02,9.488543123006820679e-02,-3.349899128079414368e-02,5.846092104911804199e-01,-1.976837813854217529e-01,5.960494652390480042e-02,3.201951459050178528e-02,2.230735123157501221e-02,-1.617704704403877258e-02,1.709890663623809814e-01,1.917209476232528687e-01,2.311284691095352173e-01,1.294883608818054199e+00,2.064105495810508728e-02,1.963541284203529358e-02,4.805300012230873108e-02,1.985548622906208038e-02,-1.493551135063171387e-01,-2.186525054275989532e-02,1.289536833763122559e+00,-1.319615542888641357e-02,2.351740375161170959e-02,-2.646348252892494202e-02
1.003740429878234863e+00,9.716973453760147095e-02,8.479142785072326660e-01,-1.157296821475028992e-02,4.016517195850610733e-03,-1.376351807266473770e-02,9.998302459716796875e-01,-2.848474681377410889e-02,-3.273744285106658936e-01,2.658140100538730621e-02,2.521212995052337646e-01,7.212436199188232422e-02,4.093144461512565613e-02,4.379895981401205063e-03,1.146311126649379730e-02,-5.204080045223236084e-02,7.375078797340393066e-01,-1.674534007906913757e-02,4.940598085522651672e-02,-3.453855402767658234e-03,3.251211717724800110e-02,-8.703304454684257507e-03,1.548256129026412964e-01,1.927586793899536133e-01,2.090891897678375244e-01,1.301315307617187500e+00,1.618185825645923615e-02,2.367093041539192200e-02,4.670926183462142944e-02,2.327207662165164948e-02,-1.423322111368179321e-01,-3.498265147209167480e-02,1.296929001808166504e+00,-6.117050070315599442e-03,1.177784521132707596e-02,-2.615265175700187683e-02
1.026976227760314941e+00,1.007224693894386292e-01,8.497361540794372559e-01,-8.613738464191555977e-04,2.937917131930589676e-03,-1.767743751406669617e-02,9.998390674591064453e-01,-6.118025258183479309e-02,-2.954359650611877441e-01,2.311977744102478027e-02,2.568507790565490723e-01,3.439197316765785217e-02,4.651523008942604065e-02,-3.009179979562759399e-02,-7.122092694044113159e-02,-6.070120260119438171e-02,8.596212863922119141e-01,1.068583130836486816e-01,2.159265428781509399e-02,-3.344943374395370483e-02,4.282641783356666565e-02,-4.745070356875658035e-03,1.353866755962371826e-01,1.947879046201705933e-01,1.880216002464294434e-01,1.305288553237915039e+00,6.826030556112527847e-03,2.422871254384517670e-02,4.603695496916770935e-02,2.145890146493911743e-02,-1.388306468725204468e-01,-3.699164465069770813e-02,1.302704334259033203e+00,6.127642001956701279e-03,6.240321788936853409e-03,-2.694290131330490112e-02
1.054446458816528320e+00,1.029892340302467346e-01,8.538885712623596191e-01,3.876113565638661385e-03,2.114823088049888611e-03,-2.337884902954101562e-02,9.997169375419616699e-01,-7.410207390785217285e-02,-2.516669034957885742e-01,2.898967638611793518e-02,2.493208795785903931e-01,-2.302347682416439056e-03,4.643605649471282959e-02,-4.372629523277282715e-02,-1.665746420621871948e-01,-5.088940635323524475e-02,9.690783619880676270e-01,4.140315204858779907e-02,1.381513755768537521e-02,-4.690175503492355347e-02,4.211771115660667419e-02,-7.664522272534668446e-04,1.050515249371528625e-01,1.941207051277160645e-01,1.650250703096389771e-01,1.306264162063598633e+00,1.207862282171845436e-03,2.444359473884105682e-02,3.755420446395874023e-02,1.584252715110778809e-02,-1.410088241100311279e-01,-3.085183538496494293e-02,1.305293083190917969e+00,1.229767128825187683e-02,7.200564257800579071e-03,-2.932517975568771362e-02
1.074239253997802734e+00,1.056915372610092163e-01,8.567646741867065430e-01,4.542304202914237976e-03,1.345082186162471771e-03,-2.424650825560092926e-02,9.996947646141052246e-01,-8.081185817718505859e-02,-2.166112065315246582e-01,2.379815466701984406e-02,2.363598495721817017e-01,-2.144224382936954498e-02,4.698894172906875610e-02,-4.854620620608329773e-02,-2.227522730827331543e-01,-4.847985506057739258e-02,9.918844699859619141e-01,8.342216722667217255e-03,1.482992433011531830e-02,-4.883544147014617920e-02,3.263828530907630920e-02,1.902451040223240852e-03,7.840182632207870483e-02,1.905705481767654419e-01,1.479704529047012329e-01,1.308361768722534180e+00,-3.558582626283168793e-03,2.854545786976814270e-02,2.810062840580940247e-02,1.469587907195091248e-02,-1.420892328023910522e-01,-3.710210695862770081e-02,1.302200555801391602e+00,3.236828139051795006e-03,9.076573885977268219e-03,-3.045046702027320862e-02
1.093372583389282227e+00,1.086461767554283142e-01,8.594884872436523438e-01,3.706471296027302742e-03,1.153751043602824211e-03,-2.459856122732162476e-02,9.996898770332336426e-01,-8.371949195861816406e-02,-1.809901148080825806e-01,2.138433791697025299e-02,2.176839262247085571e-01,-3.666638582944869995e-02,5.001445114612579346e-02,-4.853318631649017334e-02,-2.687172293663024902e-01,-4.281813651323318481e-02,9.767369031906127930e-01,-4.580448940396308899e-02,9.278906509280204773e-03,-4.732031747698783875e-02,2.229633741080760956e-02,2.221239963546395302e-03,5.125569179654121399e-02,1.865052729845046997e-01,1.328849047422409058e-01,1.310066819190979004e+00,-1.101884059607982635e-02,2.965847961604595184e-02,1.989661715924739838e-02,1.841346360743045807e-02,-1.435693353414535522e-01,-4.845497757196426392e-02,1.295787215232849121e+00,3.951394930481910706e-03,1.259783003479242325e-02,-3.211148083209991455e-02
1.117555141448974609e+00,1.118215620517730713e-01,8.620774149894714355e-01,2.836271887645125389e-03,3.046882105991244316e-03,-2.666690945625305176e-02,9.996356964111328125e-01,-8.556291460990905762e-02,-1.380566805601119995e-01,3.087079524993896484e-02,1.895521283149719238e-01,-5.514089018106460571e-02,5.641398951411247253e-02,-4.681243374943733215e-02,-3.250095546245574951e-01,-3.468487411737442017e-02,9.116373658180236816e-01,-9.499730169773101807e-02,-8.910256437957286835e-03,-4.553818702697753906e-02,1.304364483803510666e-02,-1.155395642854273319e-03,1.884884946048259735e-02,1.823477298021316528e-01,1.241306513547897339e-01,1.302149772644042969e+00,-1.983736641705036163e-02,2.030009403824806213e-02,1.243326812982559204e-02,2.484855428338050842e-02,-1.466446667909622192e-01,-5.997859314084053040e-02,1.286481738090515137e+00,5.036185029894113541e-03,2.502124756574630737e-02,-3.103904239833354950e-02
1.134898424148559570e+00,1.139092817902565002e-01,8.630436062812805176e-01,3.044180572032928467e-03,5.331392865628004074e-03,-2.864798903465270996e-02,9.995707273483276367e-01,-8.952631056308746338e-02,-1.092452853918075562e-01,3.641453385353088379e-02,1.690391451120376587e-01,-6.470538675785064697e-02,6.486511230468750000e-02,-4.534511268138885498e-02,-3.608097136020660400e-01,-2.788341231644153595e-02,8.336206078529357910e-01,-1.101871430873870850e-01,-1.711696945130825043e-02,-4.566214606165885925e-02,7.917165756225585938e-03,-4.202254116535186768e-03,-2.370285568758845329e-03,1.814433634281158447e-01,1.238826960325241089e-01,1.288047075271606445e+00,-2.298955433070659637e-02,4.505081102252006531e-03,6.384158972650766373e-03,2.877158299088478088e-02,-1.503828316926956177e-01,-6.244676932692527771e-02,1.279926657676696777e+00,3.284601029008626938e-03,3.364733979105949402e-02,-3.083300404250621796e-02
1.151874780654907227e+00,1.157143041491508484e-01,8.632094264030456543e-01,4.196315072476863861e-03,7.740719243884086609e-03,-3.060802444815635681e-02,9.994927048683166504e-01,-9.600751101970672607e-02,-8.135408163070678711e-02,3.803821653127670288e-02,1.488758921623229980e-01,-7.323572784662246704e-02,7.303247600793838501e-02,-4.497671127319335938e-02,-3.871516287326812744e-01,-2.317147701978683472e-02,7.327048778533935547e-01,-1.120640411972999573e-01,-1.874386332929134369e-02,-4.829011112451553345e-02,5.454389844089746475e-03,-6.828917656093835831e-03,-2.091472409665584564e-02,1.834571063518524170e-01,1.229372918605804443e-01,1.268920779228210449e+00,-2.388666011393070221e-02,-1.422913558781147003e-02,-1.362899434752762318e-03,3.154750540852546692e-02,-1.526090204715728760e-01,-6.209737062454223633e-02,1.275942683219909668e+00,3.166435286402702332e-03,3.962277248501777649e-02,-3.231088817119598389e-02
1.174226641654968262e+00,1.175367087125778198e-01,8.623412847518920898e-01,8.555221371352672577e-03,1.113152783364057541e-02,-3.372489288449287415e-02,9.993325471878051758e-01,-1.101246848702430725e-01,-4.621508717536926270e-02,3.663520514965057373e-02,1.252132505178451538e-01,-8.898673206567764282e-02,8.009675145149230957e-02,-5.215594172477722168e-02,-4.094349741935729980e-01,-2.832221984863281250e-02,5.710484385490417480e-01,-8.815495669841766357e-02,-7.559526246041059494e-03,-5.887114629149436951e-02,8.146058768033981323e-03,-1.026360690593719482e-02,-4.194575548171997070e-02,1.891022026538848877e-01,1.204247698187828064e-01,1.240534782409667969e+00,-2.585268951952457428e-02,-3.820005059242248535e-02,-1.359292026609182358e-02,3.323194012045860291e-02,-1.501024067401885986e-01,-6.292565912008285522e-02,1.276274323463439941e+00,-1.816356205381453037e-03,3.965865075588226318e-02,-3.488384559750556946e-02
1.191783905029296875e+00,1.184376925230026245e-01,8.608824610710144043e-01,1.396693568676710129e-02,1.281492598354816437e-02,-3.662790730595588684e-02,9.991492033004760742e-01,-1.246055811643600464e-01,-1.859330199658870697e-02,3.709966689348220825e-02,1.099720969796180725e-01,-9.928521513938903809e-02,8.026880025863647461e-02,-6.148800253868103027e-02,-4.156528115272521973e-01,-3.663859888911247253e-02,4.365701079368591309e-01,-4.483991861343383789e-02,5.835533142089843750e-03,-7.147412002086639404e-02,1.385048590600490570e-02,-1.176209282130002975e-02,-5.372047796845436096e-02,1.915613561868667603e-01,1.213299855589866638e-01,1.221015453338623047e+00,-2.917560003697872162e-02,-5.186778306961059570e-02,-2.342941239476203918e-02,3.441115096211433411e-02,-1.464992612600326538e-01,-6.352305412292480469e-02,1.279888868331909180e+00,-2.467638114467263222e-03,3.498260304331779480e-02,-3.292332589626312256e-02
1.210420846939086914e+00,1.191684231162071228e-01,8.586087822914123535e-01,2.089964412152767181e-02,1.350401900708675385e-02,-3.953977301716804504e-02,9.989081025123596191e-01,-1.422724574804306030e-01,1.137437578290700912e-02,3.629201650619506836e-02,9.688633680343627930e-02,-1.113433167338371277e-01,8.163238316774368286e-02,-7.474647462368011475e-02,-4.148926138877868652e-01,-5.299404263496398926e-02,3.003374338150024414e-01,1.511158142238855362e-02,2.930883318185806274e-02,-8.711261302232742310e-02,2.131108380854129791e-02,-1.240904536098241806e-02,-6.131801009178161621e-02,1.925603747367858887e-01,1.243866607546806335e-01,1.203952670097351074e+00,-3.275567293167114258e-02,-6.310923397541046143e-02,-2.957637421786785126e-02,3.649927675724029541e-02,-1.427421271800994873e-01,-6.467532366514205933e-02,1.283780217170715332e+00,-6.950865645194426179e-05,2.941891737282276154e-02,-2.887195535004138947e-02
1.236712813377380371e+00,1.199107468128204346e-01,8.544620871543884277e-01,3.000484220683574677e-02,1.383073627948760986e-02,-4.289570078253746033e-02,9.985331296920776367e-01,-1.650645881891250610e-01,5.252474546432495117e-02,3.150014206767082214e-02,8.286376297473907471e-02,-1.293439418077468872e-01,8.434525132179260254e-02,-8.785249292850494385e-02,-4.062162339687347412e-01,-7.930597662925720215e-02,1.302519440650939941e-01,8.044242113828659058e-02,5.820427834987640381e-02,-1.065032184123992920e-01,2.988496981561183929e-02,-1.413378305733203888e-02,-6.490599364042282104e-02,1.912818402051925659e-01,1.276267766952514648e-01,1.187897086143493652e+00,-3.637503832578659058e-02,-7.461924105882644653e-02,-3.445608541369438171e-02,4.112274944782257080e-02,-1.403372734785079956e-01,-6.439238041639328003e-02,1.287725090980529785e+00,8.800307405181229115e-04,2.465525828301906586e-02,-2.721918188035488129e-02
1.257237076759338379e+00,1.200097352266311646e-01,8.507055640220642090e-01,3.552966937422752380e-02,1.405500806868076324e-02,-4.468861967325210571e-02,9.982700347900390625e-01,-1.782353818416595459e-01,8.215108513832092285e-02,2.801333554089069366e-02,7.639452815055847168e-02,-1.415560543537139893e-01,8.402467519044876099e-02,-8.980116248130798340e-02,-3.955508470535278320e-01,-9.508258849382400513e-02,2.421193569898605347e-02,8.115749806165695190e-02,7.239876687526702881e-02,-1.167434081435203552e-01,3.391769900918006897e-02,-1.655587740242481232e-02,-6.389030814170837402e-02,1.893437057733535767e-01,1.252585798501968384e-01,1.181093931198120117e+00,-4.016393423080444336e-02,-7.572153955698013306e-02,-3.068178147077560425e-02,4.680160433053970337e-02,-1.409410089254379272e-01,-6.439713388681411743e-02,1.288864731788635254e+00,7.184179848991334438e-04,2.337496727705001831e-02,-2.664360590279102325e-02
1.278875470161437988e+00,1.192845478653907776e-01,8.463274836540222168e-01,3.958264365792274475e-02,1.361272484064102173e-02,-4.600939154624938965e-02,9.980636239051818848e-01,-1.868669241666793823e-01,1.116878986358642578e-01,2.721175365149974823e-02,7.526985555887222290e-02,-1.591030657291412354e-01,8.442916721105575562e-02,-8.912303298711776733e-02,-3.992899060249328613e-01,-9.518241882324218750e-02,-1.739992201328277588e-02,3.944301605224609375e-02,9.231653064489364624e-02,-1.231250166893005371e-01,3.605257347226142883e-02,-1.911861076951026917e-02,-5.958468839526176453e-02,1.866431087255477905e-01,1.208781823515892029e-01,1.179660081863403320e+00,-4.230030626058578491e-02,-7.670085877180099487e-02,-3.216559812426567078e-02,5.328221246600151062e-02,-1.418723315000534058e-01,-6.419914215803146362e-02,1.290442943572998047e+00,4.996667266823351383e-04,2.220662683248519897e-02,-2.517129294574260712e-02
1.309259891510009766e+00,1.171483397483825684e-01,8.398641347885131836e-01,4.372376203536987305e-02,1.272437814623117447e-02,-4.686410725116729736e-02,9.978627562522888184e-01,-1.932706236839294434e-01,1.452711671590805054e-01,2.473786287009716034e-02,8.912097662687301636e-02,-1.857082694768905640e-01,7.848590612411499023e-02,-8.900489658117294312e-02,-4.009825587272644043e-01,-8.204894512891769409e-02,-1.740000024437904358e-02,-2.240319177508354187e-02,1.163686737418174744e-01,-1.273967325687408447e-01,3.620813041925430298e-02,-2.284548059105873108e-02,-4.824172332882881165e-02,1.812546551227569580e-01,1.152667179703712463e-01,1.184097647666931152e+00,-3.256635367870330811e-02,-7.602217793464660645e-02,-3.084171190857887268e-02,6.081569939851760864e-02,-1.440818756818771362e-01,-6.280648708343505859e-02,1.295123100280761719e+00,-2.936245291493833065e-04,1.968192309141159058e-02,-2.126973681151866913e-02
1.333266377449035645e+00,1.146839410066604614e-01,8.352969884872436523e-01,4.570188000798225403e-02,1.199829299002885818e-02,-4.623927548527717590e-02,9.978122711181640625e-01,-1.929966658353805542e-01,1.656163781881332397e-01,2.156298793852329254e-02,1.109108328819274902e-01,-2.097712159156799316e-01,6.720993667840957642e-02,-8.681049197912216187e-02,-3.831417560577392578e-01,-7.394447922706604004e-02,-1.740000024437904358e-02,-1.187184453010559082e-02,1.082055270671844482e-01,-1.271698027849197388e-01,3.240206837654113770e-02,-2.440581098198890686e-02,-3.576266765594482422e-02,1.756546944379806519e-01,1.152815222740173340e-01,1.191751122474670410e+00,-2.196143753826618195e-02,-6.651455909013748169e-02,-2.335720509290695190e-02,6.321633607149124146e-02,-1.438067704439163208e-01,-6.126764789223670959e-02,1.302850127220153809e+00,-2.561043715104460716e-03,1.272145751863718033e-02,-1.899489015340805054e-02
1.358646631240844727e+00,1.109605133533477783e-01,8.321875929832458496e-01,4.367344826459884644e-02,1.215462945401668549e-02,-4.368614405393600464e-02,9.980162382125854492e-01,-1.818364262580871582e-01,1.820994019508361816e-01,2.021518349647521973e-02,1.381462067365646362e-01,-2.350698560476303101e-01,5.169983208179473877e-02,-7.257595658302307129e-02,-3.718250691890716553e-01,-5.889369174838066101e-02,4.213858395814895630e-03,2.557962015271186829e-02,4.183474555611610413e-02,-1.166641488671302795e-01,2.122526429593563080e-02,-2.739567682147026062e-02,-1.823069341480731964e-02,1.699483096599578857e-01,1.182545945048332214e-01,1.202077031135559082e+00,-1.444859709590673447e-02,-5.517082661390304565e-02,-2.061996981501579285e-02,6.637595593929290771e-02,-1.415690928697586060e-01,-6.168894469738006592e-02,1.313284516334533691e+00,-3.441334003582596779e-03,-1.084103598259389400e-03,-1.804725639522075653e-02
1.394815325736999512e+00,1.042934432625770569e-01,8.313188552856445312e-01,3.583042696118354797e-02,1.291277073323726654e-02,-3.990526497364044189e-02,9.984773397445678711e-01,-1.544306427240371704e-01,1.970387250185012817e-01,2.512941136956214905e-02,1.885063350200653076e-01,-2.767581641674041748e-01,3.152806684374809265e-02,-3.742175176739692688e-02,-3.678867220878601074e-01,-3.073783963918685913e-02,5.364873632788658142e-02,8.084148913621902466e-02,-1.799794100224971771e-02,-8.947850018739700317e-02,4.925929475575685501e-03,-3.361857682466506958e-02,9.767576120793819427e-03,1.618713140487670898e-01,1.216321140527725220e-01,1.222134470939636230e+00,-5.786255002021789551e-03,-3.667991980910301208e-02,-1.405216380953788757e-02,7.392638176679611206e-02,-1.364319622516632080e-01,-6.783775240182876587e-02,1.329205870628356934e+00,4.571593599393963814e-04,-2.517423406243324280e-02,-1.628769189119338989e-02
1.422848343849182129e+00,9.881325066089630127e-02,8.338637948036193848e-01,2.826575376093387604e-02,1.343590114265680313e-02,-3.867264837026596069e-02,9.987617135047912598e-01,-1.295635402202606201e-01,1.933289617300033569e-01,3.547530993819236755e-02,2.514968216419219971e-01,-3.040327429771423340e-01,7.920102216303348541e-03,-1.177023630589246750e-02,-3.663980364799499512e-01,-1.319056842476129532e-02,1.026282459497451782e-01,1.054420545697212219e-01,-1.288821455091238022e-02,-6.545397639274597168e-02,-3.661777125671505928e-03,-3.929410129785537720e-02,3.196429461240768433e-02,1.550791561603546143e-01,1.265014708042144775e-01,1.242350339889526367e+00,-5.360169452615082264e-04,-1.756777428090572357e-02,-8.037541992962360382e-03,7.981610298156738281e-02,-1.329589188098907471e-01,-6.790497899055480957e-02,1.341937899589538574e+00,4.561897367238998413e-03,-4.247429594397544861e-02,-1.096493471413850784e-02
1.450735807418823242e+00,9.276385605335235596e-02,8.384427428245544434e-01,1.998822763562202454e-02,1.235775183886289597e-02,-3.757254406809806824e-02,9.990175366401672363e-01,-9.835775196552276611e-02,1.709018945693969727e-01,5.653835833072662354e-02,3.473760783672332764e-01,-3.242607712745666504e-01,-2.729680575430393219e-02,1.951993629336357117e-02,-3.560287952423095703e-01,8.767160587012767792e-03,1.468056440353393555e-01,1.164086982607841492e-01,-2.481623739004135132e-02,-4.151736199855804443e-02,-1.048100925981998444e-02,-3.998655825853347778e-02,5.023561045527458191e-02,1.479572057723999023e-01,1.330599039793014526e-01,1.268080830574035645e+00,2.328171627596020699e-03,7.393251638859510422e-03,-2.278689527884125710e-03,8.178013563156127930e-02,-1.307604461908340454e-01,-5.833940953016281128e-02,1.354966044425964355e+00,2.953465329483151436e-03,-5.851833149790763855e-02,4.550374578684568405e-04
1.487537503242492676e+00,8.351460099220275879e-02,8.448218107223510742e-01,4.523132462054491043e-03,7.003139704465866089e-03,-3.633590042591094971e-02,9.993048310279846191e-01,-3.453445434570312500e-02,1.128700897097587585e-01,9.048273414373397827e-02,5.164430737495422363e-01,-2.562001049518585205e-01,-1.163040995597839355e-01,7.607807219028472900e-02,-3.202751278877258301e-01,5.482852831482887268e-02,1.920215338468551636e-01,9.045697748661041260e-02,-4.049171134829521179e-02,-1.117726322263479233e-03,-1.837634481489658356e-02,-2.832083404064178467e-02,6.794273108243942261e-02,1.409763693809509277e-01,1.434870213270187378e-01,1.300083160400390625e+00,8.270069025456905365e-03,3.907447308301925659e-02,5.545748863369226456e-03,8.027977496385574341e-02,-1.337275505065917969e-01,-3.953954204916954041e-02,1.364871740341186523e+00,2.706506988033652306e-03,-6.843298673629760742e-02,8.831606246531009674e-03
1.513214111328125000e+00,7.852087169885635376e-02,8.479405045509338379e-01,-7.045846898108720779e-03,3.054491709917783737e-03,-3.363717347383499146e-02,9.994046092033386230e-01,1.064257230609655380e-02,4.414490237832069397e-02,9.422941505908966064e-02,6.626973152160644531e-01,-1.344622224569320679e-01,-1.390791386365890503e-01,1.108329594135284424e-01,-2.834207713603973389e-01,7.435417175292968750e-02,2.057947814464569092e-01,5.972678586840629578e-02,-5.213464796543121338e-02,2.886622771620750427e-02,-2.379820682108402252e-02,-1.790175400674343109e-02,7.702276110649108887e-02,1.405188292264938354e-01,1.456983238458633423e-01,1.317851781845092773e+00,5.268295761197805405e-03,5.319466441869735718e-02,1.347008254379034042e-02,7.746192812919616699e-02,-1.420721113681793213e-01,-2.662489376962184906e-02,1.363079071044921875e+00,2.875408623367547989e-03,-6.294193118810653687e-02,1.165388058871030807e-02
1.536217689514160156e+00,7.576893270015716553e-02,8.495601415634155273e-01,-1.655051484704017639e-02,2.260467270389199257e-03,-2.829947881400585175e-02,9.994599223136901855e-01,4.490248486399650574e-02,-4.096785187721252441e-02,8.688972145318984985e-02,7.919971346855163574e-01,5.042534321546554565e-02,-1.030926108360290527e-01,1.324554681777954102e-01,-2.496471554040908813e-01,7.665846496820449829e-02,2.059999108314514160e-01,3.198462352156639099e-02,-5.585972219705581665e-02,5.411621928215026855e-02,-2.899011783301830292e-02,-1.314858999103307724e-02,8.230377733707427979e-02,1.439925432205200195e-01,1.412939578294754028e-01,1.329436779022216797e+00,-1.378613873384892941e-03,5.967192351818084717e-02,1.804508641362190247e-02,7.294999063014984131e-02,-1.552915275096893311e-01,-1.400314178317785263e-02,1.354751586914062500e+00,6.273644976317882538e-03,-4.997596517205238342e-02,9.342859499156475067e-03
1.562390923500061035e+00,7.203953713178634644e-02,8.533011674880981445e-01,-2.144185081124305725e-02,2.352055162191390991e-03,-2.279763482511043549e-02,9.995073676109313965e-01,8.025645464658737183e-02,-1.403538882732391357e-01,1.000641807913780212e-01,9.215900897979736328e-01,6.912649259902536869e-04,-6.080224364995956421e-02,1.425051391124725342e-01,-2.090537995100021362e-01,7.443601638078689575e-02,1.967775672674179077e-01,6.104310508817434311e-03,-5.999351292848587036e-02,6.902240216732025146e-02,-2.312999963760375977e-02,-9.132043458521366119e-03,8.738401532173156738e-02,1.493539214134216309e-01,1.452264934778213501e-01,1.334281086921691895e+00,-1.587932114489376545e-03,6.366266310214996338e-02,1.430206559598445892e-02,6.146576628088951111e-02,-1.733326762914657593e-01,4.340804025559918955e-06,1.339856505393981934e+00,9.435832500457763672e-03,-3.399565815925598145e-02,1.219982514157891273e-03
1.581033945083618164e+00,7.002986222505569458e-02,8.558892607688903809e-01,-2.213436551392078400e-02,1.265820930711925030e-03,-2.214233018457889557e-02,9.995089769363403320e-01,9.744526445865631104e-02,-2.029051780700683594e-01,1.104600578546524048e-01,9.671401381492614746e-01,-3.059184178709983826e-02,-2.399205230176448822e-02,1.427163481712341309e-01,-1.770458519458770752e-01,7.369494438171386719e-02,1.863645017147064209e-01,-5.154510494321584702e-03,-6.059927120804786682e-02,7.160902768373489380e-02,-1.058622915297746658e-02,-4.116231575608253479e-03,9.337614476680755615e-02,1.520290523767471313e-01,1.627733260393142700e-01,1.332727670669555664e+00,-1.485025160945951939e-03,6.700498610734939575e-02,6.281824316829442978e-03,4.810480400919914246e-02,-1.822446286678314209e-01,9.492075070738792419e-03,1.331106066703796387e+00,1.126472651958465576e-02,-2.682724595069885254e-02,-6.661924533545970917e-03
1.598790168762207031e+00,6.892242282629013062e-02,8.585464954376220703e-01,-2.106177993118762970e-02,1.763959007803350687e-04,-2.229988947510719299e-02,9.995294213294982910e-01,1.081364005804061890e-01,-2.545114755630493164e-01,1.201415881514549255e-01,9.715099930763244629e-01,-7.262523472309112549e-02,-5.365917459130287170e-03,1.367180645465850830e-01,-1.424178779125213623e-01,6.610801070928573608e-02,1.671075522899627686e-01,-1.029395405203104019e-02,-6.163813546299934387e-02,6.957269459962844849e-02,4.026608541607856750e-03,5.464705755002796650e-04,1.012180820107460022e-01,1.548948138952255249e-01,1.843688338994979858e-01,1.329394102096557617e+00,-8.561382070183753967e-03,6.602717936038970947e-02,1.043480238877236843e-03,3.278727829456329346e-02,-1.853955090045928955e-01,1.246298290789127350e-02,1.324674367904663086e+00,1.389686297625303268e-02,-2.201777882874011993e-02,-1.439174916595220566e-02
1.621227741241455078e+00,6.802573800086975098e-02,8.611819744110107422e-01,-1.951496675610542297e-02,-1.118817963288165629e-04,-2.252252958714962006e-02,9.995558261871337891e-01,1.187177449464797974e-01,-3.131397664546966553e-01,1.316085457801818848e-01,9.279181957244873047e-01,-1.213511750102043152e-01,7.341200020164251328e-03,1.287763565778732300e-01,-9.622837603092193604e-02,5.540072917938232422e-02,1.343628615140914917e-01,-1.946824043989181519e-02,-6.833247840404510498e-02,6.557202339172363281e-02,2.012277767062187195e-02,3.571665845811367035e-03,1.151836961507797241e-01,1.622040569782257080e-01,2.079747319221496582e-01,1.321575045585632324e+00,-1.969513297080993652e-02,5.920317023992538452e-02,2.346421824768185616e-03,1.245243847370147705e-02,-1.819530129432678223e-01,8.665169589221477509e-03,1.317348122596740723e+00,2.156527899205684662e-02,-1.890983060002326965e-02,-2.799119614064693451e-02
1.637363314628601074e+00,6.618989259004592896e-02,8.620465397834777832e-01,-2.018025703728199005e-02,7.955596083775162697e-04,-2.181997708976268768e-02,9.995579123497009277e-01,1.333123445510864258e-01,-3.491037189960479736e-01,1.452141106128692627e-01,8.618447780609130859e-01,-1.318803876638412476e-01,1.128114573657512665e-02,1.295619308948516846e-01,-6.292071938514709473e-02,5.205136537551879883e-02,1.076689660549163818e-01,-2.520784176886081696e-02,-7.290891557931900024e-02,6.592509895563125610e-02,2.607045136392116547e-02,3.973459359258413315e-03,1.249257996678352356e-01,1.693752557039260864e-01,2.188223749399185181e-01,1.314991831779479980e+00,-2.219363674521446228e-02,5.228208005428314209e-02,5.540953949093818665e-03,-3.977318760007619858e-03,-1.779095083475112915e-01,2.167719881981611252e-03,1.309884667396545410e+00,2.143204584717750549e-02,-1.057980116456747055e-02,-3.531043976545333862e-02
1.652910590171813965e+00,6.431198120117187500e-02,8.620893359184265137e-01,-2.218903973698616028e-02,2.396333031356334686e-03,-2.050122059881687164e-02,9.995406866073608398e-01,1.520346105098724365e-01,-3.765831291675567627e-01,1.646050363779067993e-01,7.705001235008239746e-01,-1.241136714816093445e-01,7.809277158230543137e-03,1.336095035076141357e-01,-3.112837485969066620e-02,4.999559000134468079e-02,8.060930669307708740e-02,-3.173544630408287048e-02,-7.544686645269393921e-02,6.954201310873031616e-02,2.722145430743694305e-02,3.512947587296366692e-03,1.320921629667282104e-01,1.756001263856887817e-01,2.262921184301376343e-01,1.310061097145080566e+00,-1.784977689385414124e-02,4.541613161563873291e-02,7.219648919999599457e-03,-1.921740919351577759e-02,-1.743563413619995117e-01,-3.275766037404537201e-03,1.300319790840148926e+00,2.447206713259220123e-02,-1.632675062865018845e-03,-4.307324066758155823e-02
1.673781871795654297e+00,6.207327917218208313e-02,8.611201643943786621e-01,-2.661738358438014984e-02,3.955689724534749985e-03,-2.030139416456222534e-02,9.994316697120666504e-01,1.798240244388580322e-01,-3.937748968601226807e-01,1.973406523466110229e-01,6.142178177833557129e-01,-8.601991832256317139e-02,-1.149498950690031052e-02,1.425631046295166016e-01,9.376604110002517700e-03,5.151961743831634521e-02,5.077065527439117432e-02,-4.265756532549858093e-02,-7.703746110200881958e-02,7.912633568048477173e-02,2.703412249684333801e-02,3.887868020683526993e-03,1.375710815191268921e-01,1.787382364273071289e-01,2.307062745094299316e-01,1.311326622962951660e+00,-1.118665095418691635e-02,4.795487970113754272e-02,4.795947577804327011e-03,-3.772043436765670776e-02,-1.700946539640426636e-01,-4.452496301382780075e-03,1.289315700531005859e+00,2.634502947330474854e-02,1.101185660809278488e-02,-5.321191996335983276e-02
1.689727067947387695e+00,6.122968345880508423e-02,8.596262931823730469e-01,-3.241745755076408386e-02,5.358883645385503769e-03,-1.980060338973999023e-02,9.992638826370239258e-01,2.044561505317687988e-01,-3.965840935707092285e-01,2.289784550666809082e-01,4.794031381607055664e-01,-2.572725526988506317e-02,-2.551279962062835693e-02,1.535219252109527588e-01,3.826462849974632263e-02,5.551065504550933838e-02,3.198683634400367737e-02,-5.338891595602035522e-02,-7.380745559930801392e-02,9.200051426887512207e-02,2.254190109670162201e-02,3.095827531069517136e-03,1.381013840436935425e-01,1.780600547790527344e-01,2.344178855419158936e-01,1.317342519760131836e+00,-1.019604410976171494e-02,5.715365335345268250e-02,4.818018060177564621e-03,-4.702709242701530457e-02,-1.684001833200454712e-01,-5.121831316500902176e-03,1.279398798942565918e+00,2.426679804921150208e-02,2.214497514069080353e-02,-5.922067537903785706e-02
1.706253290176391602e+00,6.109860911965370178e-02,8.574836850166320801e-01,-3.894004225730895996e-02,6.558455992490053177e-03,-1.904441043734550476e-02,9.990385174751281738e-01,2.249164134263992310e-01,-3.913192451000213623e-01,2.617677748203277588e-01,3.372243642807006836e-01,3.728670254349708557e-02,-2.733530290424823761e-02,1.649132072925567627e-01,6.925901770591735840e-02,6.311334669589996338e-02,1.206963881850242615e-02,-6.562227755784988403e-02,-7.124047726392745972e-02,1.073234230279922485e-01,1.585785299539566040e-02,1.301712822169065475e-03,1.382539272308349609e-01,1.751050651073455811e-01,2.382474988698959351e-01,1.323919177055358887e+00,-1.273199543356895447e-02,6.543418020009994507e-02,6.577474996447563171e-03,-5.326415225863456726e-02,-1.672280132770538330e-01,-2.747585764154791832e-03,1.272500991821289062e+00,2.563945204019546509e-02,3.296883031725883484e-02,-6.507436186075210571e-02
1.728765606880187988e+00,6.164084002375602722e-02,8.537710309028625488e-01,-4.813868924975395203e-02,8.742095902562141418e-03,-1.861652359366416931e-02,9.986289143562316895e-01,2.460285723209381104e-01,-3.819742798805236816e-01,3.193095028400421143e-01,1.594698131084442139e-01,9.572038799524307251e-02,-3.664930909872055054e-02,1.799420118331909180e-01,1.043498963117599487e-01,7.247713953256607056e-02,-3.254686482250690460e-03,-8.588590472936630249e-02,-6.609019637107849121e-02,1.287220269441604614e-01,7.182700559496879578e-03,-3.623918863013386726e-03,1.388967484235763550e-01,1.714737266302108765e-01,2.415405660867691040e-01,1.329315185546875000e+00,-1.354416552931070328e-02,7.102486491203308105e-02,6.821617018431425095e-03,-5.635652691125869751e-02,-1.670567691326141357e-01,1.193434814922511578e-03,1.263687372207641602e+00,2.546086348593235016e-02,4.382984712719917297e-02,-6.419778615236282349e-02
1.745794892311096191e+00,6.349025666713714600e-02,8.507089614868164062e-01,-5.332748219370841980e-02,1.093926746398210526e-02,-1.790573634207248688e-02,9.983565807342529297e-01,2.441451102495193481e-01,-3.768010437488555908e-01,3.494035601615905762e-01,4.560174793004989624e-02,9.770110249519348145e-02,-5.117985978722572327e-02,1.862477213144302368e-01,1.226514875888824463e-01,7.325291633605957031e-02,-1.630081096664071083e-03,-1.078253090381622314e-01,-6.147832050919532776e-02,1.414052546024322510e-01,6.978367455303668976e-04,-8.526877500116825104e-03,1.404421925544738770e-01,1.689283847808837891e-01,2.439957410097122192e-01,1.328923583030700684e+00,-1.260419189929962158e-02,7.210318744182586670e-02,1.074311602860689163e-02,-5.626544356346130371e-02,-1.683758944272994995e-01,6.355092860758304596e-03,1.259060502052307129e+00,2.491880208253860474e-02,5.096315219998359680e-02,-6.417533010244369507e-02
1.763455867767333984e+00,6.647548079490661621e-02,8.473253250122070312e-01,-5.691935867071151733e-02,1.308769732713699341e-02,-1.661266572773456573e-02,9.981547594070434570e-01,2.391393482685089111e-01,-3.846185207366943359e-01,3.455845713615417480e-01,-1.739952713251113892e-02,5.746372416615486145e-02,-7.898203283548355103e-02,1.884372383356094360e-01,1.361809968948364258e-01,6.937071681022644043e-02,9.939032606780529022e-03,-1.324803382158279419e-01,-5.798927694559097290e-02,1.510546654462814331e-01,-5.384157877415418625e-03,-1.430799253284931183e-02,1.429367661476135254e-01,1.660582572221755981e-01,2.461237758398056030e-01,1.325953245162963867e+00,-1.112619228661060333e-02,7.039038836956024170e-02,1.413671951740980148e-02,-5.344956740736961365e-02,-1.709214001893997192e-01,9.982020594179630280e-03,1.255669116973876953e+00,2.068950235843658447e-02,5.606859549880027771e-02,-6.423880159854888916e-02
1.788450360298156738e+00,7.059147208929061890e-02,8.421202301979064941e-01,-6.075748801231384277e-02,1.414139196276664734e-02,-1.483888551592826843e-02,9.979420900344848633e-01,2.456765770912170410e-01,-4.069524407386779785e-01,2.755981683731079102e-01,-1.740000024437904358e-02,-2.193859219551086426e-02,-1.097479015588760376e-01,1.886694133281707764e-01,1.598065048456192017e-01,6.273251771926879883e-02,2.395999059081077576e-02,-1.659386903047561646e-01,-5.516194924712181091e-02,1.605591326951980591e-01,-1.233643852174282074e-02,-1.907795108854770660e-02,1.463636159896850586e-01,1.629507839679718018e-01,2.491433322429656982e-01,1.319634437561035156e+00,-7.834425196051597595e-03,6.588684022426605225e-02,1.779919676482677460e-02,-4.696058854460716248e-02,-1.736822128295898438e-01,1.332780998200178146e-02,1.254887342453002930e+00,1.222003623843193054e-02,6.155185773968696594e-02,-6.417579203844070435e-02
1.809302926063537598e+00,7.346133142709732056e-02,8.374847173690795898e-01,-6.451503932476043701e-02,1.202845852822065353e-02,-1.133496034890413284e-02,9.977798461914062500e-01,2.400389015674591064e-01,-3.985927104949951172e-01,2.277518361806869507e-01,-1.740000024437904358e-02,-4.206063598394393921e-02,-1.205860748887062073e-01,1.916203945875167847e-01,1.813504695892333984e-01,5.937026441097259521e-02,4.289766401052474976e-02,-1.918358653783798218e-01,-5.460758134722709656e-02,1.684182435274124146e-01,-2.169827558100223541e-02,-1.791237480938434601e-02,1.472838521003723145e-01,1.612897366285324097e-01,2.476877719163894653e-01,1.316434621810913086e+00,-5.768633447587490082e-03,6.380062550306320190e-02,1.867652684450149536e-02,-3.974797576665878296e-02,-1.739439070224761963e-01,1.144656166434288025e-02,1.257570624351501465e+00,7.214487064629793167e-03,6.246870011091232300e-02,-6.408180296421051025e-02
1.831542372703552246e+00,7.613489031791687012e-02,8.333812952041625977e-01,-6.505248695611953735e-02,9.721480309963226318e-03,-7.214449346065521240e-03,9.978083968162536621e-01,2.212827801704406738e-01,-3.834308385848999023e-01,2.143423259258270264e-01,-1.740000024437904358e-02,6.661321502178907394e-03,-8.263784646987915039e-02,1.892043501138687134e-01,2.007791697978973389e-01,5.360982939600944519e-02,6.735567748546600342e-02,-2.139511704444885254e-01,-5.807061865925788879e-02,1.664239168167114258e-01,-2.635706774890422821e-02,-1.598917692899703979e-02,1.457081884145736694e-01,1.607540994882583618e-01,2.441272139549255371e-01,1.315090179443359375e+00,-4.052636213600635529e-03,6.265970319509506226e-02,1.953409984707832336e-02,-3.053926303982734680e-02,-1.722563803195953369e-01,8.243607357144355774e-03,1.263555288314819336e+00,4.197285044938325882e-03,5.585671961307525635e-02,-5.931391939520835876e-02
1.863555312156677246e+00,7.994496822357177734e-02,8.297212123870849609e-01,-6.502137333154678345e-02,5.775825586169958115e-03,-6.745290942490100861e-03,9.978443384170532227e-01,2.062364667654037476e-01,-3.739927411079406738e-01,2.238528132438659668e-01,1.824714615941047668e-02,6.917530298233032227e-02,-5.769393406808376312e-03,1.817268580198287964e-01,2.254768311977386475e-01,5.383702740073204041e-02,1.081406623125076294e-01,-2.417327761650085449e-01,-5.498726293444633484e-02,1.592147499322891235e-01,-2.295844256877899170e-02,-1.401506457477807999e-02,1.461112946271896362e-01,1.603146791458129883e-01,2.415544539690017700e-01,1.314646244049072266e+00,-1.797893433831632137e-03,6.201423704624176025e-02,2.040062658488750458e-02,-1.393520180135965347e-02,-1.677684485912322998e-01,4.251363221555948257e-03,1.275865435600280762e+00,5.221045576035976410e-03,3.866974264383316040e-02,-4.903578758239746094e-02
1.888088822364807129e+00,8.432655036449432373e-02,8.297864198684692383e-01,-6.325515359640121460e-02,3.469207091256976128e-03,-9.989115409553050995e-03,9.979413747787475586e-01,1.962729841470718384e-01,-3.691684603691101074e-01,2.213871181011199951e-01,5.100136995315551758e-02,1.300333142280578613e-01,7.662962656468153000e-03,1.691945642232894897e-01,2.296649068593978882e-01,5.666734650731086731e-02,1.614092886447906494e-01,-2.656030356884002686e-01,-4.291341826319694519e-02,1.507885307073593140e-01,-9.334185160696506500e-03,-1.238459628075361252e-02,1.357150077819824219e-01,1.564848423004150391e-01,2.304786741733551025e-01,1.322582364082336426e+00,-4.724130500108003616e-03,6.742949038743972778e-02,2.107446640729904175e-02,-2.111689420416951180e-03,-1.649464666843414307e-01,-1.165342750027775764e-03,1.289220452308654785e+00,7.492703385651111603e-03,2.178125269711017609e-02,-4.419845715165138245e-02
1.912757277488708496e+00,8.840151131153106689e-02,8.322044014930725098e-01,-5.595510080456733704e-02,3.224601270630955696e-03,-1.340213790535926819e-02,9.983381032943725586e-01,1.752831637859344482e-01,-3.695750832557678223e-01,2.149707078933715820e-01,9.103661030530929565e-02,1.830468773841857910e-01,6.609874311834573746e-03,1.463301032781600952e-01,2.146250009536743164e-01,4.864547401666641235e-02,2.388177961111068726e-01,-2.942341268062591553e-01,-2.661860547959804535e-02,1.256351023912429810e-01,4.771971609443426132e-03,-1.612162217497825623e-02,1.342729032039642334e-01,1.572272479534149170e-01,2.288063019514083862e-01,1.328431725502014160e+00,-9.560788981616497040e-03,6.963948160409927368e-02,1.914789155125617981e-02,8.579579181969165802e-03,-1.558887660503387451e-01,-1.613065600395202637e-03,1.305097341537475586e+00,1.252212747931480408e-02,3.267646068707108498e-03,-3.757489472627639771e-02
1.943978309631347656e+00,9.476990252733230591e-02,8.386119604110717773e-01,-4.096588864922523499e-02,7.309542270377278328e-04,-1.650925539433956146e-02,9.990238547325134277e-01,1.219984069466590881e-01,-3.641385138034820557e-01,1.748921126127243042e-01,1.506082415580749512e-01,2.011374086141586304e-01,1.504638511687517166e-02,1.031970456242561340e-01,1.651475280523300171e-01,1.926167868077754974e-02,3.882851600646972656e-01,-3.121543526649475098e-01,5.769420880824327469e-03,7.843248546123504639e-02,2.814293280243873596e-02,-9.980424307286739349e-03,1.198671013116836548e-01,1.607922315597534180e-01,2.131276577711105347e-01,1.343704462051391602e+00,-2.434550411999225616e-02,7.845757901668548584e-02,1.440212037414312363e-02,2.140852250158786774e-02,-1.405921876430511475e-01,-1.761095598340034485e-02,1.320364832878112793e+00,1.725208759307861328e-02,-1.889814436435699463e-02,-3.073871321976184845e-02
1.966202139854431152e+00,1.010698899626731873e-01,8.434600830078125000e-01,-3.007717803120613098e-02,-1.994658261537551880e-03,-1.915302686393260956e-02,9.993620514869689941e-01,7.754293084144592285e-02,-3.475535213947296143e-01,1.409202814102172852e-01,1.778625249862670898e-01,1.954132020473480225e-01,1.773533225059509277e-02,6.433624029159545898e-02,1.107267886400222778e-01,-1.045960187911987305e-02,5.185836553573608398e-01,-2.791203558444976807e-01,4.380776733160018921e-02,4.790381342172622681e-02,4.341454058885574341e-02,-2.523479051887989044e-03,1.058551222085952759e-01,1.622425019741058350e-01,1.981991231441497803e-01,1.352530598640441895e+00,-3.469456732273101807e-02,8.401343971490859985e-02,1.459787879139184952e-02,2.911146916449069977e-02,-1.372169256210327148e-01,-3.051745146512985229e-02,1.323943376541137695e+00,1.829350739717483521e-02,-2.391068451106548309e-02,-2.493456192314624786e-02
1.986313700675964355e+00,1.068650633096694946e-01,8.469684123992919922e-01,-2.125356346368789673e-02,-3.991080913692712784e-03,-2.271823771297931671e-02,9.995080232620239258e-01,4.151888191699981689e-02,-3.244153559207916260e-01,1.249181255698204041e-01,1.899537146091461182e-01,1.726901382207870483e-01,2.982972562313079834e-02,2.963813394308090210e-02,4.055834561586380005e-02,-2.240149863064289093e-02,6.543421149253845215e-01,-1.737762540578842163e-01,6.204729899764060974e-02,2.540933340787887573e-02,5.275005102157592773e-02,6.472594570368528366e-03,8.900064229965209961e-02,1.648743152618408203e-01,1.829574704170227051e-01,1.354651927947998047e+00,-3.585140034556388855e-02,7.988998293876647949e-02,1.315462682396173477e-02,3.083672001957893372e-02,-1.441354006528854370e-01,-2.964607253670692444e-02,1.320637822151184082e+00,1.929693855345249176e-02,-1.610307209193706512e-02,-2.273552492260932922e-02
2.010314464569091797e+00,1.121788918972015381e-01,8.499765396118164062e-01,-1.179513148963451385e-02,-4.293465055525302887e-03,-2.664977312088012695e-02,9.995660185813903809e-01,5.273105576634407043e-03,-2.965590655803680420e-01,1.122698262333869934e-01,1.975798010826110840e-01,1.405096799135208130e-01,4.300412535667419434e-02,-3.681473201140761375e-03,-5.428892001509666443e-02,-2.782154455780982971e-02,8.013300895690917969e-01,-2.346956916153430939e-02,4.847620800137519836e-02,2.544360235333442688e-03,5.620888248085975647e-02,9.130775928497314453e-03,6.902873516082763672e-02,1.690582931041717529e-01,1.603201776742935181e-01,1.352781414985656738e+00,-3.707519546151161194e-02,7.574436813592910767e-02,1.960245892405509949e-03,3.209380432963371277e-02,-1.587444841861724854e-01,-2.086091972887516022e-02,1.310330867767333984e+00,2.018626593053340912e-02,1.408004318363964558e-03,-1.923578977584838867e-02
2.025404691696166992e+00,1.141326650977134705e-01,8.530450463294982910e-01,-9.206934832036495209e-03,-4.523991141468286514e-03,-2.762967906892299652e-02,9.995656013488769531e-01,-7.440559566020965576e-03,-2.761391103267669678e-01,1.033838242292404175e-01,1.970849037170410156e-01,1.263621151447296143e-01,4.761364683508872986e-02,-1.080393511801958084e-02,-1.072921305894851685e-01,-2.182366698980331421e-02,8.701439499855041504e-01,-5.977924913167953491e-02,5.029225721955299377e-02,-5.218279547989368439e-03,4.447915405035018921e-02,1.308860722929239273e-02,5.805042013525962830e-02,1.750127226114273071e-01,1.538326740264892578e-01,1.343921661376953125e+00,-4.116221144795417786e-02,7.185581326484680176e-02,-1.200658828020095825e-02,2.490641921758651733e-02,-1.623728871345520020e-01,-1.597598940134048462e-02,1.305061817169189453e+00,1.460373587906360626e-02,9.582267142832279205e-03,-2.190388552844524384e-02
2.038969755172729492e+00,1.162403523921966553e-01,8.560994863510131836e-01,-9.618073701858520508e-03,-3.494518576189875603e-03,-2.826164290308952332e-02,9.995481967926025391e-01,-1.281416136771440506e-02,-2.574543356895446777e-01,9.471318870782852173e-02,1.908170133829116821e-01,1.185857802629470825e-01,5.317579954862594604e-02,-7.469967473298311234e-03,-1.513401716947555542e-01,-6.570772733539342880e-03,8.940012454986572266e-01,-8.930999785661697388e-02,4.047230258584022522e-02,-3.165540751069784164e-03,3.585343807935714722e-02,1.166383828967809677e-02,4.364085942506790161e-02,1.766325086355209351e-01,1.460716426372528076e-01,1.332693457603454590e+00,-3.244559094309806824e-02,6.780251860618591309e-02,-1.478929817676544189e-02,2.159981615841388702e-02,-1.622635126113891602e-01,-2.721210382878780365e-02,1.303756594657897949e+00,1.839565299451351166e-02,4.618433769792318344e-03,-3.527485579252243042e-02
2.055197715759277344e+00,1.184799596667289734e-01,8.601041436195373535e-01,-1.213336642831563950e-02,-1.708178431726992130e-03,-3.157400339841842651e-02,9.994263052940368652e-01,-1.151412632316350937e-02,-2.296151518821716309e-01,9.496307373046875000e-02,1.716057807207107544e-01,1.138269007205963135e-01,5.839273706078529358e-02,9.338940726593136787e-04,-1.952665746212005615e-01,1.602812670171260834e-02,8.667225241661071777e-01,-1.214889734983444214e-01,3.407074883580207825e-02,5.468063987791538239e-03,2.539780177175998688e-02,8.610448800027370453e-03,2.416222169995307922e-02,1.769087761640548706e-01,1.382169276475906372e-01,1.317746043205261230e+00,-3.652486205101013184e-02,5.342643707990646362e-02,-1.744559966027736664e-02,1.720359921455383301e-02,-1.587078720331192017e-01,-4.660082608461380005e-02,1.304237961769104004e+00,3.171990811824798584e-02,2.256909385323524475e-03,-3.839398920536041260e-02
2.065456628799438477e+00,1.191315725445747375e-01,8.627865910530090332e-01,-1.445240993052721024e-02,4.024702357128262520e-04,-3.470825776457786560e-02,9.992929100990295410e-01,-6.375374738126993179e-03,-2.111726552248001099e-01,1.074338033795356750e-01,1.551055312156677246e-01,1.100528240203857422e-01,6.022363156080245972e-02,8.914563804864883423e-03,-2.221296429634094238e-01,3.044810891151428223e-02,8.148193359375000000e-01,-1.487828046083450317e-01,1.778897829353809357e-02,1.347539201378822327e-02,1.676545850932598114e-02,5.486007779836654663e-03,1.354872994124889374e-02,1.779249906539916992e-01,1.375560611486434937e-01,1.300844192504882812e+00,-4.291694983839988708e-02,3.752012178301811218e-02,-2.239381894469261169e-02,1.143166050314903259e-02,-1.578467190265655518e-01,-5.175331234931945801e-02,1.304828882217407227e+00,4.168612509965896606e-02,1.321016694419085979e-03,-3.784056007862091064e-02
2.074926376342773438e+00,1.193871274590492249e-01,8.649656772613525391e-01,-1.646487414836883545e-02,2.971350215375423431e-03,-3.733761981129646301e-02,9.991626143455505371e-01,-2.091321861371397972e-03,-1.949579715728759766e-01,1.187410727143287659e-01,1.390302926301956177e-01,1.059816405177116394e-01,6.206738576292991638e-02,1.645652391016483307e-02,-2.416417300701141357e-01,4.219048097729682922e-02,7.388365864753723145e-01,-1.655497550964355469e-01,1.279414538294076920e-02,2.050584740936756134e-02,9.842053987085819244e-03,1.909631770104169846e-03,5.213087890297174454e-03,1.801991462707519531e-01,1.381790637969970703e-01,1.280473709106445312e+00,-4.872420057654380798e-02,1.737808436155319214e-02,-2.574105188250541687e-02,9.577519260346889496e-03,-1.597421020269393921e-01,-4.835023730993270874e-02,1.304081559181213379e+00,4.603981599211692810e-02,4.600124899297952652e-03,-3.886272013187408447e-02
2.085847616195678711e+00,1.195848286151885986e-01,8.672431707382202148e-01,-1.887876167893409729e-02,6.067603360861539841e-03,-3.942348435521125793e-02,9.990258216857910156e-01,1.960270572453737259e-03,-1.755741834640502930e-01,1.258728951215744019e-01,1.185782551765441895e-01,1.020745709538459778e-01,6.334425508975982666e-02,2.717231214046478271e-02,-2.512958049774169922e-01,6.424371153116226196e-02,6.072270274162292480e-01,-1.770011633634567261e-01,2.297816611826419830e-02,3.041310794651508331e-02,-2.595521742478013039e-03,-1.127222087234258652e-03,-3.798712743446230888e-03,1.832056641578674316e-01,1.360307335853576660e-01,1.253574609756469727e+00,-6.113661825656890869e-02,-6.775843445211648941e-03,-3.325939550995826721e-02,3.734743921086192131e-03,-1.612372249364852905e-01,-4.143650457262992859e-02,1.304118037223815918e+00,4.350804165005683899e-02,4.485821817070245743e-03,-4.004303738474845886e-02
2.093334913253784180e+00,1.191177293658256531e-01,8.685933947563171387e-01,-2.051282301545143127e-02,8.224770426750183105e-03,-4.063099995255470276e-02,9.989297986030578613e-01,5.298370495438575745e-03,-1.627868860960006714e-01,1.278819292783737183e-01,1.053960174322128296e-01,9.868764877319335938e-02,6.215612590312957764e-02,3.382394090294837952e-02,-2.486612647771835327e-01,8.404933661222457886e-02,4.981528818607330322e-01,-1.720654219388961792e-01,3.470053151249885559e-02,3.753307834267616272e-02,-9.079045616090297699e-03,-3.233034629374742508e-03,-1.227939408272504807e-02,1.831475943326950073e-01,1.310001760721206665e-01,1.237626075744628906e+00,-6.226436048746109009e-02,-1.859830878674983978e-02,-3.758744150400161743e-02,-1.023904551402665675e-04,-1.620020270347595215e-01,-3.173218294978141785e-02,1.307983517646789551e+00,4.978526383638381958e-02,2.597315004095435143e-03,-4.368712007999420166e-02
2.100891113281250000e+00,1.178056076169013977e-01,8.696380257606506348e-01,-2.131700143218040466e-02,9.981351904571056366e-03,-4.093670845031738281e-02,9.988844394683837891e-01,7.664190139621496201e-03,-1.507257074117660522e-01,1.289552301168441772e-01,9.487836807966232300e-02,9.434977173805236816e-02,6.094720214605331421e-02,3.697915375232696533e-02,-2.437672168016433716e-01,1.019508093595504761e-01,4.005015790462493896e-01,-1.547948122024536133e-01,4.584663733839988708e-02,4.254205152392387390e-02,-1.311963330954313278e-02,-4.515322856605052948e-03,-2.207235805690288544e-02,1.816077679395675659e-01,1.214286834001541138e-01,1.227111935615539551e+00,-6.439226120710372925e-02,-2.658224664628505707e-02,-3.899066895246505737e-02,2.960512647405266762e-03,-1.617896854877471924e-01,-3.408023715019226074e-02,1.307194232940673828e+00,4.919824376702308655e-02,2.997701987624168396e-03,-4.490187764167785645e-02
2.110616683959960938e+00,1.157866790890693665e-01,8.706520795822143555e-01,-2.082646638154983521e-02,1.111865881830453873e-02,-4.033264890313148499e-02,9.989073872566223145e-01,7.176546379923820496e-03,-1.338970363140106201e-01,1.294395923614501953e-01,8.259847015142440796e-02,8.759162575006484985e-02,5.890169367194175720e-02,3.476776182651519775e-02,-2.373351901769638062e-01,1.118619516491889954e-01,3.008956015110015869e-01,-1.190258935093879700e-01,5.372110754251480103e-02,4.465399682521820068e-02,-1.632013171911239624e-02,-5.406714510172605515e-03,-3.238865360617637634e-02,1.777257025241851807e-01,1.116826459765434265e-01,1.219155669212341309e+00,-6.766969710588455200e-02,-3.020878322422504425e-02,-3.484443947672843933e-02,3.466411959379911423e-03,-1.597255766391754150e-01,-2.960076183080673218e-02,1.311090707778930664e+00,5.091079697012901306e-02,-1.225939951837062836e-03,-4.153167083859443665e-02
2.117567300796508789e+00,1.143672838807106018e-01,8.711156845092773438e-01,-1.981653831899166107e-02,1.197809353470802307e-02,-3.936073929071426392e-02,9.989567399024963379e-01,5.426424089819192886e-03,-1.234887540340423584e-01,1.284640580415725708e-01,7.701633125543594360e-02,7.939360290765762329e-02,5.707413703203201294e-02,3.192079067230224609e-02,-2.307544350624084473e-01,1.086494252085685730e-01,2.432261705398559570e-01,-8.657327294349670410e-02,6.414148211479187012e-02,4.497140645980834961e-02,-1.721977815032005310e-02,-7.170975208282470703e-03,-3.795970603823661804e-02,1.735211461782455444e-01,1.062652617692947388e-01,1.216913104057312012e+00,-6.881855428218841553e-02,-3.245743364095687866e-02,-3.227215260267257690e-02,4.249063786119222641e-03,-1.589966863393783569e-01,-2.344045601785182953e-02,1.314588665962219238e+00,5.296483263373374939e-02,-5.049430765211582184e-03,-3.930911794304847717e-02
2.124258279800415039e+00,1.124529987573623657e-01,8.710900545120239258e-01,-1.720554567873477936e-02,1.225639600306749344e-02,-3.825351595878601074e-02,9.990447759628295898e-01,2.680534089449793100e-04,-1.115028709173202515e-01,1.246036142110824585e-01,7.035308331251144409e-02,7.011238485574722290e-02,5.496779084205627441e-02,2.636384963989257812e-02,-2.220811694860458374e-01,9.910142421722412109e-02,2.021379917860031128e-01,-6.855735182762145996e-02,8.066356927156448364e-02,4.061688855290412903e-02,-1.451821811497211456e-02,-8.589040488004684448e-03,-4.064914584159851074e-02,1.705542951822280884e-01,1.010433286428451538e-01,1.216455578804016113e+00,-6.784214079380035400e-02,-3.536619991064071655e-02,-3.235524892807006836e-02,7.095358334481716156e-03,-1.570461839437484741e-01,-2.245289087295532227e-02,1.316006779670715332e+00,5.219047144055366516e-02,-7.194162346422672272e-03,-3.701307252049446106e-02
2.133545637130737305e+00,1.089055165648460388e-01,8.703545331954956055e-01,-1.126025989651679993e-02,1.300246920436620712e-02,-3.556967899203300476e-02,9.992191791534423828e-01,-1.084585301578044891e-02,-9.677369147539138794e-02,1.147012636065483093e-01,6.338849663734436035e-02,5.326339974999427795e-02,5.034566670656204224e-02,1.347943581640720367e-02,-2.090192139148712158e-01,8.412565290927886963e-02,1.647776663303375244e-01,-2.108284085988998413e-02,8.320197463035583496e-02,2.911761961877346039e-02,-9.548155590891838074e-03,-1.303369365632534027e-02,-3.788407891988754272e-02,1.687054336071014404e-01,9.774141758680343628e-02,1.216219186782836914e+00,-6.308561563491821289e-02,-3.920239955186843872e-02,-3.447190672159194946e-02,1.348396018147468567e-02,-1.558180898427963257e-01,-2.283888310194015503e-02,1.314467906951904297e+00,5.112383514642715454e-02,-6.117046345025300980e-03,-3.409142419695854187e-02
2.139829874038696289e+00,1.051151156425476074e-01,8.694794774055480957e-01,-6.517220288515090942e-03,1.422653067857027054e-02,-3.259535133838653564e-02,9.993461370468139648e-01,-1.753293164074420929e-02,-9.140345454216003418e-02,1.061860695481300354e-01,6.509444117546081543e-02,3.730317577719688416e-02,4.557433724403381348e-02,6.763774435967206955e-03,-1.974719464778900146e-01,7.083921134471893311e-02,1.461028009653091431e-01,2.132718823850154877e-02,4.485015571117401123e-02,1.906071044504642487e-02,-6.767293438315391541e-03,-1.768750324845314026e-02,-3.342559188604354858e-02,1.693658977746963501e-01,9.630219638347625732e-02,1.218199610710144043e+00,-6.050909310579299927e-02,-4.026957973837852478e-02,-3.718106448650360107e-02,1.666394248604774475e-02,-1.537432968616485596e-01,-2.298763208091259003e-02,1.313328146934509277e+00,4.983625560998916626e-02,-4.305326845496892929e-03,-3.186663612723350525e-02
2.145792484283447266e+00,1.003457680344581604e-01,8.685218095779418945e-01,-1.608318416401743889e-03,1.518879737704992294e-02,-2.901846729218959808e-02,9.994621872901916504e-01,-2.331313863396644592e-02,-8.733438700437545776e-02,9.696018695831298828e-02,6.870344281196594238e-02,2.389904856681823730e-02,4.164802283048629761e-02,1.395751605741679668e-04,-1.824587881565093994e-01,6.211436912417411804e-02,1.327101588249206543e-01,1.681099832057952881e-02,2.364825084805488586e-02,7.704650517553091049e-03,-2.710104919970035553e-03,-2.116427384316921234e-02,-2.632031403481960297e-02,1.711848527193069458e-01,9.771163016557693481e-02,1.221031427383422852e+00,-5.658130720257759094e-02,-4.025037214159965515e-02,-3.854696080088615417e-02,2.131544984877109528e-02,-1.496328115463256836e-01,-2.688835002481937408e-02,1.312096476554870605e+00,4.639709740877151489e-02,-3.099972847849130630e-03,-3.245611861348152161e-02
2.152942657470703125e+00,9.335713088512420654e-02,8.680840730667114258e-01,7.591316243633627892e-04,1.536531560122966766e-02,-2.697033807635307312e-02,9.995178580284118652e-01,-2.001210302114486694e-02,-7.824417948722839355e-02,9.002683311700820923e-02,6.940127164125442505e-02,1.127229258418083191e-02,3.604191169142723083e-02,3.619303926825523376e-03,-1.607243865728378296e-01,6.295083463191986084e-02,1.098892018198966980e-01,2.455715835094451904e-02,5.152376368641853333e-03,2.031726762652397156e-03,2.704598475247621536e-03,-2.051665261387825012e-02,-1.841997727751731873e-02,1.732275784015655518e-01,9.856751561164855957e-02,1.232273936271667480e+00,-5.295430123805999756e-02,-2.564771287143230438e-02,-3.201848268508911133e-02,2.225700207054615021e-02,-1.427935063838958740e-01,-2.835318446159362793e-02,1.314262509346008301e+00,4.219255223870277405e-02,-6.218305788934230804e-03,-3.463406115770339966e-02
2.158097505569458008e+00,8.854683488607406616e-02,8.683567047119140625e-01,1.794156269170343876e-04,1.535603217780590057e-02,-2.692743018269538879e-02,9.995194077491760254e-01,-1.196569763123989105e-02,-7.106991857290267944e-02,9.030886739492416382e-02,6.937526166439056396e-02,4.692953545600175858e-03,2.902974747121334076e-02,1.032072119414806366e-02,-1.451712399721145630e-01,6.356909126043319702e-02,9.297349303960800171e-02,2.933939918875694275e-02,6.057781167328357697e-03,5.072075407952070236e-03,6.325982045382261276e-03,-2.020545117557048798e-02,-1.121055986732244492e-02,1.697779595851898193e-01,1.013816818594932556e-01,1.246912002563476562e+00,-4.567465558648109436e-02,-7.799593731760978699e-03,-3.083825483918190002e-02,2.257137373089790344e-02,-1.409474462270736694e-01,-2.375182509422302246e-02,1.318058371543884277e+00,4.031266644597053528e-02,-1.026388257741928101e-02,-3.314023837447166443e-02
2.162703990936279297e+00,8.434256166219711304e-02,8.685399293899536133e-01,7.683740695938467979e-04,1.562640629708766937e-02,-2.528863027691841125e-02,9.995577335357666016e-01,-6.962574087083339691e-03,-6.808742135763168335e-02,9.243072569370269775e-02,7.374878972768783569e-02,-1.166729023680090904e-03,2.019559778273105621e-02,1.204968895763158798e-02,-1.303169429302215576e-01,5.385946482419967651e-02,7.575216144323348999e-02,3.083236142992973328e-02,1.151301246136426926e-02,6.192862056195735931e-03,9.522083215415477753e-03,-2.047311700880527496e-02,-3.570081666111946106e-03,1.634346842765808105e-01,1.072176396846771240e-01,1.263459324836730957e+00,-3.730759024620056152e-02,1.035873219370841980e-02,-3.068495728075504303e-02,2.349498495459556580e-02,-1.417392641305923462e-01,-2.141638286411762238e-02,1.320122241973876953e+00,3.821089491248130798e-02,-1.239277049899101257e-02,-2.795437164604663849e-02
2.167673826217651367e+00,7.855241745710372925e-02,8.684565424919128418e-01,2.177458256483078003e-03,1.800954341888427734e-02,-1.561133656650781631e-02,9.997135400772094727e-01,-1.172504620626568794e-03,-8.276853710412979126e-02,8.688800036907196045e-02,1.017858311533927917e-01,-1.990195177495479584e-02,1.106386724859476089e-02,1.353224460035562515e-02,-1.118720099329948425e-01,3.324342146515846252e-02,4.684602469205856323e-02,4.015892744064331055e-02,5.199561826884746552e-03,3.946619573980569839e-03,5.973020568490028381e-03,-2.369266003370285034e-02,4.986283835023641586e-03,1.567054241895675659e-01,1.211771145462989807e-01,1.282908320426940918e+00,-2.394211106002330780e-02,2.656977996230125427e-02,-2.107374742627143860e-02,2.710136212408542633e-02,-1.463692337274551392e-01,-2.299076505005359650e-02,1.317053675651550293e+00,3.659352287650108337e-02,-6.856653373688459396e-03,-2.221513353288173676e-02
