8.359062075614929199e-01,3.003976866602897644e-02,8.675932288169860840e-01,-6.306700874119997025e-03,2.047868678346276283e-03,9.998370409011840820e-01,-1.679222472012042999e-02,2.020442858338356018e-02,-3.014095872640609741e-02,9.955087304115295410e-02,-8.639892563223838806e-03,1.300030481070280075e-02,-4.331209696829319000e-03,4.328911006450653076e-02,4.132654052227735519e-03,-3.608848154544830322e-02,5.740360822528600693e-03,-2.265934646129608154e-02,-3.060883097350597382e-02,1.894732378423213959e-02,-2.624217653647065163e-03,-2.894474379718303680e-02,4.373541474342346191e-02,1.363095790147781372e-01,2.331022918224334717e-01,1.259612083435058594e+00,-2.963952347636222839e-02,5.599922686815261841e-02,-4.442652314901351929e-02,5.249818414449691772e-02,-1.400603055953979492e-01,-9.267635643482208252e-02,1.319698810577392578e+00,5.268195644021034241e-02,4.703689366579055786e-03,-6.213026866316795349e-02
8.349648714065551758e-01,2.896800823509693146e-02,8.675694465637207031e-01,-6.974635645747184753e-03,9.273418108932673931e-04,9.998378753662109375e-01,-1.657333411276340485e-02,2.142125181853771210e-02,-3.082407452166080475e-02,1.003256887197494507e-01,-7.678531110286712646e-03,1.242993492633104324e-02,-3.793979529291391373e-03,4.437113925814628601e-02,2.945444546639919281e-03,-3.556730225682258606e-02,7.152151782065629959e-03,-2.146095968782901764e-02,-2.940431982278823853e-02,1.987291313707828522e-02,-3.064884571358561516e-03,-2.836363762617111206e-02,4.185228794813156128e-02,1.381541043519973755e-01,2.256965190172195435e-01,1.255250692367553711e+00,-3.118798881769180298e-02,5.235029384493827820e-02,-4.287263005971908569e-02,5.180088430643081665e-02,-1.399896442890167236e-01,-9.177882224321365356e-02,1.318007588386535645e+00,5.468707159161567688e-02,6.640653125941753387e-03,-6.284847855567932129e-02
8.341072201728820801e-01,2.787562832236289978e-02,8.675367236137390137e-01,-8.036679588258266449e-03,2.973130031023174524e-04,9.998500943183898926e-01,-1.533302199095487595e-02,2.149384282529354095e-02,-3.060711920261383057e-02,1.024586856365203857e-01,-9.916369803249835968e-03,1.472147647291421890e-02,-4.736322443932294846e-03,4.429166018962860107e-02,-5.757837425335310400e-05,-3.496223688125610352e-02,1.018782332539558411e-02,-2.160838991403579712e-02,-2.854683808982372284e-02,2.025581523776054382e-02,-2.592869568616151810e-03,-2.894015237689018250e-02,4.200021922588348389e-02,1.391535401344299316e-01,2.229524552822113037e-01,1.252390503883361816e+00,-3.160581737756729126e-02,4.798441007733345032e-02,-4.308170080184936523e-02,5.096013844013214111e-02,-1.407658755779266357e-01,-8.926733583211898804e-02,1.315499424934387207e+00,5.477619171142578125e-02,9.357570670545101166e-03,-6.235231086611747742e-02
8.332870006561279297e-01,2.666950039565563202e-02,8.675773739814758301e-01,-9.816377423703670502e-03,2.217366709373891354e-04,9.998632073402404785e-01,-1.330783870071172714e-02,2.018714509904384613e-02,-3.029238060116767883e-02,1.072644144296646118e-01,-1.494161970913410187e-02,1.906175166368484497e-02,-7.741273380815982819e-03,4.271173477172851562e-02,-5.189554300159215927e-03,-3.511733561754226685e-02,1.427408028393983841e-02,-2.207394503057003021e-02,-2.728858962655067444e-02,1.894998922944068909e-02,-1.542801473988220096e-04,-3.019578196108341217e-02,4.434352740645408630e-02,1.400293111801147461e-01,2.254362404346466064e-01,1.249767899513244629e+00,-2.756994217634201050e-02,4.295755550265312195e-02,-4.505068063735961914e-02,4.767480865120887756e-02,-1.407435685396194458e-01,-8.528299629688262939e-02,1.313785314559936523e+00,5.364675447344779968e-02,1.150152739137411118e-02,-6.146746501326560974e-02
8.327133655548095703e-01,2.619305998086929321e-02,8.676384091377258301e-01,-1.093314960598945618e-02,-1.064421157934702933e-04,9.998707175254821777e-01,-1.179242506623268127e-02,2.036150731146335602e-02,-3.039986081421375275e-02,1.114069968461990356e-01,-1.728429645299911499e-02,2.151804417371749878e-02,-9.324378333985805511e-03,4.279219731688499451e-02,-8.259822614490985870e-03,-3.430386632680892944e-02,1.646890118718147278e-02,-2.157526463270187378e-02,-2.664637006819248199e-02,1.883980073034763336e-02,2.467900594638194889e-05,-3.067922778427600861e-02,4.754875600337982178e-02,1.405479162931442261e-01,2.284164726734161377e-01,1.251182198524475098e+00,-2.661560475826263428e-02,4.309681057929992676e-02,-4.804293811321258545e-02,4.486732557415962219e-02,-1.400613486766815186e-01,-8.461827039718627930e-02,1.312198162078857422e+00,5.181544274091720581e-02,1.303539145737886429e-02,-6.119976192712783813e-02
8.323665857315063477e-01,2.614596486091613770e-02,8.677385449409484863e-01,-1.181684248149394989e-02,-4.915137542411684990e-04,9.998748898506164551e-01,-1.050467509776353836e-02,2.140622399747371674e-02,-3.180445730686187744e-02,1.158583313226699829e-01,-1.700650155544281006e-02,2.344412729144096375e-02,-1.047183014452457428e-02,4.367223009467124939e-02,-1.066694874316453934e-02,-3.240238875150680542e-02,1.782260276377201080e-02,-2.072700113058090210e-02,-2.677100524306297302e-02,1.927187852561473846e-02,6.589472759515047073e-04,-3.055261261761188507e-02,5.043837428092956543e-02,1.414462625980377197e-01,2.281444072723388672e-01,1.255626916885375977e+00,-2.826756052672863007e-02,4.599922522902488708e-02,-4.993473365902900696e-02,4.171220585703849792e-02,-1.387037634849548340e-01,-8.700048923492431641e-02,1.310444712638854980e+00,5.127536877989768982e-02,1.436226349323987961e-02,-6.149777397513389587e-02
8.319983482360839844e-01,2.675241976976394653e-02,8.678585290908813477e-01,-1.253346167504787445e-02,-7.837773882783949375e-04,9.998768568038940430e-01,-9.410936385393142700e-03,2.343847788870334625e-02,-3.494531288743019104e-02,1.201184391975402832e-01,-1.342522818595170975e-02,2.670850232243537903e-02,-1.207317877560853958e-02,4.540639743208885193e-02,-1.181622315198183060e-02,-2.938532643020153046e-02,1.756669580936431885e-02,-1.903992332518100739e-02,-2.785753645002841949e-02,1.935073547065258026e-02,-2.878560335375368595e-04,-2.932728081941604614e-02,5.453881248831748962e-02,1.438710093498229980e-01,2.267626672983169556e-01,1.264357805252075195e+00,-2.739004790782928467e-02,5.492557212710380554e-02,-4.705901816487312317e-02,3.871380165219306946e-02,-1.384634375572204590e-01,-8.717229217290878296e-02,1.305831670761108398e+00,5.282358080148696899e-02,1.802085898816585541e-02,-6.220173835754394531e-02
8.317858576774597168e-01,2.770911529660224915e-02,8.679343461990356445e-01,-1.304019708186388016e-02,-6.424609455280005932e-04,9.998700022697448730e-01,-9.458695538341999054e-03,2.496460825204849243e-02,-3.919620811939239502e-02,1.217016950249671936e-01,-7.579329423606395721e-03,2.777557820081710815e-02,-1.275633834302425385e-02,4.658181965351104736e-02,-1.182999461889266968e-02,-2.811653539538383484e-02,1.604071632027626038e-02,-1.789059303700923920e-02,-2.933177351951599121e-02,1.829250901937484741e-02,-5.500200204551219940e-04,-2.882241271436214447e-02,5.824050679802894592e-02,1.463695317506790161e-01,2.258612215518951416e-01,1.271544575691223145e+00,-2.653110213577747345e-02,6.232824176549911499e-02,-4.585067555308341980e-02,3.847942501306533813e-02,-1.391025036573410034e-01,-8.708000183105468750e-02,1.301201939582824707e+00,5.360418558120727539e-02,2.231918647885322571e-02,-6.297682970762252808e-02
8.317680954933166504e-01,2.901365794241428375e-02,8.679924607276916504e-01,-1.307451631873846054e-02,-4.189262690488249063e-04,9.998685717582702637e-01,-9.579165838658809662e-03,2.685277909040451050e-02,-4.323891922831535339e-02,1.232189387083053589e-01,-7.339606527239084244e-04,2.762463688850402832e-02,-1.370130293071269989e-02,4.796764627099037170e-02,-1.063405722379684448e-02,-2.672465704381465912e-02,1.359616126865148544e-02,-1.643262803554534912e-02,-3.058554418385028839e-02,1.822909526526927948e-02,-3.802354040089994669e-04,-2.748444862663745880e-02,6.299529224634170532e-02,1.482494622468948364e-01,2.306728512048721313e-01,1.276839733123779297e+00,-2.603015862405300140e-02,6.635198742151260376e-02,-4.438233003020286560e-02,3.731609508395195007e-02,-1.405923366546630859e-01,-8.362934738397598267e-02,1.298309087753295898e+00,5.559587106108665466e-02,2.610133588314056396e-02,-6.331378966569900513e-02
8.322127461433410645e-01,3.137750923633575439e-02,8.680503964424133301e-01,-1.337540056556463242e-02,1.311525586061179638e-03,9.998586773872375488e-01,-1.010003499686717987e-02,2.679525502026081085e-02,-5.040358006954193115e-02,1.239001080393791199e-01,9.424190036952495575e-03,2.779439277946949005e-02,-1.527579315006732941e-02,4.710429534316062927e-02,-9.634497575461864471e-03,-2.881761081516742706e-02,9.836895391345024109e-03,-1.559356320649385452e-02,-3.217187151312828064e-02,1.449193898588418961e-02,4.731981083750724792e-03,-2.629727311432361603e-02,6.886708736419677734e-02,1.526708155870437622e-01,2.366783767938613892e-01,1.281229496002197266e+00,-2.639089338481426239e-02,6.897737830877304077e-02,-4.167349264025688171e-02,3.737523779273033142e-02,-1.413751989603042603e-01,-8.011574298143386841e-02,1.294927358627319336e+00,5.655507743358612061e-02,2.987392805516719818e-02,-6.312500685453414917e-02
8.332643508911132812e-01,3.355944156646728516e-02,8.681472539901733398e-01,-1.438432186841964722e-02,4.108002409338951111e-03,9.998152256011962891e-01,-1.207084394991397858e-02,2.417722716927528381e-02,-6.234323978424072266e-02,1.229991838335990906e-01,2.388661168515682220e-02,2.675829082727432251e-02,-1.780281402170658112e-02,4.364355280995368958e-02,-1.093348395079374313e-02,-3.455068171024322510e-02,6.761483848094940186e-03,-1.561273261904716492e-02,-3.465045243501663208e-02,8.444539271295070648e-03,1.007618475705385208e-02,-2.581858076155185699e-02,7.285033911466598511e-02,1.571931838989257812e-01,2.410947382450103760e-01,1.281472563743591309e+00,-2.324122749269008636e-02,6.836539506912231445e-02,-4.416324570775032043e-02,3.658654913306236267e-02,-1.417068243026733398e-01,-7.544606924057006836e-02,1.294112205505371094e+00,5.514784529805183411e-02,3.335817158222198486e-02,-6.256576627492904663e-02
8.348938822746276855e-01,3.601472824811935425e-02,8.683112859725952148e-01,-1.604648306965827942e-02,6.988471839576959610e-03,9.997112751007080078e-01,-1.646499708294868469e-02,2.219564281404018402e-02,-8.227596431970596313e-02,1.201426908373832703e-01,4.886674508452415466e-02,2.050756849348545074e-02,-2.158097364008426666e-02,4.060151800513267517e-02,-1.296107750385999680e-02,-4.140073060989379883e-02,1.619943999685347080e-03,-1.301974896341562271e-02,-3.861412405967712402e-02,2.536629792302846909e-03,1.369951758533716202e-02,-2.514041028916835785e-02,7.463210821151733398e-02,1.605471074581146240e-01,2.482706755399703979e-01,1.281147480010986328e+00,-2.135789953172206879e-02,7.278773188591003418e-02,-4.896468669176101685e-02,3.520552068948745728e-02,-1.429494321346282959e-01,-6.939359009265899658e-02,1.293942451477050781e+00,5.105546861886978149e-02,3.623942658305168152e-02,-6.028880178928375244e-02
8.378893136978149414e-01,3.955421969294548035e-02,8.685497641563415527e-01,-1.749258860945701599e-02,9.314714930951595306e-03,9.994573593139648438e-01,-2.631067112088203430e-02,2.300074510276317596e-02,-1.167901754379272461e-01,1.061620712280273438e-01,9.861166775226593018e-02,-4.132876638323068619e-03,-2.720932289958000183e-02,4.058668762445449829e-02,-1.139312982559204102e-02,-5.040898546576499939e-02,-1.188681274652481079e-02,-4.663062747567892075e-03,-4.386652261018753052e-02,-1.202180865220725536e-03,1.461521070450544357e-02,-2.005535736680030823e-02,7.108785957098007202e-02,1.622480303049087524e-01,2.588142752647399902e-01,1.282173514366149902e+00,-2.934743277728557587e-02,7.945635169744491577e-02,-5.172397196292877197e-02,3.269835934042930603e-02,-1.451945304870605469e-01,-6.416932493448257446e-02,1.294481277465820312e+00,5.068411305546760559e-02,3.785343840718269348e-02,-5.986719578504562378e-02
8.406953811645507812e-01,4.210964962840080261e-02,8.686082363128662109e-01,-1.892489194869995117e-02,9.167392738163471222e-03,9.991202354431152344e-01,-3.628445416688919067e-02,2.684053406119346619e-02,-1.523313522338867188e-01,8.853747695684432983e-02,1.529003828763961792e-01,-4.489127919077873230e-02,-2.958748862147331238e-02,4.451302811503410339e-02,-1.368668954819440842e-02,-5.744343250989913940e-02,-1.739795692265033722e-02,-2.964637242257595062e-04,-4.689536988735198975e-02,1.051486469805240631e-03,1.230765879154205322e-02,-1.656519435346126556e-02,6.541962176561355591e-02,1.619127392768859863e-01,2.640394568443298340e-01,1.284635663032531738e+00,-3.334679827094078064e-02,8.088720589876174927e-02,-5.236368998885154724e-02,3.134573251008987427e-02,-1.487338989973068237e-01,-6.136407330632209778e-02,1.295309424400329590e+00,5.055294558405876160e-02,3.850513324141502380e-02,-6.019303575158119202e-02
8.433974981307983398e-01,4.413593932986259460e-02,8.683783411979675293e-01,-2.013822086155414581e-02,7.551405113190412521e-03,9.986679553985595703e-01,-4.690146446228027344e-02,3.316450864076614380e-02,-1.916591674089431763e-01,7.177071273326873779e-02,2.144739180803298950e-01,-8.852370828390121460e-02,-3.959402441978454590e-02,5.067204684019088745e-02,-1.823140121996402740e-02,-6.246796995401382446e-02,-1.740000024437904358e-02,4.405984655022621155e-04,-4.804377630352973938e-02,7.100617513060569763e-03,7.067444268614053726e-03,-1.337074767798185349e-02,5.858283862471580505e-02,1.605435162782669067e-01,2.677344977855682373e-01,1.287756204605102539e+00,-3.608168661594390869e-02,8.229327201843261719e-02,-5.240472033619880676e-02,3.091633692383766174e-02,-1.549031585454940796e-01,-5.800376459956169128e-02,1.295325636863708496e+00,4.856278374791145325e-02,4.127578809857368469e-02,-5.748744308948516846e-02
8.466696143150329590e-01,4.582281410694122314e-02,8.680231571197509766e-01,-2.113432623445987701e-02,5.452365614473819733e-03,9.979696869850158691e-01,-5.983421206474304199e-02,4.361919686198234558e-02,-2.389097511768341064e-01,7.449923455715179443e-02,2.957230508327484131e-01,-1.446917206048965454e-01,-7.088952511548995972e-02,5.732932686805725098e-02,-2.282509021461009979e-02,-7.307378202676773071e-02,-1.740000024437904358e-02,9.431086364202201366e-04,-4.831374064087867737e-02,1.633017323911190033e-02,5.540011916309595108e-03,-8.193098008632659912e-03,4.578975588083267212e-02,1.570432633161544800e-01,2.649462223052978516e-01,1.292178511619567871e+00,-4.029818996787071228e-02,8.523584157228469849e-02,-5.686935037374496460e-02,2.999545074999332428e-02,-1.677584052085876465e-01,-5.491795390844345093e-02,1.294829845428466797e+00,4.830377548933029175e-02,4.340923577547073364e-02,-5.580426007509231567e-02
8.478969931602478027e-01,4.674110934138298035e-02,8.678929209709167480e-01,-2.082732133567333221e-02,5.330203566700220108e-03,9.974511861801147461e-01,-6.803659349679946899e-02,5.162476003170013428e-02,-2.643949389457702637e-01,8.792373538017272949e-02,3.483352959156036377e-01,-1.677177101373672485e-01,-3.662355616688728333e-02,5.864946171641349792e-02,-2.277409099042415619e-02,-8.233550935983657837e-02,-1.740000024437904358e-02,-3.103784983977675438e-04,-4.866170138120651245e-02,1.731264032423496246e-02,7.352210581302642822e-03,-5.396122112870216370e-03,3.928073123097419739e-02,1.559732556343078613e-01,2.649777531623840332e-01,1.294823288917541504e+00,-4.422021284699440002e-02,8.743859827518463135e-02,-6.173754110932350159e-02,2.864537201821804047e-02,-1.754977703094482422e-01,-4.763779416680335999e-02,1.297441840171813965e+00,4.921749606728553772e-02,3.968496993184089661e-02,-5.519964545965194702e-02
8.484681248664855957e-01,4.747481644153594971e-02,8.679761290550231934e-01,-2.081771753728389740e-02,6.262572482228279114e-03,9.969199299812316895e-01,-7.535251975059509277e-02,6.158216297626495361e-02,-2.776288390159606934e-01,1.201880425214767456e-01,3.803504705429077148e-01,-1.744460016489028931e-01,7.182730041677132249e-05,5.741435661911964417e-02,-2.274619601666927338e-02,-9.197237342596054077e-02,-1.740000024437904358e-02,-2.447259903419762850e-04,-4.974309355020523071e-02,1.466281991451978683e-02,1.090547163039445877e-02,-5.211059935390949249e-03,3.521608561277389526e-02,1.553665697574615479e-01,2.672277390956878662e-01,1.297096133232116699e+00,-4.395356774330139160e-02,8.634728938341140747e-02,-5.924703180789947510e-02,2.577579207718372345e-02,-1.787395477294921875e-01,-4.320065677165985107e-02,1.304312944412231445e+00,5.164622515439987183e-02,3.018402121961116791e-02,-5.546104162931442261e-02
8.480167984962463379e-01,4.860847070813179016e-02,8.681935667991638184e-01,-2.012295275926589966e-02,6.927547510713338852e-03,9.962476491928100586e-01,-8.389087766408920288e-02,7.989104837179183960e-02,-2.753479182720184326e-01,1.823664754629135132e-01,3.918291330337524414e-01,-1.580176204442977905e-01,4.747064039111137390e-02,5.748814716935157776e-02,-2.037254162132740021e-02,-1.058066636323928833e-01,-1.740000024437904358e-02,5.909901810809969902e-04,-5.039492994546890259e-02,1.163192279636859894e-02,1.534342765808105469e-02,-5.526138935238122940e-03,3.585193678736686707e-02,1.563578099012374878e-01,2.723316252231597900e-01,1.294707655906677246e+00,-3.900714218616485596e-02,7.881324738264083862e-02,-5.139177292585372925e-02,2.142605558037757874e-02,-1.760611236095428467e-01,-4.943235591053962708e-02,1.316141009330749512e+00,5.839538201689720154e-02,1.865179650485515594e-02,-5.765235424041748047e-02
8.470000028610229492e-01,4.904622957110404968e-02,8.682677745819091797e-01,-1.887430064380168915e-02,7.150620222091674805e-03,9.957007765769958496e-01,-9.040257334709167480e-02,9.194486588239669800e-02,-2.609054446220397949e-01,2.346538752317428589e-01,3.820533454418182373e-01,-1.509568840265274048e-01,6.749013811349868774e-02,5.791369080543518066e-02,-1.626859977841377258e-02,-1.186516731977462769e-01,-1.740000024437904358e-02,2.179213879571761936e-05,-5.145225301384925842e-02,9.064618498086929321e-03,1.674023829400539398e-02,-6.338933948427438736e-03,4.043689742684364319e-02,1.589515060186386108e-01,2.729045152664184570e-01,1.291134476661682129e+00,-3.520608693361282349e-02,7.526616752147674561e-02,-5.075312033295631409e-02,1.979192905128002167e-02,-1.722925156354904175e-01,-5.952244624495506287e-02,1.323265790939331055e+00,6.026932224631309509e-02,8.763084188103675842e-03,-5.888205021619796753e-02
8.455125093460083008e-01,4.843809083104133606e-02,8.683112263679504395e-01,-1.676839031279087067e-02,7.150424178689718246e-03,9.950717687606811523e-01,-9.746748954057693481e-02,9.909781068563461304e-02,-2.377695888280868530e-01,2.844246029853820801e-01,3.599287867546081543e-01,-1.455952376127243042e-01,6.893323361873626709e-02,5.780225992202758789e-02,-9.543960914015769958e-03,-1.307524293661117554e-01,-1.740000024437904358e-02,-2.165273297578096390e-03,-5.246692895889282227e-02,7.201712578535079956e-03,1.497011072933673859e-02,-6.658939179033041000e-03,4.565928131341934204e-02,1.610447615385055542e-01,2.704823613166809082e-01,1.288800120353698730e+00,-3.442010655999183655e-02,7.318507134914398193e-02,-4.992455989122390747e-02,1.927175186574459076e-02,-1.711421906948089600e-01,-6.631222367286682129e-02,1.327098608016967773e+00,6.596479564905166626e-02,1.102159614674746990e-03,-5.899249389767646790e-02
8.434789776802062988e-01,4.578220471739768982e-02,8.682554364204406738e-01,-1.392878778278827667e-02,6.574176251888275146e-03,9.938017129898071289e-01,-1.100952625274658203e-01,1.007282882928848267e-01,-2.035840898752212524e-01,3.393459916114807129e-01,3.199778497219085693e-01,-1.353510916233062744e-01,6.680524349212646484e-02,5.685173720121383667e-02,3.707277646753937006e-04,-1.461108028888702393e-01,-1.740000024437904358e-02,-5.115738138556480408e-03,-5.194103345274925232e-02,6.622657179832458496e-03,5.083462689071893692e-03,-8.944117464125156403e-03,5.221127346158027649e-02,1.593621820211410522e-01,2.655942142009735107e-01,1.289783835411071777e+00,-3.221454843878746033e-02,7.593777030706405640e-02,-5.068249255418777466e-02,2.147537097334861755e-02,-1.737642735242843628e-01,-7.193313539028167725e-02,1.327006816864013672e+00,6.945370137691497803e-02,-3.503700019791722298e-03,-5.991074442863464355e-02
8.417068123817443848e-01,4.257626086473464966e-02,8.681436181068420410e-01,-1.146126072853803635e-02,5.240594502538442612e-03,9.924790263175964355e-01,-1.217641532421112061e-01,9.986078739166259766e-02,-1.766752600669860840e-01,3.759807348251342773e-01,2.857431173324584961e-01,-1.218745559453964233e-01,6.277643144130706787e-02,5.697083100676536560e-02,9.278542362153530121e-03,-1.579113006591796875e-01,-1.740000024437904358e-02,-7.645289413630962372e-03,-4.973758384585380554e-02,9.075108915567398071e-03,-6.587372161448001862e-03,-1.104837283492088318e-02,5.583536997437477112e-02,1.539317071437835693e-01,2.618685066699981689e-01,1.292701959609985352e+00,-2.809191122651100159e-02,8.178941160440444946e-02,-5.223166570067405701e-02,2.638538740575313568e-02,-1.775651723146438599e-01,-8.021724224090576172e-02,1.324181199073791504e+00,6.608824431896209717e-02,-1.736673642881214619e-03,-6.180911883711814880e-02
8.406040072441101074e-01,3.821869567036628723e-02,8.679321408271789551e-01,-9.980387054383754730e-03,4.022822249680757523e-03,9.911014437675476074e-01,-1.326732486486434937e-01,9.552847594022750854e-02,-1.536059975624084473e-01,4.049301445484161377e-01,2.512083649635314941e-01,-1.021092608571052551e-01,3.516630828380584717e-02,5.508513003587722778e-02,1.589571312069892883e-02,-1.667065322399139404e-01,-1.740000024437904358e-02,-1.090697385370731354e-02,-4.714302718639373779e-02,1.129764784127473831e-02,-1.441355794668197632e-02,-1.484304387122392654e-02,5.734577402472496033e-02,1.472668349742889404e-01,2.568987607955932617e-01,1.295489430427551270e+00,-2.790076471865177155e-02,8.645907044410705566e-02,-5.042865872383117676e-02,3.313431888818740845e-02,-1.814447045326232910e-01,-9.180165827274322510e-02,1.320286750793457031e+00,6.429911404848098755e-02,2.099879551678895950e-03,-6.241929158568382263e-02
8.400089740753173828e-01,3.150055557489395142e-02,8.675279617309570312e-01,-9.273746050894260406e-03,1.781026832759380341e-03,9.888672232627868652e-01,-1.485007107257843018e-01,8.393217623233795166e-02,-1.329880505800247192e-01,4.126600027084350586e-01,2.104854434728622437e-01,-8.418641984462738037e-02,-3.705318958964198828e-04,5.257395282387733459e-02,2.181880921125411987e-02,-1.814134567975997925e-01,-1.740000024437904358e-02,-1.533511746674776077e-02,-4.267904907464981079e-02,1.670495234429836273e-02,-2.433772012591362000e-02,-2.261188253760337830e-02,5.946682021021842957e-02,1.378591656684875488e-01,2.423191517591476440e-01,1.295000314712524414e+00,-2.775159478187561035e-02,8.480425924062728882e-02,-4.384979978203773499e-02,4.393279552459716797e-02,-1.872090846300125122e-01,-1.079939082264900208e-01,1.316601157188415527e+00,6.258209049701690674e-02,5.500154569745063782e-03,-6.387309730052947998e-02
8.401364088058471680e-01,2.550141327083110809e-02,8.672701716423034668e-01,-8.853761479258537292e-03,3.246001433581113815e-04,9.869537949562072754e-01,-1.607599705457687378e-01,7.040005177259445190e-02,-1.204569190740585327e-01,4.016817510128021240e-01,1.804659664630889893e-01,-6.565128266811370850e-02,8.568210527300834656e-03,4.899726808071136475e-02,2.591005526483058929e-02,-1.951710730791091919e-01,-1.740000024437904358e-02,-1.759810745716094971e-02,-3.747333958745002747e-02,2.059085108339786530e-02,-3.016977012157440186e-02,-2.730181626975536346e-02,6.217768043279647827e-02,1.310832053422927856e-01,2.323779314756393433e-01,1.288648009300231934e+00,-2.425732277333736420e-02,7.795278728008270264e-02,-3.965011984109878540e-02,5.147703737020492554e-02,-1.906808614730834961e-01,-1.180446594953536987e-01,1.316776394844055176e+00,5.968330055475234985e-02,4.720104858279228210e-03,-6.544530391693115234e-02
8.408600091934204102e-01,1.938174292445182800e-02,8.670271039009094238e-01,-7.437104824930429459e-03,-2.497009467333555222e-03,9.848749637603759766e-01,-1.730890423059463501e-01,6.171358749270439148e-02,-1.127731949090957642e-01,3.777285516262054443e-01,1.630054712295532227e-01,-5.274330452084541321e-02,1.555733103305101395e-02,4.865838214755058289e-02,3.078364767134189606e-02,-2.080302685499191284e-01,-1.740000024437904358e-02,-1.612651720643043518e-02,-3.097702562808990479e-02,2.849019877612590790e-02,-3.602357953786849976e-02,-2.892628125846385956e-02,6.437007337808609009e-02,1.241739019751548767e-01,2.226806282997131348e-01,1.279044151306152344e+00,-1.990921236574649811e-02,6.839890033006668091e-02,-3.745373338460922241e-02,5.751753598451614380e-02,-1.929327845573425293e-01,-1.262107938528060913e-01,1.319484591484069824e+00,5.633210390806198120e-02,-2.458498784108087420e-05,-6.540477275848388672e-02
8.424738049507141113e-01,1.165665686130523682e-02,8.668763637542724609e-01,-5.385628901422023773e-03,-6.674648262560367584e-03,9.818797707557678223e-01,-1.893108040094375610e-01,5.553458631038665771e-02,-1.110613271594047546e-01,3.401136994361877441e-01,1.568904221057891846e-01,-4.414102062582969666e-02,2.211825735867023468e-02,4.934161901473999023e-02,3.646738827228546143e-02,-2.265076339244842529e-01,-1.740000024437904358e-02,-1.177728734910488129e-02,-1.986255496740341187e-02,3.864782676100730896e-02,-4.012954607605934143e-02,-2.960990741848945618e-02,6.558262556791305542e-02,1.183934882283210754e-01,2.043895125389099121e-01,1.266362547874450684e+00,-1.466321013867855072e-02,5.400252342224121094e-02,-3.268960118293762207e-02,6.407364457845687866e-02,-1.912186741828918457e-01,-1.347529888153076172e-01,1.326768040657043457e+00,5.161835253238677979e-02,-1.273816917091608047e-02,-6.326314061880111694e-02
8.439792990684509277e-01,5.685688462108373642e-03,8.670357465744018555e-01,-4.154640715569257736e-03,-8.419422432780265808e-03,9.797965884208679199e-01,-1.997759789228439331e-01,4.887009039521217346e-02,-1.095515489578247070e-01,3.218091130256652832e-01,1.535232067108154297e-01,-4.243990778923034668e-02,2.369799092411994934e-02,4.289205744862556458e-02,2.921874262392520905e-02,-2.411320209503173828e-01,4.921114537864923477e-03,-1.737706735730171204e-02,-9.695222601294517517e-03,4.215967282652854919e-02,-3.741613775491714478e-02,-2.967622689902782440e-02,6.620572507381439209e-02,1.164565831422805786e-01,1.883018314838409424e-01,1.257835268974304199e+00,-1.059925556182861328e-02,4.549839720129966736e-02,-2.827809378504753113e-02,6.825797259807586670e-02,-1.882692128419876099e-01,-1.381186395883560181e-01,1.332405805587768555e+00,5.362425372004508972e-02,-1.937131397426128387e-02,-6.128256395459175110e-02
8.460033535957336426e-01,-4.798455338459461927e-04,8.671789169311523438e-01,-4.083240870386362076e-03,-8.411687798798084259e-03,9.780153036117553711e-01,-2.083233892917633057e-01,3.687088191509246826e-02,-1.081763505935668945e-01,3.071265220642089844e-01,1.477957367897033691e-01,-4.091703519225120544e-02,2.890138141810894012e-02,2.614737302064895630e-02,3.081520320847630501e-03,-2.542886137962341309e-01,6.129863485693931580e-02,-3.972785919904708862e-02,5.044247373007237911e-04,4.047065600752830505e-02,-3.000501729547977448e-02,-3.032118454575538635e-02,6.807903200387954712e-02,1.173816025257110596e-01,1.741191297769546509e-01,1.247546792030334473e+00,-5.648227408528327942e-03,3.627684712409973145e-02,-2.320956811308860779e-02,7.074883580207824707e-02,-1.853100210428237915e-01,-1.384515464305877686e-01,1.335714340209960938e+00,5.330551415681838989e-02,-2.117019891738891602e-02,-5.822665616869926453e-02
8.494937419891357422e-01,-8.315637707710266113e-03,8.668562173843383789e-01,-5.731734447181224823e-03,-5.716767627745866776e-03,9.757831096649169922e-01,-2.185904979705810547e-01,1.371959038078784943e-02,-1.080106422305107117e-01,2.858294248580932617e-01,1.389772146940231323e-01,-4.011994972825050354e-02,3.446473926305770874e-02,-1.071890816092491150e-02,-5.190804973244667053e-02,-2.790777385234832764e-01,1.703993082046508789e-01,-7.945933938026428223e-02,1.385348942130804062e-02,3.006091713905334473e-02,-1.683602854609489441e-02,-3.118041343986988068e-02,7.216937094926834106e-02,1.241666749119758606e-01,1.580157577991485596e-01,1.231003522872924805e+00,-6.309439195320010185e-04,1.983163319528102875e-02,-1.718937978148460388e-02,7.159448415040969849e-02,-1.838619261980056763e-01,-1.335762590169906616e-01,1.333475470542907715e+00,5.114530771970748901e-02,-1.374200265854597092e-02,-5.312805622816085815e-02
8.515346050262451172e-01,-1.272939052432775497e-02,8.664715886116027832e-01,-6.711124908179044724e-03,-3.942925482988357544e-03,9.739047288894653320e-01,-2.268237471580505371e-01,-6.917354767210781574e-04,-1.070519983768463135e-01,2.699813246726989746e-01,1.320333778858184814e-01,-4.070267081260681152e-02,3.681538626551628113e-02,-3.716624900698661804e-02,-9.059035778045654297e-02,-2.939597964286804199e-01,2.468836456537246704e-01,-9.854441881179809570e-02,1.543185766786336899e-02,2.188515849411487579e-02,-9.747137315571308136e-03,-2.956317923963069916e-02,7.481494545936584473e-02,1.320978999137878418e-01,1.493412256240844727e-01,1.219659566879272461e+00,2.233922947198152542e-03,7.198077626526355743e-03,-1.488342043012380600e-02,6.999512761831283569e-02,-1.829181611537933350e-01,-1.303437054157257080e-01,1.328301787376403809e+00,5.130499601364135742e-02,-5.450106225907802582e-03,-5.265599861741065979e-02
8.535044193267822266e-01,-1.682010851800441742e-02,8.657332658767700195e-01,-7.523267529904842377e-03,-1.331981155090034008e-03,9.713374972343444824e-01,-2.375817596912384033e-01,-1.696555130183696747e-02,-1.059929132461547852e-01,2.474003881216049194e-01,1.258454471826553345e-01,-4.038736596703529358e-02,3.946584835648536682e-02,-6.698700785636901855e-02,-1.321543008089065552e-01,-2.999198138713836670e-01,3.277477324008941650e-01,-1.142173036932945251e-01,5.496793426573276520e-03,1.145587395876646042e-02,-7.781277410686016083e-03,-2.636113017797470093e-02,7.598488032817840576e-02,1.407812535762786865e-01,1.420560628175735474e-01,1.210534334182739258e+00,2.180682728067040443e-03,-4.568640608340501785e-03,-1.295237336307764053e-02,6.634724140167236328e-02,-1.814740747213363647e-01,-1.269533038139343262e-01,1.322276949882507324e+00,4.973248764872550964e-02,2.929284935817122459e-03,-5.247208103537559509e-02
8.548478484153747559e-01,-1.918465085327625275e-02,8.655287027359008789e-01,-7.678826339542865753e-03,-9.452672675251960754e-04,9.672046899795532227e-01,-2.538802325725555420e-01,-2.586493082344532013e-02,-1.058979034423828125e-01,2.203194350004196167e-01,1.200000196695327759e-01,-3.832447528839111328e-02,4.044558480381965637e-02,-8.437816798686981201e-02,-1.742928475141525269e-01,-2.753751575946807861e-01,4.020381867885589600e-01,-1.489123553037643433e-01,-1.480290200561285019e-03,6.061127875000238419e-03,-1.362113468348979950e-02,-2.234477922320365906e-02,7.355830818414688110e-02,1.468763053417205811e-01,1.354123800992965698e-01,1.209801435470581055e+00,7.319253054447472095e-04,-5.739002022892236710e-03,-1.400152407586574554e-02,5.930195376276969910e-02,-1.776976585388183594e-01,-1.232892200350761414e-01,1.319017767906188965e+00,4.764303565025329590e-02,7.734608836472034454e-03,-5.256979912519454956e-02
8.546465635299682617e-01,-1.958269998431205750e-02,8.658396601676940918e-01,-6.921974476426839828e-03,-2.857203129678964615e-03,9.636477828025817871e-01,-2.670708596706390381e-01,-2.413631975650787354e-02,-1.064102277159690857e-01,2.016592025756835938e-01,1.180091574788093567e-01,-3.580762073397636414e-02,3.907479345798492432e-02,-8.272721618413925171e-02,-1.988038867712020874e-01,-2.380413413047790527e-01,4.358954429626464844e-01,-1.640981435775756836e-01,5.064927507191896439e-03,8.358796127140522003e-03,-2.177686430513858795e-02,-1.976857706904411316e-02,6.889028847217559814e-02,1.468046456575393677e-01,1.312557607889175415e-01,1.217941284179687500e+00,-8.451744914054870605e-03,7.724156137555837631e-03,-1.295794453471899033e-02,5.576688796281814575e-02,-1.739726066589355469e-01,-1.249979436397552490e-01,1.318257689476013184e+00,5.098216980695724487e-02,8.567815646529197693e-03,-5.310176685452461243e-02
8.537791371345520020e-01,-1.949601061642169952e-02,8.664521574974060059e-01,-5.947091616690158844e-03,-6.062966305762529373e-03,9.597822427749633789e-01,-2.806171178817749023e-01,-1.798968948423862457e-02,-1.062207669019699097e-01,1.880804151296615601e-01,1.144756525754928589e-01,-3.271693363785743713e-02,3.563679754734039307e-02,-7.115849852561950684e-02,-2.149901390075683594e-01,-1.864820271730422974e-01,4.468211531639099121e-01,-1.739833056926727295e-01,1.760431565344333649e-02,1.444567833095788956e-02,-3.104878962039947510e-02,-1.781761087477207184e-02,6.268380582332611084e-02,1.441366821527481079e-01,1.275016814470291138e-01,1.229016780853271484e+00,-9.231061674654483795e-03,1.935282722115516663e-02,-1.225992105901241302e-02,5.484616011381149292e-02,-1.722911298274993896e-01,-1.285571306943893433e-01,1.316441655158996582e+00,5.787935480475425720e-02,8.585877716541290283e-03,-5.365898832678794861e-02
8.519741296768188477e-01,-1.948563382029533386e-02,8.673052191734313965e-01,-5.225387401878833771e-03,-1.071591209620237350e-02,9.540245532989501953e-01,-2.994911670684814453e-01,-8.667466230690479279e-03,-1.063852235674858093e-01,1.719581335783004761e-01,1.089764162898063660e-01,-2.945349365472793579e-02,2.962190844118595123e-02,-5.151144415140151978e-02,-2.257268577814102173e-01,-1.068307608366012573e-01,4.315983653068542480e-01,-1.749814301729202271e-01,3.229590132832527161e-02,2.395453676581382751e-02,-4.511870816349983215e-02,-1.757935062050819397e-02,5.658113583922386169e-02,1.403328329324722290e-01,1.268968582153320312e-01,1.240081310272216797e+00,-1.466247998178005219e-02,2.973398752510547638e-02,-1.343255117535591125e-02,5.640446022152900696e-02,-1.748572587966918945e-01,-1.277962177991867065e-01,1.312918543815612793e+00,5.105866119265556335e-02,1.674944907426834106e-02,-5.331339687108993530e-02
8.501731753349304199e-01,-1.920582726597785950e-02,8.677222728729248047e-01,-5.367653910070657730e-03,-1.306406594812870026e-02,9.492805600166320801e-01,-3.141130208969116211e-01,-4.202028270810842514e-03,-1.065005734562873840e-01,1.590127050876617432e-01,1.036089062690734863e-01,-2.681881561875343323e-02,2.358364500105381012e-02,-3.967523574829101562e-02,-2.283488959074020386e-01,-4.640952125191688538e-02,4.077353179454803467e-01,-1.778987199068069458e-01,3.521809726953506470e-02,2.840471826493740082e-02,-5.455162376165390015e-02,-1.832431741058826447e-02,5.442824587225914001e-02,1.394329220056533813e-01,1.274806857109069824e-01,1.242074608802795410e+00,-1.687894202768802643e-02,3.096204064786434174e-02,-1.547347195446491241e-02,5.841991677880287170e-02,-1.779734343290328979e-01,-1.269721984863281250e-01,1.310750842094421387e+00,4.911917820572853088e-02,2.071852609515190125e-02,-5.131291970610618591e-02
8.478829264640808105e-01,-1.848257519304752350e-02,8.679548501968383789e-01,-6.014318205416202545e-03,-1.484175212681293488e-02,9.438817501068115234e-01,-3.298950493335723877e-01,-7.894007285358384252e-05,-1.091549992561340332e-01,1.428237110376358032e-01,1.017930135130882263e-01,-2.655736170709133148e-02,1.571933552622795105e-02,-3.080757707357406616e-02,-2.254398018121719360e-01,1.218628324568271637e-02,3.737361431121826172e-01,-1.817302703857421875e-01,4.219906777143478394e-02,3.140565007925033569e-02,-6.466396152973175049e-02,-1.944458857178688049e-02,5.354688316583633423e-02,1.407906711101531982e-01,1.275884211063385010e-01,1.240127921104431152e+00,-1.875579915940761566e-02,2.682683616876602173e-02,-1.493627205491065979e-02,6.057133525609970093e-02,-1.793280988931655884e-01,-1.297985762357711792e-01,1.310379385948181152e+00,4.957087337970733643e-02,2.170272357761859894e-02,-5.048991739749908447e-02
8.438660502433776855e-01,-1.698057353496551514e-02,8.680461049079895020e-01,-6.566080730408430099e-03,-1.685071550309658051e-02,9.356614351272583008e-01,-3.524353504180908203e-01,6.516247522085905075e-03,-1.158813089132308960e-01,1.180960685014724731e-01,1.067602485418319702e-01,-3.074830025434494019e-02,3.496044548228383064e-03,-2.301480434834957123e-02,-2.126436829566955566e-01,8.157616108655929565e-02,3.191055953502655029e-01,-1.795305609703063965e-01,5.599382892251014709e-02,3.522062301635742188e-02,-7.864484190940856934e-02,-2.062295936048030853e-02,5.263807624578475952e-02,1.435894519090652466e-01,1.273109167814254761e-01,1.234724998474121094e+00,-1.785624772310256958e-02,2.101074531674385071e-02,-1.605795323848724365e-02,6.424524635076522827e-02,-1.789744496345520020e-01,-1.361975371837615967e-01,1.312609076499938965e+00,4.917379468679428101e-02,1.843412779271602631e-02,-4.963414371013641357e-02
8.402006626129150391e-01,-1.542035490274429321e-02,8.680045604705810547e-01,-6.205947604030370712e-03,-1.818663999438285828e-02,9.288938045501708984e-01,-3.698473870754241943e-01,1.271720137447118759e-02,-1.230464205145835876e-01,9.682469069957733154e-02,1.168128624558448792e-01,-3.617091104388237000e-02,-5.533888936042785645e-03,-1.899093762040138245e-02,-1.985708773136138916e-01,1.242269650101661682e-01,2.798101007938385010e-01,-1.749063283205032349e-01,6.257380545139312744e-02,3.842247277498245239e-02,-8.819013088941574097e-02,-1.950956135988235474e-02,5.094981566071510315e-02,1.454456746578216553e-01,1.279855817556381226e-01,1.231016159057617188e+00,-1.744484156370162964e-02,1.876973174512386322e-02,-1.651660911738872528e-02,6.702151149511337280e-02,-1.784186959266662598e-01,-1.397594213485717773e-01,1.315494179725646973e+00,4.912348464131355286e-02,1.526210084557533264e-02,-4.829248785972595215e-02
8.357393145561218262e-01,-1.282349042594432831e-02,8.677230477333068848e-01,-5.648502148687839508e-03,-2.117304131388664246e-02,9.156861901283264160e-01,-4.012961387634277344e-01,2.018734626471996307e-02,-1.401891559362411499e-01,4.391616955399513245e-02,1.360943466424942017e-01,-4.068762436509132385e-02,-1.431877817958593369e-02,-1.678923144936561584e-02,-1.799755394458770752e-01,1.214996203780174255e-01,2.457905113697052002e-01,-1.693813949823379517e-01,6.446724385023117065e-02,4.635142907500267029e-02,-1.284779906272888184e-01,-1.996398530900478363e-02,4.877267032861709595e-02,1.470116376876831055e-01,1.313938200473785400e-01,1.226772308349609375e+00,-1.884721592068672180e-02,1.625532284379005432e-02,-1.819477044045925140e-02,7.050154358148574829e-02,-1.791609078645706177e-01,-1.398001760244369507e-01,1.317591667175292969e+00,4.851452261209487915e-02,1.332318689674139023e-02,-4.681825637817382812e-02
8.302130103111267090e-01,-1.050783693790435791e-02,8.668426871299743652e-01,-5.906186997890472412e-03,-1.918645575642585754e-02,9.062806963920593262e-01,-4.221993088722229004e-01,1.933500915765762329e-02,-1.483686566352844238e-01,1.692536659538745880e-02,1.486954241991043091e-01,-4.657731577754020691e-02,-2.428625524044036865e-02,-1.880573108792304993e-02,-1.635333150625228882e-01,1.308965831995010376e-01,2.222487181425094604e-01,-1.544707566499710083e-01,8.304572105407714844e-02,4.230180755257606506e-02,-1.271635144948959351e-01,-1.838491111993789673e-02,4.819985479116439819e-02,1.501124799251556396e-01,1.410984843969345093e-01,1.219082117080688477e+00,-1.948551461100578308e-02,9.647445753216743469e-03,-1.747236959636211395e-02,7.600269466638565063e-02,-1.795578449964523315e-01,-1.360111981630325317e-01,1.320300340652465820e+00,4.618975147604942322e-02,9.198647923767566681e-03,-4.658564180135726929e-02
8.259470462799072266e-01,-8.864570409059524536e-03,8.658316731452941895e-01,-6.613518111407756805e-03,-1.503993570804595947e-02,9.001957178115844727e-01,-4.351754784584045410e-01,1.292588654905557632e-02,-1.500158160924911499e-01,6.409197812899947166e-04,1.534502059221267700e-01,-4.992206394672393799e-02,-3.084264323115348816e-02,-2.502057515084743500e-02,-1.514151692390441895e-01,1.211069598793983459e-01,2.125677466392517090e-01,-1.346323341131210327e-01,9.904818981885910034e-02,3.298015147447586060e-02,-1.162432953715324402e-01,-1.719328016042709351e-02,4.922606796026229858e-02,1.528449952602386475e-01,1.527161747217178345e-01,1.213435053825378418e+00,-1.835910044610500336e-02,3.968914505094289780e-03,-1.853211969137191772e-02,7.888471335172653198e-02,-1.785276383161544800e-01,-1.313359737396240234e-01,1.322678804397583008e+00,4.542887583374977112e-02,6.985525600612163544e-03,-4.457449913024902344e-02
8.215749859809875488e-01,-6.564956624060869217e-03,8.648765087127685547e-01,-7.564211729913949966e-03,-1.034117676317691803e-02,8.947606682777404785e-01,-4.463621377944946289e-01,6.772188469767570496e-03,-1.498209834098815918e-01,-1.175533514469861984e-02,1.549360752105712891e-01,-5.370892956852912903e-02,-3.972189873456954956e-02,-3.073764592409133911e-02,-1.390567272901535034e-01,1.064530685544013977e-01,2.021587789058685303e-01,-1.151286214590072632e-01,7.474589347839355469e-02,2.250831760466098785e-02,-9.914714097976684570e-02,-1.545572839677333832e-02,5.277002230286598206e-02,1.575256139039993286e-01,1.679444611072540283e-01,1.205150008201599121e+00,-1.830580830574035645e-02,7.407435873574286234e-07,-2.028197422623634338e-02,7.995507866144180298e-02,-1.741040796041488647e-01,-1.307914704084396362e-01,1.325159072875976562e+00,4.573047906160354614e-02,3.880787175148725510e-03,-4.523957893252372742e-02
8.144017457962036133e-01,-1.266351784579455853e-03,8.642463088035583496e-01,-9.221751242876052856e-03,-5.677757784724235535e-03,8.879835009574890137e-01,-4.597477316856384277e-01,5.199468228965997696e-03,-1.535983979701995850e-01,-2.549935504794120789e-02,1.577664613723754883e-01,-5.476278811693191528e-02,-5.228943377733230591e-02,-3.218596428632736206e-02,-1.272047758102416992e-01,8.365492522716522217e-02,1.912931352853775024e-01,-1.074122563004493713e-01,4.987256973981857300e-02,1.175071951001882553e-02,-7.346450537443161011e-02,-1.202298328280448914e-02,6.021426618099212646e-02,1.657007187604904175e-01,1.982241570949554443e-01,1.191817641258239746e+00,-2.302928827702999115e-02,-7.636646274477243423e-03,-2.293759584426879883e-02,7.777845114469528198e-02,-1.636372506618499756e-01,-1.350312232971191406e-01,1.326567888259887695e+00,4.217437654733657837e-02,-5.767466966062784195e-03,-4.897607862949371338e-02
8.088960051536560059e-01,3.123144851997494698e-03,8.645187616348266602e-01,-9.819332510232925415e-03,-2.254433929920196533e-03,8.834573626518249512e-01,-4.684031903743743896e-01,4.717409145087003708e-03,-1.561403423547744751e-01,-3.857573866844177246e-02,1.599713563919067383e-01,-4.965208098292350769e-02,-5.859041586518287659e-02,-3.190464153885841370e-02,-1.188394054770469666e-01,7.212863117456436157e-02,1.834671944379806519e-01,-1.001975536346435547e-01,3.927236795425415039e-02,5.181964021176099777e-03,-5.045107379555702209e-02,-6.921324413269758224e-03,6.360261887311935425e-02,1.661040186882019043e-01,2.261440008878707886e-01,1.189539432525634766e+00,-2.883448451757431030e-02,-5.251701455563306808e-03,-2.629446238279342651e-02,7.313311100006103516e-02,-1.562485098838806152e-01,-1.305816322565078735e-01,1.329588770866394043e+00,4.294302314519882202e-02,-1.077263429760932922e-02,-5.006878077983856201e-02
8.035325407981872559e-01,7.655708119273185730e-03,8.652385473251342773e-01,-1.066028978675603867e-02,8.594807004556059837e-04,8.785717487335205078e-01,-4.774906039237976074e-01,4.155981820076704025e-03,-1.600836962461471558e-01,-5.341722443699836731e-02,1.618313938379287720e-01,-4.127219319343566895e-02,-6.431972235441207886e-02,-3.169282525777816772e-02,-1.093591675162315369e-01,6.045775488018989563e-02,1.718222796916961670e-01,-9.473893791437149048e-02,3.232426568865776062e-02,-1.437884056940674782e-03,-2.885007113218307495e-02,-1.856635324656963348e-03,6.882882118225097656e-02,1.668924689292907715e-01,2.544451653957366943e-01,1.190554261207580566e+00,-3.515183180570602417e-02,9.550211252644658089e-04,-3.208675235509872437e-02,6.613329052925109863e-02,-1.513614505529403687e-01,-1.140964552760124207e-01,1.332444787025451660e+00,4.301389679312705994e-02,-1.276239380240440369e-02,-4.902210086584091187e-02
7.971305251121520996e-01,1.395368017256259918e-02,8.664345741271972656e-01,-1.332495361566543579e-02,1.040693139657378197e-03,8.694999217987060547e-01,-4.937521815299987793e-01,7.077414542436599731e-03,-1.787100434303283691e-01,-7.627419382333755493e-02,1.734725534915924072e-01,-3.665883839130401611e-02,-7.060129940509796143e-02,-2.486709319055080414e-02,-1.003723442554473877e-01,4.527161270380020142e-02,1.499867737293243408e-01,-8.186813443899154663e-02,1.644351705908775330e-02,-2.969196997582912445e-03,-1.369421649724245071e-02,-2.713585738092660904e-03,7.602544128894805908e-02,1.679721027612686157e-01,2.819732129573822021e-01,1.197606921195983887e+00,-3.462038561701774597e-02,1.273536588996648788e-02,-3.674941509962081909e-02,5.751520395278930664e-02,-1.525635421276092529e-01,-8.224143087863922119e-02,1.330619454383850098e+00,3.788647428154945374e-02,-6.548519246280193329e-03,-4.507027566432952881e-02
7.933883666992187500e-01,1.889336295425891876e-02,8.671525716781616211e-01,-1.476729661226272583e-02,-7.314687245525419712e-04,8.609354496002197266e-01,-5.084993243217468262e-01,1.049956213682889938e-02,-1.997656226158142090e-01,-9.625557065010070801e-02,1.936527192592620850e-01,-5.374380201101303101e-02,-7.517544180154800415e-02,-1.595248095691204071e-02,-9.375134110450744629e-02,3.307263180613517761e-02,1.302664130926132202e-01,-6.796734035015106201e-02,1.908780075609683990e-03,1.687017385847866535e-03,-1.155654154717922211e-02,-3.625188954174518585e-03,7.869781553745269775e-02,1.660556942224502563e-01,2.990013659000396729e-01,1.208206176757812500e+00,-2.890957333147525787e-02,2.366931736469268799e-02,-3.738122805953025818e-02,5.017573758959770203e-02,-1.593015193939208984e-01,-5.834966525435447693e-02,1.324585437774658203e+00,3.605549409985542297e-02,5.620984826236963272e-03,-4.254100844264030457e-02
7.903314828872680664e-01,2.391623705625534058e-02,8.675007224082946777e-01,-1.530839130282402039e-02,-3.229576861485838890e-03,8.513569831848144531e-01,-5.243534445762634277e-01,1.420283038169145584e-02,-2.235229462385177612e-01,-1.172266006469726562e-01,2.215453833341598511e-01,-9.209530055522918701e-02,-8.282588422298431396e-02,-5.261974874883890152e-03,-8.818677067756652832e-02,2.023608423769474030e-02,1.127139329910278320e-01,-5.444892123341560364e-02,-1.228263974189758301e-02,8.872670121490955353e-03,-1.283864770084619522e-02,-3.453465644270181656e-03,7.929171621799468994e-02,1.636009812355041504e-01,3.123716711997985840e-01,1.222283720970153809e+00,-2.633026055991649628e-02,3.812593594193458557e-02,-3.705518692731857300e-02,4.338886216282844543e-02,-1.672758907079696655e-01,-4.435601457953453064e-02,1.314584255218505859e+00,3.716869652271270752e-02,2.094669826328754425e-02,-4.229792952537536621e-02
7.860335707664489746e-01,3.017479553818702698e-02,8.676288127899169922e-01,-1.537532266229391098e-02,-5.531650967895984650e-03,8.381490707397460938e-01,-5.451964139938354492e-01,1.940288953483104706e-02,-2.557781636714935303e-01,-1.067204475402832031e-01,2.732753455638885498e-01,-1.387750655412673950e-01,-1.039674133062362671e-01,7.437672931700944901e-03,-8.067523688077926636e-02,4.288716707378625870e-03,9.361986070871353149e-02,-4.179925844073295593e-02,-2.500385418534278870e-02,1.538845803588628769e-02,-1.650286838412284851e-02,-2.096401294693350792e-03,7.804517447948455811e-02,1.609104573726654053e-01,3.248077929019927979e-01,1.246587514877319336e+00,-2.886781096458435059e-02,6.302706897258758545e-02,-4.205473512411117554e-02,3.430195525288581848e-02,-1.762791723012924194e-01,-3.251840546727180481e-02,1.300274729728698730e+00,3.401074185967445374e-02,3.533684089779853821e-02,-4.934157058596611023e-02
7.823618054389953613e-01,3.389677405357360840e-02,8.677070140838623047e-01,-1.374488603323698044e-02,-6.037129089236259460e-03,8.295453786849975586e-01,-5.582374930381774902e-01,2.822601422667503357e-02,-2.742174863815307617e-01,-7.216857373714447021e-02,3.240406811237335205e-01,-1.734127551317214966e-01,-8.597557246685028076e-02,1.648308336734771729e-02,-6.926884502172470093e-02,-9.611513465642929077e-03,7.647802680730819702e-02,-3.335848078131675720e-02,-3.214604035019874573e-02,1.854313351213932037e-02,-1.550094503909349442e-02,9.051018860191106796e-04,7.476357370615005493e-02,1.587205529212951660e-01,3.270145952701568604e-01,1.272904634475708008e+00,-3.391293436288833618e-02,8.818179368972778320e-02,-4.839269444346427917e-02,2.558726444840431213e-02,-1.808544248342514038e-01,-2.349137514829635620e-02,1.293904542922973633e+00,3.352838009595870972e-02,3.811987489461898804e-02,-5.376055091619491577e-02
7.792100906372070312e-01,3.643022105097770691e-02,8.682323694229125977e-01,-1.277355384081602097e-02,-3.961071837693452835e-03,8.218465447425842285e-01,-5.695519447326660156e-01,3.504996746778488159e-02,-2.797572016716003418e-01,-2.866951189935207367e-02,3.618560731410980225e-01,-1.907901912927627563e-01,-4.733703657984733582e-02,1.861531473696231842e-02,-5.667399615049362183e-02,-3.019462525844573975e-02,6.128764897584915161e-02,-2.597078680992126465e-02,-3.903050720691680908e-02,1.487475261092185974e-02,-1.002727728337049484e-02,3.195424797013401985e-03,7.245469093322753906e-02,1.574863195419311523e-01,3.253774642944335938e-01,1.298992156982421875e+00,-3.455572202801704407e-02,1.096654385328292847e-01,-5.206857621669769287e-02,1.502446737140417099e-02,-1.802963018417358398e-01,-1.194365043193101883e-02,1.296271562576293945e+00,3.716874867677688599e-02,3.434444963932037354e-02,-5.819357931613922119e-02
7.740719318389892578e-01,3.836026042699813843e-02,8.689295053482055664e-01,-1.099825184792280197e-02,-8.797649061307311058e-04,8.120579123497009277e-01,-5.834726095199584961e-01,5.353593081235885620e-02,-2.732530534267425537e-01,5.190297216176986694e-02,3.964596390724182129e-01,-1.856172680854797363e-01,1.440313644707202911e-02,2.282306179404258728e-02,-3.550819680094718933e-02,-5.615493655204772949e-02,3.716662898659706116e-02,-1.217516418546438217e-02,-4.657401144504547119e-02,8.651364594697952271e-03,-3.446387592703104019e-03,4.685482010245323181e-03,7.417200505733489990e-02,1.583774536848068237e-01,3.205991387367248535e-01,1.328892588615417480e+00,-3.541353717446327209e-02,1.345613598823547363e-01,-5.347656831145286560e-02,3.296435577794909477e-03,-1.727021038532257080e-01,-5.980141460895538330e-03,1.302795052528381348e+00,4.012545198202133179e-02,2.277850173413753510e-02,-6.183923780918121338e-02
7.696727514266967773e-01,3.896578773856163025e-02,8.691591620445251465e-01,-9.466358460485935211e-03,1.025636564008891582e-03,8.053940534591674805e-01,-5.926632285118103027e-01,7.228456437587738037e-02,-2.586823701858520508e-01,1.226889640092849731e-01,4.086893796920776367e-01,-1.644176989793777466e-01,4.658022150397300720e-02,2.772193774580955505e-02,-1.761613599956035614e-02,-7.249081879854202271e-02,1.686508394777774811e-02,-5.750876385718584061e-03,-5.228326097130775452e-02,4.241097252815961838e-03,9.793494828045368195e-04,4.635929130017757416e-03,8.039154857397079468e-02,1.606587320566177368e-01,3.225207626819610596e-01,1.343375563621520996e+00,-3.824724629521369934e-02,1.445372253656387329e-01,-5.496235564351081848e-02,-2.370629226788878441e-03,-1.640564203262329102e-01,-8.528295904397964478e-03,1.306488156318664551e+00,4.256158694624900818e-02,1.743851229548454285e-02,-6.423052400350570679e-02
7.660703659057617188e-01,3.923640400171279907e-02,8.691487312316894531e-01,-8.564401417970657349e-03,2.233688253909349442e-03,7.989360094070434570e-01,-6.013509035110473633e-01,8.900610357522964478e-02,-2.381333261728286743e-01,1.916985809803009033e-01,4.096985161304473877e-01,-1.616534292697906494e-01,5.480567738413810730e-02,3.204908594489097595e-02,-3.674282226711511612e-03,-8.743342757225036621e-02,3.918401780538260937e-04,-8.198339492082595825e-04,-5.410251393914222717e-02,6.019718130119144917e-04,3.205848624929785728e-03,2.424106700345873833e-03,8.972328901290893555e-02,1.634555906057357788e-01,3.285665810108184814e-01,1.350689649581909180e+00,-4.011888802051544189e-02,1.488690227270126343e-01,-5.534835904836654663e-02,-5.810405593365430832e-03,-1.562649607658386230e-01,-1.271071936935186386e-02,1.307193994522094727e+00,4.499183967709541321e-02,1.602365635335445404e-02,-6.558401882648468018e-02
7.630389332771301270e-01,3.912588208913803101e-02,8.688422441482543945e-01,-7.737671490758657455e-03,2.504280069842934608e-03,7.900739908218383789e-01,-6.129575371742248535e-01,1.077437922358512878e-01,-2.079937607049942017e-01,2.714275717735290527e-01,4.005464315414428711e-01,-1.636847108602523804e-01,5.616427585482597351e-02,3.774500265717506409e-02,7.719146553426980972e-03,-1.059742048382759094e-01,-1.212453469634056091e-02,9.860566351562738419e-04,-5.791515856981277466e-02,-1.054904656484723091e-03,2.429271116852760315e-03,-2.214593812823295593e-03,1.020760759711265564e-01,1.648973524570465088e-01,3.390364944934844971e-01,1.352454781532287598e+00,-3.584221750497817993e-02,1.499656587839126587e-01,-5.547284707427024841e-02,-6.960768252611160278e-03,-1.524330973625183105e-01,-1.597779989242553711e-02,1.302255272865295410e+00,4.053096100687980652e-02,2.661477401852607727e-02,-6.711278855800628662e-02
7.624071240425109863e-01,3.882725909352302551e-02,8.685585856437683105e-01,-7.314798887819051743e-03,2.353248419240117073e-03,7.826326489448547363e-01,-6.224364042282104492e-01,1.166473403573036194e-01,-1.858807802200317383e-01,3.196802735328674316e-01,3.884156644344329834e-01,-1.640060544013977051e-01,5.949643254280090332e-02,4.019616916775703430e-02,1.301213167607784271e-02,-1.201878041028976440e-01,-1.727572083473205566e-02,1.598822185769677162e-03,-5.941749736666679382e-02,-1.145908841863274574e-03,-1.676274463534355164e-03,-6.154892500489950180e-03,1.085901036858558655e-01,1.632395982742309570e-01,3.462818861007690430e-01,1.351720333099365234e+00,-3.108564950525760651e-02,1.487503200769424438e-01,-5.387959629297256470e-02,-5.477641709148883820e-03,-1.533244401216506958e-01,-1.766755618155002594e-02,1.296355128288269043e+00,3.698852658271789551e-02,3.658942133188247681e-02,-6.763504445552825928e-02
7.627006769180297852e-01,3.828702494502067566e-02,8.683964610099792480e-01,-5.961640737950801849e-03,1.654811203479766846e-03,7.746718525886535645e-01,-6.323331594467163086e-01,1.245431229472160339e-01,-1.637126207351684570e-01,3.596915900707244873e-01,3.734949529170989990e-01,-1.644350439310073853e-01,6.165417283773422241e-02,4.335905238986015320e-02,1.644232682883739471e-02,-1.350732296705245972e-01,-1.739998534321784973e-02,2.211147220805287361e-03,-6.120371818542480469e-02,1.971313497051596642e-03,-7.190406322479248047e-03,-9.183672256767749786e-03,1.114742755889892578e-01,1.586744487285614014e-01,3.495903313159942627e-01,1.350557446479797363e+00,-2.640701271593570709e-02,1.479823589324951172e-01,-5.344016477465629578e-02,-1.826516934670507908e-03,-1.562635004520416260e-01,-2.008692547678947449e-02,1.290386199951171875e+00,3.425675630569458008e-02,4.675811156630516052e-02,-6.796135753393173218e-02
7.641817331314086914e-01,3.782114014029502869e-02,8.682392835617065430e-01,-4.180781077593564987e-03,-5.471280019264668226e-05,7.631005048751831055e-01,-6.462663412094116211e-01,1.299820244312286377e-01,-1.381940394639968872e-01,3.931863903999328613e-01,3.467713296413421631e-01,-1.555676460266113281e-01,6.014317274093627930e-02,4.764154180884361267e-02,1.931749284267425537e-02,-1.554003059864044189e-01,-1.740000024437904358e-02,3.508284687995910645e-03,-5.808768793940544128e-02,7.559326943010091782e-03,-1.490459404885768890e-02,-1.359986606985330582e-02,1.086470410227775574e-01,1.505329012870788574e-01,3.479978442192077637e-01,1.348586440086364746e+00,-2.551172859966754913e-02,1.443731486797332764e-01,-5.148832499980926514e-02,4.299638792872428894e-03,-1.597049236297607422e-01,-2.561507932841777802e-02,1.285916924476623535e+00,3.185359761118888855e-02,5.352783575654029846e-02,-6.755135208368301392e-02
7.661165595054626465e-01,3.732299804687500000e-02,8.680927753448486328e-01,-2.981690224260091782e-03,-1.705897273495793343e-03,7.542018890380859375e-01,-6.566336154937744141e-01,1.294964253902435303e-01,-1.211441680788993835e-01,4.048714935779571533e-01,3.195683360099792480e-01,-1.345193535089492798e-01,5.010348558425903320e-02,5.019702389836311340e-02,2.069948241114616394e-02,-1.711148172616958618e-01,-1.740000024437904358e-02,4.777296446263790131e-03,-5.540242046117782593e-02,1.282403059303760529e-02,-1.972311921417713165e-02,-1.733302697539329529e-02,1.051375940442085266e-01,1.437567919492721558e-01,3.450680673122406006e-01,1.342595219612121582e+00,-2.469715289771556854e-02,1.376531273126602173e-01,-5.038645118474960327e-02,9.930560365319252014e-03,-1.622047275304794312e-01,-3.032233193516731262e-02,1.285651922225952148e+00,2.970961481332778931e-02,5.381666123867034912e-02,-6.675375252962112427e-02
7.689054608345031738e-01,3.691249713301658630e-02,8.680539131164550781e-01,-1.556716510094702244e-03,-3.047584556043148041e-03,7.447909712791442871e-01,-6.672890782356262207e-01,1.239557862281799316e-01,-1.023626774549484253e-01,4.055334031581878662e-01,2.805634140968322754e-01,-1.037292852997779846e-01,8.718097233213484287e-04,5.117929354310035706e-02,2.267958782613277435e-02,-1.904111355543136597e-01,-1.740000024437904358e-02,6.023155059665441513e-03,-5.052349343895912170e-02,1.904790289700031281e-02,-2.507779002189636230e-02,-2.008257992565631866e-02,1.026686131954193115e-01,1.375968158245086670e-01,3.395929932594299316e-01,1.329273700714111328e+00,-2.327235043048858643e-02,1.245472952723503113e-01,-4.885434359312057495e-02,1.588831469416618347e-02,-1.659339964389801025e-01,-3.323385864496231079e-02,1.287491917610168457e+00,2.989086508750915527e-02,5.117492377758026123e-02,-6.487029790878295898e-02
7.747109532356262207e-01,3.713570535182952881e-02,8.679304718971252441e-01,-2.356249169679358602e-04,-4.795144777745008469e-03,7.340485453605651855e-01,-6.790800094604492188e-01,1.121710985898971558e-01,-8.721559494733810425e-02,3.986762762069702148e-01,2.386158853769302368e-01,-8.999238163232803345e-02,-3.275676071643829346e-02,4.864282533526420593e-02,2.214372716844081879e-02,-2.131069749593734741e-01,-1.585585437715053558e-02,1.104709785431623459e-02,-4.520456865429878235e-02,2.759188413619995117e-02,-2.491343766450881958e-02,-2.387005649507045746e-02,9.823185950517654419e-02,1.288594305515289307e-01,3.311186730861663818e-01,1.307743191719055176e+00,-1.899403519928455353e-02,1.032099798321723938e-01,-4.922949150204658508e-02,2.375653572380542755e-02,-1.723002493381500244e-01,-3.492303937673568726e-02,1.292747735977172852e+00,3.331049904227256775e-02,4.313833266496658325e-02,-6.342797726392745972e-02
7.806814312934875488e-01,3.753038123250007629e-02,8.679999113082885742e-01,1.691231882432475686e-04,-5.803043954074382782e-03,7.259964942932128906e-01,-6.876739263534545898e-01,9.763231128454208374e-02,-7.743956148624420166e-02,3.861164748668670654e-01,2.064829915761947632e-01,-7.566472887992858887e-02,-2.461360581219196320e-02,4.265321418642997742e-02,1.928407885134220123e-02,-2.309982031583786011e-01,-1.139213517308235168e-02,1.386278774589300156e-02,-3.838426992297172546e-02,3.327098488807678223e-02,-2.419328317046165466e-02,-2.677345834672451019e-02,9.667952358722686768e-02,1.224695667624473572e-01,3.254719078540802002e-01,1.286577105522155762e+00,-1.435951795428991318e-02,8.284525573253631592e-02,-4.793645069003105164e-02,2.856173180043697357e-02,-1.772150993347167969e-01,-3.663595393300056458e-02,1.298301577568054199e+00,3.492393344640731812e-02,3.562898188829421997e-02,-6.108330935239791870e-02
7.878959774971008301e-01,3.837161883711814880e-02,8.680406212806701660e-01,-4.728848944068886340e-05,-6.623163819313049316e-03,7.185342311859130859e-01,-6.954600214958190918e-01,8.145292848348617554e-02,-7.007452100515365601e-02,3.687810003757476807e-01,1.784928739070892334e-01,-6.112525984644889832e-02,-1.732304878532886505e-02,3.339824825525283813e-02,1.437563076615333557e-02,-2.483020126819610596e-01,-4.930191673338413239e-03,1.582881622016429901e-02,-3.097066469490528107e-02,3.937790170311927795e-02,-2.158069051802158356e-02,-2.983228489756584167e-02,9.542550891637802124e-02,1.156551390886306763e-01,3.156039714813232422e-01,1.264121890068054199e+00,-1.143058296293020248e-02,6.299331039190292358e-02,-4.661013931035995483e-02,3.278718143701553345e-02,-1.834444999694824219e-01,-4.020706936717033386e-02,1.304025411605834961e+00,3.668090328574180603e-02,2.848784253001213074e-02,-5.932912975549697876e-02
7.987067699432373047e-01,4.068974778056144714e-02,8.679589629173278809e-01,-1.600404852069914341e-03,-8.674338459968566895e-03,7.085495591163635254e-01,-7.056059241294860840e-01,6.002575531601905823e-02,-6.798776984214782715e-02,3.402386009693145752e-01,1.501623690128326416e-01,-5.526036024093627930e-02,-7.568664848804473877e-03,1.730685308575630188e-02,2.739153278525918722e-04,-2.719615101814270020e-01,1.103420928120613098e-02,1.544070895761251450e-02,-1.958420872688293457e-02,4.765404015779495239e-02,-1.819017529487609863e-02,-3.605619817972183228e-02,9.208834171295166016e-02,1.074418425559997559e-01,2.940183579921722412e-01,1.237268447875976562e+00,-5.883121863007545471e-03,3.616050258278846741e-02,-4.051896184682846069e-02,3.898547589778900146e-02,-1.930181086063385010e-01,-5.353622138500213623e-02,1.307989239692687988e+00,4.399305954575538635e-02,2.361518330872058868e-02,-5.855869129300117493e-02
8.068465590476989746e-01,4.312572628259658813e-02,8.681548237800598145e-01,-3.325945930555462837e-03,-1.017647702246904373e-02,6.991307139396667480e-01,-7.149137258529663086e-01,4.545720294117927551e-02,-7.646646350622177124e-02,3.127630352973937988e-01,1.441001594066619873e-01,-5.181856080889701843e-02,2.687970642000436783e-03,1.615786110050976276e-03,-1.578543893992900848e-02,-2.948186099529266357e-01,3.301358968019485474e-02,1.337272301316261292e-02,-7.162868976593017578e-03,5.124229937791824341e-02,-2.094909921288490295e-02,-4.019431397318840027e-02,8.718045055866241455e-02,1.032328680157661438e-01,2.721292972564697266e-01,1.221069455146789551e+00,-2.069185022264719009e-03,2.033159136772155762e-02,-3.429024294018745422e-02,4.129118844866752625e-02,-1.973265558481216431e-01,-6.567542254924774170e-02,1.311111927032470703e+00,4.931452497839927673e-02,1.890393346548080444e-02,-6.014766171574592590e-02
8.139023780822753906e-01,4.553426429629325867e-02,8.683378100395202637e-01,-3.411937737837433815e-03,-1.118237338960170746e-02,6.894908547401428223e-01,-7.242000102996826172e-01,3.590426221489906311e-02,-8.767834305763244629e-02,2.836866974830627441e-01,1.500934511423110962e-01,-4.961150512099266052e-02,9.689188562333583832e-03,-1.307019498199224472e-02,-3.192210197448730469e-02,-3.148384988307952881e-01,6.254345178604125977e-02,8.843800984323024750e-03,6.046663038432598114e-03,5.459463223814964294e-02,-2.548613958060741425e-02,-4.125455021858215332e-02,8.145719766616821289e-02,1.017297953367233276e-01,2.475052922964096069e-01,1.209465265274047852e+00,7.526945555582642555e-04,1.072860602289438248e-02,-2.725978568196296692e-02,4.225698858499526978e-02,-1.982986181974411011e-01,-7.797870784997940063e-02,1.314888715744018555e+00,4.610293358564376831e-02,1.203818991780281067e-02,-6.109343841671943665e-02
8.227267265319824219e-01,4.860587045550346375e-02,8.681730628013610840e-01,-3.056186484172940254e-03,-1.273275166749954224e-02,6.776664257049560547e-01,-7.352527976036071777e-01,2.421633899211883545e-02,-9.859777987003326416e-02,2.519093155860900879e-01,1.541807651519775391e-01,-4.971051588654518127e-02,1.893991790711879730e-02,-3.654875233769416809e-02,-6.316211074590682983e-02,-3.404718935489654541e-01,1.230848282575607300e-01,-3.021912416443228722e-03,2.321666479110717773e-02,5.741979926824569702e-02,-2.998906187713146210e-02,-4.248798638582229614e-02,7.454601675271987915e-02,1.068251878023147583e-01,2.087249159812927246e-01,1.196435332298278809e+00,1.323572359979152679e-03,-5.791581701487302780e-03,-1.803833991289138794e-02,4.479624330997467041e-02,-1.957322210073471069e-01,-9.780105203390121460e-02,1.317831039428710938e+00,4.710713028907775879e-02,4.341545049101114273e-03,-6.181323900818824768e-02
8.288356661796569824e-01,5.068765208125114441e-02,8.677728772163391113e-01,-2.822116715833544731e-03,-1.326956879347562790e-02,6.709148883819580078e-01,-7.414102554321289062e-01,1.479957066476345062e-02,-1.005462035536766052e-01,2.395077943801879883e-01,1.502181738615036011e-01,-5.221068486571311951e-02,2.750283107161521912e-02,-5.821460857987403870e-02,-9.177008271217346191e-02,-3.537534773349761963e-01,1.809975355863571167e-01,-1.881356723606586456e-02,3.292708843946456909e-02,5.650815740227699280e-02,-2.836943604052066803e-02,-4.169433563947677612e-02,7.205677777528762817e-02,1.156971752643585205e-01,1.830618232488632202e-01,1.183472990989685059e+00,-1.492125447839498520e-03,-2.137537300586700439e-02,-8.865470066666603088e-03,4.655167832970619202e-02,-1.932504773139953613e-01,-1.082891747355461121e-01,1.317713856697082520e+00,5.318785831332206726e-02,1.422222121618688107e-03,-6.171796843409538269e-02
8.339272141456604004e-01,5.252322182059288025e-02,8.673128485679626465e-01,-2.362038008868694305e-03,-1.246699318289756775e-02,6.650401949882507324e-01,-7.466998100280761719e-01,4.745231010019779205e-03,-9.843980520963668823e-02,2.283694148063659668e-01,1.441195905208587646e-01,-5.461592972278594971e-02,3.539425507187843323e-02,-8.134012669324874878e-02,-1.215003356337547302e-01,-3.532785177230834961e-01,2.461753487586975098e-01,-4.192426428198814392e-02,2.947142533957958221e-02,5.269167199730873108e-02,-2.502298168838024139e-02,-3.839201852679252625e-02,7.052406668663024902e-02,1.273384690284729004e-01,1.627350747585296631e-01,1.169432520866394043e+00,-1.794544630683958530e-03,-3.943383693695068359e-02,-9.428502526134252548e-04,4.795859009027481079e-02,-1.923297643661499023e-01,-1.070451587438583374e-01,1.316763401031494141e+00,5.215438827872276306e-02,2.624483080580830574e-03,-6.256803125143051147e-02
8.378568887710571289e-01,5.505618080496788025e-02,8.670668601989746094e-01,-1.851674751378595829e-03,-1.109634246677160263e-02,6.557207703590393066e-01,-7.549196481704711914e-01,-6.448693573474884033e-03,-9.438896179199218750e-02,2.042632400989532471e-01,1.326354742050170898e-01,-5.238793045282363892e-02,4.064618423581123352e-02,-1.044437438249588013e-01,-1.627449840307235718e-01,-3.302644789218902588e-01,3.320041596889495850e-01,-8.565399795770645142e-02,-1.541199628263711929e-02,4.562780261039733887e-02,-2.492854371666908264e-02,-3.340439125895500183e-02,6.651184707880020142e-02,1.419928669929504395e-01,1.417612880468368530e-01,1.157237529754638672e+00,2.804598771035671234e-04,-5.435485020279884338e-02,4.394374322146177292e-03,4.818004742264747620e-02,-1.890474557876586914e-01,-9.935253113508224487e-02,1.317317605018615723e+00,4.365680739283561707e-02,4.439920186996459961e-03,-6.002024933695793152e-02
8.383632898330688477e-01,5.656658858060836792e-02,8.672986030578613281e-01,-1.212391187436878681e-03,-1.099848002195358276e-02,6.474142074584960938e-01,-7.620580196380615234e-01,-9.394974447786808014e-03,-9.219510853290557861e-02,1.871445775032043457e-01,1.229643151164054871e-01,-4.729202389717102051e-02,3.981336951255798340e-02,-1.081092506647109985e-01,-1.904303282499313354e-01,-2.944277524948120117e-01,3.803004324436187744e-01,-1.224798411130905151e-01,-2.187507785856723785e-02,4.154334962368011475e-02,-2.753183245658874512e-02,-3.120359219610691071e-02,6.200220808386802673e-02,1.501835584640502930e-01,1.296208053827285767e-01,1.156885981559753418e+00,6.448418833315372467e-03,-6.003527715802192688e-02,1.769751077517867088e-03,5.035517737269401550e-02,-1.832756549119949341e-01,-9.971803426742553711e-02,1.317965507507324219e+00,4.699476435780525208e-02,4.680710844695568085e-03,-5.975617095828056335e-02
8.383712768554687500e-01,5.718869343400001526e-02,8.678292632102966309e-01,7.345446501858532429e-04,-1.137438695877790451e-02,6.379651427268981934e-01,-7.699809074401855469e-01,-7.794027682393789291e-03,-8.946307003498077393e-02,1.725530922412872314e-01,1.154113486409187317e-01,-4.223508387804031372e-02,3.634925559163093567e-02,-1.005999296903610229e-01,-2.102075815200805664e-01,-2.468365430831909180e-01,4.069089889526367188e-01,-1.434367448091506958e-01,-9.977499023079872131e-03,4.142026603221893311e-02,-3.431062772870063782e-02,-2.885151840746402740e-02,5.594925954937934875e-02,1.530043780803680420e-01,1.205282211303710938e-01,1.166154265403747559e+00,9.072816930711269379e-03,-5.413720756769180298e-02,-1.513219205662608147e-03,5.464879050850868225e-02,-1.787970960140228271e-01,-1.007182672619819641e-01,1.317590355873107910e+00,5.214714258909225464e-02,5.661074072122573853e-03,-5.894848704338073730e-02
8.379294872283935547e-01,5.651155486702919006e-02,8.687692880630493164e-01,5.035837180912494659e-03,-1.178829185664653778e-02,6.240817904472351074e-01,-7.812538743019104004e-01,-3.662560775410383940e-04,-8.470162004232406616e-02,1.580294072628021240e-01,1.101968213915824890e-01,-3.766075149178504944e-02,2.776999026536941528e-02,-7.735217362642288208e-02,-2.205725908279418945e-01,-1.606572270393371582e-01,4.078787565231323242e-01,-1.539204865694046021e-01,1.949063688516616821e-02,4.480162635445594788e-02,-4.646668210625648499e-02,-2.454403229057788849e-02,4.804810136556625366e-02,1.515104472637176514e-01,1.151749268174171448e-01,1.185668826103210449e+00,-1.121872570365667343e-03,-2.967889793217182159e-02,1.508777495473623276e-03,6.364971399307250977e-02,-1.778169721364974976e-01,-9.957385808229446411e-02,1.314096808433532715e+00,4.316376894712448120e-02,1.448387838900089264e-02,-5.362335219979286194e-02
8.370123505592346191e-01,5.532217770814895630e-02,8.692663908004760742e-01,8.231879211962223053e-03,-1.261999085545539856e-02,6.120033264160156250e-01,-7.907116413116455078e-01,7.091135717928409576e-03,-8.284356445074081421e-02,1.459198594093322754e-01,1.080898046493530273e-01,-3.498100116848945618e-02,2.160862646996974945e-02,-5.707987025380134583e-02,-2.213914096355438232e-01,-9.090711921453475952e-02,3.918378949165344238e-01,-1.556379050016403198e-01,3.185449913144111633e-02,4.871744289994239807e-02,-5.856692418456077576e-02,-2.251576632261276245e-02,4.360144957900047302e-02,1.488150060176849365e-01,1.160398274660110474e-01,1.199070215225219727e+00,-2.747158287093043327e-03,-1.704898662865161896e-02,4.286195326130837202e-04,7.213287055492401123e-02,-1.812240332365036011e-01,-9.709872305393218994e-02,1.309360742568969727e+00,4.107095301151275635e-02,2.375033870339393616e-02,-5.026182904839515686e-02
8.355863094329833984e-01,5.362712964415550232e-02,8.694736361503601074e-01,1.028181891888380051e-02,-1.342553459107875824e-02,5.988714694976806641e-01,-8.006665706634521484e-01,1.306002773344516754e-02,-8.204594999551773071e-02,1.302125453948974609e-01,1.058731749653816223e-01,-3.436415642499923706e-02,1.505495328456163406e-02,-3.994993120431900024e-02,-2.198525071144104004e-01,-2.193566970527172089e-02,3.684594035148620605e-01,-1.539745628833770752e-01,4.103938862681388855e-02,5.061970278620719910e-02,-6.973374634981155396e-02,-2.167477831244468689e-02,4.069475457072257996e-02,1.476556509733200073e-01,1.179179325699806213e-01,1.209022879600524902e+00,-5.148825235664844513e-03,-8.938576094806194305e-03,-7.922481163404881954e-04,8.051598072052001953e-02,-1.845614910125732422e-01,-9.664425998926162720e-02,1.305433034896850586e+00,3.836690261960029602e-02,3.046432696282863617e-02,-4.730745777487754822e-02
8.331310749053955078e-01,5.091264843940734863e-02,8.693329691886901855e-01,1.117922272533178329e-02,-1.386504247784614563e-02,5.800644755363464355e-01,-8.143758177757263184e-01,1.762183755636215210e-02,-8.172380924224853516e-02,1.045826897025108337e-01,1.026545315980911255e-01,-4.091928526759147644e-02,2.417773241177201271e-03,-2.545936033129692078e-02,-2.120896130800247192e-01,5.660562962293624878e-02,3.270272314548492432e-01,-1.553683876991271973e-01,5.482497066259384155e-02,4.940586537122726440e-02,-8.265342563390731812e-02,-2.168021537363529205e-02,3.837586194276809692e-02,1.486089974641799927e-01,1.175854802131652832e-01,1.218669295310974121e+00,-7.196113467216491699e-03,-7.249865302583202720e-05,-5.228107329457998276e-03,9.093514084815979004e-02,-1.877949535846710205e-01,-9.920556843280792236e-02,1.303197503089904785e+00,3.614743053913116455e-02,3.450193628668785095e-02,-4.395456984639167786e-02
8.306410312652587891e-01,4.825321212410926819e-02,8.690512776374816895e-01,1.119449920952320099e-02,-1.371244713664054871e-02,5.652926564216613770e-01,-8.247004747390747070e-01,2.065857127308845520e-02,-8.326196670532226562e-02,8.448758721351623535e-02,1.039508581161499023e-01,-4.713720083236694336e-02,-7.350352592766284943e-03,-1.949333958327770233e-02,-2.015472650527954102e-01,1.068122461438179016e-01,2.906320393085479736e-01,-1.556827425956726074e-01,7.160177081823348999e-02,4.626720026135444641e-02,-8.965855091810226440e-02,-2.183985710144042969e-02,3.775879740715026855e-02,1.513171941041946411e-01,1.157191693782806396e-01,1.224559187889099121e+00,-7.998855784535408020e-03,5.437859799712896347e-03,-7.406062446534633636e-03,9.774991124868392944e-02,-1.868749409914016724e-01,-1.045240387320518494e-01,1.304833173751831055e+00,3.491378203034400940e-02,3.150046616792678833e-02,-4.235778376460075378e-02
8.277444839477539062e-01,4.529654607176780701e-02,8.686670064926147461e-01,1.032515801489353180e-02,-1.368005573749542236e-02,5.509116053581237793e-01,-8.343876004219055176e-01,2.279304154217243195e-02,-8.681380003690719604e-02,6.457713246345520020e-02,1.064324453473091125e-01,-5.163319408893585205e-02,-1.779901608824729919e-02,-1.641915552318096161e-02,-1.937858164310455322e-01,1.483549326658248901e-01,2.617581486701965332e-01,-1.536238491535186768e-01,7.920254021883010864e-02,4.238172248005867004e-02,-9.308279305696487427e-02,-2.251663617789745331e-02,3.746416792273521423e-02,1.541656702756881714e-01,1.149377375841140747e-01,1.230350255966186523e+00,-9.936504997313022614e-03,1.074153557419776917e-02,-9.181727655231952667e-03,1.034083515405654907e-01,-1.850399672985076904e-01,-1.098242998123168945e-01,1.308067679405212402e+00,3.505864366888999939e-02,2.710880897939205170e-02,-4.031296074390411377e-02
8.237195014953613281e-01,4.057317599654197693e-02,8.679795265197753906e-01,8.548079989850521088e-03,-1.261998806148767471e-02,5.318242907524108887e-01,-8.467175364494323730e-01,2.416266687214374542e-02,-9.000610560178756714e-02,3.815970942378044128e-02,1.103095561265945435e-01,-6.167174503207206726e-02,-3.520847111940383911e-02,-1.641889661550521851e-02,-1.819781363010406494e-01,1.773993223905563354e-01,2.331359088420867920e-01,-1.422969251871109009e-01,9.103703498840332031e-02,3.556573763489723206e-02,-9.297703206539154053e-02,-2.243553102016448975e-02,3.835713490843772888e-02,1.571727097034454346e-01,1.179274544119834900e-01,1.238891482353210449e+00,-1.309587340801954269e-02,1.736346073448657990e-02,-9.568750858306884766e-03,1.104947105050086975e-01,-1.827865242958068848e-01,-1.146274134516716003e-01,1.312024593353271484e+00,3.272277489304542542e-02,2.167401090264320374e-02,-3.786939382553100586e-02
8.207810521125793457e-01,3.708281368017196655e-02,8.672666549682617188e-01,6.298888009041547775e-03,-1.109438110142946243e-02,5.186312794685363770e-01,-8.549028038978576660e-01,2.252515591681003571e-02,-9.241764992475509644e-02,2.110016904771327972e-02,1.135853603482246399e-01,-6.883195042610168457e-02,-4.696403071284294128e-02,-1.903032697737216949e-02,-1.742642670869827271e-01,1.776671111583709717e-01,2.205589413642883301e-01,-1.229563057422637939e-01,1.027846634387969971e-01,2.942046895623207092e-02,-8.797222375869750977e-02,-2.146972715854644775e-02,3.981103375554084778e-02,1.578037291765213013e-01,1.256164759397506714e-01,1.244612455368041992e+00,-1.543846633285284042e-02,2.372889965772628784e-02,-1.115708705037832260e-02,1.138546168804168701e-01,-1.838019788265228271e-01,-1.135314479470252991e-01,1.313922286033630371e+00,3.085799142718315125e-02,1.961710490286350250e-02,-3.545128554105758667e-02
8.175627589225769043e-01,3.333617001771926880e-02,8.662689328193664551e-01,3.301138756796717644e-03,-9.678429923951625824e-03,5.049476623535156250e-01,-8.630893826484680176e-01,1.962144486606121063e-02,-9.690860658884048462e-02,2.157774521037936211e-03,1.183738708496093750e-01,-7.486362755298614502e-02,-5.491131171584129333e-02,-2.121722511947154999e-02,-1.681835949420928955e-01,1.724683940410614014e-01,2.159407883882522583e-01,-9.672754257917404175e-02,8.333265036344528198e-02,2.194012515246868134e-02,-8.283032476902008057e-02,-2.178067527711391449e-02,4.490675777196884155e-02,1.597732603549957275e-01,1.398798227310180664e-01,1.247063398361206055e+00,-2.006026357412338257e-02,2.828593924641609192e-02,-1.330921612679958344e-02,1.157051995396614075e-01,-1.848561763763427734e-01,-1.096906810998916626e-01,1.314696192741394043e+00,2.960576489567756653e-02,1.862502098083496094e-02,-3.328960016369819641e-02
8.114718198776245117e-01,2.760226093232631683e-02,8.650904893875122070e-01,-2.332996227778494358e-04,-7.164431270211935043e-03,4.887751042842864990e-01,-8.723803758621215820e-01,1.852287910878658295e-02,-9.969201683998107910e-02,-2.042036503553390503e-02,1.214254721999168396e-01,-7.819183170795440674e-02,-6.350884586572647095e-02,-2.207055687904357910e-02,-1.572757959365844727e-01,1.553355008363723755e-01,2.127909064292907715e-01,-9.098733961582183838e-02,4.971117153763771057e-02,1.269296836107969284e-02,-7.052829861640930176e-02,-2.008988149464130402e-02,5.227009207010269165e-02,1.618135720491409302e-01,1.653568595647811890e-01,1.251317262649536133e+00,-2.344283834099769592e-02,3.456602990627288818e-02,-1.528444886207580566e-02,1.135276556015014648e-01,-1.823682934045791626e-01,-1.064257323741912842e-01,1.316444993019104004e+00,2.797253802418708801e-02,1.360681559890508652e-02,-3.369272127747535706e-02
8.062701225280761719e-01,2.290522307157516479e-02,8.645541071891784668e-01,-3.235638607293367386e-03,-5.176255479454994202e-03,4.777663648128509521e-01,-8.784657120704650879e-01,1.786714605987071991e-02,-9.934987127780914307e-02,-3.830502927303314209e-02,1.183637082576751709e-01,-7.476742565631866455e-02,-6.845650076866149902e-02,-2.388111688196659088e-02,-1.477979868650436401e-01,1.413687318563461304e-01,2.066569030284881592e-01,-8.902746438980102539e-02,3.474966064095497131e-02,5.909704137593507767e-03,-5.816750228404998779e-02,-1.879500783979892731e-02,6.032162159681320190e-02,1.645255237817764282e-01,1.869557797908782959e-01,1.252580881118774414e+00,-2.386492863297462463e-02,3.950449451804161072e-02,-2.195389010012149811e-02,1.089487597346305847e-01,-1.784158945083618164e-01,-1.037639230489730835e-01,1.318719625473022461e+00,2.843620441854000092e-02,7.565637119114398956e-03,-3.456303477287292480e-02
8.009265661239624023e-01,1.835616119205951691e-02,8.644984364509582520e-01,-7.057629525661468506e-03,-3.257770556956529617e-03,4.673878848552703857e-01,-8.840181827545166016e-01,1.600522734224796295e-02,-9.808497875928878784e-02,-5.523072183132171631e-02,1.112295687198638916e-01,-6.973023712635040283e-02,-7.500314712524414062e-02,-2.835126966238021851e-02,-1.381004452705383301e-01,1.240369975566864014e-01,1.975930184125900269e-01,-9.132294356822967529e-02,2.857536822557449341e-02,-1.974765211343765259e-03,-4.400115087628364563e-02,-1.809143275022506714e-02,7.091567665338516235e-02,1.675662100315093994e-01,2.116900384426116943e-01,1.252436995506286621e+00,-2.274053543806076050e-02,4.456755146384239197e-02,-2.659431099891662598e-02,1.016613543033599854e-01,-1.739272624254226685e-01,-9.770918637514114380e-02,1.321738839149475098e+00,2.721897140145301819e-02,1.221390091814100742e-03,-3.747206181287765503e-02
7.938196063041687012e-01,1.233465783298015594e-02,8.652194142341613770e-01,-1.175781060010194778e-02,-7.744783069938421249e-04,4.517425894737243652e-01,-8.920704722404479980e-01,1.474997401237487793e-02,-9.806007891893386841e-02,-7.297191768884658813e-02,1.055898219347000122e-01,-7.405742257833480835e-02,-8.855506777763366699e-02,-3.361606970429420471e-02,-1.224509999155998230e-01,9.662856906652450562e-02,1.803856939077377319e-01,-9.317654371261596680e-02,2.138137817382812500e-02,-1.267656404525041580e-02,-2.797091193497180939e-02,-1.796540059149265289e-02,8.398387581110000610e-02,1.707328259944915771e-01,2.394745051860809326e-01,1.256578564643859863e+00,-1.928202994167804718e-02,5.449476093053817749e-02,-3.063713759183883667e-02,9.286921471357345581e-02,-1.707416325807571411e-01,-8.585909754037857056e-02,1.321689724922180176e+00,2.553095482289791107e-02,3.128012176603078842e-03,-3.752807900309562683e-02
7.881047129631042480e-01,8.708326146006584167e-03,8.661433458328247070e-01,-1.328226085752248764e-02,-1.349905040115118027e-03,4.366438686847686768e-01,-8.995353579521179199e-01,1.955564878880977631e-02,-1.102737337350845337e-01,-8.267987519502639771e-02,1.191116645932197571e-01,-1.054233908653259277e-01,-9.967406839132308960e-02,-3.027520515024662018e-02,-1.120319440960884094e-01,8.046250790357589722e-02,1.625277101993560791e-01,-8.514107018709182739e-02,1.512700505554676056e-02,-1.360780745744705200e-02,-2.662432380020618439e-02,-1.923439092934131622e-02,9.175076335668563843e-02,1.710754781961441040e-01,2.583964765071868896e-01,1.262063384056091309e+00,-1.811178773641586304e-02,6.283391267061233521e-02,-3.079879842698574066e-02,8.383717387914657593e-02,-1.717856824398040771e-01,-7.250703871250152588e-02,1.319896340370178223e+00,2.097503840923309326e-02,5.065483041107654572e-03,-3.727739304304122925e-02
7.827703356742858887e-01,5.585247185081243515e-03,8.669738173484802246e-01,-1.262354198843240738e-02,-2.283309586346149445e-03,4.189431369304656982e-01,-9.079218506813049316e-01,2.689942158758640289e-02,-1.321881264448165894e-01,-8.882503956556320190e-02,1.528345495462417603e-01,-1.482947915792465210e-01,-1.050851419568061829e-01,-2.244721539318561554e-02,-9.793115407228469849e-02,6.399368494749069214e-02,1.397151350975036621e-01,-7.462085038423538208e-02,6.503849290311336517e-03,-7.713830098509788513e-03,-3.325277939438819885e-02,-1.813868992030620575e-02,9.607850015163421631e-02,1.675339639186859131e-01,2.755979597568511963e-01,1.270385265350341797e+00,-1.922312751412391663e-02,7.166055589914321899e-02,-3.201040253043174744e-02,7.468376308679580688e-02,-1.767420917749404907e-01,-6.273642182350158691e-02,1.315727114677429199e+00,1.958935707807540894e-02,1.102247927337884903e-02,-3.770015761256217957e-02
7.757708430290222168e-01,1.635050517506897449e-03,8.673831224441528320e-01,-8.972251787781715393e-03,-4.674580413848161697e-03,3.925006091594696045e-01,-9.196960926055908203e-01,4.463078454136848450e-02,-1.804708838462829590e-01,-4.968068376183509827e-02,2.368832677602767944e-01,-1.925101280212402344e-01,-1.010896712541580200e-01,-4.151389468461275101e-03,-7.646445184946060181e-02,4.533385857939720154e-02,1.030732318758964539e-01,-5.570485815405845642e-02,-6.656094919890165329e-03,7.264133542776107788e-03,-4.802497103810310364e-02,-1.497910078614950180e-02,9.537784010171890259e-02,1.621537953615188599e-01,2.900494337081909180e-01,1.284069418907165527e+00,-1.797865703701972961e-02,8.368830382823944092e-02,-3.315856307744979858e-02,6.580132991075515747e-02,-1.842590719461441040e-01,-6.696122884750366211e-02,1.303477764129638672e+00,2.310512773692607880e-02,2.154619246721267700e-02,-4.244025051593780518e-02
7.715374827384948730e-01,-1.419772394001483917e-03,8.676673769950866699e-01,-7.347024977207183838e-03,-5.252662580460309982e-03,3.749351799488067627e-01,-9.270070195198059082e-01,5.758120864629745483e-02,-2.145241200923919678e-01,-2.348231151700019836e-03,3.036701977252960205e-01,-1.962043941020965576e-01,-7.767101377248764038e-02,5.572706926614046097e-03,-6.131241098046302795e-02,3.019947931170463562e-02,7.953387498855590820e-02,-4.494421556591987610e-02,-1.374034211039543152e-02,1.377660688012838364e-02,-4.972081631422042847e-02,-1.276126038283109665e-02,9.234517067670822144e-02,1.596152186393737793e-01,2.942771017551422119e-01,1.294797539710998535e+00,-1.990510895848274231e-02,9.006015956401824951e-02,-3.186910971999168396e-02,6.257872283458709717e-02,-1.906677335500717163e-01,-7.433658093214035034e-02,1.292827963829040527e+00,2.446953579783439636e-02,3.014388307929039001e-02,-4.747793823480606079e-02
7.678656578063964844e-01,-4.539892543107271194e-03,8.680113554000854492e-01,-6.907639559358358383e-03,-4.468854051083326340e-03,3.593401014804840088e-01,-9.331703782081604004e-01,7.118307799100875854e-02,-2.403210997581481934e-01,5.060267448425292969e-02,3.613973259925842285e-01,-1.828814148902893066e-01,-3.772537410259246826e-02,1.135203149169683456e-02,-4.541183263063430786e-02,9.216024540364742279e-03,5.701983720064163208e-02,-3.612671419978141785e-02,-1.972089149057865143e-02,1.540413778275251389e-02,-4.512500762939453125e-02,-9.310426190495491028e-03,8.739515393972396851e-02,1.581303626298904419e-01,2.971052229404449463e-01,1.304021358489990234e+00,-1.857509650290012360e-02,9.627056121826171875e-02,-3.370814770460128784e-02,5.804380401968955994e-02,-1.968706846237182617e-01,-7.503163814544677734e-02,1.285714626312255859e+00,2.686943672597408295e-02,3.897572308778762817e-02,-5.086524784564971924e-02
7.637616991996765137e-01,-8.973161689937114716e-03,8.683902621269226074e-01,-7.081023883074522018e-03,-3.407703479751944542e-03,3.410523235797882080e-01,-9.400114417076110840e-01,9.326247870922088623e-02,-2.604387104511260986e-01,1.259965449571609497e-01,4.192645251750946045e-01,-1.587700247764587402e-01,7.926746271550655365e-03,1.776078715920448303e-02,-2.410575002431869507e-02,-2.198741212487220764e-02,2.535902522504329681e-02,-2.338608913123607635e-02,-2.465296536684036255e-02,1.503844559192657471e-02,-3.523085638880729675e-02,-7.278920151293277740e-03,8.389332890510559082e-02,1.573512554168701172e-01,3.039029836654663086e-01,1.311719298362731934e+00,-1.834944263100624084e-02,1.029220893979072571e-01,-3.709911927580833435e-02,4.940179735422134399e-02,-2.009019404649734497e-01,-6.601597368717193604e-02,1.286761164665222168e+00,2.619964256882667542e-02,3.976503387093544006e-02,-5.347577854990959167e-02
7.612788677215576172e-01,-1.244808640331029892e-02,8.685789108276367188e-01,-7.396033499389886856e-03,-2.430484397336840630e-03,3.287428915500640869e-01,-9.443873763084411621e-01,1.071200817823410034e-01,-2.623424828052520752e-01,1.758721470832824707e-01,4.431411325931549072e-01,-1.496086567640304565e-01,3.329119831323623657e-02,2.244597300887107849e-02,-9.643745608627796173e-03,-4.324078932404518127e-02,5.268553737550973892e-03,-1.665723137557506561e-02,-3.072025999426841736e-02,1.235080137848854065e-02,-2.564841322600841522e-02,-6.469346117228269577e-03,8.492246270179748535e-02,1.597520560026168823e-01,3.116350769996643066e-01,1.311680078506469727e+00,-1.881846226751804352e-02,1.020543426275253296e-01,-3.897526487708091736e-02,4.377098381519317627e-02,-1.976572722196578979e-01,-6.329715996980667114e-02,1.291612744331359863e+00,2.946370467543601990e-02,3.306861221790313721e-02,-5.440905690193176270e-02
7.593007087707519531e-01,-1.569476164877414703e-02,8.686330914497375488e-01,-8.422441780567169189e-03,-1.889858511276543140e-03,3.174734115600585938e-01,-9.482278823852539062e-01,1.154342070221900940e-01,-2.573607265949249268e-01,2.149301022291183472e-01,4.526917636394500732e-01,-1.476251631975173950e-01,3.293029591441154480e-02,2.572433836758136749e-02,1.140875741839408875e-03,-6.138059124350547791e-02,-1.066691335290670395e-02,-1.008691452443599701e-02,-3.520962223410606384e-02,7.528741843998432159e-03,-1.514750067144632339e-02,-7.310685701668262482e-03,8.762661367654800415e-02,1.635601520538330078e-01,3.210482299327850342e-01,1.308824777603149414e+00,-1.876823976635932922e-02,9.786342829465866089e-02,-3.860927745699882507e-02,3.837968781590461731e-02,-1.907322257757186890e-01,-6.441605091094970703e-02,1.297414541244506836e+00,3.299710899591445923e-02,2.684509754180908203e-02,-5.652731284499168396e-02
7.575931549072265625e-01,-1.978411525487899780e-02,8.685923218727111816e-01,-9.578414261341094971e-03,-1.664959010668098927e-03,3.023710548877716064e-01,-9.531407356262207031e-01,1.200586035847663879e-01,-2.404600381851196289e-01,2.507663965225219727e-01,4.426539242267608643e-01,-1.430778205394744873e-01,1.966928876936435699e-02,2.995786443352699280e-02,7.943768985569477081e-03,-7.964523136615753174e-02,-1.739975996315479279e-02,-8.259994909167289734e-03,-4.558283835649490356e-02,1.313408836722373962e-03,-5.432474426925182343e-03,-9.497516788542270660e-03,9.341886639595031738e-02,1.692187637090682983e-01,3.308192491531372070e-01,1.301839590072631836e+00,-1.278926152735948563e-02,9.231282025575637817e-02,-3.850658982992172241e-02,3.306300938129425049e-02,-1.817233562469482422e-01,-6.334271281957626343e-02,1.303414702415466309e+00,3.528442606329917908e-02,1.639563962817192078e-02,-5.813455209136009216e-02
7.570297718048095703e-01,-2.181428857147693634e-02,8.686804771423339844e-01,-1.039863657206296921e-02,-1.909116166643798351e-03,2.896000146865844727e-01,-9.570893645286560059e-01,1.185107380151748657e-01,-2.227103710174560547e-01,2.703608274459838867e-01,4.210375845432281494e-01,-1.460785716772079468e-01,1.346554048359394073e-02,3.166878968477249146e-02,9.780238382518291473e-03,-9.694045782089233398e-02,-1.740000024437904358e-02,-1.017436943948268890e-02,-5.084443464875221252e-02,-2.338792663067579269e-03,-3.044885117560625076e-03,-1.237876061350107193e-02,9.547509998083114624e-02,1.699862331151962280e-01,3.366314470767974854e-01,1.300295472145080566e+00,-9.471792727708816528e-03,9.472927451133728027e-02,-4.023819416761398315e-02,3.124926425516605377e-02,-1.770496368408203125e-01,-6.171920150518417358e-02,1.305382966995239258e+00,3.852580860257148743e-02,1.134398858994245529e-02,-6.083599105477333069e-02
7.571868896484375000e-01,-2.277724444866180420e-02,8.688700795173645020e-01,-1.137748826295137405e-02,-2.189557533711194992e-03,2.754240632057189941e-01,-9.612529873847961426e-01,1.133408769965171814e-01,-2.028737068176269531e-01,2.882993817329406738e-01,3.922059834003448486e-01,-1.490071415901184082e-01,1.462842710316181183e-02,3.149704262614250183e-02,1.148829516023397446e-02,-1.156396716833114624e-01,-1.740000024437904358e-02,-1.092785224318504333e-02,-5.468235537409782410e-02,-6.331899203360080719e-03,-4.301580134779214859e-03,-1.504864543676376343e-02,9.481249004602432251e-02,1.684994995594024658e-01,3.392550051212310791e-01,1.302445650100708008e+00,-9.923057630658149719e-03,9.991172701120376587e-02,-4.256841540336608887e-02,3.097104094922542572e-02,-1.741633266210556030e-01,-6.151154637336730957e-02,1.304257392883300781e+00,3.941718116402626038e-02,1.279587298631668091e-02,-6.041136384010314941e-02
7.581754922866821289e-01,-2.276914380490779877e-02,8.691949844360351562e-01,-1.254570297896862030e-02,-3.061569528654217720e-03,2.551522254943847656e-01,-9.668146371841430664e-01,1.025614812970161438e-01,-1.746119558811187744e-01,3.101232349872589111e-01,3.437963128089904785e-01,-1.391175389289855957e-01,1.530223246663808823e-02,2.990096807479858398e-02,1.290462817996740341e-02,-1.424335241317749023e-01,-1.740000024437904358e-02,-1.034354418516159058e-02,-5.709969252347946167e-02,-1.023029349744319916e-02,-9.490397758781909943e-03,-1.846137084066867828e-02,9.082066267728805542e-02,1.633715629577636719e-01,3.367920517921447754e-01,1.307993650436401367e+00,-1.010435819625854492e-02,1.062860712409019470e-01,-4.321970418095588684e-02,3.325463831424713135e-02,-1.731697320938110352e-01,-6.437359750270843506e-02,1.299514055252075195e+00,3.755655139684677124e-02,2.208510972559452057e-02,-6.175047159194946289e-02
7.592659592628479004e-01,-2.187989279627799988e-02,8.694134950637817383e-01,-1.287661679089069366e-02,-4.361975472420454025e-03,2.394582927227020264e-01,-9.708114862442016602e-01,9.142927080392837524e-02,-1.510685384273529053e-01,3.238524794578552246e-01,2.963792681694030762e-01,-1.159189268946647644e-01,1.739230751991271973e-02,2.887345850467681885e-02,1.276119891554117203e-02,-1.663752496242523193e-01,-1.740000024437904358e-02,-8.692194707691669464e-03,-5.669628456234931946e-02,-1.060787681490182877e-02,-1.497048977762460709e-02,-2.083871327340602875e-02,8.630868047475814819e-02,1.582476943731307983e-01,3.315518498420715332e-01,1.310379981994628906e+00,-9.426508098840713501e-03,1.071944683790206909e-01,-4.311696439981460571e-02,3.583452478051185608e-02,-1.741970032453536987e-01,-6.787531077861785889e-02,1.295220255851745605e+00,3.740258887410163879e-02,2.833465114235877991e-02,-6.180262565612792969e-02
7.608625292778015137e-01,-2.058891020715236664e-02,8.694126009941101074e-01,-1.263859774917364120e-02,-5.785535555332899094e-03,2.243814915418624878e-01,-9.744022488594055176e-01,8.029743283987045288e-02,-1.288539916276931763e-01,3.395735025405883789e-01,2.468464672565460205e-01,-7.510256767272949219e-02,1.018940284848213196e-02,2.828456647694110870e-02,1.312928553670644760e-02,-1.919396072626113892e-01,-1.740000024437904358e-02,-9.760581888258457184e-03,-5.466992780566215515e-02,-9.179785847663879395e-03,-1.938082464039325714e-02,-2.357335574924945831e-02,8.313756436109542847e-02,1.533340662717819214e-01,3.236187696456909180e-01,1.308599710464477539e+00,-1.039242465049028397e-02,1.037071719765663147e-01,-4.351822659373283386e-02,3.940330445766448975e-02,-1.764015704393386841e-01,-7.005254924297332764e-02,1.292367815971374512e+00,3.748131915926933289e-02,3.101163357496261597e-02,-6.127008050680160522e-02
7.630866765975952148e-01,-1.735327206552028656e-02,8.692005872726440430e-01,-1.060087885707616806e-02,-7.934979163110256195e-03,2.051442712545394897e-01,-9.786421656608581543e-01,6.551469117403030396e-02,-9.961123764514923096e-02,3.669841885566711426e-01,1.766690015792846680e-01,-4.037793353199958801e-02,-3.446038439869880676e-02,2.960327267646789551e-02,1.339091267436742783e-02,-2.220301032066345215e-01,-1.740000024437904358e-02,-1.093951426446437836e-02,-5.133723840117454529e-02,-2.055723685771226883e-03,-2.600912749767303467e-02,-2.754478529095649719e-02,8.141995966434478760e-02,1.462399363517761230e-01,3.140936791896820068e-01,1.299039125442504883e+00,-8.864816278219223022e-03,9.420247375965118408e-02,-4.414384439587593079e-02,4.305187240242958069e-02,-1.804347932338714600e-01,-6.854262202978134155e-02,1.293328642845153809e+00,3.729750961065292358e-02,3.029964677989482880e-02,-5.938224121928215027e-02
7.645651698112487793e-01,-1.297762338072061539e-02,8.690518736839294434e-01,-9.348947554826736450e-03,-9.880658239126205444e-03,1.912676990032196045e-01,-9.814436435699462891e-01,4.968754202127456665e-02,-8.306291699409484863e-02,3.641261160373687744e-01,1.302168965339660645e-01,-4.061568528413772583e-02,-1.377469301223754883e-02,2.751140296459197998e-02,1.186931505799293518e-02,-2.445223629474639893e-01,-1.740000024437904358e-02,-1.179929357022047043e-02,-4.468729346990585327e-02,3.314501373097300529e-03,-2.963773347437381744e-02,-3.121877461671829224e-02,8.117993921041488647e-02,1.411608159542083740e-01,3.071050941944122314e-01,1.287678122520446777e+00,-4.000192042440176010e-03,8.464323729276657104e-02,-4.186312109231948853e-02,4.394298791885375977e-02,-1.832824051380157471e-01,-6.589066237211227417e-02,1.297418951988220215e+00,3.763688355684280396e-02,2.474904991686344147e-02,-5.823215097188949585e-02
7.662244439125061035e-01,-8.173949085175991058e-03,8.687777519226074219e-01,-8.364369161427021027e-03,-1.134220231324434280e-02,1.780874431133270264e-01,-9.839137196540832520e-01,3.539353981614112854e-02,-6.863581389188766479e-02,3.562812209129333496e-01,9.017638117074966431e-02,-3.425167500972747803e-02,-4.625723231583833694e-03,2.382898889482021332e-02,1.138295512646436691e-02,-2.645027339458465576e-01,-1.740000024437904358e-02,-1.311118155717849731e-02,-3.751879557967185974e-02,8.004023693501949310e-03,-3.017462417483329773e-02,-3.397750854492187500e-02,8.110728114843368530e-02,1.373629868030548096e-01,2.971922457218170166e-01,1.274746656417846680e+00,-9.876268450170755386e-04,7.135270535945892334e-02,-3.969008848071098328e-02,4.545730724930763245e-02,-1.854454278945922852e-01,-6.734862923622131348e-02,1.301937222480773926e+00,4.117201268672943115e-02,1.944373920559883118e-02,-5.832029879093170166e-02
7.690665721893310547e-01,-1.290910411626100540e-03,8.684812188148498535e-01,-6.055490579456090927e-03,-1.182192005217075348e-02,1.588795036077499390e-01,-9.872086048126220703e-01,2.098922245204448700e-02,-5.308471992611885071e-02,3.297056257724761963e-01,4.957277327775955200e-02,-1.847096905112266541e-02,-7.446747040376067162e-04,1.905448175966739655e-02,1.117766555398702621e-02,-2.874224781990051270e-01,-9.731559082865715027e-03,-1.582062244415283203e-02,-3.079445101320743561e-02,1.647247560322284698e-02,-3.466411307454109192e-02,-3.518252074718475342e-02,7.891060411930084229e-02,1.314038485288619995e-01,2.798126637935638428e-01,1.260148167610168457e+00,3.029133658856153488e-03,5.774300545454025269e-02,-3.690847009420394897e-02,4.753546416759490967e-02,-1.893047690391540527e-01,-7.113730907440185547e-02,1.307854056358337402e+00,4.498146101832389832e-02,1.144273951649665833e-02,-5.915726348757743835e-02
7.714721560478210449e-01,4.265354480594396591e-03,8.684124946594238281e-01,-3.892371198162436485e-03,-1.102516707032918930e-02,1.441650241613388062e-01,-9.894846081733703613e-01,1.208666991442441940e-02,-4.322599619626998901e-02,3.017560839653015137e-01,2.813414670526981354e-02,-6.714999675750732422e-03,6.529006175696849823e-03,1.446833368390798569e-02,1.094702258706092834e-02,-3.035858273506164551e-01,1.563752652145922184e-03,-1.747988536953926086e-02,-2.596063353121280670e-02,2.315963618457317352e-02,-3.678143396973609924e-02,-3.453611209988594055e-02,7.441554963588714600e-02,1.251351833343505859e-01,2.656176686286926270e-01,1.254649519920349121e+00,6.890684831887483597e-03,5.325248092412948608e-02,-3.584126755595207214e-02,5.005238577723503113e-02,-1.922268271446228027e-01,-7.630221545696258545e-02,1.311781883239746094e+00,4.625853896141052246e-02,6.133000366389751434e-03,-5.901681631803512573e-02
7.736846804618835449e-01,1.020136661827564240e-02,8.684276342391967773e-01,-2.112158806994557381e-03,-9.897348470985889435e-03,1.304501593112945557e-01,-9.914032220840454102e-01,3.245616797357797623e-03,-3.498888760805130005e-02,2.707751393318176270e-01,1.228671427816152573e-02,1.933727180585265160e-04,1.439086534082889557e-02,6.652858108282089233e-03,7.226068992167711258e-03,-3.198843598365783691e-01,2.051638253033161163e-02,-1.986653730273246765e-02,-1.779087260365486145e-02,2.795645035803318024e-02,-3.506926819682121277e-02,-3.294196724891662598e-02,6.820820271968841553e-02,1.188459843397140503e-01,2.514170706272125244e-01,1.252920627593994141e+00,6.475660949945449829e-03,5.135617032647132874e-02,-3.553435206413269043e-02,5.224425345659255981e-02,-1.928137540817260742e-01,-8.507050573825836182e-02,1.315663099288940430e+00,4.694489762187004089e-02,6.036133272573351860e-04,-5.937980860471725464e-02
7.765988707542419434e-01,1.891860365867614746e-02,8.682003021240234375e-01,-1.266572042368352413e-03,-9.202445857226848602e-03,1.142594963312149048e-01,-9.934074878692626953e-01,-1.082262117415666580e-02,-2.720309235155582428e-02,2.334054857492446899e-01,-3.204128006473183632e-03,1.769075635820627213e-03,2.011902630329132080e-02,-1.245548110455274582e-02,-8.723304606974124908e-03,-3.432640135288238525e-01,6.443572789430618286e-02,-3.057129494845867157e-02,-4.742038436233997345e-03,3.045799024403095245e-02,-2.874679304659366608e-02,-3.330668434500694275e-02,6.251516938209533691e-02,1.113297715783119202e-01,2.354860603809356689e-01,1.251437902450561523e+00,4.187706392258405685e-03,4.955309629440307617e-02,-3.367103636264801025e-02,5.535848438739776611e-02,-1.930944174528121948e-01,-9.621316194534301758e-02,1.319700479507446289e+00,4.685895889997482300e-02,-3.149864729493856430e-03,-6.055767461657524109e-02
7.787873744964599609e-01,2.650955691933631897e-02,8.675810098648071289e-01,-3.083842806518077850e-03,-9.245724417269229889e-03,1.024168953299522400e-01,-9.946938157081604004e-01,-2.730322070419788361e-02,-2.365767769515514374e-02,2.061187922954559326e-01,-1.209882739931344986e-02,-1.912792446091771126e-03,2.253736555576324463e-02,-4.025807231664657593e-02,-3.350628539919853210e-02,-3.714475631713867188e-01,1.215788573026657104e-01,-4.733451828360557556e-02,8.183520287275314331e-03,2.661066316068172455e-02,-2.320750057697296143e-02,-3.471328318119049072e-02,6.024303659796714783e-02,1.082328855991363525e-01,2.215575426816940308e-01,1.249062299728393555e+00,8.827798999845981598e-03,4.704308509826660156e-02,-3.271970897912979126e-02,5.686789751052856445e-02,-1.960243880748748779e-01,-1.000161692500114441e-01,1.320309400558471680e+00,4.616250097751617432e-02,-1.043538795784115791e-03,-5.866446346044540405e-02
7.807897925376892090e-01,3.350728005170822144e-02,8.665449619293212891e-01,-6.180718541145324707e-03,-8.290761150419712067e-03,9.170667827129364014e-02,-9.957323670387268066e-01,-4.515089839696884155e-02,-1.958261802792549133e-02,1.828863769769668579e-01,-1.707044057548046112e-02,-6.631109863519668579e-03,2.316646836698055267e-02,-7.393174618482589722e-02,-5.922654271125793457e-02,-4.008363187313079834e-01,1.857178062200546265e-01,-6.542161852121353149e-02,2.087600529193878174e-02,1.737668551504611969e-02,-1.531502045691013336e-02,-3.342734277248382568e-02,5.881126224994659424e-02,1.094752848148345947e-01,2.053210735321044922e-01,1.246302723884582520e+00,1.141660939902067184e-02,4.368653520941734314e-02,-3.170179203152656555e-02,5.626211687922477722e-02,-1.984500586986541748e-01,-1.003308817744255066e-01,1.319182395935058594e+00,4.418120160698890686e-02,2.717449795454740524e-03,-5.685663968324661255e-02
7.833766341209411621e-01,4.186675697565078735e-02,8.648774027824401855e-01,-1.028180867433547974e-02,-5.583606194704771042e-03,7.903278619050979614e-02,-9.968033432960510254e-01,-6.665259599685668945e-02,-1.307995151728391647e-02,1.551617532968521118e-01,-1.740000024437904358e-02,-1.692542061209678650e-02,2.310156635940074921e-02,-1.231416389346122742e-01,-9.709049016237258911e-02,-4.289639592170715332e-01,2.847084403038024902e-01,-8.554178476333618164e-02,3.586713224649429321e-02,3.123486880213022232e-03,-3.652501385658979416e-03,-2.748072147369384766e-02,5.725123360753059387e-02,1.151868328452110291e-01,1.847427189350128174e-01,1.242861151695251465e+00,1.119176577776670456e-02,3.726033866405487061e-02,-2.965420112013816833e-02,5.279752984642982483e-02,-2.004539966583251953e-01,-9.821891039609909058e-02,1.316948890686035156e+00,4.471507668495178223e-02,7.037288974970579147e-03,-5.794016644358634949e-02
7.853362560272216797e-01,4.644221812486648560e-02,8.641541600227355957e-01,-1.078083552420139313e-02,-3.326502861455082893e-03,7.224538922309875488e-02,-9.973230957984924316e-01,-7.443399727344512939e-02,-6.843583192676305771e-03,1.406029462814331055e-01,-1.740000024437904358e-02,-2.458805963397026062e-02,2.363269776105880737e-02,-1.491309106349945068e-01,-1.244589835405349731e-01,-4.321464896202087402e-01,3.532308340072631836e-01,-8.959887176752090454e-02,3.444800525903701782e-02,-2.346393652260303497e-03,5.030187778174877167e-03,-2.177183516323566437e-02,5.743034929037094116e-02,1.202950552105903625e-01,1.771797835826873779e-01,1.240013837814331055e+00,1.280969753861427307e-02,3.222385048866271973e-02,-2.780086547136306763e-02,4.833777248859405518e-02,-1.997566968202590942e-01,-9.705901890993118286e-02,1.315746307373046875e+00,4.646218940615653992e-02,8.904777467250823975e-03,-5.894316732883453369e-02
7.871301770210266113e-01,5.070938542485237122e-02,8.634681701660156250e-01,-1.216840464621782303e-02,-1.450935029424726963e-03,6.496262550354003906e-02,-9.978124499320983887e-01,-8.346771448850631714e-02,-1.697876956313848495e-03,1.231837943196296692e-01,-1.740000024437904358e-02,-2.960631437599658966e-02,2.513043209910392761e-02,-1.769614517688751221e-01,-1.606504321098327637e-01,-4.217682182788848877e-01,4.326573312282562256e-01,-9.612309932708740234e-02,1.016674563288688660e-02,-1.031265500932931900e-02,1.129156164824962616e-02,-1.654011756181716919e-02,5.875968933105468750e-02,1.252541989088058472e-01,1.776892691850662231e-01,1.237237334251403809e+00,1.209363341331481934e-02,2.822531573474407196e-02,-2.753419615328311920e-02,4.230907931923866272e-02,-1.974224895238876343e-01,-9.494677186012268066e-02,1.314937233924865723e+00,4.902313649654388428e-02,1.091887988150119781e-02,-5.951793864369392395e-02
7.872550487518310547e-01,5.215384811162948608e-02,8.633258938789367676e-01,-1.325290370732545853e-02,-1.297080307267606258e-03,5.388588458299636841e-02,-9.984583258628845215e-01,-8.788270503282546997e-02,-2.220164751634001732e-03,1.058026775717735291e-01,-1.740000024437904358e-02,-2.846771292388439178e-02,2.245379798114299774e-02,-1.887904256582260132e-01,-2.137742340564727783e-01,-3.665014207363128662e-01,5.253459215164184570e-01,-1.473778337240219116e-01,-3.478117519989609718e-03,-1.991022564470767975e-02,1.448734104633331299e-02,-1.371410116553306580e-02,6.149578467011451721e-02,1.323917210102081299e-01,1.835898607969284058e-01,1.235817790031433105e+00,8.180862292647361755e-03,3.251382708549499512e-02,-2.806442789733409882e-02,3.446912765502929688e-02,-1.915780752897262573e-01,-9.394165873527526855e-02,1.313261032104492188e+00,5.174270272254943848e-02,1.325931586325168610e-02,-6.041592359542846680e-02
7.878214120864868164e-01,5.062384903430938721e-02,8.635222911834716797e-01,-1.146771665662527084e-02,-1.516520045697689056e-03,4.558088257908821106e-02,-9.988936781883239746e-01,-8.185151964426040649e-02,-2.899487968534231186e-03,9.925575554370880127e-02,-1.740000024437904358e-02,-2.487773448228836060e-02,1.807001791894435883e-02,-1.759193390607833862e-01,-2.510859668254852295e-01,-3.041098415851593018e-01,5.780353546142578125e-01,-1.746854633092880249e-01,8.211938664317131042e-03,-2.090148255228996277e-02,1.325288508087396622e-02,-1.201965752989053726e-02,6.234923377633094788e-02,1.372212767601013184e-01,1.860950440168380737e-01,1.240052223205566406e+00,8.236120454967021942e-03,3.907470777630805969e-02,-2.861095592379570007e-02,3.076024912297725677e-02,-1.879042983055114746e-01,-9.228555113077163696e-02,1.310786843299865723e+00,5.538970604538917542e-02,1.641735620796680450e-02,-6.164429709315299988e-02
7.891971468925476074e-01,4.907144233584403992e-02,8.642395734786987305e-01,-9.320489130914211273e-03,-9.586939704604446888e-04,3.558946773409843445e-02,-9.993225932121276855e-01,-7.474745810031890869e-02,-1.507140230387449265e-03,9.004397690296173096e-02,-1.740000024437904358e-02,-1.988977193832397461e-02,1.204071287065744400e-02,-1.562207639217376709e-01,-2.730543911457061768e-01,-2.419944554567337036e-01,5.991389751434326172e-01,-1.834082305431365967e-01,2.207435108721256256e-02,-2.019450254738330841e-02,8.547900244593620300e-03,-9.293212555348873138e-03,6.183857098221778870e-02,1.401493698358535767e-01,1.857025474309921265e-01,1.248393535614013672e+00,5.978588480502367020e-03,4.904730245471000671e-02,-2.792428806424140930e-02,2.966672368347644806e-02,-1.869730949401855469e-01,-9.013226628303527832e-02,1.306723713874816895e+00,5.426465719938278198e-02,2.314317598938941956e-02,-6.240890175104141235e-02
7.918659448623657227e-01,4.654116928577423096e-02,8.651604652404785156e-01,-6.187989842146635056e-03,-1.211055670864880085e-03,1.897664181888103485e-02,-9.998000264167785645e-01,-6.377556174993515015e-02,-1.053070067428052425e-03,7.654870301485061646e-02,-1.740000024437904358e-02,-1.574416458606719971e-02,2.936017932370305061e-03,-1.265400946140289307e-01,-2.865085303783416748e-01,-1.613532751798629761e-01,5.882725715637207031e-01,-1.780903190374374390e-01,3.663413599133491516e-02,-1.725721545517444611e-02,-3.120607696473598480e-03,-8.600295521318912506e-03,6.116685643792152405e-02,1.433925330638885498e-01,1.827637255191802979e-01,1.260447502136230469e+00,3.405127674341201782e-03,6.001043319702148438e-02,-2.816859818994998932e-02,3.325453028082847595e-02,-1.899116188287734985e-01,-8.721140772104263306e-02,1.298301935195922852e+00,4.864024370908737183e-02,3.647784516215324402e-02,-6.265629082918167114e-02
7.940806746482849121e-01,4.372547939419746399e-02,8.655942678451538086e-01,-4.209063015878200531e-03,-1.841434394009411335e-03,5.267177242785692215e-03,-9.999755620956420898e-01,-5.507456883788108826e-02,-1.575147383846342564e-03,6.460744887590408325e-02,-1.740000024437904358e-02,-1.343862898647785187e-02,-4.098001401871442795e-03,-1.040992662310600281e-01,-2.862983047962188721e-01,-9.827320277690887451e-02,5.575603842735290527e-01,-1.782754361629486084e-01,4.496676847338676453e-02,-1.589739508926868439e-02,-1.105008553713560104e-02,-8.656047284603118896e-03,5.970800295472145081e-02,1.454576104879379272e-01,1.820605993270874023e-01,1.268220901489257812e+00,1.873652101494371891e-03,6.722411513328552246e-02,-2.930238470435142517e-02,3.839316964149475098e-02,-1.927105933427810669e-01,-8.804457634687423706e-02,1.291315555572509766e+00,4.404411837458610535e-02,4.647773876786231995e-02,-6.158090382814407349e-02
7.967206835746765137e-01,4.030177369713783264e-02,8.658176660537719727e-01,-3.347484394907951355e-03,-2.290758071467280388e-03,-9.327722713351249695e-03,-9.999482631683349609e-01,-4.792373627424240112e-02,-1.325924880802631378e-03,4.915168136358261108e-02,-1.740000024437904358e-02,-1.335809845477342606e-02,-1.301680691540241241e-02,-8.644241094589233398e-02,-2.789222002029418945e-01,-3.810989484190940857e-02,5.157606005668640137e-01,-1.802026331424713135e-01,5.067906901240348816e-02,-1.674940064549446106e-02,-1.760558038949966431e-02,-8.236880414187908173e-03,5.819030478596687317e-02,1.474892199039459229e-01,1.832769811153411865e-01,1.274562358856201172e+00,-9.753668564371764660e-04,7.181205600500106812e-02,-2.964919432997703552e-02,4.377517849206924438e-02,-1.945888698101043701e-01,-8.881093561649322510e-02,1.286824584007263184e+00,4.110534489154815674e-02,5.209299176931381226e-02,-6.164078041911125183e-02
8.008754253387451172e-01,3.543941304087638855e-02,8.658344149589538574e-01,-3.702817717567086220e-03,-3.282037796452641487e-03,-3.057545796036720276e-02,-9.995202422142028809e-01,-4.088691249489784241e-02,-1.497188350185751915e-03,2.357764728367328644e-02,-1.740000024437904358e-02,-1.570908725261688232e-02,-2.765266411006450653e-02,-7.221986353397369385e-02,-2.599733173847198486e-01,3.768651559948921204e-02,4.467507302761077881e-01,-1.779403090476989746e-01,6.610909104347229004e-02,-1.980934292078018188e-02,-2.553797513246536255e-02,-8.215707726776599884e-03,5.638597160577774048e-02,1.492806673049926758e-01,1.874683797359466553e-01,1.280477643013000488e+00,-5.382959265261888504e-03,7.808902114629745483e-02,-3.225664049386978149e-02,5.140468850731849670e-02,-1.963868439197540283e-01,-8.644152432680130005e-02,1.285651206970214844e+00,4.131049662828445435e-02,5.189897492527961731e-02,-5.966344103217124939e-02
8.043933510780334473e-01,3.136617317795753479e-02,8.657351732254028320e-01,-4.378003533929586411e-03,-4.014410078525543213e-03,-4.700943455100059509e-02,-9.988768100738525391e-01,-3.573305159807205200e-02,-1.490639289841055870e-03,4.450379405170679092e-03,-1.740000024437904358e-02,-1.860044151544570923e-02,-3.888058662414550781e-02,-6.636629998683929443e-02,-2.398704141378402710e-01,9.306692332029342651e-02,3.910281360149383545e-01,-1.793909668922424316e-01,8.313873410224914551e-02,-2.256869338452816010e-02,-2.882885746657848358e-02,-8.267342112958431244e-03,5.436227098107337952e-02,1.504136472940444946e-01,1.895843744277954102e-01,1.284963607788085938e+00,-8.877295069396495819e-03,8.382441103458404541e-02,-3.622368350625038147e-02,5.716462433338165283e-02,-1.956029832363128662e-01,-8.560114353895187378e-02,1.288019418716430664e+00,4.120770469307899475e-02,4.909196123480796814e-02,-5.785262957215309143e-02
8.081275820732116699e-01,2.704465948045253754e-02,8.654677867889404297e-01,-5.610363092273473740e-03,-4.788708407431840897e-03,-6.316138058900833130e-02,-9.979760646820068359e-01,-3.123256564140319824e-02,-1.413709018379449844e-03,-1.416678912937641144e-02,-1.740000024437904358e-02,-2.217743173241615295e-02,-5.102557316422462463e-02,-6.443321704864501953e-02,-2.193849831819534302e-01,1.389162391424179077e-01,3.416844606399536133e-01,-1.782202869653701782e-01,9.519033133983612061e-02,-2.595659904181957245e-02,-2.845398336648941040e-02,-8.406115695834159851e-03,5.193240568041801453e-02,1.518683731555938721e-01,1.911728531122207642e-01,1.288701772689819336e+00,-1.528445072472095490e-02,8.759541064500808716e-02,-3.912260010838508606e-02,6.319856643676757812e-02,-1.939748674631118774e-01,-8.458941429853439331e-02,1.291667342185974121e+00,4.099963605403900146e-02,4.483859613537788391e-02,-5.549002066254615784e-02
8.131217360496520996e-01,2.070351876318454742e-02,8.649663925170898438e-01,-7.856562733650207520e-03,-6.259180605411529541e-03,-8.360306173563003540e-02,-9.964485168457031250e-01,-2.572332136332988739e-02,-2.615694189444184303e-03,-3.563502803444862366e-02,-1.740000024437904358e-02,-2.646504715085029602e-02,-6.756355613470077515e-02,-6.250368803739547729e-02,-1.985952258110046387e-01,1.735514253377914429e-01,2.993200421333312988e-01,-1.650401651859283447e-01,1.107006147503852844e-01,-3.045834414660930634e-02,-2.320075035095214844e-02,-9.111300110816955566e-03,5.149188265204429626e-02,1.546902358531951904e-01,1.997412443161010742e-01,1.287688374519348145e+00,-1.945689320564270020e-02,8.794206380844116211e-02,-4.316261038184165955e-02,6.967980414628982544e-02,-1.918002516031265259e-01,-7.922212034463882446e-02,1.298130273818969727e+00,4.134234786033630371e-02,3.755018115043640137e-02,-5.303115770220756531e-02
8.165625929832458496e-01,1.508388016372919083e-02,8.646732568740844727e-01,-8.818411268293857574e-03,-8.445804007351398468e-03,-9.807800501585006714e-02,-9.951038360595703125e-01,-1.922272518277168274e-02,-6.728396750986576080e-03,-4.938723891973495483e-02,-1.740000024437904358e-02,-2.894894406199455261e-02,-7.839236408472061157e-02,-5.789026990532875061e-02,-1.894365400075912476e-01,1.699804067611694336e-01,2.857985496520996094e-01,-1.436510533094406128e-01,8.203604072332382202e-02,-3.188609331846237183e-02,-1.684591546654701233e-02,-1.206080894917249680e-02,5.195401981472969055e-02,1.576936691999435425e-01,2.074415832757949829e-01,1.286014080047607422e+00,-2.207108587026596069e-02,8.604918420314788818e-02,-4.488346353173255920e-02,7.360588014125823975e-02,-1.893221288919448853e-01,-7.698678970336914062e-02,1.301734805107116699e+00,3.878558427095413208e-02,3.331553936004638672e-02,-4.987923428416252136e-02
8.200981616973876953e-01,8.314220234751701355e-03,8.643726110458374023e-01,-1.056142058223485947e-02,-1.034648064523935318e-02,-1.122927963733673096e-01,-9.935651421546936035e-01,-1.372350659221410751e-02,-1.379859820008277893e-02,-6.398538500070571899e-02,-1.161952782422304153e-02,-3.048109076917171478e-02,-8.517610281705856323e-02,-5.624306201934814453e-02,-1.778036504983901978e-01,1.553199440240859985e-01,2.723251283168792725e-01,-1.413918584585189819e-01,6.453696638345718384e-02,-3.471342474222183228e-02,-8.242212235927581787e-03,-1.375183463096618652e-02,5.438344925642013550e-02,1.616600602865219116e-01,2.193923443555831909e-01,1.281230926513671875e+00,-2.199042774736881256e-02,8.124319463968276978e-02,-4.550278186798095703e-02,7.533606886863708496e-02,-1.859826445579528809e-01,-7.426850497722625732e-02,1.305393099784851074e+00,3.564628586173057556e-02,2.842688187956809998e-02,-4.784652590751647949e-02
8.247042298316955566e-01,-1.836999435909092426e-03,8.642328977584838867e-01,-1.297466363757848740e-02,-1.303063984960317612e-02,-1.328153163194656372e-01,-9.909701943397521973e-01,-6.678232457488775253e-03,-3.095870837569236755e-02,-8.762329071760177612e-02,7.089058402925729752e-03,-3.459949046373367310e-02,-8.994913101196289062e-02,-5.555341392755508423e-02,-1.581949889659881592e-01,1.223303824663162231e-01,2.427532821893692017e-01,-1.289507299661636353e-01,4.561870545148849487e-02,-3.827087208628654480e-02,9.211948490701615810e-04,-1.517548412084579468e-02,5.938595160841941833e-02,1.670678704977035522e-01,2.392309755086898804e-01,1.272902131080627441e+00,-2.147273905575275421e-02,7.481130957603454590e-02,-4.684201255440711975e-02,7.516910880804061890e-02,-1.797660440206527710e-01,-7.311762869358062744e-02,1.309953093528747559e+00,3.606351464986801147e-02,2.144679427146911621e-02,-4.713308066129684448e-02
8.278834819793701172e-01,-9.731899015605449677e-03,8.648093938827514648e-01,-1.422949414700269699e-02,-1.490612793713808060e-02,-1.503371894359588623e-01,-9.884200096130371094e-01,-1.487661036662757397e-03,-5.074016004800796509e-02,-1.039911657571792603e-01,3.191512078046798706e-02,-4.407857358455657959e-02,-9.283112734556198120e-02,-5.347650498151779175e-02,-1.452005207538604736e-01,9.526622295379638672e-02,2.227293998003005981e-01,-1.211783662438392639e-01,4.027471691370010376e-02,-4.001253470778465271e-02,4.513327497988939285e-03,-1.574102416634559631e-02,6.251299381256103516e-02,1.692555844783782959e-01,2.530793845653533936e-01,1.269264459609985352e+00,-2.184314653277397156e-02,7.441539317369461060e-02,-4.781596362590789795e-02,7.389669120311737061e-02,-1.749115586280822754e-01,-7.273252308368682861e-02,1.313486337661743164e+00,3.221082314848899841e-02,1.495232805609703064e-02,-4.956838861107826233e-02
8.303798437118530273e-01,-1.760631799697875977e-02,8.659563064575195312e-01,-1.361613627523183823e-02,-1.635613664984703064e-02,-1.690027266740798950e-01,-9.853857755661010742e-01,6.055018864572048187e-03,-7.752212882041931152e-02,-1.158277243375778198e-01,6.934662163257598877e-02,-6.755606085062026978e-02,-9.562425315380096436e-02,-4.542763903737068176e-02,-1.336830854415893555e-01,7.749745249748229980e-02,2.032409310340881348e-01,-1.104889735579490662e-01,3.792463988065719604e-02,-3.851273283362388611e-02,3.686144249513745308e-03,-1.509778853505849838e-02,6.298187375068664551e-02,1.693456321954727173e-01,2.657965719699859619e-01,1.270467877388000488e+00,-2.097850665450096130e-02,7.914631068706512451e-02,-4.932129010558128357e-02,6.831502914428710938e-02,-1.705190092325210571e-01,-6.674676388502120972e-02,1.318564891815185547e+00,2.982925996184349060e-02,6.914760451763868332e-03,-4.974023997783660889e-02
8.332942724227905273e-01,-2.710519172251224518e-02,8.673551678657531738e-01,-9.687815792858600616e-03,-1.617063768208026886e-02,-1.946072131395339966e-01,-9.807000756263732910e-01,1.950892247259616852e-02,-1.218980550765991211e-01,-1.282618343830108643e-01,1.410675644874572754e-01,-1.189429536461830139e-01,-9.482952952384948730e-02,-2.610364370048046112e-02,-1.103487610816955566e-01,6.559091806411743164e-02,1.655861735343933105e-01,-8.904959261417388916e-02,3.182544186711311340e-02,-2.670850791037082672e-02,-2.729528583586215973e-03,-1.080385968089103699e-02,6.256808340549468994e-02,1.638789921998977661e-01,2.828383445739746094e-01,1.276571631431579590e+00,-2.522949874401092529e-02,8.523657172918319702e-02,-5.122419819235801697e-02,5.932376161217689514e-02,-1.705121845006942749e-01,-5.696539953351020813e-02,1.323775053024291992e+00,3.285008296370506287e-02,-2.099492819979786873e-03,-5.041703954339027405e-02
8.356112837791442871e-01,-3.392300009727478027e-02,8.677186369895935059e-01,-4.903211724013090134e-03,-1.573447696864604950e-02,-2.151629775762557983e-01,-9.764390587806701660e-01,3.177755326032638550e-02,-1.680938452482223511e-01,-1.039454862475395203e-01,2.202447950839996338e-01,-1.609143167734146118e-01,-9.858781844377517700e-02,-6.878564134240150452e-03,-9.125951677560806274e-02,5.673380196094512939e-02,1.329742521047592163e-01,-7.022251188755035400e-02,2.326994016766548157e-02,-1.290746778249740601e-02,-1.147522125393152237e-02,-8.593690581619739532e-03,6.227220967411994934e-02,1.595786064863204956e-01,2.899761795997619629e-01,1.282271623611450195e+00,-3.228110820055007935e-02,8.992445468902587891e-02,-5.413362383842468262e-02,5.489372462034225464e-02,-1.746805161237716675e-01,-5.799694731831550598e-02,1.321748971939086914e+00,3.687114641070365906e-02,8.733599679544568062e-04,-5.143842846155166626e-02
8.376885652542114258e-01,-3.996973484754562378e-02,8.679677248001098633e-01,-2.814796054735779762e-03,-1.563835330307483673e-02,-2.327746003866195679e-01,-9.724009037017822266e-01,4.118603840470314026e-02,-2.070264667272567749e-01,-5.708989500999450684e-02,2.920289635658264160e-01,-1.867568790912628174e-01,-8.914530277252197266e-02,5.476906895637512207e-03,-7.766806334257125854e-02,4.646444320678710938e-02,1.102015599608421326e-01,-5.794930830597877502e-02,1.549010910093784332e-02,-6.162203382700681686e-03,-1.161664351820945740e-02,-6.835144478827714920e-03,6.004618480801582336e-02,1.560372263193130493e-01,2.916227281093597412e-01,1.288325309753417969e+00,-3.210133686661720276e-02,9.616201370954513550e-02,-5.506440624594688416e-02,5.225773528218269348e-02,-1.822264939546585083e-01,-5.796398594975471497e-02,1.316045522689819336e+00,3.680007532238960266e-02,4.258461296558380127e-03,-5.893363431096076965e-02
8.398459553718566895e-01,-4.641570150852203369e-02,8.687422871589660645e-01,-3.656312124803662300e-03,-1.605510339140892029e-02,-2.524765729904174805e-01,-9.674628973007202148e-01,4.802601784467697144e-02,-2.437651306390762329e-01,-7.099223323166370392e-03,3.673733174800872803e-01,-1.977429687976837158e-01,-2.032570354640483856e-02,1.091177109628915787e-02,-6.281466782093048096e-02,1.892204396426677704e-02,8.487147837877273560e-02,-4.500182345509529114e-02,7.312665227800607681e-03,-7.161636836826801300e-03,-3.186971414834260941e-03,-4.675050266087055206e-03,5.766905844211578369e-02,1.518314331769943237e-01,2.942357063293457031e-01,1.295334219932556152e+00,-2.564915083348751068e-02,1.054594963788986206e-01,-5.725233629345893860e-02,4.600208625197410583e-02,-1.910763978958129883e-01,-5.559692904353141785e-02,1.310536861419677734e+00,3.618972003459930420e-02,6.997919641435146332e-03,-6.370633840560913086e-02
8.419377803802490234e-01,-5.050805211067199707e-02,8.693236708641052246e-01,-5.821458064019680023e-03,-1.565252989530563354e-02,-2.660034000873565674e-01,-9.638274312019348145e-01,5.343966558575630188e-02,-2.577986121177673340e-01,3.859473019838333130e-02,4.099247157573699951e-01,-1.965288966894149780e-01,2.427018433809280396e-02,1.160242501646280289e-02,-4.983986169099807739e-02,-9.594581089913845062e-03,6.722997874021530151e-02,-3.674351423978805542e-02,8.465810678899288177e-04,-1.168922800570726395e-02,5.268988199532032013e-03,-1.978489803150296211e-03,5.867574363946914673e-02,1.491549760103225708e-01,2.983755171298980713e-01,1.299895882606506348e+00,-2.273399196565151215e-02,1.109702214598655701e-01,-6.067875027656555176e-02,4.162120446562767029e-02,-1.931234151124954224e-01,-5.754251033067703247e-02,1.309523344039916992e+00,3.628227114677429199e-02,4.745337180793285370e-03,-6.748197227716445923e-02
8.444188237190246582e-01,-5.417869240045547485e-02,8.696450591087341309e-01,-7.232056930661201477e-03,-1.517649646848440170e-02,-2.780192196369171143e-01,-9.604283571243286133e-01,6.219143047928810120e-02,-2.657782435417175293e-01,8.987817168235778809e-02,4.453502595424652100e-01,-1.778992712497711182e-01,5.754506587982177734e-02,1.436121016740798950e-02,-3.842883184552192688e-02,-3.651996701955795288e-02,5.241816490888595581e-02,-3.047288954257965088e-02,-3.728259354829788208e-03,-1.532053574919700623e-02,1.510739140212535858e-02,-4.909313865937292576e-04,6.171295046806335449e-02,1.485170274972915649e-01,3.019939959049224854e-01,1.303356289863586426e+00,-2.407738938927650452e-02,1.125802472233772278e-01,-6.091518327593803406e-02,3.800690919160842896e-02,-1.912328302860260010e-01,-6.220055371522903442e-02,1.311010599136352539e+00,3.806451708078384399e-02,-2.693989081308245659e-04,-6.986417621374130249e-02
8.472217917442321777e-01,-5.830028653144836426e-02,8.697056174278259277e-01,-7.476764265447854996e-03,-1.452426519244909286e-02,-2.924631237983703613e-01,-9.561372399330139160e-01,7.596902549266815186e-02,-2.664271593093872070e-01,1.465515047311782837e-01,4.777989387512207031e-01,-1.643181741237640381e-01,5.771758779883384705e-02,2.101090364158153534e-02,-2.755962684750556946e-02,-6.309188157320022583e-02,3.844006732106208801e-02,-2.383820526301860809e-02,-8.729072287678718567e-03,-1.637321710586547852e-02,2.657934091985225677e-02,5.039139796281233430e-05,6.677312403917312622e-02,1.496068537235260010e-01,3.055362701416015625e-01,1.304329395294189453e+00,-2.324653044342994690e-02,1.104475110769271851e-01,-5.927817150950431824e-02,3.308195248246192932e-02,-1.882680207490921021e-01,-6.540553271770477295e-02,1.313889026641845703e+00,4.038361459970474243e-02,-3.613269655033946037e-03,-7.118516415357589722e-02
8.490371108055114746e-01,-6.074320897459983826e-02,8.694301843643188477e-01,-6.570071447640657425e-03,-1.416622009128332138e-02,-3.039016723632812500e-01,-9.525753855705261230e-01,8.673901110887527466e-02,-2.605916857719421387e-01,1.783927381038665771e-01,4.891265630722045898e-01,-1.608612388372421265e-01,4.876534640789031982e-02,2.799548953771591187e-02,-2.137684635818004608e-02,-7.488497346639633179e-02,3.038703650236129761e-02,-2.121808938682079315e-02,-1.590000838041305542e-02,-1.494815200567245483e-02,2.971434406936168671e-02,-3.716635110322386026e-04,7.054840028285980225e-02,1.496144980192184448e-01,3.117600381374359131e-01,1.304336309432983398e+00,-2.047397568821907043e-02,1.102470904588699341e-01,-5.825679376721382141e-02,2.879229187965393066e-02,-1.863709241151809692e-01,-6.398974359035491943e-02,1.315563917160034180e+00,4.173602908849716187e-02,-4.996809642761945724e-03,-7.133887708187103271e-02
8.507084846496582031e-01,-6.243196874856948853e-02,8.690590858459472656e-01,-5.683753173798322678e-03,-1.332497689872980118e-02,-3.168443143367767334e-01,-9.483669400215148926e-01,9.688440710306167603e-02,-2.484804689884185791e-01,2.098314911127090454e-01,4.882861673831939697e-01,-1.578738689422607422e-01,4.625040292739868164e-02,3.445885702967643738e-02,-1.423297263681888580e-02,-8.568466454744338989e-02,2.321942150592803955e-02,-1.955660432577133179e-02,-2.208564430475234985e-02,-1.379089429974555969e-02,2.811729535460472107e-02,-3.687554562930017710e-04,7.393091917037963867e-02,1.490687280893325806e-01,3.185487985610961914e-01,1.304646968841552734e+00,-1.897005550563335419e-02,1.125364974141120911e-01,-5.924192816019058228e-02,2.594226039946079254e-02,-1.838732510805130005e-01,-6.286552548408508301e-02,1.316101193428039551e+00,4.342178255319595337e-02,-5.348830018192529678e-03,-7.308398187160491943e-02
8.523935079574584961e-01,-6.372036784887313843e-02,8.684982061386108398e-01,-3.233238589018583298e-03,-1.282361429184675217e-02,-3.361119925975799561e-01,-9.417291879653930664e-01,1.115958988666534424e-01,-2.287939935922622681e-01,2.540939152240753174e-01,4.702578186988830566e-01,-1.487169265747070312e-01,5.227628722786903381e-02,4.424306005239486694e-02,-6.056723650544881821e-03,-1.021786630153656006e-01,1.258741132915019989e-02,-1.681787706911563873e-02,-2.830218523740768433e-02,-9.386921301484107971e-03,1.981322281062602997e-02,-3.892124397680163383e-03,7.631198316812515259e-02,1.459798961877822876e-01,3.223810493946075439e-01,1.308921098709106445e+00,-1.889132708311080933e-02,1.171712726354598999e-01,-5.901078879833221436e-02,2.505307644605636597e-02,-1.796062290668487549e-01,-6.609699875116348267e-02,1.316596269607543945e+00,4.660773649811744690e-02,-4.478845279663801193e-03,-7.500448822975158691e-02
8.531196713447570801e-01,-6.407313048839569092e-02,8.682174682617187500e-01,-5.747817922383546829e-04,-1.249781902879476547e-02,-3.514465689659118652e-01,-9.361243247985839844e-01,1.205620542168617249e-01,-2.100931107997894287e-01,2.853479981422424316e-01,4.419171214103698730e-01,-1.377899646759033203e-01,5.854330211877822876e-02,5.238124355673789978e-02,1.909208513097837567e-04,-1.189094409346580505e-01,2.704682061448693275e-03,-1.329338457435369492e-02,-3.029409609735012054e-02,-4.733093082904815674e-03,1.135829277336597443e-02,-7.380067836493253708e-03,7.492490857839584351e-02,1.429985910654067993e-01,3.193216621875762939e-01,1.314915657043457031e+00,-1.901751197874546051e-02,1.221717149019241333e-01,-5.822961777448654175e-02,2.605430223047733307e-02,-1.764015704393386841e-01,-6.844259053468704224e-02,1.316913366317749023e+00,4.836080223321914673e-02,-3.252436406910419464e-03,-7.564766705036163330e-02
8.523092865943908691e-01,-6.359415501356124878e-02,8.680169582366943359e-01,1.480481005273759365e-03,-1.305947825312614441e-02,-3.669660687446594238e-01,-9.301414489746093750e-01,1.214599162340164185e-01,-1.914611458778381348e-01,3.113321363925933838e-01,4.053554236888885498e-01,-1.352775841951370239e-01,6.764479726552963257e-02,5.650822445750236511e-02,3.770286450162529945e-03,-1.402920335531234741e-01,-6.068141199648380280e-03,-1.115697715431451797e-02,-3.074450232088565826e-02,-1.039766706526279449e-03,4.037041217088699341e-03,-1.148027274757623672e-02,7.267634570598602295e-02,1.390674561262130737e-01,3.159522116184234619e-01,1.317924857139587402e+00,-2.009264379739761353e-02,1.233417391777038574e-01,-5.772411823272705078e-02,2.850196324288845062e-02,-1.755841374397277832e-01,-7.037813216447830200e-02,1.316230058670043945e+00,4.822203516960144043e-02,-2.103002741932868958e-03,-7.585407048463821411e-02
8.501978516578674316e-01,-6.196079030632972717e-02,8.675976991653442383e-01,4.428323823958635330e-03,-1.373927202075719833e-02,-3.867368698120117188e-01,-9.220771193504333496e-01,1.160785630345344543e-01,-1.663446724414825439e-01,3.355459272861480713e-01,3.475135862827301025e-01,-1.234940439462661743e-01,6.603042781352996826e-02,6.024509668350219727e-02,5.218723788857460022e-03,-1.690561771392822266e-01,-1.155136618763208389e-02,-1.225287746638059616e-02,-2.968215383589267731e-02,4.770526196807622910e-03,-2.979707205668091774e-03,-1.655455864965915680e-02,7.071984559297561646e-02,1.345416605472564697e-01,3.109905421733856201e-01,1.315356850624084473e+00,-2.186354435980319977e-02,1.175065785646438599e-01,-5.869705602526664734e-02,3.342689201235771179e-02,-1.755033582448959351e-01,-7.124458253383636475e-02,1.316027045249938965e+00,4.572612792253494263e-02,-1.133082667365670204e-03,-7.366703450679779053e-02
8.475388288497924805e-01,-6.007882952690124512e-02,8.672594428062438965e-01,7.008630316704511642e-03,-1.386356353759765625e-02,-4.005119204521179199e-01,-9.161598682403564453e-01,1.086330488324165344e-01,-1.465918868780136108e-01,3.474986553192138672e-01,2.978188991546630859e-01,-1.098535060882568359e-01,4.282551258802413940e-02,6.180068105459213257e-02,3.138379426673054695e-03,-1.894873827695846558e-01,-9.515963494777679443e-03,-1.510352641344070435e-02,-2.800066582858562469e-02,1.132313068956136703e-02,-6.831000559031963348e-03,-1.940542273223400116e-02,6.935223937034606934e-02,1.313031017780303955e-01,3.064614832401275635e-01,1.308791160583496094e+00,-2.155582420527935028e-02,1.094802692532539368e-01,-5.711775273084640503e-02,3.636134415864944458e-02,-1.767601817846298218e-01,-7.087159156799316406e-02,1.316870212554931641e+00,4.346152767539024353e-02,-6.135309231467545033e-04,-7.064945250749588013e-02
8.438001871109008789e-01,-5.761794373393058777e-02,8.669786453247070312e-01,9.069817140698432922e-03,-1.366183906793594360e-02,-4.139491021633148193e-01,-9.101523160934448242e-01,9.784969687461853027e-02,-1.272916197776794434e-01,3.502838015556335449e-01,2.509984374046325684e-01,-1.031768247485160828e-01,1.253136433660984039e-02,6.014220044016838074e-02,-5.388843710534274578e-04,-2.105264663696289062e-01,-2.878228668123483658e-03,-1.935175247490406036e-02,-2.473068982362747192e-02,1.699379086494445801e-02,-9.374193847179412842e-03,-2.114955149590969086e-02,6.740013509988784790e-02,1.276524513959884644e-01,3.010384738445281982e-01,1.300784587860107422e+00,-1.893553696572780609e-02,1.040979027748107910e-01,-5.604410544037818909e-02,3.801106289029121399e-02,-1.792268753051757812e-01,-6.657429039478302002e-02,1.319185137748718262e+00,4.385240748524665833e-02,-1.591712236404418945e-03,-6.856957823038101196e-02
8.376650214195251465e-01,-5.349104851484298706e-02,8.666349053382873535e-01,1.197160407900810242e-02,-1.314551942050457001e-02,-4.318384826183319092e-01,-9.017757177352905273e-01,8.386007696390151978e-02,-1.098399534821510315e-01,3.327478468418121338e-01,2.048682123422622681e-01,-9.982546418905258179e-02,4.881830420345067978e-03,5.643430724740028381e-02,-4.835854750126600266e-03,-2.360167652368545532e-01,5.481056403368711472e-03,-2.230570279061794281e-02,-2.028645761311054230e-02,2.756408601999282837e-02,-1.308710034936666489e-02,-2.512974478304386139e-02,6.370347738265991211e-02,1.199231073260307312e-01,2.899965643882751465e-01,1.292158961296081543e+00,-1.613777689635753632e-02,9.537152200937271118e-02,-5.522339791059494019e-02,4.103986173868179321e-02,-1.837064772844314575e-01,-6.536098569631576538e-02,1.322417140007019043e+00,4.462167993187904358e-02,-5.322917830199003220e-03,-6.747073680162429810e-02
8.323335647583007812e-01,-4.991876706480979919e-02,8.665724992752075195e-01,1.412279810756444931e-02,-1.241333317011594772e-02,-4.473637938499450684e-01,-8.941543698310852051e-01,7.263527065515518188e-02,-1.010835617780685425e-01,3.108833730220794678e-01,1.754936426877975464e-01,-9.111549705266952515e-02,1.188268419355154037e-02,5.248656496405601501e-02,-8.193167857825756073e-03,-2.574547827243804932e-01,1.368287391960620880e-02,-2.240687608718872070e-02,-1.763791032135486603e-02,3.602686524391174316e-02,-2.019740827381610870e-02,-2.777792885899543762e-02,6.013611704111099243e-02,1.137948483228683472e-01,2.790452539920806885e-01,1.286247730255126953e+00,-1.678663305938243866e-02,8.915083855390548706e-02,-5.329412221908569336e-02,4.366790875792503357e-02,-1.868691891431808472e-01,-7.072544842958450317e-02,1.323594570159912109e+00,4.582545906305313110e-02,-6.505899131298065186e-03,-6.755827367305755615e-02
8.267620205879211426e-01,-4.628865048289299011e-02,8.669256567955017090e-01,1.536070648580789566e-02,-1.096474193036556244e-02,-4.635103642940521240e-01,-8.858904838562011719e-01,6.260544061660766602e-02,-9.910912811756134033e-02,2.823546528816223145e-01,1.617961227893829346e-01,-8.120847493410110474e-02,1.899477653205394745e-02,4.597808420658111572e-02,-1.198955997824668884e-02,-2.780824601650238037e-01,2.696684375405311584e-02,-2.049135416746139526e-02,-1.415752526372671127e-02,4.284087195992469788e-02,-2.735647372901439667e-02,-2.753526903688907623e-02,5.593897029757499695e-02,1.085518524050712585e-01,2.657729685306549072e-01,1.280160546302795410e+00,-1.518817897886037827e-02,8.209355920553207397e-02,-5.110794305801391602e-02,4.576529935002326965e-02,-1.886589229106903076e-01,-7.968747615814208984e-02,1.324211001396179199e+00,4.624686390161514282e-02,-7.883772253990173340e-03,-6.880971044301986694e-02
8.191667795181274414e-01,-4.150297120213508606e-02,8.675149083137512207e-01,1.558397710323333740e-02,-8.338871411979198456e-03,-4.840887486934661865e-01,-8.748403787612915039e-01,4.974935576319694519e-02,-1.030010133981704712e-01,2.403658926486968994e-01,1.623089909553527832e-01,-7.096356898546218872e-02,2.648957446217536926e-02,3.051556833088397980e-02,-2.405457012355327606e-02,-3.040089607238769531e-01,6.505576521158218384e-02,-2.543125674128532410e-02,-4.779651295393705368e-03,4.877566546201705933e-02,-3.377363458275794983e-02,-2.452948875725269318e-02,5.199830234050750732e-02,1.057798489928245544e-01,2.431332468986511230e-01,1.270774841308593750e+00,-9.247917681932449341e-03,7.167880237102508545e-02,-4.529481753706932068e-02,4.829728975892066956e-02,-1.881095767021179199e-01,-9.658883512020111084e-02,1.324238061904907227e+00,4.573591053485870361e-02,-9.350462816655635834e-03,-6.948189437389373779e-02
8.123010396957397461e-01,-3.760926052927970886e-02,8.674757480621337891e-01,1.417748164385557175e-02,-8.485660888254642487e-03,-4.984857439994812012e-01,-8.667404055595397949e-01,3.237577527761459351e-02,-1.069980636239051819e-01,2.060322761535644531e-01,1.623707711696624756e-01,-6.711924076080322266e-02,3.247587382793426514e-02,3.844914725050330162e-03,-5.169463902711868286e-02,-3.294484913349151611e-01,1.272966861724853516e-01,-4.244542494416236877e-02,5.860452540218830109e-03,4.722364246845245361e-02,-3.480170294642448425e-02,-2.389225922524929047e-02,5.162277445197105408e-02,1.087410748004913330e-01,2.205742001533508301e-01,1.259581565856933594e+00,-6.697696633636951447e-03,6.046814098954200745e-02,-3.745598718523979187e-02,5.095785856246948242e-02,-1.884928792715072632e-01,-1.083807572722434998e-01,1.321325898170471191e+00,4.861330986022949219e-02,-7.278061471879482269e-03,-6.896970421075820923e-02
8.055820465087890625e-01,-3.400131314992904663e-02,8.670061826705932617e-01,1.205721870064735413e-02,-9.578295052051544189e-03,-5.088426470756530762e-01,-8.607218265533447266e-01,1.357690989971160889e-02,-1.074928417801856995e-01,1.838443279266357422e-01,1.580421179533004761e-01,-6.711141765117645264e-02,3.745075687766075134e-02,-2.944676578044891357e-02,-8.620771765708923340e-02,-3.505375981330871582e-01,2.008858323097229004e-01,-5.793507397174835205e-02,1.720696128904819489e-02,4.212462157011032104e-02,-2.828234434127807617e-02,-2.296361513435840607e-02,5.248865857720375061e-02,1.159344315528869629e-01,1.963294297456741333e-01,1.247328877449035645e+00,-8.688164874911308289e-03,4.629062116146087646e-02,-2.952357940375804901e-02,5.315205827355384827e-02,-1.913076639175415039e-01,-1.141258776187896729e-01,1.315079808235168457e+00,4.608527198433876038e-02,4.449180851224809885e-04,-6.762281805276870728e-02
7.979692220687866211e-01,-2.999502792954444885e-02,8.660169243812561035e-01,8.163546212017536163e-03,-9.924942627549171448e-03,-5.205528140068054199e-01,-8.537327647209167480e-01,-9.503642097115516663e-03,-1.039804071187973022e-01,1.596010476350784302e-01,1.532202064990997314e-01,-7.063765078783035278e-02,4.318900778889656067e-02,-7.733853161334991455e-02,-1.353111714124679565e-01,-3.679658770561218262e-01,3.105811774730682373e-01,-7.583227753639221191e-02,2.602037228643894196e-02,3.188457340002059937e-02,-1.806207560002803802e-02,-1.685051992535591125e-02,5.375926196575164795e-02,1.307488232851028442e-01,1.637948304414749146e-01,1.230397939682006836e+00,-1.142739783972501755e-02,2.353920787572860718e-02,-2.144831791520118713e-02,5.200709402561187744e-02,-1.958367377519607544e-01,-1.096276938915252686e-01,1.306850314140319824e+00,4.296929761767387390e-02,1.604287512600421906e-02,-6.634055078029632568e-02
7.940940260887145996e-01,-2.783587761223316193e-02,8.654862642288208008e-01,5.726450122892856598e-03,-9.330723434686660767e-03,-5.306610465049743652e-01,-8.475134372711181641e-01,-2.249907515943050385e-02,-1.013420149683952332e-01,1.358242779970169067e-01,1.512588709592819214e-01,-6.923057883977890015e-02,4.384835064411163330e-02,-1.068956330418586731e-01,-1.704095304012298584e-01,-3.640424907207489014e-01,3.881799280643463135e-01,-7.869590818881988525e-02,1.216540206223726273e-02,2.523949556052684784e-02,-1.633620820939540863e-02,-1.081651635468006134e-02,5.232792720198631287e-02,1.417481899261474609e-01,1.410674452781677246e-01,1.223720908164978027e+00,-9.358966723084449768e-03,1.225474663078784943e-02,-1.942006312310695648e-02,4.767466709017753601e-02,-1.948868036270141602e-01,-1.038195118308067322e-01,1.305091023445129395e+00,4.192395135760307312e-02,2.037469670176506042e-02,-6.555850803852081299e-02
7.926251292228698730e-01,-2.759725414216518402e-02,8.655455112457275391e-01,5.211440380662679672e-03,-8.541664108633995056e-03,-5.412786602973937988e-01,-8.407837152481079102e-01,-2.713577263057231903e-02,-9.999822825193405151e-02,1.134302169084548950e-01,1.471878439188003540e-01,-6.566335260868072510e-02,4.495802149176597595e-02,-1.172631531953811646e-01,-2.049505114555358887e-01,-3.289591670036315918e-01,4.555673897266387939e-01,-1.057547107338905334e-01,-7.683805655688047409e-03,2.180983871221542358e-02,-1.818709820508956909e-02,-7.044852245599031448e-03,4.937637969851493835e-02,1.497631818056106567e-01,1.227994486689567566e-01,1.225081801414489746e+00,-4.777720198035240173e-03,7.447408512234687805e-03,-2.003962546586990356e-02,4.375021159648895264e-02,-1.889738142490386963e-01,-1.028280481696128845e-01,1.306182026863098145e+00,4.355859383940696716e-02,1.917707733809947968e-02,-6.583537906408309937e-02
7.928688526153564453e-01,-2.786569669842720032e-02,8.663889169692993164e-01,7.159345317631959915e-03,-6.990400142967700958e-03,-5.533226728439331055e-01,-8.329069018363952637e-01,-2.328284643590450287e-02,-9.785509109497070312e-02,9.682077169418334961e-02,1.379651427268981934e-01,-5.604124441742897034e-02,3.856887295842170715e-02,-1.064076274633407593e-01,-2.477420419454574585e-01,-2.572536468505859375e-01,5.242386460304260254e-01,-1.491705924272537231e-01,5.504869390279054642e-03,2.371434122323989868e-02,-1.959178782999515533e-02,-4.549870267510414124e-03,4.307113587856292725e-02,1.522117853164672852e-01,1.092189326882362366e-01,1.238595843315124512e+00,-6.534307729452848434e-03,2.095431461930274963e-02,-1.829567551612854004e-02,4.039994999766349792e-02,-1.810244023799896240e-01,-1.036114767193794250e-01,1.308120846748352051e+00,5.222604051232337952e-02,1.702160201966762543e-02,-6.478611379861831665e-02
7.929880023002624512e-01,-2.697971463203430176e-02,8.672314286231994629e-01,9.224548935890197754e-03,-5.654732231050729752e-03,-5.619657039642333984e-01,-8.270897865295410156e-01,-1.924475282430648804e-02,-9.387160092592239380e-02,8.949183672666549683e-02,1.278925836086273193e-01,-4.833025112748146057e-02,3.523611649870872498e-02,-9.099856764078140259e-02,-2.716623842716217041e-01,-2.027748972177505493e-01,5.541875362396240234e-01,-1.645919233560562134e-01,1.696234382688999176e-02,2.751323394477367401e-02,-2.288830466568470001e-02,-3.874201327562332153e-03,4.013936221599578857e-02,1.498285382986068726e-01,1.095634549856185913e-01,1.249919056892395020e+00,-1.136361341923475266e-02,3.458405286073684692e-02,-1.687429845333099365e-02,4.037993028759956360e-02,-1.791368275880813599e-01,-1.010678187012672424e-01,1.306545495986938477e+00,4.795838519930839539e-02,2.287044934928417206e-02,-6.321498751640319824e-02
7.932552099227905273e-01,-2.551864273846149445e-02,8.680333495140075684e-01,1.181994378566741943e-02,-4.504908341914415359e-03,-5.716525912284851074e-01,-8.203982710838317871e-01,-1.437583379447460175e-02,-9.012513607740402222e-02,8.258780092000961304e-02,1.174147278070449829e-01,-4.181602224707603455e-02,3.224016726016998291e-02,-7.244736701250076294e-02,-2.856079041957855225e-01,-1.508745104074478149e-01,5.623023509979248047e-01,-1.722556501626968384e-01,2.506869845092296600e-02,3.187687695026397705e-02,-2.952735312283039093e-02,-5.319370888173580170e-03,3.953024744987487793e-02,1.474021226167678833e-01,1.130678057670593262e-01,1.259810090065002441e+00,-1.323910523205995560e-02,4.451819509267807007e-02,-1.883219368755817413e-02,4.290885850787162781e-02,-1.808528602123260498e-01,-9.553691744804382324e-02,1.302074790000915527e+00,4.516114667057991028e-02,3.098846226930618286e-02,-6.125336885452270508e-02
7.943367362022399902e-01,-2.333009429275989532e-02,8.687435388565063477e-01,1.447248645126819611e-02,-3.620987990871071815e-03,-5.859999060630798340e-01,-8.101738095283508301e-01,-9.498707950115203857e-03,-8.594138920307159424e-02,6.747699528932571411e-02,1.054303720593452454e-01,-3.557473421096801758e-02,2.769560553133487701e-02,-4.872871935367584229e-02,-2.887088954448699951e-01,-8.606370538473129272e-02,5.425544381141662598e-01,-1.720831096172332764e-01,3.654173389077186584e-02,3.551580756902694702e-02,-4.198246076703071594e-02,-7.473096717149019241e-03,4.304730147123336792e-02,1.470076888799667358e-01,1.210550069808959961e-01,1.265404939651489258e+00,-1.267042290419340134e-02,4.969334974884986877e-02,-1.856017485260963440e-02,4.803691059350967407e-02,-1.852927356958389282e-01,-9.071186184883117676e-02,1.293617367744445801e+00,4.129183292388916016e-02,4.287053644657135010e-02,-6.165144219994544983e-02
7.962813377380371094e-01,-2.177798561751842499e-02,8.690107464790344238e-01,1.558477804064750671e-02,-3.281221492215991020e-03,-5.973419547080993652e-01,-8.018285036087036133e-01,-6.282524671405553818e-03,-8.436587452888488770e-02,5.189899727702140808e-02,1.004580631852149963e-01,-3.244764357805252075e-02,2.343035861849784851e-02,-3.251311555504798889e-02,-2.787796854972839355e-01,-3.807851299643516541e-02,5.069252848625183105e-01,-1.679278165102005005e-01,4.913010820746421814e-02,3.595349192619323730e-02,-5.112747475504875183e-02,-8.996231481432914734e-03,4.656431451439857483e-02,1.499684154987335205e-01,1.224188432097434998e-01,1.266711354255676270e+00,-1.225201413035392761e-02,4.855184257030487061e-02,-1.671237498521804810e-02,5.205501988530158997e-02,-1.874087750911712646e-01,-9.165459126234054565e-02,1.288203001022338867e+00,3.988778591156005859e-02,4.943275451660156250e-02,-6.081396341323852539e-02
7.994709610939025879e-01,-2.037723548710346222e-02,8.690952062606811523e-01,1.589586772024631500e-02,-3.017612732946872711e-03,-6.091800928115844727e-01,-7.928668856620788574e-01,-2.847712486982345581e-03,-8.429446071386337280e-02,3.426929190754890442e-02,1.000780910253524780e-01,-3.171943500638008118e-02,1.742564328014850616e-02,-1.971335709095001221e-02,-2.596182227134704590e-01,6.376439705491065979e-03,4.591066837310791016e-01,-1.654892265796661377e-01,6.045208126306533813e-02,3.460128232836723328e-02,-5.915740132331848145e-02,-9.711641818284988403e-03,5.005023628473281860e-02,1.544246971607208252e-01,1.222952380776405334e-01,1.266354322433471680e+00,-1.158148236572742462e-02,4.797601327300071716e-02,-1.533917337656021118e-02,5.634181946516036987e-02,-1.874194741249084473e-01,-9.600464999675750732e-02,1.284790396690368652e+00,3.697155416011810303e-02,5.252227932214736938e-02,-6.018998101353645325e-02
8.052833080291748047e-01,-1.840177737176418304e-02,8.689858317375183105e-01,1.553771086037158966e-02,-2.758502261713147163e-03,-6.243763566017150879e-01,-7.809641957283020020e-01,2.533238148316740990e-03,-8.678615093231201172e-02,1.262613572180271149e-02,1.071343272924423218e-01,-3.666174784302711487e-02,7.578941527754068375e-03,-7.806640584021806717e-03,-2.278340458869934082e-01,5.858137831091880798e-02,3.927378356456756592e-01,-1.690404564142227173e-01,6.455670297145843506e-02,3.126974031329154968e-02,-6.538709998130798340e-02,-1.094276551157236099e-02,5.353786051273345947e-02,1.608122885227203369e-01,1.233637481927871704e-01,1.266767263412475586e+00,-1.174440328031778336e-02,4.809538275003433228e-02,-1.545613817870616913e-02,6.278270483016967773e-02,-1.845462620258331299e-01,-1.025698632001876831e-01,1.283737778663635254e+00,3.448937088251113892e-02,4.829198867082595825e-02,-6.006523966789245605e-02
8.096349239349365234e-01,-1.668704301118850708e-02,8.686393499374389648e-01,1.459430158138275146e-02,-2.997394884005188942e-03,-6.342245340347290039e-01,-7.730053663253784180e-01,4.825858399271965027e-03,-8.777596056461334229e-02,-6.754246423952281475e-04,1.117998138070106506e-01,-4.044896364212036133e-02,2.045729197561740875e-03,-3.548572538420557976e-03,-2.051518112421035767e-01,8.497223258018493652e-02,3.505330383777618408e-01,-1.675123870372772217e-01,6.690604984760284424e-02,2.759194560348987579e-02,-6.276450306177139282e-02,-1.193365640938282013e-02,5.486582964658737183e-02,1.653832942247390747e-01,1.264574080705642700e-01,1.267355084419250488e+00,-1.245515607297420502e-02,4.944593086838722229e-02,-1.593938283622264862e-02,6.762696057558059692e-02,-1.814396083354949951e-01,-1.055395305156707764e-01,1.286089301109313965e+00,3.197934105992317200e-02,4.628985747694969177e-02,-5.811419337987899780e-02
8.137311339378356934e-01,-1.475046109408140182e-02,8.682918548583984375e-01,1.352547947317361832e-02,-3.207081696018576622e-03,-6.421213150024414062e-01,-7.664770483970642090e-01,7.166727446019649506e-03,-8.823251724243164062e-02,-1.013942528516054153e-02,1.170411705970764160e-01,-4.552198201417922974e-02,-4.686131142079830170e-03,-4.775151901412755251e-04,-1.805222481489181519e-01,1.000859960913658142e-01,3.079760372638702393e-01,-1.521366238594055176e-01,7.274817675352096558e-02,2.457496710121631622e-02,-5.497421696782112122e-02,-1.299122534692287445e-02,5.561666935682296753e-02,1.683232486248016357e-01,1.363673359155654907e-01,1.268321394920349121e+00,-1.325174700468778610e-02,5.299246311187744141e-02,-1.832741126418113708e-02,7.168667018413543701e-02,-1.790592074394226074e-01,-1.029425412416458130e-01,1.289607286453247070e+00,3.258449584245681763e-02,4.116158559918403625e-02,-5.650754645466804504e-02
8.191538453102111816e-01,-1.266222447156906128e-02,8.677007555961608887e-01,1.189508568495512009e-02,-4.562276881188154221e-03,-6.496942043304443359e-01,-7.600888609886169434e-01,9.193385019898414612e-03,-9.003955870866775513e-02,-1.586771011352539062e-02,1.239206567406654358e-01,-5.325983464717864990e-02,-1.221117842942476273e-02,1.028755330480635166e-03,-1.505220979452133179e-01,9.947865456342697144e-02,2.553470134735107422e-01,-1.099362075328826904e-01,5.848654359579086304e-02,1.914555951952934265e-02,-3.693484514951705933e-02,-1.498585753142833710e-02,5.752428993582725525e-02,1.713168472051620483e-01,1.602809429168701172e-01,1.269061088562011719e+00,-1.676632463932037354e-02,5.872675403952598572e-02,-2.545635402202606201e-02,7.413389533758163452e-02,-1.733574420213699341e-01,-9.907387942075729370e-02,1.294972896575927734e+00,3.122130408883094788e-02,3.506544604897499084e-02,-5.381616204977035522e-02
8.248287439346313477e-01,-1.218368764966726303e-02,8.670698404312133789e-01,1.170077733695507050e-02,-6.159819196909666061e-03,-6.543130874633789062e-01,-7.561081051826477051e-01,1.402009092271327972e-02,-9.526924043893814087e-02,-1.867706887423992157e-02,1.308846622705459595e-01,-5.954750999808311462e-02,-1.739784330129623413e-02,3.621477400884032249e-03,-1.310427486896514893e-01,8.958239853382110596e-02,2.237994074821472168e-01,-1.082627549767494202e-01,4.323380813002586365e-02,1.629422046244144440e-02,-2.293433435261249542e-02,-1.792842522263526917e-02,6.183282285928726196e-02,1.742976754903793335e-01,1.855296790599822998e-01,1.267407536506652832e+00,-1.978089287877082825e-02,5.952697247266769409e-02,-2.751508541405200958e-02,7.338826358318328857e-02,-1.692731231451034546e-01,-9.177866578102111816e-02,1.298920869827270508e+00,3.284216299653053284e-02,3.122826293110847473e-02,-5.234045535326004028e-02
8.314512372016906738e-01,-1.201171427965164185e-02,8.663545846939086914e-01,1.173898857086896896e-02,-7.655409164726734161e-03,-6.593728661537170410e-01,-7.516854405403137207e-01,1.987292245030403137e-02,-1.026905924081802368e-01,-2.845828607678413391e-02,1.405752450227737427e-01,-6.469306349754333496e-02,-2.148761041462421417e-02,8.366426452994346619e-03,-1.136673763394355774e-01,8.033085614442825317e-02,1.931587606668472290e-01,-9.718230366706848145e-02,2.748877927660942078e-02,1.384018454700708389e-02,-1.046326197683811188e-02,-1.911047287285327911e-02,6.651226431131362915e-02,1.781246513128280640e-01,2.114502489566802979e-01,1.265099644660949707e+00,-2.507334202527999878e-02,5.905060097575187683e-02,-2.915181405842304230e-02,7.055925577878952026e-02,-1.637689769268035889e-01,-8.852654695510864258e-02,1.301460504531860352e+00,3.300816565752029419e-02,2.790816873311996460e-02,-5.239615961909294128e-02
8.404685854911804199e-01,-1.311433129012584686e-02,8.660704493522644043e-01,1.270217821002006531e-02,-9.341602213680744171e-03,-6.670312881469726562e-01,-7.448628544807434082e-01,2.933864295482635498e-02,-1.187297925353050232e-01,-4.593252390623092651e-02,1.585279852151870728e-01,-6.725534796714782715e-02,-2.879757806658744812e-02,1.707492396235466003e-02,-9.617009013891220093e-02,6.634195894002914429e-02,1.572134196758270264e-01,-8.199094235897064209e-02,1.601503603160381317e-02,1.448766048997640610e-02,3.383335890248417854e-03,-1.731290295720100403e-02,6.922572851181030273e-02,1.839946359395980835e-01,2.335812151432037354e-01,1.263762712478637695e+00,-3.218582645058631897e-02,6.059879064559936523e-02,-3.255207091569900513e-02,6.257169693708419800e-02,-1.572842597961425781e-01,-8.519338816404342651e-02,1.304465413093566895e+00,3.385364636778831482e-02,2.329959906637668610e-02,-5.512356013059616089e-02
8.463721871376037598e-01,-1.411097869277000427e-02,8.664754629135131836e-01,1.408278755843639374e-02,-1.071489974856376648e-02,-6.739729046821594238e-01,-7.385441064834594727e-01,3.585102036595344543e-02,-1.365508288145065308e-01,-5.868348106741905212e-02,1.783062815666198730e-01,-6.996192038059234619e-02,-3.715639933943748474e-02,2.389876171946525574e-02,-8.718709647655487061e-02,5.517755076289176941e-02,1.339902579784393311e-01,-6.740649789571762085e-02,8.850873447954654694e-03,1.843549869954586029e-02,1.086123287677764893e-02,-1.667879149317741394e-02,6.832526624202728271e-02,1.830540299415588379e-01,2.451533228158950806e-01,1.266443610191345215e+00,-3.164694458246231079e-02,6.787097454071044922e-02,-3.371926024556159973e-02,5.768476799130439758e-02,-1.565548032522201538e-01,-8.000087738037109375e-02,1.306366324424743652e+00,3.367548063397407532e-02,2.050013653934001923e-02,-5.520046129822731018e-02
8.513491749763488770e-01,-1.505195628851652145e-02,8.670820593833923340e-01,1.545572187751531601e-02,-1.218819990754127502e-02,-6.819219589233398438e-01,-7.311600446701049805e-01,4.029985517263412476e-02,-1.597171127796173096e-01,-6.985637545585632324e-02,2.064207345247268677e-01,-7.549569010734558105e-02,-4.664863273501396179e-02,3.008217550814151764e-02,-7.763762772083282471e-02,4.407538473606109619e-02,1.095841675996780396e-01,-5.287327244877815247e-02,-2.763127675279974937e-03,2.314579486846923828e-02,1.606893539428710938e-02,-1.688523404300212860e-02,6.531072407960891724e-02,1.760928183794021606e-01,2.574408948421478271e-01,1.274784207344055176e+00,-2.575681731104850769e-02,7.701617479324340820e-02,-3.708776831626892090e-02,5.496101826429367065e-02,-1.609503626823425293e-01,-7.142274081707000732e-02,1.305694818496704102e+00,3.453616425395011902e-02,2.313894778490066528e-02,-5.243344232439994812e-02
8.570517301559448242e-01,-1.667680032551288605e-02,8.674208521842956543e-01,1.609256118535995483e-02,-1.393208559602499008e-02,-6.944364309310913086e-01,-7.192391753196716309e-01,4.186036810278892517e-02,-1.942783743143081665e-01,-8.360104262828826904e-02,2.524355053901672363e-01,-9.316011518239974976e-02,-5.717311799526214600e-02,3.574423864483833313e-02,-6.314849108457565308e-02,2.690160833299160004e-02,7.798461616039276123e-02,-4.034243896603584290e-02,-1.943380199372768402e-02,2.809948846697807312e-02,2.008587680757045746e-02,-1.434298418462276459e-02,6.275496631860733032e-02,1.692661494016647339e-01,2.689794600009918213e-01,1.280385255813598633e+00,-2.681731805205345154e-02,7.667851448059082031e-02,-3.686236590147018433e-02,5.180495232343673706e-02,-1.732900440692901611e-01,-5.820788070559501648e-02,1.301222324371337891e+00,3.566209971904754639e-02,3.265991806983947754e-02,-5.040108785033226013e-02
8.609648346900939941e-01,-1.826723851263523102e-02,8.674699068069458008e-01,1.579978130757808685e-02,-1.514377631247043610e-02,-7.052865028381347656e-01,-7.085844874382019043e-01,4.199046641588211060e-02,-2.193540185689926147e-01,-9.056688845157623291e-02,2.880857586860656738e-01,-1.274504065513610840e-01,-8.357132226228713989e-02,3.841207176446914673e-02,-5.250751599669456482e-02,9.980858303606510162e-03,5.647217109799385071e-02,-3.255131095647811890e-02,-2.949783205986022949e-02,2.964539080858230591e-02,1.863714493811130524e-02,-1.139620132744312286e-02,6.142077222466468811e-02,1.648311764001846313e-01,2.781089544296264648e-01,1.281579494476318359e+00,-3.062347508966922760e-02,7.483394443988800049e-02,-3.711180388927459717e-02,4.856217280030250549e-02,-1.837510317564010620e-01,-4.795833677053451538e-02,1.297059416770935059e+00,3.659090399742126465e-02,3.834924101829528809e-02,-5.180415138602256775e-02
8.656731247901916504e-01,-1.961699500679969788e-02,8.672100305557250977e-01,1.469878852367401123e-02,-1.488043460994958878e-02,-7.179116606712341309e-01,-6.958199739456176758e-01,4.700679332017898560e-02,-2.430376410484313965e-01,-8.133209496736526489e-02,3.288708031177520752e-01,-1.816785931587219238e-01,-1.331370472908020020e-01,4.334867745637893677e-02,-3.645950183272361755e-02,-1.125024631619453430e-02,3.144530951976776123e-02,-2.379876188933849335e-02,-3.886945173144340515e-02,3.061045892536640167e-02,1.083099003881216049e-02,-6.321090273559093475e-03,6.069733202457427979e-02,1.637147217988967896e-01,2.802383601665496826e-01,1.282390356063842773e+00,-3.132837265729904175e-02,7.423800975084304810e-02,-3.472480177879333496e-02,4.325060546398162842e-02,-1.910800933837890625e-01,-3.925199434161186218e-02,1.296437978744506836e+00,3.934013843536376953e-02,3.753760457038879395e-02,-5.299397930502891541e-02
8.721652030944824219e-01,-2.038433216512203217e-02,8.672267198562622070e-01,1.354122161865234375e-02,-1.356759108603000641e-02,-7.336383461952209473e-01,-6.792697310447692871e-01,6.163317710161209106e-02,-2.646043598651885986e-01,-3.972166776657104492e-02,3.706624507904052734e-01,-2.323522716760635376e-01,-1.407133191823959351e-01,5.310694500803947449e-02,-1.907233335077762604e-02,-3.517844527959823608e-02,8.180020377039909363e-03,-1.406622491776943207e-02,-4.667482152581214905e-02,3.242120891809463501e-02,2.767686499282717705e-03,-1.509106135927140713e-03,5.795842036604881287e-02,1.628681719303131104e-01,2.707143723964691162e-01,1.288218379020690918e+00,-2.512122504413127899e-02,8.403142541646957397e-02,-4.033562541007995605e-02,3.693631291389465332e-02,-1.906433999538421631e-01,-3.921891748905181885e-02,1.304610371589660645e+00,4.193288460373878479e-02,2.254507504403591156e-02,-5.774544551968574524e-02
8.768362402915954590e-01,-1.980160735547542572e-02,8.673373460769653320e-01,1.216875854879617691e-02,-1.223731320351362228e-02,-7.454493045806884766e-01,-6.663388609886169434e-01,7.675339281558990479e-02,-2.742289304733276367e-01,7.391820661723613739e-03,3.938318490982055664e-01,-2.374373078346252441e-01,-8.574967086315155029e-02,6.047907099127769470e-02,-3.792712232097983360e-03,-5.330477654933929443e-02,-9.650150313973426819e-03,-6.642172113060951233e-03,-4.918211326003074646e-02,3.280317410826683044e-02,-2.993980189785361290e-03,1.264081220142543316e-03,5.456410720944404602e-02,1.620054244995117188e-01,2.626496255397796631e-01,1.294522166252136230e+00,-2.086784876883029938e-02,9.057320654392242432e-02,-4.041182994842529297e-02,3.443962335586547852e-02,-1.845299154520034790e-01,-4.698340222239494324e-02,1.314692378044128418e+00,4.933777451515197754e-02,8.499251678586006165e-03,-6.007371842861175537e-02
8.811248540878295898e-01,-1.889999955892562866e-02,8.674864768981933594e-01,1.087027788162231445e-02,-1.204618532210588455e-02,-7.568131685256958008e-01,-6.534298658370971680e-01,9.243279695510864258e-02,-2.794605195522308350e-01,6.392646580934524536e-02,4.086441695690155029e-01,-2.277652323246002197e-01,-2.036024071276187897e-02,6.579697132110595703e-02,4.559751134365797043e-03,-7.242500782012939453e-02,-1.739998161792755127e-02,-3.330749226734042168e-03,-5.356775224208831787e-02,3.048098273575305939e-02,-6.873614620417356491e-03,1.832338050007820129e-03,5.304051190614700317e-02,1.622712910175323486e-01,2.585735023021697998e-01,1.298382759094238281e+00,-2.188283018767833710e-02,9.047641605138778687e-02,-3.997717052698135376e-02,3.357480093836784363e-02,-1.770787984132766724e-01,-5.585518851876258850e-02,1.324602842330932617e+00,5.817316100001335144e-02,-5.734997335821390152e-03,-6.250620633363723755e-02
8.858424425125122070e-01,-1.739380508661270142e-02,8.675903677940368652e-01,9.311623871326446533e-03,-1.322369743138551712e-02,-7.705863714218139648e-01,-6.371303200721740723e-01,1.102680712938308716e-01,-2.787637114524841309e-01,1.391282230615615845e-01,4.176411330699920654e-01,-2.099474817514419556e-01,3.819110989570617676e-02,6.935647130012512207e-02,8.200793527066707611e-03,-9.675589203834533691e-02,-1.740000024437904358e-02,-4.928369540721178055e-03,-6.100866571068763733e-02,2.430483512580394745e-02,-7.754000369459390640e-03,2.076229138765484095e-04,5.297819897532463074e-02,1.628869175910949707e-01,2.613568305969238281e-01,1.297991991043090820e+00,-2.239126898348331451e-02,8.768297731876373291e-02,-3.985436633229255676e-02,3.631775453686714172e-02,-1.710583567619323730e-01,-6.137019023299217224e-02,1.331894755363464355e+00,6.562279164791107178e-02,-1.822542585432529449e-02,-6.273137032985687256e-02
8.885306119918823242e-01,-1.613731309771537781e-02,8.676244616508483887e-01,8.264234289526939392e-03,-1.431362889707088470e-02,-7.802764177322387695e-01,-6.252164244651794434e-01,1.192585155367851257e-01,-2.733794152736663818e-01,1.833549439907073975e-01,4.191691279411315918e-01,-1.995912492275238037e-01,4.795598611235618591e-02,7.078905403614044189e-02,1.066256966441869736e-02,-1.148098036646842957e-01,-1.740000024437904358e-02,-7.145045790821313858e-03,-6.585808843374252319e-02,1.980992406606674194e-02,-7.308337371796369553e-03,-1.211435417644679546e-03,5.443590506911277771e-02,1.635327339172363281e-01,2.647543251514434814e-01,1.293870091438293457e+00,-2.042942680418491364e-02,8.343753963708877563e-02,-4.125477746129035950e-02,4.040432348847389221e-02,-1.699184179306030273e-01,-6.163044273853302002e-02,1.333239436149597168e+00,5.903432518243789673e-02,-2.050917781889438629e-02,-6.293255835771560669e-02
8.905004858970642090e-01,-1.494257524609565735e-02,8.675860762596130371e-01,7.602567318826913834e-03,-1.530138775706291199e-02,-7.892336249351501465e-01,-6.138553619384765625e-01,1.258452683687210083e-01,-2.648212015628814697e-01,2.208680957555770874e-01,4.161229431629180908e-01,-1.923866569995880127e-01,4.471178352832794189e-02,7.205268740653991699e-02,1.260914187878370285e-02,-1.322320401668548584e-01,-1.740000024437904358e-02,-9.540341794490814209e-03,-7.022575289011001587e-02,1.671812683343887329e-02,-6.181675475090742111e-03,-2.792371436953544617e-03,5.548299476504325867e-02,1.632591187953948975e-01,2.658625841140747070e-01,1.289868950843811035e+00,-1.932185702025890350e-02,8.076556026935577393e-02,-4.249556735157966614e-02,4.483028128743171692e-02,-1.708876192569732666e-01,-5.975110828876495361e-02,1.332905769348144531e+00,5.666260048747062683e-02,-1.730306632816791534e-02,-6.067908182740211487e-02
8.918520808219909668e-01,-1.352111902087926865e-02,8.675462603569030762e-01,7.553592324256896973e-03,-1.658022776246070862e-02,-8.001986742019653320e-01,-5.994582176208496094e-01,1.331165581941604614e-01,-2.510169148445129395e-01,2.684982419013977051e-01,4.059765636920928955e-01,-1.804800629615783691e-01,3.673805668950080872e-02,7.320207357406616211e-02,1.388783659785985947e-02,-1.569102704524993896e-01,-1.740000024437904358e-02,-1.363424398005008698e-02,-7.345800846815109253e-02,1.353689469397068024e-02,-4.874834790825843811e-03,-5.899605806916952133e-03,5.808955803513526917e-02,1.613845676183700562e-01,2.685788869857788086e-01,1.284157276153564453e+00,-1.670214720070362091e-02,7.699903845787048340e-02,-4.173467308282852173e-02,4.906857386231422424e-02,-1.728629469871520996e-01,-5.617427825927734375e-02,1.331555128097534180e+00,5.474115908145904541e-02,-1.228781882673501968e-02,-5.777087807655334473e-02
8.921864628791809082e-01,-1.262293010950088501e-02,8.674546480178833008e-01,7.919903844594955444e-03,-1.712353900074958801e-02,-8.077929019927978516e-01,-5.891643762588500977e-01,1.388616412878036499e-01,-2.392304986715316772e-01,3.025364279747009277e-01,3.936974704265594482e-01,-1.666854768991470337e-01,2.813996374607086182e-02,7.441572099924087524e-02,1.462458539754152298e-02,-1.761151254177093506e-01,-1.740000024437904358e-02,-1.657650433480739594e-02,-7.468978315591812134e-02,1.187096163630485535e-02,-4.666273947805166245e-03,-7.655320689082145691e-03,6.098866462707519531e-02,1.596223413944244385e-01,2.716628015041351318e-01,1.279187321662902832e+00,-1.429643202573060989e-02,7.384392619132995605e-02,-4.138832166790962219e-02,4.987376928329467773e-02,-1.729065626859664917e-01,-5.552247911691665649e-02,1.330839753150939941e+00,5.363640934228897095e-02,-1.002180110663175583e-02,-5.598219111561775208e-02
8.917582631111145020e-01,-1.193787902593612671e-02,8.673487901687622070e-01,8.874080143868923187e-03,-1.747047901153564453e-02,-8.146910071372985840e-01,-5.795641541481018066e-01,1.433603912591934204e-01,-2.262673825025558472e-01,3.317358195781707764e-01,3.749337196350097656e-01,-1.497286707162857056e-01,1.820232532918453217e-02,7.564809918403625488e-02,1.450443547219038010e-02,-1.940742433071136475e-01,-1.740000024437904358e-02,-1.822471246123313904e-02,-7.558540254831314087e-02,1.217878423631191254e-02,-3.544613253325223923e-03,-1.036552712321281433e-02,6.361777335405349731e-02,1.566609293222427368e-01,2.719956338405609131e-01,1.275616645812988281e+00,-1.307203527539968491e-02,7.178603857755661011e-02,-4.058471694588661194e-02,5.009906366467475891e-02,-1.724196523427963257e-01,-5.881800502538681030e-02,1.330267190933227539e+00,5.312811955809593201e-02,-1.021207310259342194e-02,-5.615674704313278198e-02
8.902403116226196289e-01,-1.194866839796304703e-02,8.672884106636047363e-01,1.072635687887668610e-02,-1.746519654989242554e-02,-8.229948878288269043e-01,-5.676789283752441406e-01,1.446983963251113892e-01,-2.084063440561294556e-01,3.604863286018371582e-01,3.412896394729614258e-01,-1.320107281208038330e-01,1.479819230735301971e-02,7.700864970684051514e-02,1.320292055606842041e-02,-2.173666059970855713e-01,-1.740000024437904358e-02,-1.980852521955966949e-02,-7.101836055517196655e-02,1.391664613038301468e-02,-1.633233623579144478e-03,-1.310104131698608398e-02,6.450465321540832520e-02,1.510051786899566650e-01,2.723121345043182373e-01,1.273988962173461914e+00,-1.129765249788761139e-02,7.036607712507247925e-02,-3.788072615861892700e-02,4.749267920851707458e-02,-1.721023321151733398e-01,-6.266020238399505615e-02,1.329972982406616211e+00,5.304020643234252930e-02,-1.059979945421218872e-02,-5.741510167717933655e-02
8.880177140235900879e-01,-1.237733196467161179e-02,8.672421574592590332e-01,1.212559919804334641e-02,-1.699144951999187469e-02,-8.286752104759216309e-01,-5.593403577804565430e-01,1.404061615467071533e-01,-1.939648836851119995e-01,3.708006441593170166e-01,3.097611665725708008e-01,-1.161881238222122192e-01,1.069669146090745926e-02,7.723101973533630371e-02,1.268280763179063797e-02,-2.329183667898178101e-01,-1.740000024437904358e-02,-2.104320749640464783e-02,-6.631568074226379395e-02,1.673454232513904572e-02,-2.466712321620434523e-04,-1.451135892421007156e-02,6.496444344520568848e-02,1.456389427185058594e-01,2.720014750957489014e-01,1.273835897445678711e+00,-9.717923589050769806e-03,7.095754891633987427e-02,-3.852779790759086609e-02,4.455560818314552307e-02,-1.735545992851257324e-01,-6.394751369953155518e-02,1.329514741897583008e+00,5.400096997618675232e-02,-1.026270166039466858e-02,-5.825783684849739075e-02
8.848472237586975098e-01,-1.273484341800212860e-02,8.669984936714172363e-01,1.364017184823751450e-02,-1.573012769222259521e-02,-8.339399099349975586e-01,-5.514624118804931641e-01,1.337147355079650879e-01,-1.791688948869705200e-01,3.728466033935546875e-01,2.744769454002380371e-01,-8.758241683244705200e-02,-4.755347617901861668e-04,7.792822271585464478e-02,1.340330857783555984e-02,-2.462706416845321655e-01,-1.740000024437904358e-02,-2.313288301229476929e-02,-6.148444488644599915e-02,2.192011475563049316e-02,1.120924483984708786e-03,-1.614206470549106598e-02,6.662767380475997925e-02,1.402485221624374390e-01,2.701950371265411377e-01,1.272604942321777344e+00,-8.494099602103233337e-03,7.147879153490066528e-02,-3.803870826959609985e-02,4.236015304923057556e-02,-1.765702217817306519e-01,-6.494812667369842529e-02,1.328455567359924316e+00,5.492807552218437195e-02,-9.553926996886730194e-03,-5.875643342733383179e-02
8.795399069786071777e-01,-1.394309010356664658e-02,8.666567206382751465e-01,1.566619053483009338e-02,-1.340237073600292206e-02,-8.406842350959777832e-01,-5.411330461502075195e-01,1.213758662343025208e-01,-1.580462157726287842e-01,3.677176833152770996e-01,2.238050401210784912e-01,-5.796015262603759766e-02,-2.368476055562496185e-02,7.832670211791992188e-02,1.510830502957105637e-02,-2.623767554759979248e-01,-1.740000024437904358e-02,-2.708944119513034821e-02,-5.308626219630241394e-02,3.106109984219074249e-02,2.506904071196913719e-03,-1.915822550654411316e-02,6.860849261283874512e-02,1.307749599218368530e-01,2.676330208778381348e-01,1.272141933441162109e+00,-3.996258601546287537e-03,7.173456251621246338e-02,-3.779140859842300415e-02,4.087714850902557373e-02,-1.825383454561233521e-01,-6.780898571014404297e-02,1.326065897941589355e+00,5.571204423904418945e-02,-5.851721856743097305e-03,-6.007415056228637695e-02
8.740906715393066406e-01,-1.553353853523731232e-02,8.664072155952453613e-01,1.699597574770450592e-02,-1.161775644868612289e-02,-8.460420966148376465e-01,-5.327184200286865234e-01,1.086231619119644165e-01,-1.457024067640304565e-01,3.543947637081146240e-01,1.940768212080001831e-01,-5.332865193486213684e-02,-7.247702218592166901e-03,7.659231126308441162e-02,1.669202372431755066e-02,-2.760196924209594727e-01,-1.740000024437904358e-02,-2.792382426559925079e-02,-4.687965288758277893e-02,3.794445097446441650e-02,1.645885873585939407e-03,-2.198513410985469818e-02,7.090703397989273071e-02,1.248175948858261108e-01,2.629212439060211182e-01,1.271452903747558594e+00,1.633386855246499181e-04,7.066534459590911865e-02,-3.862258046865463257e-02,4.022820293903350830e-02,-1.875331699848175049e-01,-7.126903533935546875e-02,1.323678135871887207e+00,5.531957373023033142e-02,-3.465250367298722267e-03,-6.252260506153106689e-02
8.681740760803222656e-01,-1.728843338787555695e-02,8.662328720092773438e-01,1.770976372063159943e-02,-9.527876973152160645e-03,-8.518571853637695312e-01,-5.233879089355468750e-01,9.777333587408065796e-02,-1.361768394708633423e-01,3.389956057071685791e-01,1.714800596237182617e-01,-4.302595183253288269e-02,1.314125955104827881e-03,7.403915375471115112e-02,1.977816037833690643e-02,-2.909895181655883789e-01,-1.740000024437904358e-02,-2.803461067378520966e-02,-3.820265457034111023e-02,4.421839863061904907e-02,-8.067563612712547183e-05,-2.364806644618511200e-02,7.198950648307800293e-02,1.197211369872093201e-01,2.555795311927795410e-01,1.270942807197570801e+00,1.981796929612755775e-03,7.033056020736694336e-02,-3.884238004684448242e-02,3.976492583751678467e-02,-1.912013888359069824e-01,-7.836412638425827026e-02,1.321673870086669922e+00,5.616410449147224426e-02,-1.102055539377033710e-03,-6.336968392133712769e-02
8.602452278137207031e-01,-1.947922632098197937e-02,8.665880560874938965e-01,1.640732027590274811e-02,-7.073530461639165878e-03,-8.605650663375854492e-01,-5.090270042419433594e-01,8.340522646903991699e-02,-1.280938833951950073e-01,3.138293921947479248e-01,1.569276005029678345e-01,-3.521737456321716309e-02,5.237678997218608856e-03,6.737674027681350708e-02,2.723661251366138458e-02,-3.115406036376953125e-01,-1.700866781175136566e-02,-2.099403552711009979e-02,-3.074071928858757019e-02,4.697525873780250549e-02,-2.756879897788167000e-03,-2.234913781285285950e-02,6.980730593204498291e-02,1.157581210136413574e-01,2.383596301078796387e-01,1.274901628494262695e+00,5.530012771487236023e-03,7.280101627111434937e-02,-3.894215449690818787e-02,3.848125785589218140e-02,-1.899217218160629272e-01,-9.089338034391403198e-02,1.322016358375549316e+00,6.059927120804786682e-02,-5.251694470643997192e-03,-6.511125713586807251e-02
8.539578318595886230e-01,-2.096441388130187988e-02,8.670220375061035156e-01,1.399779599159955978e-02,-4.464417695999145508e-03,-8.669051527976989746e-01,-4.982565343379974365e-01,7.305917143821716309e-02,-1.219944208860397339e-01,2.904193103313446045e-01,1.537254154682159424e-01,-3.262031450867652893e-02,1.036887709051370621e-02,5.696389451622962952e-02,2.397207543253898621e-02,-3.224087357521057129e-01,9.274473413825035095e-03,-2.304483391344547272e-02,-2.206414006650447845e-02,4.953980073332786560e-02,-3.405615920200943947e-03,-1.819453015923500061e-02,6.617751717567443848e-02,1.127277612686157227e-01,2.232952564954757690e-01,1.279994368553161621e+00,8.852602913975715637e-03,7.592768222093582153e-02,-3.849652037024497986e-02,3.889068216085433960e-02,-1.868236660957336426e-01,-1.031168624758720398e-01,1.323614716529846191e+00,6.308794021606445312e-02,-1.033872831612825394e-02,-6.677570939064025879e-02
8.470664620399475098e-01,-2.277019247412681580e-02,8.672541975975036621e-01,1.195533666759729385e-02,-2.316444879397749901e-03,-8.724929094314575195e-01,-4.884750545024871826e-01,6.160079687833786011e-02,-1.168368458747863770e-01,2.667963206768035889e-01,1.519217193126678467e-01,-3.175726160407066345e-02,1.867512054741382599e-02,4.139878228306770325e-02,1.096635311841964722e-02,-3.324873745441436768e-01,5.364562198519706726e-02,-3.218662366271018982e-02,-1.001851074397563934e-02,5.214415118098258972e-02,-1.779096201062202454e-03,-1.554621476680040359e-02,6.347819417715072632e-02,1.108457893133163452e-01,2.067377865314483643e-01,1.284411907196044922e+00,8.871077559888362885e-03,7.871129363775253296e-02,-3.678799420595169067e-02,4.087921604514122009e-02,-1.852266043424606323e-01,-1.121433004736900330e-01,1.324074149131774902e+00,6.533624231815338135e-02,-1.233933400362730026e-02,-6.815887242555618286e-02
8.365660309791564941e-01,-2.631262317299842834e-02,8.670160770416259766e-01,9.101762436330318451e-03,-2.877751132473349571e-03,-8.794280886650085449e-01,-4.759360253810882568e-01,3.662194684147834778e-02,-1.104291453957557678e-01,2.305073440074920654e-01,1.460163444280624390e-01,-3.294419124722480774e-02,3.012158535420894623e-02,2.021192805841565132e-03,-2.736181952059268951e-02,-3.549243509769439697e-01,1.501975506544113159e-01,-5.563118308782577515e-02,1.286706700921058655e-02,4.880711436271667480e-02,3.628638805821537971e-03,-1.461360882967710495e-02,6.036283820867538452e-02,1.122310608625411987e-01,1.807060688734054565e-01,1.286814808845520020e+00,7.070472463965415955e-03,7.803280651569366455e-02,-3.314390406012535095e-02,4.419384151697158813e-02,-1.884535253047943115e-01,-1.143674924969673157e-01,1.320297598838806152e+00,5.752537399530410767e-02,-1.299355761148035526e-03,-6.800628453493118286e-02
8.294138312339782715e-01,-2.872781269252300262e-02,8.664929866790771484e-01,6.445266772061586380e-03,-3.778461366891860962e-03,-8.839403986930847168e-01,-4.675399363040924072e-01,1.873053796589374542e-02,-1.059224009513854980e-01,2.071150094270706177e-01,1.442557126283645630e-01,-3.327972069382667542e-02,3.734301030635833740e-02,-3.187791630625724792e-02,-5.964558571577072144e-02,-3.725006580352783203e-01,2.304818779230117798e-01,-7.125233858823776245e-02,2.945386059582233429e-02,4.380020499229431152e-02,8.814252912998199463e-03,-1.247759535908699036e-02,5.914619565010070801e-02,1.167158633470535278e-01,1.627827733755111694e-01,1.284539222717285156e+00,6.852199323475360870e-03,7.390922307968139648e-02,-2.966760098934173584e-02,4.493779316544532776e-02,-1.931194663047790527e-01,-1.077141612768173218e-01,1.315505266189575195e+00,5.514453351497650146e-02,9.268967434763908386e-03,-6.452295929193496704e-02
8.228650093078613281e-01,-3.104466572403907776e-02,8.659182786941528320e-01,3.930189181119203568e-03,-5.399332847446203232e-03,-8.884953260421752930e-01,-4.588370025157928467e-01,3.167836985085159540e-04,-1.023602560162544250e-01,1.817242354154586792e-01,1.429582089185714722e-01,-3.569982200860977173e-02,4.598743468523025513e-02,-7.062699645757675171e-02,-9.854575991630554199e-02,-3.906667828559875488e-01,3.209347426891326904e-01,-7.799819856882095337e-02,4.472626000642776489e-02,3.660885989665985107e-02,1.314122229814529419e-02,-9.830604307353496552e-03,5.743115022778511047e-02,1.219486519694328308e-01,1.492103338241577148e-01,1.281631469726562500e+00,9.743063710629940033e-03,6.862746924161911011e-02,-2.858228608965873718e-02,4.312165454030036926e-02,-1.951890438795089722e-01,-1.008821204304695129e-01,1.311981558799743652e+00,5.445137619972229004e-02,1.515987329185009003e-02,-6.342866271734237671e-02
8.155010342597961426e-01,-3.362771123647689819e-02,8.652799129486083984e-01,1.702492474578320980e-03,-7.250877562910318375e-03,-8.947314023971557617e-01,-4.465425014495849609e-01,-1.997760124504566193e-02,-9.826602041721343994e-02,1.482175439596176147e-01,1.394664794206619263e-01,-3.661482781171798706e-02,5.401487648487091064e-02,-1.186114698648452759e-01,-1.526993364095687866e-01,-4.051695466041564941e-01,4.359229505062103271e-01,-7.097064703702926636e-02,3.563716262578964233e-02,2.842266485095024109e-02,1.485847495496273041e-02,-6.091198418289422989e-03,5.422761291265487671e-02,1.287305951118469238e-01,1.360967159271240234e-01,1.279694676399230957e+00,1.098695211112499237e-02,6.192602217197418213e-02,-2.933562733232975006e-02,3.669156879186630249e-02,-1.911265403032302856e-01,-9.927660971879959106e-02,1.311875462532043457e+00,5.516762286424636841e-02,1.681845821440219879e-02,-6.502134352922439575e-02
8.124498724937438965e-01,-3.484126925468444824e-02,8.650778532028198242e-01,1.194201293401420116e-03,-8.568026125431060791e-03,-9.000718593597412109e-01,-4.356556534767150879e-01,-3.039979748427867889e-02,-9.763653576374053955e-02,1.255858093500137329e-01,1.357273906469345093e-01,-3.521914407610893250e-02,5.659425258636474609e-02,-1.416537165641784668e-01,-1.930104494094848633e-01,-3.895007669925689697e-01,5.073189139366149902e-01,-7.165030390024185181e-02,-2.829111181199550629e-03,2.319400757551193237e-02,1.166995335370302200e-02,-4.929734859615564346e-03,5.017900094389915466e-02,1.327674984931945801e-01,1.266024559736251831e-01,1.282038211822509766e+00,9.042026475071907043e-03,6.251910328865051270e-02,-3.025828674435615540e-02,3.252892196178436279e-02,-1.867071092128753662e-01,-9.939011186361312866e-02,1.312705993652343750e+00,6.028413400053977966e-02,1.485164463520050049e-02,-6.448318809270858765e-02
8.130655884742736816e-01,-3.468582406640052795e-02,8.654768466949462891e-01,2.430354710668325424e-03,-7.599927484989166260e-03,-9.051268100738525391e-01,-4.250667691230773926e-01,-2.859270758926868439e-02,-9.927868098020553589e-02,1.115196496248245239e-01,1.315149068832397461e-01,-3.108434192836284637e-02,5.474432185292243958e-02,-1.353953778743743896e-01,-2.261345088481903076e-01,-3.387647867202758789e-01,5.519469976425170898e-01,-1.162896230816841125e-01,7.129966281354427338e-03,2.425380796194076538e-02,7.139440625905990601e-03,-4.919531755149364471e-03,4.488872364163398743e-02,1.353069394826889038e-01,1.184402629733085632e-01,1.286804556846618652e+00,5.519251339137554169e-03,6.816944479942321777e-02,-2.959800884127616882e-02,3.007650002837181091e-02,-1.818609684705734253e-01,-1.017522960901260376e-01,1.312552332878112793e+00,6.301434338092803955e-02,1.426563505083322525e-02,-6.447312980890274048e-02
8.138429522514343262e-01,-3.274480625987052917e-02,8.664389252662658691e-01,4.482142161577939987e-03,-4.466402344405651093e-03,-9.120042324066162109e-01,-4.101320207118988037e-01,-1.966331340372562408e-02,-9.887224435806274414e-02,9.985151886940002441e-02,1.245459839701652527e-01,-2.401667647063732147e-02,4.937559738755226135e-02,-1.082336455583572388e-01,-2.574977576732635498e-01,-2.532357573509216309e-01,5.759791731834411621e-01,-1.540701240301132202e-01,2.419341914355754852e-02,3.093874454498291016e-02,-2.311247400939464569e-03,-4.923830740153789520e-03,3.784927725791931152e-02,1.354652345180511475e-01,1.114492639899253845e-01,1.294902086257934570e+00,-1.163712237030267715e-03,7.567399740219116211e-02,-2.743214741349220276e-02,3.095133416354656219e-02,-1.796573996543884277e-01,-1.001863703131675720e-01,1.310829877853393555e+00,6.010521203279495239e-02,1.753616333007812500e-02,-6.528010964393615723e-02
8.141605257987976074e-01,-3.037023358047008514e-02,8.672609329223632812e-01,6.167786195874214172e-03,-1.263871788978576660e-03,-9.175428748130798340e-01,-3.975869715213775635e-01,-1.034421753138303757e-02,-9.800373762845993042e-02,9.113064408302307129e-02,1.200744956731796265e-01,-1.994509808719158173e-02,4.494890570640563965e-02,-7.969586551189422607e-02,-2.684283852577209473e-01,-1.815811246633529663e-01,5.668923854827880859e-01,-1.716844886541366577e-01,3.164275363087654114e-02,3.776696696877479553e-02,-1.246052607893943787e-02,-5.323099438101053238e-03,3.404936939477920532e-02,1.351853758096694946e-01,1.091198846697807312e-01,1.299208998680114746e+00,-3.117649583145976067e-03,7.960579544305801392e-02,-2.937723696231842041e-02,3.415753692388534546e-02,-1.807760745286941528e-01,-9.570617973804473877e-02,1.308354258537292480e+00,5.796654522418975830e-02,2.212892286479473114e-02,-6.437680125236511230e-02
8.153066039085388184e-01,-2.665309421718120575e-02,8.679989576339721680e-01,9.165490977466106415e-03,3.685262287035584450e-03,-9.295039176940917969e-01,-3.686798810958862305e-01,3.085670294240117073e-03,-1.075040623545646667e-01,4.735762625932693481e-02,1.264859139919281006e-01,-1.701921969652175903e-02,3.703150153160095215e-02,-5.294658988714218140e-02,-2.625831067562103271e-01,-1.399270594120025635e-01,5.326391458511352539e-01,-1.811884045600891113e-01,3.834802284836769104e-02,4.984481632709503174e-02,-5.928396061062812805e-02,-8.235762827098369598e-03,3.138476237654685974e-02,1.351571977138519287e-01,1.094668507575988770e-01,1.300569891929626465e+00,-5.449412856251001358e-03,8.062096685171127319e-02,-3.046456910669803619e-02,3.797528520226478577e-02,-1.829951405525207520e-01,-9.250012785196304321e-02,1.306015849113464355e+00,5.871005356311798096e-02,2.748895995318889618e-02,-6.253849714994430542e-02
8.153957724571228027e-01,-2.153601683676242828e-02,8.684639930725097656e-01,9.973747655749320984e-03,5.974910687655210495e-03,-9.371660947799682617e-01,-3.486896753311157227e-01,1.162666827440261841e-02,-1.079900190234184265e-01,2.812124975025653839e-02,1.263538897037506104e-01,-1.512539386749267578e-02,2.860427089035511017e-02,-2.192442119121551514e-02,-2.487981915473937988e-01,-3.610761091113090515e-02,4.712399244308471680e-01,-1.933530569076538086e-01,5.248506739735603333e-02,5.316058918833732605e-02,-7.272198796272277832e-02,-8.071994408965110779e-03,2.970460988581180573e-02,1.369686573743820190e-01,1.096171587705612183e-01,1.298973202705383301e+00,-9.165424853563308716e-03,7.926288992166519165e-02,-3.181014582514762878e-02,4.422159865498542786e-02,-1.854805946350097656e-01,-9.144535660743713379e-02,1.303239941596984863e+00,5.552531406283378601e-02,3.056196309626102448e-02,-6.162104010581970215e-02
8.155351281166076660e-01,-1.696037314832210541e-02,8.684610724449157715e-01,1.011744048446416855e-02,6.450315006077289581e-03,-9.428895115852355957e-01,-3.328895568847656250e-01,1.558934710919857025e-02,-1.068145856261253357e-01,7.392644416540861130e-03,1.236580908298492432e-01,-1.475946046411991119e-02,2.034320868551731110e-02,-7.331868633627891541e-03,-2.322656959295272827e-01,3.871347755193710327e-02,4.188260138034820557e-01,-1.941400915384292603e-01,6.221137940883636475e-02,5.248719453811645508e-02,-8.079060167074203491e-02,-8.098487742245197296e-03,2.816218510270118713e-02,1.393584907054901123e-01,1.074760332703590393e-01,1.297285318374633789e+00,-9.827733039855957031e-03,7.679293304681777954e-02,-3.132770210504531860e-02,4.885187372565269470e-02,-1.865001171827316284e-01,-9.182421863079071045e-02,1.302720785140991211e+00,5.534755811095237732e-02,3.138301149010658264e-02,-6.046080216765403748e-02
8.158046603202819824e-01,-1.170319970697164536e-02,8.682487607002258301e-01,9.937487542629241943e-03,6.010056007653474808e-03,-9.484183788299560547e-01,-3.168087005615234375e-01,1.829395443201065063e-02,-1.068463176488876343e-01,-1.268629450350999832e-02,1.235549226403236389e-01,-1.731678284704685211e-02,1.151643972843885422e-02,4.413007991388440132e-04,-2.135941088199615479e-01,1.074877604842185974e-01,3.699119687080383301e-01,-1.963359564542770386e-01,6.600301712751388550e-02,4.950989037752151489e-02,-8.696385473012924194e-02,-8.648931048810482025e-03,2.652456983923912048e-02,1.416334062814712524e-01,1.065730080008506775e-01,1.297123789787292480e+00,-1.296231243759393692e-02,7.318292558193206787e-02,-2.977648004889488220e-02,5.340537428855895996e-02,-1.864371001720428467e-01,-9.183817356824874878e-02,1.303474068641662598e+00,5.132729932665824890e-02,3.067148476839065552e-02,-5.841506272554397583e-02
8.159726858139038086e-01,-4.231596365571022034e-03,8.677442073822021484e-01,8.468845859169960022e-03,5.000496283173561096e-03,-9.554296135902404785e-01,-2.950551509857177734e-01,2.084403857588768005e-02,-1.066491827368736267e-01,-3.751884773373603821e-02,1.273545026779174805e-01,-2.381735667586326599e-02,-1.024370663799345493e-03,4.001720808446407318e-03,-1.879392117261886597e-01,1.720300465822219849e-01,3.209618926048278809e-01,-1.930975914001464844e-01,7.394493371248245239e-02,4.461922496557235718e-02,-9.201741963624954224e-02,-7.650858722627162933e-03,2.377758547663688660e-02,1.432892978191375732e-01,1.067942082881927490e-01,1.298362970352172852e+00,-1.683527790009975433e-02,7.513754069805145264e-02,-3.209338337182998657e-02,5.958487465977668762e-02,-1.854458749294281006e-01,-9.378405660390853882e-02,1.305280327796936035e+00,4.961504787206649780e-02,2.763962931931018829e-02,-5.704198777675628662e-02
8.160433769226074219e-01,9.841488208621740341e-04,8.671062588691711426e-01,7.273873779922723770e-03,3.428025869652628899e-03,-9.602581262588500977e-01,-2.789976298809051514e-01,2.054875902831554413e-02,-1.094398051500320435e-01,-5.477489903569221497e-02,1.341973990201950073e-01,-2.961963601410388947e-02,-1.009579654783010483e-02,3.332327585667371750e-03,-1.699167788028717041e-01,1.932628750801086426e-01,2.936137914657592773e-01,-1.733235269784927368e-01,8.433406800031661987e-02,4.051107168197631836e-02,-9.159400314092636108e-02,-7.094306405633687973e-03,2.087010256946086884e-02,1.435618102550506592e-01,1.081855669617652893e-01,1.299766302108764648e+00,-1.778292469680309296e-02,7.574667781591415405e-02,-3.354707732796669006e-02,6.447464227676391602e-02,-1.850932687520980835e-01,-9.673844277858734131e-02,1.306196093559265137e+00,4.773522913455963135e-02,2.627912349998950958e-02,-5.580095201730728149e-02
8.163307905197143555e-01,5.985259544104337692e-03,8.662348985671997070e-01,6.139377597719430923e-03,6.258826470002532005e-04,-9.644595384597778320e-01,-2.641585469245910645e-01,1.728858985006809235e-02,-1.152960211038589478e-01,-7.245419174432754517e-02,1.449556648731231689e-01,-3.629512712359428406e-02,-1.870080642402172089e-02,1.358359004370868206e-04,-1.528120487928390503e-01,1.929790973663330078e-01,2.677497863769531250e-01,-1.320008933544158936e-01,7.979673147201538086e-02,3.406465426087379456e-02,-8.557873219251632690e-02,-7.032366935163736343e-03,1.773742772638797760e-02,1.440527588129043579e-01,1.115197166800498962e-01,1.301265358924865723e+00,-2.114594355225563049e-02,7.704608142375946045e-02,-3.503962606191635132e-02,6.888474524021148682e-02,-1.841894835233688354e-01,-1.000236719846725464e-01,1.306673645973205566e+00,4.612875729799270630e-02,2.499261870980262756e-02,-5.461665987968444824e-02
8.189240694046020508e-01,1.396844536066055298e-02,8.651388883590698242e-01,5.672043655067682266e-03,-3.516076598316431046e-03,-9.691045284271240234e-01,-2.465600818395614624e-01,1.567449606955051422e-02,-1.254381686449050903e-01,-9.571466594934463501e-02,1.579577922821044922e-01,-4.536473006010055542e-02,-3.104216046631336212e-02,-4.722395446151494980e-03,-1.322433799505233765e-01,1.660174429416656494e-01,2.406578809022903442e-01,-1.218110769987106323e-01,4.735745117068290710e-02,2.538496442139148712e-02,-7.120195031166076660e-02,-9.129265323281288147e-03,1.664644666016101837e-02,1.460661590099334717e-01,1.267883330583572388e-01,1.298389434814453125e+00,-2.388092316687107086e-02,7.397618144750595093e-02,-3.640750795602798462e-02,7.365518063306808472e-02,-1.816240698099136353e-01,-1.025449335575103760e-01,1.307347297668457031e+00,4.477080330252647400e-02,2.368721738457679749e-02,-5.341235920786857605e-02
8.217859268188476562e-01,2.055112831294536591e-02,8.646005988121032715e-01,5.483356304466724396e-03,-7.078690920025110245e-03,-9.721415042877197266e-01,-2.342236787080764771e-01,1.471696235239505768e-02,-1.332435160875320435e-01,-1.144524067640304565e-01,1.658600121736526489e-01,-5.120484903454780579e-02,-4.161494970321655273e-02,-8.107230067253112793e-03,-1.180623397231101990e-01,1.423046141862869263e-01,2.194889783859252930e-01,-1.165178269147872925e-01,3.614208474755287170e-02,1.751539856195449829e-02,-5.718862637877464294e-02,-9.414007887244224548e-03,1.693152450025081635e-02,1.491286754608154297e-01,1.414513289928436279e-01,1.293747425079345703e+00,-2.343575656414031982e-02,7.188975065946578979e-02,-4.005475714802742004e-02,7.365951687097549438e-02,-1.778518259525299072e-01,-1.013803333044052124e-01,1.309642314910888672e+00,4.455634951591491699e-02,1.940638199448585510e-02,-5.345954373478889465e-02
8.252544999122619629e-01,2.692893892526626587e-02,8.649347424507141113e-01,6.044869776815176010e-03,-9.117808192968368530e-03,-9.748668074607849121e-01,-2.225198149681091309e-01,1.760889403522014618e-02,-1.442017108201980591e-01,-1.291208863258361816e-01,1.759824156761169434e-01,-5.448327213525772095e-02,-5.213221535086631775e-02,-7.032131310552358627e-03,-1.076246947050094604e-01,1.196193844079971313e-01,2.000197619199752808e-01,-1.092411428689956665e-01,3.037426434457302094e-02,1.416341029107570648e-02,-4.385797679424285889e-02,-8.669814094901084900e-03,1.564249023795127869e-02,1.505558788776397705e-01,1.549571752548217773e-01,1.291892051696777344e+00,-2.653089351952075958e-02,7.252086699008941650e-02,-4.322162270545959473e-02,6.955695152282714844e-02,-1.726922392845153809e-01,-9.842436015605926514e-02,1.314809441566467285e+00,4.374404996633529663e-02,1.137531455606222153e-02,-5.376139655709266663e-02
8.289616107940673828e-01,3.510151430964469910e-02,8.661349415779113770e-01,5.280550569295883179e-03,-8.532828651368618011e-03,-9.781405329704284668e-01,-2.077027857303619385e-01,2.629454061388969421e-02,-1.572033315896987915e-01,-1.463539451360702515e-01,1.955426037311553955e-01,-6.016676127910614014e-02,-6.446848809719085693e-02,3.068358171731233597e-03,-9.068555384874343872e-02,1.032876968383789062e-01,1.757533848285675049e-01,-9.393098205327987671e-02,2.075090631842613220e-02,1.851922832429409027e-02,-2.871340326964855194e-02,-3.869763342663645744e-03,1.440535672008991241e-02,1.456725895404815674e-01,1.765383630990982056e-01,1.294855833053588867e+00,-2.574787847697734833e-02,8.206557482481002808e-02,-4.938662424683570862e-02,6.273742765188217163e-02,-1.673681586980819702e-01,-9.434676915407180786e-02,1.324755072593688965e+00,4.663686081767082214e-02,-3.029749263077974319e-03,-5.340301990509033203e-02
8.322917819023132324e-01,4.044754058122634888e-02,8.671770095825195312e-01,6.419651675969362259e-03,-8.190259337425231934e-03,-9.813711047172546387e-01,-1.918397545814514160e-01,3.189204260706901550e-02,-1.784971803426742554e-01,-1.503415554761886597e-01,2.203428596258163452e-01,-7.251300662755966187e-02,-7.327623665332794189e-02,1.150097697973251343e-02,-7.904772460460662842e-02,9.109415113925933838e-02,1.522702872753143311e-01,-7.863004505634307861e-02,7.643114775419235229e-03,2.169566974043846130e-02,-2.728050574660301208e-02,-3.111267462372779846e-03,1.380764693021774292e-02,1.409361809492111206e-01,1.959934979677200317e-01,1.298339962959289551e+00,-2.772014401853084564e-02,8.877588063478469849e-02,-5.362123623490333557e-02,5.833310633897781372e-02,-1.666827797889709473e-01,-9.078986942768096924e-02,1.328395605087280273e+00,5.049882829189300537e-02,-7.127904333174228668e-03,-5.280647426843643188e-02
8.359748125076293945e-01,4.463196545839309692e-02,8.675477504730224609e-01,9.177118539810180664e-03,-7.416423410177230835e-03,-9.841477870941162109e-01,-1.769575029611587524e-01,3.673953562974929810e-02,-2.061990052461624146e-01,-1.566845923662185669e-01,2.533565461635589600e-01,-1.066239848732948303e-01,-8.392220735549926758e-02,2.062053047120571136e-02,-7.135657966136932373e-02,8.107740432024002075e-02,1.281269341707229614e-01,-6.408621370792388916e-02,-4.482820630073547363e-03,2.667166478931903839e-02,-2.575123682618141174e-02,-4.595868755131959915e-03,1.359870564192533493e-02,1.368720084428787231e-01,2.143887430429458618e-01,1.300767183303833008e+00,-3.228649124503135681e-02,8.975738286972045898e-02,-5.632383376359939575e-02,5.437752977013587952e-02,-1.709392070770263672e-01,-8.713722974061965942e-02,1.326357841491699219e+00,5.387259647250175476e-02,-4.911380354315042496e-03,-5.392258614301681519e-02
8.407130241394042969e-01,5.027325823903083801e-02,8.673446178436279297e-01,1.048171427100896835e-02,-5.192157812416553497e-03,-9.878492951393127441e-01,-1.549739241600036621e-01,4.561172053217887878e-02,-2.415722608566284180e-01,-1.466093808412551880e-01,3.095221221446990967e-01,-1.705243140459060669e-01,-1.216527223587036133e-01,3.425158560276031494e-02,-5.578891932964324951e-02,6.378469616174697876e-02,9.607994556427001953e-02,-4.987205937504768372e-02,-1.989823020994663239e-02,3.526549786329269409e-02,-3.124992176890373230e-02,-1.562333083711564541e-03,1.309888251125812531e-02,1.346496045589447021e-01,2.249148339033126831e-01,1.303094267845153809e+00,-3.575251251459121704e-02,9.183632582426071167e-02,-5.937328562140464783e-02,4.833653941750526428e-02,-1.823377013206481934e-01,-8.120193332433700562e-02,1.318578243255615234e+00,5.382686853408813477e-02,2.669231267645955086e-03,-5.896346271038055420e-02
8.438073992729187012e-01,5.408332124352455139e-02,8.674132823944091797e-01,1.017849985510110855e-02,-5.172591656446456909e-03,-9.900625944137573242e-01,-1.401633024215698242e-01,4.904413968324661255e-02,-2.601009011268615723e-01,-1.279243677854537964e-01,3.468468785285949707e-01,-2.072268128395080566e-01,-1.092921420931816101e-01,3.971004113554954529e-02,-4.631904512643814087e-02,4.742676019668579102e-02,7.952912151813507080e-02,-4.361534491181373596e-02,-2.887817099690437317e-02,3.618408367037773132e-02,-3.179677948355674744e-02,1.845673308707773685e-03,1.231137383729219437e-02,1.345324665307998657e-01,2.251555770635604858e-01,1.306994199752807617e+00,-3.488344699144363403e-02,9.815756976604461670e-02,-6.251192092895507812e-02,4.152199998497962952e-02,-1.878071874380111694e-01,-7.714235782623291016e-02,1.316402912139892578e+00,5.416619405150413513e-02,2.841441426426172256e-03,-6.203987449407577515e-02
8.457741141319274902e-01,5.752760171890258789e-02,8.677998185157775879e-01,8.568069897592067719e-03,-6.649432703852653503e-03,-9.919372797012329102e-01,-1.262646019458770752e-01,5.081417039036750793e-02,-2.714879810810089111e-01,-1.003342121839523315e-01,3.777381181716918945e-01,-2.169405221939086914e-01,-6.511378288269042969e-02,4.051792994141578674e-02,-3.628553822636604309e-02,2.870021387934684753e-02,6.720062345266342163e-02,-3.903742507100105286e-02,-3.491871431469917297e-02,3.278687596321105957e-02,-3.074260428547859192e-02,5.987589713186025620e-03,1.262781303375959396e-02,1.330796480178833008e-01,2.250299900770187378e-01,1.313811302185058594e+00,-3.539963066577911377e-02,1.063723415136337280e-01,-6.492533534765243530e-02,3.413654118776321411e-02,-1.890386939048767090e-01,-7.729472965002059937e-02,1.318077921867370605e+00,5.608418956398963928e-02,-4.415253060869872570e-04,-6.329471617937088013e-02
8.469191789627075195e-01,6.170420348644256592e-02,8.685120940208435059e-01,6.496404297649860382e-03,-8.760680444538593292e-03,-9.940107464790344238e-01,-1.087365671992301941e-01,5.519325286149978638e-02,-2.776410281658172607e-01,-6.243173778057098389e-02,4.061360359191894531e-01,-1.970525830984115601e-01,1.571656670421361923e-03,4.053247720003128052e-02,-2.339540235698223114e-02,3.186758141964673996e-03,5.321230739355087280e-02,-3.353523835539817810e-02,-3.903094306588172913e-02,2.757970057427883148e-02,-2.985938824713230133e-02,8.880259469151496887e-03,1.728195883333683014e-02,1.302838623523712158e-01,2.286932319402694702e-01,1.322209119796752930e+00,-3.532265499234199524e-02,1.144304499030113220e-01,-6.548824906349182129e-02,2.656864374876022339e-02,-1.853387653827667236e-01,-8.661420643329620361e-02,1.322569966316223145e+00,6.077914312481880188e-02,-6.934209261089563370e-03,-6.279370188713073730e-02
8.474138975143432617e-01,6.454405933618545532e-02,8.687816858291625977e-01,5.803100764751434326e-03,-9.971985593438148499e-03,-9.953033328056335449e-01,-9.611552953720092773e-02,6.034331023693084717e-02,-2.787688076496124268e-01,-3.270277753472328186e-02,4.201367199420928955e-01,-1.853003799915313721e-01,1.557557657361030579e-02,4.149582237005233765e-02,-1.504227612167596817e-02,-1.502958405762910843e-02,4.227499663829803467e-02,-2.911123447120189667e-02,-4.174366965889930725e-02,2.424401603639125824e-02,-3.059175610542297363e-02,8.172641508281230927e-03,2.479434758424758911e-02,1.299956142902374268e-01,2.339429408311843872e-01,1.324854254722595215e+00,-3.576219081878662109e-02,1.159861907362937927e-01,-6.336150318384170532e-02,2.349745854735374451e-02,-1.808592379093170166e-01,-9.551323205232620239e-02,1.324726223945617676e+00,6.346465647220611572e-02,-1.218011323362588882e-02,-6.510038673877716064e-02
8.476696610450744629e-01,6.709679961204528809e-02,8.688318133354187012e-01,5.661156959831714630e-03,-1.102284435182809830e-02,-9.963464736938476562e-01,-8.449921011924743652e-02,6.554155051708221436e-02,-2.758826017379760742e-01,-3.953158855438232422e-03,4.274061024188995361e-01,-1.840538978576660156e-01,1.473889499902725220e-02,4.301914945244789124e-02,-6.900391075760126114e-03,-3.000161238014698029e-02,2.968698553740978241e-02,-2.325746975839138031e-02,-4.630168527364730835e-02,2.096840366721153259e-02,-3.215404972434043884e-02,6.559056695550680161e-03,3.380702435970306396e-02,1.321207433938980103e-01,2.376342266798019409e-01,1.324673891067504883e+00,-3.439986705780029297e-02,1.161705181002616882e-01,-6.365695595741271973e-02,2.057892829179763794e-02,-1.768308877944946289e-01,-1.001890152692794800e-01,1.325790166854858398e+00,6.352946162223815918e-02,-1.410815119743347168e-02,-6.788515299558639526e-02
8.475221991539001465e-01,6.971358507871627808e-02,8.688594102859497070e-01,5.802568513900041580e-03,-1.213011331856250763e-02,-9.974300861358642578e-01,-7.037309557199478149e-02,7.089473307132720947e-02,-2.650636136531829834e-01,3.404847159981727600e-02,4.242480397224426270e-01,-1.792990267276763916e-01,8.170337416231632233e-03,4.474589973688125610e-02,2.751300111413002014e-03,-4.817624390125274658e-02,1.471204217523336411e-02,-1.829695329070091248e-02,-5.034331977367401123e-02,1.708069629967212677e-02,-3.592649474740028381e-02,3.508845809847116470e-03,4.629695042967796326e-02,1.335231214761734009e-01,2.467405498027801514e-01,1.324087500572204590e+00,-3.204360604286193848e-02,1.172205731272697449e-01,-6.313269585371017456e-02,1.810088008642196655e-02,-1.730081439018249512e-01,-1.000109463930130005e-01,1.325202345848083496e+00,6.077089533209800720e-02,-1.117270812392234802e-02,-6.977077573537826538e-02
8.469291925430297852e-01,7.060244679450988770e-02,8.688535690307617188e-01,5.734226200729608536e-03,-1.230267994105815887e-02,-9.980770349502563477e-01,-6.048126146197319031e-02,7.350201904773712158e-02,-2.542947530746459961e-01,5.817954614758491516e-02,4.187280535697937012e-01,-1.743082553148269653e-01,-2.588798757642507553e-03,4.605618119239807129e-02,1.083580404520034790e-02,-6.169928237795829773e-02,3.232614137232303619e-03,-1.520077791064977646e-02,-5.036204680800437927e-02,1.591498218476772308e-02,-3.939694911241531372e-02,1.277382718399167061e-03,5.398354679346084595e-02,1.331246048212051392e-01,2.521476149559020996e-01,1.325109481811523438e+00,-2.902919799089431763e-02,1.201064586639404297e-01,-6.224788352847099304e-02,1.779564842581748962e-02,-1.710672229528427124e-01,-9.936788678169250488e-02,1.323955059051513672e+00,6.080011278390884399e-02,-7.365761790424585342e-03,-6.947922706604003906e-02
8.461018204689025879e-01,7.077133655548095703e-02,8.687775731086730957e-01,6.044287234544754028e-03,-1.191803161054849625e-02,-9.986084103584289551e-01,-5.101614445447921753e-02,7.523609697818756104e-02,-2.436355203390121460e-01,7.529322803020477295e-02,4.115162789821624756e-01,-1.668507009744644165e-01,-1.392970234155654907e-02,4.794758558273315430e-02,1.861779205501079559e-02,-7.397215068340301514e-02,-8.855753578245639801e-03,-1.171436719596385956e-02,-4.929264634847640991e-02,1.577443815767765045e-02,-4.245203360915184021e-02,-2.024320652708411217e-03,5.917497724294662476e-02,1.317757517099380493e-01,2.543770074844360352e-01,1.328780770301818848e+00,-2.797311358153820038e-02,1.251465827226638794e-01,-6.173160299658775330e-02,1.967782899737358093e-02,-1.689311712980270386e-01,-1.018709540367126465e-01,1.321123003959655762e+00,5.872155353426933289e-02,-3.163229441270232201e-03,-6.905831396579742432e-02
8.449874520301818848e-01,7.003664970397949219e-02,8.686882853507995605e-01,6.890468765050172806e-03,-1.151707116514444351e-02,-9.991252422332763672e-01,-3.960579633712768555e-02,7.309273630380630493e-02,-2.230879068374633789e-01,8.805227279663085938e-02,3.837998509407043457e-01,-1.568930745124816895e-01,-3.032698482275009155e-02,4.890674725174903870e-02,2.382921986281871796e-02,-9.040863811969757080e-02,-1.739370264112949371e-02,-9.363834746181964874e-03,-4.883175715804100037e-02,1.593664661049842834e-02,-4.434741660952568054e-02,-7.319504395127296448e-03,6.310664862394332886e-02,1.284739673137664795e-01,2.548722326755523682e-01,1.333491921424865723e+00,-2.545837499201297760e-02,1.298895180225372314e-01,-6.207778677344322205e-02,2.401168644428253174e-02,-1.686894446611404419e-01,-1.038663610816001892e-01,1.316567897796630859e+00,6.090527400374412537e-02,2.465505152940750122e-03,-6.745848059654235840e-02
8.439511060714721680e-01,6.872685253620147705e-02,8.686308264732360840e-01,7.473645731806755066e-03,-1.086189970374107361e-02,-9.993789792060852051e-01,-3.267772868275642395e-02,6.987599283456802368e-02,-2.026524394750595093e-01,9.371232241392135620e-02,3.488039672374725342e-01,-1.397558152675628662e-01,-3.727823868393898010e-02,4.900998249650001526e-02,2.457303181290626526e-02,-1.014020889997482300e-01,-1.739999838173389435e-02,-1.042191404849290848e-02,-4.803274199366569519e-02,1.720855385065078735e-02,-4.411089792847633362e-02,-1.098386198282241821e-02,6.436952203512191772e-02,1.250897794961929321e-01,2.547322213649749756e-01,1.336163878440856934e+00,-2.469359710812568665e-02,1.326927393674850464e-01,-6.274250894784927368e-02,2.688883990049362183e-02,-1.693387627601623535e-01,-1.025788113474845886e-01,1.315023303031921387e+00,5.643977969884872437e-02,6.416941061615943909e-03,-6.722831726074218750e-02
8.425507545471191406e-01,6.679347902536392212e-02,8.684721589088439941e-01,8.050863631069660187e-03,-9.189740754663944244e-03,-9.995507597923278809e-01,-2.736762911081314087e-02,6.831207126379013062e-02,-1.793359965085983276e-01,1.031554266810417175e-01,3.019648194313049316e-01,-1.060592532157897949e-01,-4.668650776147842407e-02,5.037991702556610107e-02,2.564229257404804230e-02,-1.099346801638603210e-01,-1.740000024437904358e-02,-1.151254307478666306e-02,-4.577551409602165222e-02,2.138328179717063904e-02,-4.408529028296470642e-02,-1.490371581166982651e-02,6.724066287279129028e-02,1.216038390994071960e-01,2.571782171726226807e-01,1.334381580352783203e+00,-2.075988799333572388e-02,1.320241540670394897e-01,-6.207127496600151062e-02,2.904718928039073944e-02,-1.702410429716110229e-01,-1.002162694931030273e-01,1.315169453620910645e+00,5.413287132978439331e-02,9.094223380088806152e-03,-6.678727269172668457e-02
8.414707779884338379e-01,6.232681870460510254e-02,8.684143424034118652e-01,9.585958905518054962e-03,-8.186749182641506195e-03,-9.996711015701293945e-01,-2.233397215604782104e-02,5.876877531409263611e-02,-1.455671787261962891e-01,1.102151274681091309e-01,2.355653643608093262e-01,-1.006662398576736450e-01,-2.782207541167736053e-02,4.678557068109512329e-02,2.429388836026191711e-02,-1.201455593109130859e-01,-1.740000024437904358e-02,-1.334357261657714844e-02,-4.071579128503799438e-02,2.434964664280414581e-02,-4.195727407932281494e-02,-2.155971899628639221e-02,7.328338176012039185e-02,1.173853799700737000e-01,2.590965926647186279e-01,1.326854467391967773e+00,-1.882174424827098846e-02,1.277577430009841919e-01,-6.150358542799949646e-02,3.039279021322727203e-02,-1.724304407835006714e-01,-9.581725299358367920e-02,1.317322850227355957e+00,5.932906642556190491e-02,7.682004477828741074e-03,-6.446696072816848755e-02
8.406881093978881836e-01,5.776360630989074707e-02,8.684648871421813965e-01,1.067266985774040222e-02,-7.887473329901695251e-03,-9.997292160987854004e-01,-1.911460608243942261e-02,4.926576092839241028e-02,-1.227273866534233093e-01,1.126527711749076843e-01,1.907159388065338135e-01,-9.575315564870834351e-02,-1.498549617826938629e-02,4.127870127558708191e-02,2.310362644493579865e-02,-1.297466605901718140e-01,-1.740000024437904358e-02,-1.366238389164209366e-02,-3.426815941929817200e-02,2.568721026182174683e-02,-4.112707450985908508e-02,-2.570280432701110840e-02,7.721501588821411133e-02,1.152771264314651489e-01,2.559135854244232178e-01,1.319604873657226562e+00,-1.853937096893787384e-02,1.239711195230484009e-01,-6.007167324423789978e-02,2.849521860480308533e-02,-1.738253682851791382e-01,-9.366961568593978882e-02,1.319902539253234863e+00,6.038527935743331909e-02,4.597885999828577042e-03,-6.163747608661651611e-02
8.398725390434265137e-01,5.267932265996932983e-02,8.685919046401977539e-01,1.154731493443250656e-02,-7.845084182918071747e-03,-9.997814893722534180e-01,-1.556074339896440506e-02,3.964125737547874451e-02,-1.038709208369255066e-01,1.114602908492088318e-01,1.517792791128158569e-01,-8.349230140447616577e-02,-1.148023270070552826e-02,3.446052595973014832e-02,2.246052585542201996e-02,-1.407750993967056274e-01,-1.740000024437904358e-02,-1.384327560663223267e-02,-2.691020257771015167e-02,2.654050476849079132e-02,-4.233092069625854492e-02,-2.961883880198001862e-02,7.930997014045715332e-02,1.133349016308784485e-01,2.484952956438064575e-01,1.313734173774719238e+00,-1.970855332911014557e-02,1.188338249921798706e-01,-5.784811452031135559e-02,2.646202594041824341e-02,-1.753403693437576294e-01,-9.311357140541076660e-02,1.322205662727355957e+00,5.982926860451698303e-02,1.473955460824072361e-03,-6.103183329105377197e-02
8.390781879425048828e-01,4.536656662821769714e-02,8.690774440765380859e-01,1.224322058260440826e-02,-8.874332532286643982e-03,-9.998290538787841797e-01,-1.063853036612272263e-02,2.461509965360164642e-02,-8.608854562044143677e-02,1.043410450220108032e-01,1.136286854743957520e-01,-6.836257874965667725e-02,-1.253981795161962509e-02,2.161555178463459015e-02,1.797836087644100189e-02,-1.531400531530380249e-01,-9.415217675268650055e-03,-1.461403630673885345e-02,-1.875473000109195709e-02,2.398836985230445862e-02,-4.256610944867134094e-02,-3.284393250942230225e-02,7.682024687528610229e-02,1.114301308989524841e-01,2.315217703580856323e-01,1.310376167297363281e+00,-1.780993863940238953e-02,1.123227998614311218e-01,-5.383706837892532349e-02,2.388998307287693024e-02,-1.744695156812667847e-01,-9.865520149469375610e-02,1.324715733528137207e+00,5.799376219511032104e-02,-3.914213273674249649e-03,-6.464947015047073364e-02
8.386363983154296875e-01,3.972270712256431580e-02,8.694356679916381836e-01,1.228818204253911972e-02,-8.396704681217670441e-03,-9.998502135276794434e-01,-8.833954110741615295e-03,1.675099506974220276e-02,-7.947885990142822266e-02,9.982602298259735107e-02,1.004523634910583496e-01,-6.283166259527206421e-02,-8.903385140001773834e-03,1.386074908077716827e-02,1.168091129511594772e-02,-1.575003862380981445e-01,3.199814120307564735e-03,-1.616693474352359772e-02,-1.216123253107070923e-02,2.464345842599868774e-02,-4.070158302783966064e-02,-3.406439349055290222e-02,7.308692485094070435e-02,1.098092421889305115e-01,2.189567089080810547e-01,1.309691190719604492e+00,-1.588331907987594604e-02,1.105503365397453308e-01,-5.062196776270866394e-02,2.320807054638862610e-02,-1.739770472049713135e-01,-1.028231158852577209e-01,1.325456023216247559e+00,5.946652963757514954e-02,-6.688331719487905502e-03,-6.703475862741470337e-02
8.384530544281005859e-01,3.361489623785018921e-02,8.695641756057739258e-01,1.211834046989679337e-02,-7.431064266711473465e-03,-9.998670220375061035e-01,-7.992001250386238098e-03,9.315682575106620789e-03,-7.675512135028839111e-02,9.233336150646209717e-02,9.503204375505447388e-02,-5.746694281697273254e-02,-1.229841145686805248e-03,5.872015841305255890e-03,3.046999685466289520e-03,-1.607916057109832764e-01,2.074731327593326569e-02,-2.028194256126880646e-02,-3.613994922488927841e-03,2.689916267991065979e-02,-3.798168152570724487e-02,-3.379371017217636108e-02,6.810800731182098389e-02,1.079020574688911438e-01,2.088556140661239624e-01,1.307694673538208008e+00,-1.469280570745468140e-02,1.082653105258941650e-01,-4.678949713706970215e-02,2.288788184523582458e-02,-1.762136369943618774e-01,-1.040538847446441650e-01,1.324246525764465332e+00,6.272896379232406616e-02,-6.134100724011659622e-03,-6.647333502769470215e-02
8.381395339965820312e-01,2.560037560760974884e-02,8.691551089286804199e-01,1.153009105473756790e-02,-5.385403987020254135e-03,-9.998884201049804688e-01,-7.826847955584526062e-03,1.834476250223815441e-03,-7.476982474327087402e-02,8.201813697814941406e-02,9.244578331708908081e-02,-4.906464740633964539e-02,9.665076620876789093e-03,-3.633695887401700020e-03,-1.299455203115940094e-02,-1.619102060794830322e-01,5.429320409893989563e-02,-3.015216998755931854e-02,5.482569802552461624e-03,2.996832877397537231e-02,-3.517972677946090698e-02,-3.299333155155181885e-02,6.328794360160827637e-02,1.084327995777130127e-01,1.981260776519775391e-01,1.301213383674621582e+00,-1.661967299878597260e-02,9.878411144018173218e-02,-4.459520801901817322e-02,2.398332953453063965e-02,-1.830882728099822998e-01,-9.679159522056579590e-02,1.318512320518493652e+00,6.520605832338333130e-02,3.506411099806427956e-03,-6.360290199518203735e-02
8.382135033607482910e-01,1.973030157387256622e-02,8.685894608497619629e-01,1.099973171949386597e-02,-4.282136447727680206e-03,-9.998940825462341309e-01,-8.514889515936374664e-03,-4.202876240015029907e-03,-7.438199967145919800e-02,7.610572874546051025e-02,9.303621947765350342e-02,-4.573800042271614075e-02,1.653650216758251190e-02,-1.250199042260646820e-02,-3.032267466187477112e-02,-1.601241677999496460e-01,8.909593522548675537e-02,-4.070914164185523987e-02,1.241604052484035492e-02,3.051614947617053986e-02,-3.160376846790313721e-02,-3.155985847115516663e-02,5.889614298939704895e-02,1.103953570127487183e-01,1.886806339025497437e-01,1.296056866645812988e+00,-1.650726050138473511e-02,9.032496064901351929e-02,-4.482879117131233215e-02,2.379437349736690521e-02,-1.888420879840850830e-01,-8.921827375888824463e-02,1.314299345016479492e+00,6.155027449131011963e-02,1.288094557821750641e-02,-6.337153911590576172e-02
8.385020494461059570e-01,1.434587035328149796e-02,8.679692745208740234e-01,1.033492106944322586e-02,-3.920382820069789886e-03,-9.998879432678222656e-01,-1.009549573063850403e-02,-1.111505273729562759e-02,-7.290541380643844604e-02,7.233058661222457886e-02,9.238623082637786865e-02,-4.437771439552307129e-02,2.117801830172538757e-02,-2.284697815775871277e-02,-5.130849778652191162e-02,-1.559504568576812744e-01,1.303503364324569702e-01,-5.321007966995239258e-02,1.925166323781013489e-02,2.774146199226379395e-02,-2.664787322282791138e-02,-2.932288683950901031e-02,5.544151365756988525e-02,1.144259199500083923e-01,1.812367141246795654e-01,1.290717720985412598e+00,-1.480696257203817368e-02,8.419650048017501831e-02,-4.327255114912986755e-02,2.184228971600532532e-02,-1.911233812570571899e-01,-8.336039632558822632e-02,1.312072515487670898e+00,6.053937971591949463e-02,1.779029145836830139e-02,-6.188941374421119690e-02
8.388373851776123047e-01,8.285203017294406891e-03,8.672114014625549316e-01,1.002695132046937943e-02,-3.216109937056899071e-03,-9.998542070388793945e-01,-1.344222016632556915e-02,-1.799394749104976654e-02,-7.016374915838241577e-02,7.478597015142440796e-02,8.814995735883712769e-02,-4.202165827155113220e-02,2.781649865210056305e-02,-3.429620712995529175e-02,-8.334837108850479126e-02,-1.473727971315383911e-01,1.894761323928833008e-01,-7.043652981519699097e-02,2.585790865123271942e-02,2.351151965558528900e-02,-1.985727995634078979e-02,-2.731503173708915710e-02,5.429351329803466797e-02,1.227700635790824890e-01,1.752911657094955444e-01,1.282801747322082520e+00,-1.471549458801746368e-02,7.537182420492172241e-02,-3.988727554678916931e-02,1.958149299025535583e-02,-1.895935684442520142e-01,-8.026291429996490479e-02,1.310574889183044434e+00,5.613430589437484741e-02,2.118069492280483246e-02,-6.240803748369216919e-02
8.392317295074462891e-01,4.583100788295269012e-03,8.669365048408508301e-01,9.659835137426853180e-03,-2.749881474301218987e-03,-9.998342394828796387e-01,-1.518615428358316422e-02,-2.212373167276382446e-02,-6.867752224206924438e-02,7.675860077142715454e-02,8.570446074008941650e-02,-3.933036699891090393e-02,3.185558319091796875e-02,-4.158204793930053711e-02,-1.056456267833709717e-01,-1.442488133907318115e-01,2.306948304176330566e-01,-8.481521159410476685e-02,2.614936418831348419e-02,1.970344036817550659e-02,-1.701157726347446442e-02,-2.478440105915069580e-02,5.377612262964248657e-02,1.313827186822891235e-01,1.703329235315322876e-01,1.278764486312866211e+00,-1.799842528998851776e-02,6.908936053514480591e-02,-3.788732737302780151e-02,1.761998236179351807e-02,-1.867638826370239258e-01,-7.826659083366394043e-02,1.309731602668762207e+00,5.614500492811203003e-02,2.264870889484882355e-02,-6.297800689935684204e-02
8.395753502845764160e-01,1.627983408980071545e-03,8.669402599334716797e-01,9.438160806894302368e-03,-2.020482206717133522e-03,-9.998275041580200195e-01,-1.586687192320823669e-02,-2.474564127624034882e-02,-6.692724674940109253e-02,7.633639127016067505e-02,8.215799182653427124e-02,-3.641337528824806213e-02,3.374074026942253113e-02,-4.734326153993606567e-02,-1.257264018058776855e-01,-1.415264606475830078e-01,2.670734226703643799e-01,-9.510968625545501709e-02,3.032931499183177948e-02,1.596038416028022766e-02,-1.635925099253654480e-02,-2.231615036725997925e-02,5.223365500569343567e-02,1.398797035217285156e-01,1.658377945423126221e-01,1.278575420379638672e+00,-1.953412406146526337e-02,6.612566113471984863e-02,-3.772682324051856995e-02,1.675090752542018890e-02,-1.853233724832534790e-01,-7.279955595731735229e-02,1.307771682739257812e+00,6.005970761179924011e-02,2.664381638169288635e-02,-6.241088360548019409e-02
8.401662111282348633e-01,-7.831626571714878082e-04,8.672810792922973633e-01,9.498284198343753815e-03,-1.943359966389834881e-04,-9.998217821121215820e-01,-1.631533168256282806e-02,-2.409539744257926941e-02,-6.282087415456771851e-02,7.817968726158142090e-02,7.263127714395523071e-02,-3.165223076939582825e-02,3.387071564793586731e-02,-4.667258262634277344e-02,-1.448749601840972900e-01,-1.215110719203948975e-01,2.992746233940124512e-01,-1.196869015693664551e-01,4.017955809831619263e-02,1.320510357618331909e-02,-1.710360869765281677e-02,-1.962654478847980499e-02,4.945822432637214661e-02,1.488972306251525879e-01,1.642226725816726685e-01,1.284421682357788086e+00,-1.789454929530620575e-02,6.914531439542770386e-02,-4.065687954425811768e-02,1.742075383663177490e-02,-1.847024112939834595e-01,-6.457613408565521240e-02,1.303194403648376465e+00,6.195170804858207703e-02,3.491531684994697571e-02,-6.072777509689331055e-02
8.405748009681701660e-01,-1.859451062045991421e-03,8.676864504814147949e-01,9.986015036702156067e-03,1.391509897075593472e-03,-9.998095035552978516e-01,-1.671220175921916962e-02,-2.205837517976760864e-02,-5.978117510676383972e-02,8.122286200523376465e-02,6.403084844350814819e-02,-2.739881165325641632e-02,3.318894281983375549e-02,-4.127300903201103210e-02,-1.540244221687316895e-01,-9.858009219169616699e-02,3.103985190391540527e-01,-1.451566815376281738e-01,4.796621948480606079e-02,1.292682625353336334e-02,-1.787063479423522949e-02,-1.921954192221164703e-02,4.790204390883445740e-02,1.523446887731552124e-01,1.675088703632354736e-01,1.292144656181335449e+00,-1.687983609735965729e-02,7.656813412904739380e-02,-4.289460927248001099e-02,1.918398402631282806e-02,-1.851764470338821411e-01,-5.924912542104721069e-02,1.300302743911743164e+00,5.997932702302932739e-02,4.076860472559928894e-02,-6.034019589424133301e-02
8.406587243080139160e-01,-2.353920368477702141e-03,8.680471777915954590e-01,1.063027698546648026e-02,2.603209344670176506e-03,-9.997842311859130859e-01,-1.765447668731212616e-02,-2.007445879280567169e-02,-5.565714091062545776e-02,8.584740012884140015e-02,5.346271023154258728e-02,-2.174870483577251434e-02,3.199177980422973633e-02,-3.529564663767814636e-02,-1.598658710718154907e-01,-7.520379871129989624e-02,3.123500049114227295e-01,-1.623354554176330566e-01,5.439504235982894897e-02,1.193122472614049911e-02,-1.735802926123142242e-02,-1.920897327363491058e-02,4.774103313684463501e-02,1.553052961826324463e-01,1.730035394430160522e-01,1.300946831703186035e+00,-2.077699266374111176e-02,8.699116855859756470e-02,-4.285740107297897339e-02,2.100385725498199463e-02,-1.852215081453323364e-01,-5.331598594784736633e-02,1.298560619354248047e+00,5.773290619254112244e-02,4.529710486531257629e-02,-6.032994389533996582e-02
8.403913378715515137e-01,-2.507881028577685356e-03,8.682701587677001953e-01,1.166248507797718048e-02,3.027867991477251053e-03,-9.997698664665222168e-01,-1.774855703115463257e-02,-1.965822465717792511e-02,-5.021850019693374634e-02,8.819828927516937256e-02,3.963717073202133179e-02,-1.594137027859687805e-02,2.994749322533607483e-02,-3.083427064120769501e-02,-1.599215567111968994e-01,-5.433580279350280762e-02,2.975025177001953125e-01,-1.636945307254791260e-01,5.653072521090507507e-02,8.711019530892372131e-03,-1.725799031555652618e-02,-1.953976228833198547e-02,5.007171258330345154e-02,1.592671573162078857e-01,1.809435486793518066e-01,1.310432076454162598e+00,-2.637929096817970276e-02,9.698667377233505249e-02,-4.459662735462188721e-02,2.275980263948440552e-02,-1.834829002618789673e-01,-4.940082505345344543e-02,1.298950552940368652e+00,5.335722863674163818e-02,4.746512323617935181e-02,-5.990710109472274780e-02
8.398603796958923340e-01,-2.294787205755710602e-03,8.681798577308654785e-01,1.271936483681201935e-02,2.369577996432781219e-03,-9.997738599777221680e-01,-1.687718555331230164e-02,-2.127088233828544617e-02,-4.726064577698707581e-02,8.676671981811523438e-02,3.094101883471012115e-02,-1.291574165225028992e-02,2.894112281501293182e-02,-3.074534423649311066e-02,-1.546579152345657349e-01,-4.896594583988189697e-02,2.748890817165374756e-01,-1.514738053083419800e-01,5.849637836217880249e-02,4.365793429315090179e-03,-1.743568293750286102e-02,-2.114273793995380402e-02,5.307941883802413940e-02,1.628514230251312256e-01,1.833585649728775024e-01,1.316592335700988770e+00,-3.067849203944206238e-02,1.022635027766227722e-01,-4.594093933701515198e-02,2.571882680058479309e-02,-1.820652782917022705e-01,-4.951867088675498962e-02,1.298596501350402832e+00,5.135321989655494690e-02,4.892959073185920715e-02,-5.868138745427131653e-02
8.391621708869934082e-01,-1.584805082529783249e-03,8.677976727485656738e-01,1.383619848638772964e-02,5.857007345184683800e-04,-9.997775554656982422e-01,-1.590749993920326233e-02,-2.465722896158695221e-02,-4.548242688179016113e-02,8.395019173622131348e-02,2.487968280911445618e-02,-1.223089918494224548e-02,2.769392356276512146e-02,-3.267908841371536255e-02,-1.459748297929763794e-01,-4.614732414484024048e-02,2.454395145177841187e-01,-1.286119222640991211e-01,5.922550708055496216e-02,-2.288352232426404953e-03,-1.469247695058584213e-02,-2.280157804489135742e-02,5.609310418367385864e-02,1.668407768011093140e-01,1.835523098707199097e-01,1.321164250373840332e+00,-3.365013003349304199e-02,1.050538048148155212e-01,-4.705493152141571045e-02,2.908370457589626312e-02,-1.798048466444015503e-01,-5.180992186069488525e-02,1.298560142517089844e+00,5.080932751297950745e-02,4.838377609848976135e-02,-5.850284919142723083e-02
8.381008505821228027e-01,4.464319208636879921e-04,8.672684431076049805e-01,1.534236874431371689e-02,-2.332572592422366142e-03,-9.997707009315490723e-01,-1.475676707923412323e-02,-2.887729741632938385e-02,-4.328795894980430603e-02,8.201928436756134033e-02,1.763061061501502991e-02,-1.161361765116453171e-02,2.553088404238224030e-02,-3.486952185630798340e-02,-1.311036795377731323e-01,-4.981607943773269653e-02,2.084491550922393799e-01,-9.701651334762573242e-02,4.120531305670738220e-02,-1.241742540150880814e-02,-9.341481141746044159e-03,-2.582655102014541626e-02,6.059802323579788208e-02,1.717441380023956299e-01,1.867030560970306396e-01,1.325343370437622070e+00,-3.166204318404197693e-02,1.086176186800003052e-01,-4.671505093574523926e-02,3.315380588173866272e-02,-1.742879152297973633e-01,-5.426044762134552002e-02,1.300644159317016602e+00,5.054641142487525940e-02,4.378503561019897461e-02,-6.031272932887077332e-02
8.372998237609863281e-01,2.918855985626578331e-03,8.670073747634887695e-01,1.596472598612308502e-02,-5.091456230729818344e-03,-9.997535347938537598e-01,-1.456412300467491150e-02,-3.242084383964538574e-02,-3.858834877610206604e-02,8.018384128808975220e-02,8.379697799682617188e-03,-7.728859316557645798e-03,2.350053004920482635e-02,-3.735366091132164001e-02,-1.188063845038414001e-01,-5.242883786559104919e-02,1.876976937055587769e-01,-9.669370204210281372e-02,3.581808507442474365e-02,-2.064636722207069397e-02,-3.188282484188675880e-03,-2.732326462864875793e-02,6.340203434228897095e-02,1.737800687551498413e-01,1.927213519811630249e-01,1.327587366104125977e+00,-2.863384410738945007e-02,1.112121492624282837e-01,-4.633971303701400757e-02,3.491481766104698181e-02,-1.692051291465759277e-01,-5.404214933514595032e-02,1.304014682769775391e+00,5.114684998989105225e-02,3.873353824019432068e-02,-6.104073300957679749e-02
8.362416625022888184e-01,5.390536040067672729e-03,8.669766783714294434e-01,1.622420549392700195e-02,-7.103323936462402344e-03,-9.997262954711914062e-01,-1.528437342494726181e-02,-3.439378738403320312e-02,-2.984902448952198029e-02,7.776153832674026489e-02,-6.381007842719554901e-03,-1.858734758570790291e-03,2.214580588042736053e-02,-3.827670216560363770e-02,-1.036060750484466553e-01,-5.766011774539947510e-02,1.609968543052673340e-01,-8.775565028190612793e-02,3.049723058938980103e-02,-2.596737816929817200e-02,3.157085506245493889e-03,-2.890662662684917450e-02,6.664285063743591309e-02,1.736497282981872559e-01,2.017593830823898315e-01,1.329149246215820312e+00,-2.825864590704441071e-02,1.146128997206687927e-01,-4.630936309695243835e-02,3.580772876739501953e-02,-1.640416532754898071e-01,-5.206608027219772339e-02,1.308787703514099121e+00,5.174574628472328186e-02,3.212959319353103638e-02,-6.054538488388061523e-02
8.346072435379028320e-01,8.714858442544937134e-03,8.673196434974670410e-01,1.577521860599517822e-02,-8.044612593948841095e-03,-9.996991753578186035e-01,-1.697110012173652649e-02,-3.207992017269134521e-02,-2.023075707256793976e-02,7.372605800628662109e-02,-1.739931665360927582e-02,-3.123223723378032446e-04,1.724135130643844604e-02,-3.519008308649063110e-02,-8.541002124547958374e-02,-6.155321374535560608e-02,1.314450502395629883e-01,-7.725763320922851562e-02,2.558724023401737213e-02,-2.678786218166351318e-02,8.680165745317935944e-03,-3.044422529637813568e-02,7.040173560380935669e-02,1.681325286626815796e-01,2.178730517625808716e-01,1.331584572792053223e+00,-2.796255052089691162e-02,1.183891594409942627e-01,-4.645676910877227783e-02,3.602387756109237671e-02,-1.586129516363143921e-01,-5.098693445324897766e-02,1.314800143241882324e+00,5.070943012833595276e-02,2.368945255875587463e-02,-5.826032906770706177e-02
8.335145711898803711e-01,1.117639057338237762e-02,8.677546977996826172e-01,1.575732603669166565e-02,-8.085715584456920624e-03,-9.996911883354187012e-01,-1.743228174746036530e-02,-2.864276990294456482e-02,-1.831964217126369476e-02,7.143146544694900513e-02,-1.740000024437904358e-02,-2.352694515138864517e-03,1.480228919535875320e-02,-3.167191147804260254e-02,-7.553366571664810181e-02,-6.340568512678146362e-02,1.153073981404304504e-01,-7.240442186594009399e-02,2.565623261034488678e-02,-2.447417192161083221e-02,9.484937414526939392e-03,-3.217965364456176758e-02,7.300277054309844971e-02,1.607411205768585205e-01,2.293763458728790283e-01,1.333123445510864258e+00,-2.594199031591415405e-02,1.213146895170211792e-01,-4.652582481503486633e-02,3.623420000076293945e-02,-1.562378406524658203e-01,-5.558176711201667786e-02,1.316756248474121094e+00,4.806735739111900330e-02,2.005273476243019104e-02,-5.620913207530975342e-02
8.326324224472045898e-01,1.398001797497272491e-02,8.681855201721191406e-01,1.563144102692604065e-02,-8.036180399358272552e-03,-9.997149109840393066e-01,-1.616103760898113251e-02,-2.477788366377353668e-02,-1.723029650747776031e-02,7.085648179054260254e-02,-1.740000024437904358e-02,-2.202329458668828011e-03,1.318199094384908676e-02,-2.726997807621955872e-02,-6.544117629528045654e-02,-6.484585255384445190e-02,9.924983233213424683e-02,-6.650102138519287109e-02,2.366140671074390411e-02,-2.244985289871692657e-02,6.834924221038818359e-03,-3.265954554080963135e-02,7.454068958759307861e-02,1.536093056201934814e-01,2.377857714891433716e-01,1.333880186080932617e+00,-2.692036703228950500e-02,1.236801594495773315e-01,-4.631145298480987549e-02,3.584636375308036804e-02,-1.539563536643981934e-01,-6.255717575550079346e-02,1.316687226295471191e+00,4.647378996014595032e-02,1.829053275287151337e-02,-5.578073114156723022e-02
8.313118219375610352e-01,1.813447847962379456e-02,8.686865568161010742e-01,1.523871067911386490e-02,-7.995964959263801575e-03,-9.997662305831909180e-01,-1.308779697865247726e-02,-1.915367692708969116e-02,-1.569394953548908234e-02,7.109247893095016479e-02,-1.740000024437904358e-02,-1.203624531626701355e-03,1.059258729219436646e-02,-2.063028514385223389e-02,-5.300328135490417480e-02,-6.609810888767242432e-02,8.047609776258468628e-02,-5.478230491280555725e-02,1.864579319953918457e-02,-2.044653333723545074e-02,1.688776654191315174e-03,-3.218198195099830627e-02,7.768096029758453369e-02,1.470872908830642700e-01,2.413647919893264771e-01,1.330309391021728516e+00,-2.986950241029262543e-02,1.235837936401367188e-01,-4.797534272074699402e-02,3.611170873045921326e-02,-1.516587436199188232e-01,-7.188870757818222046e-02,1.315208315849304199e+00,4.615556821227073669e-02,1.702712476253509521e-02,-5.814079567790031433e-02
8.303276300430297852e-01,2.120105922222137451e-02,8.690053820610046387e-01,1.480505056679248810e-02,-7.983352988958358765e-03,-9.997910261154174805e-01,-1.161632873117923737e-02,-1.465589273720979691e-02,-1.801375858485698700e-02,7.398644834756851196e-02,-9.657682850956916809e-03,-4.235892090946435928e-03,8.567786775529384613e-03,-1.586494036018848419e-02,-4.626031592488288879e-02,-6.606211513280868530e-02,7.107426226139068604e-02,-4.752645269036293030e-02,1.454602554440498352e-02,-1.902656815946102142e-02,-2.173834072891622782e-04,-3.143312409520149231e-02,7.902067154645919800e-02,1.448482722043991089e-01,2.377166002988815308e-01,1.324643492698669434e+00,-3.417842835187911987e-02,1.193345487117767334e-01,-4.564170539379119873e-02,3.622697666287422180e-02,-1.505081802606582642e-01,-7.584860175848007202e-02,1.314852595329284668e+00,4.741706699132919312e-02,1.574032194912433624e-02,-6.056445091962814331e-02
8.293218612670898438e-01,2.391433343291282654e-02,8.692698478698730469e-01,1.467971503734588623e-02,-8.249337784945964813e-03,-9.997954368591308594e-01,-1.120625250041484833e-02,-1.142768841236829758e-02,-1.896747201681137085e-02,7.733452320098876953e-02,-5.262011196464300156e-03,-6.923139095306396484e-03,6.467975676059722900e-03,-1.270779874175786972e-02,-4.299560189247131348e-02,-6.667225062847137451e-02,6.663016229867935181e-02,-4.032977297902107239e-02,1.303373556584119797e-02,-1.819116808474063873e-02,3.466594498604536057e-04,-3.178188577294349670e-02,7.986150681972503662e-02,1.428087353706359863e-01,2.347026467323303223e-01,1.317004561424255371e+00,-2.988028712570667267e-02,1.102753654122352600e-01,-4.055982455611228943e-02,3.660240396857261658e-02,-1.507112681865692139e-01,-7.603582739830017090e-02,1.315238237380981445e+00,4.979775846004486084e-02,1.475689467042684555e-02,-6.183722615242004395e-02
8.280655145645141602e-01,2.689764276146888733e-02,8.695541024208068848e-01,1.449774019420146942e-02,-9.587264619767665863e-03,-9.997852444648742676e-01,-1.128494553267955780e-02,-1.029268093407154083e-02,-1.862296648323535919e-02,7.898153364658355713e-02,-2.397175645455718040e-03,-8.136028423905372620e-03,3.143168287351727486e-03,-1.202986668795347214e-02,-4.109986498951911926e-02,-7.048869878053665161e-02,6.585244834423065186e-02,-3.692922368645668030e-02,1.164081599563360214e-02,-1.948306523263454437e-02,3.445301903411746025e-03,-3.255528211593627930e-02,8.019272983074188232e-02,1.398515105247497559e-01,2.333726435899734497e-01,1.305319309234619141e+00,-2.092076465487480164e-02,9.788841754198074341e-02,-3.555903583765029907e-02,3.700694814324378967e-02,-1.518851369619369507e-01,-7.482513040304183960e-02,1.316076278686523438e+00,5.070314556360244751e-02,1.459165010601282120e-02,-6.128006055951118469e-02
