8.277572989463806152e-01,1.942069455981254578e-02,8.695149421691894531e-01,1.544210035353899002e-02,-1.085140742361545563e-02,-9.994303584098815918e-01,-2.797727286815643311e-02,-2.460411004722118378e-02,-1.919412985444068909e-02,9.110546857118606567e-02,3.902423428371548653e-03,-2.171383798122406006e-02,1.665894314646720886e-02,-2.624598890542984009e-02,-6.402855366468429565e-02,-4.754341393709182739e-02,9.876333922147750854e-02,-4.668387770652770996e-02,2.106935344636440277e-02,-2.808051183819770813e-02,4.565116018056869507e-03,-3.460160270333290100e-02,5.906116589903831482e-02,1.263499408960342407e-01,2.220298200845718384e-01,1.258408427238464355e+00,-2.507616020739078522e-02,5.948380753397941589e-02,-4.318885132670402527e-02,3.335352987051010132e-02,-1.662333160638809204e-01,-1.110780015587806702e-01,1.314836144447326660e+00,4.235783964395523071e-02,1.239944342523813248e-02,-6.825181841850280762e-02
8.280587792396545410e-01,1.635731197893619537e-02,8.693375587463378906e-01,1.575284264981746674e-02,-1.063042692840099335e-02,-9.992991089820861816e-01,-3.225186467170715332e-02,-2.899000793695449829e-02,-1.471936237066984177e-02,9.299005568027496338e-02,-5.474840290844440460e-03,-1.719066686928272247e-02,2.087029814720153809e-02,-2.994212880730628967e-02,-6.869897991418838501e-02,-4.329954832792282104e-02,1.032048687338829041e-01,-4.622069746255874634e-02,2.405069954693317413e-02,-3.047583438456058502e-02,4.446057137101888657e-03,-3.431715443730354309e-02,6.163315474987030029e-02,1.291622221469879150e-01,2.191415876150131226e-01,1.257087707519531250e+00,-2.407546155154705048e-02,5.753144621849060059e-02,-4.129756614565849304e-02,3.530127555131912231e-02,-1.659000068902969360e-01,-1.140547320246696472e-01,1.313673257827758789e+00,4.091318696737289429e-02,1.409801095724105835e-02,-6.786529719829559326e-02
8.287290930747985840e-01,1.311633922159671783e-02,8.690964579582214355e-01,1.638399437069892883e-02,-1.039230171591043472e-02,-9.991173744201660156e-01,-3.725641593337059021e-02,-3.354142233729362488e-02,-1.110022515058517456e-02,9.489211440086364746e-02,-1.540582906454801559e-02,-1.110012084245681763e-02,2.451884560286998749e-02,-3.384182229638099670e-02,-7.683140784502029419e-02,-3.954747691750526428e-02,1.114773005247116089e-01,-4.687340557575225830e-02,2.705874852836132050e-02,-3.358393162488937378e-02,4.379929509013891220e-03,-3.337709978222846985e-02,6.360144913196563721e-02,1.327098906040191650e-01,2.142163068056106567e-01,1.256636261940002441e+00,-1.790388487279415131e-02,5.446779355406761169e-02,-3.741903975605964661e-02,3.595621511340141296e-02,-1.648253351449966431e-01,-1.169717162847518921e-01,1.312783479690551758e+00,4.066847637295722961e-02,1.423047762364149094e-02,-6.723189353942871094e-02
8.300761580467224121e-01,8.537527173757553101e-03,8.686501383781433105e-01,1.806159317493438721e-02,-9.845395572483539581e-03,-9.987819790840148926e-01,-4.484901204705238342e-02,-3.847023844718933105e-02,-1.427927892655134201e-02,1.028036624193191528e-01,-1.740000024437904358e-02,-6.775549612939357758e-03,2.716178819537162781e-02,-3.859080001711845398e-02,-9.108626842498779297e-02,-3.315937891602516174e-02,1.238408088684082031e-01,-4.652875289320945740e-02,3.156029805541038513e-02,-3.751932829618453979e-02,2.128869993612170219e-03,-3.219482675194740295e-02,6.522656977176666260e-02,1.363687515258789062e-01,2.092128247022628784e-01,1.258141398429870605e+00,-1.297392137348651886e-02,5.475638434290885925e-02,-3.452940285205841064e-02,3.599619120359420776e-02,-1.638607233762741089e-01,-1.200439408421516418e-01,1.310737371444702148e+00,3.895238786935806274e-02,1.806452125310897827e-02,-6.620265543460845947e-02
8.313354849815368652e-01,4.993151873350143433e-03,8.682925701141357422e-01,1.958908326923847198e-02,-8.942595683038234711e-03,-9.984502196311950684e-01,-5.131717026233673096e-02,-4.093920812010765076e-02,-1.827357150614261627e-02,1.141573712229728699e-01,-1.740000024437904358e-02,-3.912500571459531784e-03,2.873319759964942932e-02,-4.076464101672172546e-02,-1.033362373709678650e-01,-2.569208852946758270e-02,1.335798501968383789e-01,-4.490137472748756409e-02,3.558847680687904358e-02,-3.979353979229927063e-02,-1.111240475438535213e-03,-3.076988644897937775e-02,6.568524241447448730e-02,1.383385062217712402e-01,2.065465599298477173e-01,1.260969042778015137e+00,-1.317626424133777618e-02,5.707827582955360413e-02,-3.394344821572303772e-02,3.559575974941253662e-02,-1.634839922189712524e-01,-1.215988472104072571e-01,1.308666467666625977e+00,3.777616098523139954e-02,2.155335247516632080e-02,-6.662178039550781250e-02
8.329435586929321289e-01,1.441418076865375042e-03,8.679248690605163574e-01,2.140157297253608704e-02,-7.481921464204788208e-03,-9.980072379112243652e-01,-5.888613313436508179e-02,-4.190623015165328979e-02,-2.314756810665130615e-02,1.285063326358795166e-01,-1.740000024437904358e-02,-6.269584409892559052e-04,2.999960817396640778e-02,-4.121809080243110657e-02,-1.176752001047134399e-01,-1.689993590116500854e-02,1.445885002613067627e-01,-4.337652027606964111e-02,3.997014835476875305e-02,-4.060598462820053101e-02,-5.178167950361967087e-03,-2.883357368409633636e-02,6.433320045471191406e-02,1.402937769889831543e-01,2.015623897314071655e-01,1.265523433685302734e+00,-1.403408590704202652e-02,6.123008579015731812e-02,-3.298973292112350464e-02,3.441610187292098999e-02,-1.636185199022293091e-01,-1.224935725331306458e-01,1.305800795555114746e+00,3.780459985136985779e-02,2.485718950629234314e-02,-6.694695353507995605e-02
8.354702591896057129e-01,-3.205032320693135262e-03,8.676559329032897949e-01,2.386459149420261383e-02,-5.569844506680965424e-03,-9.970938563346862793e-01,-7.213397324085235596e-02,-4.290939867496490479e-02,-2.984934858977794647e-02,1.508229523897171021e-01,-1.740000024437904358e-02,4.637132398784160614e-03,3.244766220450401306e-02,-4.080556333065032959e-02,-1.430844664573669434e-01,-2.330239396542310715e-03,1.700876355171203613e-01,-5.473585054278373718e-02,4.763555899262428284e-02,-4.196026176214218140e-02,-8.623735047876834869e-03,-2.643706277012825012e-02,6.232800334692001343e-02,1.434399932622909546e-01,1.945406347513198853e-01,1.272825598716735840e+00,-1.826906017959117889e-02,6.687932461500167847e-02,-3.337673097848892212e-02,3.196399658918380737e-02,-1.644579917192459106e-01,-1.203364953398704529e-01,1.301890730857849121e+00,3.702251613140106201e-02,2.866070903837680817e-02,-6.642967462539672852e-02
8.377056121826171875e-01,-6.209118757396936417e-03,8.675456047058105469e-01,2.554570138454437256e-02,-5.102796014398336411e-03,-9.961233735084533691e-01,-8.402169495820999146e-02,-4.509748890995979309e-02,-3.481805324554443359e-02,1.635365784168243408e-01,-1.740000024437904358e-02,8.447537198662757874e-03,3.579184785485267639e-02,-4.154559969902038574e-02,-1.684219539165496826e-01,1.008852105587720871e-02,2.019363194704055786e-01,-7.809483259916305542e-02,6.072729825973510742e-02,-4.557432979345321655e-02,-1.003534626215696335e-02,-2.456806786358356476e-02,6.218022480607032776e-02,1.473174095153808594e-01,1.925665289163589478e-01,1.276712417602539062e+00,-1.948362775146961212e-02,7.055970281362533569e-02,-3.319879993796348572e-02,2.888726815581321716e-02,-1.646173149347305298e-01,-1.164217218756675720e-01,1.299813151359558105e+00,4.035953059792518616e-02,2.795086614787578583e-02,-6.476961821317672729e-02
8.404887914657592773e-01,-8.609781041741371155e-03,8.674595952033996582e-01,2.694593742489814758e-02,-5.509713198989629745e-03,-9.949625730514526367e-01,-9.640012681484222412e-02,-4.822363331913948059e-02,-3.990041837096214294e-02,1.736651360988616943e-01,-1.740000024437904358e-02,1.186803448945283890e-02,3.780266270041465759e-02,-4.367369413375854492e-02,-1.956384778022766113e-01,1.873808912932872772e-02,2.414570599794387817e-01,-1.193432956933975220e-01,8.701922744512557983e-02,-5.288925394415855408e-02,-1.043995842337608337e-02,-2.151528745889663696e-02,6.187722086906433105e-02,1.541401594877243042e-01,1.915619522333145142e-01,1.279687285423278809e+00,-2.088931016623973846e-02,7.325700670480728149e-02,-3.254242986440658569e-02,2.496026642620563507e-02,-1.627684980630874634e-01,-1.131881028413772583e-01,1.297859311103820801e+00,4.142852500081062317e-02,3.099933080375194550e-02,-6.608791649341583252e-02
8.435985445976257324e-01,-1.111374329775571823e-02,8.676733970642089844e-01,2.770325914025306702e-02,-4.846001043915748596e-03,-9.932570457458496094e-01,-1.124699860811233521e-01,-4.834575578570365906e-02,-4.349336773157119751e-02,1.908420473337173462e-01,-1.740000024437904358e-02,1.448681671172380447e-02,3.569129481911659241e-02,-4.294252768158912659e-02,-2.273591905832290649e-01,1.696376688778400421e-02,3.052153289318084717e-01,-1.750971972942352295e-01,1.088118031620979309e-01,-5.885560438036918640e-02,-1.284286659210920334e-02,-1.641260646283626556e-02,6.074085831642150879e-02,1.648400425910949707e-01,1.864105463027954102e-01,1.284819006919860840e+00,-2.452936582267284393e-02,7.678262144327163696e-02,-3.265618905425071716e-02,2.218734845519065857e-02,-1.599026620388031006e-01,-1.124416589736938477e-01,1.295592069625854492e+00,4.314761981368064880e-02,3.370853886008262634e-02,-6.918480247259140015e-02
8.453102111816406250e-01,-1.223343517631292343e-02,8.681836724281311035e-01,2.731466107070446014e-02,-2.688775304704904556e-03,-9.919749498367309570e-01,-1.234194785356521606e-01,-4.380382969975471497e-02,-4.332711175084114075e-02,2.094055712223052979e-01,-1.740000024437904358e-02,1.639644429087638855e-02,3.292997926473617554e-02,-3.994416072964668274e-02,-2.425605058670043945e-01,4.827292636036872864e-03,3.492297530174255371e-01,-1.995212584733963013e-01,9.763091057538986206e-02,-5.877084657549858093e-02,-1.924839988350868225e-02,-1.204590126872062683e-02,5.780523270368576050e-02,1.719947308301925659e-01,1.802611798048019409e-01,1.293239355087280273e+00,-2.895364537835121155e-02,8.411927521228790283e-02,-3.400261327624320984e-02,2.095761895179748535e-02,-1.584360599517822266e-01,-1.094412058591842651e-01,1.295258045196533203e+00,4.457868635654449463e-02,3.476040065288543701e-02,-6.791119277477264404e-02
8.464984893798828125e-01,-1.315431203693151474e-02,8.689149022102355957e-01,2.708229422569274902e-02,-7.139550143619999290e-05,-9.908455610275268555e-01,-1.322558075189590454e-01,-3.798552602529525757e-02,-4.311299696564674377e-02,2.283240258693695068e-01,-1.740000024437904358e-02,1.921225897967815399e-02,3.025852143764495850e-02,-3.965499997138977051e-02,-2.503474950790405273e-01,-2.106386236846446991e-02,3.841063678264617920e-01,-2.105038017034530640e-01,7.996812462806701660e-02,-5.561393871903419495e-02,-3.018934279680252075e-02,-9.796779602766036987e-03,5.307156965136528015e-02,1.751038283109664917e-01,1.775401681661605835e-01,1.305027127265930176e+00,-3.340922668576240540e-02,9.365552663803100586e-02,-3.139809891581535339e-02,2.190669625997543335e-02,-1.579174250364303589e-01,-1.060918197035789490e-01,1.296419262886047363e+00,4.445286467671394348e-02,3.349639475345611572e-02,-6.655175983905792236e-02
8.469660282135009766e-01,-1.407718751579523087e-02,8.698501586914062500e-01,2.655936777591705322e-02,2.574753947556018829e-03,-9.893842339515686035e-01,-1.428522020578384399e-01,-3.243732452392578125e-02,-4.162089526653289795e-02,2.540999650955200195e-01,-1.740000024437904358e-02,2.565166354179382324e-02,2.851538918912410736e-02,-4.613707214593887329e-02,-2.487074881792068481e-01,-6.946101039648056030e-02,4.121463000774383545e-01,-2.004658728837966919e-01,4.785346612334251404e-02,-5.138017237186431885e-02,-4.184987768530845642e-02,-9.227765724062919617e-03,4.665089398622512817e-02,1.750086247920989990e-01,1.766720116138458252e-01,1.321980357170104980e+00,-3.724907711148262024e-02,1.122206076979637146e-01,-4.102322086691856384e-02,2.926896512508392334e-02,-1.594227999448776245e-01,-1.083712428808212280e-01,1.296549558639526367e+00,4.568953067064285278e-02,3.860286995768547058e-02,-6.726717203855514526e-02
8.470494151115417480e-01,-1.428605243563652039e-02,8.702591657638549805e-01,2.615603804588317871e-02,3.825544379651546478e-03,-9.880725741386413574e-01,-1.517030298709869385e-01,-2.943590842187404633e-02,-3.985330089926719666e-02,2.728223502635955811e-01,-1.740000024437904358e-02,2.897190675139427185e-02,2.696160040795803070e-02,-5.198980122804641724e-02,-2.399709820747375488e-01,-1.055162847042083740e-01,4.183617830276489258e-01,-1.859634965658187866e-01,3.521270677447319031e-02,-4.819079115986824036e-02,-4.559713602066040039e-02,-9.970817714929580688e-03,4.216646030545234680e-02,1.739031672477722168e-01,1.809521168470382690e-01,1.330236315727233887e+00,-4.629992693662643433e-02,1.184914857149124146e-01,-4.250694811344146729e-02,3.765175491571426392e-02,-1.629866361618041992e-01,-1.108129397034645081e-01,1.295451760292053223e+00,4.284467175602912903e-02,3.840849176049232483e-02,-6.543043255805969238e-02
8.472201824188232422e-01,-1.394508313387632370e-02,8.704443573951721191e-01,2.600579336285591125e-02,4.601588472723960876e-03,-9.865466952323913574e-01,-1.613324880599975586e-01,-2.669727057218551636e-02,-3.825880214571952820e-02,2.902801036834716797e-01,-1.740000024437904358e-02,3.048284165561199188e-02,2.763219363987445831e-02,-5.629463866353034973e-02,-2.250096648931503296e-01,-1.390494406223297119e-01,4.095184803009033203e-01,-1.761223673820495605e-01,3.348373621702194214e-02,-4.469655826687812805e-02,-4.639428108930587769e-02,-1.261956524103879929e-02,4.034246131777763367e-02,1.738447844982147217e-01,1.858393847942352295e-01,1.333474278450012207e+00,-5.129444971680641174e-02,1.215449422597885132e-01,-4.338686540722846985e-02,4.608105495572090149e-02,-1.675876677036285400e-01,-1.106237247586250305e-01,1.295885801315307617e+00,4.011494666337966919e-02,3.688760474324226379e-02,-6.268659979104995728e-02
8.475650548934936523e-01,-1.221606414765119553e-02,8.705141544342041016e-01,2.488315477967262268e-02,4.494164604693651199e-03,-9.841300845146179199e-01,-1.756376326084136963e-01,-2.451444976031780243e-02,-3.373985365033149719e-02,3.115468025207519531e-01,-1.740000024437904358e-02,3.026160411536693573e-02,2.943623438477516174e-02,-5.942724645137786865e-02,-1.930623352527618408e-01,-1.816627383232116699e-01,3.725870847702026367e-01,-1.707136332988739014e-01,3.606651723384857178e-02,-4.258401691913604736e-02,-4.188904166221618652e-02,-1.573007553815841675e-02,4.216642305254936218e-02,1.756213903427124023e-01,1.955925375223159790e-01,1.329774022102355957e+00,-5.193557590246200562e-02,1.178785189986228943e-01,-4.869805648922920227e-02,5.484108999371528625e-02,-1.708607375621795654e-01,-1.091767549514770508e-01,1.301131725311279297e+00,4.058621823787689209e-02,3.105818480253219604e-02,-5.952687561511993408e-02
8.483768701553344727e-01,-9.900480508804321289e-03,8.704093694686889648e-01,2.450411766767501831e-02,3.045663936063647270e-03,-9.818893671035766602e-01,-1.878392398357391357e-01,-2.430272102355957031e-02,-3.150291740894317627e-02,3.268236517906188965e-01,-1.740000024437904358e-02,2.956515736877918243e-02,2.858192473649978638e-02,-6.136033684015274048e-02,-1.694507896900177002e-01,-2.128458619117736816e-01,3.368242084980010986e-01,-1.631876081228256226e-01,3.794056549668312073e-02,-4.360970482230186462e-02,-3.469043970108032227e-02,-1.968461647629737854e-02,4.684555530548095703e-02,1.788914799690246582e-01,2.039106786251068115e-01,1.322616696357727051e+00,-5.200007557868957520e-02,1.111467853188514709e-01,-5.133941024541854858e-02,5.822572484612464905e-02,-1.695584058761596680e-01,-1.092784628272056580e-01,1.307620048522949219e+00,4.131769016385078430e-02,2.336241491138935089e-02,-5.728331580758094788e-02
8.498806357383728027e-01,-6.834074389189481735e-03,8.701713085174560547e-01,2.467147819697856903e-02,1.098746084608137608e-03,-9.792997837066650391e-01,-2.009029835462570190e-01,-2.382323332130908966e-02,-3.059114515781402588e-02,3.430268168449401855e-01,-1.740000024437904358e-02,2.824840322136878967e-02,3.030038438737392426e-02,-6.136708334088325500e-02,-1.474557071924209595e-01,-2.429742664098739624e-01,2.967827916145324707e-01,-1.558701843023300171e-01,3.603577241301536560e-02,-4.551571980118751526e-02,-2.622801996767520905e-02,-2.451854199171066284e-02,5.244025960564613342e-02,1.823568642139434814e-01,2.138555645942687988e-01,1.315030574798583984e+00,-5.031222105026245117e-02,1.049037054181098938e-01,-5.232436582446098328e-02,5.922287330031394958e-02,-1.661980599164962769e-01,-1.089699491858482361e-01,1.313898086547851562e+00,4.275541007518768311e-02,1.498326472938060760e-02,-5.732708796858787537e-02
8.525751233100891113e-01,-1.739391125738620758e-03,8.697943687438964844e-01,2.541845291852951050e-02,-1.555745606310665607e-03,-9.757018089294433594e-01,-2.176176309585571289e-01,-2.145174704492092133e-02,-3.094027191400527954e-02,3.656165003776550293e-01,-1.740000024437904358e-02,2.952412329614162445e-02,3.072748519480228424e-02,-5.714083462953567505e-02,-1.208229884505271912e-01,-2.822518050670623779e-01,2.407219111919403076e-01,-1.361781805753707886e-01,3.742995858192443848e-02,-4.582386836409568787e-02,-1.816744729876518250e-02,-3.089134395122528076e-02,5.904474854469299316e-02,1.850303113460540771e-01,2.244195044040679932e-01,1.309248924255371094e+00,-5.115655064582824707e-02,9.958951920270919800e-02,-5.351164191961288452e-02,5.812550336122512817e-02,-1.627081930637359619e-01,-1.083307787775993347e-01,1.318292856216430664e+00,4.625841975212097168e-02,9.835078381001949310e-03,-5.751848220825195312e-02
8.547973632812500000e-01,2.616431331261992455e-03,8.694604039192199707e-01,2.545323222875595093e-02,-3.929039929062128067e-03,-9.729027152061462402e-01,-2.297759801149368286e-01,-1.991065777838230133e-02,-3.009926527738571167e-02,3.838278651237487793e-01,-1.740000024437904358e-02,2.944000437855720520e-02,2.945771440863609314e-02,-5.298919975757598877e-02,-1.033443883061408997e-01,-3.097728788852691650e-01,2.011264115571975708e-01,-1.100123375654220581e-01,4.350166022777557373e-02,-4.703717306256294250e-02,-1.295045297592878342e-02,-3.356387466192245483e-02,6.208280846476554871e-02,1.860899627208709717e-01,2.306128144264221191e-01,1.309451699256896973e+00,-5.172650516033172607e-02,9.985924512147903442e-02,-5.436982586979866028e-02,5.659097060561180115e-02,-1.612793803215026855e-01,-1.060831993818283081e-01,1.316861987113952637e+00,4.682345315814018250e-02,1.280506420880556107e-02,-5.826237052679061890e-02
8.577414751052856445e-01,7.313382811844348907e-03,8.690659999847412109e-01,2.545104734599590302e-02,-6.465798243880271912e-03,-9.699993729591369629e-01,-2.416849285364151001e-01,-1.790822856128215790e-02,-2.962331473827362061e-02,4.012490510940551758e-01,-1.740000024437904358e-02,2.895068749785423279e-02,2.693519368767738342e-02,-4.586107656359672546e-02,-8.960269391536712646e-02,-3.224795460700988770e-01,1.668513417243957520e-01,-9.991586953401565552e-02,5.622721463441848755e-02,-4.773042351007461548e-02,-9.834150783717632294e-03,-3.562647849321365356e-02,6.582294404506683350e-02,1.857753694057464600e-01,2.392324805259704590e-01,1.310837745666503906e+00,-5.096016451716423035e-02,1.023948416113853455e-01,-5.545941367745399475e-02,5.371314659714698792e-02,-1.605235636234283447e-01,-1.028525158762931824e-01,1.312475085258483887e+00,4.482222348451614380e-02,1.763676851987838745e-02,-5.859046429395675659e-02
8.626107573509216309e-01,1.564287394285202026e-02,8.686139583587646484e-01,2.562517486512660980e-02,-9.475579485297203064e-03,-9.660441875457763672e-01,-2.569283246994018555e-01,-1.110524404793977737e-02,-2.897776477038860321e-02,4.222297966480255127e-01,-1.740000024437904358e-02,2.978982776403427124e-02,2.259479835629463196e-02,-3.063719160854816437e-02,-7.723113149404525757e-02,-3.058293759822845459e-01,1.314405649900436401e-01,-9.374496340751647949e-02,3.654000163078308105e-02,-4.718465358018875122e-02,-8.822989650070667267e-03,-3.746342658996582031e-02,7.111500948667526245e-02,1.852328926324844360e-01,2.512882351875305176e-01,1.313319921493530273e+00,-5.047447979450225830e-02,1.059038490056991577e-01,-5.416921898722648621e-02,4.806148633360862732e-02,-1.578711867332458496e-01,-9.990579634904861450e-02,1.304705500602722168e+00,4.577536508440971375e-02,2.690515853464603424e-02,-6.106242537498474121e-02
8.667634129524230957e-01,2.309709973633289337e-02,8.684197664260864258e-01,2.498372085392475128e-02,-1.138906646519899368e-02,-9.629935026168823242e-01,-2.681223750114440918e-01,-4.032375756651163101e-03,-2.651267312467098236e-02,4.358285665512084961e-01,-1.740000024437904358e-02,3.194620087742805481e-02,1.777962408959865570e-02,-1.888465881347656250e-02,-7.238414138555526733e-02,-2.810319662094116211e-01,1.156785786151885986e-01,-8.052342385053634644e-02,2.156686410307884216e-02,-4.699327796697616577e-02,-8.264250122010707855e-03,-3.618331998586654663e-02,7.534131407737731934e-02,1.863297820091247559e-01,2.596314251422882080e-01,1.313432931900024414e+00,-4.812258481979370117e-02,1.066346019506454468e-01,-5.292572081089019775e-02,4.319458082318305969e-02,-1.525492370128631592e-01,-1.006256937980651855e-01,1.299134612083435059e+00,4.445601999759674072e-02,3.263359889388084412e-02,-6.319351494312286377e-02
8.709339499473571777e-01,3.082034736871719360e-02,8.683924078941345215e-01,2.362799271941184998e-02,-1.329213194549083710e-02,-9.597539305686950684e-01,-2.795307934284210205e-01,5.273210816085338593e-03,-2.674339525401592255e-02,4.489031136035919189e-01,-7.861539721488952637e-03,3.243583068251609802e-02,1.226036250591278076e-02,-8.941750042140483856e-03,-6.955507397651672363e-02,-2.520599365234375000e-01,1.076403781771659851e-01,-6.755951046943664551e-02,9.701405651867389679e-03,-4.648341611027717590e-02,-6.719698198139667511e-03,-3.295500576496124268e-02,7.949851453304290771e-02,1.864068508148193359e-01,2.692538499832153320e-01,1.311742663383483887e+00,-4.526839032769203186e-02,1.060003265738487244e-01,-5.280192196369171143e-02,3.720446676015853882e-02,-1.456362903118133545e-01,-1.007634624838829041e-01,1.296558618545532227e+00,4.319848492741584778e-02,3.267843276262283325e-02,-6.624494493007659912e-02
8.766872286796569824e-01,4.169879853725433350e-02,8.685250282287597656e-01,2.236044779419898987e-02,-1.548800524324178696e-02,-9.555639624595642090e-01,-2.935262024402618408e-01,2.457559853792190552e-02,-3.472464159131050110e-02,4.663775563240051270e-01,2.140353247523307800e-02,2.742454968392848969e-02,4.695748793892562389e-04,5.335549823939800262e-03,-6.348504126071929932e-02,-2.197518348693847656e-01,9.353805333375930786e-02,-5.572150275111198425e-02,-1.530645065940916538e-03,-4.462119936943054199e-02,-5.460796877741813660e-03,-2.994874306023120880e-02,8.592182397842407227e-02,1.865274310111999512e-01,2.841684520244598389e-01,1.306163072586059570e+00,-4.480331763625144958e-02,1.009287983179092407e-01,-5.054212361574172974e-02,3.064841032028198242e-02,-1.356051117181777954e-01,-9.757614135742187500e-02,1.296898841857910156e+00,4.300037026405334473e-02,2.936258167028427124e-02,-6.846097856760025024e-02
8.811109662055969238e-01,5.041591450572013855e-02,8.684566020965576172e-01,2.189828641712665558e-02,-1.555669493973255157e-02,-9.528195261955261230e-01,-3.023464679718017578e-01,4.836712777614593506e-02,-4.756291583180427551e-02,4.785929322242736816e-01,6.015241518616676331e-02,1.428742986172437668e-02,-9.590641595423221588e-03,2.068983763456344604e-02,-5.523398518562316895e-02,-1.984906196594238281e-01,7.844624668359756470e-02,-4.759060963988304138e-02,-7.409335579723119736e-03,-3.984194993972778320e-02,-6.891012657433748245e-03,-2.854386903345584869e-02,9.024313837289810181e-02,1.864487975835800171e-01,2.960846126079559326e-01,1.300010085105895996e+00,-4.093202203512191772e-02,9.475404024124145508e-02,-4.631186649203300476e-02,2.851619943976402283e-02,-1.296459138393402100e-01,-9.086114913225173950e-02,1.298221945762634277e+00,3.854155167937278748e-02,2.599234133958816528e-02,-7.000716775655746460e-02
8.862749934196472168e-01,5.920676514506340027e-02,8.679081201553344727e-01,2.183084376156330109e-02,-1.230492163449525833e-02,-9.502953290939331055e-01,-3.103398084640502930e-01,8.883761614561080933e-02,-7.223548740148544312e-02,4.908319115638732910e-01,1.295351386070251465e-01,-2.344986796379089355e-02,-1.545861456543207169e-02,4.425014182925224304e-02,-4.276373237371444702e-02,-1.755304932594299316e-01,5.887156724929809570e-02,-4.092977941036224365e-02,-1.345685962587594986e-02,-2.692367695271968842e-02,-1.242201961576938629e-02,-2.436166070401668549e-02,9.090324491262435913e-02,1.850795596837997437e-01,3.058983385562896729e-01,1.293447852134704590e+00,-3.901629894971847534e-02,8.852435648441314697e-02,-3.946436569094657898e-02,2.664639055728912354e-02,-1.281837821006774902e-01,-7.923959940671920776e-02,1.299484491348266602e+00,3.722137585282325745e-02,2.442191354930400848e-02,-7.094075530767440796e-02
8.921989202499389648e-01,6.843422353267669678e-02,8.667242527008056641e-01,2.302687987685203552e-02,-7.209248375147581100e-03,-9.470015168190002441e-01,-3.203215301036834717e-01,1.469276994466781616e-01,-1.177342608571052551e-01,4.993585646152496338e-01,2.412322014570236206e-01,-8.183438330888748169e-02,1.172802597284317017e-02,7.377041131258010864e-02,-2.716424874961376190e-02,-1.468628048896789551e-01,3.167340159416198730e-02,-3.166189417243003845e-02,-1.858221739530563354e-02,-5.565089173614978790e-03,-1.989404857158660889e-02,-1.997694186866283417e-02,8.848779648542404175e-02,1.795144081115722656e-01,3.175999522209167480e-01,1.285860538482666016e+00,-3.489261865615844727e-02,8.205821365118026733e-02,-3.447325527667999268e-02,2.639039792120456696e-02,-1.337048411369323730e-01,-6.071942299604415894e-02,1.299231290817260742e+00,4.013342037796974182e-02,2.895152196288108826e-02,-6.818488240242004395e-02
8.957481384277343750e-01,7.294866442680358887e-02,8.659865856170654297e-01,2.447939105331897736e-02,-5.647870246320962906e-03,-9.437665939331054688e-01,-3.296565711498260498e-01,1.809576302766799927e-01,-1.568538248538970947e-01,4.936196506023406982e-01,3.212160170078277588e-01,-1.166338697075843811e-01,5.319117009639739990e-02,8.771298825740814209e-02,-1.844993792474269867e-02,-1.260957121849060059e-01,1.105539780110120773e-02,-2.529385685920715332e-02,-1.998462900519371033e-02,6.185065954923629761e-03,-1.968386024236679077e-02,-1.821371912956237793e-02,8.405151218175888062e-02,1.729656159877777100e-01,3.251675665378570557e-01,1.282963871955871582e+00,-3.420695289969444275e-02,8.056285232305526733e-02,-3.475121036171913147e-02,2.531829662621021271e-02,-1.409770846366882324e-01,-4.607375338673591614e-02,1.299197077751159668e+00,4.143529012799263000e-02,3.321366384625434875e-02,-6.632529944181442261e-02
8.980438113212585449e-01,7.569620758295059204e-02,8.657539486885070801e-01,2.443263120949268341e-02,-5.924032535403966904e-03,-9.402082562446594238e-01,-3.396710455417633057e-01,1.991510093212127686e-01,-1.907639950513839722e-01,4.709956049919128418e-01,3.848726749420166016e-01,-1.516139805316925049e-01,4.959579184651374817e-02,9.292668104171752930e-02,-9.369476698338985443e-03,-1.118774041533470154e-01,-7.943529635667800903e-03,-1.577419787645339966e-02,-1.776300929486751556e-02,1.228086743503808975e-02,-1.592551544308662415e-02,-1.530336402356624603e-02,7.860809564590454102e-02,1.653574705123901367e-01,3.293540477752685547e-01,1.283700942993164062e+00,-3.686065971851348877e-02,8.246037364006042480e-02,-3.796257823705673218e-02,2.256806194782257080e-02,-1.477021127939224243e-01,-3.102280944585800171e-02,1.302508831024169922e+00,4.220022261142730713e-02,3.402297198772430420e-02,-6.583366543054580688e-02
8.996952176094055176e-01,7.866872102022171021e-02,8.655866980552673340e-01,2.348357252776622772e-02,-4.774798173457384109e-03,-9.349938631057739258e-01,-3.538533151149749756e-01,2.088593542575836182e-01,-2.250000536441802979e-01,4.115427434444427490e-01,4.385178983211517334e-01,-1.788960099220275879e-01,4.886440560221672058e-02,9.891244024038314819e-02,-1.704448135569691658e-03,-9.597333520650863647e-02,-1.740000024437904358e-02,-9.153934195637702942e-03,-1.211973745375871658e-02,2.240994945168495178e-02,-1.082476228475570679e-02,-1.007858477532863617e-02,7.353744655847549438e-02,1.566525697708129883e-01,3.306367695331573486e-01,1.285179257392883301e+00,-3.426955267786979675e-02,8.426661789417266846e-02,-4.044615104794502258e-02,1.859422214329242706e-02,-1.525938510894775391e-01,-2.114627137780189514e-02,1.310741424560546875e+00,3.923881798982620239e-02,2.467174828052520752e-02,-6.337933242321014404e-02
8.998948335647583008e-01,8.001720905303955078e-02,8.659666776657104492e-01,2.335696108639240265e-02,-6.482769735157489777e-03,-9.303423166275024414e-01,-3.658902049064636230e-01,2.029998004436492920e-01,-2.483527362346649170e-01,3.559937775135040283e-01,4.588856697082519531e-01,-1.760815382003784180e-01,3.147675842046737671e-02,9.576885402202606201e-02,-2.530946861952543259e-03,-8.634813874959945679e-02,-1.740000024437904358e-02,-7.792743854224681854e-03,-5.887951701879501343e-03,2.463907003402709961e-02,-3.064343472942709923e-03,-9.019462391734123230e-03,7.229828834533691406e-02,1.533893793821334839e-01,3.270530700683593750e-01,1.284152388572692871e+00,-2.561351656913757324e-02,7.983011752367019653e-02,-3.989778831601142883e-02,1.492771692574024200e-02,-1.532078981399536133e-01,-2.230710349977016449e-02,1.317756295204162598e+00,5.154909938573837280e-02,1.090868841856718063e-02,-6.031557172536849976e-02
8.993135690689086914e-01,8.126857876777648926e-02,8.665310740470886230e-01,2.251813374459743500e-02,-9.697523899376392365e-03,-9.249721765518188477e-01,-3.792431950569152832e-01,1.857115179300308228e-01,-2.630016803741455078e-01,2.889499664306640625e-01,4.587470591068267822e-01,-1.643974483013153076e-01,7.320760283619165421e-03,8.786127716302871704e-02,-3.184348810464143753e-03,-7.675541937351226807e-02,-1.740000024437904358e-02,-5.789279937744140625e-03,6.393343937816098332e-05,2.308243699371814728e-02,7.746211718767881393e-03,-7.941976189613342285e-03,7.323494553565979004e-02,1.514338552951812744e-01,3.240492343902587891e-01,1.281261324882507324e+00,-2.366097830235958099e-02,7.695084810256958008e-02,-3.884617984294891357e-02,1.207086909562349319e-02,-1.548823714256286621e-01,-2.743904851377010345e-02,1.322197318077087402e+00,5.738405883312225342e-02,4.450422246009111404e-03,-6.250872462987899780e-02
8.968125581741333008e-01,8.113477379083633423e-02,8.678811192512512207e-01,2.002520859241485596e-02,-1.853208430111408234e-02,-9.116213321685791016e-01,-4.101244807243347168e-01,1.504289954900741577e-01,-2.648920714855194092e-01,2.216641157865524292e-01,4.328242838382720947e-01,-1.549121588468551636e-01,-2.262580581009387970e-02,6.206065043807029724e-02,-1.480572391301393509e-02,-4.319443553686141968e-02,-2.729939762502908707e-03,-9.687243960797786713e-03,7.498137187212705612e-03,8.021255023777484894e-03,5.364715680480003357e-02,-6.713979411870241165e-03,7.557533681392669678e-02,1.501270681619644165e-01,3.235965073108673096e-01,1.276359319686889648e+00,-2.118491195142269135e-02,7.412110269069671631e-02,-4.077491536736488342e-02,6.856338586658239365e-03,-1.608655303716659546e-01,-2.704999223351478577e-02,1.324785947799682617e+00,6.127075105905532837e-02,9.293301845900714397e-04,-6.438706070184707642e-02
8.944092392921447754e-01,8.172173798084259033e-02,8.683329820632934570e-01,1.867847144603729248e-02,-2.004935219883918762e-02,-9.038248658180236816e-01,-4.270243048667907715e-01,1.334444582462310791e-01,-2.614238560199737549e-01,1.601500660181045532e-01,4.079855978488922119e-01,-1.529840677976608276e-01,-3.384043648838996887e-02,5.463764071464538574e-02,-1.831860281527042389e-02,-1.950176805257797241e-02,7.115118671208620071e-03,-1.303418073803186417e-02,1.177461072802543640e-02,8.726743981242179871e-03,6.680263578891754150e-02,-4.656753968447446823e-03,7.858796417713165283e-02,1.482537537813186646e-01,3.222394585609436035e-01,1.275140166282653809e+00,-1.792653650045394897e-02,7.588706165552139282e-02,-4.282284528017044067e-02,4.192939959466457367e-03,-1.672804355621337891e-01,-2.544604241847991943e-02,1.324578762054443359e+00,6.229813024401664734e-02,6.505839701276272535e-05,-6.534776836633682251e-02
8.914339542388916016e-01,8.231180906295776367e-02,8.685699701309204102e-01,1.821929588913917542e-02,-2.004726789891719818e-02,-8.974738121032714844e-01,-4.402350783348083496e-01,1.194553300738334656e-01,-2.566593289375305176e-01,9.420492500066757202e-02,3.797922134399414062e-01,-1.453804671764373779e-01,-4.180714860558509827e-02,5.077576264739036560e-02,-1.974038779735565186e-02,-1.651159953325986862e-03,1.356815733015537262e-02,-1.567256823182106018e-02,1.690611802041530609e-02,1.254164241254329681e-02,6.842520833015441895e-02,-4.199998453259468079e-03,8.138047903776168823e-02,1.463155448436737061e-01,3.216456770896911621e-01,1.276529431343078613e+00,-1.405778527259826660e-02,7.775483280420303345e-02,-4.177518188953399658e-02,1.966176321730017662e-03,-1.727410107851028442e-01,-2.412443980574607849e-02,1.324390292167663574e+00,6.453454494476318359e-02,-1.620154798729345202e-04,-6.673422455787658691e-02
8.860636353492736816e-01,8.301372826099395752e-02,8.687288761138916016e-01,1.699639484286308289e-02,-1.905858889222145081e-02,-8.887550234794616699e-01,-4.576705694198608398e-01,1.029567793011665344e-01,-2.425661385059356689e-01,1.047856733202934265e-02,3.395614027976989746e-01,-1.357617974281311035e-01,-5.157772824168205261e-02,4.522117599844932556e-02,-1.787382923066616058e-02,2.078055404126644135e-02,2.028130739927291870e-02,-1.920906454324722290e-02,2.313861064612865448e-02,1.854380033910274506e-02,6.861935555934906006e-02,-3.179075662046670914e-03,8.451853692531585693e-02,1.445665210485458374e-01,3.154455721378326416e-01,1.280420899391174316e+00,-1.061007194221019745e-02,8.027773350477218628e-02,-4.001608118414878845e-02,-2.906059853557962924e-05,-1.777155846357345581e-01,-2.769320085644721985e-02,1.324524164199829102e+00,6.479090452194213867e-02,6.780113326385617256e-04,-6.735617667436599731e-02
8.813438415527343750e-01,8.336186408996582031e-02,8.686069250106811523e-01,1.634332723915576935e-02,-1.747231185436248779e-02,-8.813444375991821289e-01,-4.718681573867797852e-01,9.432163834571838379e-02,-2.279016077518463135e-01,-3.901275619864463806e-02,3.119801580905914307e-01,-1.417151987552642822e-01,-6.054654344916343689e-02,4.203525558114051819e-02,-1.810548640787601471e-02,3.771287947893142700e-02,2.887465059757232666e-02,-2.473895251750946045e-02,2.864407375454902649e-02,2.436110004782676697e-02,6.941351294517517090e-02,-3.206892171874642372e-03,8.743370324373245239e-02,1.445848792791366577e-01,3.074034452438354492e-01,1.282673954963684082e+00,-7.844317704439163208e-03,8.341638743877410889e-02,-4.096987098455429077e-02,-1.108415424823760986e-03,-1.805129647254943848e-01,-3.057933226227760315e-02,1.325326442718505859e+00,6.740579009056091309e-02,7.821009830877301283e-07,-6.869641691446304321e-02
8.764457702636718750e-01,8.368782699108123779e-02,8.682656884193420410e-01,1.657484285533428192e-02,-1.533653587102890015e-02,-8.733321428298950195e-01,-4.866015315055847168e-01,8.938821405172348022e-02,-2.138378769159317017e-01,-7.438378781080245972e-02,2.900080382823944092e-01,-1.500833034515380859e-01,-7.394342869520187378e-02,4.078123718500137329e-02,-2.172487974166870117e-02,5.569337680935859680e-02,4.166493192315101624e-02,-3.248290345072746277e-02,3.362052142620086670e-02,3.108126670122146606e-02,6.921885907649993896e-02,-4.902118816971778870e-03,9.051151573657989502e-02,1.441728621721267700e-01,3.021308481693267822e-01,1.283876299858093262e+00,-5.853114649653434753e-03,8.487217873334884644e-02,-3.986769542098045349e-02,-1.207873807288706303e-03,-1.826827228069305420e-01,-3.308747708797454834e-02,1.325662970542907715e+00,6.751985847949981689e-02,-7.235966622829437256e-04,-6.988050043582916260e-02
8.699114918708801270e-01,8.380665630102157593e-02,8.674132227897644043e-01,1.858958601951599121e-02,-1.193663571029901505e-02,-8.633059859275817871e-01,-5.041971206665039062e-01,8.732973784208297729e-02,-2.020851969718933105e-01,-1.020507439970970154e-01,2.740966975688934326e-01,-1.564631760120391846e-01,-9.170198440551757812e-02,4.257268086075782776e-02,-3.033739514648914337e-02,7.982049137353897095e-02,6.098897010087966919e-02,-4.448073357343673706e-02,3.940689563751220703e-02,4.119468852877616882e-02,5.986817553639411926e-02,-9.308899752795696259e-03,9.547084569931030273e-02,1.438312381505966187e-01,2.977849543094635010e-01,1.283237934112548828e+00,-2.931865863502025604e-03,8.569022268056869507e-02,-4.190878570079803467e-02,-1.302946940995752811e-03,-1.854318380355834961e-01,-3.588256984949111938e-02,1.323652267456054688e+00,6.472988426685333252e-02,-8.264524512924253941e-04,-6.961962580680847168e-02
8.644368648529052734e-01,8.391582965850830078e-02,8.666929602622985840e-01,1.951419934630393982e-02,-8.959293365478515625e-03,-8.556069731712341309e-01,-5.171804428100585938e-01,8.607510477304458618e-02,-1.933834850788116455e-01,-1.083123162388801575e-01,2.688276469707489014e-01,-1.403681635856628418e-01,-7.979514449834823608e-02,4.354253783822059631e-02,-3.592955693602561951e-02,9.836637973785400391e-02,7.712112367153167725e-02,-5.493731051683425903e-02,4.399508610367774963e-02,4.837353155016899109e-02,5.056615918874740601e-02,-1.032981090247631073e-02,9.739481657743453979e-02,1.421713680028915405e-01,2.942943274974822998e-01,1.283243060111999512e+00,-2.709851134568452835e-03,8.807479590177536011e-02,-4.195183888077735901e-02,-2.114335075020790100e-03,-1.859024912118911743e-01,-4.251117259263992310e-02,1.322335004806518555e+00,6.345630437135696411e-02,-1.473802141845226288e-03,-7.135320454835891724e-02
8.586916327476501465e-01,8.364540338516235352e-02,8.660104870796203613e-01,2.026411890983581543e-02,-6.125382613390684128e-03,-8.485921025276184082e-01,-5.286239385604858398e-01,8.603161573410034180e-02,-1.831331402063369751e-01,-1.002239882946014404e-01,2.693587243556976318e-01,-1.444009393453598022e-01,-6.067771837115287781e-02,4.357538372278213501e-02,-4.056046530604362488e-02,1.152240410447120667e-01,9.118750691413879395e-02,-6.297586858272552490e-02,4.823613166809082031e-02,5.414417013525962830e-02,3.746775537729263306e-02,-1.127868331968784332e-02,9.664018452167510986e-02,1.401561796665191650e-01,2.864130139350891113e-01,1.285335779190063477e+00,-3.349425271153450012e-03,8.954101800918579102e-02,-4.177751019597053528e-02,-7.809409289620816708e-04,-1.857202053070068359e-01,-5.425196141004562378e-02,1.319527626037597656e+00,6.390907615423202515e-02,1.762884785421192646e-03,-7.413884252309799194e-02
8.491053581237792969e-01,8.311958611011505127e-02,8.651312589645385742e-01,1.938738115131855011e-02,-2.247961005195975304e-03,-8.377770781517028809e-01,-5.456634759902954102e-01,8.180214464664459229e-02,-1.593782901763916016e-01,-8.513253182172775269e-02,2.570826709270477295e-01,-1.355411559343338013e-01,-3.557144105434417725e-02,3.848977759480476379e-02,-4.259485751390457153e-02,1.378356218338012695e-01,1.079755872488021851e-01,-7.210566848516464233e-02,5.624356865882873535e-02,6.138091906905174255e-02,2.231222577393054962e-02,-8.596186526119709015e-03,9.393651038408279419e-02,1.361351013183593750e-01,2.686635255813598633e-01,1.287921786308288574e+00,-3.479180624708533287e-03,8.945599943399429321e-02,-3.913633897900581360e-02,2.310281386598944664e-03,-1.871957331895828247e-01,-7.112786173820495605e-02,1.315269351005554199e+00,6.062109023332595825e-02,6.203811615705490112e-03,-7.651493698358535767e-02
8.416683673858642578e-01,8.163929730653762817e-02,8.648557066917419434e-01,2.020787820219993591e-02,-1.201179344207048416e-03,-8.301673531532287598e-01,-5.571466088294982910e-01,7.650715857744216919e-02,-1.489884108304977417e-01,-6.794563680887222290e-02,2.468181550502777100e-01,-1.171621903777122498e-01,-2.143647521734237671e-02,3.268598765134811401e-02,-4.971439763903617859e-02,1.556313633918762207e-01,1.196278780698776245e-01,-7.593806087970733643e-02,6.177032366394996643e-02,6.297347694635391235e-02,6.791430525481700897e-03,-9.533355012536048889e-03,8.857031166553497314e-02,1.340561658143997192e-01,2.541258931159973145e-01,1.290415048599243164e+00,-4.700549412518739700e-03,8.965141326189041138e-02,-3.990245983004570007e-02,4.604255314916372299e-03,-1.868580132722854614e-01,-8.278632909059524536e-02,1.311638355255126953e+00,5.911258235573768616e-02,8.668794296681880951e-03,-7.967369258403778076e-02
8.345092535018920898e-01,7.945366203784942627e-02,8.651614189147949219e-01,2.116985619068145752e-02,-2.230241196230053902e-03,-8.225795030593872070e-01,-5.682515501976013184e-01,6.659361720085144043e-02,-1.445376574993133545e-01,-5.802349746227264404e-02,2.402061671018600464e-01,-1.014019250869750977e-01,-1.645537465810775757e-02,2.381070144474506378e-02,-6.183763965964317322e-02,1.718619912862777710e-01,1.331386864185333252e-01,-7.757060229778289795e-02,6.585219502449035645e-02,5.956886336207389832e-02,-8.240477181971073151e-03,-1.079407241195440292e-02,8.135432749986648560e-02,1.340681016445159912e-01,2.368316948413848877e-01,1.292032718658447266e+00,-5.214793607592582703e-03,8.992751687765121460e-02,-3.724367544054985046e-02,6.256147287786006927e-03,-1.857269257307052612e-01,-9.210708737373352051e-02,1.308388471603393555e+00,5.770160257816314697e-02,1.023476105183362961e-02,-8.156841993331909180e-02
8.257381319999694824e-01,7.609957456588745117e-02,8.662624359130859375e-01,2.230806089937686920e-02,-4.841765854507684708e-03,-8.112403154373168945e-01,-5.842670798301696777e-01,5.330888554453849792e-02,-1.347320526838302612e-01,-3.879657387733459473e-02,2.205708473920822144e-01,-8.514451235532760620e-02,-1.133038848638534546e-02,1.060798950493335724e-02,-8.280771970748901367e-02,1.919405162334442139e-01,1.538975536823272705e-01,-7.956592738628387451e-02,7.558856904506683350e-02,5.162707343697547913e-02,-2.523917704820632935e-02,-1.268577016890048981e-02,7.097416371107101440e-02,1.369446814060211182e-01,2.104900479316711426e-01,1.292910456657409668e+00,-1.046257372945547104e-02,8.643127232789993286e-02,-3.681054711341857910e-02,1.023673824965953827e-02,-1.832978129386901855e-01,-1.035321578383445740e-01,1.303914427757263184e+00,5.546004325151443481e-02,1.220662891864776611e-02,-8.340577036142349243e-02
8.194254636764526367e-01,7.328689843416213989e-02,8.672059178352355957e-01,2.389460802078247070e-02,-7.622256875038146973e-03,-8.007476329803466797e-01,-5.984765887260437012e-01,4.428755119442939758e-02,-1.240136623382568359e-01,-1.133049279451370239e-02,1.952668428421020508e-01,-7.262458652257919312e-02,-4.069090820848941803e-03,1.527421409264206886e-03,-1.052000224590301514e-01,2.082849740982055664e-01,1.749702692031860352e-01,-8.527798205614089966e-02,8.638733625411987305e-02,4.428605362772941589e-02,-3.392320126295089722e-02,-1.609645038843154907e-02,6.583591550588607788e-02,1.427644640207290649e-01,1.913636922836303711e-01,1.289318442344665527e+00,-1.363488007336854935e-02,8.335871249437332153e-02,-3.844883292913436890e-02,1.564960367977619171e-02,-1.830487400293350220e-01,-1.079361587762832642e-01,1.298969030380249023e+00,5.362199619412422180e-02,1.962615363299846649e-02,-8.349655568599700928e-02
8.134688138961791992e-01,6.984809041023254395e-02,8.680009245872497559e-01,2.558604441583156586e-02,-1.064713392406702042e-02,-7.887434363365173340e-01,-6.140975356101989746e-01,3.433061391115188599e-02,-1.149394363164901733e-01,1.819368451833724976e-02,1.703301072120666504e-01,-5.856025591492652893e-02,7.053413894027471542e-03,-5.793054122477769852e-03,-1.334578394889831543e-01,2.244137525558471680e-01,2.040409743785858154e-01,-9.998206794261932373e-02,1.044218316674232483e-01,3.757228702306747437e-02,-4.094892367720603943e-02,-1.851200684905052185e-02,6.147600710391998291e-02,1.507288515567779541e-01,1.770553588867187500e-01,1.281008481979370117e+00,-1.702102832496166229e-02,7.443686574697494507e-02,-3.836062923073768616e-02,1.979445852339267731e-02,-1.860839426517486572e-01,-1.071948483586311340e-01,1.292858839035034180e+00,5.110995844006538391e-02,2.951926924288272858e-02,-8.102530241012573242e-02
8.066154122352600098e-01,6.471487134695053101e-02,8.686783909797668457e-01,2.717027440667152405e-02,-1.388432830572128296e-02,-7.718324065208435059e-01,-6.350935101509094238e-01,2.129103802144527435e-02,-1.050166115164756775e-01,4.939220845699310303e-02,1.423440873622894287e-01,-4.345947504043579102e-02,2.148892730474472046e-02,-1.186015922576189041e-02,-1.721255183219909668e-01,2.416112273931503296e-01,2.478073388338088989e-01,-1.403693258762359619e-01,1.452200561761856079e-01,2.833023481070995331e-02,-4.926027730107307434e-02,-1.871803216636180878e-02,5.513640865683555603e-02,1.641401201486587524e-01,1.647552996873855591e-01,1.267813801765441895e+00,-2.146493829786777496e-02,6.041738018393516541e-02,-3.693795204162597656e-02,2.281322889029979706e-02,-1.896363943815231323e-01,-1.015510857105255127e-01,1.287613630294799805e+00,4.687522724270820618e-02,4.090888425707817078e-02,-7.533935457468032837e-02
8.022509217262268066e-01,6.086312234401702881e-02,8.690566420555114746e-01,2.774464525282382965e-02,-1.467430032789707184e-02,-7.588937282562255859e-01,-6.504577398300170898e-01,1.449167821556329727e-02,-9.583181887865066528e-02,7.263392210006713867e-02,1.225292682647705078e-01,-3.437016531825065613e-02,3.019178099930286407e-02,-1.336116343736648560e-02,-1.973048746585845947e-01,2.359384596347808838e-01,2.824738323688507080e-01,-1.788473129272460938e-01,1.949069648981094360e-01,2.319788187742233276e-02,-5.434133112430572510e-02,-1.622874103486537933e-02,4.878221824765205383e-02,1.744776666164398193e-01,1.583646237850189209e-01,1.261208534240722656e+00,-2.721011266112327576e-02,5.148759484291076660e-02,-3.605895116925239563e-02,2.521277964115142822e-02,-1.895566433668136597e-01,-9.969215095043182373e-02,1.286712050437927246e+00,4.509302601218223572e-02,4.355499520897865295e-02,-7.337775826454162598e-02
7.983886003494262695e-01,5.743514001369476318e-02,8.696525692939758301e-01,2.828828059136867523e-02,-1.426722481846809387e-02,-7.459191679954528809e-01,-6.652824878692626953e-01,1.031115185469388962e-02,-8.620880544185638428e-02,9.671511501073837280e-02,1.042471528053283691e-01,-2.370078489184379578e-02,3.724494948983192444e-02,-1.093918085098266602e-02,-2.180956751108169556e-01,2.247690111398696899e-01,3.221964538097381592e-01,-2.136446386575698853e-01,1.966598331928253174e-01,2.051906846463680267e-02,-5.775788426399230957e-02,-1.322841830551624298e-02,4.022125527262687683e-02,1.822642236948013306e-01,1.524046510457992554e-01,1.260456800460815430e+00,-3.258737176656723022e-02,5.212341248989105225e-02,-3.729317709803581238e-02,2.962346747517585754e-02,-1.876350939273834229e-01,-1.007997319102287292e-01,1.288121223449707031e+00,4.577149078249931335e-02,4.134889319539070129e-02,-7.174348831176757812e-02
7.940830588340759277e-01,5.409260839223861694e-02,8.708390593528747559e-01,2.880701608955860138e-02,-1.266692951321601868e-02,-7.287810444831848145e-01,-6.840233206748962402e-01,7.496410980820655823e-03,-7.170236855745315552e-02,1.309527158737182617e-01,8.055721968412399292e-02,-5.991462152451276779e-03,3.919500112533569336e-02,-7.816256955265998840e-03,-2.381304502487182617e-01,1.859041452407836914e-01,3.761073648929595947e-01,-2.397772669792175293e-01,1.469701081514358521e-01,1.988434605300426483e-02,-6.066835671663284302e-02,-1.058371365070343018e-02,2.957423031330108643e-02,1.878421902656555176e-01,1.473245620727539062e-01,1.267390489578247070e+00,-4.061954095959663391e-02,5.977671965956687927e-02,-4.049259424209594727e-02,3.648197650909423828e-02,-1.816550493240356445e-01,-1.006454601883888245e-01,1.297515392303466797e+00,4.617463797330856323e-02,2.892496623098850250e-02,-6.919186562299728394e-02
7.906531095504760742e-01,5.232105404138565063e-02,8.717053532600402832e-01,2.834223955869674683e-02,-1.144619192928075790e-02,-7.162231802940368652e-01,-6.972016096115112305e-01,3.645190503448247910e-03,-5.949327722191810608e-02,1.592197865247726440e-01,6.311061978340148926e-02,8.256222121417522430e-03,3.704872727394104004e-02,-1.186248660087585449e-02,-2.443017512559890747e-01,1.387968957424163818e-01,4.076437652111053467e-01,-2.443214505910873413e-01,9.873808175325393677e-02,1.953057013452053070e-02,-6.103512644767761230e-02,-9.184538386762142181e-03,2.470417506992816925e-02,1.892528235912322998e-01,1.480339765548706055e-01,1.272575259208679199e+00,-4.622165113687515259e-02,6.666184216737747192e-02,-3.931414335966110229e-02,4.450855404138565063e-02,-1.800081729888916016e-01,-9.872715920209884644e-02,1.304162383079528809e+00,4.590119421482086182e-02,2.290279418230056763e-02,-6.553792208433151245e-02
7.867223620414733887e-01,5.057083815336227417e-02,8.723120689392089844e-01,2.828681096434593201e-02,-1.130546163767576218e-02,-7.045738101005554199e-01,-7.089765667915344238e-01,-1.892040483653545380e-03,-5.343022197484970093e-02,1.850845813751220703e-01,5.241665244102478027e-02,1.875955797731876373e-02,3.584336861968040466e-02,-2.198299020528793335e-02,-2.459832131862640381e-01,7.807532697916030884e-02,4.291250109672546387e-01,-2.413160800933837891e-01,6.067840754985809326e-02,1.897256448864936829e-02,-6.242702156305313110e-02,-1.070040185004472733e-02,1.879466697573661804e-02,1.813057363033294678e-01,1.613261252641677856e-01,1.284002780914306641e+00,-4.595493152737617493e-02,7.641220092773437500e-02,-4.406639933586120605e-02,5.545619875192642212e-02,-1.822374910116195679e-01,-9.739873558282852173e-02,1.306313037872314453e+00,4.556522890925407410e-02,2.240153029561042786e-02,-6.014164164662361145e-02
7.823567390441894531e-01,4.827123880386352539e-02,8.725283145904541016e-01,2.872978523373603821e-02,-1.201390195637941360e-02,-6.895906329154968262e-01,-7.235295176506042480e-01,-7.782961707562208176e-03,-5.292892828583717346e-02,2.139465212821960449e-01,4.895722866058349609e-02,2.482631988823413849e-02,3.546994552016258240e-02,-3.716974332928657532e-02,-2.391379624605178833e-01,-4.892933182418346405e-03,4.384364783763885498e-01,-2.350170761346817017e-01,4.508225247263908386e-02,1.936358399689197540e-02,-6.294109672307968140e-02,-1.455035991966724396e-02,1.924005150794982910e-02,1.785707473754882812e-01,1.711430549621582031e-01,1.286099195480346680e+00,-5.303561687469482422e-02,7.682681083679199219e-02,-4.513404890894889832e-02,7.065990567207336426e-02,-1.885600388050079346e-01,-9.871418029069900513e-02,1.305203199386596680e+00,4.482994601130485535e-02,2.636869065463542938e-02,-5.463416501879692078e-02
7.803405523300170898e-01,4.691220447421073914e-02,8.724728226661682129e-01,2.919531054794788361e-02,-1.207460276782512665e-02,-6.786227226257324219e-01,-7.338072061538696289e-01,-9.003230370581150055e-03,-5.392467603087425232e-02,2.331806272268295288e-01,5.098002776503562927e-02,2.486124634742736816e-02,3.661347925662994385e-02,-4.462238401174545288e-02,-2.259165495634078979e-01,-6.001701578497886658e-02,4.307700395584106445e-01,-2.247581332921981812e-01,4.033147171139717102e-02,2.090586349368095398e-02,-6.281628459692001343e-02,-1.724136061966419220e-02,2.204475179314613342e-02,1.784919351339340210e-01,1.738442778587341309e-01,1.284298062324523926e+00,-5.201061069965362549e-02,7.308589667081832886e-02,-4.580320045351982117e-02,8.119297772645950317e-02,-1.940718293190002441e-01,-1.010525897145271301e-01,1.302908420562744141e+00,4.307352751493453979e-02,2.956202812492847443e-02,-5.174268037080764771e-02
7.798141837120056152e-01,4.561710357666015625e-02,8.724115490913391113e-01,2.966465055942535400e-02,-1.182250492274761200e-02,-6.677745580673217773e-01,-7.436782717704772949e-01,-7.250855211168527603e-03,-5.447022616863250732e-02,2.537005245685577393e-01,5.411054566502571106e-02,1.950781419873237610e-02,3.618193045258522034e-02,-4.768151789903640747e-02,-2.077289521694183350e-01,-1.062260717153549194e-01,4.122480154037475586e-01,-2.114744484424591064e-01,3.510177880525588989e-02,2.236751466989517212e-02,-6.153625622391700745e-02,-1.991716586053371429e-02,2.734399028122425079e-02,1.805204451084136963e-01,1.742165088653564453e-01,1.279945969581604004e+00,-4.930724948644638062e-02,6.857994943857192993e-02,-4.469646513462066650e-02,8.895238488912582397e-02,-1.945027559995651245e-01,-1.078127920627593994e-01,1.303320527076721191e+00,4.428087919950485229e-02,2.985071949660778046e-02,-5.025386065244674683e-02
7.809119224548339844e-01,4.368529841303825378e-02,8.722875118255615234e-01,3.026458062231540680e-02,-1.180756464600563049e-02,-6.522562503814697266e-01,-7.573020458221435547e-01,-2.759003080427646637e-03,-5.575029179453849792e-02,2.844602167606353760e-01,5.933423712849617004e-02,1.118915900588035583e-02,3.588249534368515015e-02,-4.536245763301849365e-02,-1.788337677717208862e-01,-1.496491879224777222e-01,3.707117736339569092e-01,-1.937768161296844482e-01,3.096543624997138977e-02,2.393584512174129486e-02,-5.719459801912307739e-02,-2.376449666917324066e-02,3.819154202938079834e-02,1.842282861471176147e-01,1.792502850294113159e-01,1.271835327148437500e+00,-4.598378390073776245e-02,5.990919843316078186e-02,-4.130684956908226013e-02,9.519307315349578857e-02,-1.905633509159088135e-01,-1.187326908111572266e-01,1.305213212966918945e+00,3.990717232227325439e-02,2.545038238167762756e-02,-4.968146234750747681e-02
7.826541662216186523e-01,4.197154566645622253e-02,8.721908926963806152e-01,3.069588169455528259e-02,-1.238984707742929459e-02,-6.400342583656311035e-01,-7.676329612731933594e-01,1.114675076678395271e-03,-5.800457298755645752e-02,3.053390979766845703e-01,6.402590870857238770e-02,5.547830369323492050e-03,3.574757277965545654e-02,-4.051814973354339600e-02,-1.561162769794464111e-01,-1.722318083047866821e-01,3.293932676315307617e-01,-1.736142635345458984e-01,2.981647849082946777e-02,2.409444190561771393e-02,-5.207658559083938599e-02,-2.691790834069252014e-02,4.700647667050361633e-02,1.863769441843032837e-01,1.865071952342987061e-01,1.266928434371948242e+00,-4.418402165174484253e-02,5.522223934531211853e-02,-3.879361972212791443e-02,9.646327793598175049e-02,-1.865103840827941895e-01,-1.225138902664184570e-01,1.307164549827575684e+00,4.024707898497581482e-02,2.201956696808338165e-02,-4.910539835691452026e-02
7.852542400360107422e-01,4.013137891888618469e-02,8.720572590827941895e-01,3.056648559868335724e-02,-1.357045490294694901e-02,-6.284787654876708984e-01,-7.771074175834655762e-01,4.005941562354564667e-03,-5.954134091734886169e-02,3.230452835559844971e-01,6.667660176753997803e-02,1.918604248203337193e-03,3.473912179470062256e-02,-3.407993540167808533e-02,-1.316145509481430054e-01,-1.905852109193801880e-01,2.813834547996520996e-01,-1.562875956296920776e-01,3.543311357498168945e-02,2.147685922682285309e-02,-4.740795865654945374e-02,-3.041920065879821777e-02,5.721743032336235046e-02,1.889071911573410034e-01,1.953617930412292480e-01,1.262799978256225586e+00,-4.070632904767990112e-02,5.388798192143440247e-02,-3.713158145546913147e-02,9.619119018316268921e-02,-1.815224289894104004e-01,-1.232638806104660034e-01,1.307773470878601074e+00,4.022787511348724365e-02,2.026661299169063568e-02,-4.609624296426773071e-02
7.898948192596435547e-01,3.769788518548011780e-02,8.717094659805297852e-01,2.918778173625469208e-02,-1.534174289554357529e-02,-6.141552329063415527e-01,-7.884960770606994629e-01,6.881537381559610367e-03,-5.886211246252059937e-02,3.449836671352386475e-01,6.797257810831069946e-02,-2.232971368357539177e-03,3.187627717852592468e-02,-2.405620925128459930e-02,-9.902345389127731323e-02,-2.116148620843887329e-01,2.146097719669342041e-01,-1.230135336518287659e-01,4.974721372127532959e-02,1.528705842792987823e-02,-4.199554398655891418e-02,-3.363212570548057556e-02,7.085140049457550049e-02,1.915984451770782471e-01,2.082684189081192017e-01,1.260840773582458496e+00,-3.613706305623054504e-02,5.437549576163291931e-02,-3.310254588723182678e-02,9.418667852878570557e-02,-1.744827628135681152e-01,-1.200912594795227051e-01,1.306512832641601562e+00,3.870149701833724976e-02,2.566282823681831360e-02,-4.656787216663360596e-02
7.944677472114562988e-01,3.539132326841354370e-02,8.713142871856689453e-01,2.748072333633899689e-02,-1.688094623386859894e-02,-6.041366457939147949e-01,-7.962278127670288086e-01,9.017029777169227600e-03,-5.837264284491539001e-02,3.609297871589660645e-01,6.930537521839141846e-02,-4.854588769376277924e-03,3.020112589001655579e-02,-1.462057977914810181e-02,-7.610566169023513794e-02,-2.175326943397521973e-01,1.647311151027679443e-01,-1.034388914704322815e-01,5.065177753567695618e-02,8.645166642963886261e-03,-3.782496601343154907e-02,-3.521987795829772949e-02,8.053423464298248291e-02,1.948393434286117554e-01,2.165783494710922241e-01,1.260701537132263184e+00,-3.448820114135742188e-02,5.533513426780700684e-02,-3.019865602254867554e-02,9.192877262830734253e-02,-1.682315468788146973e-01,-1.168995946645736694e-01,1.303208947181701660e+00,3.815978392958641052e-02,2.897930331528186798e-02,-4.694875329732894897e-02
8.001613020896911621e-01,3.242183104157447815e-02,8.708138465881347656e-01,2.592333219945430756e-02,-1.846647448837757111e-02,-5.954396128654479980e-01,-8.027693629264831543e-01,1.332598831504583359e-02,-5.921327695250511169e-02,3.749355971813201904e-01,7.166610658168792725e-02,-6.610739510506391525e-03,2.706690877676010132e-02,-4.719833843410015106e-03,-6.038279831409454346e-02,-2.086386680603027344e-01,1.274236887693405151e-01,-1.005924195051193237e-01,3.486419469118118286e-02,2.084332518279552460e-03,-3.598227351903915405e-02,-3.629231080412864685e-02,8.927737921476364136e-02,1.985756158828735352e-01,2.262695431709289551e-01,1.260689020156860352e+00,-3.529009968042373657e-02,5.496890470385551453e-02,-2.897197939455509186e-02,8.896975964307785034e-02,-1.620480567216873169e-01,-1.137042865157127380e-01,1.297773599624633789e+00,3.718294948339462280e-02,3.520462661981582642e-02,-4.784205183386802673e-02
8.095599412918090820e-01,2.787661366164684296e-02,8.699642419815063477e-01,2.279084175825119019e-02,-2.019089646637439728e-02,-5.837565660476684570e-01,-8.113576173782348633e-01,2.051744610071182251e-02,-5.968470498919487000e-02,3.906345665454864502e-01,7.733915746212005615e-02,-7.437869440764188766e-03,2.329355105757713318e-02,6.442571524530649185e-03,-4.501853138208389282e-02,-1.821488589048385620e-01,9.164021909236907959e-02,-8.781638741493225098e-02,2.001292258501052856e-02,-9.639959782361984253e-03,-3.054894693195819855e-02,-3.360934555530548096e-02,1.008243784308433533e-01,2.051833271980285645e-01,2.464378923177719116e-01,1.256726264953613281e+00,-3.511872515082359314e-02,5.056586489081382751e-02,-2.659825235605239868e-02,8.180365711450576782e-02,-1.507796347141265869e-01,-1.072620078921318054e-01,1.291227698326110840e+00,3.206179291009902954e-02,4.143391549587249756e-02,-4.939635097980499268e-02
8.167102932929992676e-01,2.415668033063411713e-02,8.693375587463378906e-01,1.977971009910106659e-02,-2.115234732627868652e-02,-5.743593573570251465e-01,-8.180908560752868652e-01,2.578089572489261627e-02,-5.979563295841217041e-02,3.995622098445892334e-01,8.408807963132858276e-02,-8.845225907862186432e-03,1.866655051708221436e-02,1.154104992747306824e-02,-4.037638008594512939e-02,-1.598895043134689331e-01,8.015416562557220459e-02,-8.373050391674041748e-02,1.381718087941408157e-02,-1.933389529585838318e-02,-2.272108756005764008e-02,-2.889236807823181152e-02,1.089055985212326050e-01,2.102370709180831909e-01,2.633694708347320557e-01,1.252092003822326660e+00,-3.293883427977561951e-02,4.718809947371482849e-02,-2.522471174597740173e-02,7.352152466773986816e-02,-1.418333798646926880e-01,-9.620361030101776123e-02,1.289719223976135254e+00,2.755734883248806000e-02,4.122943803668022156e-02,-5.042932555079460144e-02
8.236637711524963379e-01,2.089434675872325897e-02,8.688476681709289551e-01,1.741746999323368073e-02,-2.128212712705135345e-02,-5.652340054512023926e-01,-8.244720697402954102e-01,3.482398018240928650e-02,-6.164770200848579407e-02,4.085613191127777100e-01,9.738032519817352295e-02,-1.329026650637388229e-02,1.069814525544643402e-02,1.790620572865009308e-02,-3.859754651784896851e-02,-1.372267156839370728e-01,7.531338185071945190e-02,-7.748077064752578735e-02,6.718550343066453934e-03,-2.562870830297470093e-02,-1.472937036305665970e-02,-2.437885105609893799e-02,1.162548661231994629e-01,2.120072394609451294e-01,2.807177603244781494e-01,1.248108029365539551e+00,-2.918775938451290131e-02,4.533938318490982056e-02,-2.455172874033451080e-02,6.566692143678665161e-02,-1.344741433858871460e-01,-8.076139539480209351e-02,1.291006803512573242e+00,2.608301118016242981e-02,3.850390017032623291e-02,-5.108820647001266479e-02
8.329447507858276367e-01,1.717672124505043030e-02,8.681682348251342773e-01,1.570973359048366547e-02,-1.994625292718410492e-02,-5.549871325492858887e-01,-8.314713835716247559e-01,5.718522891402244568e-02,-7.326082140207290649e-02,4.210867285728454590e-01,1.369839310646057129e-01,-2.633912861347198486e-02,-7.942148367874324322e-04,3.092189319431781769e-02,-3.586513549089431763e-02,-1.100350096821784973e-01,7.233792543411254883e-02,-6.873799115419387817e-02,-7.287939079105854034e-03,-2.819876186549663544e-02,-7.543351035565137863e-03,-1.936279796063899994e-02,1.240596771240234375e-01,2.103920578956604004e-01,2.991851866245269775e-01,1.246750116348266602e+00,-2.411467954516410828e-02,4.733517020940780640e-02,-2.359133772552013397e-02,5.828736349940299988e-02,-1.312629282474517822e-01,-5.343317985534667969e-02,1.292584180831909180e+00,3.259102627635002136e-02,4.025379940867424011e-02,-5.025932565331459045e-02
8.400167226791381836e-01,1.429235935211181641e-02,8.671280741691589355e-01,1.667594537138938904e-02,-1.741530559957027435e-02,-5.488326549530029297e-01,-8.355844616889953613e-01,8.835677057504653931e-02,-9.558330476284027100e-02,4.324199557304382324e-01,1.955340802669525146e-01,-4.669737443327903748e-02,-1.085948012769222260e-02,4.736736044287681580e-02,-3.151427581906318665e-02,-9.012835472822189331e-02,6.786194443702697754e-02,-6.378109008073806763e-02,-2.038040570914745331e-02,-2.301288209855556488e-02,-6.899508647620677948e-03,-1.545547507703304291e-02,1.274964064359664917e-01,2.068990021944046021e-01,3.109211027622222900e-01,1.247403264045715332e+00,-2.065125666558742523e-02,5.049794167280197144e-02,-2.160788327455520630e-02,5.417916178703308105e-02,-1.365990638732910156e-01,-2.755484171211719513e-02,1.290244221687316895e+00,3.568835929036140442e-02,4.992749541997909546e-02,-4.508097842335700989e-02
8.454356193542480469e-01,1.202107407152652740e-02,8.661788105964660645e-01,1.737569645047187805e-02,-1.561271958053112030e-02,-5.442515015602111816e-01,-8.385968208312988281e-01,1.144594624638557434e-01,-1.174564585089683533e-01,4.367895424365997314e-01,2.491586655378341675e-01,-6.604408472776412964e-02,-9.051638655364513397e-03,5.953830853104591370e-02,-2.674254402518272400e-02,-7.747473567724227905e-02,6.197521835565567017e-02,-5.952301993966102600e-02,-2.854437008500099182e-02,-1.902228780090808868e-02,-8.531761355698108673e-03,-1.269222330302000046e-02,1.306534111499786377e-01,2.026972472667694092e-01,3.227325975894927979e-01,1.247568964958190918e+00,-1.869030855596065521e-02,5.204806849360466003e-02,-1.904812827706336975e-02,5.004644766449928284e-02,-1.445101201534271240e-01,-5.150247830897569656e-03,1.286437988281250000e+00,3.412762656807899475e-02,6.076125800609588623e-02,-4.193239286541938782e-02
8.514814376831054688e-01,9.269854053854942322e-03,8.652361631393432617e-01,1.856406964361667633e-02,-1.255839783698320389e-02,-5.368014574050903320e-01,-8.434108495712280273e-01,1.517396867275238037e-01,-1.535324901342391968e-01,4.334279298782348633e-01,3.337649703025817871e-01,-1.004805564880371094e-01,2.990353666245937347e-02,7.547231763601303101e-02,-1.683831401169300079e-02,-5.768509581685066223e-02,4.890261217951774597e-02,-5.252699926495552063e-02,-3.912343084812164307e-02,-1.272107567638158798e-02,-7.861454039812088013e-03,-8.421792648732662201e-03,1.324723213911056519e-01,1.957301050424575806e-01,3.359793722629547119e-01,1.249165058135986328e+00,-1.875403150916099548e-02,5.549703165888786316e-02,-1.746197231113910675e-02,4.393328726291656494e-02,-1.537599116563796997e-01,1.186000835150480270e-02,1.280500769615173340e+00,3.007206134498119354e-02,7.120717316865921021e-02,-4.077020287513732910e-02
8.538917303085327148e-01,7.540013175457715988e-03,8.647426962852478027e-01,1.954631321132183075e-02,-1.017999555915594101e-02,-5.295990705490112305e-01,-8.479617238044738770e-01,1.756815016269683838e-01,-1.843190342187881470e-01,4.191827774047851562e-01,3.999818861484527588e-01,-1.411622613668441772e-01,4.892138019204139709e-02,8.495660126209259033e-02,-8.881038054823875427e-03,-3.962334245443344116e-02,3.675237298011779785e-02,-4.445149004459381104e-02,-4.539391770958900452e-02,-8.100591599941253662e-03,-4.028176423162221909e-03,-5.674134939908981323e-03,1.320867389440536499e-01,1.902866512537002563e-01,3.415275812149047852e-01,1.253446221351623535e+00,-1.976263523101806641e-02,6.121856346726417542e-02,-1.894998177886009216e-02,3.714681044220924377e-02,-1.573992073535919189e-01,2.012397721409797668e-02,1.281220436096191406e+00,2.533339150249958038e-02,7.404664158821105957e-02,-4.252516850829124451e-02
8.553021550178527832e-01,6.850692909210920334e-03,8.650430440902709961e-01,1.812253147363662720e-02,-9.015112183988094330e-03,-5.220453739166259766e-01,-8.526775240898132324e-01,1.820076107978820801e-01,-2.068284302949905396e-01,3.837759792804718018e-01,4.418539106845855713e-01,-1.662871688604354858e-01,4.980910196900367737e-02,8.564706891775131226e-02,-2.160890726372599602e-03,-2.814431861042976379e-02,2.842557989060878754e-02,-3.677711263298988342e-02,-4.775463417172431946e-02,-1.068658102303743362e-02,2.949477406218647957e-03,-2.736459951847791672e-03,1.328829675912857056e-01,1.858408749103546143e-01,3.478104174137115479e-01,1.257663130760192871e+00,-1.731937378644943237e-02,6.704667955636978149e-02,-2.074542827904224396e-02,3.027912788093090057e-02,-1.563926935195922852e-01,2.120627090334892273e-02,1.285344243049621582e+00,2.094562165439128876e-02,6.769929826259613037e-02,-4.764487221837043762e-02
8.567951321601867676e-01,7.006300613284111023e-03,8.657382130622863770e-01,1.496185641735792160e-02,-9.043303318321704865e-03,-5.095617175102233887e-01,-8.602564930915832520e-01,1.734451204538345337e-01,-2.273580282926559448e-01,3.148413002490997314e-01,4.652795493602752686e-01,-1.727581620216369629e-01,3.711633756756782532e-02,8.056059479713439941e-02,2.285851864144206047e-03,-1.326099131256341934e-02,2.408037148416042328e-02,-2.928929217159748077e-02,-4.853300377726554871e-02,-1.846372336149215698e-02,1.811135187745094299e-02,-7.294227252714335918e-04,1.375325024127960205e-01,1.833600550889968872e-01,3.542590141296386719e-01,1.259872674942016602e+00,-1.675880141556262970e-02,7.033786922693252563e-02,-1.978313364088535309e-02,2.138019725680351257e-02,-1.506863534450531006e-01,1.218037493526935577e-02,1.292369127273559570e+00,3.536431491374969482e-02,5.238193273544311523e-02,-5.011718347668647766e-02
8.575270771980285645e-01,7.614849600940942764e-03,8.662207722663879395e-01,1.257977914065122604e-02,-9.572797454893589020e-03,-4.979158043861389160e-01,-8.670812845230102539e-01,1.593738943338394165e-01,-2.353595346212387085e-01,2.499354779720306396e-01,4.618254005908966064e-01,-1.664115041494369507e-01,2.128950133919715881e-02,7.515439391136169434e-02,1.582156517542898655e-03,2.044070512056350708e-03,2.711409516632556915e-02,-2.714201435446739197e-02,-5.114986002445220947e-02,-2.483868785202503204e-02,3.249780833721160889e-02,-2.175062400056049228e-04,1.418608576059341431e-01,1.832847893238067627e-01,3.572122752666473389e-01,1.259858846664428711e+00,-1.794421114027500153e-02,7.014650851488113403e-02,-1.747664436697959900e-02,1.595910824835300446e-02,-1.487582772970199585e-01,8.369587361812591553e-03,1.294833183288574219e+00,3.694671019911766052e-02,4.731601849198341370e-02,-5.409631133079528809e-02
8.576317429542541504e-01,8.712724782526493073e-03,8.666709065437316895e-01,1.045292895287275314e-02,-1.044965442270040512e-02,-4.849936366081237793e-01,-8.743927478790283203e-01,1.413458734750747681e-01,-2.380988597869873047e-01,1.764413714408874512e-01,4.459869563579559326e-01,-1.651914715766906738e-01,4.509558901190757751e-03,6.866003572940826416e-02,-1.161423162557184696e-03,1.812198944389820099e-02,3.208878636360168457e-02,-2.630624920129776001e-02,-5.073347315192222595e-02,-3.178576752543449402e-02,4.677449166774749756e-02,-1.004343386739492416e-03,1.483631879091262817e-01,1.852347403764724731e-01,3.595432043075561523e-01,1.257969856262207031e+00,-1.230080798268318176e-02,7.020248472690582275e-02,-1.797517016530036926e-02,1.138127315789461136e-02,-1.496158391237258911e-01,1.069621369242668152e-02,1.294303655624389648e+00,3.855956345796585083e-02,4.684893786907196045e-02,-5.772137269377708435e-02
8.563713431358337402e-01,1.116173993796110153e-02,8.672760725021362305e-01,7.815605960786342621e-03,-1.126274559646844864e-02,-4.665356874465942383e-01,-8.843961358070373535e-01,1.134476065635681152e-01,-2.323233634233474731e-01,6.749448925256729126e-02,4.103895723819732666e-01,-1.709359586238861084e-01,-9.878477081656455994e-03,5.851827934384346008e-02,-4.616764374077320099e-03,4.047314822673797607e-02,3.841911256313323975e-02,-2.502949722111225128e-02,-4.849712178111076355e-02,-3.923401609063148499e-02,6.530818343162536621e-02,-1.246196217834949493e-03,1.531155407428741455e-01,1.845207959413528442e-01,3.655554056167602539e-01,1.259812355041503906e+00,-1.139865908771753311e-02,7.430903613567352295e-02,-1.824164763092994690e-02,5.524618085473775864e-03,-1.522736549377441406e-01,1.477528549730777740e-02,1.292113900184631348e+00,3.335766494274139404e-02,5.000186711549758911e-02,-5.957935377955436707e-02
8.548461198806762695e-01,1.363349054008722305e-02,8.675523996353149414e-01,6.973965559154748917e-03,-1.122431363910436630e-02,-4.528603255748748779e-01,-8.914835453033447266e-01,9.685354679822921753e-02,-2.231961488723754883e-01,-1.074977312237024307e-02,3.783400952816009521e-01,-1.750109791755676270e-01,-2.334302291274070740e-02,5.260246619582176208e-02,-6.360181141644716263e-03,5.640773847699165344e-02,4.155555739998817444e-02,-2.335868775844573975e-02,-4.421307891607284546e-02,-4.088416323065757751e-02,7.455468922853469849e-02,-1.608252641744911671e-03,1.550246626138687134e-01,1.823771148920059204e-01,3.689002096652984619e-01,1.263616800308227539e+00,-8.371992968022823334e-03,7.889031618833541870e-02,-1.782083325088024139e-02,2.019323874264955521e-03,-1.551224142313003540e-01,1.738480292260646820e-02,1.290094733238220215e+00,3.680905327200889587e-02,5.177909508347511292e-02,-6.077700853347778320e-02
8.531372547149658203e-01,1.664650067687034607e-02,8.676814436912536621e-01,7.081380579620599747e-03,-1.080152299255132675e-02,-4.387408494949340820e-01,-8.985208272933959961e-01,8.589250594377517700e-02,-2.109429091215133667e-01,-7.501709461212158203e-02,3.453699350357055664e-01,-1.745804846286773682e-01,-3.888343274593353271e-02,4.813743010163307190e-02,-7.547522429376840591e-03,7.154092192649841309e-02,4.344127699732780457e-02,-2.201534621417522430e-02,-3.712208196520805359e-02,-3.947291895747184753e-02,8.079785853624343872e-02,-1.994175836443901062e-03,1.576317250728607178e-01,1.810283809900283813e-01,3.681516945362091064e-01,1.266560316085815430e+00,-6.424646824598312378e-03,8.208415657281875610e-02,-1.743544265627861023e-02,-6.197266047820448875e-04,-1.587896347045898438e-01,2.049980498850345612e-02,1.288272142410278320e+00,4.320911318063735962e-02,5.442734435200691223e-02,-6.175626069307327271e-02
8.506424427032470703e-01,2.108088508248329163e-02,8.675524592399597168e-01,7.963707670569419861e-03,-9.713964536786079407e-03,-4.188417196273803711e-01,-9.079723954200744629e-01,7.785615324974060059e-02,-1.927008479833602905e-01,-1.276341825723648071e-01,3.077195584774017334e-01,-1.750978231430053711e-01,-6.389185041189193726e-02,4.321673884987831116e-02,-9.871917776763439178e-03,9.170312434434890747e-02,4.778854921460151672e-02,-2.191440574824810028e-02,-2.545481547713279724e-02,-3.504050523042678833e-02,8.704269677400588989e-02,-2.723813755437731743e-03,1.586180478334426880e-01,1.769834458827972412e-01,3.672610521316528320e-01,1.271442294120788574e+00,-6.614366080611944199e-03,8.741384744644165039e-02,-2.203303389251232147e-02,-3.512159222736954689e-03,-1.597879379987716675e-01,1.629899255931377411e-02,1.287046909332275391e+00,4.021693021059036255e-02,5.262683704495429993e-02,-6.432397663593292236e-02
8.483614325523376465e-01,2.463025227189064026e-02,8.672169446945190430e-01,9.674317203462123871e-03,-8.464361540973186493e-03,-4.037562012672424316e-01,-9.147763252258300781e-01,7.570118457078933716e-02,-1.816847026348114014e-01,-1.391875743865966797e-01,2.895665764808654785e-01,-1.736765652894973755e-01,-8.208923786878585815e-02,4.113223776221275330e-02,-1.349090039730072021e-02,1.049373447895050049e-01,5.383906513452529907e-02,-2.495547570288181305e-02,-1.181937567889690399e-02,-2.872224710881710052e-02,8.781483024358749390e-02,-3.173566190525889397e-03,1.582349538803100586e-01,1.729436367750167847e-01,3.680704534053802490e-01,1.274525761604309082e+00,-3.586310660466551781e-03,9.006337821483612061e-02,-2.484047785401344299e-02,-5.483483895659446716e-03,-1.611677259206771851e-01,1.540824212133884430e-02,1.287997007369995117e+00,4.217006266117095947e-02,5.146281793713569641e-02,-6.750056892633438110e-02
8.459469079971313477e-01,2.854509092867374420e-02,8.666587471961975098e-01,1.242536306381225586e-02,-6.578340660780668259e-03,-3.892382383346557617e-01,-9.210298061370849609e-01,7.622531056404113770e-02,-1.730377674102783203e-01,-1.349138766527175903e-01,2.789094448089599609e-01,-1.588469147682189941e-01,-9.015433490276336670e-02,4.180143028497695923e-02,-1.811401918530464172e-02,1.183630600571632385e-01,6.283003091812133789e-02,-3.050660900771617889e-02,4.960694350302219391e-04,-1.900004595518112183e-02,8.362720161676406860e-02,-3.028330160304903984e-03,1.581827849149703979e-01,1.696007400751113892e-01,3.679289221763610840e-01,1.274714112281799316e+00,-1.414179569110274315e-03,9.038572758436203003e-02,-2.377410046756267548e-02,-7.117407396435737610e-03,-1.618442386388778687e-01,1.185961812734603882e-02,1.289838194847106934e+00,4.385684430599212646e-02,4.840013012290000916e-02,-6.876625865697860718e-02
8.417076468467712402e-01,3.449341654777526855e-02,8.658294081687927246e-01,1.574531383812427521e-02,-4.227186553180217743e-03,-3.724947869777679443e-01,-9.278910756111145020e-01,7.729788869619369507e-02,-1.614804416894912720e-01,-1.119626536965370178e-01,2.735714018344879150e-01,-1.480411887168884277e-01,-5.109154805541038513e-02,4.091386124491691589e-02,-2.666840702295303345e-02,1.339686065912246704e-01,7.961422204971313477e-02,-4.081057757139205933e-02,1.709696277976036072e-02,-6.666470784693956375e-03,7.061701267957687378e-02,-2.708670217543840408e-03,1.564403474330902100e-01,1.642597913742065430e-01,3.646371960639953613e-01,1.274926543235778809e+00,-2.804864489007741213e-04,9.058386087417602539e-02,-2.478634193539619446e-02,-6.487277336418628693e-03,-1.627874374389648438e-01,-1.211386523209512234e-03,1.291368246078491211e+00,4.705695062875747681e-02,4.572108760476112366e-02,-7.119036465883255005e-02
8.376309871673583984e-01,3.958555310964584351e-02,8.652809858322143555e-01,1.782624237239360809e-02,-3.394584869965910912e-03,-3.617593646049499512e-01,-9.320948719978332520e-01,7.559575885534286499e-02,-1.514690071344375610e-01,-9.731401503086090088e-02,2.636310756206512451e-01,-1.430467069149017334e-01,-3.713615983724594116e-02,3.788190335035324097e-02,-3.620114922523498535e-02,1.449584066867828369e-01,9.509652853012084961e-02,-4.913368076086044312e-02,2.839696966111660004e-02,8.079073159024119377e-04,5.699589103460311890e-02,-3.478977596387267113e-03,1.517354100942611694e-01,1.601993590593338013e-01,3.569669425487518311e-01,1.276857256889343262e+00,-1.229606103152036667e-03,9.201499819755554199e-02,-2.297874167561531067e-02,-3.945784643292427063e-03,-1.645139306783676147e-01,-1.503839064389467239e-02,1.291118621826171875e+00,4.778141155838966370e-02,4.388631880283355713e-02,-7.308248430490493774e-02
8.330494165420532227e-01,4.522464051842689514e-02,8.651099205017089844e-01,1.909186132252216339e-02,-2.644851105287671089e-03,-3.524224758148193359e-01,-9.356425404548645020e-01,7.115700095891952515e-02,-1.382172405719757080e-01,-8.643280714750289917e-02,2.456670850515365601e-01,-1.299152672290802002e-01,-2.594547532498836517e-02,3.244298323988914490e-02,-4.439001157879829407e-02,1.567014455795288086e-01,1.087874770164489746e-01,-5.602147802710533142e-02,3.742347657680511475e-02,6.399993784725666046e-03,3.980679064989089966e-02,-3.293976187705993652e-03,1.439867019653320312e-01,1.558270007371902466e-01,3.439800441265106201e-01,1.281489014625549316e+00,-7.333495886996388435e-04,9.416026622056961060e-02,-2.592268399894237518e-02,-1.015983056277036667e-03,-1.668545007705688477e-01,-2.880634739995002747e-02,1.291086435317993164e+00,4.699051752686500549e-02,4.087598994374275208e-02,-7.643952965736389160e-02
8.262921571731567383e-01,5.252913385629653931e-02,8.658401966094970703e-01,1.862351223826408386e-02,-2.845055889338254929e-03,-3.408078849315643311e-01,-9.399441480636596680e-01,5.807934328913688660e-02,-1.249881610274314880e-01,-8.069028705358505249e-02,2.246095389127731323e-01,-1.114230901002883911e-01,-1.980504207313060760e-02,1.982244290411472321e-02,-5.702842772006988525e-02,1.716585606336593628e-01,1.265552639961242676e-01,-6.133399903774261475e-02,4.804035648703575134e-02,7.163784932345151901e-03,1.602021791040897369e-02,-2.058299956843256950e-03,1.274561285972595215e-01,1.498875916004180908e-01,3.184179365634918213e-01,1.293332099914550781e+00,-4.569714888930320740e-03,1.044225022196769714e-01,-3.054584190249443054e-02,1.711977645754814148e-03,-1.671890914440155029e-01,-4.841263219714164734e-02,1.294110298156738281e+00,4.815118759870529175e-02,3.429692983627319336e-02,-8.018305897712707520e-02
8.211764097213745117e-01,5.747342109680175781e-02,8.667322397232055664e-01,1.831036992371082306e-02,-4.043303430080413818e-03,-3.322011530399322510e-01,-9.430221319198608398e-01,4.968160763382911682e-02,-1.169939115643501282e-01,-6.863725185394287109e-02,2.075985521078109741e-01,-1.039396002888679504e-01,-2.075312845408916473e-02,1.046351809054613113e-02,-7.131846994161605835e-02,1.798473149538040161e-01,1.434325128793716431e-01,-6.625639647245407104e-02,5.847338959574699402e-02,6.121582351624965668e-03,-1.396385254338383675e-03,-3.259717021137475967e-03,1.137321516871452332e-01,1.473922282457351685e-01,2.926847934722900391e-01,1.303259730339050293e+00,-7.148238364607095718e-03,1.130569279193878174e-01,-3.404797613620758057e-02,6.462689954787492752e-03,-1.651304364204406738e-01,-6.744100153446197510e-02,1.296642541885375977e+00,4.550699517130851746e-02,2.730320021510124207e-02,-8.195836842060089111e-02
8.159226775169372559e-01,6.202689930796623230e-02,8.675373196601867676e-01,1.772637479007244110e-02,-6.759619805961847305e-03,-3.210365176200866699e-01,-9.468767642974853516e-01,4.017013311386108398e-02,-1.086313724517822266e-01,-4.738285019993782043e-02,1.843799799680709839e-01,-9.357640892267227173e-02,-1.566224545240402222e-02,3.689157310873270035e-04,-9.316836297512054443e-02,1.871489584445953369e-01,1.673305183649063110e-01,-7.694478332996368408e-02,7.174244523048400879e-02,2.644908148795366287e-03,-1.284987945109605789e-02,-7.132451981306076050e-03,1.014153808355331421e-01,1.485177576541900635e-01,2.654692530632019043e-01,1.309101581573486328e+00,-1.283194031566381454e-02,1.136763468384742737e-01,-3.455491736531257629e-02,1.273894309997558594e-02,-1.627646088600158691e-01,-8.533960580825805664e-02,1.299064993858337402e+00,4.506662115454673767e-02,2.271485514938831329e-02,-8.137535303831100464e-02
8.087391257286071777e-01,6.722851842641830444e-02,8.682240247726440430e-01,1.581891998648643494e-02,-1.094601303339004517e-02,-3.020391166210174561e-01,-9.531013965606689453e-01,2.406925335526466370e-02,-9.659747779369354248e-02,-2.020525559782981873e-02,1.498581767082214355e-01,-7.467148452997207642e-02,-3.561293240636587143e-03,-1.256979070603847504e-02,-1.317810267210006714e-01,1.980651617050170898e-01,2.122988849878311157e-01,-9.901469200849533081e-02,9.060720354318618774e-02,-5.661166738718748093e-03,-1.887812279164791107e-02,-1.031686086207628250e-02,8.709716051816940308e-02,1.565881371498107910e-01,2.320396155118942261e-01,1.306270122528076172e+00,-2.146720699965953827e-02,1.056470796465873718e-01,-3.504301235079765320e-02,2.058400213718414307e-02,-1.618165969848632812e-01,-1.048162281513214111e-01,1.299874424934387207e+00,4.954297468066215515e-02,2.383707836270332336e-02,-7.518302649259567261e-02
8.032331466674804688e-01,7.029903680086135864e-02,8.683918118476867676e-01,1.342915277928113937e-02,-1.334017608314752579e-02,-2.864278852939605713e-01,-9.579148292541503906e-01,1.018828619271516800e-02,-8.722298592329025269e-02,-5.939585156738758087e-03,1.251125633716583252e-01,-5.948509275913238525e-02,5.820051301270723343e-03,-2.129281684756278992e-02,-1.625483185052871704e-01,2.016929686069488525e-01,2.523039877414703369e-01,-1.299983859062194824e-01,1.118474006652832031e-01,-1.407979615032672882e-02,-2.003969252109527588e-02,-9.639595635235309601e-03,7.636084407567977905e-02,1.647665500640869141e-01,2.152639478445053101e-01,1.299575805664062500e+00,-3.000372089445590973e-02,9.604912251234054565e-02,-3.867575153708457947e-02,2.508082054555416107e-02,-1.625501364469528198e-01,-1.118646264076232910e-01,1.300293445587158203e+00,4.785297438502311707e-02,2.294658496975898743e-02,-7.644525915384292603e-02
7.978703975677490234e-01,7.288858294486999512e-02,8.684638738632202148e-01,1.112183369696140289e-02,-1.514375768601894379e-02,-2.697697281837463379e-01,-9.627415537834167480e-01,-2.437943127006292343e-03,-7.739239186048507690e-02,1.049893070012331009e-02,1.006815657019615173e-01,-4.430823400616645813e-02,1.514076814055442810e-02,-2.892889641225337982e-02,-1.929762065410614014e-01,1.827677786350250244e-01,2.954800128936767578e-01,-1.613746583461761475e-01,1.523475199937820435e-01,-2.300072833895683289e-02,-1.884580776095390320e-02,-7.940275594592094421e-03,6.723733246326446533e-02,1.736898720264434814e-01,2.087906301021575928e-01,1.289831161499023438e+00,-3.647712245583534241e-02,8.626777678728103638e-02,-4.239845275878906250e-02,2.767732180655002594e-02,-1.623561084270477295e-01,-1.143749430775642395e-01,1.302461385726928711e+00,4.647094383835792542e-02,1.919013820588588715e-02,-7.625821232795715332e-02
7.916520833969116211e-01,7.582736760377883911e-02,8.690281510353088379e-01,1.113714184612035751e-02,-1.550451945513486862e-02,-2.477861791849136353e-01,-9.686266779899597168e-01,-9.487746283411979675e-03,-6.302371621131896973e-02,3.963243588805198669e-02,7.008247822523117065e-02,-2.689637243747711182e-02,2.455975487828254700e-02,-2.867218106985092163e-02,-2.256431132555007935e-01,1.489541083574295044e-01,3.563084304332733154e-01,-1.989606767892837524e-01,1.408879309892654419e-01,-2.601600252091884613e-02,-1.963354274630546570e-02,-4.524205345660448074e-03,5.491605401039123535e-02,1.821504235267639160e-01,2.077769190073013306e-01,1.281658649444580078e+00,-4.900494217872619629e-02,7.788682729005813599e-02,-4.825991392135620117e-02,2.987449057400226593e-02,-1.608353704214096069e-01,-1.136108338832855225e-01,1.309196949005126953e+00,5.027429759502410889e-02,9.552714414894580841e-03,-7.591143250465393066e-02
7.879660129547119141e-01,7.771495729684829712e-02,8.698262572288513184e-01,1.286489423364400864e-02,-1.446585915982723236e-02,-2.316217720508575439e-01,-9.726132750511169434e-01,-9.358289651572704315e-03,-5.083826184272766113e-02,6.410986930131912231e-02,4.859508201479911804e-02,-1.391983684152364731e-02,2.827263809740543365e-02,-2.458078972995281219e-02,-2.416563779115676880e-01,1.156786456704139709e-01,3.962353467941284180e-01,-2.126435637474060059e-01,1.124179437756538391e-01,-2.336012013256549835e-02,-2.180266007781028748e-02,-1.883239136077463627e-03,4.597337543964385986e-02,1.849322766065597534e-01,2.108349949121475220e-01,1.280146360397338867e+00,-5.310610681772232056e-02,7.742847502231597900e-02,-4.878855124115943909e-02,3.146700933575630188e-02,-1.591948717832565308e-01,-1.114897355437278748e-01,1.316118001937866211e+00,5.271973460912704468e-02,1.629902399145066738e-03,-7.348721474409103394e-02
7.850539088249206543e-01,7.983838021755218506e-02,8.706088066101074219e-01,1.524130441248416901e-02,-1.355445384979248047e-02,-2.161745578050613403e-01,-9.761416316032409668e-01,-8.091344498097896576e-03,-3.856425359845161438e-02,8.874087780714035034e-02,2.720057591795921326e-02,-1.608853694051504135e-03,3.006995655596256256e-02,-2.138919755816459656e-02,-2.504877746105194092e-01,7.958800345659255981e-02,4.262347519397735596e-01,-2.118781358003616333e-01,7.567282766103744507e-02,-1.843519322574138641e-02,-2.599824778735637665e-02,-1.675485051237046719e-03,4.133924841880798340e-02,1.843313872814178467e-01,2.196640521287918091e-01,1.279182791709899902e+00,-5.233723297715187073e-02,7.824725657701492310e-02,-5.020229518413543701e-02,3.492848947644233704e-02,-1.591685861349105835e-01,-1.099489405751228333e-01,1.321244120597839355e+00,5.377200245857238770e-02,-2.342549618333578110e-03,-7.022418826818466187e-02
7.815420031547546387e-01,8.297112584114074707e-02,8.712566494941711426e-01,1.870611123740673065e-02,-1.324633415788412094e-02,-1.974066346883773804e-01,-9.800536632537841797e-01,-6.824540439993143082e-03,-2.756589464843273163e-02,1.172311082482337952e-01,6.233700551092624664e-03,6.979478523135185242e-03,3.564318269491195679e-02,-2.219964936375617981e-02,-2.535687386989593506e-01,1.949117332696914673e-02,4.492996037006378174e-01,-1.961506456136703491e-01,5.060143396258354187e-02,-9.020800702273845673e-03,-3.415484353899955750e-02,-3.914797678589820862e-03,3.857041150331497192e-02,1.794847249984741211e-01,2.317569255828857422e-01,1.278962254524230957e+00,-5.193605273962020874e-02,7.888156920671463013e-02,-5.175374820828437805e-02,4.255796223878860474e-02,-1.634652316570281982e-01,-1.140161231160163879e-01,1.321440815925598145e+00,5.638420954346656799e-02,4.662954888772219419e-04,-6.627570092678070068e-02
7.792356610298156738e-01,8.525045216083526611e-02,8.714903593063354492e-01,2.095017023384571075e-02,-1.363532338291406631e-02,-1.842042654752731323e-01,-9.825700521469116211e-01,-6.446044892072677612e-03,-2.496953122317790985e-02,1.353172361850738525e-01,-5.062638665549457073e-04,1.079576928168535233e-02,4.016242548823356628e-02,-2.622875757515430450e-02,-2.485210448503494263e-01,-3.142318129539489746e-02,4.523671567440032959e-01,-1.851344257593154907e-01,3.685236349701881409e-02,-2.325741108506917953e-03,-3.791116178035736084e-02,-6.664403248578310013e-03,3.892093524336814880e-02,1.749784648418426514e-01,2.385064959526062012e-01,1.277661323547363281e+00,-5.257423594594001770e-02,7.826424390077590942e-02,-4.839209467172622681e-02,5.001828074455261230e-02,-1.685642153024673462e-01,-1.198188960552215576e-01,1.318379878997802734e+00,5.209565162658691406e-02,5.154123995453119278e-03,-6.881474703550338745e-02
7.773684263229370117e-01,8.729515969753265381e-02,8.716263175010681152e-01,2.210355922579765320e-02,-1.415507681667804718e-02,-1.708591133356094360e-01,-9.849457740783691406e-01,-7.552187424153089523e-03,-2.421815879642963409e-02,1.527300328016281128e-01,-2.572671044617891312e-03,1.103589311242103577e-02,4.413028433918952942e-02,-3.339396417140960693e-02,-2.364087849855422974e-01,-8.719629049301147461e-02,4.419609308242797852e-01,-1.734611690044403076e-01,2.771634981036186218e-02,1.819935627281665802e-03,-3.918346017599105835e-02,-9.355677291750907898e-03,4.214760661125183105e-02,1.714512258768081665e-01,2.403423637151718140e-01,1.276581048965454102e+00,-4.965508729219436646e-02,7.650448381900787354e-02,-5.164252966642379761e-02,5.640406534075737000e-02,-1.728846281766891479e-01,-1.245810091495513916e-01,1.315373301506042480e+00,4.913772642612457275e-02,8.129855617880821228e-03,-6.466201692819595337e-02
7.757948040962219238e-01,8.880602568387985229e-02,8.717700839042663574e-01,2.302882447838783264e-02,-1.460152026265859604e-02,-1.514833122491836548e-01,-9.880836606025695801e-01,-8.289335295557975769e-03,-2.334403060376644135e-02,1.788401007652282715e-01,-2.436499577015638351e-03,8.464107289910316467e-03,4.832989349961280823e-02,-4.050090909004211426e-02,-2.118895202875137329e-01,-1.588277518749237061e-01,4.104256927967071533e-01,-1.638562083244323730e-01,2.407835610210895538e-02,6.093922536820173264e-03,-3.534095361828804016e-02,-1.243104878813028336e-02,4.873668402433395386e-02,1.681441366672515869e-01,2.397244125604629517e-01,1.274939537048339844e+00,-4.470461234450340271e-02,7.401608675718307495e-02,-4.926041141152381897e-02,6.366325169801712036e-02,-1.750493794679641724e-01,-1.292569488286972046e-01,1.314015388488769531e+00,4.678780212998390198e-02,7.355655543506145477e-03,-6.163873896002769470e-02
7.752779126167297363e-01,8.893696963787078857e-02,8.717901110649108887e-01,2.309430576860904694e-02,-1.501019299030303955e-02,-1.361393630504608154e-01,-9.903067350387573242e-01,-8.612684905529022217e-03,-2.291593328118324280e-02,1.980951875448226929e-01,-8.428400033153593540e-04,5.458853207528591156e-03,5.085411667823791504e-02,-4.363070055842399597e-02,-1.908176839351654053e-01,-2.077649980783462524e-01,3.781158924102783203e-01,-1.554253548383712769e-01,2.469649352133274078e-02,7.503901608288288116e-03,-2.953296154737472534e-02,-1.491382997483015060e-02,5.555712804198265076e-02,1.665045619010925293e-01,2.381307780742645264e-01,1.274535894393920898e+00,-4.172786697745323181e-02,7.348310202360153198e-02,-4.661343991756439209e-02,6.773213297128677368e-02,-1.738590449094772339e-01,-1.309374421834945679e-01,1.314552307128906250e+00,4.660987481474876404e-02,5.452068056911230087e-03,-6.063069775700569153e-02
7.749491930007934570e-01,8.816332370042800903e-02,8.717439770698547363e-01,2.286431379616260529e-02,-1.599479466676712036e-02,-1.209708824753761292e-01,-9.922637939453125000e-01,-8.354948833584785461e-03,-2.383512072265148163e-02,2.163552045822143555e-01,1.103478833101689816e-03,2.614600583910942078e-03,5.256351828575134277e-02,-4.331640526652336121e-02,-1.694766581058502197e-01,-2.474181652069091797e-01,3.394727408885955811e-01,-1.470718979835510254e-01,2.116838656365871429e-02,8.313555270433425903e-03,-2.361403964459896088e-02,-1.781617105007171631e-02,6.312878429889678955e-02,1.648656725883483887e-01,2.388318628072738647e-01,1.274206638336181641e+00,-3.987029939889907837e-02,7.308372110128402710e-02,-4.492065310478210449e-02,6.982354074716567993e-02,-1.725030094385147095e-01,-1.284933388233184814e-01,1.315282464027404785e+00,4.800301790237426758e-02,4.124748986214399338e-03,-5.949599295854568481e-02
7.749409675598144531e-01,8.552357554435729980e-02,8.715922236442565918e-01,2.140094898641109467e-02,-1.785813085734844208e-02,-1.006224527955055237e-01,-9.945341944694519043e-01,-8.531737141311168671e-03,-2.536620013415813446e-02,2.417138963937759399e-01,2.976567251607775688e-03,-9.045958868227899075e-04,5.188013985753059387e-02,-3.929357603192329407e-02,-1.437008529901504517e-01,-2.808923721313476562e-01,2.850739955902099609e-01,-1.296427696943283081e-01,2.103590779006481171e-02,5.171298515051603317e-03,-1.383576635271310806e-02,-2.205997705459594727e-02,7.472205162048339844e-02,1.634109467267990112e-01,2.436356991529464722e-01,1.275007009506225586e+00,-3.768021240830421448e-02,7.594202458858489990e-02,-4.404249787330627441e-02,7.043280452489852905e-02,-1.677052527666091919e-01,-1.249690949916839600e-01,1.314655542373657227e+00,4.578878730535507202e-02,5.301351193338632584e-03,-5.838830024003982544e-02
7.752643823623657227e-01,8.264686167240142822e-02,8.713440299034118652e-01,1.989362575113773346e-02,-1.931218989193439484e-02,-8.569753170013427734e-02,-9.959353208541870117e-01,-8.466036058962345123e-03,-2.509498409926891327e-02,2.617358863353729248e-01,1.998923253268003464e-03,-2.402799203991889954e-03,5.023194104433059692e-02,-3.278138488531112671e-02,-1.259770542383193970e-01,-2.869194746017456055e-01,2.430042475461959839e-01,-1.102348715066909790e-01,2.359506487846374512e-02,1.314589637331664562e-03,-7.064321544021368027e-03,-2.445997670292854309e-02,8.396141231060028076e-02,1.628124862909317017e-01,2.506895661354064941e-01,1.275990247726440430e+00,-3.463087230920791626e-02,7.859405130147933960e-02,-4.351038113236427307e-02,6.912803649902343750e-02,-1.626957803964614868e-01,-1.215984970331192017e-01,1.312689661979675293e+00,4.465793073177337646e-02,8.105313405394554138e-03,-5.905453115701675415e-02
7.759118676185607910e-01,7.922975718975067139e-02,8.710011839866638184e-01,1.730753853917121887e-02,-2.070395834743976593e-02,-7.176000624895095825e-02,-9.970568418502807617e-01,-1.021809969097375870e-02,-2.380973845720291138e-02,2.797563672065734863e-01,-1.459172199247404933e-04,-2.991020679473876953e-03,4.755146428942680359e-02,-2.592297457158565521e-02,-1.086747124791145325e-01,-2.794855237007141113e-01,2.000265717506408691e-01,-9.117124229669570923e-02,3.233887255191802979e-02,-4.651988856494426727e-03,-1.624844851903617382e-03,-2.652051299810409546e-02,9.345900267362594604e-02,1.631606817245483398e-01,2.562188506126403809e-01,1.278148293495178223e+00,-3.307873010635375977e-02,8.158164471387863159e-02,-4.146110266447067261e-02,6.740676611661911011e-02,-1.569014638662338257e-01,-1.175198853015899658e-01,1.309700846672058105e+00,4.571953788399696350e-02,1.215913332998752594e-02,-5.998162925243377686e-02
7.767472863197326660e-01,7.273537665605545044e-02,8.705894351005554199e-01,1.451615430414676666e-02,-2.277078665792942047e-02,-5.639744549989700317e-02,-9.980431199073791504e-01,-7.995110936462879181e-03,-2.454034239053726196e-02,3.019850254058837891e-01,-8.446564315818250179e-04,-2.478962298482656479e-03,4.187780618667602539e-02,-1.232914440333843231e-02,-8.970998972654342651e-02,-2.535251677036285400e-01,1.516464799642562866e-01,-8.849403262138366699e-02,1.840582489967346191e-02,-1.183686126023530960e-02,9.815366938710212708e-04,-2.916470356285572052e-02,1.021576523780822754e-01,1.653029471635818481e-01,2.594082057476043701e-01,1.284286975860595703e+00,-2.996672876179218292e-02,8.811316639184951782e-02,-3.884917497634887695e-02,6.499855965375900269e-02,-1.483068317174911499e-01,-1.133012101054191589e-01,1.303605079650878906e+00,4.509146884083747864e-02,2.011027187108993530e-02,-6.183483079075813293e-02
7.778439521789550781e-01,6.717786937952041626e-02,8.702427744865417480e-01,1.223827060312032700e-02,-2.412196993827819824e-02,-4.711155965924263000e-02,-9.985233545303344727e-01,-5.568769294768571854e-03,-2.501844614744186401e-02,3.150112032890319824e-01,-5.803931853733956814e-04,-9.189476841129362583e-04,3.697810694575309753e-02,-3.885725280269980431e-03,-7.800320535898208618e-02,-2.346426397562026978e-01,1.213163509964942932e-01,-7.601942867040634155e-02,8.376021869480609894e-03,-1.739840209484100342e-02,1.345768221653997898e-03,-3.077353723347187042e-02,1.062891483306884766e-01,1.680647879838943481e-01,2.595661580562591553e-01,1.289709448814392090e+00,-2.807066589593887329e-02,9.280701726675033569e-02,-3.661625459790229797e-02,6.418184936046600342e-02,-1.412537097930908203e-01,-1.116715669631958008e-01,1.298431873321533203e+00,4.277875274419784546e-02,2.651548385620117188e-02,-6.219280138611793518e-02
7.789750099182128906e-01,6.150055676698684692e-02,8.698967695236206055e-01,9.503213688731193542e-03,-2.521570399403572083e-02,-3.949891030788421631e-02,-9.988561868667602539e-01,-4.126867279410362244e-03,-2.560369297862052917e-02,3.236133754253387451e-01,2.082473511109128594e-04,1.615368062630295753e-03,3.299738466739654541e-02,1.407340285368263721e-03,-7.033593207597732544e-02,-2.211488634347915649e-01,1.008077710866928101e-01,-6.708757579326629639e-02,-6.168715481180697680e-05,-2.365064807236194611e-02,9.169204276986420155e-04,-3.164078667759895325e-02,1.081421449780464172e-01,1.700728535652160645e-01,2.631894052028656006e-01,1.294159650802612305e+00,-2.518231607973575592e-02,9.701412171125411987e-02,-3.597923368215560913e-02,6.313312053680419922e-02,-1.335252374410629272e-01,-1.095727905631065369e-01,1.295121908187866211e+00,3.586971014738082886e-02,2.776272781193256378e-02,-6.278154999017715454e-02
7.804391980171203613e-01,5.360573157668113708e-02,8.696478009223937988e-01,5.607714410871267319e-03,-2.691257186233997345e-02,-3.032567910850048065e-02,-9.991619586944580078e-01,-1.939243666129186749e-04,-3.175096586346626282e-02,3.349629938602447510e-01,1.049251295626163483e-02,3.989589866250753403e-03,2.575767226517200470e-02,6.443041842430830002e-03,-6.528943777084350586e-02,-2.076342105865478516e-01,8.222933113574981689e-02,-5.665003880858421326e-02,-1.103441696614027023e-02,-3.168710321187973022e-02,3.342444309964776039e-03,-3.324512764811515808e-02,1.075309067964553833e-01,1.709712743759155273e-01,2.738188207149505615e-01,1.297681689262390137e+00,-2.564463019371032715e-02,9.949564188718795776e-02,-3.615154325962066650e-02,6.225203722715377808e-02,-1.238652691245079041e-01,-1.040236875414848328e-01,1.294407486915588379e+00,3.081247210502624512e-02,2.704906091094017029e-02,-6.387455761432647705e-02
7.814079523086547852e-01,4.741747304797172546e-02,8.695627450942993164e-01,3.721096087247133255e-03,-2.796540036797523499e-02,-2.428719028830528259e-02,-9.993068575859069824e-01,8.254639804363250732e-03,-4.171759635210037231e-02,3.457877039909362793e-01,2.963274903595447540e-02,1.302015734836459160e-03,1.745615713298320770e-02,1.225932128727436066e-02,-6.399989128112792969e-02,-1.966460198163986206e-01,7.333735376596450806e-02,-4.684895277023315430e-02,-1.943348534405231476e-02,-3.458970412611961365e-02,5.553425289690494537e-03,-3.288513794541358948e-02,1.052006706595420837e-01,1.708962768316268921e-01,2.851198315620422363e-01,1.296817660331726074e+00,-2.157006226480007172e-02,9.954301267862319946e-02,-3.459863737225532532e-02,6.105416640639305115e-02,-1.188413947820663452e-01,-9.507426619529724121e-02,1.296566843986511230e+00,3.254170343279838562e-02,2.539641037583351135e-02,-6.517318636178970337e-02
7.824294567108154297e-01,4.105067998170852661e-02,8.693356513977050781e-01,3.090193727985024452e-03,-2.847648225724697113e-02,-1.889538951218128204e-02,-9.994111061096191406e-01,2.316899411380290985e-02,-5.732317641377449036e-02,3.563352823257446289e-01,6.307464838027954102e-02,-8.534749038517475128e-03,8.806675672531127930e-03,2.103897742927074432e-02,-6.165913492441177368e-02,-1.832710653543472290e-01,6.564515829086303711e-02,-3.918115049600601196e-02,-2.588942833244800568e-02,-3.432698920369148254e-02,7.406529504805803299e-03,-3.133082389831542969e-02,1.030765324831008911e-01,1.712266057729721069e-01,2.973909080028533936e-01,1.291547656059265137e+00,-1.797622814774513245e-02,9.712164103984832764e-02,-3.278050199151039124e-02,5.993483215570449829e-02,-1.164614707231521606e-01,-8.130909502506256104e-02,1.299931883811950684e+00,3.659993410110473633e-02,2.357746101915836334e-02,-6.419663876295089722e-02
7.836039662361145020e-01,3.262212872505187988e-02,8.684902191162109375e-01,4.819791298359632492e-03,-2.852168679237365723e-02,-1.272989902645349503e-02,-9.995005130767822266e-01,5.527195334434509277e-02,-8.956886827945709229e-02,3.686733245849609375e-01,1.337313652038574219e-01,-3.217509761452674866e-02,-2.635105978697538376e-03,3.890188410878181458e-02,-5.454960837960243225e-02,-1.650181561708450317e-01,5.128016695380210876e-02,-3.277887776494026184e-02,-3.378285095095634460e-02,-2.733523584902286530e-02,7.163527887314558029e-03,-2.753074094653129578e-02,9.991250932216644287e-02,1.731095761060714722e-01,3.111490905284881592e-01,1.278330802917480469e+00,-2.117867209017276764e-02,8.771655708551406860e-02,-3.470477461814880371e-02,5.754418671131134033e-02,-1.196556538343429565e-01,-5.666654184460639954e-02,1.303934812545776367e+00,3.989107161760330200e-02,2.349055185914039612e-02,-5.749736726284027100e-02
7.844003438949584961e-01,2.688142098486423492e-02,8.674065470695495605e-01,7.791083306074142456e-03,-2.823008783161640167e-02,-8.190128020942211151e-03,-9.995375275611877441e-01,8.775497227907180786e-02,-1.211537122726440430e-01,3.798472583293914795e-01,2.039674371480941772e-01,-5.660891532897949219e-02,-1.409580186009407043e-02,5.529737472534179688e-02,-4.721540585160255432e-02,-1.511446088552474976e-01,3.900384157896041870e-02,-3.009748458862304688e-02,-3.883422538638114929e-02,-1.753495074808597565e-02,5.934677086770534515e-03,-2.441040426492691040e-02,9.657008200883865356e-02,1.741118133068084717e-01,3.182229697704315186e-01,1.268065452575683594e+00,-2.489544078707695007e-02,7.789745926856994629e-02,-3.624019399285316467e-02,5.577656254172325134e-02,-1.271789073944091797e-01,-3.795666620135307312e-02,1.304387927055358887e+00,4.202169552445411682e-02,2.623286098241806030e-02,-5.303599685430526733e-02
7.852534651756286621e-01,2.252666652202606201e-02,8.663455247879028320e-01,1.014283858239650726e-02,-2.699949592351913452e-02,-2.956366399303078651e-03,-9.995796084403991699e-01,1.184559985995292664e-01,-1.521260887384414673e-01,3.875333070755004883e-01,2.761575281620025635e-01,-7.720772922039031982e-02,-2.180745452642440796e-02,6.793189793825149536e-02,-3.847093880176544189e-02,-1.391253322362899780e-01,2.816956304013729095e-02,-2.826515957713127136e-02,-4.324930161237716675e-02,-8.828146383166313171e-03,6.590234115719795227e-03,-2.007913030683994293e-02,9.130266308784484863e-02,1.722310781478881836e-01,3.276136219501495361e-01,1.259093523025512695e+00,-2.561669051647186279e-02,7.076364755630493164e-02,-3.878065571188926697e-02,5.270000919699668884e-02,-1.371624767780303955e-01,-2.224551886320114136e-02,1.303710103034973145e+00,4.428721591830253601e-02,3.028476238250732422e-02,-5.000977590680122375e-02
7.864263057708740234e-01,1.841088384389877319e-02,8.653029203414916992e-01,1.310590840876102448e-02,-2.452302724123001099e-02,7.475115358829498291e-03,-9.995853900909423828e-01,1.548814028501510620e-01,-1.901407241821289062e-01,3.832560479640960693e-01,3.669734299182891846e-01,-9.962517768144607544e-02,5.443496629595756531e-03,8.149746805429458618e-02,-2.447751909494400024e-02,-1.190825328230857849e-01,1.219320297241210938e-02,-2.296494878828525543e-02,-4.656097665429115295e-02,1.795370480976998806e-03,1.329910662025213242e-02,-1.393033843487501144e-02,8.125090599060058594e-02,1.664944887161254883e-01,3.378655910491943359e-01,1.255598545074462891e+00,-2.553845383226871490e-02,7.094537466764450073e-02,-4.354022070765495300e-02,4.533943906426429749e-02,-1.491797864437103271e-01,-7.768785580992698669e-03,1.304792523384094238e+00,4.262211918830871582e-02,3.383569046854972839e-02,-4.787179827690124512e-02
7.871187925338745117e-01,1.739276945590972900e-02,8.650695681571960449e-01,1.424455270171165466e-02,-2.251962944865226746e-02,1.695716194808483124e-02,-9.995011091232299805e-01,1.703459471464157104e-01,-2.124852836132049561e-01,3.643708825111389160e-01,4.184332191944122314e-01,-1.294706612825393677e-01,1.656332798302173615e-02,8.607149124145507812e-02,-1.389204431325197220e-02,-1.057399511337280273e-01,-6.739852833561599255e-04,-1.625376194715499878e-02,-4.652437195181846619e-02,6.814809981733560562e-03,2.041099779307842255e-02,-1.042337901890277863e-02,7.728362083435058594e-02,1.606668829917907715e-01,3.483860790729522705e-01,1.254653334617614746e+00,-2.330662682652473450e-02,7.387472689151763916e-02,-4.668033123016357422e-02,3.799751773476600647e-02,-1.551237404346466064e-01,-2.920608734712004662e-03,1.308340907096862793e+00,3.823273256421089172e-02,3.040251880884170532e-02,-4.921957477927207947e-02
7.883550524711608887e-01,1.741654984652996063e-02,8.651226162910461426e-01,1.427234522998332977e-02,-2.049140818417072296e-02,2.695542946457862854e-02,-9.993246793746948242e-01,1.754325628280639648e-01,-2.304172813892364502e-01,3.297652602195739746e-01,4.541005194187164307e-01,-1.518763303756713867e-01,2.088668011128902435e-02,8.615732192993164062e-02,-3.383809002116322517e-03,-9.508562088012695312e-02,-1.293404214084148407e-02,-6.547898054122924805e-03,-4.510226845741271973e-02,8.126238361001014709e-03,2.790761366486549377e-02,-7.731826975941658020e-03,7.711169123649597168e-02,1.569441556930541992e-01,3.556727170944213867e-01,1.254673957824707031e+00,-2.665000967681407928e-02,7.666175067424774170e-02,-5.039728805422782898e-02,2.986563183367252350e-02,-1.566482782363891602e-01,-3.866387996822595596e-03,1.314525008201599121e+00,4.558744281530380249e-02,1.505429483950138092e-02,-5.490301176905632019e-02
7.904608845710754395e-01,1.839525438845157623e-02,8.658000826835632324e-01,1.148465182632207870e-02,-1.888984069228172302e-02,4.143584519624710083e-02,-9.988965392112731934e-01,1.622326374053955078e-01,-2.419172674417495728e-01,2.560171782970428467e-01,4.595454633235931396e-01,-1.520414352416992188e-01,1.252926141023635864e-02,7.768856734037399292e-02,2.109621884301304817e-03,-8.467872440814971924e-02,-1.740000024437904358e-02,2.412941103102639318e-04,-4.407932981848716736e-02,2.614787779748439789e-03,4.107801988720893860e-02,-7.094173226505517960e-03,8.202791213989257812e-02,1.572456359863281250e-01,3.548229932785034180e-01,1.252301692962646484e+00,-3.135846555233001709e-02,7.302734255790710449e-02,-5.081659555435180664e-02,2.004471234977245331e-02,-1.560713648796081543e-01,-1.287519372999668121e-02,1.320651054382324219e+00,5.266909301280975342e-02,5.412703379988670349e-03,-6.011720746755599976e-02
7.919495105743408203e-01,2.035743929445743561e-02,8.664718270301818848e-01,8.435206487774848938e-03,-1.827679574489593506e-02,5.405138060450553894e-02,-9.983352422714233398e-01,1.428494006395339966e-01,-2.443768531084060669e-01,1.812968105077743530e-01,4.443403184413909912e-01,-1.522724032402038574e-01,5.737822502851486206e-03,6.724771112203598022e-02,1.977967796847224236e-03,-7.397550344467163086e-02,-1.627787575125694275e-02,3.269763430580496788e-03,-4.313774406909942627e-02,-4.102487582713365555e-03,5.308692902326583862e-02,-7.283554878085851669e-03,8.756219595670700073e-02,1.595761626958847046e-01,3.508136570453643799e-01,1.249550938606262207e+00,-2.035181038081645966e-02,6.739632785320281982e-02,-4.821905866265296936e-02,1.336341816931962967e-02,-1.570149809122085571e-01,-1.914983242750167847e-02,1.321387410163879395e+00,5.457474663853645325e-02,3.333424450829625130e-03,-6.346853077411651611e-02
7.934940457344055176e-01,2.347443811595439911e-02,8.671762943267822266e-01,5.057266913354396820e-03,-1.830640062689781189e-02,6.851458549499511719e-02,-9.974693059921264648e-01,1.197133511304855347e-01,-2.427376657724380493e-01,9.398345649242401123e-02,4.183264672756195068e-01,-1.564297527074813843e-01,-2.312022959813475609e-03,5.425491183996200562e-02,-3.788569476455450058e-03,-6.056255474686622620e-02,-7.931025698781013489e-03,2.207952085882425308e-03,-4.145511239767074585e-02,-1.229460071772336960e-02,6.783173978328704834e-02,-8.775313384830951691e-03,9.297803789377212524e-02,1.613429486751556396e-01,3.484922349452972412e-01,1.248187184333801270e+00,-1.568506844341754913e-02,6.671161204576492310e-02,-4.596201702952384949e-02,8.359828032553195953e-03,-1.588942706584930420e-01,-2.250412479043006897e-02,1.319453716278076172e+00,5.463491380214691162e-02,4.171451553702354431e-03,-6.577152013778686523e-02
7.961959838867187500e-01,2.841856703162193298e-02,8.680016398429870605e-01,1.939771929755806923e-03,-1.788151077926158905e-02,8.895646035671234131e-02,-9.958730936050415039e-01,9.364216774702072144e-02,-2.312940955162048340e-01,-2.846990153193473816e-02,3.714292347431182861e-01,-1.631069481372833252e-01,-1.788764819502830505e-02,3.891714662313461304e-02,-1.137751247733831406e-02,-3.977419063448905945e-02,4.990105051547288895e-03,5.302080535329878330e-04,-3.749630972743034363e-02,-2.040255814790725708e-02,8.688473701477050781e-02,-1.017663162201642990e-02,9.856814891099929810e-02,1.616752594709396362e-01,3.469207882881164551e-01,1.251321077346801758e+00,-1.190926227718591690e-02,6.818222254514694214e-02,-4.165838658809661865e-02,3.972174599766731262e-03,-1.625331044197082520e-01,-2.312937192618846893e-02,1.314941167831420898e+00,5.217898264527320862e-02,9.533995762467384338e-03,-6.733414530754089355e-02
7.984160780906677246e-01,3.251819685101509094e-02,8.684407472610473633e-01,1.614902575965970755e-04,-1.792781986296176910e-02,1.054282039403915405e-01,-9.942652583122253418e-01,7.987628877162933350e-02,-2.180281579494476318e-01,-1.124552860856056213e-01,3.302026391029357910e-01,-1.672609448432922363e-01,-3.069685585796833038e-02,2.829107269644737244e-02,-1.881354674696922302e-02,-2.181801199913024902e-02,1.586536690592765808e-02,-1.149620395153760910e-03,-3.398451209068298340e-02,-2.565549500286579132e-02,1.011104136705398560e-01,-1.213606446981430054e-02,1.019504740834236145e-01,1.612443774938583374e-01,3.453751802444458008e-01,1.255849123001098633e+00,-1.066308747977018356e-02,7.184998691082000732e-02,-3.879126161336898804e-02,2.341693034395575523e-03,-1.651130467653274536e-01,-2.207358367741107941e-02,1.310850739479064941e+00,5.193032324314117432e-02,1.331328134983778000e-02,-6.808201968669891357e-02
8.007292151451110840e-01,3.689793869853019714e-02,8.686627149581909180e-01,-1.158749219030141830e-03,-1.784913428127765656e-02,1.226897686719894409e-01,-9.922838807106018066e-01,7.147145271301269531e-02,-2.021855711936950684e-01,-1.783982813358306885e-01,2.888052761554718018e-01,-1.711818575859069824e-01,-4.972819983959197998e-02,1.844547316431999207e-02,-2.655659243464469910e-02,-2.581899054348468781e-03,2.705338597297668457e-02,-3.302646335214376450e-03,-2.978726662695407867e-02,-3.042091801762580872e-02,1.134501174092292786e-01,-1.392731163650751114e-02,1.055601611733436584e-01,1.603613793849945068e-01,3.456740081310272217e-01,1.260612607002258301e+00,-8.996177464723587036e-03,7.501131296157836914e-02,-3.748603537678718567e-02,3.306713770143687725e-04,-1.665610969066619873e-01,-1.905558444559574127e-02,1.307512760162353516e+00,5.126573517918586731e-02,1.840268075466156006e-02,-6.809309870004653931e-02
8.042442798614501953e-01,4.284710064530372620e-02,8.685223460197448730e-01,-1.310584950260818005e-03,-1.650461181998252869e-02,1.466275751590728760e-01,-9.890531897544860840e-01,6.728149205446243286e-02,-1.816618591547012329e-01,-2.201177328824996948e-01,2.462652772665023804e-01,-1.540757864713668823e-01,-9.474937617778778076e-02,8.598702959716320038e-03,-3.607112541794776917e-02,2.303741127252578735e-02,4.531285539269447327e-02,-8.983787149190902710e-03,-2.371970750391483307e-02,-3.311578184366226196e-02,1.253476589918136597e-01,-1.320252101868391037e-02,1.123677939176559448e-01,1.595478206872940063e-01,3.452739715576171875e-01,1.264558076858520508e+00,-6.264950148761272430e-03,7.876312732696533203e-02,-3.658714890480041504e-02,-2.672089962288737297e-03,-1.665794104337692261e-01,-1.649435237050056458e-02,1.304196119308471680e+00,5.296630412340164185e-02,2.415260486304759979e-02,-6.806757301092147827e-02
8.072144985198974609e-01,4.761087894439697266e-02,8.680120110511779785e-01,8.640728774480521679e-04,-1.536307856440544128e-02,1.640302091836929321e-01,-9.863352775573730469e-01,6.771955639123916626e-02,-1.728525012731552124e-01,-2.166760563850402832e-01,2.322071045637130737e-01,-1.108592003583908081e-01,-1.112141311168670654e-01,6.274749990552663803e-03,-4.459441453218460083e-02,4.422000795602798462e-02,6.325888633728027344e-02,-1.557022612541913986e-02,-1.865571551024913788e-02,-2.934447303414344788e-02,1.266505420207977295e-01,-1.092207431793212891e-02,1.171877533197402954e-01,1.580704003572463989e-01,3.435565829277038574e-01,1.267509460449218750e+00,-3.439743537455797195e-03,7.947465777397155762e-02,-3.454421088099479675e-02,-4.763861186802387238e-03,-1.659072041511535645e-01,-1.748449355363845825e-02,1.301256299018859863e+00,5.244503915309906006e-02,2.590616419911384583e-02,-6.952874362468719482e-02
8.095946907997131348e-01,5.348224565386772156e-02,8.672878742218017578e-01,3.766273614019155502e-03,-1.510810572654008865e-02,1.799297630786895752e-01,-9.835562109947204590e-01,7.048720866441726685e-02,-1.667973995208740234e-01,-1.921667307615280151e-01,2.361594438552856445e-01,-1.171958819031715393e-01,-9.226988255977630615e-02,5.490692798048257828e-03,-5.724491551518440247e-02,6.585769355297088623e-02,8.411517739295959473e-02,-2.216815389692783356e-02,-1.203833892941474915e-02,-2.338216267526149750e-02,1.211172789335250854e-01,-9.465693496167659760e-03,1.215650141239166260e-01,1.563478559255599976e-01,3.382603228092193604e-01,1.270938038825988770e+00,-2.426008693873882294e-03,8.140991628170013428e-02,-3.277860954403877258e-02,-5.974483676254749298e-03,-1.656641960144042969e-01,-2.159717679023742676e-02,1.297336578369140625e+00,5.165734142065048218e-02,3.083798661828041077e-02,-7.051793485879898071e-02
8.133000135421752930e-01,6.241074949502944946e-02,8.659240007400512695e-01,9.462982416152954102e-03,-1.537692453712224960e-02,2.012849152088165283e-01,-9.793663024902343750e-01,7.594106346368789673e-02,-1.527048200368881226e-01,-1.533983945846557617e-01,2.315114438533782959e-01,-1.289262324571609497e-01,-6.964714080095291138e-02,8.433025330305099487e-03,-7.325987517833709717e-02,1.016012206673622131e-01,1.088655143976211548e-01,-2.946937084197998047e-02,-1.592640881426632404e-03,-1.033805590122938156e-02,1.076450869441032410e-01,-8.391639217734336853e-03,1.244973763823509216e-01,1.513974070549011230e-01,3.265431821346282959e-01,1.279967546463012695e+00,-3.625062759965658188e-03,8.970309048891067505e-02,-3.119178675115108490e-02,-5.328183062374591827e-03,-1.687706708908081055e-01,-2.844533883035182953e-02,1.289588928222656250e+00,4.927933588624000549e-02,4.182796925306320190e-02,-7.088266313076019287e-02
8.166605234146118164e-01,7.043718546628952026e-02,8.651528358459472656e-01,1.227174978703260422e-02,-1.525646261870861053e-02,2.156049609184265137e-01,-9.762843847274780273e-01,7.361466437578201294e-02,-1.360362172126770020e-01,-1.395486891269683838e-01,2.130475789308547974e-01,-1.238913834095001221e-01,-5.187789350748062134e-02,4.782112315297126770e-03,-8.269554376602172852e-02,1.224965676665306091e-01,1.225128546357154846e-01,-3.402471169829368591e-02,1.050794217735528946e-02,-2.630629809573292732e-03,9.115985780954360962e-02,-7.423730101436376572e-03,1.254235655069351196e-01,1.459376364946365356e-01,3.159042298793792725e-01,1.288222312927246094e+00,-5.217328201979398727e-03,9.575957059860229492e-02,-3.061154484748840332e-02,-3.214522730559110641e-03,-1.761563867330551147e-01,-3.169420734047889709e-02,1.280828475952148438e+00,4.999779909849166870e-02,5.253480002284049988e-02,-7.256614416837692261e-02
8.191425800323486328e-01,7.853369414806365967e-02,8.652871847152709961e-01,1.135920360684394836e-02,-1.657325401902198792e-02,2.290213257074356079e-01,-9.732140302658081055e-01,6.248774752020835876e-02,-1.289184391498565674e-01,-1.380454748868942261e-01,1.991137862205505371e-01,-1.164628788828849792e-01,-4.270927235484123230e-02,-6.530266255140304565e-03,-9.713042527437210083e-02,1.384436041116714478e-01,1.343917697668075562e-01,-3.651097416877746582e-02,2.535668574273586273e-02,-4.602221306413412094e-03,7.493551820516586304e-02,-9.814022108912467957e-03,1.247765123844146729e-01,1.429885774850845337e-01,3.032932281494140625e-01,1.296973228454589844e+00,-6.411198060959577560e-03,1.017388850450515747e-01,-3.091378882527351379e-02,-3.619826165959239006e-03,-1.784772723913192749e-01,-3.649111464619636536e-02,1.276461839675903320e+00,4.853505641222000122e-02,5.695312097668647766e-02,-7.398371398448944092e-02
8.222674131393432617e-01,8.804733306169509888e-02,8.663390278816223145e-01,9.088763967156410217e-03,-1.693693362176418304e-02,2.437697052955627441e-01,-9.696426391601562500e-01,4.664155095815658569e-02,-1.202628836035728455e-01,-1.323950141668319702e-01,1.826802194118499756e-01,-1.070878803730010986e-01,-3.933176770806312561e-02,-2.434350363910198212e-02,-1.117939129471778870e-01,1.434578001499176025e-01,1.458681672811508179e-01,-3.662214428186416626e-02,4.476861283183097839e-02,-1.086946297436952591e-02,4.761309176683425903e-02,-1.185705326497554779e-02,1.252963989973068237e-01,1.457219272851943970e-01,2.767150998115539551e-01,1.305792570114135742e+00,-4.395269788801670074e-03,1.072785109281539917e-01,-2.805489115417003632e-02,-2.004758222028613091e-03,-1.735537201166152954e-01,-5.097895115613937378e-02,1.276931405067443848e+00,4.346031323075294495e-02,5.232941731810569763e-02,-7.695151120424270630e-02
8.240316510200500488e-01,9.461461752653121948e-02,8.669812083244323730e-01,7.457443978637456894e-03,-1.766907237470149994e-02,2.569213509559631348e-01,-9.662420153617858887e-01,3.755018860101699829e-02,-1.117281019687652588e-01,-1.123062297701835632e-01,1.642529368400573730e-01,-9.858468174934387207e-02,-3.135557472705841064e-02,-3.563346341252326965e-02,-1.265551596879959106e-01,1.469027400016784668e-01,1.575131267309188843e-01,-4.114050418138504028e-02,5.968604981899261475e-02,-1.538649387657642365e-02,3.151900693774223328e-02,-1.333904080092906952e-02,1.259988844394683838e-01,1.541892588138580322e-01,2.507042288780212402e-01,1.306892514228820801e+00,-4.651539027690887451e-03,1.017734557390213013e-01,-2.155333012342453003e-02,1.339706126600503922e-03,-1.680532693862915039e-01,-6.727580726146697998e-02,1.277973413467407227e+00,4.179485514760017395e-02,4.994960129261016846e-02,-7.609675079584121704e-02
8.253738284111022949e-01,1.011420339345932007e-01,8.672818541526794434e-01,5.792151670902967453e-03,-1.916813664138317108e-02,2.721396684646606445e-01,-9.620493650436401367e-01,2.937062643468379974e-02,-1.041163057088851929e-01,-8.715418726205825806e-02,1.445255875587463379e-01,-9.024645388126373291e-02,-2.198521047830581665e-02,-4.516534507274627686e-02,-1.457395851612091064e-01,1.529284864664077759e-01,1.718585044145584106e-01,-4.607767984271049500e-02,7.362896949052810669e-02,-1.876272261142730713e-02,1.930950023233890533e-02,-1.571167632937431335e-02,1.269122213125228882e-01,1.658371686935424805e-01,2.260061949491500854e-01,1.302460432052612305e+00,-7.009258959442377090e-03,9.359478205442428589e-02,-1.845478825271129608e-02,6.181232631206512451e-03,-1.655695289373397827e-01,-7.985524833202362061e-02,1.277705192565917969e+00,4.316132888197898865e-02,5.271634832024574280e-02,-7.496519386768341064e-02
8.263283371925354004e-01,1.097515970468521118e-01,8.675333857536315918e-01,3.371721133589744568e-03,-2.028175815939903259e-02,2.955384552478790283e-01,-9.551095962524414062e-01,1.780806109309196472e-02,-9.522581100463867188e-02,-5.248081311583518982e-02,1.221241652965545654e-01,-7.901251316070556641e-02,-1.282455585896968842e-02,-5.515482276678085327e-02,-1.743595153093338013e-01,1.705179363489151001e-01,1.976227760314941406e-01,-6.615399569272994995e-02,9.365613758563995361e-02,-2.439291402697563171e-02,1.198082696646451950e-02,-1.561793126165866852e-02,1.229508966207504272e-01,1.832912713289260864e-01,1.960037499666213989e-01,1.295055627822875977e+00,-1.190357375890016556e-02,8.719918876886367798e-02,-1.895922422409057617e-02,1.158573012799024582e-02,-1.689367741346359253e-01,-7.805394381284713745e-02,1.277050018310546875e+00,3.979292511940002441e-02,5.348331481218338013e-02,-7.326718419790267944e-02
8.267027139663696289e-01,1.158856377005577087e-01,8.676189780235290527e-01,1.228869892656803131e-03,-1.966409571468830109e-02,3.145447969436645508e-01,-9.490381479263305664e-01,7.264674175530672073e-03,-8.794648945331573486e-02,-2.949543483555316925e-02,1.076722294092178345e-01,-6.748672574758529663e-02,-4.240555688738822937e-03,-6.169940531253814697e-02,-1.959322094917297363e-01,1.773841977119445801e-01,2.274373024702072144e-01,-1.036966070532798767e-01,1.081972271203994751e-01,-2.996615879237651825e-02,1.131859701126813889e-02,-1.393386069685220718e-02,1.182472333312034607e-01,1.943227797746658325e-01,1.826060414314270020e-01,1.291255235671997070e+00,-2.196580544114112854e-02,8.488959074020385742e-02,-2.338996529579162598e-02,1.355249434709548950e-02,-1.719479560852050781e-01,-6.741578876972198486e-02,1.281361222267150879e+00,3.970609605312347412e-02,4.789385199546813965e-02,-7.146354019641876221e-02
8.264221549034118652e-01,1.212373748421669006e-01,8.678531050682067871e-01,2.325117966393008828e-04,-1.927786134183406830e-02,3.332113623619079590e-01,-9.426550269126892090e-01,4.654315125662833452e-04,-8.305811136960983276e-02,-7.369705010205507278e-03,9.714592248201370239e-02,-5.675826966762542725e-02,4.836563486605882645e-03,-6.262516975402832031e-02,-2.175029367208480835e-01,1.660589128732681274e-01,2.698634564876556396e-01,-1.550075262784957886e-01,1.222108155488967896e-01,-3.394752368330955505e-02,9.928542189300060272e-03,-1.238716859370470047e-02,1.127898395061492920e-01,2.026926726102828979e-01,1.810881197452545166e-01,1.290384650230407715e+00,-3.143570944666862488e-02,8.534435182809829712e-02,-2.455940656363964081e-02,1.378493569791316986e-02,-1.700133532285690308e-01,-5.577299371361732483e-02,1.291666865348815918e+00,4.360183328390121460e-02,3.866676241159439087e-02,-7.199693471193313599e-02
8.261004686355590820e-01,1.266548931598663330e-01,8.687456250190734863e-01,2.844249131157994270e-03,-1.927153952419757843e-02,3.574457466602325439e-01,-9.337307214736938477e-01,2.276143990457057953e-03,-7.540316879749298096e-02,2.352784015238285065e-02,8.604560792446136475e-02,-4.604800045490264893e-02,1.618507504463195801e-02,-5.044985562562942505e-02,-2.392529845237731934e-01,1.401665508747100830e-01,3.305148482322692871e-01,-1.966875046491622925e-01,9.104721248149871826e-02,-2.976352162659168243e-02,5.557042546570301056e-03,-9.306500665843486786e-03,1.039330363273620605e-01,2.065748125314712524e-01,1.870392560958862305e-01,1.295719265937805176e+00,-4.498586058616638184e-02,9.310715645551681519e-02,-2.934552542865276337e-02,1.851166225969791412e-02,-1.644142419099807739e-01,-5.760280787944793701e-02,1.302976489067077637e+00,4.657416790723800659e-02,2.159815281629562378e-02,-6.865770369768142700e-02
8.259271979331970215e-01,1.299371421337127686e-01,8.697488307952880859e-01,6.404496729373931885e-03,-1.867812313139438629e-02,3.753131330013275146e-01,-9.266877174377441406e-01,7.556995376944541931e-03,-6.771685183048248291e-02,5.053558945655822754e-02,7.920085638761520386e-02,-3.720903396606445312e-02,2.286655083298683167e-02,-3.977901861071586609e-02,-2.461785972118377686e-01,1.006357520818710327e-01,3.705716133117675781e-01,-2.134516686201095581e-01,6.571304053068161011e-02,-2.258380874991416931e-02,1.654957421123981476e-03,-6.521148141473531723e-03,9.781543165445327759e-02,2.066214829683303833e-01,1.910696029663085938e-01,1.302222132682800293e+00,-5.725544691085815430e-02,1.022977754473686218e-01,-3.425280377268791199e-02,2.193633653223514557e-02,-1.605685800313949585e-01,-5.838804319500923157e-02,1.311954021453857422e+00,4.582024365663528442e-02,1.091951504349708557e-02,-6.557649374008178711e-02
8.263598680496215820e-01,1.329619884490966797e-01,8.707367777824401855e-01,9.681568481028079987e-03,-1.832624897360801697e-02,3.923700749874114990e-01,-9.195739030838012695e-01,1.198417972773313522e-02,-6.079746037721633911e-02,7.765801250934600830e-02,7.368586957454681396e-02,-2.810721658170223236e-02,2.739177085459232330e-02,-3.389931470155715942e-02,-2.464836090803146362e-01,4.290507733821868896e-02,4.024744033813476562e-01,-2.202002555131912231e-01,4.079069569706916809e-02,-1.446389034390449524e-02,-2.249946352094411850e-03,-5.953169893473386765e-03,9.365469217300415039e-02,2.033593505620956421e-01,1.967697590589523315e-01,1.307406306266784668e+00,-6.160731986165046692e-02,1.093843877315521240e-01,-3.925899788737297058e-02,2.823016420006752014e-02,-1.597974300384521484e-01,-6.126253306865692139e-02,1.317389607429504395e+00,4.559008404612541199e-02,6.677666213363409042e-03,-6.337829679250717163e-02
8.273221254348754883e-01,1.365981698036193848e-01,8.716524839401245117e-01,1.339841168373823166e-02,-1.857758685946464539e-02,4.140540361404418945e-01,-9.099640846252441406e-01,1.723972335457801819e-02,-5.548512190580368042e-02,1.129964217543601990e-01,7.189422100782394409e-02,-2.228723280131816864e-02,3.525584563612937927e-02,-3.299929574131965637e-02,-2.378621846437454224e-01,-4.633841291069984436e-02,4.282465577125549316e-01,-2.054566293954849243e-01,1.665223762392997742e-02,-2.976001938804984093e-03,-5.224981810897588730e-03,-6.215691566467285156e-03,9.083139151334762573e-02,1.963486969470977783e-01,2.098108530044555664e-01,1.306928038597106934e+00,-5.967673659324645996e-02,1.094763278961181641e-01,-4.251761734485626221e-02,3.990843892097473145e-02,-1.640503406524658203e-01,-7.128830999135971069e-02,1.316945672035217285e+00,4.322081804275512695e-02,1.160859875380992889e-02,-6.166596338152885437e-02
8.280290961265563965e-01,1.383837014436721802e-01,8.719894886016845703e-01,1.545083057135343552e-02,-1.855919323861598969e-02,4.294799566268920898e-01,-9.027534723281860352e-01,2.032007090747356415e-02,-5.270995944738388062e-02,1.379397809505462646e-01,7.423360645771026611e-02,-2.277547679841518402e-02,4.105383902788162231e-02,-3.519529849290847778e-02,-2.230526506900787354e-01,-1.093327328562736511e-01,4.336629807949066162e-01,-1.872644722461700439e-01,1.395614002831280231e-03,4.195052199065685272e-03,-5.083647090941667557e-03,-6.401701364666223526e-03,9.050760418176651001e-02,1.912887543439865112e-01,2.191271185874938965e-01,1.302765130996704102e+00,-5.989310517907142639e-02,1.043137535452842712e-01,-4.352155700325965881e-02,4.990869387984275818e-02,-1.688281744718551636e-01,-8.032247424125671387e-02,1.313274860382080078e+00,4.110576212406158447e-02,1.608595624566078186e-02,-6.073969230055809021e-02
8.286829590797424316e-01,1.391565799713134766e-01,8.720824718475341797e-01,1.687059365212917328e-02,-1.797789335250854492e-02,4.440580904483795166e-01,-8.956587314605712891e-01,2.242418378591537476e-02,-4.928644001483917236e-02,1.594333648681640625e-01,7.802692055702209473e-02,-2.513179555535316467e-02,4.641059413552284241e-02,-3.861067444086074829e-02,-2.007638067007064819e-01,-1.688839346170425415e-01,4.256741106510162354e-01,-1.658961325883865356e-01,-1.145492400974035263e-02,9.506697766482830048e-03,-3.966304007917642593e-03,-6.719569209963083267e-03,9.166278690099716187e-02,1.868029087781906128e-01,2.268738001585006714e-01,1.296736240386962891e+00,-5.900392308831214905e-02,9.745743870735168457e-02,-4.438548162579536438e-02,5.976033583283424377e-02,-1.741362810134887695e-01,-8.538688719272613525e-02,1.310033559799194336e+00,3.913455829024314880e-02,1.805891841650009155e-02,-5.939638987183570862e-02
8.281826972961425781e-01,1.388534158468246460e-01,8.721646666526794434e-01,1.742570288479328156e-02,-1.727451197803020477e-02,4.646593034267425537e-01,-8.851495385169982910e-01,2.496491558849811554e-02,-4.548722505569458008e-02,1.872801184654235840e-01,8.328416943550109863e-02,-2.903285622596740723e-02,4.966549947857856750e-02,-4.073664918541908264e-02,-1.662589907646179199e-01,-2.349714338779449463e-01,3.963315188884735107e-01,-1.415726840496063232e-01,-7.347104139626026154e-03,1.292157452553510666e-02,4.509993363171815872e-03,-9.097617119550704956e-03,9.390106052160263062e-02,1.821680068969726562e-01,2.336065173149108887e-01,1.288189172744750977e+00,-5.589375272393226624e-02,9.041661769151687622e-02,-4.453336447477340698e-02,6.904020160436630249e-02,-1.757945418357849121e-01,-9.306026250123977661e-02,1.310485601425170898e+00,4.207749664783477783e-02,1.624977216124534607e-02,-5.764968320727348328e-02
8.262383937835693359e-01,1.378009468317031860e-01,8.722498416900634766e-01,1.725007221102714539e-02,-1.718042977154254913e-02,4.808313846588134766e-01,-8.764749765396118164e-01,2.826256118714809418e-02,-4.298638924956321716e-02,2.084981650114059448e-01,8.534817397594451904e-02,-2.904066815972328186e-02,4.908864572644233704e-02,-3.767190128564834595e-02,-1.384937018156051636e-01,-2.714516222476959229e-01,3.608144819736480713e-01,-1.319717019796371460e-01,-9.067611768841743469e-03,1.434890739619731903e-02,1.416869927197694778e-02,-1.194092445075511932e-02,9.541124850511550903e-02,1.789168119430541992e-01,2.385478615760803223e-01,1.282896757125854492e+00,-5.239230021834373474e-02,8.590559661388397217e-02,-4.363211989402770996e-02,7.278459519147872925e-02,-1.725059747695922852e-01,-1.006144732236862183e-01,1.313169956207275391e+00,4.275594279170036316e-02,1.049464661628007889e-02,-5.742258578538894653e-02
8.232629895210266113e-01,1.360642611980438232e-01,8.723721504211425781e-01,1.687301322817802429e-02,-1.718668639659881592e-02,4.972573816776275635e-01,-8.672686815261840820e-01,3.277347981929779053e-02,-3.950914368033409119e-02,2.314129620790481567e-01,8.548314124345779419e-02,-2.801777422428131104e-02,4.776315763592720032e-02,-2.996840141713619232e-02,-1.105974093079566956e-01,-2.926821708679199219e-01,3.166055083274841309e-01,-1.190348342061042786e-01,-1.552712544798851013e-02,1.489762403070926666e-02,2.476839721202850342e-02,-1.484360639005899429e-02,9.742815047502517700e-02,1.760520339012145996e-01,2.452622801065444946e-01,1.278938651084899902e+00,-5.000456050038337708e-02,8.253595232963562012e-02,-4.270776733756065369e-02,7.407574355602264404e-02,-1.674719154834747314e-01,-1.062828674912452698e-01,1.316264390945434570e+00,4.346767067909240723e-02,5.172807723283767700e-03,-5.840717628598213196e-02
8.176299929618835449e-01,1.329382359981536865e-01,8.724464178085327148e-01,1.542694494128227234e-02,-1.722015999257564545e-02,5.193807482719421387e-01,-8.542301654815673828e-01,3.927855938673019409e-02,-3.466867282986640930e-02,2.661629021167755127e-01,8.391693979501724243e-02,-2.417355589568614960e-02,4.286911711096763611e-02,-1.589297503232955933e-02,-7.715615630149841309e-02,-3.040660917758941650e-01,2.500776648521423340e-01,-9.456715732812881470e-02,7.193556521087884903e-04,1.307434588670730591e-02,3.944427520036697388e-02,-1.842653565108776093e-02,1.012711822986602783e-01,1.739871650934219360e-01,2.545592188835144043e-01,1.275270819664001465e+00,-4.858655855059623718e-02,7.993813604116439819e-02,-4.236389324069023132e-02,7.181414961814880371e-02,-1.603694409132003784e-01,-1.047989428043365479e-01,1.319065570831298828e+00,4.208581894636154175e-02,3.116254694759845734e-03,-5.937290191650390625e-02
8.122683167457580566e-01,1.303428411483764648e-01,8.723223805427551270e-01,1.352058351039886475e-02,-1.717272587120532990e-02,5.347914695739746094e-01,-8.447013497352600098e-01,4.382732138037681580e-02,-3.136952593922615051e-02,2.912576198577880859e-01,8.176322281360626221e-02,-2.111052349209785461e-02,3.748675808310508728e-02,-1.444581197574734688e-03,-5.412928387522697449e-02,-3.017025589942932129e-01,1.940010637044906616e-01,-8.112157881259918213e-02,2.322507277131080627e-02,9.098540060222148895e-03,4.780326411128044128e-02,-2.156950533390045166e-02,1.041876599192619324e-01,1.740786433219909668e-01,2.593821585178375244e-01,1.275208115577697754e+00,-4.780309647321701050e-02,8.090782910585403442e-02,-4.186910390853881836e-02,6.957347691059112549e-02,-1.559443622827529907e-01,-9.942197799682617188e-02,1.316731810569763184e+00,4.285002127289772034e-02,2.621610648930072784e-03,-6.003146246075630188e-02
8.056585788726806641e-01,1.271626502275466919e-01,8.719549775123596191e-01,1.148796640336513519e-02,-1.742825098335742950e-02,5.491417646408081055e-01,-8.354684710502624512e-01,5.045901238918304443e-02,-2.919159270823001862e-02,3.151038885116577148e-01,8.089789748191833496e-02,-1.866560243070125580e-02,3.142337501049041748e-02,1.492623146623373032e-02,-3.317269310355186462e-02,-2.893724739551544189e-01,1.401647478342056274e-01,-6.088465079665184021e-02,1.496520265936851501e-02,4.378905054181814194e-03,5.381619557738304138e-02,-2.489713393151760101e-02,1.076927259564399719e-01,1.766708046197891235e-01,2.622351348400115967e-01,1.276173591613769531e+00,-4.765041917562484741e-02,8.125344663858413696e-02,-4.041804745793342590e-02,6.610439717769622803e-02,-1.505685150623321533e-01,-9.414760023355484009e-02,1.311919093132019043e+00,4.325071722269058228e-02,8.385079912841320038e-03,-6.064056605100631714e-02
7.954625487327575684e-01,1.226355433464050293e-01,8.711825609207153320e-01,6.867402698844671249e-03,-1.681164838373661041e-02,5.667787790298461914e-01,-8.236698508262634277e-01,5.656380206346511841e-02,-2.813977748155593872e-02,3.419788777828216553e-01,8.166292309761047363e-02,-1.234371028840541840e-02,1.859098114073276520e-02,2.880802750587463379e-02,-1.042572036385536194e-02,-2.648968994617462158e-01,8.259038627147674561e-02,-4.569949209690093994e-02,9.507439099252223969e-03,-8.362456224858760834e-03,6.202498450875282288e-02,-2.948206290602684021e-02,1.128522530198097229e-01,1.847370862960815430e-01,2.654817998409271240e-01,1.275444269180297852e+00,-4.858467727899551392e-02,7.974961400032043457e-02,-3.804064542055130005e-02,6.080436706542968750e-02,-1.414255052804946899e-01,-8.878556638956069946e-02,1.302923321723937988e+00,4.118240624666213989e-02,2.116007357835769653e-02,-6.218369677662849426e-02
7.875215411186218262e-01,1.196438372135162354e-01,8.705623149871826172e-01,3.219909500330686569e-03,-1.616448909044265747e-02,5.793888568878173828e-01,-8.148846030235290527e-01,6.158573552966117859e-02,-2.850400656461715698e-02,3.617212176322937012e-01,8.432727307081222534e-02,-7.297141943126916885e-03,4.703655838966369629e-03,3.607050701975822449e-02,-2.094875089824199677e-03,-2.440848201513290405e-01,5.573801696300506592e-02,-3.902496397495269775e-02,1.311824074946343899e-03,-1.846328191459178925e-02,6.772702187299728394e-02,-3.130332753062248230e-02,1.140132546424865723e-01,1.887771040201187134e-01,2.751669585704803467e-01,1.275156974792480469e+00,-4.454227164387702942e-02,8.073016256093978882e-02,-3.927978873252868652e-02,5.464264005422592163e-02,-1.336752325296401978e-01,-8.541616052389144897e-02,1.296499848365783691e+00,3.859945759177207947e-02,2.838650904595851898e-02,-6.412001699209213257e-02
7.800440788269042969e-01,1.169928088784217834e-01,8.700813651084899902e-01,1.145346439443528652e-03,-1.592002250254154205e-02,5.911423563957214355e-01,-8.064092993736267090e-01,7.117113471031188965e-02,-3.095163032412528992e-02,3.846431076526641846e-01,9.422717243432998657e-02,-8.107891306281089783e-03,-8.098537102341651917e-03,4.421378672122955322e-02,4.573297628667205572e-04,-2.171443402767181396e-01,4.195534065365791321e-02,-3.073850274085998535e-02,-7.234509103000164032e-03,-2.353812381625175476e-02,6.949476152658462524e-02,-3.098814189434051514e-02,1.125597953796386719e-01,1.885672807693481445e-01,2.896705567836761475e-01,1.276795864105224609e+00,-3.951557725667953491e-02,8.456683158874511719e-02,-4.034119844436645508e-02,4.737031832337379456e-02,-1.286573857069015503e-01,-7.726211845874786377e-02,1.291517853736877441e+00,3.754861280322074890e-02,3.384839370846748352e-02,-6.540659070014953613e-02
7.706718444824218750e-01,1.137049719691276550e-01,8.692309856414794922e-01,4.335969570092856884e-04,-1.556492224335670471e-02,6.055253744125366211e-01,-7.956736683845520020e-01,9.122299402952194214e-02,-4.030643031001091003e-02,4.126537144184112549e-01,1.260602921247482300e-01,-1.617563329637050629e-02,-2.551697567105293274e-02,5.685404688119888306e-02,5.741316359490156174e-03,-1.818983554840087891e-01,2.672925032675266266e-02,-2.214623056352138519e-02,-1.554869953542947769e-02,-2.349900640547275543e-02,6.737712770700454712e-02,-2.827201038599014282e-02,1.080359295010566711e-01,1.822569221258163452e-01,3.118827939033508301e-01,1.282242894172668457e+00,-4.209810122847557068e-02,9.203290194272994995e-02,-4.144782945513725281e-02,3.781440854072570801e-02,-1.267651319503784180e-01,-6.234561651945114136e-02,1.288273811340332031e+00,3.219970688223838806e-02,3.796406835317611694e-02,-6.385336816310882568e-02
7.630510330200195312e-01,1.113141030073165894e-01,8.680861592292785645e-01,1.238891854882240295e-03,-1.626520603895187378e-02,6.149855852127075195e-01,-7.883695960044860840e-01,1.181996688246726990e-01,-5.911582708358764648e-02,4.341195225715637207e-01,1.753443479537963867e-01,-3.001499548554420471e-02,-4.012008383870124817e-02,7.041217386722564697e-02,9.731602855026721954e-03,-1.588317155838012695e-01,1.712878234684467316e-02,-1.822239533066749573e-02,-2.346123754978179932e-02,-1.983903907239437103e-02,6.430701911449432373e-02,-2.578811533749103546e-02,1.037594377994537354e-01,1.797257959842681885e-01,3.230404555797576904e-01,1.283867478370666504e+00,-4.467659443616867065e-02,9.396578371524810791e-02,-4.003787785768508911e-02,3.227926790714263916e-02,-1.272386014461517334e-01,-5.380409583449363708e-02,1.286029100418090820e+00,3.178441151976585388e-02,4.260160401463508606e-02,-6.415310502052307129e-02
7.567650675773620605e-01,1.098502799868583679e-01,8.669397234916687012e-01,1.257048570550978184e-03,-1.656827516853809357e-02,6.224454045295715332e-01,-7.824868559837341309e-01,1.428265720605850220e-01,-8.208627998828887939e-02,4.468101263046264648e-01,2.292645722627639771e-01,-4.615361988544464111e-02,-4.593011364340782166e-02,7.964190840721130371e-02,9.683232754468917847e-03,-1.428325176239013672e-01,1.462318841367959976e-02,-1.724649406969547272e-02,-3.337782993912696838e-02,-1.699382998049259186e-02,6.003098934888839722e-02,-2.274141088128089905e-02,9.660714119672775269e-02,1.771140992641448975e-01,3.303928673267364502e-01,1.282654047012329102e+00,-4.231715947389602661e-02,9.010655432939529419e-02,-3.758037090301513672e-02,2.831463515758514404e-02,-1.310153007507324219e-01,-4.905727878212928772e-02,1.283100366592407227e+00,3.107040748000144958e-02,4.837198555469512939e-02,-6.536325812339782715e-02
7.503098249435424805e-01,1.096974462270736694e-01,8.658968210220336914e-01,2.709365799091756344e-04,-1.784264855086803436e-02,6.333535313606262207e-01,-7.736568450927734375e-01,1.728856712579727173e-01,-1.193582117557525635e-01,4.508678615093231201e-01,3.065942823886871338e-01,-7.896982878446578979e-02,-9.228814393281936646e-03,8.809258043766021729e-02,2.195969223976135254e-03,-1.162680089473724365e-01,1.773637346923351288e-02,-1.558113098144531250e-02,-4.322616010904312134e-02,-1.202398724853992462e-02,5.893192440271377563e-02,-1.996689289808273315e-02,8.539491146802902222e-02,1.723760068416595459e-01,3.377001285552978516e-01,1.276976346969604492e+00,-3.436182066798210144e-02,8.409862220287322998e-02,-4.650902003049850464e-02,2.325658686459064484e-02,-1.410140246152877808e-01,-4.234024137258529663e-02,1.280773520469665527e+00,2.798396721482276917e-02,5.424074083566665649e-02,-6.812489777803421021e-02
7.475249767303466797e-01,1.104803904891014099e-01,8.657771348953247070e-01,-1.368982950225472450e-03,-1.797014847397804260e-02,6.413142681121826172e-01,-7.670665979385375977e-01,1.849091202020645142e-01,-1.463311910629272461e-01,4.325109720230102539e-01,3.564198911190032959e-01,-1.087410151958465576e-01,1.474761217832565308e-02,8.896197378635406494e-02,-2.094919560477137566e-03,-1.012713089585304260e-01,1.670012436807155609e-02,-1.214356068521738052e-02,-4.631547629833221436e-02,-1.109589822590351105e-02,6.078950315713882446e-02,-1.798123680055141449e-02,7.731326669454574585e-02,1.681627780199050903e-01,3.443339169025421143e-01,1.271261334419250488e+00,-3.125442191958427429e-02,8.241456001996994019e-02,-5.138117074966430664e-02,1.992024667561054230e-02,-1.465597450733184814e-01,-3.882575407624244690e-02,1.284573912620544434e+00,3.014979697763919830e-02,4.626037925481796265e-02,-7.098308205604553223e-02
7.457559704780578613e-01,1.111121028661727905e-01,8.660189509391784668e-01,-2.867793198674917221e-03,-1.684071682393550873e-02,6.479701399803161621e-01,-7.614741325378417969e-01,1.869827806949615479e-01,-1.682241111993789673e-01,3.979333937168121338e-01,3.918308913707733154e-01,-1.378355026245117188e-01,1.114586926996707916e-02,8.721248060464859009e-02,-2.250827383249998093e-03,-9.478744119405746460e-02,1.238457020372152328e-02,-7.431257516145706177e-03,-4.898009449243545532e-02,-1.161089446395635605e-02,6.158542260527610779e-02,-1.492709107697010040e-02,7.101467996835708618e-02,1.653472334146499634e-01,3.475488424301147461e-01,1.264969468116760254e+00,-3.114295750856399536e-02,7.658290863037109375e-02,-5.258002877235412598e-02,1.818327419459819794e-02,-1.497830748558044434e-01,-3.899580240249633789e-02,1.292334198951721191e+00,4.061418399214744568e-02,3.343030065298080444e-02,-6.908568739891052246e-02
7.444771528244018555e-01,1.112816929817199707e-01,8.666383028030395508e-01,-4.449398256838321686e-03,-1.442382298409938812e-02,6.558780074119567871e-01,-7.547159790992736816e-01,1.771932542324066162e-01,-1.880750507116317749e-01,3.230182230472564697e-01,4.135343730449676514e-01,-1.523028016090393066e-01,3.777438250835984945e-04,8.241754025220870972e-02,1.614915963727980852e-04,-8.767322450876235962e-02,7.155627012252807617e-03,-8.604916511103510857e-04,-4.746824875473976135e-02,-1.365898828953504562e-02,6.453364342451095581e-02,-1.073289662599563599e-02,6.410824507474899292e-02,1.655845642089843750e-01,3.410120308399200439e-01,1.256314277648925781e+00,-3.272631391882896423e-02,6.663614511489868164e-02,-5.123628675937652588e-02,1.853750273585319519e-02,-1.508640944957733154e-01,-4.260149598121643066e-02,1.306338667869567871e+00,4.575638845562934875e-02,1.365884114056825638e-02,-6.906848400831222534e-02
7.444038391113281250e-01,1.111003607511520386e-01,8.670819401741027832e-01,-5.511133465915918350e-03,-1.282204780727624893e-02,6.622919440269470215e-01,-7.491158843040466309e-01,1.625297069549560547e-01,-1.945328116416931152e-01,2.504107356071472168e-01,4.109180867671966553e-01,-1.525214463472366333e-01,-1.033569034188985825e-02,7.801511883735656738e-02,2.808873308822512627e-03,-7.747869193553924561e-02,2.273904625326395035e-03,4.141844809055328369e-03,-4.505577310919761658e-02,-1.404064800590276718e-02,6.892384588718414307e-02,-9.136051870882511139e-03,6.049209833145141602e-02,1.661504209041595459e-01,3.348302841186523438e-01,1.248850464820861816e+00,-3.032029792666435242e-02,5.943990498781204224e-02,-5.164846405386924744e-02,2.089076861739158630e-02,-1.526916474103927612e-01,-4.318544268608093262e-02,1.317086577415466309e+00,4.980698972940444946e-02,-2.904357155784964561e-03,-6.913035362958908081e-02
7.450147271156311035e-01,1.110315173864364624e-01,8.674504160881042480e-01,-6.828596349805593491e-03,-1.202725339680910110e-02,6.689184308052062988e-01,-7.432071566581726074e-01,1.462279856204986572e-01,-1.961441785097122192e-01,1.770070791244506836e-01,3.976214528083801270e-01,-1.631760895252227783e-01,-2.179952524602413177e-02,7.339964061975479126e-02,2.659152261912822723e-03,-6.494688242673873901e-02,-2.681544283404946327e-04,7.681329734623432159e-03,-4.257391393184661865e-02,-1.332160923629999161e-02,7.350507378578186035e-02,-9.899885393679141998e-03,5.936594307422637939e-02,1.653638780117034912e-01,3.347039818763732910e-01,1.239568829536437988e+00,-2.601598575711250305e-02,5.246463790535926819e-02,-5.094877630472183228e-02,2.470850385725498199e-02,-1.567725539207458496e-01,-4.159875214099884033e-02,1.326237440109252930e+00,5.133874714374542236e-02,-1.223905663937330246e-02,-6.772913038730621338e-02
7.463828325271606445e-01,1.109931766986846924e-01,8.677535057067871094e-01,-8.628439158201217651e-03,-1.197914220392704010e-02,6.770620346069335938e-01,-7.357778549194335938e-01,1.286381334066390991e-01,-1.918745189905166626e-01,9.206810593605041504e-02,3.659247159957885742e-01,-1.703568994998931885e-01,-3.246698155999183655e-02,6.770788878202438354e-02,-1.878888542705681175e-05,-5.183493345975875854e-02,-1.630294951610267162e-03,9.675286710262298584e-03,-3.715297207236289978e-02,-1.090747024863958359e-02,7.642883807420730591e-02,-1.235035434365272522e-02,6.093600392341613770e-02,1.625710129737854004e-01,3.401059210300445557e-01,1.228087306022644043e+00,-2.587745152413845062e-02,4.642945900559425354e-02,-4.885176941752433777e-02,2.954412624239921570e-02,-1.616468876600265503e-01,-4.038041457533836365e-02,1.336708188056945801e+00,5.341626331210136414e-02,-2.317429333925247192e-02,-6.475617736577987671e-02
7.481260299682617188e-01,1.110124662518501282e-01,8.679105639457702637e-01,-9.548284113407135010e-03,-1.235592737793922424e-02,6.826651096343994141e-01,-7.305645346641540527e-01,1.205079108476638794e-01,-1.847709417343139648e-01,4.731912538409233093e-02,3.369355201721191406e-01,-1.735404878854751587e-01,-3.887239843606948853e-02,6.374479830265045166e-02,-2.234774874523282051e-03,-4.799046739935874939e-02,-2.277773572131991386e-03,9.908558800816535950e-03,-3.198986873030662537e-02,-7.658368442207574844e-03,7.658150792121887207e-02,-1.471667271107435226e-02,6.273162364959716797e-02,1.596364676952362061e-01,3.401029407978057861e-01,1.223511934280395508e+00,-2.677501365542411804e-02,4.461605474352836609e-02,-4.876089468598365784e-02,3.358037769794464111e-02,-1.659982055425643921e-01,-3.983182087540626526e-02,1.342688679695129395e+00,5.681631714105606079e-02,-3.130359575152397156e-02,-6.412401050329208374e-02
7.504066228866577148e-01,1.107572093605995178e-01,8.679904937744140625e-01,-9.717613458633422852e-03,-1.235058624297380447e-02,6.877954602241516113e-01,-7.257344126701354980e-01,1.158842593431472778e-01,-1.745049655437469482e-01,2.370391786098480225e-02,3.073953092098236084e-01,-1.758930385112762451e-01,-4.070784524083137512e-02,5.997195467352867126e-02,-1.152998884208500385e-03,-4.765179008245468140e-02,-5.455584265291690826e-03,1.056345179677009583e-02,-2.794571220874786377e-02,-4.526413511484861374e-03,7.480125874280929565e-02,-1.589381136000156403e-02,6.475800275802612305e-02,1.575169712305068970e-01,3.349765837192535400e-01,1.222428441047668457e+00,-2.070294693112373352e-02,4.306690767407417297e-02,-4.727479815483093262e-02,3.679990395903587341e-02,-1.689421683549880981e-01,-4.153247922658920288e-02,1.347521305084228516e+00,5.909978970885276794e-02,-3.717181459069252014e-02,-6.274784356355667114e-02
7.542579174041748047e-01,1.109017357230186462e-01,8.679836988449096680e-01,-1.041804160922765732e-02,-1.291909441351890564e-02,6.945227384567260742e-01,-7.192792892456054688e-01,1.129515022039413452e-01,-1.639717817306518555e-01,2.542413398623466492e-02,2.731574773788452148e-01,-1.717816442251205444e-01,-4.892790690064430237e-02,5.367364734411239624e-02,-3.049472812563180923e-03,-4.564547911286354065e-02,-7.141495123505592346e-03,9.038426913321018219e-03,-2.056262828409671783e-02,-1.382090384140610695e-03,7.188125699758529663e-02,-1.825769245624542236e-02,6.857730448246002197e-02,1.566951870918273926e-01,3.226242065429687500e-01,1.222411274909973145e+00,-1.808630675077438354e-02,4.133607819676399231e-02,-4.228496551513671875e-02,3.924376517534255981e-02,-1.718329191207885742e-01,-4.665068536996841431e-02,1.351332187652587891e+00,6.120053678750991821e-02,-3.915482759475708008e-02,-6.010466068983078003e-02
7.577648162841796875e-01,1.107862368226051331e-01,8.679534196853637695e-01,-9.952106513082981110e-03,-1.247107610106468201e-02,6.984390616416931152e-01,-7.154916524887084961e-01,1.106434240937232971e-01,-1.545929610729217529e-01,4.148646071553230286e-02,2.524838149547576904e-01,-1.605982184410095215e-01,-5.630244687199592590e-02,4.824920371174812317e-02,-2.261423971503973007e-03,-4.348997399210929871e-02,-6.525251548737287521e-03,5.875715985894203186e-03,-1.468551997095346451e-02,3.401622525416314602e-04,6.764987111091613770e-02,-1.730526797473430634e-02,6.865546852350234985e-02,1.561056822538375854e-01,3.095943629741668701e-01,1.226717710494995117e+00,-1.988232508301734924e-02,4.246032610535621643e-02,-4.034826532006263733e-02,3.956054523587226868e-02,-1.712327748537063599e-01,-5.059247463941574097e-02,1.354351997375488281e+00,6.139048188924789429e-02,-4.396759718656539917e-02,-6.166895851492881775e-02
7.622413039207458496e-01,1.108089983463287354e-01,8.677891492843627930e-01,-9.964765980839729309e-03,-1.264394074678421021e-02,7.021933794021606445e-01,-7.118042707443237305e-01,1.066990494728088379e-01,-1.491425931453704834e-01,6.521603465080261230e-02,2.381791919469833374e-01,-1.378894746303558350e-01,-6.467209756374359131e-02,4.162150993943214417e-02,-7.129075471311807632e-03,-4.132148250937461853e-02,1.737659680657088757e-03,-2.149998908862471581e-03,-8.871993981301784515e-03,2.371534937992691994e-03,6.345233321189880371e-02,-1.838994771242141724e-02,6.863927841186523438e-02,1.547094732522964478e-01,2.978578507900238037e-01,1.231252670288085938e+00,-1.784698851406574249e-02,4.582726210355758667e-02,-3.885681554675102234e-02,4.078705981373786926e-02,-1.713801324367523193e-01,-5.570370703935623169e-02,1.354602217674255371e+00,6.082159653306007385e-02,-4.528124630451202393e-02,-6.247920915484428406e-02
7.696877121925354004e-01,1.112862005829811096e-01,8.676238656044006348e-01,-9.597592055797576904e-03,-1.265931315720081329e-02,7.053862810134887695e-01,-7.086450457572937012e-01,9.858838468790054321e-02,-1.409176588058471680e-01,8.743922412395477295e-02,2.251941114664077759e-01,-1.305814236402511597e-01,-5.071838572621345520e-02,3.100376762449741364e-02,-1.350938435643911362e-02,-4.529442638158798218e-02,1.367029640823602676e-02,-1.310645975172519684e-02,1.444670255295932293e-03,4.893758334219455719e-03,5.609665066003799438e-02,-1.909983530640602112e-02,6.543128192424774170e-02,1.506094187498092651e-01,2.847294211387634277e-01,1.238549947738647461e+00,-1.333887223154306412e-02,5.132717266678810120e-02,-3.979028016328811646e-02,4.348270222544670105e-02,-1.729953140020370483e-01,-6.381044536828994751e-02,1.351474046707153320e+00,5.885268375277519226e-02,-4.058314487338066101e-02,-6.242218613624572754e-02
7.761780619621276855e-01,1.115065887570381165e-01,8.675193190574645996e-01,-8.516071364283561707e-03,-1.204688474535942078e-02,7.058744430541992188e-01,-7.081832885742187500e-01,8.987344801425933838e-02,-1.325657665729522705e-01,8.927235752344131470e-02,2.133537232875823975e-01,-1.230556964874267578e-01,-4.536693543195724487e-02,2.222035825252532959e-02,-1.462057139724493027e-02,-5.373818427324295044e-02,2.024842798709869385e-02,-1.904369518160820007e-02,9.119783528149127960e-03,7.363184820860624313e-03,4.757658764719963074e-02,-1.788516528904438019e-02,6.175273284316062927e-02,1.452416330575942993e-01,2.794582247734069824e-01,1.244269847869873047e+00,-1.585280150175094604e-02,5.737144127488136292e-02,-4.074395447969436646e-02,4.588620364665985107e-02,-1.756591349840164185e-01,-6.979078054428100586e-02,1.347350835800170898e+00,5.558960884809494019e-02,-3.502792492508888245e-02,-6.228484213352203369e-02
7.828623056411743164e-01,1.116067022085189819e-01,8.674452900886535645e-01,-6.975351832807064056e-03,-1.110639236867427826e-02,7.051993608474731445e-01,-7.088878154754638672e-01,7.968110591173171997e-02,-1.214465647935867310e-01,8.037384599447250366e-02,1.970028281211853027e-01,-1.112733185291290283e-01,-4.057781398296356201e-02,1.350429747253656387e-02,-1.402068510651588440e-02,-6.195867806673049927e-02,2.634584903717041016e-02,-2.339345216751098633e-02,1.634251698851585388e-02,9.059563279151916504e-03,3.864361345767974854e-02,-1.621951535344123840e-02,5.764397233724594116e-02,1.407770365476608276e-01,2.735692262649536133e-01,1.250071406364440918e+00,-1.975554972887039185e-02,6.315295398235321045e-02,-4.136708751320838928e-02,4.892330989241600037e-02,-1.771992295980453491e-01,-7.719321548938751221e-02,1.342545390129089355e+00,5.191168934106826782e-02,-2.981413342058658600e-02,-6.215480715036392212e-02
7.923744320869445801e-01,1.117582321166992188e-01,8.674597144126892090e-01,-4.706684965640306473e-03,-9.659642353653907776e-03,7.046841979026794434e-01,-7.094396948814392090e-01,6.429323554039001465e-02,-1.060090512037277222e-01,6.177213415503501892e-02,1.761935055255889893e-01,-1.001399755477905273e-01,-2.862396650016307831e-02,1.292533008381724358e-03,-1.631152629852294922e-02,-6.484925001859664917e-02,4.087527841329574585e-02,-2.765200473368167877e-02,2.331054955720901489e-02,1.073112618178129196e-02,3.068993426859378815e-02,-1.341744884848594666e-02,5.126000568270683289e-02,1.350591033697128296e-01,2.654803395271301270e-01,1.257765531539916992e+00,-2.091459184885025024e-02,6.822206825017929077e-02,-4.270591586828231812e-02,5.357556790113449097e-02,-1.767234951257705688e-01,-9.160029888153076172e-02,1.335892796516418457e+00,4.635263234376907349e-02,-2.351189404726028442e-02,-6.491685658693313599e-02
8.000744581222534180e-01,1.119143590331077576e-01,8.673753738403320312e-01,-3.256545867770910263e-03,-8.879310451447963715e-03,7.054522037506103516e-01,-7.086943984031677246e-01,5.302484706044197083e-02,-9.602546691894531250e-02,5.248481780290603638e-02,1.630098521709442139e-01,-9.290087968111038208e-02,-1.977735944092273712e-02,-8.538044989109039307e-03,-2.339450269937515259e-02,-6.119916588068008423e-02,5.958089604973793030e-02,-3.248413279652595520e-02,2.712239325046539307e-02,1.256140880286693573e-02,2.870739996433258057e-02,-1.198806706815958023e-02,4.744127392768859863e-02,1.310915499925613403e-01,2.572698295116424561e-01,1.262776494026184082e+00,-2.359523437917232513e-02,7.170759886503219604e-02,-4.478896409273147583e-02,5.690224468708038330e-02,-1.762439310550689697e-01,-1.017264053225517273e-01,1.331370592117309570e+00,4.574390873312950134e-02,-1.904004439711570740e-02,-6.557888537645339966e-02
8.079290986061096191e-01,1.121511906385421753e-01,8.671644926071166992e-01,-2.380640245974063873e-03,-8.782645687460899353e-03,7.068678736686706543e-01,-7.072870731353759766e-01,4.296739771962165833e-02,-8.811447024345397949e-02,5.161134153604507446e-02,1.504885554313659668e-01,-8.585488051176071167e-02,-1.246559713035821915e-02,-1.846783608198165894e-02,-3.483902662992477417e-02,-5.578702315688133240e-02,8.262811601161956787e-02,-3.902880847454071045e-02,3.271290287375450134e-02,1.416450552642345428e-02,2.761593274772167206e-02,-1.191301085054874420e-02,4.572509601712226868e-02,1.281930357217788696e-01,2.487215846776962280e-01,1.265898704528808594e+00,-2.526998706161975861e-02,7.327744364738464355e-02,-4.722427949309349060e-02,5.868976190686225891e-02,-1.773706674575805664e-01,-1.043270453810691833e-01,1.327492594718933105e+00,4.524487629532814026e-02,-1.394529547542333603e-02,-6.407127529382705688e-02
