1.424764871597290039e+00,3.010055422782897949e-02,8.674235939979553223e-01,2.275042468681931496e-03,-1.964535750448703766e-02,-2.294301614165306091e-02,-9.995411634445190430e-01,5.220473930239677429e-02,-7.739234715700149536e-02,1.259768009185791016e-01,8.874900639057159424e-02,-3.897505626082420349e-02,-2.725449763238430023e-02,4.951436817646026611e-02,3.349435050040483475e-03,-7.498586177825927734e-02,-1.740000024437904358e-02,-1.618164777755737305e-02,-5.187844485044479370e-02,1.853716559708118439e-02,-3.368091955780982971e-02,-3.649455681443214417e-02,4.374625533819198608e-02,1.183513104915618896e-01,2.096706628799438477e-01,1.279613494873046875e+00,-4.707960411906242371e-02,5.040672048926353455e-02,-7.182125002145767212e-02,5.440942570567131042e-02,-1.508324593305587769e-01,-1.220436543226242065e-01,1.340985417366027832e+00,4.091711342334747314e-02,-5.288083106279373169e-02,-7.295750081539154053e-02
1.425516963005065918e+00,3.299947828054428101e-02,8.676424026489257812e-01,2.584204077720642090e-03,-1.937918551266193390e-02,-2.135617844760417938e-02,-9.995807409286499023e-01,4.855649173259735107e-02,-7.140301167964935303e-02,1.286060512065887451e-01,8.099025487899780273e-02,-3.562708199024200439e-02,-2.584739774465560913e-02,4.616914317011833191e-02,4.577837884426116943e-03,-7.611060142517089844e-02,-1.740000024437904358e-02,-1.582340151071548462e-02,-4.916732758283615112e-02,1.549905072897672653e-02,-2.927782200276851654e-02,-3.728901967406272888e-02,4.390029981732368469e-02,1.191648915410041809e-01,2.032099515199661255e-01,1.279729962348937988e+00,-4.681342467665672302e-02,4.887922480702400208e-02,-7.193042337894439697e-02,5.707958713173866272e-02,-1.474589258432388306e-01,-1.190958172082901001e-01,1.337104320526123047e+00,4.070506244897842407e-02,-4.741538688540458679e-02,-7.041598111391067505e-02
1.426118850708007812e+00,3.591307252645492554e-02,8.679007291793823242e-01,3.263274673372507095e-03,-1.911203935742378235e-02,-2.001556195318698883e-02,-9.996116757392883301e-01,4.574944823980331421e-02,-6.704165041446685791e-02,1.312439888715744019e-01,7.601182162761688232e-02,-3.456886485219001770e-02,-2.291599288582801819e-02,4.364902898669242859e-02,5.634820554405450821e-03,-7.644523680210113525e-02,-1.740000024437904358e-02,-1.494888402521610260e-02,-4.613808542490005493e-02,1.380029693245887756e-02,-2.584157884120941162e-02,-3.758212178945541382e-02,4.302929714322090149e-02,1.189269647002220154e-01,1.982704997062683105e-01,1.282701015472412109e+00,-4.487169161438941956e-02,4.885838180780410767e-02,-7.274816185235977173e-02,5.875387787818908691e-02,-1.446557044982910156e-01,-1.165188848972320557e-01,1.333042740821838379e+00,3.847706317901611328e-02,-4.167547449469566345e-02,-6.886900216341018677e-02
1.427160859107971191e+00,3.984774276614189148e-02,8.682727217674255371e-01,4.232855513691902161e-03,-1.851136609911918640e-02,-1.854242570698261261e-02,-9.996477365493774414e-01,4.206842556595802307e-02,-6.120995804667472839e-02,1.332552582025527954e-01,7.053879648447036743e-02,-3.313102200627326965e-02,-1.860903762280941010e-02,4.043462127447128296e-02,7.766935974359512329e-03,-7.629507780075073242e-02,-1.740000024437904358e-02,-1.322827953845262527e-02,-4.207579791545867920e-02,1.172762829810380936e-02,-2.221453376114368439e-02,-3.783607482910156250e-02,4.228649660944938660e-02,1.173644438385963440e-01,1.969035416841506958e-01,1.290271162986755371e+00,-4.204925522208213806e-02,5.358044803142547607e-02,-7.436081022024154663e-02,6.111729890108108521e-02,-1.406667083501815796e-01,-1.150736212730407715e-01,1.327035069465637207e+00,3.477796539664268494e-02,-3.358097746968269348e-02,-6.759522855281829834e-02
1.428042888641357422e+00,4.267093166708946228e-02,8.685800433158874512e-01,4.965733271092176437e-03,-1.814819127321243286e-02,-1.787776127457618713e-02,-9.996631145477294922e-01,3.960057720541954041e-02,-5.765569582581520081e-02,1.334538906812667847e-01,6.758107990026473999e-02,-3.186370804905891418e-02,-1.621507294476032257e-02,3.822546824812889099e-02,9.236917831003665924e-03,-7.637083530426025391e-02,-1.740000024437904358e-02,-1.095966901630163193e-02,-3.926061466336250305e-02,1.020810659974813461e-02,-2.017362415790557861e-02,-3.819925710558891296e-02,4.276427254080772400e-02,1.169280111789703369e-01,1.972431242465972900e-01,1.296607494354248047e+00,-4.220165684819221497e-02,5.868558213114738464e-02,-7.564736902713775635e-02,6.281605362892150879e-02,-1.384324282407760620e-01,-1.140334606170654297e-01,1.322145342826843262e+00,3.364100307226181030e-02,-2.609112858772277832e-02,-6.624341011047363281e-02
1.428959131240844727e+00,4.540104791522026062e-02,8.688271045684814453e-01,5.463300738483667374e-03,-1.780040748417377472e-02,-1.709285192191600800e-02,-9.996805191040039062e-01,3.652082011103630066e-02,-5.337817966938018799e-02,1.322831064462661743e-01,6.313490867614746094e-02,-2.930971607565879822e-02,-1.347987726330757141e-02,3.560590744018554688e-02,1.068982668220996857e-02,-7.595634460449218750e-02,-1.740000024437904358e-02,-8.650830015540122986e-03,-3.636611253023147583e-02,8.530457504093647003e-03,-1.742441207170486450e-02,-3.846170380711555481e-02,4.367433860898017883e-02,1.175601482391357422e-01,1.966347992420196533e-01,1.303000092506408691e+00,-4.449390247464179993e-02,6.321690231561660767e-02,-7.659792900085449219e-02,6.444185227155685425e-02,-1.367551237344741821e-01,-1.126609370112419128e-01,1.317235827445983887e+00,3.254142776131629944e-02,-1.881860382854938507e-02,-6.523487716913223267e-02
1.430090427398681641e+00,4.879732429981231689e-02,8.691293597221374512e-01,6.132570095360279083e-03,-1.752542704343795776e-02,-1.634529046714305878e-02,-9.996939897537231445e-01,3.276338055729866028e-02,-4.827583581209182739e-02,1.303640305995941162e-01,5.744924023747444153e-02,-2.681098878383636475e-02,-9.995855391025543213e-03,3.243823349475860596e-02,1.222816202789545059e-02,-7.687009125947952271e-02,-1.740000024437904358e-02,-6.257209926843643188e-03,-3.270638734102249146e-02,7.168209180235862732e-03,-1.494211982935667038e-02,-3.872477635741233826e-02,4.602659493684768677e-02,1.197599917650222778e-01,1.969047784805297852e-01,1.309994339942932129e+00,-4.607076942920684814e-02,6.787282228469848633e-02,-7.672006636857986450e-02,6.490907073020935059e-02,-1.357657462358474731e-01,-1.096171736717224121e-01,1.312120676040649414e+00,3.089760430157184601e-02,-1.069104950875043869e-02,-6.444185227155685425e-02
1.431027293205261230e+00,5.106050521135330200e-02,8.692931532859802246e-01,6.558125372976064682e-03,-1.749587617814540863e-02,-1.611342094838619232e-02,-9.996955990791320801e-01,3.036728315055370331e-02,-4.506051912903785706e-02,1.305314898490905762e-01,5.383499711751937866e-02,-2.602675557136535645e-02,-8.471314795315265656e-03,3.031200543045997620e-02,1.319744344800710678e-02,-7.840203493833541870e-02,-1.740000024437904358e-02,-4.885099828243255615e-03,-3.027207031846046448e-02,6.398005411028862000e-03,-1.397801563143730164e-02,-3.955780342221260071e-02,4.911036789417266846e-02,1.227695271372795105e-01,1.970602571964263916e-01,1.314374685287475586e+00,-4.678463190793991089e-02,7.025472074747085571e-02,-7.630712538957595825e-02,6.519404053688049316e-02,-1.347574889659881592e-01,-1.077471077442169189e-01,1.309207201004028320e+00,2.906633354723453522e-02,-6.603050511330366135e-03,-6.444633752107620239e-02
1.431872963905334473e+00,5.316163972020149231e-02,8.693877458572387695e-01,6.958888843655586243e-03,-1.759870909154415131e-02,-1.595154963433742523e-02,-9.996936321258544922e-01,2.810260280966758728e-02,-4.216672480106353760e-02,1.311298608779907227e-01,4.993566125631332397e-02,-2.439553663134574890e-02,-6.533954292535781860e-03,2.841108851134777069e-02,1.380056701600551605e-02,-8.029571920633316040e-02,-1.740000024437904358e-02,-3.577886614948511124e-03,-2.835154905915260315e-02,5.911626387387514114e-03,-1.353901810944080353e-02,-4.039090126752853394e-02,5.188613757491111755e-02,1.261436343193054199e-01,1.970355063676834106e-01,1.319207072257995605e+00,-4.782004654407501221e-02,7.252797484397888184e-02,-7.574938982725143433e-02,6.423156708478927612e-02,-1.344661563634872437e-01,-1.053968667984008789e-01,1.307413339614868164e+00,2.867659181356430054e-02,-2.354691270738840103e-03,-6.395707279443740845e-02
1.432805180549621582e+00,5.591380596160888672e-02,8.695649504661560059e-01,7.139190565794706345e-03,-1.779697462916374207e-02,-1.598544418811798096e-02,-9.996883273124694824e-01,2.436123602092266083e-02,-3.848606348037719727e-02,1.309078335762023926e-01,4.411711916327476501e-02,-2.120374143123626709e-02,-4.922564607113599777e-03,2.517453022301197052e-02,1.427113637328147888e-02,-8.328717947006225586e-02,-1.740000024437904358e-02,-1.425775815732777119e-03,-2.614373527467250824e-02,5.840986501425504684e-03,-1.352901197969913483e-02,-4.085177928209304810e-02,5.400802195072174072e-02,1.295974701642990112e-01,1.964773088693618774e-01,1.326712965965270996e+00,-4.806642606854438782e-02,7.828062772750854492e-02,-7.331801950931549072e-02,6.229345127940177917e-02,-1.350498795509338379e-01,-1.035635098814964294e-01,1.305768370628356934e+00,2.732312679290771484e-02,2.074742224067449570e-03,-6.312088668346405029e-02
1.433357834815979004e+00,5.770737305283546448e-02,8.696597814559936523e-01,7.361521478742361069e-03,-1.821159571409225464e-02,-1.601579971611499786e-02,-9.996787905693054199e-01,2.207914926111698151e-02,-3.652727603912353516e-02,1.302962601184844971e-01,4.000288620591163635e-02,-1.975222490727901459e-02,-3.461267333477735519e-03,2.327688969671726227e-02,1.394036132842302322e-02,-8.430792391300201416e-02,-1.740000024437904358e-02,2.861170505639165640e-04,-2.466502785682678223e-02,6.340040825307369232e-03,-1.384162530303001404e-02,-4.151139780879020691e-02,5.526762083172798157e-02,1.314363479614257812e-01,1.976758986711502075e-01,1.332569599151611328e+00,-4.762499779462814331e-02,8.309332281351089478e-02,-7.282545417547225952e-02,6.084630638360977173e-02,-1.350218802690505981e-01,-1.050284728407859802e-01,1.305100321769714355e+00,2.562147751450538635e-02,3.929747734218835831e-03,-6.327740103006362915e-02
1.433685302734375000e+00,5.939955264329910278e-02,8.697836995124816895e-01,7.528913207352161407e-03,-1.883934251964092255e-02,-1.593938097357749939e-02,-9.996671080589294434e-01,1.989284157752990723e-02,-3.591458126902580261e-02,1.297531574964523315e-01,3.701222687959671021e-02,-1.778736524283885956e-02,-2.102327998727560043e-03,2.139859087765216827e-02,1.288683619350194931e-02,-8.535893261432647705e-02,-1.740000024437904358e-02,1.808667788282036781e-03,-2.313147857785224915e-02,7.532430812716484070e-03,-1.456429250538349152e-02,-4.179703816771507263e-02,5.566536262631416321e-02,1.325685381889343262e-01,1.991316974163055420e-01,1.338080286979675293e+00,-4.816219583153724670e-02,8.802761137485504150e-02,-7.242289930582046509e-02,5.930662527680397034e-02,-1.359061449766159058e-01,-1.058414280414581299e-01,1.304148674011230469e+00,2.531258016824722290e-02,4.198368638753890991e-03,-6.405165791511535645e-02
1.434080362319946289e+00,6.111832708120346069e-02,8.699015378952026367e-01,7.506683003157377243e-03,-1.983878761529922485e-02,-1.587478071451187134e-02,-9.996489882469177246e-01,1.724043488502502441e-02,-3.572424128651618958e-02,1.289423853158950806e-01,3.327662497758865356e-02,-1.391471643000841141e-02,-1.449859817512333393e-03,1.903071999549865723e-02,1.110574230551719666e-02,-8.627689629793167114e-02,-1.740000024437904358e-02,3.876417409628629684e-03,-2.141233719885349274e-02,8.200518786907196045e-03,-1.518441364169120789e-02,-4.239210113883018494e-02,5.710869655013084412e-02,1.358866691589355469e-01,1.996822804212570190e-01,1.342740774154663086e+00,-5.102382227778434753e-02,9.107359498739242554e-02,-7.184947282075881958e-02,5.851266905665397644e-02,-1.375900506973266602e-01,-1.073849052190780640e-01,1.302651762962341309e+00,2.466488257050514221e-02,3.939370624721050262e-03,-6.606899946928024292e-02
1.434287309646606445e+00,6.198539212346076965e-02,8.700152635574340820e-01,7.659816183149814606e-03,-2.057756669819355011e-02,-1.551801897585391998e-02,-9.996384978294372559e-01,1.629601605236530304e-02,-3.560947999358177185e-02,1.301865279674530029e-01,3.033194504678249359e-02,-1.073939725756645203e-02,-1.389602432027459145e-03,1.814004220068454742e-02,9.619112126529216766e-03,-8.641960471868515015e-02,-1.740000024437904358e-02,5.405695177614688873e-03,-2.033839561045169830e-02,9.008586406707763672e-03,-1.583177223801612854e-02,-4.256493970751762390e-02,5.787955597043037415e-02,1.387008726596832275e-01,1.992476433515548706e-01,1.344954848289489746e+00,-5.406333878636360168e-02,9.257180988788604736e-02,-7.017961889505386353e-02,5.754772946238517761e-02,-1.383385211229324341e-01,-1.067762076854705811e-01,1.302386879920959473e+00,2.588430047035217285e-02,4.906748421490192413e-03,-6.639309972524642944e-02
1.434338331222534180e+00,6.255496293306350708e-02,8.701689243316650391e-01,7.674191147089004517e-03,-2.140585705637931824e-02,-1.504786312580108643e-02,-9.996281862258911133e-01,1.547288522124290466e-02,-3.619544208049774170e-02,1.316754668951034546e-01,2.781421877443790436e-02,-5.776005331426858902e-03,-1.804779749363660812e-03,1.734619215130805969e-02,7.722711190581321716e-03,-8.667445182800292969e-02,-1.740000024437904358e-02,7.141944486647844315e-03,-1.979890465736389160e-02,9.694469161331653595e-03,-1.604874804615974426e-02,-4.272070154547691345e-02,5.816107615828514099e-02,1.413845121860504150e-01,1.982665956020355225e-01,1.345966458320617676e+00,-5.599696189165115356e-02,9.293068945407867432e-02,-6.846105307340621948e-02,5.679330602288246155e-02,-1.389845013618469238e-01,-1.057391464710235596e-01,1.302891850471496582e+00,2.711463160812854767e-02,5.302756559103727341e-03,-6.671077013015747070e-02
1.434174060821533203e+00,6.265140324831008911e-02,8.703650236129760742e-01,7.821465842425823212e-03,-2.243546955287456512e-02,-1.415533479303121567e-02,-9.996174573898315430e-01,1.573135890066623688e-02,-3.811411932110786438e-02,1.343988180160522461e-01,2.617165446281433105e-02,1.634069718420505524e-03,-1.701656612567603588e-03,1.747228763997554779e-02,4.965232219547033310e-03,-8.638767898082733154e-02,-1.740000024437904358e-02,9.593211114406585693e-03,-1.934635452926158905e-02,1.018782146275043488e-02,-1.610957272350788116e-02,-4.224679991602897644e-02,5.780072137713432312e-02,1.445838361978530884e-01,2.003362923860549927e-01,1.345371603965759277e+00,-5.465645343065261841e-02,9.321276843547821045e-02,-6.637545675039291382e-02,5.601893737912178040e-02,-1.388326734304428101e-01,-1.040906235575675964e-01,1.303410291671752930e+00,2.778084948658943176e-02,4.920870997011661530e-03,-6.720715761184692383e-02
1.433904170989990234e+00,6.229507550597190857e-02,8.705507516860961914e-01,7.921196520328521729e-03,-2.315534651279449463e-02,-1.353519223630428314e-02,-9.996088743209838867e-01,1.661737449467182159e-02,-4.067526385188102722e-02,1.365657001733779907e-01,2.663366124033927917e-02,7.068732287734746933e-03,-1.916093751788139343e-03,1.813091151416301727e-02,2.777141984552145004e-03,-8.588539063930511475e-02,-1.740000024437904358e-02,1.193816959857940674e-02,-1.955754868686199188e-02,1.051202882081270218e-02,-1.596813276410102844e-02,-4.166027158498764038e-02,5.769240856170654297e-02,1.463822573423385620e-01,2.036778479814529419e-01,1.343251824378967285e+00,-5.330985039472579956e-02,9.232486039400100708e-02,-6.556836515665054321e-02,5.604607239365577698e-02,-1.388440430164337158e-01,-1.028539687395095825e-01,1.303006410598754883e+00,2.838719449937343597e-02,4.925342276692390442e-03,-6.726155430078506470e-02
1.433484315872192383e+00,6.165713816881179810e-02,8.707693219184875488e-01,7.872411049902439117e-03,-2.381157688796520233e-02,-1.293682865798473358e-02,-9.996017813682556152e-01,1.775642670691013336e-02,-4.447988048195838928e-02,1.385552436113357544e-01,2.883971668779850006e-02,1.437764335423707962e-02,-2.787768607959151268e-03,1.889950409531593323e-02,5.102582508698105812e-04,-8.539178222417831421e-02,-1.740000024437904358e-02,1.464148145169019699e-02,-2.025739662349224091e-02,1.100434921681880951e-02,-1.638727076351642609e-02,-4.114248603582382202e-02,5.761038511991500854e-02,1.468469351530075073e-01,2.085990905761718750e-01,1.340490102767944336e+00,-5.381785705685615540e-02,9.089297056198120117e-02,-6.614248454570770264e-02,5.606774240732192993e-02,-1.394695490598678589e-01,-1.002633869647979736e-01,1.302558779716491699e+00,2.877961285412311554e-02,5.349790211766958237e-03,-6.685556471347808838e-02
1.432570576667785645e+00,5.978865548968315125e-02,8.710994124412536621e-01,7.851813919842243195e-03,-2.438765205442905426e-02,-1.290435995906591415e-02,-9.995884299278259277e-01,2.137117460370063782e-02,-5.368288978934288025e-02,1.414459645748138428e-01,3.931439295411109924e-02,2.406474202871322632e-02,-4.858512897044420242e-03,2.152894251048564911e-02,-2.303844084963202477e-03,-8.317693322896957397e-02,-1.740000024437904358e-02,1.890037767589092255e-02,-2.277621999382972717e-02,1.105831563472747803e-02,-1.690811850130558014e-02,-3.948457911610603333e-02,5.757426097989082336e-02,1.485386937856674194e-01,2.134112864732742310e-01,1.334150671958923340e+00,-5.728614330291748047e-02,8.645336329936981201e-02,-6.588298082351684570e-02,5.605723336338996887e-02,-1.386635601520538330e-01,-9.735800325870513916e-02,1.302463769912719727e+00,2.870449423789978027e-02,6.330446340143680573e-03,-6.674249470233917236e-02
1.431608200073242188e+00,5.766686424612998962e-02,8.713053464889526367e-01,8.135722018778324127e-03,-2.442091889679431915e-02,-1.337193418294191360e-02,-9.995792508125305176e-01,2.623684890568256378e-02,-6.285425275564193726e-02,1.434260010719299316e-01,5.218806490302085876e-02,2.793646417558193207e-02,-7.056908216327428818e-03,2.526761218905448914e-02,-3.956136759370565414e-03,-8.087115734815597534e-02,-1.740000024437904358e-02,2.331502176821231842e-02,-2.604516223073005676e-02,1.206644345074892044e-02,-1.727460883557796478e-02,-3.712579607963562012e-02,5.845529586076736450e-02,1.505551040172576904e-01,2.169574648141860962e-01,1.325381636619567871e+00,-5.734007060527801514e-02,7.981389015913009644e-02,-6.423409283161163330e-02,5.571308359503746033e-02,-1.379911601543426514e-01,-9.496675431728363037e-02,1.302250623703002930e+00,3.034500218927860260e-02,6.698092445731163025e-03,-6.648732721805572510e-02
1.430218577384948730e+00,5.515847727656364441e-02,8.714613914489746094e-01,8.494981564581394196e-03,-2.432621829211711884e-02,-1.414920017123222351e-02,-9.995678663253784180e-01,3.215675801038742065e-02,-7.433672994375228882e-02,1.447731703519821167e-01,6.829097867012023926e-02,3.469745814800262451e-02,-9.789516218006610870e-03,2.970448508858680725e-02,-5.946432240307331085e-03,-7.841201126575469971e-02,-1.740000024437904358e-02,2.930475212633609772e-02,-2.937716059386730194e-02,1.382268592715263367e-02,-1.694436371326446533e-02,-3.396988287568092346e-02,5.913692712783813477e-02,1.521617025136947632e-01,2.219306081533432007e-01,1.314052104949951172e+00,-5.538221821188926697e-02,6.976901739835739136e-02,-6.430428475141525269e-02,5.467504262924194336e-02,-1.385629326105117798e-01,-8.966124802827835083e-02,1.301709651947021484e+00,3.436926752328872681e-02,7.002848666161298752e-03,-6.540540605783462524e-02
1.427737951278686523e+00,5.104340612888336182e-02,8.713877201080322266e-01,8.562146686017513275e-03,-2.433402836322784424e-02,-1.590712182223796844e-02,-9.995406270027160645e-01,3.994554281234741211e-02,-9.190632402896881104e-02,1.425338238477706909e-01,9.191551804542541504e-02,4.181768372654914856e-02,-1.315641961991786957e-02,3.570260852575302124e-02,-9.428439661860466003e-03,-7.678443938493728638e-02,-1.740000024437904358e-02,3.744096308946609497e-02,-3.434929996728897095e-02,1.523448526859283447e-02,-1.460069604218006134e-02,-3.028522245585918427e-02,6.064397096633911133e-02,1.560933440923690796e-01,2.273684144020080566e-01,1.297001361846923828e+00,-5.827178806066513062e-02,5.194829031825065613e-02,-6.586052477359771729e-02,5.248898267745971680e-02,-1.397273540496826172e-01,-7.800825685262680054e-02,1.300966501235961914e+00,3.357833623886108398e-02,1.007375307381153107e-02,-6.155792996287345886e-02
1.425136685371398926e+00,4.778607189655303955e-02,8.709920048713684082e-01,7.596498355269432068e-03,-2.503705210983753204e-02,-1.872476004064083099e-02,-9.994822740554809570e-01,4.330980777740478516e-02,-1.092472448945045471e-01,1.360055655241012573e-01,1.123331114649772644e-01,4.578344896435737610e-02,-1.582488231360912323e-02,3.793785348534584045e-02,-1.388888340443372726e-02,-8.082045614719390869e-02,-1.740000024437904358e-02,4.139888659119606018e-02,-3.716335073113441467e-02,1.459658425301313400e-02,-1.163066457957029343e-02,-2.822350524365901947e-02,6.033965945243835449e-02,1.583460420370101929e-01,2.302989512681961060e-01,1.286566972732543945e+00,-6.288865208625793457e-02,4.071722179651260376e-02,-6.684338301420211792e-02,4.965592175722122192e-02,-1.403840035200119019e-01,-6.856558471918106079e-02,1.300622105598449707e+00,3.120993450284004211e-02,1.242309156805276871e-02,-6.035306677222251892e-02
1.421779513359069824e+00,4.454159736633300781e-02,8.705339431762695312e-01,5.834797862917184830e-03,-2.642004005610942841e-02,-2.308445423841476440e-02,-9.993672966957092285e-01,4.476458579301834106e-02,-1.306394636631011963e-01,1.271171718835830688e-01,1.348053067922592163e-01,5.183126404881477356e-02,-2.090374939143657684e-02,3.860935568809509277e-02,-2.052100002765655518e-02,-8.879792690277099609e-02,-1.740000024437904358e-02,4.646061733365058899e-02,-4.311520606279373169e-02,1.254775375127792358e-02,-8.860668167471885681e-03,-2.608575671911239624e-02,5.821476876735687256e-02,1.595397889614105225e-01,2.330465614795684814e-01,1.280103683471679688e+00,-6.763799488544464111e-02,3.393660858273506165e-02,-6.845654547214508057e-02,4.619143903255462646e-02,-1.413559615612030029e-01,-6.174465268850326538e-02,1.299337267875671387e+00,3.012777119874954224e-02,1.632934249937534332e-02,-5.946350842714309692e-02
1.416603803634643555e+00,4.008369147777557373e-02,8.701816797256469727e-01,3.125549294054508209e-03,-2.794725820422172546e-02,-3.078990615904331207e-02,-9.991301894187927246e-01,4.608895629644393921e-02,-1.595670580863952637e-01,1.143521144986152649e-01,1.643924862146377563e-01,5.695342272520065308e-02,-3.248518332839012146e-02,3.859652578830718994e-02,-2.939052321016788483e-02,-9.907092899084091187e-02,-1.740000024437904358e-02,5.463189631700515747e-02,-5.170019716024398804e-02,7.989251054823398590e-03,-6.413496099412441254e-03,-2.108328044414520264e-02,5.366372689604759216e-02,1.599446833133697510e-01,2.402869015932083130e-01,1.277481079101562500e+00,-7.065661996603012085e-02,3.367209807038307190e-02,-7.175064086914062500e-02,3.887679800391197205e-02,-1.416700780391693115e-01,-5.152224004268646240e-02,1.298663377761840820e+00,3.237749636173248291e-02,1.805089600384235382e-02,-6.110231205821037292e-02
1.412171483039855957e+00,3.700209036469459534e-02,8.703159093856811523e-01,2.087460015900433064e-04,-2.934317104518413544e-02,-3.753742203116416931e-02,-9.988642930984497070e-01,4.373978450894355774e-02,-1.804045885801315308e-01,1.033079847693443298e-01,1.839560419321060181e-01,5.229730159044265747e-02,-4.281684011220932007e-02,3.543445095419883728e-02,-3.695262223482131958e-02,-1.092576533555984497e-01,-1.740000024437904358e-02,5.974803492426872253e-02,-5.457691475749015808e-02,1.446575159206986427e-03,-4.535130690783262253e-03,-1.833117380738258362e-02,5.121944472193717957e-02,1.609728038311004639e-01,2.464411705732345581e-01,1.279223084449768066e+00,-7.436094433069229126e-02,3.670817613601684570e-02,-7.150030881166458130e-02,3.233186155557632446e-02,-1.426544934511184692e-01,-4.045163840055465698e-02,1.298876404762268066e+00,2.990263327956199646e-02,2.008595317602157593e-02,-6.229259446263313293e-02
1.407134771347045898e+00,3.460462763905525208e-02,8.705583810806274414e-01,-2.152191940695047379e-03,-3.029906004667282104e-02,-4.399179667234420776e-02,-9.985700249671936035e-01,4.092670232057571411e-02,-1.973220109939575195e-01,8.797225356101989746e-02,2.027409672737121582e-01,2.377374470233917236e-02,-5.598384141921997070e-02,3.244698792695999146e-02,-4.436330124735832214e-02,-1.184783428907394409e-01,-1.740000024437904358e-02,6.517812609672546387e-02,-5.697324499487876892e-02,-3.114111255854368210e-03,-2.784798154607415199e-03,-1.544319558888673782e-02,4.933634400367736816e-02,1.619526594877243042e-01,2.514373958110809326e-01,1.282384037971496582e+00,-7.365188747644424438e-02,3.983664512634277344e-02,-7.054338604211807251e-02,2.589155733585357666e-02,-1.450875699520111084e-01,-3.328523039817810059e-02,1.298049926757812500e+00,2.999442070722579956e-02,1.974806562066078186e-02,-6.411579996347427368e-02
1.399752974510192871e+00,3.295853361487388611e-02,8.709787726402282715e-01,-4.759872797876596451e-03,-3.058290295302867889e-02,-5.112149566411972046e-02,-9.982126951217651367e-01,3.490093350410461426e-02,-2.093886286020278931e-01,5.754942819476127625e-02,2.356498241424560547e-01,-6.456345319747924805e-02,-8.624165505170822144e-02,2.718918025493621826e-02,-5.305127054452896118e-02,-1.281980127096176147e-01,-1.740000024437904358e-02,7.232084870338439941e-02,-5.693852156400680542e-02,-6.643442437052726746e-03,-1.367567689158022404e-03,-1.177023444324731827e-02,4.892719537019729614e-02,1.620225906372070312e-01,2.582077682018280029e-01,1.287910938262939453e+00,-7.123654335737228394e-02,4.449781030416488647e-02,-7.031614333391189575e-02,1.893680170178413391e-02,-1.517355591058731079e-01,-3.058511205017566681e-02,1.294395565986633301e+00,3.410348296165466309e-02,2.351569384336471558e-02,-6.409786641597747803e-02
1.394581675529479980e+00,3.265810385346412659e-02,8.713136315345764160e-01,-6.904170382767915726e-03,-3.001128882169723511e-02,-5.427598208189010620e-02,-9.980509877204895020e-01,2.842755801975727081e-02,-2.111871689558029175e-01,3.348292782902717590e-02,2.686283290386199951e-01,-1.369698047637939453e-01,-7.942763715982437134e-02,2.147725783288478851e-02,-5.777886509895324707e-02,-1.341146081686019897e-01,-1.740000024437904358e-02,7.737790793180465698e-02,-5.534767732024192810e-02,-1.022872608155012131e-02,1.613764790818095207e-03,-9.630818851292133331e-03,5.105910450220108032e-02,1.619363874197006226e-01,2.628801763057708740e-01,1.292950987815856934e+00,-7.104564458131790161e-02,4.954731836915016174e-02,-7.171659916639328003e-02,1.392668671905994415e-02,-1.573741436004638672e-01,-2.969157509505748749e-02,1.292325496673583984e+00,3.506080433726310730e-02,2.625119872391223907e-02,-6.482005864381790161e-02
1.389909625053405762e+00,3.280383348464965820e-02,8.716734051704406738e-01,-8.774328045547008514e-03,-2.871512807905673981e-02,-5.622945353388786316e-02,-9.979662895202636719e-01,2.427388541400432587e-02,-2.070725709199905396e-01,1.941722445189952850e-02,3.025628924369812012e-01,-1.807149946689605713e-01,-6.746645271778106689e-02,1.608908548951148987e-02,-6.070481985807418823e-02,-1.400441676378250122e-01,-1.740000024437904358e-02,8.216004818677902222e-02,-5.483604595065116882e-02,-1.397496461868286133e-02,4.701867233961820602e-03,-7.628824096173048019e-03,5.474480614066123962e-02,1.622386574745178223e-01,2.671453058719635010e-01,1.298607826232910156e+00,-6.839136034250259399e-02,5.526554957032203674e-02,-7.307496666908264160e-02,8.564356714487075806e-03,-1.614447236061096191e-01,-2.948455139994621277e-02,1.292743563652038574e+00,3.331846743822097778e-02,2.536153979599475861e-02,-6.854777038097381592e-02
1.384651660919189453e+00,3.319767490029335022e-02,8.719702363014221191e-01,-1.081245858222246170e-02,-2.658594585955142975e-02,-5.704652145504951477e-02,-9.979588985443115234e-01,2.277592010796070099e-02,-1.924700587987899780e-01,1.683854311704635620e-02,3.433550000190734863e-01,-2.045195251703262329e-01,-4.614164307713508606e-02,1.003955770283937454e-02,-6.273325532674789429e-02,-1.449888199567794800e-01,-1.740000024437904358e-02,8.543192595243453979e-02,-5.570762604475021362e-02,-1.906179636716842651e-02,8.516036905348300934e-03,-8.079384453594684601e-03,6.458861380815505981e-02,1.641344428062438965e-01,2.720699012279510498e-01,1.304838657379150391e+00,-6.640250235795974731e-02,6.023330241441726685e-02,-7.298095524311065674e-02,5.701020825654268265e-03,-1.619035303592681885e-01,-3.802781924605369568e-02,1.295427441596984863e+00,2.901736646890640259e-02,1.742398738861083984e-02,-7.548721879720687866e-02
1.380726933479309082e+00,3.390869498252868652e-02,8.719775080680847168e-01,-1.202410832047462463e-02,-2.493325993418693542e-02,-5.663655325770378113e-02,-9.980110526084899902e-01,2.279965765774250031e-02,-1.752118766307830811e-01,2.069302648305892944e-02,3.682070076465606689e-01,-2.211480885744094849e-01,-3.189995884895324707e-02,5.653430707752704620e-03,-6.399638205766677856e-02,-1.473090499639511108e-01,-1.740000024437904358e-02,8.666204661130905151e-02,-5.631431937217712402e-02,-2.275901846587657928e-02,1.052859332412481308e-02,-1.043764688074588776e-02,7.380406558513641357e-02,1.658988595008850098e-01,2.759878039360046387e-01,1.308583140373229980e+00,-6.480006128549575806e-02,6.308521330356597900e-02,-7.026340067386627197e-02,5.551309790462255478e-03,-1.607612371444702148e-01,-4.592997580766677856e-02,1.298557877540588379e+00,3.068561479449272156e-02,1.035953778773546219e-02,-7.970585674047470093e-02
1.376700282096862793e+00,3.534194454550743103e-02,8.717654943466186523e-01,-1.250284258276224136e-02,-2.278959937393665314e-02,-5.561703443527221680e-02,-9.981137514114379883e-01,2.348416484892368317e-02,-1.545302867889404297e-01,2.610753476619720459e-02,3.876540958881378174e-01,-2.325294911861419678e-01,-2.789949625730514526e-02,2.293114084750413895e-03,-6.449324637651443481e-02,-1.476169079542160034e-01,-1.740000024437904358e-02,8.735947310924530029e-02,-5.764837190508842468e-02,-2.495066821575164795e-02,1.065506879240274429e-02,-1.256412919610738754e-02,8.217924833297729492e-02,1.667563021183013916e-01,2.804450690746307373e-01,1.313012361526489258e+00,-6.317417323589324951e-02,6.629610806703567505e-02,-6.848052144050598145e-02,6.415660027414560318e-03,-1.603994816541671753e-01,-5.101237446069717407e-02,1.301635384559631348e+00,3.285965323448181152e-02,6.283906288444995880e-03,-8.106646686792373657e-02
1.370999217033386230e+00,3.794355690479278564e-02,8.711107969284057617e-01,-1.148396544158458710e-02,-1.983618736267089844e-02,-5.360829085111618042e-02,-9.982989430427551270e-01,2.634130604565143585e-02,-1.231890693306922913e-01,3.344684094190597534e-02,3.999815881252288818e-01,-2.340821921825408936e-01,-3.772155195474624634e-02,6.766119040548801422e-04,-6.549805402755737305e-02,-1.449252068996429443e-01,-1.740000024437904358e-02,8.697552233934402466e-02,-5.755422636866569519e-02,-2.479916810989379883e-02,9.241042658686637878e-03,-1.639484055340290070e-02,9.101905673742294312e-02,1.654124259948730469e-01,2.867026925086975098e-01,1.321218132972717285e+00,-5.996711924672126770e-02,7.564762979745864868e-02,-6.744471937417984009e-02,1.048820931464433670e-02,-1.605412214994430542e-01,-5.579004064202308655e-02,1.305124998092651367e+00,3.203576430678367615e-02,1.817237702198326588e-03,-8.223255723714828491e-02
1.366094231605529785e+00,4.039062932133674622e-02,8.704817891120910645e-01,-9.716301225125789642e-03,-1.802363619208335876e-02,-5.242908000946044922e-02,-9.984146952629089355e-01,2.970730513334274292e-02,-9.978663176298141479e-02,4.002758860588073730e-02,3.983315527439117432e-01,-2.277179360389709473e-01,-5.283733457326889038e-02,9.474628604948520660e-04,-6.799885630607604980e-02,-1.427673101425170898e-01,-1.740000024437904358e-02,8.865246921777725220e-02,-5.715550482273101807e-02,-2.204582840204238892e-02,5.598788149654865265e-03,-1.956805586814880371e-02,9.483477473258972168e-02,1.621670871973037720e-01,2.897514402866363525e-01,1.328377485275268555e+00,-5.936530232429504395e-02,8.508680760860443115e-02,-6.709835678339004517e-02,1.475734543055295944e-02,-1.623041033744812012e-01,-5.880600959062576294e-02,1.307408690452575684e+00,3.237832337617874146e-02,-1.093808445148169994e-03,-8.310062438249588013e-02
1.360323309898376465e+00,4.308912903070449829e-02,8.697237372398376465e-01,-7.362868636846542358e-03,-1.667457818984985352e-02,-5.180111899971961975e-02,-9.984910488128662109e-01,3.353507816791534424e-02,-7.751318067312240601e-02,4.544351622462272644e-02,3.859393596649169922e-01,-2.152109891176223755e-01,-6.772869825363159180e-02,1.912491396069526672e-03,-7.253339141607284546e-02,-1.414515674114227295e-01,-1.740000024437904358e-02,9.134047478437423706e-02,-5.543567985296249390e-02,-1.861841231584548950e-02,8.955114171840250492e-04,-2.251224592328071594e-02,9.593433141708374023e-02,1.592288017272949219e-01,2.891280949115753174e-01,1.334412455558776855e+00,-6.118537113070487976e-02,9.367188811302185059e-02,-6.583930552005767822e-02,1.908048242330551147e-02,-1.644023507833480835e-01,-6.196675449609756470e-02,1.309915900230407715e+00,3.399651497602462769e-02,-2.841178793460130692e-03,-8.330493420362472534e-02
1.351375460624694824e+00,4.719327390193939209e-02,8.683470487594604492e-01,-3.143397858366370201e-03,-1.504939515143632889e-02,-5.063968524336814880e-02,-9.985986351966857910e-01,4.011581838130950928e-02,-4.870811104774475098e-02,5.395388230681419373e-02,3.528617322444915771e-01,-1.926848143339157104e-01,-9.012115746736526489e-02,4.635485820472240448e-03,-8.086605370044708252e-02,-1.406070590019226074e-01,-1.740000024437904358e-02,9.861332923173904419e-02,-5.083858221769332886e-02,-1.233318168669939041e-02,-5.011641886085271835e-03,-2.526965178549289703e-02,9.521768242120742798e-02,1.562695205211639404e-01,2.853165566921234131e-01,1.337410926818847656e+00,-6.374537199735641479e-02,9.953981637954711914e-02,-6.252772361040115356e-02,2.443742565810680389e-02,-1.677944213151931763e-01,-6.452133506536483765e-02,1.313904047012329102e+00,3.632154315710067749e-02,-6.888551637530326843e-03,-8.240111172199249268e-02
1.342984557151794434e+00,5.113960802555084229e-02,8.672056198120117188e-01,-5.703014903701841831e-04,-1.422851998358964920e-02,-5.003301426768302917e-02,-9.986460208892822266e-01,3.948870301246643066e-02,-2.828396856784820557e-02,5.012397095561027527e-02,3.185287714004516602e-01,-2.136658877134323120e-01,-6.222878769040107727e-02,3.573535475879907608e-03,-8.987598866224288940e-02,-1.432725042104721069e-01,-1.740000024437904358e-02,1.065158918499946594e-01,-4.583635181188583374e-02,-1.018035877496004105e-02,-8.142684586346149445e-03,-2.687995508313179016e-02,9.367407858371734619e-02,1.555555164813995361e-01,2.821375429630279541e-01,1.334574460983276367e+00,-6.271505355834960938e-02,9.668621420860290527e-02,-6.022804975509643555e-02,2.761876396834850311e-02,-1.695247888565063477e-01,-6.575877964496612549e-02,1.317816138267517090e+00,3.709868714213371277e-02,-1.151368860155344009e-02,-8.178246766328811646e-02
1.333403348922729492e+00,5.580204725265502930e-02,8.658742308616638184e-01,1.244631595909595490e-03,-1.397447101771831512e-02,-4.992673918604850769e-02,-9.986543655395507812e-01,3.590272739529609680e-02,-1.604122854769229889e-02,5.098951607942581177e-02,2.836871147155761719e-01,-2.281782776117324829e-01,-5.027813091874122620e-02,-7.027541869319975376e-04,-1.012902185320854187e-01,-1.487882733345031738e-01,-1.740000024437904358e-02,1.158762797713279724e-01,-4.080221056938171387e-02,-1.012424100190401077e-02,-1.066598668694496155e-02,-2.777679637074470520e-02,9.008927643299102783e-02,1.541920006275177002e-01,2.801319956779479980e-01,1.329096078872680664e+00,-6.060065701603889465e-02,9.039317816495895386e-02,-6.080676987767219543e-02,2.932338602840900421e-02,-1.708219945430755615e-01,-6.873776763677597046e-02,1.321989059448242188e+00,3.768366202712059021e-02,-1.775499247014522552e-02,-8.076133579015731812e-02
1.318819642066955566e+00,6.305819004774093628e-02,8.639836907386779785e-01,3.263859078288078308e-03,-1.468583196401596069e-02,-4.979675635695457458e-02,-9.986460804939270020e-01,2.707266248762607574e-02,-1.118742208927869797e-02,5.480424314737319946e-02,2.457446753978729248e-01,-2.258243858814239502e-01,-3.526345640420913696e-02,-9.708288125693798065e-03,-1.209765672683715820e-01,-1.560920029878616333e-01,-1.740000024437904358e-02,1.310053765773773193e-01,-2.765260823071002960e-02,-1.152193453162908554e-02,-1.250335294753313065e-02,-2.692735567688941956e-02,8.005463331937789917e-02,1.498550623655319214e-01,2.781716585159301758e-01,1.322579741477966309e+00,-6.001284718513488770e-02,8.557609468698501587e-02,-6.488323211669921875e-02,2.980796620249748230e-02,-1.731054037809371948e-01,-7.466790825128555298e-02,1.325611591339111328e+00,3.945625945925712585e-02,-2.248954214155673981e-02,-8.035942912101745605e-02
1.306664109230041504e+00,6.926636397838592529e-02,8.626914024353027344e-01,3.531549125909805298e-03,-1.604243740439414978e-02,-4.950493946671485901e-02,-9.986388087272644043e-01,1.493266411125659943e-02,-1.548195816576480865e-02,5.323993042111396790e-02,2.227337062358856201e-01,-2.087862491607666016e-01,-1.249350979924201965e-02,-2.140771411359310150e-02,-1.390669792890548706e-01,-1.642015278339385986e-01,-1.740000024437904358e-02,1.476202160120010376e-01,-1.334489323198795319e-02,-1.554896216839551926e-02,-1.289316825568675995e-02,-2.415350079536437988e-02,7.023119181394577026e-02,1.450827717781066895e-01,2.759102582931518555e-01,1.318498849868774414e+00,-6.169572472572326660e-02,8.376874774694442749e-02,-6.882210075855255127e-02,2.822889760136604309e-02,-1.756401211023330688e-01,-8.224748820066452026e-02,1.325900316238403320e+00,3.819493576884269714e-02,-2.165746875107288361e-02,-8.045356720685958862e-02
1.293953180313110352e+00,7.593216001987457275e-02,8.615674972534179688e-01,3.620148170739412308e-03,-1.819674298167228699e-02,-4.835686087608337402e-02,-9.986577630043029785e-01,2.401314210146665573e-03,-2.331018634140491486e-02,4.807361215353012085e-02,2.021981924772262573e-01,-1.952678710222244263e-01,3.925046417862176895e-03,-3.458870947360992432e-02,-1.599312573671340942e-01,-1.733213514089584351e-01,-1.740000024437904358e-02,1.685722023248672485e-01,2.205124357715249062e-03,-1.937312446534633636e-02,-1.266402844339609146e-02,-2.287585288286209106e-02,6.076815351843833923e-02,1.396839171648025513e-01,2.670661509037017822e-01,1.316586852073669434e+00,-6.745158880949020386e-02,8.302146941423416138e-02,-7.270317524671554565e-02,2.766353078186511993e-02,-1.792865246534347534e-01,-9.008727967739105225e-02,1.324798822402954102e+00,3.865056857466697693e-02,-1.914503052830696106e-02,-8.079092949628829956e-02
1.276615977287292480e+00,8.389198780059814453e-02,8.610998988151550293e-01,2.259343629702925682e-03,-2.264493703842163086e-02,-4.478599131107330322e-02,-9.987373352050781250e-01,-1.411163806915283203e-02,-4.731339216232299805e-02,3.885037451982498169e-02,1.939420402050018311e-01,-1.834044605493545532e-01,1.033145817928016186e-03,-5.465946719050407410e-02,-1.918125003576278687e-01,-1.871509402990341187e-01,-1.740000024437904358e-02,1.941024363040924072e-01,2.282003313302993774e-02,-2.811028622090816498e-02,-9.012826718389987946e-03,-2.354707568883895874e-02,4.981977492570877075e-02,1.357981860637664795e-01,2.475105524063110352e-01,1.315108656883239746e+00,-6.548222899436950684e-02,7.489209622144699097e-02,-7.377394288778305054e-02,2.513590082526206970e-02,-1.822544485330581665e-01,-9.920126199722290039e-02,1.324740529060363770e+00,4.251531884074211121e-02,-1.784216985106468201e-02,-8.198352158069610596e-02
1.264477133750915527e+00,8.844999223947525024e-02,8.617334365844726562e-01,-1.164850709756137803e-05,-2.444881200790405273e-02,-3.928513824939727783e-02,-9.989289045333862305e-01,-2.795638889074325562e-02,-6.251877546310424805e-02,3.559860214591026306e-02,1.885675191879272461e-01,-1.663422137498855591e-01,1.699507236480712891e-03,-6.933267414569854736e-02,-2.106399983167648315e-01,-1.947044581174850464e-01,-1.740000024437904358e-02,2.015885710716247559e-01,4.115934297442436218e-02,-3.960932046175003052e-02,1.182761974632740021e-03,-2.217687666416168213e-02,4.334944859147071838e-02,1.382129639387130737e-01,2.289922833442687988e-01,1.315336465835571289e+00,-6.525935232639312744e-02,7.344498485326766968e-02,-7.057484984397888184e-02,2.252019010484218597e-02,-1.775933355093002319e-01,-1.036713123321533203e-01,1.328969240188598633e+00,4.265188053250312805e-02,-2.214208431541919708e-02,-8.305481076240539551e-02
1.252848863601684570e+00,9.210753440856933594e-02,8.631531000137329102e-01,7.378465961664915085e-04,-2.484775893390178680e-02,-3.223180770874023438e-02,-9.991712570190429688e-01,-3.321746736764907837e-02,-7.361661642789840698e-02,4.198865965008735657e-02,1.802698969841003418e-01,-1.439663469791412354e-01,7.208110764622688293e-03,-7.384932041168212891e-02,-2.330155521631240845e-01,-1.929270625114440918e-01,9.809886105358600616e-03,1.619562506675720215e-01,3.830457478761672974e-02,-4.279126226902008057e-02,9.090650826692581177e-03,-1.902414858341217041e-02,3.964072093367576599e-02,1.415491849184036255e-01,2.153518348932266235e-01,1.314735412597656250e+00,-6.463029980659484863e-02,7.072836160659790039e-02,-6.733416020870208740e-02,2.034222520887851715e-02,-1.719160676002502441e-01,-1.051788479089736938e-01,1.334121942520141602e+00,4.218954220414161682e-02,-3.173165395855903625e-02,-8.216492831707000732e-02
1.239231824874877930e+00,9.577037394046783447e-02,8.655977249145507812e-01,6.036108359694480896e-03,-2.380428463220596313e-02,-2.295336686074733734e-02,-9.994348883628845215e-01,-2.710438892245292664e-02,-8.276022225618362427e-02,5.933451279997825623e-02,1.672977656126022339e-01,-1.115716174244880676e-01,1.412749569863080978e-02,-6.598438322544097900e-02,-2.615468800067901611e-01,-1.763630360364913940e-01,8.034016937017440796e-02,9.613109380006790161e-02,5.197134986519813538e-02,-3.535746410489082336e-02,1.122833229601383209e-02,-1.354890502989292145e-02,4.034025967121124268e-02,1.447518914937973022e-01,2.109071165323257446e-01,1.312830924987792969e+00,-7.253740727901458740e-02,7.035715132951736450e-02,-6.792721152305603027e-02,1.966461353003978729e-02,-1.692619025707244873e-01,-9.876063466072082520e-02,1.337668895721435547e+00,4.715279489755630493e-02,-3.313326090574264526e-02,-7.951953262090682983e-02
1.230678796768188477e+00,9.770929813385009766e-02,8.674415946006774902e-01,1.059306971728801727e-02,-2.095192298293113708e-02,-1.719988137483596802e-02,-9.995763897895812988e-01,-1.921802014112472534e-02,-8.154679834842681885e-02,7.304850220680236816e-02,1.539001017808914185e-01,-8.859237283468246460e-02,1.652370765805244446e-02,-5.683798342943191528e-02,-2.747149765491485596e-01,-1.533907949924468994e-01,1.485907435417175293e-01,5.707848072052001953e-02,6.193013116717338562e-02,-2.760124579071998596e-02,9.063135832548141479e-03,-7.731636054813861847e-03,4.282804951071739197e-02,1.473460197448730469e-01,2.104803025722503662e-01,1.312244772911071777e+00,-7.690868526697158813e-02,6.966061890125274658e-02,-6.853552907705307007e-02,2.076037600636482239e-02,-1.713537126779556274e-01,-8.772766590118408203e-02,1.337141633033752441e+00,5.078218504786491394e-02,-2.884601615369319916e-02,-7.672706991434097290e-02
1.222975373268127441e+00,9.905059635639190674e-02,8.690530657768249512e-01,1.382548920810222626e-02,-1.756095513701438904e-02,-1.377902273088693619e-02,-9.996552467346191406e-01,-1.389429438859224319e-02,-7.715221494436264038e-02,8.403594046831130981e-02,1.384874135255813599e-01,-6.708616763353347778e-02,2.030495926737785339e-02,-5.088140815496444702e-02,-2.792177498340606689e-01,-1.306439340114593506e-01,2.217187583446502686e-01,1.598255895078182220e-02,6.665214151144027710e-02,-2.174777723848819733e-02,3.335210727527737617e-03,-3.739076899364590645e-03,4.639950394630432129e-02,1.497049182653427124e-01,2.085426896810531616e-01,1.313669323921203613e+00,-7.632334530353546143e-02,7.008843868970870972e-02,-6.844398379325866699e-02,2.308753505349159241e-02,-1.741631478071212769e-01,-8.151269704103469849e-02,1.334786295890808105e+00,4.660261794924736023e-02,-2.354341931641101837e-02,-7.127693295478820801e-02
1.214111208915710449e+00,9.964353591203689575e-02,8.703725934028625488e-01,1.796020008623600006e-02,-1.354008261114358902e-02,-1.115923840552568436e-02,-9.996847510337829590e-01,-5.681844893842935562e-03,-7.211188226938247681e-02,9.673999249935150146e-02,1.211855784058570862e-01,-4.370099306106567383e-02,2.613640762865543365e-02,-4.254624247550964355e-02,-2.816310822963714600e-01,-1.073102280497550964e-01,3.333792686462402344e-01,-3.736520931124687195e-02,6.670187413692474365e-02,-1.338478270918130875e-02,-5.955956876277923584e-03,-3.016087925061583519e-03,5.165673047304153442e-02,1.518204510211944580e-01,2.082392722368240356e-01,1.317338824272155762e+00,-7.166019827127456665e-02,7.254857569932937622e-02,-6.660200655460357666e-02,2.929301746189594269e-02,-1.776358932256698608e-01,-8.331131190061569214e-02,1.329878807067871094e+00,3.733171522617340088e-02,-1.523426081985235214e-02,-6.769671291112899780e-02
1.207847237586975098e+00,9.962832182645797729e-02,8.709199428558349609e-01,2.034090831875801086e-02,-1.138118095695972443e-02,-1.024753693491220474e-02,-9.996758103370666504e-01,-2.845111885108053684e-04,-7.133541256189346313e-02,1.034444719552993774e-01,1.123512163758277893e-01,-3.176914900541305542e-02,2.897794172167778015e-02,-3.807643428444862366e-02,-2.759706079959869385e-01,-9.598677605390548706e-02,4.091830253601074219e-01,-6.990702450275421143e-02,6.596468389034271240e-02,-8.184697479009628296e-03,-1.090783718973398209e-02,-4.868665710091590881e-03,5.388322100043296814e-02,1.531413048505783081e-01,2.085328698158264160e-01,1.321302294731140137e+00,-6.878861784934997559e-02,7.489825785160064697e-02,-6.590577960014343262e-02,3.472677618265151978e-02,-1.789180636405944824e-01,-9.062249213457107544e-02,1.326589584350585938e+00,3.709620982408523560e-02,-1.066554058343172073e-02,-6.878393888473510742e-02
1.201712369918823242e+00,9.920126199722290039e-02,8.712033033370971680e-01,2.176952734589576721e-02,-9.451992809772491455e-03,-9.901247918605804443e-03,-9.996693134307861328e-01,3.313845023512840271e-03,-7.054578512907028198e-02,1.062109470367431641e-01,1.039116382598876953e-01,-2.585619501769542694e-02,3.048220463097095490e-02,-3.548981621861457825e-02,-2.609705626964569092e-01,-8.743930608034133911e-02,4.687142074108123779e-01,-1.000547558069229126e-01,6.273538619279861450e-02,-5.287491250783205032e-03,-1.326673291623592377e-02,-7.245626300573348999e-03,5.451140925288200378e-02,1.536487340927124023e-01,2.124212831258773804e-01,1.325763940811157227e+00,-6.347210705280303955e-02,7.883778959512710571e-02,-6.607782095670700073e-02,3.994344547390937805e-02,-1.786236017942428589e-01,-9.779485315084457397e-02,1.325427174568176270e+00,3.534816578030586243e-02,-9.824562817811965942e-03,-6.992597132921218872e-02
1.194246411323547363e+00,9.804095327854156494e-02,8.712742924690246582e-01,2.283566445112228394e-02,-6.938486360013484955e-03,-9.912691079080104828e-03,-9.996660351753234863e-01,6.302392575889825821e-03,-6.826905906200408936e-02,1.046663001179695129e-01,9.256259351968765259e-02,-2.235972508788108826e-02,3.297574073076248169e-02,-3.276500478386878967e-02,-2.270710915327072144e-01,-7.768893241882324219e-02,5.181666016578674316e-01,-1.325767338275909424e-01,5.744995549321174622e-02,-1.809052540920674801e-03,-1.317669358104467392e-02,-1.263349223881959915e-02,5.716422200202941895e-02,1.531772166490554810e-01,2.211277484893798828e-01,1.330063462257385254e+00,-5.950523167848587036e-02,8.497580140829086304e-02,-6.780012696981430054e-02,4.954188689589500427e-02,-1.780927181243896484e-01,-1.038388460874557495e-01,1.326909065246582031e+00,3.615364804863929749e-02,-1.340490300208330154e-02,-7.144491374492645264e-02
1.188477516174316406e+00,9.628045558929443359e-02,8.712322711944580078e-01,2.328552305698394775e-02,-5.887017119675874710e-03,-9.054991416633129120e-03,-9.996705055236816406e-01,8.629771880805492401e-03,-6.809623539447784424e-02,1.032828092575073242e-01,8.261888474225997925e-02,-1.520165521651506424e-02,3.728606924414634705e-02,-3.008139878511428833e-02,-1.970236003398895264e-01,-7.216458022594451904e-02,5.345693826675415039e-01,-1.516615152359008789e-01,5.776971206068992615e-02,4.735886759590357542e-04,-9.325570426881313324e-03,-1.770988479256629944e-02,6.000662967562675476e-02,1.536582559347152710e-01,2.287264764308929443e-01,1.330134987831115723e+00,-5.774276703596115112e-02,8.625913411378860474e-02,-6.802891939878463745e-02,5.651208385825157166e-02,-1.768691241741180420e-01,-1.076061278581619263e-01,1.328836679458618164e+00,3.595496714115142822e-02,-1.851520314812660217e-02,-7.115006446838378906e-02
1.182369470596313477e+00,9.382028132677078247e-02,8.712114691734313965e-01,2.330991066992282867e-02,-5.584475118666887283e-03,-7.214187644422054291e-03,-9.996866583824157715e-01,1.128118485212326050e-02,-6.918711960315704346e-02,1.055443435907363892e-01,7.118907570838928223e-02,-3.955482039600610733e-03,3.996377065777778625e-02,-2.698944695293903351e-02,-1.648588329553604126e-01,-6.758092343807220459e-02,5.352141261100769043e-01,-1.683302521705627441e-01,6.132693961262702942e-02,2.233250997960567474e-03,-2.951496979221701622e-03,-2.356997318565845490e-02,6.348577141761779785e-02,1.544945538043975830e-01,2.362047433853149414e-01,1.328971982002258301e+00,-5.688798055052757263e-02,8.536897599697113037e-02,-6.847916543483734131e-02,6.240855157375335693e-02,-1.755856275558471680e-01,-1.093536689877510071e-01,1.330834269523620605e+00,3.629946708679199219e-02,-2.362759970128536224e-02,-6.984657049179077148e-02
1.173736929893493652e+00,8.989822864532470703e-02,8.712238073348999023e-01,2.297138422727584839e-02,-5.394971929490566254e-03,-4.120248835533857346e-03,-9.997130632400512695e-01,1.577359437942504883e-02,-7.248260825872421265e-02,1.153146773576736450e-01,5.819508060812950134e-02,8.107934147119522095e-03,3.904308751225471497e-02,-2.206739783287048340e-02,-1.186721920967102051e-01,-6.140334904193878174e-02,5.124592781066894531e-01,-1.783410161733627319e-01,6.954488158226013184e-02,4.077691119164228439e-03,5.526579916477203369e-03,-3.036267682909965515e-02,6.954324245452880859e-02,1.567771434783935547e-01,2.446504384279251099e-01,1.326084375381469727e+00,-5.546032637357711792e-02,8.224837481975555420e-02,-6.816753745079040527e-02,6.692757457494735718e-02,-1.731049567461013794e-01,-1.075865849852561951e-01,1.333977460861206055e+00,3.628402203321456909e-02,-2.854126319289207458e-02,-6.656456738710403442e-02
1.166693568229675293e+00,8.657024800777435303e-02,8.711298704147338867e-01,2.287794649600982666e-02,-5.747252609580755234e-03,-1.729388255625963211e-03,-9.997202754020690918e-01,2.081814780831336975e-02,-7.973103970289230347e-02,1.250491142272949219e-01,5.409307032823562622e-02,1.752397604286670685e-02,3.793489933013916016e-02,-1.777968555688858032e-02,-8.444956690073013306e-02,-5.888162925839424133e-02,4.803260862827301025e-01,-1.712043434381484985e-01,7.777167111635208130e-02,6.300187204033136368e-03,9.586304426193237305e-03,-3.473784402012825012e-02,7.472481578588485718e-02,1.576924026012420654e-01,2.527613639831542969e-01,1.324039340019226074e+00,-5.423528701066970825e-02,8.083878457546234131e-02,-6.905759871006011963e-02,6.808396428823471069e-02,-1.705915778875350952e-01,-1.077070385217666626e-01,1.334655404090881348e+00,3.260694444179534912e-02,-3.137742355465888977e-02,-6.378088891506195068e-02
1.159031510353088379e+00,8.260542899370193481e-02,8.708080649375915527e-01,2.225367166101932526e-02,-6.010096985846757889e-03,-1.380485482513904572e-04,-9.997342824935913086e-01,2.609398402273654938e-02,-9.154006093740463257e-02,1.314387768507003784e-01,5.669844895601272583e-02,2.786600030958652496e-02,3.532265126705169678e-02,-1.449415646493434906e-02,-5.077975615859031677e-02,-6.219885498285293579e-02,4.374560415744781494e-01,-1.535256952047348022e-01,8.610690385103225708e-02,7.126354612410068512e-03,1.124385558068752289e-02,-3.724043071269989014e-02,8.053389191627502441e-02,1.601033210754394531e-01,2.592306137084960938e-01,1.321265935897827148e+00,-5.537056550383567810e-02,7.830406725406646729e-02,-6.837878376245498657e-02,6.710670143365859985e-02,-1.670847088098526001e-01,-1.092016473412513733e-01,1.333702564239501953e+00,2.924621105194091797e-02,-3.293775022029876709e-02,-6.210098043084144592e-02
1.146817564964294434e+00,7.544822245836257935e-02,8.702622056007385254e-01,2.293681353330612183e-02,-6.026388145983219147e-03,2.260573673993349075e-03,-9.997162222862243652e-01,4.053897038102149963e-02,-1.138943210244178772e-01,1.428353637456893921e-01,6.918387860059738159e-02,4.085278138518333435e-02,3.178670629858970642e-02,-1.989748794585466385e-03,-6.057825870811939240e-03,-5.886254459619522095e-02,3.655494451522827148e-01,-1.682026982307434082e-01,7.858797907829284668e-02,1.264919713139533997e-02,1.095524057745933533e-02,-3.675952181220054626e-02,8.425626158714294434e-02,1.638586819171905518e-01,2.605895996093750000e-01,1.319864153861999512e+00,-6.007328629493713379e-02,7.531318813562393188e-02,-6.548848748207092285e-02,6.235604360699653625e-02,-1.627455800771713257e-01,-1.091354340314865112e-01,1.330515742301940918e+00,3.119762800633907318e-02,-3.072595223784446716e-02,-6.329344213008880615e-02
1.136397123336791992e+00,6.890771538019180298e-02,8.695130348205566406e-01,2.382725849747657776e-02,-6.125318817794322968e-03,5.231225397437810898e-03,-9.996836185455322266e-01,5.535946041345596313e-02,-1.347680836915969849e-01,1.546533405780792236e-01,8.296643197536468506e-02,5.739465728402137756e-02,2.776680886745452881e-02,1.109611708670854568e-02,2.135242708027362823e-02,-4.575524851679801941e-02,3.037190139293670654e-01,-1.946402937173843384e-01,5.292176082730293274e-02,1.837426796555519104e-02,1.182072795927524567e-02,-3.525391221046447754e-02,8.378725498914718628e-02,1.661681979894638062e-01,2.588426470756530762e-01,1.320844888687133789e+00,-6.201675161719322205e-02,7.482070475816726685e-02,-6.327470391988754272e-02,5.662907287478446960e-02,-1.593059003353118896e-01,-1.065728366374969482e-01,1.327873945236206055e+00,3.337243199348449707e-02,-2.796134538948535919e-02,-6.499848514795303345e-02
1.125199556350708008e+00,6.224611401557922363e-02,8.684804439544677734e-01,2.468184195458889008e-02,-6.140180863440036774e-03,8.789905346930027008e-03,-9.996378421783447266e-01,7.130739837884902954e-02,-1.572365760803222656e-01,1.658797711133956909e-01,9.811456501483917236e-02,7.621526718139648438e-02,2.487003058195114136e-02,2.400068193674087524e-02,4.290946573019027710e-02,-4.096720367670059204e-02,2.445138692855834961e-01,-2.020182460546493530e-01,3.938824310898780823e-02,2.461345121264457703e-02,1.362189184874296188e-02,-3.241474926471710205e-02,8.070708066225051880e-02,1.670014113187789917e-01,2.593404352664947510e-01,1.322312831878662109e+00,-6.051091477274894714e-02,7.642093300819396973e-02,-6.203047931194305420e-02,4.885343462228775024e-02,-1.549046933650970459e-01,-1.020812988281250000e-01,1.326173901557922363e+00,3.417409211397171021e-02,-2.751091681420803070e-02,-6.665821373462677002e-02
1.109061241149902344e+00,5.274338647723197937e-02,8.665703535079956055e-01,2.462033368647098541e-02,-5.991155747324228287e-03,1.153893209993839264e-02,-9.996123313903808594e-01,9.056740999221801758e-02,-1.878442168235778809e-01,1.712862700223922729e-01,1.154126599431037903e-01,1.084668338298797607e-01,1.686736568808555603e-02,3.816390782594680786e-02,6.303384155035018921e-02,-3.402401506900787354e-02,1.767410337924957275e-01,-1.894026696681976318e-01,3.079214319586753845e-02,3.128283843398094177e-02,1.393771171569824219e-02,-2.489322051405906677e-02,7.477875798940658569e-02,1.662534773349761963e-01,2.686247229576110840e-01,1.319919586181640625e+00,-5.464301630854606628e-02,7.648434489965438843e-02,-6.118924915790557861e-02,3.612796589732170105e-02,-1.484943032264709473e-01,-9.564710408449172974e-02,1.323810815811157227e+00,3.656072542071342468e-02,-2.585764601826667786e-02,-7.039610296487808228e-02
1.096224308013916016e+00,4.513537883758544922e-02,8.646117448806762695e-01,2.491900883615016937e-02,-5.956123583018779755e-03,1.192590966820716858e-02,-9.996005892753601074e-01,1.062112301588058472e-01,-2.088688015937805176e-01,1.739712208509445190e-01,1.217364743351936340e-01,1.384027600288391113e-01,6.117079872637987137e-03,5.154072120785713196e-02,7.370863854885101318e-02,-3.057335130870342255e-02,1.310507357120513916e-01,-1.748809963464736938e-01,1.513900421559810638e-02,3.702402487397193909e-02,1.285865437239408493e-02,-1.698950491845607758e-02,7.035943865776062012e-02,1.666711121797561646e-01,2.805772721767425537e-01,1.312325119972229004e+00,-5.382097139954566956e-02,7.113684713840484619e-02,-6.186468899250030518e-02,2.610893361270427704e-02,-1.438861340284347534e-01,-8.682034909725189209e-02,1.321639299392700195e+00,4.077503085136413574e-02,-2.301423996686935425e-02,-7.408698648214340210e-02
1.082934021949768066e+00,3.745510056614875793e-02,8.625141382217407227e-01,2.531713806092739105e-02,-7.383648771792650223e-03,1.152337528765201569e-02,-9.995858073234558105e-01,1.231427267193794250e-01,-2.307076901197433472e-01,1.848594844341278076e-01,1.230437681078910828e-01,1.673130989074707031e-01,-6.434195674955844879e-03,6.445299834012985229e-02,7.459566742181777954e-02,-2.110442891716957092e-02,9.600982069969177246e-02,-1.582501977682113647e-01,2.870300784707069397e-03,4.249896109104156494e-02,1.237159874290227890e-02,-1.122741308063268661e-02,6.663613021373748779e-02,1.691490858793258667e-01,2.934740483760833740e-01,1.300567746162414551e+00,-5.773089826107025146e-02,5.837210267782211304e-02,-6.351761519908905029e-02,1.667694374918937683e-02,-1.398376524448394775e-01,-7.116849720478057861e-02,1.320691347122192383e+00,4.106293991208076477e-02,-1.831294223666191101e-02,-7.785941660404205322e-02
1.064626932144165039e+00,2.853870019316673279e-02,8.602815270423889160e-01,2.769543044269084930e-02,-1.125959213823080063e-02,1.096256542950868607e-02,-9.994928836822509766e-01,1.510645300149917603e-01,-2.587031126022338867e-01,2.182145416736602783e-01,1.184241771697998047e-01,1.909780651330947876e-01,-2.285112999379634857e-02,8.295760303735733032e-02,6.513177603483200073e-02,1.504264539107680321e-03,5.908856540918350220e-02,-1.335386186838150024e-01,-7.386142970062792301e-04,5.443478748202323914e-02,1.066304370760917664e-02,-6.796173751354217529e-03,5.949082225561141968e-02,1.693727225065231323e-01,3.119262456893920898e-01,1.285591125488281250e+00,-5.159647390246391296e-02,4.414113983511924744e-02,-6.379239261150360107e-02,4.168793093413114548e-03,-1.367540657520294189e-01,-4.612106457352638245e-02,1.320594906806945801e+00,3.740852326154708862e-02,-1.295171305537223816e-02,-7.632253319025039673e-02
1.051826477050781250e+00,2.410422079265117645e-02,8.597281575202941895e-01,2.892021834850311279e-02,-1.324413623660802841e-02,8.767259307205677032e-03,-9.994555115699768066e-01,1.651869863271713257e-01,-2.738913893699645996e-01,2.417607754468917847e-01,1.133803948760032654e-01,1.856639534235000610e-01,-3.249819576740264893e-02,9.283524751663208008e-02,5.732490122318267822e-02,1.004843786358833313e-02,3.677736967802047729e-02,-1.139754727482795715e-01,-2.573531528469175100e-04,6.462420523166656494e-02,5.564263090491294861e-03,-4.087726585566997528e-03,5.461892113089561462e-02,1.619293838739395142e-01,3.246120512485504150e-01,1.280247926712036133e+00,-4.611210525035858154e-02,4.379595816135406494e-02,-6.971447169780731201e-02,-2.593254670500755310e-03,-1.376679390668869019e-01,-2.912097238004207611e-02,1.322055697441101074e+00,4.033143073320388794e-02,-1.271460857242345810e-02,-7.500246167182922363e-02
1.039702653884887695e+00,2.084335498511791229e-02,8.602775335311889648e-01,2.781872823834419250e-02,-1.485122647136449814e-02,4.047881346195936203e-03,-9.994944334030151367e-01,1.675948649644851685e-01,-2.874502837657928467e-01,2.462759017944335938e-01,1.222225427627563477e-01,1.546822637319564819e-01,-6.567072123289108276e-02,9.677883982658386230e-02,5.208036676049232483e-02,3.588860156014561653e-03,1.134985592216253281e-02,-8.889618515968322754e-02,-3.457502461969852448e-03,6.910583376884460449e-02,-1.016590045765042305e-03,-4.744622390717267990e-03,5.180634185671806335e-02,1.513810902833938599e-01,3.312414884567260742e-01,1.281721949577331543e+00,-4.269959032535552979e-02,4.873461276292800903e-02,-7.612340152263641357e-02,-4.359752405434846878e-03,-1.396436542272567749e-01,-2.029064483940601349e-02,1.322287201881408691e+00,4.735788330435752869e-02,-1.440728083252906799e-02,-7.479040324687957764e-02
1.024641156196594238e+00,1.684848964214324951e-02,8.619926571846008301e-01,2.251176163554191589e-02,-1.576869376003742218e-02,-2.514744875952601433e-03,-9.996190667152404785e-01,1.562776267528533936e-01,-2.999218404293060303e-01,2.254136949777603149e-01,1.609857678413391113e-01,7.486201077699661255e-02,-8.143142610788345337e-02,9.242530167102813721e-02,4.580296576023101807e-02,-1.443661656230688095e-02,-1.722068153321743011e-02,-5.966018885374069214e-02,-5.733363330364227295e-03,6.362828612327575684e-02,-3.870855318382382393e-03,-5.265407264232635498e-03,4.934692382812500000e-02,1.412685662508010864e-01,3.258782923221588135e-01,1.288128376007080078e+00,-4.525613412261009216e-02,5.550672858953475952e-02,-7.971896976232528687e-02,-3.119010245427489281e-03,-1.406914144754409790e-01,-2.265698648989200592e-02,1.320401310920715332e+00,4.762847349047660828e-02,-1.339744683355093002e-02,-7.485936582088470459e-02
1.014786481857299805e+00,1.433057524263858795e-02,8.632732033729553223e-01,1.752694137394428253e-02,-1.519884448498487473e-02,-4.731033463031053543e-03,-9.997196793556213379e-01,1.454473137855529785e-01,-3.007973730564117432e-01,2.060346901416778564e-01,1.998135447502136230e-01,2.795080654323101044e-02,-8.120907098054885864e-02,8.537426590919494629e-02,3.433436155319213867e-02,-2.447331510484218597e-02,-1.739997789263725281e-02,-5.010045692324638367e-02,-6.697052158415317535e-03,5.562453716993331909e-02,2.934238000307232141e-04,-3.903647419065237045e-03,4.951291158795356750e-02,1.386047899723052979e-01,3.158184587955474854e-01,1.290827035903930664e+00,-4.809869080781936646e-02,5.633503571152687073e-02,-7.480865716934204102e-02,-8.194120018742978573e-04,-1.415844708681106567e-01,-2.720018848776817322e-02,1.317950367927551270e+00,4.554286226630210876e-02,-1.023785583674907684e-02,-7.569262385368347168e-02
1.005857229232788086e+00,1.223826315253973007e-02,8.641802072525024414e-01,1.322212722152471542e-02,-1.486789435148239136e-02,-4.310888703912496567e-03,-9.997927546501159668e-01,1.377223283052444458e-01,-2.950324118137359619e-01,1.937744766473770142e-01,2.397731691598892212e-01,-8.965681307017803192e-03,-7.012925297021865845e-02,7.874497771263122559e-02,2.363450266420841217e-02,-2.847576141357421875e-02,-1.740000024437904358e-02,-4.358692467212677002e-02,-7.069478742778301239e-03,4.892602562904357910e-02,7.500609382987022400e-03,-3.776697674766182899e-03,5.332009866833686829e-02,1.379170119762420654e-01,3.093601167201995850e-01,1.288918852806091309e+00,-4.220738634467124939e-02,5.273510515689849854e-02,-6.988135725259780884e-02,1.338137313723564148e-03,-1.433676928281784058e-01,-2.848305553197860718e-02,1.316983938217163086e+00,4.457170888781547546e-02,-8.733346126973628998e-03,-7.711032032966613770e-02
9.948435425758361816e-01,1.073568034917116165e-02,8.650291562080383301e-01,8.588404394686222076e-03,-1.505296956747770309e-02,-2.297633327543735504e-03,-9.998471736907958984e-01,1.282848119735717773e-01,-2.785843312740325928e-01,1.825515776872634888e-01,2.907890379428863525e-01,-6.759697198867797852e-02,-5.620336160063743591e-02,7.055281847715377808e-02,8.905335329473018646e-03,-3.270838409662246704e-02,-1.740000024437904358e-02,-3.450315445661544800e-02,-9.573290124535560608e-03,4.211428761482238770e-02,1.412153430283069611e-02,-7.700151298195123672e-03,6.278320401906967163e-02,1.359611600637435913e-01,3.111390769481658936e-01,1.285766959190368652e+00,-3.601760417222976685e-02,4.938999563455581665e-02,-6.997753679752349854e-02,5.543105769902467728e-03,-1.487018615007400513e-01,-2.382427453994750977e-02,1.316334009170532227e+00,4.334845021367073059e-02,-6.185209844261407852e-03,-7.620510458946228027e-02
9.875194430351257324e-01,1.053838804364204407e-02,8.654627799987792969e-01,6.224334705621004105e-03,-1.468968950212001801e-02,-1.730522606521844864e-03,-9.998712539672851562e-01,1.215333193540573120e-01,-2.598679959774017334e-01,1.723792850971221924e-01,3.253679871559143066e-01,-1.082242801785469055e-01,-4.547616094350814819e-02,6.563893705606460571e-02,8.750917913857847452e-05,-3.732810541987419128e-02,-1.740000024437904358e-02,-2.789229527115821838e-02,-1.091194525361061096e-02,3.905985131859779358e-02,1.398996356874704361e-02,-1.141383219510316849e-02,7.021170854568481445e-02,1.330147832632064819e-01,3.139021098613739014e-01,1.286254763603210449e+00,-3.587319701910018921e-02,5.100557953119277954e-02,-7.165127247571945190e-02,7.997496053576469421e-03,-1.526472419500350952e-01,-1.871430501341819763e-02,1.318193197250366211e+00,4.165898263454437256e-02,-5.832080263644456863e-03,-7.480277121067047119e-02
9.809843897819519043e-01,1.078478340059518814e-02,8.658705353736877441e-01,4.514042753726243973e-03,-1.361900195479393005e-02,-1.626711222343146801e-03,-9.998957514762878418e-01,1.149184033274650574e-01,-2.349068671464920044e-01,1.611352413892745972e-01,3.528756499290466309e-01,-1.367779076099395752e-01,-3.776559978723526001e-02,6.142100691795349121e-02,-6.402282509952783585e-03,-4.040778428316116333e-02,-1.740000024437904358e-02,-2.111711166799068451e-02,-1.200550235807895660e-02,3.668951243162155151e-02,1.171717606484889984e-02,-1.517431624233722687e-02,7.738882303237915039e-02,1.306404620409011841e-01,3.110760450363159180e-01,1.289828658103942871e+00,-3.911647945642471313e-02,5.584777146577835083e-02,-7.260299474000930786e-02,1.095638517290353775e-02,-1.557068228721618652e-01,-1.617402955889701843e-02,1.320850610733032227e+00,3.777930513024330139e-02,-6.692719180136919022e-03,-7.305222004652023315e-02
9.730558991432189941e-01,1.206478197127580643e-02,8.663775324821472168e-01,2.864892594516277313e-03,-1.116352342069149017e-02,-2.135675400495529175e-03,-9.999312758445739746e-01,1.053751930594444275e-01,-1.950760930776596069e-01,1.466990113258361816e-01,3.850144445896148682e-01,-1.820006221532821655e-01,-3.375940397381782532e-02,5.665197968482971191e-02,-1.287110056728124619e-02,-4.073951020836830139e-02,-1.740000024437904358e-02,-3.788335015997290611e-03,-2.290019392967224121e-02,3.407640010118484497e-02,4.716320428997278214e-03,-1.925696432590484619e-02,8.861725777387619019e-02,1.293393522500991821e-01,3.021380603313446045e-01,1.293966889381408691e+00,-3.415815904736518860e-02,6.054153665900230408e-02,-6.464757770299911499e-02,1.552299875766038895e-02,-1.577102094888687134e-01,-1.999305002391338348e-02,1.325235962867736816e+00,3.074876591563224792e-02,-1.165217999368906021e-02,-7.176521420478820801e-02
9.672812819480895996e-01,1.316683087497949600e-02,8.665798306465148926e-01,2.226513111963868141e-03,-9.281606413424015045e-03,-2.590796910226345062e-03,-9.999510645866394043e-01,9.996294230222702026e-02,-1.639948189258575439e-01,1.398746818304061890e-01,4.052042961120605469e-01,-1.982111036777496338e-01,-3.554569929838180542e-02,5.443241819739341736e-02,-1.763623394072055817e-02,-3.996467590332031250e-02,-1.740000024437904358e-02,1.060469355434179306e-02,-3.106201067566871643e-02,3.214794769883155823e-02,-2.181540010496973991e-03,-2.164436876773834229e-02,9.779219329357147217e-02,1.312281042337417603e-01,2.935942113399505615e-01,1.293468356132507324e+00,-2.902810834348201752e-02,5.709668621420860291e-02,-5.644320696592330933e-02,1.789724268019199371e-02,-1.574074923992156982e-01,-2.633660845458507538e-02,1.328982591629028320e+00,3.134971484541893005e-02,-1.892706193029880524e-02,-7.126545906066894531e-02
9.609265923500061035e-01,1.461508590728044510e-02,8.667120933532714844e-01,1.801318605430424213e-03,-8.258257992565631866e-03,-3.170068608596920967e-03,-9.999592304229736328e-01,9.491027891635894775e-02,-1.355586647987365723e-01,1.348099708557128906e-01,4.237881004810333252e-01,-2.098327279090881348e-01,-4.586784169077873230e-02,5.169875919818878174e-02,-2.448631450533866882e-02,-4.258226975798606873e-02,-1.740000024437904358e-02,2.211185172200202942e-02,-3.347555547952651978e-02,2.980080433189868927e-02,-9.213426150381565094e-03,-2.524485811591148376e-02,1.061556711792945862e-01,1.343611031770706177e-01,2.854068577289581299e-01,1.290300607681274414e+00,-2.529370225965976715e-02,4.948658123612403870e-02,-4.868805035948753357e-02,2.018294297158718109e-02,-1.573836803436279297e-01,-3.174515441060066223e-02,1.332037091255187988e+00,3.259626775979995728e-02,-2.299287542700767517e-02,-7.088311761617660522e-02
9.514896273612976074e-01,1.713338121771812439e-02,8.667228817939758301e-01,1.673885737545788288e-03,-7.589395157992839813e-03,-4.405944142490625381e-03,-9.999600648880004883e-01,8.788791298866271973e-02,-9.826283901929855347e-02,1.267461776733398438e-01,4.419927000999450684e-01,-2.352372705936431885e-01,-5.966701358556747437e-02,4.789050668478012085e-02,-3.579038754105567932e-02,-4.959819465875625610e-02,-1.740000024437904358e-02,3.528405725955963135e-02,-3.377132117748260498e-02,2.687770687043666840e-02,-1.755172573029994965e-02,-3.159508109092712402e-02,1.126018390059471130e-01,1.383636891841888428e-01,2.738653123378753662e-01,1.285747766494750977e+00,-2.134599350392818451e-02,4.023318365216255188e-02,-3.947837650775909424e-02,2.406854555010795593e-02,-1.585038602352142334e-01,-3.912160173058509827e-02,1.335310578346252441e+00,3.149679675698280334e-02,-2.752076648175716400e-02,-6.992185115814208984e-02
9.439987540245056152e-01,1.935782097280025482e-02,8.664293289184570312e-01,2.349764341488480568e-03,-7.159599568694829941e-03,-5.446248687803745270e-03,-9.999567866325378418e-01,8.436881005764007568e-02,-7.195225358009338379e-02,1.208816915750503540e-01,4.497779905796051025e-01,-2.382008433341979980e-01,-6.777722388505935669e-02,4.646255448460578918e-02,-4.482691362500190735e-02,-5.523657426238059998e-02,-1.740000024437904358e-02,4.558490589261054993e-02,-3.599307313561439514e-02,2.579631656408309937e-02,-2.284407243132591248e-02,-3.578795492649078369e-02,1.134440153837203979e-01,1.391456872224807739e-01,2.716448009014129639e-01,1.281708478927612305e+00,-1.919645629823207855e-02,3.754536062479019165e-02,-3.210248425602912903e-02,2.767771109938621521e-02,-1.604090183973312378e-01,-4.456853866577148438e-02,1.336533784866333008e+00,3.025779128074645996e-02,-2.796130999922752380e-02,-6.948152184486389160e-02
9.357933402061462402e-01,2.203438058495521545e-02,8.658962845802307129e-01,3.953210078179836273e-03,-6.949788890779018402e-03,-6.222965661436319351e-03,-9.999486804008483887e-01,8.321885764598846436e-02,-4.805505275726318359e-02,1.164219900965690613e-01,4.507538080215454102e-01,-2.316792458295822144e-01,-7.367548346519470215e-02,4.641283303499221802e-02,-5.528405308723449707e-02,-5.862407386302947998e-02,-1.740000024437904358e-02,5.676553025841712952e-02,-3.547014668583869934e-02,2.588177844882011414e-02,-2.720166556537151337e-02,-3.912804275751113892e-02,1.112897545099258423e-01,1.385838091373443604e-01,2.743625044822692871e-01,1.277083039283752441e+00,-1.489211618900299072e-02,3.601372241973876953e-02,-2.652845531702041626e-02,3.084484115242958069e-02,-1.625162512063980103e-01,-4.843439161777496338e-02,1.337674260139465332e+00,3.006103634834289551e-02,-2.920697256922721863e-02,-6.953120976686477661e-02
9.233250021934509277e-01,2.675652690231800079e-02,8.647286891937255859e-01,6.542189046740531921e-03,-7.338338065892457962e-03,-7.096799556165933609e-03,-9.999265074729919434e-01,8.151791989803314209e-02,-1.994245871901512146e-02,1.101000308990478516e-01,4.369806945323944092e-01,-2.226397246122360229e-01,-8.505465835332870483e-02,4.562114924192428589e-02,-7.248403131961822510e-02,-6.269782781600952148e-02,-1.740000024437904358e-02,7.347939908504486084e-02,-3.243847563862800598e-02,2.618725225329399109e-02,-3.141802176833152771e-02,-4.260841384530067444e-02,1.057673171162605286e-01,1.383016556501388550e-01,2.782967090606689453e-01,1.267940402030944824e+00,-1.620391756296157837e-02,2.639410272240638733e-02,-2.722583897411823273e-02,3.332596644759178162e-02,-1.651935577392578125e-01,-5.318218469619750977e-02,1.339144587516784668e+00,2.970557101070880890e-02,-3.103798814117908478e-02,-6.919797509908676147e-02
9.127829074859619141e-01,3.083238005638122559e-02,8.635656833648681641e-01,8.533756248652935028e-03,-8.017655462026596069e-03,-8.121548220515251160e-03,-9.998984336853027344e-01,7.939375936985015869e-02,-1.764088752679526806e-03,1.051706001162528992e-01,4.116028547286987305e-01,-2.105578184127807617e-01,-9.293325990438461304e-02,4.409041255712509155e-02,-8.768121153116226196e-02,-6.755597144365310669e-02,-1.740000024437904358e-02,8.647914975881576538e-02,-2.807228080928325653e-02,2.547019720077514648e-02,-3.359195590019226074e-02,-4.437527805566787720e-02,9.969161450862884521e-02,1.393726766109466553e-01,2.774409949779510498e-01,1.259891629219055176e+00,-2.173030935227870941e-02,1.578617654740810394e-02,-3.267522901296615601e-02,3.334841877222061157e-02,-1.666123867034912109e-01,-5.572463944554328918e-02,1.340860247611999512e+00,3.083695657551288605e-02,-3.283849358558654785e-02,-6.914446502923965454e-02
9.002671837806701660e-01,3.552901372313499451e-02,8.620560765266418457e-01,1.020907144993543625e-02,-9.570835158228874207e-03,-9.764089249074459076e-03,-9.998543858528137207e-01,7.354665547609329224e-02,1.193056814372539520e-02,9.622177481651306152e-02,3.780802190303802490e-01,-2.399203628301620483e-01,-6.800669431686401367e-02,4.051664844155311584e-02,-1.069355607032775879e-01,-7.635404169559478760e-02,-1.740000024437904358e-02,1.006984040141105652e-01,-2.189433760941028595e-02,2.288704551756381989e-02,-3.528057038784027100e-02,-4.583450034260749817e-02,9.154736995697021484e-02,1.417119652032852173e-01,2.741827666759490967e-01,1.249901413917541504e+00,-2.436375431716442108e-02,6.708352360874414444e-03,-3.577481210231781006e-02,3.184019029140472412e-02,-1.672802716493606567e-01,-5.973205342888832092e-02,1.341414332389831543e+00,3.164811432361602783e-02,-3.428900986909866333e-02,-6.904563307762145996e-02
8.814014792442321777e-01,4.272201657295227051e-02,8.595322966575622559e-01,1.173289772123098373e-02,-1.214982662349939346e-02,-1.205961406230926514e-02,-9.997846484184265137e-01,6.347567588090896606e-02,2.054728940129280090e-02,9.421218931674957275e-02,3.250958323478698730e-01,-2.825573980808258057e-01,-4.449434205889701843e-02,3.183673694729804993e-02,-1.361086815595626831e-01,-9.062702953815460205e-02,-1.740000024437904358e-02,1.197917461395263672e-01,-8.041208609938621521e-03,1.599827781319618225e-02,-3.568612411618232727e-02,-4.480126500129699707e-02,7.748959958553314209e-02,1.433347612619400024e-01,2.719695270061492920e-01,1.237696766853332520e+00,-2.895192056894302368e-02,-1.418663654476404190e-03,-3.835497796535491943e-02,2.591998688876628876e-02,-1.669435501098632812e-01,-6.724448502063751221e-02,1.340503692626953125e+00,3.197305649518966675e-02,-3.402038291096687317e-02,-6.925050914287567139e-02
8.661428689956665039e-01,4.908078908920288086e-02,8.578502535820007324e-01,1.097282301634550095e-02,-1.439679227769374847e-02,-1.476750057190656662e-02,-9.997270703315734863e-01,5.026590451598167419e-02,1.502215862274169922e-02,8.802367001771926880e-02,2.956082522869110107e-01,-2.790920436382293701e-01,-3.070383518934249878e-02,1.835542172193527222e-02,-1.599018126726150513e-01,-1.048861891031265259e-01,-1.740000024437904358e-02,1.356965154409408569e-01,3.512638388201594353e-03,5.436935927718877792e-03,-3.598187863826751709e-02,-4.095034301280975342e-02,6.187882274389266968e-02,1.425959914922714233e-01,2.677409052848815918e-01,1.235592484474182129e+00,-3.759794682264328003e-02,-2.864702371880412102e-03,-4.115084186196327209e-02,1.794409751892089844e-02,-1.668028682470321655e-01,-7.197529822587966919e-02,1.338219165802001953e+00,3.404450789093971252e-02,-3.245201706886291504e-02,-7.071837782859802246e-02
8.499687910079956055e-01,5.600773170590400696e-02,8.567668199539184570e-01,7.985061034560203552e-03,-1.692402176558971405e-02,-1.596748083829879761e-02,-9.996973872184753418e-01,3.056418895721435547e-02,3.919158596545457840e-03,7.886537164449691772e-02,2.701623439788818359e-01,-2.596539556980133057e-01,-1.100114453583955765e-02,-1.841857447288930416e-03,-1.858766674995422363e-01,-1.186815053224563599e-01,-1.740000024437904358e-02,1.574810743331909180e-01,1.645775139331817627e-02,-1.128240302205085754e-02,-2.995691634714603424e-02,-3.584817051887512207e-02,4.165006428956985474e-02,1.418943852186203003e-01,2.535832524299621582e-01,1.242975354194641113e+00,-4.896617680788040161e-02,6.359574384987354279e-03,-4.513398557901382446e-02,9.107014164328575134e-03,-1.657284796237945557e-01,-7.928638160228729248e-02,1.333395838737487793e+00,3.276382759213447571e-02,-2.912299521267414093e-02,-7.193274050951004028e-02
8.276041150093078613e-01,6.610661745071411133e-02,8.561915755271911621e-01,2.668132772669196129e-03,-2.076927758753299713e-02,-1.475445460528135300e-02,-9.996718764305114746e-01,-5.667801015079021454e-04,-1.647752337157726288e-02,6.214435771107673645e-02,2.425279915332794189e-01,-2.288339883089065552e-01,1.760833337903022766e-02,-3.389627113938331604e-02,-2.215310484170913696e-01,-1.409445255994796753e-01,-1.740000024437904358e-02,1.759604513645172119e-01,3.789615258574485779e-02,-3.560766577720642090e-02,-1.645454950630664825e-02,-3.014014288783073425e-02,1.351605448871850967e-02,1.417589336633682251e-01,2.194237411022186279e-01,1.261544823646545410e+00,-6.905946880578994751e-02,2.018622867763042450e-02,-5.419290438294410706e-02,9.738580556586384773e-04,-1.651128530502319336e-01,-9.508019685745239258e-02,1.321054100990295410e+00,2.658429555594921112e-02,-1.960446685552597046e-02,-7.497360557317733765e-02
8.103206157684326172e-01,7.315199077129364014e-02,8.564020991325378418e-01,-1.053897896781563759e-03,-2.552932128310203552e-02,-1.264953706413507462e-02,-9.995934963226318359e-01,-2.159300446510314941e-02,-4.248923063278198242e-02,4.624968022108078003e-02,2.345698773860931396e-01,-2.131273746490478516e-01,2.896837703883647919e-02,-5.757597461342811584e-02,-2.508608102798461914e-01,-1.587201356887817383e-01,-1.740000024437904358e-02,1.749576628208160400e-01,6.015080958604812622e-02,-5.262584611773490906e-02,-7.038031239062547684e-03,-2.986923605203628540e-02,-3.312940476462244987e-03,1.439303904771804810e-01,1.918440014123916626e-01,1.274272441864013672e+00,-5.907733738422393799e-02,2.408838272094726562e-02,-5.298078432679176331e-02,-2.796024782583117485e-03,-1.644540429115295410e-01,-1.115325018763542175e-01,1.308375597000122070e+00,2.782388217747211456e-02,-2.422302495688199997e-03,-8.323495090007781982e-02
7.938249707221984863e-01,7.818636298179626465e-02,8.576263189315795898e-01,-3.845220897346735001e-03,-2.921201102435588837e-02,-9.766572155058383942e-03,-9.995181560516357422e-01,-3.716911002993583679e-02,-7.269703596830368042e-02,3.556568548083305359e-02,2.382113188505172729e-01,-1.945281922817230225e-01,3.307994827628135681e-02,-7.287215441465377808e-02,-2.738106548786163330e-01,-1.675343662500381470e-01,-1.740000024437904358e-02,1.481683105230331421e-01,5.703082680702209473e-02,-6.848115473985671997e-02,1.715215039439499378e-03,-2.880096249282360077e-02,-1.326109562069177628e-02,1.522996425628662109e-01,1.649910062551498413e-01,1.282906413078308105e+00,-5.996386334300041199e-02,2.412237226963043213e-02,-5.054331198334693909e-02,-7.113569416105747223e-03,-1.580149978399276733e-01,-1.239086985588073730e-01,1.300352811813354492e+00,2.539241127669811249e-02,8.017210289835929871e-03,-8.738384395837783813e-02
7.745824456214904785e-01,8.279006183147430420e-02,8.602802157402038574e-01,-2.600712759885936975e-04,-2.881436049938201904e-02,-4.541601054370403290e-03,-9.995744228363037109e-01,-3.617378696799278259e-02,-9.985870122909545898e-02,4.034849256277084351e-02,2.430755496025085449e-01,-1.682587265968322754e-01,3.656968846917152405e-02,-6.741472333669662476e-02,-2.954104840755462646e-01,-1.592937856912612915e-01,9.378478862345218658e-03,9.543209522962570190e-02,6.406819820404052734e-02,-6.989333778619766235e-02,6.282656453549861908e-03,-2.034879103302955627e-02,-1.856033131480216980e-02,1.656322032213211060e-01,1.304983198642730713e-01,1.293666958808898926e+00,-5.774252116680145264e-02,2.386047877371311188e-02,-4.386787861585617065e-02,-1.062033977359533310e-02,-1.483874768018722534e-01,-1.261586248874664307e-01,1.297052621841430664e+00,2.202699705958366394e-02,9.764889255166053772e-03,-9.167078882455825806e-02
7.625906467437744141e-01,8.592680841684341431e-02,8.627344369888305664e-01,5.730880890041589737e-03,-2.657538466155529022e-02,7.519376140407985076e-06,-9.996303915977478027e-01,-2.570372447371482849e-02,-1.073023900389671326e-01,5.464329943060874939e-02,2.352360486984252930e-01,-1.453144550323486328e-01,3.841835260391235352e-02,-5.347794666886329651e-02,-3.097326457500457764e-01,-1.471236199140548706e-01,5.773771554231643677e-02,7.593169808387756348e-02,8.523102849721908569e-02,-5.996382609009742737e-02,4.766094498336315155e-03,-1.329876109957695007e-02,-1.654763147234916687e-02,1.719467788934707642e-01,1.147458031773567200e-01,1.301730275154113770e+00,-5.470784753561019897e-02,2.749657444655895233e-02,-4.169821739196777344e-02,-9.530021809041500092e-03,-1.447047144174575806e-01,-1.219751313328742981e-01,1.296443939208984375e+00,2.256511151790618896e-02,1.023915968835353851e-02,-9.282606095075607300e-02
7.520254254341125488e-01,8.858780562877655029e-02,8.652820587158203125e-01,1.101527176797389984e-02,-2.348005771636962891e-02,4.462614655494689941e-03,-9.996536374092102051e-01,-1.612691953778266907e-02,-1.049510166049003601e-01,6.886699795722961426e-02,2.155868262052536011e-01,-1.208169758319854736e-01,3.865849599242210388e-02,-4.153117164969444275e-02,-3.166660964488983154e-01,-1.179877296090126038e-01,1.196498572826385498e-01,4.330797493457794189e-02,7.686167955398559570e-02,-5.021797120571136475e-02,3.135743783786892891e-03,-8.313073776662349701e-03,-9.940288029611110687e-03,1.746000647544860840e-01,1.108565852046012878e-01,1.309962749481201172e+00,-5.425321683287620544e-02,3.242208808660507202e-02,-3.837988153100013733e-02,-5.015988834202289581e-03,-1.445948779582977295e-01,-1.149420589208602905e-01,1.295273780822753906e+00,2.483534812927246094e-02,1.546857599169015884e-02,-8.811627328395843506e-02
7.391170263290405273e-01,9.108173847198486328e-02,8.682327866554260254e-01,1.679222099483013153e-02,-1.957076974213123322e-02,7.061194162815809250e-03,-9.996424913406372070e-01,-6.006654817610979080e-03,-9.822789579629898071e-02,8.195692300796508789e-02,1.844353526830673218e-01,-8.859976381063461304e-02,4.147645086050033569e-02,-2.940499596297740936e-02,-3.159553706645965576e-01,-8.049372583627700806e-02,2.125777453184127808e-01,-6.103877443820238113e-03,7.194991409778594971e-02,-3.840755671262741089e-02,-3.357809968292713165e-03,-6.211052183061838150e-03,3.724557580426335335e-03,1.764865964651107788e-01,1.172082647681236267e-01,1.318001508712768555e+00,-5.484376475214958191e-02,3.579346835613250732e-02,-4.164179414510726929e-02,4.357822239398956299e-03,-1.472233682870864868e-01,-1.105060204863548279e-01,1.291726827621459961e+00,2.158679813146591187e-02,2.648231014609336853e-02,-8.063291013240814209e-02
7.303682565689086914e-01,9.239113330841064453e-02,8.698469996452331543e-01,2.152364514768123627e-02,-1.718395575881004333e-02,6.883940193802118301e-03,-9.995969533920288086e-01,2.897772472351789474e-03,-9.394146502017974854e-02,8.928646147251129150e-02,1.627564430236816406e-01,-6.721189618110656738e-02,4.483296722173690796e-02,-1.972180232405662537e-02,-3.110438585281372070e-01,-6.409721076488494873e-02,2.891674935817718506e-01,-3.710215911269187927e-02,7.264591008424758911e-02,-2.679279446601867676e-02,-1.142645068466663361e-02,-6.917607970535755157e-03,1.544672809541225433e-02,1.768070906400680542e-01,1.280275881290435791e-01,1.321004509925842285e+00,-4.976120591163635254e-02,3.767939656972885132e-02,-4.174707457423210144e-02,1.372422371059656143e-02,-1.495594084262847900e-01,-1.157240197062492371e-01,1.288316607475280762e+00,1.317017059773206711e-02,3.271505236625671387e-02,-7.844021916389465332e-02
7.221918106079101562e-01,9.337786585092544556e-02,8.709692358970642090e-01,2.631668187677860260e-02,-1.486882660537958145e-02,4.945824854075908661e-03,-9.995308518409729004e-01,1.247872132807970047e-02,-9.016085416078567505e-02,9.325659275054931641e-02,1.440208554267883301e-01,-5.256272852420806885e-02,4.610672593116760254e-02,-1.067750900983810425e-02,-2.977187037467956543e-01,-5.469173938035964966e-02,3.609412312507629395e-01,-6.659424304962158203e-02,7.067044079303741455e-02,-1.414366904646158218e-02,-2.042787522077560425e-02,-8.448652923107147217e-03,2.771816216409206390e-02,1.774208396673202515e-01,1.405640095472335815e-01,1.321395516395568848e+00,-4.490014538168907166e-02,3.951130062341690063e-02,-4.043368622660636902e-02,2.448870241641998291e-02,-1.510313749313354492e-01,-1.259443908929824829e-01,1.286453247070312500e+00,8.850862272083759308e-03,3.485623747110366821e-02,-7.984779775142669678e-02
7.118879556655883789e-01,9.414935111999511719e-02,8.715701699256896973e-01,2.947448194026947021e-02,-1.197866257280111313e-02,2.508360892534255981e-03,-9.994906187057495117e-01,1.809399947524070740e-02,-8.296161144971847534e-02,9.661950170993804932e-02,1.175268292427062988e-01,-4.254857078194618225e-02,4.562016576528549194e-02,-6.418029312044382095e-03,-2.718980610370635986e-01,-4.663980007171630859e-02,4.471351802349090576e-01,-1.025345176458358765e-01,6.625182181596755981e-02,-5.332008935511112213e-03,-2.487591467797756195e-02,-1.266974955797195435e-02,4.354528710246086121e-02,1.802568584680557251e-01,1.548056453466415405e-01,1.321578621864318848e+00,-4.508932679891586304e-02,4.266593232750892639e-02,-3.990911319851875305e-02,3.839663416147232056e-02,-1.516812443733215332e-01,-1.341778934001922607e-01,1.288879513740539551e+00,1.237904373556375504e-02,3.238798677921295166e-02,-8.061544597148895264e-02
7.046558856964111328e-01,9.463585168123245239e-02,8.714242577552795410e-01,2.895836532115936279e-02,-9.917570278048515320e-03,1.798745011910796165e-03,-9.995297789573669434e-01,1.560160238295793533e-02,-7.526501268148422241e-02,9.706914424896240234e-02,9.517782181501388550e-02,-3.984266147017478943e-02,4.040030762553215027e-02,-9.896992705762386322e-03,-2.457983344793319702e-01,-4.413140192627906799e-02,4.969252347946166992e-01,-1.241645663976669312e-01,6.040654703974723816e-02,-4.560857545584440231e-03,-2.167383953928947449e-02,-1.756809279322624207e-02,5.601505562663078308e-02,1.817280799150466919e-01,1.668943762779235840e-01,1.320940136909484863e+00,-4.262334480881690979e-02,4.601848125457763672e-02,-4.027901589870452881e-02,4.830770194530487061e-02,-1.524533480405807495e-01,-1.345961689949035645e-01,1.294194459915161133e+00,1.234870031476020813e-02,2.510975673794746399e-02,-7.651129364967346191e-02
6.973733305931091309e-01,9.460482746362686157e-02,8.710129857063293457e-01,2.764209732413291931e-02,-8.387713693082332611e-03,1.209971727803349495e-03,-9.995819330215454102e-01,1.217029802501201630e-02,-7.074555009603500366e-02,9.768249094486236572e-02,7.631604373455047607e-02,-3.547681123018264771e-02,3.534489125013351440e-02,-1.381365954875946045e-02,-2.141395062208175659e-01,-4.407892376184463501e-02,5.289466977119445801e-01,-1.488118171691894531e-01,5.748296529054641724e-02,-4.956701304763555527e-03,-1.719726435840129852e-02,-2.361205965280532837e-02,6.741983443498611450e-02,1.806728541851043701e-01,1.817473471164703369e-01,1.322357773780822754e+00,-4.154908657073974609e-02,5.088748782873153687e-02,-3.971289098262786865e-02,5.688007920980453491e-02,-1.528570801019668579e-01,-1.321708112955093384e-01,1.301584005355834961e+00,1.083882059901952744e-02,1.554221753031015396e-02,-7.171000540256500244e-02
6.874551177024841309e-01,9.328749775886535645e-02,8.704193234443664551e-01,2.564735338091850281e-02,-7.317260373383760452e-03,2.755068999249488115e-04,-9.996442198753356934e-01,9.841080754995346069e-03,-7.291232049465179443e-02,1.017063334584236145e-01,6.161336600780487061e-02,-2.798227407038211823e-02,2.161126583814620972e-02,-1.603077910840511322e-02,-1.665497273206710815e-01,-4.429626464843750000e-02,5.419464707374572754e-01,-1.654567271471023560e-01,5.918699502944946289e-02,-7.205619476735591888e-03,-1.101680658757686615e-02,-3.254215046763420105e-02,8.347842097282409668e-02,1.807572096586227417e-01,2.035633474588394165e-01,1.323281884193420410e+00,-4.377173632383346558e-02,5.764026939868927002e-02,-3.873929008841514587e-02,6.523638218641281128e-02,-1.498428434133529663e-01,-1.297205388545989990e-01,1.312941551208496094e+00,1.259954459965229034e-02,1.576180919073522091e-03,-6.905048340559005737e-02
6.795576810836791992e-01,9.169119596481323242e-02,8.700242638587951660e-01,2.378505840897560120e-02,-6.894999649375677109e-03,-1.164051936939358711e-03,-9.996926188468933105e-01,8.674629963934421539e-03,-8.088279515504837036e-02,1.064748317003250122e-01,5.798238888382911682e-02,-1.660858280956745148e-02,1.160955056548118591e-02,-1.660934463143348694e-02,-1.263084262609481812e-01,-4.730958491563796997e-02,5.271801948547363281e-01,-1.719948947429656982e-01,6.925956159830093384e-02,-1.074752770364284515e-02,-7.534921634942293167e-03,-3.852912411093711853e-02,9.317969530820846558e-02,1.816247105598449707e-01,2.169472128152847290e-01,1.326846003532409668e+00,-4.592863842844963074e-02,6.409441679716110229e-02,-3.878134489059448242e-02,6.873520463705062866e-02,-1.460077464580535889e-01,-1.267069429159164429e-01,1.320806384086608887e+00,1.390846446156501770e-02,-9.061817079782485962e-03,-6.614453345537185669e-02
6.709588766098022461e-01,8.952494710683822632e-02,8.694914579391479492e-01,2.226528897881507874e-02,-6.574154365807771683e-03,-4.213119391351938248e-03,-9.997215867042541504e-01,9.314586408436298370e-03,-9.514373540878295898e-02,1.110212877392768860e-01,6.278923153877258301e-02,-3.071099054068326950e-03,3.198875579982995987e-03,-1.475918386131525040e-02,-8.190943300724029541e-02,-5.301689356565475464e-02,4.904531240463256836e-01,-1.734137684106826782e-01,8.252397924661636353e-02,-1.388895232230424881e-02,-7.978538051247596741e-03,-4.294987395405769348e-02,1.004875004291534424e-01,1.829181164503097534e-01,2.286267727613449097e-01,1.331542968750000000e+00,-4.788108915090560913e-02,6.977579742670059204e-02,-3.654450550675392151e-02,7.037488371133804321e-02,-1.427478194236755371e-01,-1.229574158787727356e-01,1.325803756713867188e+00,1.527889631688594818e-02,-1.662022620439529419e-02,-6.192825362086296082e-02
6.582230329513549805e-01,8.545826375484466553e-02,8.683067560195922852e-01,2.078110724687576294e-02,-5.756940692663192749e-03,-1.039852201938629150e-02,-9.997134208679199219e-01,1.250857859849929810e-02,-1.227701082825660706e-01,1.107964515686035156e-01,8.301453292369842529e-02,1.209329068660736084e-02,-2.176970941945910454e-03,-6.791046354919672012e-03,-1.871871575713157654e-02,-6.104032322764396667e-02,4.099193513393402100e-01,-1.583331525325775146e-01,1.084280312061309814e-01,-1.770739443600177765e-02,-1.208561565726995468e-02,-4.512810707092285156e-02,1.050039976835250854e-01,1.870585680007934570e-01,2.350103706121444702e-01,1.338657498359680176e+00,-4.720550775527954102e-02,7.439412921667098999e-02,-3.900249674916267395e-02,7.034014165401458740e-02,-1.393576711416244507e-01,-1.199734285473823547e-01,1.325086236000061035e+00,1.649899035692214966e-02,-1.973905414342880249e-02,-5.505150556564331055e-02
6.464453339576721191e-01,8.079822361469268799e-02,8.669514656066894531e-01,2.062386646866798401e-02,-6.407258566468954086e-03,-1.449128054082393646e-02,-9.996617436408996582e-01,2.004051022231578827e-02,-1.520410031080245972e-01,1.129812076687812805e-01,1.048764660954475403e-01,1.989096961915493011e-02,-6.657822523266077042e-03,5.905496422201395035e-03,2.327172458171844482e-02,-5.843473225831985474e-02,3.382950425148010254e-01,-1.960659921169281006e-01,8.363460004329681396e-02,-1.849839463829994202e-02,-1.339200139045715332e-02,-4.772210121154785156e-02,1.046422719955444336e-01,1.931145340204238892e-01,2.343587428331375122e-01,1.341600418090820312e+00,-4.857238382101058960e-02,7.447827607393264771e-02,-3.698261827230453491e-02,6.876718997955322266e-02,-1.379901766777038574e-01,-1.167294830083847046e-01,1.319836497306823730e+00,1.511762756854295731e-02,-1.330000907182693481e-02,-5.536753684282302856e-02
6.334699392318725586e-01,7.545484602451324463e-02,8.651263713836669922e-01,2.132499590516090393e-02,-6.904062815010547638e-03,-1.684198155999183655e-02,-9.996069073677062988e-01,3.118266724050045013e-02,-1.838175207376480103e-01,1.180865913629531860e-01,1.292868405580520630e-01,2.819727547466754913e-02,-9.909979067742824554e-03,1.940571330487728119e-02,5.862974002957344055e-02,-5.588725209236145020e-02,2.574928402900695801e-01,-2.248583436012268066e-01,5.501199141144752502e-02,-1.595851406455039978e-02,-1.212581153959035873e-02,-4.851740226149559021e-02,9.965500235557556152e-02,1.971791982650756836e-01,2.386347055435180664e-01,1.343390226364135742e+00,-5.238819122314453125e-02,7.837756723165512085e-02,-3.752508386969566345e-02,6.442507356405258179e-02,-1.383580565452575684e-01,-1.109907925128936768e-01,1.312720298767089844e+00,8.121965453028678894e-03,-1.321853022091090679e-03,-6.104830279946327209e-02
6.145682334899902344e-01,6.766918301582336426e-02,8.622558712959289551e-01,2.214233204722404480e-02,-7.156431674957275391e-03,-1.560957264155149460e-02,-9.996073246002197266e-01,4.853925108909606934e-02,-2.249931842088699341e-01,1.281453073024749756e-01,1.568852514028549194e-01,5.222253128886222839e-02,-1.491211168467998505e-02,3.687361255288124084e-02,8.797778189182281494e-02,-5.044764652848243713e-02,1.695666909217834473e-01,-2.306310385465621948e-01,2.997457608580589294e-02,-1.214790623635053635e-02,-1.694218721240758896e-03,-4.500293359160423279e-02,8.973394334316253662e-02,2.004591077566146851e-01,2.571805417537689209e-01,1.338499665260314941e+00,-6.016021594405174255e-02,7.957169413566589355e-02,-4.533557221293449402e-02,5.168965086340904236e-02,-1.365505903959274292e-01,-1.035148426890373230e-01,1.304607033729553223e+00,5.418069660663604736e-03,7.929650135338306427e-03,-6.230443343520164490e-02
5.995329618453979492e-01,6.107136979699134827e-02,8.601234555244445801e-01,2.447525598108768463e-02,-7.010290864855051041e-03,-1.190467551350593567e-02,-9.996049404144287109e-01,6.921953707933425903e-02,-2.521019876003265381e-01,1.434873789548873901e-01,1.694095432758331299e-01,8.157023787498474121e-02,-1.723543927073478699e-02,5.240606516599655151e-02,9.890991449356079102e-02,-3.507713228464126587e-02,1.179829090833663940e-01,-2.133394479751586914e-01,1.030385680496692657e-02,-4.909511655569076538e-03,7.816849276423454285e-03,-3.846369683742523193e-02,8.229929953813552856e-02,2.012843042612075806e-01,2.796610891819000244e-01,1.329973220825195312e+00,-6.338707357645034790e-02,7.239726185798645020e-02,-5.152212083339691162e-02,3.753022104501724243e-02,-1.342897117137908936e-01,-9.598808735609054565e-02,1.299692749977111816e+00,7.238672580569982529e-03,1.201388239860534668e-02,-6.641718745231628418e-02
5.840781331062316895e-01,5.392861738801002502e-02,8.582088351249694824e-01,2.794394269585609436e-02,-5.683838389813899994e-03,-8.144419640302658081e-03,-9.995601773262023926e-01,9.401664882898330688e-02,-2.718837857246398926e-01,1.624252200126647949e-01,1.712870299816131592e-01,1.170813217759132385e-01,-1.856814511120319366e-02,6.891168653964996338e-02,1.036659032106399536e-01,-1.302917115390300751e-02,8.036500960588455200e-02,-1.961641311645507812e-01,-7.484632078558206558e-04,6.571903359144926071e-03,1.336721517145633698e-02,-2.719607390463352203e-02,7.787179946899414062e-02,2.016919255256652832e-01,3.054211437702178955e-01,1.315344810485839844e+00,-6.504020839929580688e-02,5.819199234247207642e-02,-5.614022165536880493e-02,1.886514574289321899e-02,-1.315098702907562256e-01,-8.409512042999267578e-02,1.298058032989501953e+00,1.265387888997793198e-02,1.312564872205257416e-02,-7.174922525882720947e-02
5.627438426017761230e-01,4.535918310284614563e-02,8.570228815078735352e-01,3.440374881029129028e-02,-5.125354044139385223e-03,-1.406277529895305634e-03,-9.993938803672790527e-01,1.341201364994049072e-01,-2.931278944015502930e-01,2.014014422893524170e-01,1.609962433576583862e-01,1.724289804697036743e-01,-2.745840698480606079e-02,9.237562119960784912e-02,8.735997974872589111e-02,1.644093543291091919e-02,6.172893941402435303e-02,-1.697173118591308594e-01,-4.226872231811285019e-03,2.790703438222408295e-02,1.902908459305763245e-02,-1.404417492449283600e-02,7.067845016717910767e-02,1.979133337736129761e-01,3.311314284801483154e-01,1.299884676933288574e+00,-6.252595037221908569e-02,4.305746033787727356e-02,-6.002268940210342407e-02,-8.542194031178951263e-03,-1.288261860609054565e-01,-6.185852736234664917e-02,1.300715088844299316e+00,2.054979465901851654e-02,8.674752898514270782e-03,-7.849908620119094849e-02
5.478886961936950684e-01,4.078244045376777649e-02,8.570684790611267090e-01,3.683843463659286499e-02,-4.162701778113842010e-03,-9.476301493123173714e-04,-9.993121027946472168e-01,1.539040058851242065e-01,-3.035741746425628662e-01,2.254872918128967285e-01,1.484391242265701294e-01,2.010558098554611206e-01,-5.039605125784873962e-02,1.045521348714828491e-01,7.215638458728790283e-02,2.517570741474628448e-02,5.719840154051780701e-02,-1.484471410512924194e-01,-9.074112400412559509e-03,3.990891575813293457e-02,1.584570854902267456e-02,-7.164124399423599243e-03,6.713463366031646729e-02,1.886123418807983398e-01,3.445314764976501465e-01,1.294681072235107422e+00,-5.248966068029403687e-02,4.161728918552398682e-02,-5.976977571845054626e-02,-2.240435406565666199e-02,-1.307054907083511353e-01,-4.629427194595336914e-02,1.302314758300781250e+00,2.696329914033412933e-02,5.771181080490350723e-03,-7.838451117277145386e-02
5.333787798881530762e-01,3.683522716164588928e-02,8.579574823379516602e-01,3.581548854708671570e-02,-3.529756795614957809e-03,-3.486422123387455940e-03,-9.993460774421691895e-01,1.630921363830566406e-01,-3.111985325813293457e-01,2.429291903972625732e-01,1.427698135375976562e-01,1.719203293323516846e-01,-1.043848469853401184e-01,1.096318438649177551e-01,5.482577160000801086e-02,2.954409644007682800e-02,5.606869980692863464e-02,-1.262666583061218262e-01,-1.799960061907768250e-02,4.233729839324951172e-02,9.296755306422710419e-03,-3.351195715367794037e-03,6.817124038934707642e-02,1.779030859470367432e-01,3.584091067314147949e-01,1.290942311286926270e+00,-4.681593924760818481e-02,4.192112386226654053e-02,-6.215218082070350647e-02,-3.120874427258968353e-02,-1.336298733949661255e-01,-3.549002483487129211e-02,1.301250219345092773e+00,2.849449403584003448e-02,9.918624535202980042e-03,-7.820072025060653687e-02
5.151537656784057617e-01,3.171270340681076050e-02,8.600331544876098633e-01,3.054071776568889618e-02,-2.875150414183735847e-03,-8.825011551380157471e-03,-9.994904398918151855e-01,1.609777361154556274e-01,-3.203719556331634521e-01,2.554982602596282959e-01,1.756251454353332520e-01,4.519715160131454468e-02,-1.351197063922882080e-01,1.069559305906295776e-01,3.639984875917434692e-02,2.810997702181339264e-02,4.777842387557029724e-02,-9.564572572708129883e-02,-2.832179516553878784e-02,3.375216200947761536e-02,1.365969539619982243e-03,-1.839830074459314346e-03,7.465340197086334229e-02,1.681741923093795776e-01,3.651817739009857178e-01,1.287293434143066406e+00,-5.075826868414878845e-02,3.927113115787506104e-02,-6.029141321778297424e-02,-3.489729017019271851e-02,-1.355742067098617554e-01,-3.213923797011375427e-02,1.297413349151611328e+00,2.570274285972118378e-02,1.715503819286823273e-02,-7.896198332309722900e-02
5.032847523689270020e-01,2.932644635438919067e-02,8.615998029708862305e-01,2.537144348025321960e-02,-1.229552435688674450e-03,-1.196601334959268570e-02,-9.996057152748107910e-01,1.528035253286361694e-01,-3.229752480983734131e-01,2.404432445764541626e-01,2.203676551580429077e-01,-2.543313615024089813e-02,-9.539049863815307617e-02,9.939035028219223022e-02,2.793745510280132294e-02,2.015135809779167175e-02,3.984931111335754395e-02,-7.543491572141647339e-02,-3.228420764207839966e-02,2.466838620603084564e-02,-1.950974809005856514e-03,-3.003382298629730940e-04,7.998095452785491943e-02,1.645689010620117188e-01,3.555270433425903320e-01,1.288496255874633789e+00,-5.316187813878059387e-02,3.408138453960418701e-02,-5.077595263719558716e-02,-3.319391235709190369e-02,-1.353728026151657104e-01,-3.544396534562110901e-02,1.296432137489318848e+00,2.102964557707309723e-02,1.924873143434524536e-02,-8.288836479187011719e-02
4.927999675273895264e-01,2.730714716017246246e-02,8.629794716835021973e-01,2.085623145103454590e-02,1.152608310803771019e-03,-1.410063635557889938e-02,-9.996823668479919434e-01,1.455737799406051636e-01,-3.181237876415252686e-01,2.288727611303329468e-01,2.714034020900726318e-01,-6.645400822162628174e-02,-6.508015096187591553e-02,9.224484860897064209e-02,2.227734960615634918e-02,1.050316262990236282e-02,3.303905203938484192e-02,-5.874030292034149170e-02,-3.437418490648269653e-02,1.742869429290294647e-02,-3.334171138703823090e-03,9.726681164465844631e-04,8.364492654800415039e-02,1.610760092735290527e-01,3.401753306388854980e-01,1.292930126190185547e+00,-3.729774430394172668e-02,3.683916479349136353e-02,-4.259003698825836182e-02,-2.591276727616786957e-02,-1.332666575908660889e-01,-4.567085206508636475e-02,1.296979427337646484e+00,1.475672703236341476e-02,1.748069748282432556e-02,-8.945734053850173950e-02
4.807252883911132812e-01,2.559794299304485321e-02,8.641124963760375977e-01,1.592467539012432098e-02,4.798634443432092667e-03,-1.317674294114112854e-02,-9.997748732566833496e-01,1.372299641370773315e-01,-3.026319444179534912e-01,2.136408388614654541e-01,3.507725000381469727e-01,-1.123155876994132996e-01,-3.401760756969451904e-02,8.314639329910278320e-02,1.477757282555103302e-02,5.174027755856513977e-04,3.012932091951370239e-02,-4.308865219354629517e-02,-3.433578088879585266e-02,9.467625059187412262e-03,1.861601253040134907e-03,1.794544397853314877e-03,8.688442409038543701e-02,1.542926579713821411e-01,3.261876404285430908e-01,1.302594661712646484e+00,-3.105722926557064056e-02,4.657183587551116943e-02,-4.044551402330398560e-02,-1.016027014702558517e-02,-1.313825398683547974e-01,-6.258550286293029785e-02,1.298980712890625000e+00,1.861991919577121735e-02,1.323847193270921707e-02,-8.892682939767837524e-02
4.723120033740997314e-01,2.541963756084442139e-02,8.645235300064086914e-01,1.265087351202964783e-02,6.090674549341201782e-03,-9.124333038926124573e-03,-9.998598098754882812e-01,1.293245255947113037e-01,-2.830482125282287598e-01,2.015048861503601074e-01,4.025516808032989502e-01,-1.442404389381408691e-01,-2.293934114277362823e-02,7.567803561687469482e-02,5.124208051711320877e-03,1.919261296279728413e-03,3.182072937488555908e-02,-3.590006008744239807e-02,-3.078183159232139587e-02,5.166226532310247421e-03,9.230333380401134491e-03,-2.201447496190667152e-03,9.075629711151123047e-02,1.475999653339385986e-01,3.206000626087188721e-01,1.311321496963500977e+00,-3.659314289689064026e-02,5.262628570199012756e-02,-4.434830695390701294e-02,2.605980029329657555e-03,-1.343397200107574463e-01,-6.169500201940536499e-02,1.303333878517150879e+00,2.019762620329856873e-02,9.013724513351917267e-03,-8.540060371160507202e-02
4.644393920898437500e-01,2.606249414384365082e-02,8.647004961967468262e-01,1.081980764865875244e-02,7.501652464270591736e-03,-6.035565398633480072e-03,-9.998950958251953125e-01,1.215489283204078674e-01,-2.575057744979858398e-01,1.855770647525787354e-01,4.463383257389068604e-01,-1.709295213222503662e-01,-1.914067193865776062e-02,7.045669853687286377e-02,-2.202952746301889420e-03,4.879972897469997406e-03,3.146998956799507141e-02,-2.980237454175949097e-02,-2.562508732080459595e-02,5.279289558529853821e-03,9.619303047657012939e-03,-6.587147247046232224e-03,9.575857967138290405e-02,1.397183537483215332e-01,3.175226151943206787e-01,1.317933320999145508e+00,-3.997794538736343384e-02,5.867739021778106689e-02,-4.383258149027824402e-02,1.416479703038930893e-02,-1.410143077373504639e-01,-5.013054981827735901e-02,1.310970544815063477e+00,1.779085025191307068e-02,-2.430954016745090485e-03,-7.423109561204910278e-02
4.542355239391326904e-01,2.771190181374549866e-02,8.645332455635070801e-01,1.047971658408641815e-02,9.782291017472743988e-03,-3.212203038856387138e-03,-9.998920559883117676e-01,1.132450997829437256e-01,-2.155914455652236938e-01,1.648005992174148560e-01,4.911229014396667480e-01,-2.100033462047576904e-01,-1.724694482982158661e-02,6.713011860847473145e-02,-9.992562234401702881e-03,4.921406507492065430e-03,2.948253601789474487e-02,-1.973599009215831757e-02,-1.692020893096923828e-02,9.974959306418895721e-03,2.133395988494157791e-03,-1.166366413235664368e-02,1.038921698927879333e-01,1.301167011260986328e-01,3.124003708362579346e-01,1.322826147079467773e+00,-3.693924844264984131e-02,6.553453207015991211e-02,-4.234991595149040222e-02,2.700611390173435211e-02,-1.474981307983398438e-01,-3.762464597821235657e-02,1.324646472930908203e+00,1.690918393433094025e-02,-1.838667318224906921e-02,-6.396159529685974121e-02
4.466676712036132812e-01,2.911005541682243347e-02,8.642593026161193848e-01,1.108780689537525177e-02,1.186378672719001770e-02,-2.149948850274085999e-03,-9.998658299446105957e-01,1.078136563301086426e-01,-1.783947646617889404e-01,1.521760821342468262e-01,5.096026062965393066e-01,-2.309336662292480469e-01,-1.585535518825054169e-02,6.609822809696197510e-02,-1.489426475018262863e-02,1.853507827036082745e-03,2.843956463038921356e-02,-1.584509201347827911e-02,-7.212834898382425308e-03,1.461881306022405624e-02,-6.744340527802705765e-03,-1.459714118391275406e-02,1.102104559540748596e-01,1.257202178239822388e-01,3.038366436958312988e-01,1.324626564979553223e+00,-3.201359137892723083e-02,6.704249233007431030e-02,-3.956649452447891235e-02,3.506457433104515076e-02,-1.486269533634185791e-01,-3.954634442925453186e-02,1.336354017257690430e+00,1.891949586570262909e-02,-3.033591434359550476e-02,-5.854067206382751465e-02
4.389561414718627930e-01,3.125989437103271484e-02,8.638831973075866699e-01,1.151831354945898056e-02,1.360782328993082047e-02,-9.938150178641080856e-04,-9.998405575752258301e-01,1.005001515150070190e-01,-1.390153616666793823e-01,1.420068591833114624e-01,5.164321660995483398e-01,-2.463131099939346313e-01,-2.377739548683166504e-02,6.367202848196029663e-02,-2.280826494097709656e-02,-2.142715500667691231e-03,3.089327178895473480e-02,-9.883049875497817993e-03,2.206323668360710144e-03,1.845206879079341888e-02,-1.471100654453039169e-02,-1.755272410809993744e-02,1.138728335499763489e-01,1.230014115571975708e-01,2.921033799648284912e-01,1.324898719787597656e+00,-3.102127835154533386e-02,6.398278474807739258e-02,-3.514263778924942017e-02,4.402162134647369385e-02,-1.485114991664886475e-01,-5.018738657236099243e-02,1.346118927001953125e+00,2.212448231875896454e-02,-4.281103610992431641e-02,-5.719514191150665283e-02
4.277584254741668701e-01,3.470283374190330505e-02,8.632349967956542969e-01,1.191579550504684448e-02,1.577334105968475342e-02,7.073195884004235268e-04,-9.998043179512023926e-01,8.748039603233337402e-02,-8.424535393714904785e-02,1.271704286336898804e-01,5.082796812057495117e-01,-2.711836099624633789e-01,-4.312144219875335693e-02,5.973974242806434631e-02,-3.569321706891059875e-02,-5.110009107738733292e-03,3.502684086561203003e-02,2.677338430657982826e-03,8.956664241850376129e-03,2.290398627519607544e-02,-2.390852011740207672e-02,-2.114713564515113831e-02,1.136851012706756592e-01,1.197601109743118286e-01,2.796936631202697754e-01,1.322529077529907227e+00,-2.426523715257644653e-02,5.863484740257263184e-02,-3.273271769285202026e-02,5.321751162409782410e-02,-1.502519845962524414e-01,-6.285253912210464478e-02,1.356665015220642090e+00,2.522067353129386902e-02,-5.829399079084396362e-02,-5.693678930401802063e-02
4.185635149478912354e-01,3.777539357542991638e-02,8.625473976135253906e-01,1.198201719671487808e-02,1.616990007460117340e-02,1.210206188261508942e-03,-9.997967481613159180e-01,7.741255313158035278e-02,-4.818205907940864563e-02,1.198242828249931335e-01,4.925893247127532959e-01,-2.786443531513214111e-01,-6.400892138481140137e-02,5.566394701600074768e-02,-4.847324267029762268e-02,-8.482280187308788300e-03,3.777466341853141785e-02,1.078756712377071381e-02,1.358949672430753708e-02,2.461060881614685059e-02,-3.057508915662765503e-02,-2.556120231747627258e-02,1.099796965718269348e-01,1.166024655103683472e-01,2.748351395130157471e-01,1.320465207099914551e+00,-2.360612154006958008e-02,5.753150582313537598e-02,-3.156930580735206604e-02,5.955332890152931213e-02,-1.538129895925521851e-01,-7.003518193960189819e-02,1.361850976943969727e+00,2.580976858735084534e-02,-6.313674151897430420e-02,-5.731384456157684326e-02
4.087981879711151123e-01,4.128478839993476868e-02,8.616361618041992188e-01,1.270178332924842834e-02,1.638657040894031525e-02,7.983537507243454456e-04,-9.997847080230712891e-01,6.922223418951034546e-02,-1.564846746623516083e-02,1.139487028121948242e-01,4.675445854663848877e-01,-2.707957625389099121e-01,-8.134428411722183228e-02,5.216855555772781372e-02,-6.119854375720024109e-02,-9.270568378269672394e-03,3.873723372817039490e-02,1.968094892799854279e-02,1.956081390380859375e-02,2.647789381444454193e-02,-3.793483600020408630e-02,-2.893682010471820831e-02,1.034996658563613892e-01,1.139470636844635010e-01,2.757225036621093750e-01,1.315773367881774902e+00,-2.063877135515213013e-02,5.369747057557106018e-02,-2.873120643198490143e-02,6.390425562858581543e-02,-1.580134630203247070e-01,-7.379874587059020996e-02,1.365602850914001465e+00,2.329756319522857666e-02,-6.438460201025009155e-02,-5.774082243442535400e-02
3.933441042900085449e-01,4.772144556045532227e-02,8.602682352066040039e-01,1.250836811959743500e-02,1.519884541630744934e-02,-1.703272719169035554e-04,-9.998062252998352051e-01,5.209675431251525879e-02,2.194442227482795715e-02,9.812583774328231812e-02,4.118384420871734619e-01,-2.837430238723754883e-01,-5.808797106146812439e-02,4.230935126543045044e-02,-8.573395013809204102e-02,-2.045127004384994507e-02,4.185280576348304749e-02,3.623359650373458862e-02,2.942638285458087921e-02,2.508868649601936340e-02,-4.333612322807312012e-02,-3.330355137586593628e-02,9.056384861469268799e-02,1.119648963212966919e-01,2.725134491920471191e-01,1.307200908660888672e+00,-2.315079420804977417e-02,4.389532655477523804e-02,-3.428549692034721375e-02,6.607370823621749878e-02,-1.626048684120178223e-01,-7.866106182336807251e-02,1.369591236114501953e+00,2.448678389191627502e-02,-6.927456706762313843e-02,-5.529623851180076599e-02
3.794672489166259766e-01,5.337338522076606750e-02,8.587696552276611328e-01,1.187699381262063980e-02,1.277552824467420578e-02,-2.515250584110617638e-03,-9.998446702957153320e-01,3.868480771780014038e-02,4.177495464682579041e-02,8.717470616102218628e-02,3.506982922554016113e-01,-3.128644824028015137e-01,-3.137369453907012939e-02,3.196252137422561646e-02,-1.085678637027740479e-01,-3.078386560082435608e-02,4.189720749855041504e-02,5.280890688300132751e-02,3.727937489748001099e-02,2.163632400333881378e-02,-4.827981442213058472e-02,-3.588424250483512878e-02,7.800651341676712036e-02,1.114297583699226379e-01,2.677431404590606689e-01,1.299111723899841309e+00,-2.470703423023223877e-02,3.720984607934951782e-02,-3.857960551977157593e-02,6.394188851118087769e-02,-1.654427796602249146e-01,-8.203464001417160034e-02,1.370862245559692383e+00,2.529082633554935455e-02,-7.098903506994247437e-02,-5.469246581196784973e-02
3.647444248199462891e-01,5.897992476820945740e-02,8.573845028877258301e-01,9.748534299433231354e-03,9.819116443395614624e-03,-5.548373330384492874e-03,-9.998888969421386719e-01,2.395560592412948608e-02,4.838081821799278259e-02,8.582232147455215454e-02,2.958177626132965088e-01,-3.006420731544494629e-01,-1.816925778985023499e-02,1.755961216986179352e-02,-1.305465549230575562e-01,-4.248506575822830200e-02,3.687190264463424683e-02,7.031950354576110840e-02,4.311418533325195312e-02,1.200805976986885071e-02,-5.026408284902572632e-02,-3.536752611398696899e-02,6.083101406693458557e-02,1.126080453395843506e-01,2.585424184799194336e-01,1.292657971382141113e+00,-2.974691055715084076e-02,3.263111412525177002e-02,-4.360558837652206421e-02,5.782371386885643005e-02,-1.667277514934539795e-01,-8.411244302988052368e-02,1.370592236518859863e+00,2.830614335834980011e-02,-7.090275734663009644e-02,-5.408983677625656128e-02
3.432912528514862061e-01,6.690848618745803833e-02,8.565534353256225586e-01,4.946396686136722565e-03,5.089990328997373581e-03,-1.113135274499654770e-02,-9.999128580093383789e-01,-6.919511943124234676e-04,3.062575124204158783e-02,7.224689424037933350e-02,2.576215267181396484e-01,-2.620112001895904541e-01,8.275247178971767426e-03,-8.514047600328922272e-03,-1.600099653005599976e-01,-5.984564125537872314e-02,2.532676607370376587e-02,9.283703565597534180e-02,5.151653662323951721e-02,-9.035821072757244110e-03,-5.020207166671752930e-02,-3.060759976506233215e-02,3.222164511680603027e-02,1.186312884092330933e-01,2.349567711353302002e-01,1.288684606552124023e+00,-3.835044801235198975e-02,2.779076434671878815e-02,-4.785194620490074158e-02,4.451076313853263855e-02,-1.644052565097808838e-01,-8.544180542230606079e-02,1.367611527442932129e+00,3.421120718121528625e-02,-7.103689759969711304e-02,-5.471987649798393250e-02
3.265835046768188477e-01,7.271958142518997192e-02,8.566968441009521484e-01,1.063261530362069607e-03,1.735753379762172699e-03,-1.369336061179637909e-02,-9.999041557312011719e-01,-1.948330737650394440e-02,9.505269117653369904e-03,5.801846832036972046e-02,2.424839735031127930e-01,-2.325437366962432861e-01,2.335615828633308411e-02,-2.927262708544731140e-02,-1.828582584857940674e-01,-7.345636188983917236e-02,1.891402713954448700e-02,1.022816523909568787e-01,5.873000249266624451e-02,-2.623102627694606781e-02,-4.462189599871635437e-02,-2.602274343371391296e-02,7.567192427814006805e-03,1.249884217977523804e-01,2.046086043119430542e-01,1.293394684791564941e+00,-4.546128213405609131e-02,2.858091145753860474e-02,-5.012062937021255493e-02,3.519923985004425049e-02,-1.598036140203475952e-01,-9.170907735824584961e-02,1.361661076545715332e+00,3.362943232059478760e-02,-6.853506714105606079e-02,-5.899723991751670837e-02
3.096618354320526123e-01,7.750954478979110718e-02,8.574826121330261230e-01,-1.711551216430962086e-03,-2.792322775349020958e-03,-1.310064364224672318e-02,-9.999088048934936523e-01,-3.373930975794792175e-02,-1.852474361658096313e-02,4.606878012418746948e-02,2.380318194627761841e-01,-2.135890275239944458e-01,2.413421496748924255e-02,-4.477457329630851746e-02,-2.095944583415985107e-01,-8.646226674318313599e-02,1.699505560100078583e-02,9.851317107677459717e-02,5.718357488512992859e-02,-4.063842818140983582e-02,-3.473143279552459717e-02,-2.550741657614707947e-02,-1.389828976243734360e-02,1.326766759157180786e-01,1.726616472005844116e-01,1.300424575805664062e+00,-5.224686488509178162e-02,3.146062418818473816e-02,-5.262944847345352173e-02,2.888785861432552338e-02,-1.531805694103240967e-01,-1.056691780686378479e-01,1.350793838500976562e+00,3.324472904205322266e-02,-5.537774041295051575e-02,-6.784820556640625000e-02
2.882711887359619141e-01,8.208993077278137207e-02,8.594850301742553711e-01,-3.609921084716916084e-03,-7.677154615521430969e-03,-7.509039714932441711e-03,-9.999358057975769043e-01,-4.714666306972503662e-02,-4.936183616518974304e-02,3.905628994107246399e-02,2.259777337312698364e-01,-1.810806095600128174e-01,2.648121118545532227e-02,-5.440897122025489807e-02,-2.416249513626098633e-01,-8.944342285394668579e-02,2.101437374949455261e-02,6.395298242568969727e-02,4.283972829580307007e-02,-5.576146021485328674e-02,-1.540450379252433777e-02,-2.475988492369651794e-02,-3.551954030990600586e-02,1.443050205707550049e-01,1.372985243797302246e-01,1.310617327690124512e+00,-6.032648682594299316e-02,3.611310571432113647e-02,-5.312384292483329773e-02,2.390553057193756104e-02,-1.408719867467880249e-01,-1.308825612068176270e-01,1.332022786140441895e+00,3.528673946857452393e-02,-2.944875694811344147e-02,-7.859256118535995483e-02
2.734673321247100830e-01,8.517155051231384277e-02,8.612920641899108887e-01,-2.027402631938457489e-03,-9.442611597478389740e-03,-2.157419454306364059e-03,-9.999510645866394043e-01,-4.910174384713172913e-02,-6.468202918767929077e-02,4.413063451647758484e-02,2.118362784385681152e-01,-1.548234969377517700e-01,3.089478798210620880e-02,-5.068729445338249207e-02,-2.602520585060119629e-01,-9.459522366523742676e-02,3.509202226996421814e-02,4.121369123458862305e-02,5.575076118111610413e-02,-5.862164869904518127e-02,-5.206676665693521500e-03,-2.095257863402366638e-02,-4.417899623513221741e-02,1.509600132703781128e-01,1.256171166896820068e-01,1.317069649696350098e+00,-6.719743460416793823e-02,3.931926190853118896e-02,-5.736868083477020264e-02,2.223066426813602448e-02,-1.346076875925064087e-01,-1.434022039175033569e-01,1.315181136131286621e+00,2.847122214734554291e-02,-1.178660523146390915e-02,-8.195670694112777710e-02
2.602143883705139160e-01,8.816786855459213257e-02,8.633334040641784668e-01,1.708972733467817307e-03,-9.959419257938861847e-03,2.396337455138564110e-03,-9.999460577964782715e-01,-4.498831555247306824e-02,-7.317435741424560547e-02,5.340477451682090759e-02,1.927129477262496948e-01,-1.278954595327377319e-01,3.362305089831352234e-02,-4.065456241369247437e-02,-2.750481069087982178e-01,-1.077849641442298889e-01,6.616326421499252319e-02,4.070163518190383911e-02,7.799895107746124268e-02,-5.512509867548942566e-02,-1.863409648649394512e-03,-1.590080745518207550e-02,-4.450637474656105042e-02,1.554618030786514282e-01,1.274757683277130127e-01,1.321826100349426270e+00,-6.634213030338287354e-02,4.088217765092849731e-02,-6.419467926025390625e-02,2.233927138149738312e-02,-1.319800317287445068e-01,-1.480395346879959106e-01,1.297554016113281250e+00,1.918930187821388245e-02,7.376132532954216003e-03,-8.239342272281646729e-02
2.445689141750335693e-01,9.127718955278396606e-02,8.658195137977600098e-01,7.077961228787899017e-03,-9.146997705101966858e-03,7.673052139580249786e-03,-9.999036788940429688e-01,-3.664402291178703308e-02,-7.711401581764221191e-02,6.653064489364624023e-02,1.651447564363479614e-01,-9.877999126911163330e-02,3.235847502946853638e-02,-2.877160161733627319e-02,-2.824437916278839111e-01,-1.002586483955383301e-01,1.289696693420410156e-01,2.094018831849098206e-02,7.086481899023056030e-02,-4.819786548614501953e-02,-2.035566605627536774e-03,-1.084124110639095306e-02,-3.152459487318992615e-02,1.611654907464981079e-01,1.426219940185546875e-01,1.323514461517333984e+00,-6.758990138769149780e-02,4.350180551409721375e-02,-6.687138974666595459e-02,2.400310337543487549e-02,-1.328089535236358643e-01,-1.428449302911758423e-01,1.277406692504882812e+00,1.032202225178480148e-02,3.741778060793876648e-02,-7.855022698640823364e-02
2.338853478431701660e-01,9.290216863155364990e-02,8.670635819435119629e-01,1.066397689282894135e-02,-8.359737694263458252e-03,1.062822155654430389e-02,-9.998517036437988281e-01,-2.995647303760051727e-02,-7.681395858526229858e-02,7.804861664772033691e-02,1.420800983905792236e-01,-8.042576164007186890e-02,2.866126596927642822e-02,-2.228030376136302948e-02,-2.860103249549865723e-01,-8.976299315690994263e-02,1.974525153636932373e-01,-4.627243150025606155e-03,6.664025038480758667e-02,-4.275731742382049561e-02,-4.243955481797456741e-03,-1.007848419249057770e-02,-1.898593083024024963e-02,1.665378808975219727e-01,1.495557278394699097e-01,1.326058030128479004e+00,-7.033729553222656250e-02,4.535679146647453308e-02,-5.941914021968841553e-02,2.597954683005809784e-02,-1.351936906576156616e-01,-1.369279325008392334e-01,1.265048861503601074e+00,3.617937210947275162e-03,5.527630820870399475e-02,-7.335425168275833130e-02
2.238141298294067383e-01,9.415476769208908081e-02,8.677420616149902344e-01,1.349011901766061783e-02,-7.851820439100265503e-03,1.123969163745641708e-02,-9.998149871826171875e-01,-2.456050552427768707e-02,-7.915522158145904541e-02,8.785003423690795898e-02,1.243927776813507080e-01,-6.773798912763595581e-02,2.515581995248794556e-02,-1.939266547560691833e-02,-2.856442332267761230e-01,-8.503630012273788452e-02,2.735133171081542969e-01,-3.236909955739974976e-02,6.691859662532806396e-02,-3.793628513813018799e-02,-8.596511557698249817e-03,-1.111559756100177765e-02,-5.889093969017267227e-03,1.719260960817337036e-01,1.550330370664596558e-01,1.328391194343566895e+00,-6.679213047027587891e-02,4.655182361602783203e-02,-4.097576066851615906e-02,2.848777920007705688e-02,-1.363911181688308716e-01,-1.388173699378967285e-01,1.254751205444335938e+00,-2.653260249644517899e-03,6.648511439561843872e-02,-6.783080846071243286e-02
2.109902054071426392e-01,9.466629475355148315e-02,8.679238557815551758e-01,1.631540060043334961e-02,-7.262007798999547958e-03,9.687179699540138245e-03,-9.997935891151428223e-01,-1.848758012056350708e-02,-8.438741415739059448e-02,9.508567303419113159e-02,1.065230295062065125e-01,-5.643412470817565918e-02,2.000164799392223358e-02,-1.819765567779541016e-02,-2.761621475219726562e-01,-7.588513195514678955e-02,3.749827146530151367e-01,-8.244770765304565430e-02,6.715173274278640747e-02,-3.316417708992958069e-02,-1.357144396752119064e-02,-1.393498945981264114e-02,1.051632780581712723e-02,1.770555973052978516e-01,1.614596843719482422e-01,1.333667278289794922e+00,-6.044608727097511292e-02,5.544940754771232605e-02,-3.878716006875038147e-02,3.388909250497817993e-02,-1.345844119787216187e-01,-1.492698639631271362e-01,1.247040748596191406e+00,-9.446083568036556244e-03,7.462832331657409668e-02,-6.682435423135757446e-02
2.020817697048187256e-01,9.460925310850143433e-02,8.677501082420349121e-01,1.740166358649730682e-02,-6.610590498894453049e-03,7.804925087839365005e-03,-9.997962713241577148e-01,-1.580046117305755615e-02,-8.747633546590805054e-02,9.686286747455596924e-02,9.401885420083999634e-02,-5.006414651870727539e-02,1.343365665525197983e-02,-1.984718628227710724e-02,-2.597731947898864746e-01,-7.040672749280929565e-02,4.404867589473724365e-01,-1.177276819944381714e-01,6.594397127628326416e-02,-3.126236796379089355e-02,-1.390512194484472275e-02,-1.657224260270595551e-02,2.081458270549774170e-02,1.781683564186096191e-01,1.660838574171066284e-01,1.343173980712890625e+00,-5.622632429003715515e-02,6.777941435575485229e-02,-3.882288932800292969e-02,3.860598057508468628e-02,-1.323773115873336792e-01,-1.538633555173873901e-01,1.248123049736022949e+00,-7.761227898299694061e-03,7.431359589099884033e-02,-7.128649204969406128e-02
1.934655457735061646e-01,9.450101107358932495e-02,8.674007654190063477e-01,1.784914359450340271e-02,-5.729557480663061142e-03,5.695880390703678131e-03,-9.998080730438232422e-01,-1.493439637124538422e-02,-8.931362628936767578e-02,9.603903442621231079e-02,8.051026612520217896e-02,-4.353811219334602356e-02,8.719956502318382263e-03,-2.310300432145595551e-02,-2.353018522262573242e-01,-6.837859004735946655e-02,4.911227226257324219e-01,-1.472843587398529053e-01,6.219298392534255981e-02,-2.959486469626426697e-02,-1.192237623035907745e-02,-1.934668049216270447e-02,2.731797844171524048e-02,1.748940497636795044e-01,1.727756708860397339e-01,1.357820868492126465e+00,-5.898948386311531067e-02,8.545424789190292358e-02,-4.309957101941108704e-02,4.364799708127975464e-02,-1.306834816932678223e-01,-1.520234048366546631e-01,1.255860924720764160e+00,-3.355545923113822937e-03,6.535800546407699585e-02,-7.438388466835021973e-02
1.821155995130538940e-01,9.357784688472747803e-02,8.667941093444824219e-01,1.812245883047580719e-02,-5.267968866974115372e-03,1.782230567187070847e-03,-9.998202919960021973e-01,-1.324611529707908630e-02,-9.489640593528747559e-02,9.738244861364364624e-02,6.642389297485351562e-02,-4.015085101127624512e-02,-2.009592251852154732e-03,-2.713143639266490936e-02,-1.951797157526016235e-01,-7.112009078264236450e-02,5.341758131980895996e-01,-1.728687435388565063e-01,5.578007921576499939e-02,-2.710812166333198547e-02,-8.082363754510879517e-03,-2.453801408410072327e-02,3.353758156299591064e-02,1.690919846296310425e-01,1.845774054527282715e-01,1.377918601036071777e+00,-6.387095898389816284e-02,1.092339828610420227e-01,-4.707799851894378662e-02,5.037336796522140503e-02,-1.286677569150924683e-01,-1.391167938709259033e-01,1.273690938949584961e+00,-5.225661210715770721e-03,4.050593823194503784e-02,-6.247904896736145020e-02
1.733649671077728271e-01,9.215200692415237427e-02,8.662335872650146484e-01,1.849114708602428436e-02,-5.357297137379646301e-03,-1.521337777376174927e-03,-9.998134970664978027e-01,-1.035288721323013306e-02,-1.036050319671630859e-01,1.018265709280967712e-01,6.111157312989234924e-02,-3.348236531019210815e-02,-9.207327850162982941e-03,-2.711221203207969666e-02,-1.603634953498840332e-01,-7.434804737567901611e-02,5.469749569892883301e-01,-1.871241927146911621e-01,5.371419712901115417e-02,-2.430022135376930237e-02,-4.943473264575004578e-03,-2.873677015304565430e-02,3.769051656126976013e-02,1.664667278528213501e-01,1.919247508049011230e-01,1.388867855072021484e+00,-6.678058952093124390e-02,1.212349981069564819e-01,-3.609222173690795898e-02,5.376312509179115295e-02,-1.273075640201568604e-01,-1.260033845901489258e-01,1.289627432823181152e+00,-6.196179892867803574e-04,2.531551942229270935e-02,-5.091148987412452698e-02
1.642034649848937988e-01,9.003183990716934204e-02,8.654946088790893555e-01,1.885148324072360992e-02,-5.909036844968795776e-03,-5.082854535430669785e-03,-9.997919201850891113e-01,-6.319017149507999420e-03,-1.163566857576370239e-01,1.070576459169387817e-01,5.964907631278038025e-02,-2.432633377611637115e-02,-1.628538779914379120e-02,-2.419492416083812714e-02,-1.233415603637695312e-01,-7.668910920619964600e-02,5.438762307167053223e-01,-1.970724761486053467e-01,5.903145298361778259e-02,-2.167013101279735565e-02,-1.950277131982147694e-03,-3.361578285694122314e-02,4.203851893544197083e-02,1.652439832687377930e-01,1.919585466384887695e-01,1.399468064308166504e+00,-7.051582634449005127e-02,1.304691582918167114e-01,-4.678748548030853271e-02,5.644773691892623901e-02,-1.260084807872772217e-01,-1.109213903546333313e-01,1.304939985275268555e+00,2.100067213177680969e-03,1.242975238710641861e-02,-3.634498640894889832e-02
1.506616622209548950e-01,8.636707812547683716e-02,8.640707135200500488e-01,1.876440085470676422e-02,-7.310355547815561295e-03,-1.035746559500694275e-02,-9.997435808181762695e-01,-1.509018125943839550e-03,-1.396664232015609741e-01,1.118719130754470825e-01,6.352731585502624512e-02,-1.265397947281599045e-02,-2.377344667911529541e-02,-1.724925264716148376e-02,-7.441123574972152710e-02,-7.764719426631927490e-02,5.182262063026428223e-01,-2.017917931079864502e-01,7.275241613388061523e-02,-1.986354030668735504e-02,-4.094915639143437147e-04,-4.005025327205657959e-02,4.770116880536079407e-02,1.682742238044738770e-01,1.888171136379241943e-01,1.404944300651550293e+00,-6.728978455066680908e-02,1.291704922914505005e-01,-5.161858722567558289e-02,5.650372058153152466e-02,-1.232596859335899353e-01,-8.727871626615524292e-02,1.324358463287353516e+00,4.218178801238536835e-03,-8.756321854889392853e-03,-2.935301139950752258e-02
1.395117640495300293e-01,8.259366452693939209e-02,8.625815510749816895e-01,1.843652687966823578e-02,-7.970442995429039001e-03,-1.423061359673738480e-02,-9.996969699859619141e-01,2.410330576822161674e-03,-1.583169996738433838e-01,1.113311946392059326e-01,6.844963878393173218e-02,-9.139430709183216095e-03,-2.887150831520557404e-02,-9.398294612765312195e-03,-3.685253858566284180e-02,-7.606533914804458618e-02,4.813973009586334229e-01,-2.032304108142852783e-01,8.560479432344436646e-02,-2.023991756141185760e-02,3.649257123470306396e-04,-4.268279671669006348e-02,5.165284126996994019e-02,1.733054667711257935e-01,1.877495646476745605e-01,1.403644919395446777e+00,-6.596530973911285400e-02,1.268583089113235474e-01,-4.972759261727333069e-02,5.305180698633193970e-02,-1.190432608127593994e-01,-7.588636875152587891e-02,1.334896087646484375e+00,1.038506999611854553e-02,-2.005059458315372467e-02,-2.431819029152393341e-02
1.273637264966964722e-01,7.815196365118026733e-02,8.606062531471252441e-01,1.784537360072135925e-02,-8.695601485669612885e-03,-1.780805736780166626e-02,-9.996443390846252441e-01,6.740030832588672638e-03,-1.792013198137283325e-01,1.092406362295150757e-01,7.415196299552917480e-02,-6.680172518827021122e-04,-3.389080613851547241e-02,7.336594717344269156e-05,-5.475865909829735756e-04,-7.254169136285781860e-02,4.268120825290679932e-01,-1.939298063516616821e-01,9.715824574232101440e-02,-2.139980532228946686e-02,5.346300895325839520e-04,-4.445335268974304199e-02,5.310732126235961914e-02,1.792427450418472290e-01,1.860623508691787720e-01,1.401154756546020508e+00,-6.693600118160247803e-02,1.240631341934204102e-01,-4.594218358397483826e-02,4.848912730813026428e-02,-1.155285835266113281e-01,-6.432389467954635620e-02,1.340823888778686523e+00,1.446323934942483902e-02,-2.704880014061927795e-02,-2.662742882966995239e-02
1.080879047513008118e-01,7.043857127428054810e-02,8.575437068939208984e-01,1.898247562348842621e-02,-1.004332862794399261e-02,-2.060816064476966858e-02,-9.995569586753845215e-01,2.080527879297733307e-02,-2.114676982164382935e-01,1.165196672081947327e-01,8.093432337045669556e-02,1.603711210191249847e-02,-3.945558518171310425e-02,2.107118815183639526e-02,4.252629354596138000e-02,-5.672360584139823914e-02,3.355911374092102051e-01,-2.462855577468872070e-01,5.670443177223205566e-02,-1.663018576800823212e-02,7.940211798995733261e-04,-4.493708163499832153e-02,4.841633141040802002e-02,1.858763396739959717e-01,1.825191825628280640e-01,1.397125720977783203e+00,-6.809125840663909912e-02,1.188906207680702209e-01,-4.143629595637321472e-02,3.705214336514472961e-02,-1.123044863343238831e-01,-5.549851059913635254e-02,1.340203762054443359e+00,1.669296808540821075e-02,-3.050895594060420990e-02,-3.145667910575866699e-02
9.190401434898376465e-02,6.455168128013610840e-02,8.549735546112060547e-01,1.997590996325016022e-02,-1.155817322432994843e-02,-1.966916024684906006e-02,-9.995401501655578613e-01,3.291833028197288513e-02,-2.368206232786178589e-01,1.265766471624374390e-01,8.294209837913513184e-02,3.213866800069808960e-02,-4.157276451587677002e-02,3.455908223986625671e-02,6.261301040649414062e-02,-5.460815504193305969e-02,2.671109139919281006e-01,-2.719506323337554932e-01,3.439524769783020020e-02,-1.158791966736316681e-02,4.646641667932271957e-03,-4.395387321710586548e-02,4.034301266074180603e-02,1.897384524345397949e-01,1.818708777427673340e-01,1.393308639526367188e+00,-6.800502538681030273e-02,1.159875839948654175e-01,-4.011408612132072449e-02,2.471858076751232147e-02,-1.116488277912139893e-01,-4.715113341808319092e-02,1.335588097572326660e+00,1.354117225855588913e-02,-2.171214483678340912e-02,-3.881650045514106750e-02
7.486076653003692627e-02,5.899126082658767700e-02,8.526527285575866699e-01,2.098166383802890778e-02,-1.282991096377372742e-02,-1.695945672690868378e-02,-9.995536804199218750e-01,4.540241137146949768e-02,-2.597431838512420654e-01,1.354575455188751221e-01,8.044961839914321899e-02,4.836426302790641785e-02,-4.187931120395660400e-02,4.578000679612159729e-02,7.240366190671920776e-02,-4.781121760606765747e-02,2.108174115419387817e-01,-2.656535804271697998e-01,2.438230998814105988e-02,-4.608263727277517319e-03,9.423727169632911682e-03,-4.016908630728721619e-02,2.938190847635269165e-02,1.904449909925460815e-01,1.882530748844146729e-01,1.388244628906250000e+00,-6.607675552368164062e-02,1.119940951466560364e-01,-4.339748620986938477e-02,9.027493186295032501e-03,-1.123608276247978210e-01,-3.565727174282073975e-02,1.329758286476135254e+00,1.573963277041912079e-02,-1.674449443817138672e-02,-4.434220492839813232e-02
5.137550830841064453e-02,5.089078843593597412e-02,8.508095741271972656e-01,2.555651590228080750e-02,-1.469168066978454590e-02,-1.326768659055233002e-02,-9.994773864746093750e-01,7.249674201011657715e-02,-2.890574038028717041e-01,1.500172168016433716e-01,7.347907871007919312e-02,6.913716346025466919e-02,-3.805785626173019409e-02,6.903786212205886841e-02,7.220561057329177856e-02,-2.795292437076568604e-02,1.529120355844497681e-01,-2.360527515411376953e-01,-2.798297442495822906e-03,1.318401750177145004e-02,1.105882693082094193e-02,-3.363133594393730164e-02,1.356269046664237976e-02,1.875162869691848755e-01,2.112122327089309692e-01,1.377998352050781250e+00,-7.164438068866729736e-02,1.011367961764335632e-01,-5.469344183802604675e-02,-1.384232752025127411e-02,-1.147503629326820374e-01,-1.709035784006118774e-02,1.322021365165710449e+00,1.943237520754337311e-02,-4.295154474675655365e-03,-5.107880383729934692e-02
3.314527496695518494e-02,4.454405978322029114e-02,8.507177829742431641e-01,3.113021701574325562e-02,-1.706222631037235260e-02,-1.080374699085950851e-02,-9.993112683296203613e-01,1.006332412362098694e-01,-3.130549490451812744e-01,1.668894588947296143e-01,7.195486128330230713e-02,6.673038750886917114e-02,-3.808603063225746155e-02,9.163385629653930664e-02,5.684706941246986389e-02,-6.877930718474090099e-05,1.313438564538955688e-01,-2.132327407598495483e-01,-2.465393021702766418e-02,3.132075071334838867e-02,1.047702599316835403e-02,-2.931689098477363586e-02,-1.076512737199664116e-03,1.838807612657546997e-01,2.305448949337005615e-01,1.370462298393249512e+00,-6.990381330251693726e-02,9.092408418655395508e-02,-5.696058645844459534e-02,-3.000628016889095306e-02,-1.169576197862625122e-01,-5.597218405455350876e-03,1.315491199493408203e+00,2.440693415701389313e-02,7.815285585820674896e-03,-5.453377589583396912e-02
1.531291846185922623e-02,3.994889929890632629e-02,8.521241545677185059e-01,3.697189688682556152e-02,-1.963456720113754272e-02,-9.925140999257564545e-03,-9.990741014480590820e-01,1.266896873712539673e-01,-3.360818326473236084e-01,1.841181814670562744e-01,7.478394359350204468e-02,4.365388303995132446e-02,-2.878210879862308502e-02,1.119420081377029419e-01,3.646939620375633240e-02,2.317957952618598938e-02,1.170525997877120972e-01,-1.863971948623657227e-01,-3.262840956449508667e-02,5.162150412797927856e-02,6.973513867706060410e-03,-2.603032439947128296e-02,-1.715765520930290222e-02,1.748095005750656128e-01,2.460367530584335327e-01,1.366310119628906250e+00,-6.646331399679183960e-02,9.011482447385787964e-02,-6.226744875311851501e-02,-4.255794361233711243e-02,-1.221642568707466125e-01,5.736391991376876831e-03,1.310225844383239746e+00,2.683189138770103455e-02,1.198472455143928528e-02,-6.295536458492279053e-02
-5.330148618668317795e-03,3.658468648791313171e-02,8.553134202957153320e-01,3.808612003922462463e-02,-1.896591670811176300e-02,-1.280190609395503998e-02,-9.990124106407165527e-01,1.348437815904617310e-01,-3.518113493919372559e-01,1.908139288425445557e-01,8.044975996017456055e-02,-2.391202142462134361e-03,-3.227484226226806641e-02,1.203533262014389038e-01,1.988926529884338379e-02,2.379881404340267181e-02,9.812128543853759766e-02,-1.477894037961959839e-01,-3.737986832857131958e-02,6.484693288803100586e-02,8.418359357165172696e-05,-1.911616697907447815e-02,-3.175975754857063293e-02,1.551962792873382568e-01,2.588124871253967285e-01,1.367062211036682129e+00,-6.049093231558799744e-02,9.883936494588851929e-02,-7.051014900207519531e-02,-4.947546869516372681e-02,-1.331603527069091797e-01,2.098444662988185883e-02,1.305841088294982910e+00,2.630697004497051239e-02,1.830261014401912689e-02,-6.310952454805374146e-02
-1.818226277828216553e-02,3.416084125638008118e-02,8.581057786941528320e-01,3.435918316245079041e-02,-1.709813065826892853e-02,-1.658791117370128632e-02,-9.991255998611450195e-01,1.263543665409088135e-01,-3.578264117240905762e-01,2.119790166616439819e-01,1.006805077195167542e-01,-2.161991596221923828e-02,-6.993871927261352539e-02,1.159048676490783691e-01,1.453926973044872284e-02,1.288542430847883224e-02,8.127158880233764648e-02,-1.197298541665077209e-01,-3.972002491354942322e-02,6.100835651159286499e-02,-3.896072041243314743e-03,-1.482499390840530396e-02,-3.211314231157302856e-02,1.453498601913452148e-01,2.619013190269470215e-01,1.364226341247558594e+00,-5.824781581759452820e-02,1.016419902443885803e-01,-7.213279604911804199e-02,-4.854825884103775024e-02,-1.382950842380523682e-01,2.896219678223133087e-02,1.305063247680664062e+00,2.857352606952190399e-02,2.050617709755897522e-02,-6.242320314049720764e-02
-2.968344651162624359e-02,3.130609542131423950e-02,8.607443571090698242e-01,2.883160673081874847e-02,-1.599032431840896606e-02,-1.843330822885036469e-02,-9.992863535881042480e-01,1.182863786816596985e-01,-3.630842566490173340e-01,2.244189083576202393e-01,1.431948095560073853e-01,-3.620185703039169312e-02,-6.313955783843994141e-02,1.076838970184326172e-01,1.170868054032325745e-02,6.710178218781948090e-03,5.958521738648414612e-02,-9.106843173503875732e-02,-4.308382049202919006e-02,5.058905854821205139e-02,-2.422681776806712151e-03,-1.434158254414796829e-02,-2.343987114727497101e-02,1.443162411451339722e-01,2.571547627449035645e-01,1.354424595832824707e+00,-6.481836736202239990e-02,8.909596502780914307e-02,-6.770037859678268433e-02,-4.454748705029487610e-02,-1.398122906684875488e-01,3.279404342174530029e-02,1.305824041366577148e+00,2.800541371107101440e-02,2.079881913959980011e-02,-6.215668842196464539e-02
-4.405732080340385437e-02,2.861295640468597412e-02,8.632504940032958984e-01,2.121732011437416077e-02,-1.478562597185373306e-02,-1.794568076729774475e-02,-9.995044469833374023e-01,1.086006909608840942e-01,-3.669134974479675293e-01,2.081948071718215942e-01,2.273937612771987915e-01,-6.631973385810852051e-02,-2.604395523667335510e-02,9.425547719001770020e-02,7.787876762449741364e-03,7.916360627859830856e-04,3.330567106604576111e-02,-5.832494422793388367e-02,-4.662256315350532532e-02,3.638587892055511475e-02,2.836350817233324051e-03,-1.551441475749015808e-02,-4.779545124620199203e-03,1.514289230108261108e-01,2.425865232944488525e-01,1.331323981285095215e+00,-4.891307279467582703e-02,4.981198534369468689e-02,-4.950618743896484375e-02,-3.755267336964607239e-02,-1.397618651390075684e-01,3.000383637845516205e-02,1.308081865310668945e+00,2.266261540353298187e-02,2.013734728097915649e-02,-6.142811477184295654e-02
-5.378801748156547546e-02,2.724697813391685486e-02,8.643544912338256836e-01,1.640334352850914001e-02,-1.345112733542919159e-02,-1.655476540327072144e-02,-9.996379017829895020e-01,1.021630614995956421e-01,-3.630976676940917969e-01,1.925755590200424194e-01,2.979967892169952393e-01,-9.677308052778244019e-02,-1.381644513458013535e-02,8.482366800308227539e-02,4.839607980102300644e-03,-6.976363249123096466e-03,1.849799603223800659e-02,-4.064652323722839355e-02,-4.712427034974098206e-02,2.791188471019268036e-02,5.952780134975910187e-03,-1.668241620063781738e-02,1.218944787979125977e-02,1.585427969694137573e-01,2.350422888994216919e-01,1.309642791748046875e+00,-3.436714038252830505e-02,3.064584918320178986e-02,-4.413333907723426819e-02,-3.004776500165462494e-02,-1.401785612106323242e-01,2.424564771354198456e-02,1.309843897819519043e+00,1.958448067307472229e-02,1.816869340837001801e-02,-6.206535175442695618e-02
-6.281968951225280762e-02,2.652058005332946777e-02,8.651041388511657715e-01,1.277409587055444717e-02,-1.199097000062465668e-02,-1.338840555399656296e-02,-9.997568726539611816e-01,9.756886214017868042e-02,-3.495253622531890869e-01,1.747468113899230957e-01,3.629093468189239502e-01,-1.287079453468322754e-01,-3.218403551727533340e-03,7.731587439775466919e-02,-7.757900166325271130e-04,-1.311511546373367310e-02,1.072617992758750916e-02,-2.591326087713241577e-02,-4.905883222818374634e-02,2.203835733234882355e-02,1.035115681588649750e-02,-1.849001087248325348e-02,2.866955846548080444e-02,1.623339354991912842e-01,2.360623925924301147e-01,1.290531992912292480e+00,-1.745232939720153809e-02,1.618870161473751068e-02,-4.195836186408996582e-02,-2.133439108729362488e-02,-1.409786045551300049e-01,1.709011383354663849e-02,1.312351584434509277e+00,1.938718929886817932e-02,1.580080389976501465e-02,-6.022059172391891479e-02
-7.367366552352905273e-02,2.695750817656517029e-02,8.657019734382629395e-01,1.013324409723281860e-02,-9.127917699515819550e-03,-7.452534511685371399e-03,-9.998792409896850586e-01,9.348095953464508057e-02,-3.139355778694152832e-01,1.541630476713180542e-01,4.307936131954193115e-01,-1.644486784934997559e-01,2.223757561296224594e-03,7.034810632467269897e-02,-7.260796613991260529e-03,-1.293914858251810074e-02,4.981145728379487991e-03,-1.014429889619350433e-02,-4.787150770425796509e-02,2.008026465773582458e-02,1.396203786134719849e-02,-2.132835239171981812e-02,4.812970384955406189e-02,1.589318364858627319e-01,2.453646212816238403e-01,1.278622150421142578e+00,-1.387416664510965347e-02,1.272590551525354385e-02,-3.898642584681510925e-02,-8.964235894381999969e-03,-1.449900567531585693e-01,1.350760646164417267e-02,1.318971157073974609e+00,2.033822052180767059e-02,8.277686312794685364e-03,-5.622947216033935547e-02
-8.119722455739974976e-02,2.787912636995315552e-02,8.659496903419494629e-01,9.225160814821720123e-03,-6.637746002525091171e-03,-3.236939897760748863e-03,-9.999302029609680176e-01,9.112243354320526123e-02,-2.774029672145843506e-01,1.416695564985275269e-01,4.686778783798217773e-01,-1.877190023660659790e-01,6.617070175707340240e-03,6.676182895898818970e-02,-1.132951583713293076e-02,-9.421573020517826080e-03,1.818651449866592884e-03,1.083742361515760422e-03,-4.398809000849723816e-02,2.005929313600063324e-02,1.311728544533252716e-02,-2.426496520638465881e-02,6.137851625680923462e-02,1.540354043245315552e-01,2.534861862659454346e-01,1.278457880020141602e+00,-1.108539197593927383e-02,1.399597991257905960e-02,-3.904906287789344788e-02,1.443126529920846224e-04,-1.482105553150177002e-01,1.399037893861532211e-02,1.326293349266052246e+00,2.222812920808792114e-02,-1.801808364689350128e-03,-5.116864293813705444e-02
-8.862428367137908936e-02,2.932620979845523834e-02,8.660946488380432129e-01,8.666102774441242218e-03,-4.018648527562618256e-03,5.733615253120660782e-04,-9.999542236328125000e-01,8.712465316057205200e-02,-2.352656573057174683e-01,1.302509009838104248e-01,4.966984391212463379e-01,-2.139963060617446899e-01,1.130798086524009705e-02,6.342763453722000122e-02,-1.620578020811080933e-02,-6.369673181325197220e-03,8.099832339212298393e-04,1.246377360075712204e-02,-4.102792590856552124e-02,1.975535415112972260e-02,9.707065299153327942e-03,-2.698434516787528992e-02,7.393747568130493164e-02,1.503549069166183472e-01,2.575705051422119141e-01,1.281871318817138672e+00,-1.004453375935554504e-02,1.718258298933506012e-02,-3.027131035923957825e-02,7.553241681307554245e-03,-1.500612497329711914e-01,1.327893510460853577e-02,1.335150718688964844e+00,2.379756979644298553e-02,-1.673038490116596222e-02,-4.447747394442558289e-02
-9.896858781576156616e-02,3.204876929521560669e-02,8.660733103752136230e-01,8.069914765655994415e-03,-1.416139421053230762e-03,4.314884543418884277e-03,-9.999571442604064941e-01,7.852551341056823730e-02,-1.768790185451507568e-01,1.144333630800247192e-01,5.192601084709167480e-01,-2.435720860958099365e-01,9.691040031611919403e-03,5.866086483001708984e-02,-2.596906200051307678e-02,-5.424424540251493454e-03,1.698456122539937496e-03,2.668413333594799042e-02,-3.860623762011528015e-02,1.896759681403636932e-02,1.546160900034010410e-03,-3.178866952657699585e-02,8.803232759237289429e-02,1.481059342622756958e-01,2.526423037052154541e-01,1.289053559303283691e+00,-1.541121629998087883e-03,2.638011425733566284e-02,-1.808615215122699738e-02,1.598790287971496582e-02,-1.519843488931655884e-01,6.464042700827121735e-03,1.346268296241760254e+00,2.572665177285671234e-02,-3.283766284584999084e-02,-4.073211550712585449e-02
-1.075852215290069580e-01,3.450632467865943909e-02,8.659003973007202148e-01,7.813736796379089355e-03,-5.343250813893973827e-04,6.195706780999898911e-03,-9.999501109123229980e-01,7.048827409744262695e-02,-1.332554817199707031e-01,1.018234267830848694e-01,5.231738686561584473e-01,-2.631253302097320557e-01,4.005935043096542358e-03,5.501950904726982117e-02,-3.743117302656173706e-02,-5.785005167126655579e-03,4.472310654819011688e-03,3.651459142565727234e-02,-3.667398914694786072e-02,1.828547567129135132e-02,-5.834721028804779053e-03,-3.603200986981391907e-02,9.521549195051193237e-02,1.472340673208236694e-01,2.455078363418579102e-01,1.295640945434570312e+00,2.705239749047905207e-04,3.322049230337142944e-02,-1.424291357398033142e-02,2.121097035706043243e-02,-1.535419523715972900e-01,-4.608607850968837738e-03,1.352631926536560059e+00,2.847222425043582916e-02,-4.189656674861907959e-02,-4.214696958661079407e-02
-1.171639934182167053e-01,3.753877803683280945e-02,8.655368089675903320e-01,7.891712710261344910e-03,-8.261626353487372398e-04,7.387294899672269821e-03,-9.999412298202514648e-01,6.170688569545745850e-02,-9.130124747753143311e-02,8.909197151660919189e-02,5.154442191123962402e-01,-2.821393311023712158e-01,-1.277056429535150528e-02,5.113707855343818665e-02,-5.222550034523010254e-02,-7.431610953062772751e-03,7.174362428486347198e-03,4.636715352535247803e-02,-3.211101889610290527e-02,1.785968430340290070e-02,-1.319343224167823792e-02,-4.103710874915122986e-02,9.751414507627487183e-02,1.453791260719299316e-01,2.398608773946762085e-01,1.303860902786254883e+00,-3.409908618777990341e-03,4.029643163084983826e-02,-1.244016457349061966e-02,2.666863799095153809e-02,-1.571912765502929688e-01,-1.783674582839012146e-02,1.355813145637512207e+00,3.215863928198814392e-02,-4.751603677868843079e-02,-4.351362586021423340e-02
-1.313170343637466431e-01,4.237676039338111877e-02,8.646619915962219238e-01,7.922199554741382599e-03,-2.794854575768113136e-03,7.753523532301187515e-03,-9.999346733093261719e-01,4.952425882220268250e-02,-4.197518900036811829e-02,7.316907495260238647e-02,4.858025908470153809e-01,-2.912470400333404541e-01,-3.804194554686546326e-02,4.510892927646636963e-02,-7.448206096887588501e-02,-1.393577083945274353e-02,4.878825508058071136e-03,6.785693019628524780e-02,-2.721710316836833954e-02,1.681055128574371338e-02,-2.221066690981388092e-02,-4.772824048995971680e-02,9.337683022022247314e-02,1.411285549402236938e-01,2.354036867618560791e-01,1.314903020858764648e+00,-7.931789383292198181e-03,5.026203766465187073e-02,-1.149670593440532684e-02,3.310031816363334656e-02,-1.653210371732711792e-01,-3.375983983278274536e-02,1.356770396232604980e+00,3.640040010213851929e-02,-5.087599530816078186e-02,-4.426898807287216187e-02
-1.429628431797027588e-01,4.644632339477539062e-02,8.637409210205078125e-01,8.127610199153423309e-03,-4.665674176067113876e-03,7.112783379852771759e-03,-9.999307990074157715e-01,4.219749569892883301e-02,-6.692374590784311295e-03,6.642302870750427246e-02,4.396991729736328125e-01,-2.702551782131195068e-01,-5.733717232942581177e-02,3.997424617409706116e-02,-9.134554862976074219e-02,-2.072126045823097229e-02,-5.768191767856478691e-04,8.766122162342071533e-02,-2.185952663421630859e-02,1.466114912182092667e-02,-2.840114571154117584e-02,-5.093009397387504578e-02,8.593567460775375366e-02,1.381977349519729614e-01,2.345774173736572266e-01,1.321028828620910645e+00,-8.128922432661056519e-03,5.744531378149986267e-02,-1.013894192874431610e-02,3.571866452693939209e-02,-1.718807369470596313e-01,-4.051560536026954651e-02,1.356928110122680664e+00,3.452311083674430847e-02,-4.955674707889556885e-02,-4.546901583671569824e-02
-1.564628481864929199e-01,5.085036531090736389e-02,8.623618483543395996e-01,8.677093312144279480e-03,-7.144791074097156525e-03,5.943394731730222702e-03,-9.999191761016845703e-01,3.586389496922492981e-02,2.228908985853195190e-02,6.598402559757232666e-02,3.818310797214508057e-01,-2.599783241748809814e-01,-5.142094567418098450e-02,3.507312014698982239e-02,-1.118370443582534790e-01,-2.878766693174839020e-02,-4.870699252933263779e-03,1.051634177565574646e-01,-1.636819913983345032e-02,1.211452111601829529e-02,-3.430010750889778137e-02,-5.202345922589302063e-02,7.557895034551620483e-02,1.366282999515533447e-01,2.349942177534103394e-01,1.322479128837585449e+00,-9.479642845690250397e-03,6.180130317807197571e-02,-9.239718317985534668e-03,3.485338762402534485e-02,-1.776637583971023560e-01,-4.319493100047111511e-02,1.357955813407897949e+00,3.355663642287254333e-02,-4.875044524669647217e-02,-4.656643420457839966e-02
-1.784999668598175049e-01,5.807808414101600647e-02,8.596915006637573242e-01,6.876004394143819809e-03,-1.339115761220455170e-02,2.094460651278495789e-03,-9.998844861984252930e-01,2.095416933298110962e-02,4.663192108273506165e-02,6.402628123760223389e-02,2.844756543636322021e-01,-2.953054904937744141e-01,-2.594313025474548340e-02,1.883423514664173126e-02,-1.518032997846603394e-01,-4.946747049689292908e-02,-6.113253999501466751e-03,1.284887641668319702e-01,-4.502225201576948166e-03,-9.838149708230048418e-05,-4.013657197356224060e-02,-5.324753746390342712e-02,5.768574029207229614e-02,1.394841372966766357e-01,2.305563539266586304e-01,1.316980719566345215e+00,-1.953854225575923920e-02,5.488137528300285339e-02,-1.929950527846813202e-02,2.703123167157173157e-02,-1.815707385540008545e-01,-4.407176002860069275e-02,1.360829234123229980e+00,3.654287382960319519e-02,-5.255934223532676697e-02,-4.698602482676506042e-02
-1.962525248527526855e-01,6.347187608480453491e-02,8.576506972312927246e-01,4.506186116486787796e-03,-1.837269403040409088e-02,-2.798605710268020630e-03,-9.998171329498291016e-01,7.854656316339969635e-03,4.379229620099067688e-02,6.377935409545898438e-02,2.339130192995071411e-01,-2.837234735488891602e-01,-1.530053280293941498e-02,2.236359519883990288e-03,-1.813220977783203125e-01,-6.780471652746200562e-02,-1.002377085387706757e-02,1.407282650470733643e-01,6.911867763847112656e-03,-1.394503749907016754e-02,-4.363592714071273804e-02,-5.005067959427833557e-02,3.916866704821586609e-02,1.448167413473129272e-01,2.216221988201141357e-01,1.310186982154846191e+00,-2.863224782049655914e-02,4.376239702105522156e-02,-2.907782793045043945e-02,1.748719625174999237e-02,-1.813641339540481567e-01,-4.647051170468330383e-02,1.362297892570495605e+00,4.128408804535865784e-02,-5.421737208962440491e-02,-4.849258065223693848e-02
-2.145202010869979858e-01,6.896317005157470703e-02,8.561877608299255371e-01,1.232180278748273849e-03,-2.338747307658195496e-02,-8.670166134834289551e-03,-9.996881484985351562e-01,-8.358460851013660431e-03,2.605558745563030243e-02,5.548378080129623413e-02,2.048519551753997803e-01,-2.597821652889251709e-01,4.409114364534616470e-03,-1.838071830570697784e-02,-2.091334909200668335e-01,-8.449017256498336792e-02,-1.566904969513416290e-02,1.462498605251312256e-01,1.953205652534961700e-02,-3.176276385784149170e-02,-4.437834024429321289e-02,-4.612350091338157654e-02,1.777718402445316315e-02,1.525781303644180298e-01,2.047056853771209717e-01,1.305026650428771973e+00,-3.750212118029594421e-02,3.797002136707305908e-02,-3.481347486376762390e-02,7.834031246602535248e-03,-1.775069087743759155e-01,-5.091914534568786621e-02,1.363221406936645508e+00,4.674295336008071899e-02,-5.539927631616592407e-02,-5.176692828536033630e-02
-2.399273812770843506e-01,7.681628316640853882e-02,8.558703064918518066e-01,-4.463631194084882736e-03,-3.082607500255107880e-02,-1.368316542357206345e-02,-9.994211196899414062e-01,-3.417104855179786682e-02,-1.122056879103183746e-02,3.266424313187599182e-02,1.852478981018066406e-01,-2.264125496149063110e-01,2.137170545756816864e-02,-5.231171846389770508e-02,-2.501281499862670898e-01,-1.064250394701957703e-01,-1.484790351241827011e-02,1.260027885437011719e-01,4.281350970268249512e-02,-5.840365216135978699e-02,-3.573995828628540039e-02,-4.222306981682777405e-02,-1.747923344373703003e-02,1.603468954563140869e-01,1.726091951131820679e-01,1.308401226997375488e+00,-4.859216511249542236e-02,3.766610100865364075e-02,-4.184817150235176086e-02,-4.285594914108514786e-03,-1.699793636798858643e-01,-5.917258933186531067e-02,1.361546397209167480e+00,5.293902754783630371e-02,-5.725283548235893250e-02,-5.610039085149765015e-02
-2.582142353057861328e-01,8.129239082336425781e-02,8.571982383728027344e-01,-6.955744698643684387e-03,-3.444873541593551636e-02,-1.331986393779516220e-02,-9.992935061454772949e-01,-4.724292457103729248e-02,-4.137933254241943359e-02,2.108143642544746399e-02,1.852875202894210815e-01,-2.090547531843185425e-01,1.849706470966339111e-02,-6.807850301265716553e-02,-2.784522175788879395e-01,-1.133365854620933533e-01,-6.299353670328855515e-03,9.371943771839141846e-02,3.821582719683647156e-02,-7.454195618629455566e-02,-2.289974689483642578e-02,-3.725245594978332520e-02,-4.193843901157379150e-02,1.664853692054748535e-01,1.485752761363983154e-01,1.314795494079589844e+00,-5.810622870922088623e-02,4.198669269680976868e-02,-4.344484955072402954e-02,-1.225178595632314682e-02,-1.600680202245712280e-01,-6.850122660398483276e-02,1.358623266220092773e+00,5.397990345954895020e-02,-5.716030299663543701e-02,-5.883698537945747375e-02
-2.741489112377166748e-01,8.471733331680297852e-02,8.592849373817443848e-01,-7.250722963362932205e-03,-3.419719636440277100e-02,-1.073237974196672440e-02,-9.993311762809753418e-01,-5.428858473896980286e-02,-5.494470149278640747e-02,1.835085265338420868e-02,1.725269556045532227e-01,-1.835574507713317871e-01,2.025702409446239471e-02,-7.372491061687469482e-02,-2.944330275058746338e-01,-1.148145496845245361e-01,1.785433152690529823e-03,5.891053751111030579e-02,3.570896759629249573e-02,-8.476496487855911255e-02,-8.736089803278446198e-03,-2.872329019010066986e-02,-5.868600681424140930e-02,1.724695861339569092e-01,1.323426961898803711e-01,1.321675419807434082e+00,-6.362934410572052002e-02,4.482420906424522400e-02,-4.582550004124641418e-02,-1.718919165432453156e-02,-1.481459885835647583e-01,-7.637231796979904175e-02,1.354230642318725586e+00,5.537999793887138367e-02,-5.533281713724136353e-02,-6.090047210454940796e-02
-2.922118604183197021e-01,8.926413953304290771e-02,8.625562787055969238e-01,-1.980073051527142525e-03,-3.189500048756599426e-02,-7.277146913111209869e-03,-9.994627833366394043e-01,-4.938282817602157593e-02,-6.572608649730682373e-02,2.708249539136886597e-02,1.548965126276016235e-01,-1.475975215435028076e-01,2.494104951620101929e-02,-6.343770027160644531e-02,-3.081190288066864014e-01,-1.247085183858871460e-01,3.080592863261699677e-02,3.639709576964378357e-02,7.128366827964782715e-02,-7.891655713319778442e-02,-2.493052277714014053e-03,-1.855659671127796173e-02,-6.690806895494461060e-02,1.732193976640701294e-01,1.323089748620986938e-01,1.329736709594726562e+00,-5.952265486121177673e-02,4.697582125663757324e-02,-5.381294339895248413e-02,-1.957023143768310547e-02,-1.395487338304519653e-01,-8.131910115480422974e-02,1.342566132545471191e+00,4.872642457485198975e-02,-3.834864869713783264e-02,-6.266839802265167236e-02
-3.040825128555297852e-01,9.233071655035018921e-02,8.651295304298400879e-01,4.308025818318128586e-03,-3.091317787766456604e-02,-5.359969567507505417e-03,-9.994984269142150879e-01,-3.938115015625953674e-02,-7.558086514472961426e-02,3.499642014503479004e-02,1.457885503768920898e-01,-1.222513541579246521e-01,2.870874293148517609e-02,-5.078094080090522766e-02,-3.156786859035491943e-01,-1.176482737064361572e-01,6.690524518489837646e-02,3.713772073388099670e-02,6.993311643600463867e-02,-6.630445271730422974e-02,-5.469665396958589554e-03,-1.529834233224391937e-02,-6.305523961782455444e-02,1.711612045764923096e-01,1.434849649667739868e-01,1.332692384719848633e+00,-6.054410338401794434e-02,5.152547731995582581e-02,-5.874507129192352295e-02,-1.884053833782672882e-02,-1.381747722625732422e-01,-8.533627539873123169e-02,1.328915119171142578e+00,3.800594806671142578e-02,-1.240551751106977463e-02,-6.650044023990631104e-02
-3.151530623435974121e-01,9.469511359930038452e-02,8.672568202018737793e-01,1.069884374737739563e-02,-2.941183559596538544e-02,-3.266376443207263947e-03,-9.995048046112060547e-01,-2.809466235339641571e-02,-8.068803697824478149e-02,4.042207449674606323e-02,1.327714174985885620e-01,-1.000148802995681763e-01,3.180892392992973328e-02,-3.777944669127464294e-02,-3.196051716804504395e-01,-9.646455198526382446e-02,1.186035200953483582e-01,1.998488046228885651e-02,6.489150971174240112e-02,-5.292378365993499756e-02,-9.276898577809333801e-03,-1.295897457748651505e-02,-5.242972820997238159e-02,1.712991744279861450e-01,1.565509438514709473e-01,1.332779645919799805e+00,-6.604164093732833862e-02,5.344432964920997620e-02,-6.100125610828399658e-02,-1.703458838164806366e-02,-1.386830061674118042e-01,-8.960732817649841309e-02,1.312929987907409668e+00,3.217999637126922607e-02,9.164264425635337830e-03,-6.879853457212448120e-02
-3.283942043781280518e-01,9.705983847379684448e-02,8.691843152046203613e-01,1.787027530372142792e-02,-2.705845423042774200e-02,-1.692888792604207993e-03,-9.994726777076721191e-01,-1.499624643474817276e-02,-8.348952978849411011e-02,4.840283840894699097e-02,1.138268485665321350e-01,-7.588769495487213135e-02,3.652212768793106079e-02,-2.325644157826900482e-02,-3.198782503604888916e-01,-7.267003506422042847e-02,2.078214287757873535e-01,-1.786729507148265839e-02,6.877333670854568481e-02,-3.633043169975280762e-02,-1.707007735967636108e-02,-1.156323030591011047e-02,-2.953752130270004272e-02,1.756037324666976929e-01,1.708875447511672974e-01,1.327602624893188477e+00,-7.134928554296493530e-02,4.679687693715095520e-02,-5.971742421388626099e-02,-1.430852059274911880e-02,-1.397311538457870483e-01,-9.697087854146957397e-02,1.292320489883422852e+00,2.410858683288097382e-02,3.563583269715309143e-02,-7.459180802106857300e-02
-3.373422622680664062e-01,9.829855710268020630e-02,8.701074123382568359e-01,2.213492058217525482e-02,-2.554014883935451508e-02,-1.307087135501205921e-03,-9.994278550148010254e-01,-6.869941484183073044e-03,-8.695762604475021362e-02,5.561366677284240723e-02,1.036052256822586060e-01,-6.006855890154838562e-02,4.119710996747016907e-02,-1.500470191240310669e-02,-3.162260353565216064e-01,-5.994959548115730286e-02,2.823935449123382568e-01,-4.308508336544036865e-02,7.054675370454788208e-02,-2.586938813328742981e-02,-2.301512099802494049e-02,-1.246888749301433563e-02,-1.016933098435401917e-02,1.803760528564453125e-01,1.773817539215087891e-01,1.323923349380493164e+00,-7.038351893424987793e-02,4.187886416912078857e-02,-5.678571388125419617e-02,-1.257926970720291138e-02,-1.385820508003234863e-01,-1.020645052194595337e-01,1.281060576438903809e+00,1.702387444674968719e-02,4.766378924250602722e-02,-7.822742313146591187e-02
-3.457224369049072266e-01,9.893097728490829468e-02,8.707500100135803223e-01,2.511233277618885040e-02,-2.404748648405075073e-02,-9.666025289334356785e-04,-9.993948936462402344e-01,-8.567897020839154720e-04,-9.108387678861618042e-02,6.132642924785614014e-02,9.615515172481536865e-02,-4.670178517699241638e-02,4.553665220737457275e-02,-8.685154840350151062e-03,-3.064398467540740967e-01,-4.882893338799476624e-02,3.553966879844665527e-01,-7.577338814735412598e-02,6.808855384588241577e-02,-1.897059939801692963e-02,-2.550560049712657928e-02,-1.493336353451013565e-02,8.983733132481575012e-03,1.855078935623168945e-01,1.810757219791412354e-01,1.323325395584106445e+00,-6.060750037431716919e-02,4.535888507962226868e-02,-4.944607615470886230e-02,-1.049915794283151627e-02,-1.352747827768325806e-01,-1.045981347560882568e-01,1.275481700897216797e+00,1.379821170121431351e-02,5.205140635371208191e-02,-7.692220062017440796e-02
-3.560025393962860107e-01,9.919532388448715210e-02,8.712218403816223145e-01,2.725669182837009430e-02,-2.207775041460990906e-02,-3.730895405169576406e-04,-9.993845820426940918e-01,3.726177848875522614e-03,-9.539267420768737793e-02,6.412189453840255737e-02,8.638262748718261719e-02,-3.064099885523319244e-02,4.839417710900306702e-02,-2.898369217291474342e-03,-2.836413383483886719e-01,-3.427479788661003113e-02,4.403013586997985840e-01,-1.162192448973655701e-01,6.631024181842803955e-02,-1.389177888631820679e-02,-2.300189808011054993e-02,-1.960086077451705933e-02,3.077156096696853638e-02,1.879627406597137451e-01,1.887301355600357056e-01,1.331069111824035645e+00,-5.440679192543029785e-02,6.137996166944503784e-02,-4.192493483424186707e-02,-6.393489427864551544e-03,-1.300541311502456665e-01,-1.039217710494995117e-01,1.274401783943176270e+00,1.395856589078903198e-02,5.099728330969810486e-02,-7.599042356014251709e-02
-3.632981777191162109e-01,9.919510781764984131e-02,8.713276386260986328e-01,2.783434651792049408e-02,-2.072098292410373688e-02,1.171956071630120277e-03,-9.993970990180969238e-01,5.024829413741827011e-03,-9.571938961744308472e-02,6.569883972406387329e-02,7.482583820819854736e-02,-1.979248039424419403e-02,4.869978502392768860e-02,1.363987103104591370e-04,-2.601593732833862305e-01,-2.288150601089000702e-02,4.889408648014068604e-01,-1.337312161922454834e-01,6.352041661739349365e-02,-1.151082292199134827e-02,-1.674668677151203156e-02,-2.383642084896564484e-02,4.308902844786643982e-02,1.851323246955871582e-01,1.995493918657302856e-01,1.343642473220825195e+00,-5.342744663357734680e-02,7.568860799074172974e-02,-3.920480236411094666e-02,-2.712227171286940575e-03,-1.275161504745483398e-01,-1.004004105925559998e-01,1.276734590530395508e+00,1.429236121475696564e-02,4.993291571736335754e-02,-7.642758637666702271e-02
-3.706757426261901855e-01,9.900942444801330566e-02,8.712846040725708008e-01,2.751594036817550659e-02,-1.957953162491321564e-02,3.291756846010684967e-03,-9.994241595268249512e-01,4.822264891117811203e-03,-9.666506946086883545e-02,6.774359941482543945e-02,6.359798461198806763e-02,-7.856071926653385162e-03,4.732315242290496826e-02,9.628582047298550606e-04,-2.310173213481903076e-01,-1.561632379889488220e-02,5.206730961799621582e-01,-1.531859189271926880e-01,6.721667945384979248e-02,-1.090863905847072601e-02,-7.859101518988609314e-03,-2.888421714305877686e-02,5.326099321246147156e-02,1.804319620132446289e-01,2.125386744737625122e-01,1.358602285385131836e+00,-5.265629291534423828e-02,9.290599822998046875e-02,-3.851938992738723755e-02,1.366586773656308651e-03,-1.269596368074417114e-01,-9.376422315835952759e-02,1.280505657196044922e+00,1.434678491204977036e-02,4.799624532461166382e-02,-7.400062680244445801e-02
-3.808895051479339600e-01,9.829058498144149780e-02,8.710573315620422363e-01,2.715795859694480896e-02,-1.850715279579162598e-02,5.701605230569839478e-03,-9.994435310363769531e-01,6.058172322809696198e-03,-1.021719500422477722e-01,7.594046741724014282e-02,5.266011506319046021e-02,1.165315322577953339e-02,4.384863376617431641e-02,2.373902825638651848e-03,-1.860001087188720703e-01,-1.315971091389656067e-02,5.357231497764587402e-01,-1.735133528709411621e-01,6.981670111417770386e-02,-9.029346518218517303e-03,1.779340789653360844e-03,-3.555748984217643738e-02,6.554394960403442383e-02,1.742956042289733887e-01,2.312663197517395020e-01,1.376912355422973633e+00,-5.346886441111564636e-02,1.137332692742347717e-01,-3.992529213428497314e-02,6.303283385932445526e-03,-1.287982761859893799e-01,-8.334632962942123413e-02,1.285413861274719238e+00,1.529483217746019363e-02,4.385227337479591370e-02,-7.051655650138854980e-02
-3.893615603446960449e-01,9.718316793441772461e-02,8.707875609397888184e-01,2.711245417594909668e-02,-1.866687461733818054e-02,6.386349443346261978e-03,-9.994376897811889648e-01,7.996704429388046265e-03,-1.129902824759483337e-01,8.336563408374786377e-02,5.080869793891906738e-02,2.370418049395084381e-02,4.310435801744461060e-02,4.722342826426029205e-03,-1.507850736379623413e-01,-1.677316054701805115e-02,5.272431969642639160e-01,-1.807205528020858765e-01,7.498320937156677246e-02,-6.984497420489788055e-03,6.139794364571571350e-03,-4.069369286298751831e-02,7.422050088644027710e-02,1.723031848669052124e-01,2.414285242557525635e-01,1.386692643165588379e+00,-5.566299706697463989e-02,1.241192296147346497e-01,-4.204319790005683899e-02,9.051579982042312622e-03,-1.297334730625152588e-01,-7.792967557907104492e-02,1.288616061210632324e+00,1.519280578941106796e-02,4.019526764750480652e-02,-6.879091262817382812e-02
-3.985322713851928711e-01,9.560843557119369507e-02,8.702508807182312012e-01,2.670936845242977142e-02,-1.916006766259670258e-02,6.466654594987630844e-03,-9.994387030601501465e-01,1.029045600444078445e-02,-1.246519684791564941e-01,8.864478021860122681e-02,4.809201881289482117e-02,3.914746642112731934e-02,3.915077820420265198e-02,6.970152724534273148e-03,-1.157899871468544006e-01,-2.396530285477638245e-02,5.053083896636962891e-01,-1.793318688869476318e-01,7.944768667221069336e-02,-5.722428672015666962e-03,9.600291959941387177e-03,-4.460944980382919312e-02,8.046394586563110352e-02,1.729744076728820801e-01,2.449409365653991699e-01,1.393438696861267090e+00,-5.393210798501968384e-02,1.283811926841735840e-01,-4.268569871783256531e-02,1.028312742710113525e-02,-1.299964040517807007e-01,-7.481089979410171509e-02,1.291853189468383789e+00,1.422799099236726761e-02,3.606067597866058350e-02,-6.781446188688278198e-02
-4.121218919754028320e-01,9.270037710666656494e-02,8.692125678062438965e-01,2.548957057297229767e-02,-2.017551660537719727e-02,5.545151419937610626e-03,-9.994561076164245605e-01,1.267046947032213211e-02,-1.459984332323074341e-01,9.252198785543441772e-02,4.957578331232070923e-02,5.905443057417869568e-02,3.255939856171607971e-02,1.009585522115230560e-02,-7.038403302431106567e-02,-3.751585260033607483e-02,4.549012482166290283e-01,-1.621225774288177490e-01,8.567830920219421387e-02,-5.411109887063503265e-03,1.268234103918075562e-02,-4.745970666408538818e-02,8.303725719451904297e-02,1.760391294956207275e-01,2.406144142150878906e-01,1.399896860122680664e+00,-5.521605163812637329e-02,1.275787204504013062e-01,-4.237827286124229431e-02,9.299163706600666046e-03,-1.305980682373046875e-01,-6.938101351261138916e-02,1.296030879020690918e+00,1.646781153976917267e-02,2.961070835590362549e-02,-6.704661250114440918e-02
-4.237661957740783691e-01,8.961368352174758911e-02,8.680191040039062500e-01,2.409588173031806946e-02,-2.059637941420078278e-02,4.516677930951118469e-03,-9.994872808456420898e-01,1.462525315582752228e-02,-1.623828411102294922e-01,9.402410686016082764e-02,4.960723593831062317e-02,7.419776171445846558e-02,2.649807184934616089e-02,1.417520828545093536e-02,-3.723924607038497925e-02,-4.711025208234786987e-02,4.059984385967254639e-01,-1.680362969636917114e-01,8.610035479068756104e-02,-5.901045165956020355e-03,1.424800045788288116e-02,-4.667685925960540771e-02,7.979740947484970093e-02,1.784845888614654541e-01,2.354905009269714355e-01,1.402831315994262695e+00,-5.622868984937667847e-02,1.282099932432174683e-01,-3.838754817843437195e-02,6.066923029720783234e-03,-1.310618817806243896e-01,-6.432989239692687988e-02,1.298637747764587402e+00,1.941230148077011108e-02,2.538095600903034210e-02,-6.635775417089462280e-02
-4.374195337295532227e-01,8.530122041702270508e-02,8.662894964218139648e-01,2.284313552081584930e-02,-2.288386784493923187e-02,4.042979795485734940e-03,-9.994689226150512695e-01,1.881372742354869843e-02,-1.843567490577697754e-01,9.847310185432434082e-02,4.833862185478210449e-02,9.194222092628479004e-02,2.041115239262580872e-02,2.165804430842399597e-02,-1.164167001843452454e-02,-4.819533973932266235e-02,3.450878858566284180e-01,-2.127576023340225220e-01,5.495950207114219666e-02,-5.789428018033504486e-03,1.638884283602237701e-02,-4.826205596327781677e-02,7.327437400817871094e-02,1.811169832944869995e-01,2.305560111999511719e-01,1.402900815010070801e+00,-5.780604109168052673e-02,1.281329393386840820e-01,-3.385025262832641602e-02,1.410642988048493862e-03,-1.312265992164611816e-01,-5.751862749457359314e-02,1.300683975219726562e+00,2.352276071906089783e-02,2.199517749249935150e-02,-6.676963716745376587e-02
-4.569096863269805908e-01,7.919099926948547363e-02,8.632003068923950195e-01,2.173005975782871246e-02,-2.543033845722675323e-02,3.946256358176469803e-03,-9.994326233863830566e-01,2.692478336393833160e-02,-2.109217792749404907e-01,1.094782501459121704e-01,4.069625958800315857e-02,1.177138611674308777e-01,9.327121078968048096e-03,3.287919610738754272e-02,1.296506077051162720e-02,-5.629948154091835022e-02,2.603329420089721680e-01,-2.378139793872833252e-01,3.217976167798042297e-02,-2.671889727935194969e-03,1.855054125189781189e-02,-4.681998863816261292e-02,5.810953304171562195e-02,1.833579540252685547e-01,2.250397205352783203e-01,1.399964690208435059e+00,-6.275029480457305908e-02,1.253591924905776978e-01,-3.211299329996109009e-02,-8.535966277122497559e-03,-1.303538084030151367e-01,-4.528709128499031067e-02,1.304943561553955078e+00,3.001656569540500641e-02,1.478141732513904572e-02,-6.943458318710327148e-02
-4.726699888706207275e-01,7.458321005105972290e-02,8.607794642448425293e-01,2.120799198746681213e-02,-2.739146724343299866e-02,4.950979724526405334e-03,-9.993875026702880859e-01,3.430529683828353882e-02,-2.286478579044342041e-01,1.202097162604331970e-01,2.956456691026687622e-02,1.317255347967147827e-01,-1.101606059819459915e-03,4.040449485182762146e-02,1.973647996783256531e-02,-5.894349142909049988e-02,2.101581990718841553e-01,-2.318264693021774292e-01,2.356073260307312012e-02,1.970141893252730370e-03,2.055081352591514587e-02,-4.344228655099868774e-02,4.188370704650878906e-02,1.830027997493743896e-01,2.230004966259002686e-01,1.395717620849609375e+00,-6.671868264675140381e-02,1.204438060522079468e-01,-3.786483407020568848e-02,-1.986752264201641083e-02,-1.292818337678909302e-01,-3.236392140388488770e-02,1.310283541679382324e+00,3.518489003181457520e-02,8.118897676467895508e-03,-7.116921246051788330e-02
-4.890545904636383057e-01,6.971651315689086914e-02,8.585668802261352539e-01,2.250458858907222748e-02,-2.955296263098716736e-02,6.139799952507019043e-03,-9.992910027503967285e-01,4.703520610928535461e-02,-2.450968474149703979e-01,1.322217136621475220e-01,1.460725255310535431e-02,1.456196308135986328e-01,-1.223586685955524445e-02,5.202738940715789795e-02,2.239164896309375763e-02,-5.473946779966354370e-02,1.640044450759887695e-01,-2.185104191303253174e-01,1.641893759369850159e-02,1.248419377952814102e-02,1.980399899184703827e-02,-3.994066640734672546e-02,2.524454705417156219e-02,1.799598932266235352e-01,2.246493250131607056e-01,1.388123869895935059e+00,-7.266705483198165894e-02,1.132194101810455322e-01,-4.986336082220077515e-02,-3.166680410504341125e-02,-1.286093592643737793e-01,-1.618192903697490692e-02,1.316920995712280273e+00,3.930832073092460632e-02,1.336887944489717484e-03,-7.165194302797317505e-02
-5.120161771774291992e-01,6.231653317809104919e-02,8.562337756156921387e-01,2.672930061817169189e-02,-3.313563764095306396e-02,6.225387565791606903e-03,-9.990739822387695312e-01,7.212522625923156738e-02,-2.696998715400695801e-01,1.496176570653915405e-01,-2.965025138109922409e-03,1.498118489980697632e-01,-2.908907085657119751e-02,7.490020245313644409e-02,1.702883653342723846e-02,-4.064972698688507080e-02,1.123936027288436890e-01,-1.976737231016159058e-01,-4.120935773244127631e-05,3.285810351371765137e-02,1.334087178111076355e-02,-3.483972325921058655e-02,4.228661768138408661e-03,1.765638589859008789e-01,2.301167845726013184e-01,1.369083523750305176e+00,-7.247220724821090698e-02,9.256153553724288940e-02,-5.658387765288352966e-02,-4.714755713939666748e-02,-1.286041140556335449e-01,3.713653190061450005e-03,1.323696613311767578e+00,4.542970284819602966e-02,-7.417852059006690979e-03,-7.097450643777847290e-02
-5.295684933662414551e-01,5.681795626878738403e-02,8.554502129554748535e-01,3.125081583857536316e-02,-3.651052713394165039e-02,4.707584157586097717e-03,-9.988334178924560547e-01,9.572183340787887573e-02,-2.931617200374603271e-01,1.660759150981903076e-01,-7.107787299901247025e-03,1.388360261917114258e-01,-4.504618793725967407e-02,9.525531530380249023e-02,7.939082570374011993e-03,-2.773527428507804871e-02,7.837528735399246216e-02,-1.762340366840362549e-01,-1.044080872088670731e-02,5.165931954979896545e-02,4.904504399746656418e-03,-3.163417056202888489e-02,-8.840437047183513641e-03,1.744175404310226440e-01,2.374832183122634888e-01,1.346703052520751953e+00,-6.851477175951004028e-02,6.740386039018630981e-02,-5.720153823494911194e-02,-5.617392435669898987e-02,-1.296288669109344482e-01,1.198466774076223373e-02,1.325864791870117188e+00,4.827214404940605164e-02,-1.096688676625490189e-02,-7.167456299066543579e-02
-5.463660359382629395e-01,5.216150730848312378e-02,8.557723760604858398e-01,3.511027991771697998e-02,-3.839704766869544983e-02,1.475038006901741028e-03,-9.986444711685180664e-01,1.154927238821983337e-01,-3.166713416576385498e-01,1.798679828643798828e-01,-4.743857425637543201e-04,1.127392947673797607e-01,-5.224330723285675049e-02,1.123778596520423889e-01,1.551620080135762691e-03,-1.799353584647178650e-02,4.500379040837287903e-02,-1.494056880474090576e-01,-1.401851512491703033e-02,6.976966559886932373e-02,-5.524617619812488556e-03,-2.633762359619140625e-02,-1.960065029561519623e-02,1.688148379325866699e-01,2.477474808692932129e-01,1.321675658226013184e+00,-5.876997485756874084e-02,4.226969555020332336e-02,-5.944624170660972595e-02,-6.178140267729759216e-02,-1.330295950174331665e-01,1.454768143594264984e-02,1.326424717903137207e+00,5.023763328790664673e-02,-1.068183872848749161e-02,-7.409474253654479980e-02
-5.660775899887084961e-01,4.735705256462097168e-02,8.572818040847778320e-01,3.646761178970336914e-02,-3.871151804924011230e-02,-5.384224932640790939e-03,-9.985702633857727051e-01,1.265403181314468384e-01,-3.428437113761901855e-01,1.922953128814697266e-01,1.661294326186180115e-02,6.069952249526977539e-02,-5.474309250712394714e-02,1.241932064294815063e-01,2.582720480859279633e-04,-2.011022157967090607e-02,-8.839116198942065239e-04,-1.088594272732734680e-01,-1.506177149713039398e-02,8.388211578130722046e-02,-1.921197026968002319e-02,-2.063681185245513916e-02,-2.657630294561386108e-02,1.565801650285720825e-01,2.611808180809020996e-01,1.291221737861633301e+00,-4.650171846151351929e-02,1.815325580537319183e-02,-6.624739617109298706e-02,-6.026323512196540833e-02,-1.376635134220123291e-01,1.165875792503356934e-02,1.327370882034301758e+00,5.019678175449371338e-02,-9.127310477197170258e-03,-7.850704342126846313e-02
-5.788042545318603516e-01,4.396453872323036194e-02,8.586639165878295898e-01,3.444711863994598389e-02,-3.809466212987899780e-02,-1.097753178328275681e-02,-9.986199140548706055e-01,1.257745772600173950e-01,-3.600484728813171387e-01,2.076831310987472534e-01,3.993077948689460754e-02,3.103150986135005951e-02,-7.569052278995513916e-02,1.252442896366119385e-01,-6.148048210889101028e-03,-2.774547412991523743e-02,-1.738627441227436066e-02,-8.711105585098266602e-02,-1.368392352014780045e-02,8.409767597913742065e-02,-2.444724179804325104e-02,-1.857397705316543579e-02,-2.519607916474342346e-02,1.510242670774459839e-01,2.658023238182067871e-01,1.268837571144104004e+00,-3.434684872627258301e-02,1.058770110830664635e-03,-6.533944606781005859e-02,-5.304513126611709595e-02,-1.381429135799407959e-01,5.890376400202512741e-03,1.329616427421569824e+00,4.863391071557998657e-02,-1.133712567389011383e-02,-8.019677549600601196e-02
-5.898928046226501465e-01,4.069492965936660767e-02,8.600137829780578613e-01,3.079268708825111389e-02,-3.718741238117218018e-02,-1.496726274490356445e-02,-9.987215995788574219e-01,1.229190155863761902e-01,-3.738510310649871826e-01,2.348390519618988037e-01,7.454580813646316528e-02,2.174737863242626190e-02,-1.030562818050384521e-01,1.214668378233909607e-01,-1.879837922751903534e-02,-3.500563278794288635e-02,-1.739999838173389435e-02,-7.227847725152969360e-02,-1.097409985959529877e-02,7.868317514657974243e-02,-2.445562370121479034e-02,-1.704308763146400452e-02,-2.056484296917915344e-02,1.498381495475769043e-01,2.656362354755401611e-01,1.246999382972717285e+00,-2.575607411563396454e-02,-1.941468939185142517e-02,-5.732766911387443542e-02,-4.345377907156944275e-02,-1.370384246110916138e-01,-9.933643741533160210e-04,1.332792878150939941e+00,4.634211584925651550e-02,-1.573251187801361084e-02,-7.705900818109512329e-02
-6.032301783561706543e-01,3.699388727545738220e-02,8.614966869354248047e-01,2.490994706749916077e-02,-3.533166646957397461e-02,-1.761594042181968689e-02,-9.989098310470581055e-01,1.196704283356666565e-01,-3.800021409988403320e-01,2.342799603939056396e-01,1.312957853078842163e-01,1.062427740544080734e-02,-7.811910659074783325e-02,1.130978167057037354e-01,-3.317631781101226807e-02,-4.077789559960365295e-02,-1.740000024437904358e-02,-5.215290561318397522e-02,-1.516463700681924820e-02,6.771641224622726440e-02,-1.983610913157463074e-02,-1.559749525040388107e-02,-1.139901764690876007e-02,1.519158929586410522e-01,2.625475525856018066e-01,1.222493052482604980e+00,-2.086647599935531616e-02,-4.141055792570114136e-02,-4.512915760278701782e-02,-2.924114279448986053e-02,-1.356639415025711060e-01,-7.755682803690433502e-03,1.337791204452514648e+00,4.584482312202453613e-02,-2.117418870329856873e-02,-7.247849553823471069e-02
-6.126039624214172363e-01,3.558295220136642456e-02,8.624183535575866699e-01,2.015669085085391998e-02,-3.327739611268043518e-02,-1.919620111584663391e-02,-9.990584850311279297e-01,1.129326000809669495e-01,-3.784795403480529785e-01,2.110317945480346680e-01,1.879652440547943115e-01,-1.904969662427902222e-02,-5.988943576812744141e-02,1.043579652905464172e-01,-4.222230613231658936e-02,-4.646889865398406982e-02,-1.740000024437904358e-02,-3.782491013407707214e-02,-2.165351435542106628e-02,5.781268700957298279e-02,-1.607703790068626404e-02,-1.432477124035358429e-02,-5.375823471695184708e-03,1.524182111024856567e-01,2.588704824447631836e-01,1.212868452072143555e+00,-1.958530955016613007e-02,-4.673520475625991821e-02,-4.104291275143623352e-02,-1.834793388843536377e-02,-1.360690593719482422e-01,-9.709607809782028198e-03,1.341581106185913086e+00,4.416843131184577942e-02,-2.535628341138362885e-02,-6.680721044540405273e-02
-6.212515234947204590e-01,3.516832739114761353e-02,8.632704019546508789e-01,1.604002527892589569e-02,-3.040897287428379059e-02,-1.991091109812259674e-02,-9.992104768753051758e-01,1.050815209746360779e-01,-3.716549277305603027e-01,1.856634467840194702e-01,2.542113065719604492e-01,-5.904889851808547974e-02,-4.486268758773803711e-02,9.538191556930541992e-02,-4.844811186194419861e-02,-5.313801020383834839e-02,-1.740000024437904358e-02,-2.488494664430618286e-02,-2.652824111282825470e-02,4.902783781290054321e-02,-1.230839546769857407e-02,-1.245089620351791382e-02,-8.995069656521081924e-04,1.500324606895446777e-01,2.559409141540527344e-01,1.213811755180358887e+00,-1.621909625828266144e-02,-4.549511522054672241e-02,-4.418515041470527649e-02,-7.649324834346771240e-03,-1.368108242750167847e-01,-1.150658912956714630e-02,1.345774173736572266e+00,4.144935682415962219e-02,-3.000792115926742554e-02,-6.232881546020507812e-02
-6.311930418014526367e-01,3.629919514060020447e-02,8.642668724060058594e-01,1.118109375238418579e-02,-2.604146674275398254e-02,-1.902057603001594543e-02,-9.994173645973205566e-01,9.171520918607711792e-02,-3.521391451358795166e-01,1.492083370685577393e-01,3.443939089775085449e-01,-1.114124655723571777e-01,-2.975607290863990784e-02,8.242323249578475952e-02,-5.374391749501228333e-02,-6.045956164598464966e-02,-1.740000024437904358e-02,-8.679755963385105133e-03,-2.965523302555084229e-02,3.801294416189193726e-02,-7.737351115792989731e-03,-1.154398731887340546e-02,7.143984083086252213e-03,1.435757130384445190e-01,2.556163370609283447e-01,1.229518294334411621e+00,-1.414659339934587479e-02,-2.809070423245429993e-02,-4.772471264004707336e-02,6.024798378348350525e-03,-1.380842775106430054e-01,-1.386624388396739960e-02,1.352018833160400391e+00,3.825666010379791260e-02,-3.694424405694007874e-02,-5.769830569624900818e-02
-6.379543542861938477e-01,3.774931281805038452e-02,8.648373484611511230e-01,8.022089488804340363e-03,-2.282282710075378418e-02,-1.821173727512359619e-02,-9.995414614677429199e-01,8.022070676088333130e-02,-3.292010724544525146e-01,1.239784434437751770e-01,4.045289158821105957e-01,-1.490410268306732178e-01,-3.013605996966362000e-02,7.297860831022262573e-02,-5.672972649335861206e-02,-6.465887278318405151e-02,-1.740000024437904358e-02,7.283921586349606514e-04,-3.127775713801383972e-02,3.049826622009277344e-02,-7.971062324941158295e-03,-1.300536282360553741e-02,1.571149006485939026e-02,1.391254216432571411e-01,2.542906105518341064e-01,1.247318148612976074e+00,-1.752602495253086090e-02,-6.498415488749742508e-03,-3.946485742926597595e-02,1.482452172785997391e-02,-1.395891457796096802e-01,-1.544407662004232407e-02,1.356502056121826172e+00,3.641195967793464661e-02,-4.155324026942253113e-02,-5.303410440683364868e-02
-6.443489789962768555e-01,3.955989331007003784e-02,8.650864958763122559e-01,5.748505704104900360e-03,-2.017257735133171082e-02,-1.681604608893394470e-02,-9.996385574340820312e-01,7.069037854671478271e-02,-3.003640472888946533e-01,1.069555208086967468e-01,4.548993110656738281e-01,-1.802500039339065552e-01,-2.922936715185642242e-02,6.513143330812454224e-02,-6.033551692962646484e-02,-6.630568206310272217e-02,-1.740000024437904358e-02,1.087270025163888931e-02,-3.252211213111877441e-02,2.385612949728965759e-02,-9.680131450295448303e-03,-1.633687317371368408e-02,2.512266300618648529e-02,1.366358101367950439e-01,2.502657771110534668e-01,1.267479300498962402e+00,-1.727992855012416840e-02,1.169493794441223145e-02,-3.644762560725212097e-02,2.209983579814434052e-02,-1.412671059370040894e-01,-1.878402754664421082e-02,1.358951807022094727e+00,3.312142565846443176e-02,-4.285291582345962524e-02,-4.979113861918449402e-02
-6.530345678329467773e-01,4.252972826361656189e-02,8.650186061859130859e-01,3.905825782567262650e-03,-1.659207977354526520e-02,-1.310794986784458160e-02,-9.997687935829162598e-01,6.137626990675926208e-02,-2.502773404121398926e-01,9.605316072702407837e-02,5.006378889083862305e-01,-2.191185206174850464e-01,-2.896998636424541473e-02,5.675156041979789734e-02,-6.533998250961303711e-02,-6.362951546907424927e-02,-1.740000024437904358e-02,2.286986447870731354e-02,-3.208527714014053345e-02,1.722190901637077332e-02,-1.217594556510448456e-02,-2.068272046744823456e-02,3.921639919281005859e-02,1.341063380241394043e-01,2.466102838516235352e-01,1.295680999755859375e+00,-1.961140707135200500e-02,4.106657207012176514e-02,-3.709530830383300781e-02,2.931032516062259674e-02,-1.440041065216064453e-01,-2.838028781116008759e-02,1.358493566513061523e+00,3.350178897380828857e-02,-4.803819954395294189e-02,-4.755666106939315796e-02
-6.600317358970642090e-01,4.536781832575798035e-02,8.645682334899902344e-01,4.101995844393968582e-03,-1.482998859137296677e-02,-9.829831309616565704e-03,-9.998332858085632324e-01,5.673210695385932922e-02,-2.092218399047851562e-01,9.034255892038345337e-02,5.180720090866088867e-01,-2.385569810867309570e-01,-3.509494289755821228e-02,5.352216586470603943e-02,-7.132682949304580688e-02,-6.151195988059043884e-02,-1.740000024437904358e-02,2.950739301741123199e-02,-3.000050969421863556e-02,1.646410673856735229e-02,-1.658235490322113037e-02,-2.541019208729267120e-02,4.935172200202941895e-02,1.307875216007232666e-01,2.477293312549591064e-01,1.316586017608642578e+00,-2.293132431805133820e-02,5.904101207852363586e-02,-3.722723573446273804e-02,3.305363282561302185e-02,-1.477864682674407959e-01,-3.852698206901550293e-02,1.355408072471618652e+00,3.433729708194732666e-02,-4.786949977278709412e-02,-4.963543266057968140e-02
-6.676823496818542480e-01,4.867330938577651978e-02,8.639413714408874512e-01,4.910726565867662430e-03,-1.387073844671249390e-02,-6.837586872279644012e-03,-9.998683333396911621e-01,5.110204219818115234e-02,-1.656478941440582275e-01,8.285943418741226196e-02,5.164052844047546387e-01,-2.540541291236877441e-01,-5.550757795572280884e-02,5.121291428804397583e-02,-7.947336882352828979e-02,-5.968303978443145752e-02,-1.740000024437904358e-02,3.411550819873809814e-02,-2.619270049035549164e-02,1.782449707388877869e-02,-2.265908196568489075e-02,-3.095011040568351746e-02,5.832131579518318176e-02,1.254996061325073242e-01,2.521716356277465820e-01,1.335698008537292480e+00,-2.343556843698024750e-02,7.819625735282897949e-02,-3.735777735710144043e-02,3.558684885501861572e-02,-1.532876044511795044e-01,-4.906830191612243652e-02,1.351376771926879883e+00,3.853014484047889709e-02,-4.483184590935707092e-02,-5.262422561645507812e-02
-6.789702177047729492e-01,5.328380316495895386e-02,8.626713156700134277e-01,6.875003222376108170e-03,-1.284342352300882339e-02,-3.179093590006232262e-03,-9.998888373374938965e-01,4.417101666331291199e-02,-1.043199598789215088e-01,7.535325735807418823e-02,4.830836653709411621e-01,-2.607064545154571533e-01,-8.548208326101303101e-02,4.973935708403587341e-02,-9.218057990074157715e-02,-5.776346847414970398e-02,-1.740000024437904358e-02,4.458727315068244934e-02,-1.894835755228996277e-02,2.069285325706005096e-02,-3.007602132856845856e-02,-3.623029217123985291e-02,6.672360002994537354e-02,1.197038218379020691e-01,2.573896944522857666e-01,1.354803323745727539e+00,-2.554980851709842682e-02,9.731401503086090088e-02,-4.046948999166488647e-02,3.611079975962638855e-02,-1.610923856496810913e-01,-6.305217742919921875e-02,1.345584392547607422e+00,3.994018211960792542e-02,-3.904839232563972473e-02,-5.626071989536285400e-02
-6.884084939956665039e-01,5.698307231068611145e-02,8.613610267639160156e-01,9.020647034049034119e-03,-1.269643101841211319e-02,-1.904741046018898487e-03,-9.998769164085388184e-01,3.927345946431159973e-02,-6.197516620159149170e-02,6.881976127624511719e-02,4.397335946559906006e-01,-2.536106407642364502e-01,-9.165585786104202271e-02,4.984434694051742554e-02,-1.043150871992111206e-01,-5.889416113495826721e-02,-1.740000024437904358e-02,5.248071253299713135e-02,-1.383089646697044373e-02,2.387482486665248871e-02,-3.730566799640655518e-02,-3.943226858973503113e-02,7.132431864738464355e-02,1.178867965936660767e-01,2.578928470611572266e-01,1.362015128135681152e+00,-3.106369823217391968e-02,1.024641022086143494e-01,-4.445090144872665405e-02,3.395350649952888489e-02,-1.661356240510940552e-01,-7.106804102659225464e-02,1.343200802803039551e+00,3.983986377716064453e-02,-3.945074602961540222e-02,-5.984127148985862732e-02
-6.998221278190612793e-01,6.157338246703147888e-02,8.599259257316589355e-01,1.066209003329277039e-02,-1.358218304812908173e-02,-2.854611491784453392e-03,-9.998468160629272461e-01,2.950682304799556732e-02,-2.180628478527069092e-02,5.019405111670494080e-02,3.771072030067443848e-01,-2.857586741447448730e-01,-3.559774532914161682e-02,4.686326906085014343e-02,-1.208112984895706177e-01,-6.427335739135742188e-02,-1.740000024437904358e-02,6.461281329393386841e-02,-8.460014127194881439e-03,2.495717070996761322e-02,-4.515614733099937439e-02,-4.235449433326721191e-02,7.132520526647567749e-02,1.185671985149383545e-01,2.528760731220245361e-01,1.364122152328491211e+00,-3.223131597042083740e-02,1.057070940732955933e-01,-3.945393487811088562e-02,2.965073660016059875e-02,-1.698843985795974731e-01,-7.757928222417831421e-02,1.342816114425659180e+00,3.832382336258888245e-02,-4.012794420123100281e-02,-6.132696941494941711e-02
-7.176002264022827148e-01,6.786276400089263916e-02,8.576174974441528320e-01,1.127487886697053909e-02,-1.643979363143444061e-02,-4.731761291623115540e-03,-9.997900724411010742e-01,1.893602870404720306e-02,1.310152746737003326e-02,4.874511808156967163e-02,2.750277519226074219e-01,-2.978370189666748047e-01,-1.241417694836854935e-02,3.843336552381515503e-02,-1.490507870912551880e-01,-7.555203139781951904e-02,-1.740000024437904358e-02,7.891512662172317505e-02,7.159426459111273289e-04,2.024923078715801239e-02,-5.007513985037803650e-02,-4.321247711777687073e-02,6.546248495578765869e-02,1.229660138487815857e-01,2.471636682748794556e-01,1.357161879539489746e+00,-2.782737649977207184e-02,9.907168895006179810e-02,-3.641835972666740417e-02,1.991682313382625580e-02,-1.720320135354995728e-01,-8.582459390163421631e-02,1.343331694602966309e+00,3.993951156735420227e-02,-4.263775423169136047e-02,-6.405127048492431641e-02
-7.319589257240295410e-01,7.291084527969360352e-02,8.566013574600219727e-01,8.621681481599807739e-03,-1.928638666868209839e-02,-6.710748188197612762e-03,-9.997543096542358398e-01,3.955879714339971542e-03,1.984627731144428253e-02,4.746353253722190857e-02,2.208065092563629150e-01,-2.766399681568145752e-01,3.529049223288893700e-03,2.323524653911590576e-02,-1.728511303663253784e-01,-8.805578202009201050e-02,-1.740000024437904358e-02,8.811257779598236084e-02,7.420971989631652832e-03,6.876158528029918671e-03,-4.761460795998573303e-02,-4.109789058566093445e-02,5.699714273214340210e-02,1.288537830114364624e-01,2.455964684486389160e-01,1.347187995910644531e+00,-2.663623355329036713e-02,8.790650963783264160e-02,-4.255917668342590332e-02,1.144781988114118576e-02,-1.709581166505813599e-01,-9.116672724485397339e-02,1.343694210052490234e+00,4.194984212517738342e-02,-4.204334318637847900e-02,-6.673704087734222412e-02
-7.468205690383911133e-01,7.851776480674743652e-02,8.564708828926086426e-01,4.850310739129781723e-03,-2.194004133343696594e-02,-8.923447690904140472e-03,-9.997076988220214844e-01,-1.421602442860603333e-02,1.312042120844125748e-02,3.844179585576057434e-02,1.873650401830673218e-01,-2.498152554035186768e-01,2.329991385340690613e-02,3.176256548613309860e-03,-1.962564587593078613e-01,-1.015667393803596497e-01,-1.740000024437904358e-02,9.798170626163482666e-02,1.788149215281009674e-02,-9.375410154461860657e-03,-4.196194186806678772e-02,-3.681234642863273621e-02,4.525315016508102417e-02,1.344624310731887817e-01,2.436845302581787109e-01,1.337199807167053223e+00,-3.015793301165103912e-02,7.560545951128005981e-02,-4.878903180360794067e-02,3.039055503904819489e-03,-1.690628826618194580e-01,-9.425827860832214355e-02,1.343826293945312500e+00,4.529593512415885925e-02,-4.242766276001930237e-02,-6.968958675861358643e-02
-7.675949931144714355e-01,8.557911217212677002e-02,8.573305606842041016e-01,4.026263559353537858e-05,-2.738560922443866730e-02,-9.558339603245258331e-03,-9.995792508125305176e-01,-3.671495243906974792e-02,-1.330485381186008453e-02,1.618440821766853333e-02,1.684823930263519287e-01,-2.261545658111572266e-01,2.878129109740257263e-02,-2.255540899932384491e-02,-2.313237488269805908e-01,-1.179345473647117615e-01,-1.740000024437904358e-02,1.021574437618255615e-01,3.407819569110870361e-02,-3.072185255587100983e-02,-2.715107426047325134e-02,-3.391129896044731140e-02,2.710238657891750336e-02,1.417585313320159912e-01,2.374354004859924316e-01,1.325755715370178223e+00,-3.591530025005340576e-02,6.550056487321853638e-02,-5.314493179321289062e-02,-5.669411737471818924e-03,-1.642621904611587524e-01,-1.026701778173446655e-01,1.341908812522888184e+00,4.692501947283744812e-02,-4.282349348068237305e-02,-7.368362694978713989e-02
-7.827554345130920410e-01,8.910825103521347046e-02,8.587306141853332520e-01,-2.637245692312717438e-03,-3.225820139050483704e-02,-7.968452759087085724e-03,-9.994443058967590332e-01,-4.870678856968879700e-02,-3.675973042845726013e-02,7.255455479025840759e-03,1.586746871471405029e-01,-2.107824236154556274e-01,2.355633117258548737e-02,-3.497134149074554443e-02,-2.572783529758453369e-01,-1.258378028869628906e-01,-1.616563089191913605e-02,8.907283842563629150e-02,3.074421547353267670e-02,-4.604886472225189209e-02,-1.296230312436819077e-02,-3.519165143370628357e-02,1.760384626686573029e-02,1.502943783998489380e-01,2.323392629623413086e-01,1.317503929138183594e+00,-4.197269305586814880e-02,5.903215706348419189e-02,-5.502536892890930176e-02,-9.491180069744586945e-03,-1.564257144927978516e-01,-1.102553680539131165e-01,1.339216709136962891e+00,4.745952785015106201e-02,-4.111725091934204102e-02,-7.573346048593521118e-02
-7.953697443008422852e-01,9.246280789375305176e-02,8.603596687316894531e-01,-3.794772084802389145e-03,-3.256313130259513855e-02,-2.795596141368150711e-03,-9.994585514068603516e-01,-5.677590146660804749e-02,-4.410681501030921936e-02,1.398628298193216324e-02,1.406252831220626831e-01,-1.875066310167312622e-01,2.489483915269374847e-02,-4.119440540671348572e-02,-2.750067710876464844e-01,-1.251230239868164062e-01,-4.813525825738906860e-03,6.003868952393531799e-02,3.214893490076065063e-02,-5.525980889797210693e-02,2.518921159207820892e-03,-3.172880411148071289e-02,1.416921801865100861e-02,1.566902548074722290e-01,2.307938039302825928e-01,1.311129927635192871e+00,-4.741581529378890991e-02,5.347451195120811462e-02,-5.584385246038436890e-02,-1.188648305833339691e-02,-1.510163992643356323e-01,-1.094877943396568298e-01,1.336601853370666504e+00,5.001318082213401794e-02,-3.855003416538238525e-02,-7.566913217306137085e-02
-8.096267580986022949e-01,9.688135236501693726e-02,8.625544905662536621e-01,-1.370537094771862030e-03,-3.172409161925315857e-02,2.930126152932643890e-03,-9.994914531707763672e-01,-5.800787359476089478e-02,-5.132021754980087280e-02,2.503817901015281677e-02,1.207988038659095764e-01,-1.540022492408752441e-01,3.005853109061717987e-02,-3.822131827473640442e-02,-2.922092080116271973e-01,-1.338510960340499878e-01,2.083353698253631592e-02,3.002427890896797180e-02,6.973724067211151123e-02,-5.403913930058479309e-02,1.060521230101585388e-02,-2.822760492563247681e-02,1.759459450840950012e-02,1.590979248285293579e-01,2.350358814001083374e-01,1.306857347488403320e+00,-5.048698186874389648e-02,4.884336888790130615e-02,-6.154032424092292786e-02,-1.163694821298122406e-02,-1.506915837526321411e-01,-1.024372279644012451e-01,1.328719258308410645e+00,4.322184249758720398e-02,-2.496344596147537231e-02,-7.076083868741989136e-02
-8.187810182571411133e-01,9.990299493074417114e-02,8.641747236251831055e-01,2.773051150143146515e-03,-3.067982941865921021e-02,5.021285265684127808e-03,-9.995127916336059570e-01,-5.285316333174705505e-02,-5.533866584300994873e-02,2.878081239759922028e-02,1.084714084863662720e-01,-1.334032714366912842e-01,3.253059461712837219e-02,-3.122765943408012390e-02,-2.992281615734100342e-01,-1.404541581869125366e-01,4.804908484220504761e-02,2.478048950433731079e-02,9.016674011945724487e-02,-4.589688032865524292e-02,8.338757790625095367e-03,-2.558213286101818085e-02,2.292391099035739899e-02,1.578709185123443604e-01,2.379892021417617798e-01,1.307986140251159668e+00,-5.123318359255790710e-02,5.036169290542602539e-02,-6.683453917503356934e-02,-9.573095478117465973e-03,-1.530397087335586548e-01,-1.017215773463249207e-01,1.319887161254882812e+00,3.361040353775024414e-02,-8.104223757982254028e-03,-6.872821599245071411e-02
-8.265386223793029785e-01,1.026185676455497742e-01,8.656876683235168457e-01,7.321687880903482437e-03,-2.862667851150035858e-02,7.280229590833187103e-03,-9.995368719100952148e-01,-4.619818180799484253e-02,-5.344128981232643127e-02,3.321545943617820740e-02,9.291749447584152222e-02,-1.159736365079879761e-01,3.435001894831657410e-02,-2.619376964867115021e-02,-3.006058633327484131e-01,-1.271352618932723999e-01,8.615051954984664917e-02,1.235865987837314606e-02,8.019125461578369141e-02,-3.555534034967422485e-02,4.234849009662866592e-03,-2.260288596153259277e-02,2.975337952375411987e-02,1.551435440778732300e-01,2.378396689891815186e-01,1.314145803451538086e+00,-5.146226659417152405e-02,5.790168046951293945e-02,-6.826949119567871094e-02,-6.625943351536989212e-03,-1.564055979251861572e-01,-1.021244227886199951e-01,1.310896515846252441e+00,2.804975770413875580e-02,5.949560552835464478e-03,-6.764488667249679565e-02
-8.356682658195495605e-01,1.049850508570671082e-01,8.672651052474975586e-01,1.399570517241954803e-02,-2.675967849791049957e-02,8.950558491051197052e-03,-9.995038509368896484e-01,-3.372640907764434814e-02,-5.443579703569412231e-02,4.176419600844383240e-02,7.921102643013000488e-02,-1.011477857828140259e-01,3.390923887491226196e-02,-1.840693689882755280e-02,-3.040053546428680420e-01,-1.035773158073425293e-01,1.577332317829132080e-01,-7.543230894953012466e-03,7.283339649438858032e-02,-1.939554698765277863e-02,-6.144118029624223709e-03,-2.281008474528789520e-02,4.318916425108909607e-02,1.538854241371154785e-01,2.316065728664398193e-01,1.323613286018371582e+00,-4.403789713978767395e-02,6.832371652126312256e-02,-5.632223188877105713e-02,-3.338431939482688904e-03,-1.596455425024032593e-01,-1.019335389137268066e-01,1.302785634994506836e+00,2.334017492830753326e-02,1.715374179184436798e-02,-6.720304489135742188e-02
-8.419281244277954102e-01,1.059327647089958191e-01,8.682092428207397461e-01,1.798649318516254425e-02,-2.607688307762145996e-02,9.783921763300895691e-03,-9.994502067565917969e-01,-2.535300515592098236e-02,-5.997453257441520691e-02,4.812479391694068909e-02,7.651564478874206543e-02,-9.133975952863693237e-02,3.381005674600601196e-02,-1.524708233773708344e-02,-3.080657720565795898e-01,-8.915037661790847778e-02,2.215385884046554565e-01,-2.442634850740432739e-02,6.994533538818359375e-02,-1.015618536621332169e-02,-1.262211799621582031e-02,-2.458966523408889771e-02,5.281515046954154968e-02,1.546630263328552246e-01,2.253930121660232544e-01,1.331494927406311035e+00,-4.291471466422080994e-02,7.397974282503128052e-02,-4.851312935352325439e-02,-2.620227634906768799e-03,-1.580690741539001465e-01,-1.049893796443939209e-01,1.301414608955383301e+00,1.849143020808696747e-02,2.002518810331821442e-02,-6.954293698072433472e-02
-8.478072881698608398e-01,1.061356589198112488e-01,8.689227104187011719e-01,2.147812210023403168e-02,-2.580323442816734314e-02,9.719328023493289948e-03,-9.993889927864074707e-01,-1.696838438510894775e-02,-6.873737275600433350e-02,5.425528809428215027e-02,7.885923236608505249e-02,-8.313567936420440674e-02,3.449809551239013672e-02,-1.303870882838964462e-02,-3.091832697391510010e-01,-7.306229323148727417e-02,2.832555472850799561e-01,-4.379093647003173828e-02,6.564386934041976929e-02,-1.964129041880369186e-03,-1.938568241894245148e-02,-2.637475542724132538e-02,6.104432046413421631e-02,1.559394598007202148e-01,2.209416031837463379e-01,1.339662909507751465e+00,-4.091758280992507935e-02,8.075195550918579102e-02,-4.375274851918220520e-02,-1.933590392582118511e-03,-1.552014797925949097e-01,-1.089056357741355896e-01,1.302183628082275391e+00,1.739154569804668427e-02,1.951762288808822632e-02,-7.250897586345672607e-02
-8.547182679176330566e-01,1.058670580387115479e-01,8.696249127388000488e-01,2.483735047280788422e-02,-2.487638592720031738e-02,8.137524127960205078e-03,-9.993488192558288574e-01,-8.273180574178695679e-03,-7.688836753368377686e-02,5.731846392154693604e-02,7.952796667814254761e-02,-7.261170446872711182e-02,3.385357931256294250e-02,-1.322884391993284225e-02,-2.998976707458496094e-01,-5.603931844234466553e-02,3.497750461101531982e-01,-6.690105050802230835e-02,5.600958317518234253e-02,6.347485352307558060e-03,-2.596527710556983948e-02,-2.755351923406124115e-02,6.780681014060974121e-02,1.567193269729614258e-01,2.178912758827209473e-01,1.353124618530273438e+00,-4.276325926184654236e-02,9.220882505178451538e-02,-4.072250053286552429e-02,7.603538688272237778e-04,-1.520731300115585327e-01,-1.118859499692916870e-01,1.305120825767517090e+00,2.157901227474212646e-02,1.603268086910247803e-02,-7.502101361751556396e-02
-8.592668175697326660e-01,1.055950298905372620e-01,8.699095249176025391e-01,2.592398971319198608e-02,-2.353447303175926208e-02,7.492503151297569275e-03,-9.993587732315063477e-01,-5.297692026942968369e-03,-7.698936760425567627e-02,5.803031846880912781e-02,7.340488582849502563e-02,-6.549414992332458496e-02,3.236483410000801086e-02,-1.635671779513359070e-02,-2.853170931339263916e-01,-4.780877754092216492e-02,3.854413330554962158e-01,-8.017234504222869873e-02,5.297671258449554443e-02,9.987534023821353912e-03,-2.599219977855682373e-02,-2.742008864879608154e-02,7.001876085996627808e-02,1.559107154607772827e-01,2.195208668708801270e-01,1.363404512405395508e+00,-4.029863327741622925e-02,9.982294589281082153e-02,-4.353652894496917725e-02,4.695940297096967697e-03,-1.521887928247451782e-01,-1.094714924693107605e-01,1.307827711105346680e+00,2.635012567043304443e-02,1.276865694671869278e-02,-7.518038898706436157e-02
-8.636100888252258301e-01,1.048391163349151611e-01,8.699472546577453613e-01,2.625082060694694519e-02,-2.259537391364574432e-02,7.497915532439947128e-03,-9.993718862533569336e-01,-3.285045502707362175e-03,-7.512894272804260254e-02,6.015907600522041321e-02,6.405560672283172607e-02,-6.428945064544677734e-02,2.738374099135398865e-02,-1.970083825290203094e-02,-2.674883902072906494e-01,-4.132178425788879395e-02,4.089343547821044922e-01,-9.329878538846969604e-02,5.418704450130462646e-02,1.253782398998737335e-02,-2.374130673706531525e-02,-2.855115756392478943e-02,7.221470028162002563e-02,1.552622169256210327e-01,2.242419123649597168e-01,1.371901750564575195e+00,-4.200091958045959473e-02,1.089946031570434570e-01,-4.332281276583671570e-02,9.910829365253448486e-03,-1.544044613838195801e-01,-1.050307154655456543e-01,1.309580206871032715e+00,2.851155586540699005e-02,1.096257288008928299e-02,-7.326216995716094971e-02
-8.694497346878051758e-01,1.027404740452766418e-01,8.697661161422729492e-01,2.553309313952922821e-02,-2.303621359169483185e-02,7.059865631163120270e-03,-9.993835687637329102e-01,-1.326309284195303917e-03,-7.752753049135208130e-02,6.403771787881851196e-02,5.476393178105354309e-02,-6.286839395761489868e-02,1.737045682966709137e-02,-2.406183071434497833e-02,-2.404235601425170898e-01,-3.843803331255912781e-02,4.192274510860443115e-01,-1.124741584062576294e-01,5.151644721627235413e-02,1.312987133860588074e-02,-2.068735286593437195e-02,-3.345787897706031799e-02,7.674296945333480835e-02,1.565108001232147217e-01,2.341571301221847534e-01,1.376197338104248047e+00,-4.161198437213897705e-02,1.122309416532516479e-01,-4.299255833029747009e-02,1.533920690417289734e-02,-1.558432579040527344e-01,-9.980237483978271484e-02,1.313102960586547852e+00,2.751049771904945374e-02,8.013972081243991852e-03,-6.930562108755111694e-02
-8.738773465156555176e-01,1.005912572145462036e-01,8.694364428520202637e-01,2.403299696743488312e-02,-2.446730248630046844e-02,5.799772683531045914e-03,-9.993948936462402344e-01,-1.390104065649211407e-03,-8.363834768533706665e-02,6.637488305568695068e-02,5.047770217061042786e-02,-6.075239926576614380e-02,1.058391574770212173e-02,-2.815059944987297058e-02,-2.173397839069366455e-01,-4.316231980919837952e-02,4.093644917011260986e-01,-1.236380264163017273e-01,5.261127278208732605e-02,1.073397509753704071e-02,-1.949262805283069611e-02,-3.873209655284881592e-02,8.134785294532775879e-02,1.604486852884292603e-01,2.403156906366348267e-01,1.374526858329772949e+00,-4.176663607358932495e-02,1.108252629637718201e-01,-4.307613894343376160e-02,1.775971613824367523e-02,-1.544141173362731934e-01,-9.917119145393371582e-02,1.316208839416503906e+00,2.518872171640396118e-02,4.659568890929222107e-03,-6.770399957895278931e-02
-8.782591819763183594e-01,9.823898226022720337e-02,8.689171075820922852e-01,2.188453637063503265e-02,-2.569032460451126099e-02,3.753971774131059647e-03,-9.994233250617980957e-01,-2.870131283998489380e-03,-8.962272852659225464e-02,6.640302389860153198e-02,4.673149436712265015e-02,-5.988472327589988708e-02,3.649255959317088127e-03,-3.284475207328796387e-02,-1.903646886348724365e-01,-5.317294597625732422e-02,3.844441771507263184e-01,-1.241065040230751038e-01,5.607517063617706299e-02,6.862064357846975327e-03,-1.933233067393302917e-02,-4.238672927021980286e-02,8.483842015266418457e-02,1.656537353992462158e-01,2.442391961812973022e-01,1.370789289474487305e+00,-4.154054448008537292e-02,1.071289852261543274e-01,-4.161381721496582031e-02,1.930499076843261719e-02,-1.523291617631912231e-01,-1.002982854843139648e-01,1.318366765975952148e+00,2.423375286161899567e-02,7.082831580191850662e-04,-6.669296324253082275e-02
-8.839130401611328125e-01,9.432007372379302979e-02,8.681053519248962402e-01,1.816262863576412201e-02,-2.715062722563743591e-02,5.437814397737383842e-04,-9.994661808013916016e-01,-5.805314052850008011e-03,-9.711063653230667114e-02,6.580900400876998901e-02,4.133008420467376709e-02,-5.587990209460258484e-02,-6.548260338604450226e-03,-3.765345364809036255e-02,-1.490109860897064209e-01,-6.736932694911956787e-02,3.293585181236267090e-01,-1.148990839719772339e-01,5.880597233772277832e-02,-3.194636083208024502e-04,-1.924339123070240021e-02,-4.646423086524009705e-02,8.662812411785125732e-02,1.727642267942428589e-01,2.447394430637359619e-01,1.366456627845764160e+00,-4.258164763450622559e-02,1.036047413945198059e-01,-3.969886898994445801e-02,2.129657007753849030e-02,-1.498456895351409912e-01,-1.024090126156806946e-01,1.318335056304931641e+00,2.504866011440753937e-02,-3.085556207224726677e-03,-6.592594087123870850e-02
-8.884980082511901855e-01,9.029335528612136841e-02,8.675920367240905762e-01,1.533963531255722046e-02,-2.802304551005363464e-02,-1.492704497650265694e-03,-9.994884729385375977e-01,-6.535711698234081268e-03,-1.028742790222167969e-01,6.826269626617431641e-02,3.725719079375267029e-02,-5.007874965667724609e-02,-1.443239487707614899e-02,-3.717534989118576050e-02,-1.124724373221397400e-01,-7.326419651508331299e-02,2.716372013092041016e-01,-1.373472064733505249e-01,5.378867685794830322e-02,-5.831807386130094528e-03,-1.888037286698818207e-02,-4.954349622130393982e-02,8.483986556529998779e-02,1.761858016252517700e-01,2.448171228170394897e-01,1.366150379180908203e+00,-4.204255715012550354e-02,1.037943288683891296e-01,-3.934770449995994568e-02,2.261956967413425446e-02,-1.491807252168655396e-01,-9.919954836368560791e-02,1.317158699035644531e+00,2.685143612325191498e-02,-3.543190658092498779e-03,-6.456784158945083618e-02
-8.934700489044189453e-01,8.549292385578155518e-02,8.669202327728271484e-01,1.271996926516294479e-02,-2.943030372262001038e-02,-3.494540462270379066e-03,-9.994797706604003906e-01,-5.732425488531589508e-03,-1.116792485117912292e-01,7.147306948900222778e-02,3.590011596679687500e-02,-4.391149431467056274e-02,-2.255638316273689270e-02,-3.473091498017311096e-02,-8.016096800565719604e-02,-8.009222894906997681e-02,2.065630555152893066e-01,-1.534257680177688599e-01,5.279896035790443420e-02,-1.087314542382955551e-02,-1.903531514108181000e-02,-5.345652252435684204e-02,8.017335832118988037e-02,1.778555959463119507e-01,2.460528463125228882e-01,1.367493987083435059e+00,-4.127855971455574036e-02,1.060464084148406982e-01,-3.920882567763328552e-02,2.284184284508228302e-02,-1.478960663080215454e-01,-9.564452618360519409e-02,1.315363168716430664e+00,2.436569891870021820e-02,-2.072610426694154739e-03,-6.262207031250000000e-02
-9.000957608222961426e-01,7.802623510360717773e-02,8.661187887191772461e-01,1.068017818033695221e-02,-3.215659037232398987e-02,-5.838415119796991348e-03,-9.994087219238281250e-01,4.586403665598481894e-04,-1.268307566642761230e-01,7.847730070352554321e-02,3.683744743466377258e-02,-3.615967184305191040e-02,-3.108242154121398926e-02,-2.636422775685787201e-02,-4.918554052710533142e-02,-8.603473752737045288e-02,1.291859000921249390e-01,-1.406214088201522827e-01,4.708795249462127686e-02,-1.431126892566680908e-02,-2.051063627004623413e-02,-5.939890816807746887e-02,7.210602611303329468e-02,1.796130239963531494e-01,2.491116374731063843e-01,1.367867350578308105e+00,-4.406871274113655090e-02,1.081525906920433044e-01,-4.011808335781097412e-02,2.085091359913349152e-02,-1.434650719165802002e-01,-9.147316962480545044e-02,1.313918709754943848e+00,2.088299766182899475e-02,-1.373711507767438889e-03,-6.143977120518684387e-02
-9.055229425430297852e-01,7.137825340032577515e-02,8.659682869911193848e-01,1.133558340370655060e-02,-3.394486755132675171e-02,-6.188557948917150497e-03,-9.993402361869812012e-01,1.233984436839818954e-02,-1.387125551700592041e-01,8.762483298778533936e-02,3.832150623202323914e-02,-2.872956730425357819e-02,-3.642057254910469055e-02,-1.346180681139230728e-02,-3.470512479543685913e-02,-8.399401605129241943e-02,8.240686357021331787e-02,-1.200251355767250061e-01,3.871197625994682312e-02,-1.174841169267892838e-02,-2.157263457775115967e-02,-6.081814691424369812e-02,6.406781077384948730e-02,1.805552393198013306e-01,2.525345385074615479e-01,1.365800976753234863e+00,-4.705049097537994385e-02,1.069974079728126526e-01,-4.228985309600830078e-02,1.640788465738296509e-02,-1.385660767555236816e-01,-8.808166533708572388e-02,1.314032077789306641e+00,1.982870697975158691e-02,-1.302423421293497086e-03,-6.252205371856689453e-02
-9.111734628677368164e-01,6.465294957160949707e-02,8.661241531372070312e-01,1.250178460031747818e-02,-3.486287593841552734e-02,-4.334014374762773514e-03,-9.993045330047607422e-01,2.563344873487949371e-02,-1.473847329616546631e-01,9.712763875722885132e-02,3.673582151532173157e-02,-1.666467264294624329e-02,-3.909054026007652283e-02,1.362538569082971662e-05,-2.653983421623706818e-02,-7.488588243722915649e-02,4.832061752676963806e-02,-1.011995226144790649e-01,3.188278153538703918e-02,-6.679497659206390381e-03,-1.992753893136978149e-02,-5.914742872118949890e-02,5.521013960242271423e-02,1.791020482778549194e-01,2.566070556640625000e-01,1.362253189086914062e+00,-5.058593675494194031e-02,1.046187058091163635e-01,-4.780726507306098938e-02,1.144307479262351990e-02,-1.347798407077789307e-01,-8.378043770790100098e-02,1.313502788543701172e+00,2.032581903040409088e-02,-1.012536115013062954e-03,-6.414970755577087402e-02
-9.185367822647094727e-01,5.588736012578010559e-02,8.660991191864013672e-01,1.192630361765623093e-02,-3.456480801105499268e-02,-1.490970724262297153e-03,-9.993301630020141602e-01,3.790293261408805847e-02,-1.572198718786239624e-01,1.045196801424026489e-01,3.671339526772499084e-02,4.665615037083625793e-03,-4.013936966657638550e-02,1.169409323483705521e-02,-2.133259736001491547e-02,-6.039618328213691711e-02,2.208663895726203918e-02,-9.109302610158920288e-02,2.354440838098526001e-02,-3.387614386156201363e-03,-1.544258091598749161e-02,-5.406049638986587524e-02,4.534484073519706726e-02,1.752880364656448364e-01,2.653728127479553223e-01,1.353297829627990723e+00,-5.425152927637100220e-02,9.679918736219406128e-02,-5.503530800342559814e-02,5.822727922350168228e-03,-1.326580643653869629e-01,-7.421022653579711914e-02,1.312240004539489746e+00,2.353991940617561340e-02,-2.271270204801112413e-04,-6.494914740324020386e-02
-9.242115020751953125e-01,4.914184659719467163e-02,8.656541705131530762e-01,1.025243941694498062e-02,-3.449614346027374268e-02,-3.007083432748913765e-05,-9.993522167205810547e-01,4.474188759922981262e-02,-1.688036322593688965e-01,1.104314401745796204e-01,4.294416680932044983e-02,2.086420543491840363e-02,-3.984054177999496460e-02,1.746515370905399323e-02,-2.319294214248657227e-02,-4.947221651673316956e-02,1.272802986204624176e-02,-8.589158952236175537e-02,1.586907915771007538e-02,-3.756022779271006584e-03,-1.198125630617141724e-02,-4.961319640278816223e-02,4.061815142631530762e-02,1.743274778127670288e-01,2.744442820549011230e-01,1.339633584022521973e+00,-5.835698544979095459e-02,7.845786958932876587e-02,-6.029938906431198120e-02,1.849516294896602631e-03,-1.329712122678756714e-01,-6.700513511896133423e-02,1.309089064598083496e+00,2.550397999584674835e-02,5.819681566208600998e-03,-6.398823112249374390e-02
-9.300433993339538574e-01,4.219032824039459229e-02,8.651294708251953125e-01,9.437968023121356964e-03,-3.452244400978088379e-02,2.069860784104093909e-04,-9.993593096733093262e-01,5.459522083401679993e-02,-1.847826242446899414e-01,1.190976649522781372e-01,5.650023743510246277e-02,3.403457999229431152e-02,-3.981608152389526367e-02,2.558253146708011627e-02,-2.832502871751785278e-02,-4.189607873558998108e-02,8.704518899321556091e-03,-8.021071553230285645e-02,5.474801640957593918e-03,-2.076961100101470947e-03,-1.208463869988918304e-02,-4.458335414528846741e-02,3.708907589316368103e-02,1.741113513708114624e-01,2.856535613536834717e-01,1.321300387382507324e+00,-5.554629489779472351e-02,5.885921046137809753e-02,-6.039749085903167725e-02,-2.974794246256351471e-03,-1.349053978919982910e-01,-5.748356506228446960e-02,1.305886030197143555e+00,2.671672403812408447e-02,1.406345888972282410e-02,-6.469881534576416016e-02
-9.373329281806945801e-01,3.328279405832290649e-02,8.646286725997924805e-01,9.147340431809425354e-03,-3.283704817295074463e-02,-2.256021602079272270e-03,-9.994162917137145996e-01,6.891552358865737915e-02,-2.071349769830703735e-01,1.271603703498840332e-01,8.419419080018997192e-02,4.094107449054718018e-02,-3.825800120830535889e-02,3.773112222552299500e-02,-3.238128498196601868e-02,-3.787124156951904297e-02,5.968527868390083313e-03,-7.201036810874938965e-02,-6.845192983746528625e-03,2.098386641591787338e-03,-1.759086176753044128e-02,-3.463515639305114746e-02,3.220972418785095215e-02,1.720485985279083252e-01,2.965525686740875244e-01,1.297593355178833008e+00,-4.716305434703826904e-02,3.836721181869506836e-02,-6.092811375856399536e-02,-9.159015491604804993e-03,-1.384384930133819580e-01,-4.338691383600234985e-02,1.304982900619506836e+00,2.619589306414127350e-02,1.889529265463352203e-02,-6.661515682935714722e-02
-9.423771500587463379e-01,2.730427123606204987e-02,8.644943833351135254e-01,9.283468127250671387e-03,-3.163931146264076233e-02,-4.856364801526069641e-03,-9.994444251060485840e-01,7.928653061389923096e-02,-2.260296195745468140e-01,1.293235421180725098e-01,1.118645146489143372e-01,3.101827576756477356e-02,-3.538272529840469360e-02,4.671305790543556213e-02,-3.518625348806381226e-02,-3.494048491120338440e-02,4.149698186665773392e-03,-6.573451310396194458e-02,-1.570310071110725403e-02,6.509074941277503967e-03,-2.188767679035663605e-02,-2.851632796227931976e-02,2.636369876563549042e-02,1.677069664001464844e-01,2.974645197391510010e-01,1.286234378814697266e+00,-4.117764532566070557e-02,3.226168081164360046e-02,-5.857204645872116089e-02,-1.075678691267967224e-02,-1.405944079160690308e-01,-3.889241814613342285e-02,1.306833028793334961e+00,2.696513012051582336e-02,1.747126877307891846e-02,-6.889282912015914917e-02
-9.468009471893310547e-01,2.204509824514389038e-02,8.645114898681640625e-01,9.850288741290569305e-03,-3.098156489431858063e-02,-7.519369013607501984e-03,-9.994431138038635254e-01,9.024422615766525269e-02,-2.457113862037658691e-01,1.315770447254180908e-01,1.437226235866546631e-01,1.087803579866886139e-02,-3.722757473587989807e-02,5.597404390573501587e-02,-3.716098144650459290e-02,-3.051465004682540894e-02,-5.534827942028641701e-04,-5.480328202247619629e-02,-2.577457576990127563e-02,1.230275351554155350e-02,-2.522150985896587372e-02,-2.576447278261184692e-02,1.900457963347434998e-02,1.608079522848129272e-01,2.914194166660308838e-01,1.281964540481567383e+00,-3.837989643216133118e-02,3.166535869240760803e-02,-5.641503632068634033e-02,-8.428490720689296722e-03,-1.429816633462905884e-01,-3.984613344073295593e-02,1.310213923454284668e+00,2.608481608331203461e-02,1.554057933390140533e-02,-7.082115858793258667e-02
-9.517993927001953125e-01,1.628451608121395111e-02,8.647390007972717285e-01,9.488972835242748260e-03,-2.938945591449737549e-02,-9.877133183181285858e-03,-9.994741678237915039e-01,1.004853099584579468e-01,-2.659078538417816162e-01,1.414819657802581787e-01,1.921369284391403198e-01,-3.045020624995231628e-02,-3.967411071062088013e-02,6.369057297706604004e-02,-3.596639633178710938e-02,-2.586379274725914001e-02,-9.372275322675704956e-03,-4.118401184678077698e-02,-3.453709185123443604e-02,1.689122989773750305e-02,-2.635692059993743896e-02,-2.258872240781784058e-02,9.631700813770294189e-03,1.508584618568420410e-01,2.812587916851043701e-01,1.282069206237792969e+00,-3.614220395684242249e-02,3.233744204044342041e-02,-5.545060336589813232e-02,-3.460815874859690666e-03,-1.481241434812545776e-01,-3.835972025990486145e-02,1.316968917846679688e+00,3.110150434076786041e-02,1.004459988325834274e-02,-6.835603713989257812e-02
-9.544466137886047363e-01,1.274477411061525345e-02,8.649402856826782227e-01,7.997239939868450165e-03,-2.733038179576396942e-02,-1.044537685811519623e-02,-9.995399117469787598e-01,1.026506274938583374e-01,-2.730609476566314697e-01,1.429517567157745361e-01,2.279646396636962891e-01,-6.154651567339897156e-02,-4.145532846450805664e-02,6.521183997392654419e-02,-3.116942755877971649e-02,-2.437492273747920990e-02,-1.732045039534568787e-02,-3.410159051418304443e-02,-3.788024187088012695e-02,1.649318449199199677e-02,-2.467352151870727539e-02,-2.006409130990505219e-02,6.879568565636873245e-03,1.457368582487106323e-01,2.745233178138732910e-01,1.281606197357177734e+00,-3.722894936800003052e-02,2.948616258800029755e-02,-5.396543443202972412e-02,4.721347941085696220e-04,-1.518449038267135620e-01,-3.368634358048439026e-02,1.324274778366088867e+00,3.375586867332458496e-02,1.919961534440517426e-03,-6.367248296737670898e-02
-9.564483761787414551e-01,9.701846167445182800e-03,8.651316761970520020e-01,6.281442008912563324e-03,-2.555263601243495941e-02,-1.037905737757682800e-02,-9.995998740196228027e-01,1.016014516353607178e-01,-2.752227783203125000e-01,1.327090710401535034e-01,2.592339515686035156e-01,-8.546977490186691284e-02,-3.700262680649757385e-02,6.544406712055206299e-02,-3.012398444116115570e-02,-2.506495267152786255e-02,-1.739999093115329742e-02,-3.227440640330314636e-02,-4.079309850931167603e-02,1.496169343590736389e-02,-2.270855568349361420e-02,-1.889535598456859589e-02,7.954956032335758209e-03,1.435313522815704346e-01,2.689806818962097168e-01,1.278605222702026367e+00,-3.917617723345756531e-02,2.396245114505290985e-02,-5.153304338455200195e-02,3.974544815719127655e-03,-1.537270694971084595e-01,-3.104305081069469452e-02,1.333426952362060547e+00,3.315774723887443542e-02,-1.188629120588302612e-02,-5.950230732560157776e-02
-9.581743478775024414e-01,6.258565001189708710e-03,8.652750849723815918e-01,4.289929755032062531e-03,-2.331794984638690948e-02,-8.923198096454143524e-03,-9.996790885925292969e-01,9.817239642143249512e-02,-2.687034010887145996e-01,1.153137460350990295e-01,2.893161177635192871e-01,-1.027873679995536804e-01,-3.446836397051811218e-02,6.528615206480026245e-02,-2.792748436331748962e-02,-2.604126185178756714e-02,-1.740000024437904358e-02,-3.168462589383125305e-02,-4.125258326530456543e-02,1.279910001903772354e-02,-1.902195625007152557e-02,-1.883137598633766174e-02,1.218278985470533371e-02,1.421147286891937256e-01,2.631469964981079102e-01,1.275893688201904297e+00,-3.911206498742103577e-02,1.760917901992797852e-02,-5.146471410989761353e-02,9.173016063868999481e-03,-1.528256982564926147e-01,-3.606399521231651306e-02,1.346281886100769043e+00,3.782946243882179260e-02,-3.138407692313194275e-02,-5.676180869340896606e-02
-9.590286612510681152e-01,4.397864453494548798e-03,8.653672337532043457e-01,3.184781409800052643e-03,-2.186364307999610901e-02,-6.941215135157108307e-03,-9.997317790985107422e-01,9.446638077497482300e-02,-2.565962672233581543e-01,1.020833924412727356e-01,3.009728193283081055e-01,-1.158532351255416870e-01,-3.806062042713165283e-02,6.510637700557708740e-02,-2.627397328615188599e-02,-2.595801465213298798e-02,-1.740000024437904358e-02,-3.148050978779792786e-02,-4.068644344806671143e-02,1.185397803783416748e-02,-1.658487878739833832e-02,-2.002222463488578796e-02,1.708338968455791473e-02,1.416690647602081299e-01,2.607273161411285400e-01,1.275403022766113281e+00,-3.888639062643051147e-02,1.488563604652881622e-02,-5.187673494219779968e-02,1.318984664976596832e-02,-1.520340293645858765e-01,-4.182935506105422974e-02,1.354648232460021973e+00,4.269931465387344360e-02,-4.395262524485588074e-02,-5.486383289098739624e-02
-9.595981240272521973e-01,3.311824984848499298e-03,8.654459714889526367e-01,2.291945042088627815e-03,-2.093958295881748199e-02,-5.005209706723690033e-03,-9.997655749320983887e-01,8.979575335979461670e-02,-2.407306134700775146e-01,9.002280980348587036e-02,3.039566576480865479e-01,-1.270125210285186768e-01,-4.371611401438713074e-02,6.449875980615615845e-02,-2.547468803822994232e-02,-2.577161416411399841e-02,-1.740000024437904358e-02,-2.988251857459545135e-02,-4.049537703394889832e-02,1.145965605974197388e-02,-1.656059361994266510e-02,-2.251949161291122437e-02,2.227107249200344086e-02,1.401338726282119751e-01,2.602120041847229004e-01,1.277533173561096191e+00,-3.827087953686714172e-02,1.606589742004871368e-02,-5.298439040780067444e-02,1.689887046813964844e-02,-1.532495319843292236e-01,-4.448363184928894043e-02,1.360952854156494141e+00,4.587745666503906250e-02,-5.065119639039039612e-02,-5.442767590284347534e-02
-9.599195718765258789e-01,2.600430743768811226e-03,8.654875159263610840e-01,1.814777380786836147e-03,-2.011729963123798370e-02,-3.915436565876007080e-03,-9.997882843017578125e-01,8.476063609123229980e-02,-2.161965221166610718e-01,8.017845451831817627e-02,2.966709434986114502e-01,-1.306471973657608032e-01,-5.241894721984863281e-02,6.422146409749984741e-02,-2.437359467148780823e-02,-2.758442237973213196e-02,-1.740000024437904358e-02,-2.956011146306991577e-02,-3.924420475959777832e-02,1.265569310635328293e-02,-2.145961485803127289e-02,-2.673229016363620758e-02,2.832334674894809723e-02,1.380856484174728394e-01,2.557319998741149902e-01,1.284994006156921387e+00,-3.834426403045654297e-02,2.308837510645389557e-02,-5.410260334610939026e-02,2.141234278678894043e-02,-1.566940546035766602e-01,-4.843834042549133301e-02,1.365547418594360352e+00,4.541218653321266174e-02,-5.551856011152267456e-02,-5.222164839506149292e-02
-9.599146246910095215e-01,2.524867886677384377e-03,8.654674291610717773e-01,1.849120948463678360e-03,-1.981842704117298126e-02,-3.309340914711356163e-03,-9.997963905334472656e-01,8.243282884359359741e-02,-1.966497600078582764e-01,8.301510661840438843e-02,2.842323482036590576e-01,-1.239697039127349854e-01,-5.365516245365142822e-02,6.423573195934295654e-02,-2.384548261761665344e-02,-2.821920812129974365e-02,-1.740000024437904358e-02,-3.035068139433860779e-02,-3.643929213285446167e-02,1.393597107380628586e-02,-2.596880309283733368e-02,-3.061803802847862244e-02,3.201206773519515991e-02,1.369350701570510864e-01,2.487233281135559082e-01,1.293345332145690918e+00,-3.874343261122703552e-02,3.190090879797935486e-02,-5.311287939548492432e-02,2.496883086860179901e-02,-1.588021665811538696e-01,-5.472456663846969604e-02,1.366307973861694336e+00,4.272758588194847107e-02,-5.849276855587959290e-02,-5.139587074518203735e-02
-9.600129723548889160e-01,2.681867219507694244e-03,8.654012084007263184e-01,2.491520950570702553e-03,-2.030089125037193298e-02,-2.331377239897847176e-03,-9.997881054878234863e-01,8.173017948865890503e-02,-1.763266474008560181e-01,9.429450333118438721e-02,2.625045478343963623e-01,-1.163740083575248718e-01,-4.736575111746788025e-02,6.554128974676132202e-02,-2.494041062891483307e-02,-2.739187516272068024e-02,-1.740000024437904358e-02,-2.999153546988964081e-02,-3.853024169802665710e-02,1.619291491806507111e-02,-3.059904649853706360e-02,-3.600025177001953125e-02,3.552499040961265564e-02,1.357022374868392944e-01,2.420615553855895996e-01,1.301763653755187988e+00,-3.804702311754226685e-02,4.063516855239868164e-02,-5.120801180601119995e-02,2.855883538722991943e-02,-1.606627851724624634e-01,-6.282234936952590942e-02,1.365099072456359863e+00,4.235104843974113464e-02,-5.992788076400756836e-02,-5.143241584300994873e-02
-9.603871107101440430e-01,4.041519947350025177e-03,8.652021288871765137e-01,3.409298602491617203e-03,-2.137173712253570557e-02,-8.356180042028427124e-04,-9.997654557228088379e-01,7.931242883205413818e-02,-1.446140408515930176e-01,1.119406893849372864e-01,2.082607895135879517e-01,-1.230424493551254272e-01,-3.285052999854087830e-02,6.591510027647018433e-02,-2.769864536821842194e-02,-2.720638550817966461e-02,-1.740000024437904358e-02,-2.926626056432723999e-02,-3.765999525785446167e-02,1.853531040251255035e-02,-3.577894344925880432e-02,-4.297658428549766541e-02,4.076397791504859924e-02,1.351177692413330078e-01,2.338893413543701172e-01,1.310178399085998535e+00,-3.988227620720863342e-02,4.902905225753784180e-02,-5.127074569463729858e-02,3.205904737114906311e-02,-1.621852517127990723e-01,-7.266815751791000366e-02,1.362577557563781738e+00,4.116535559296607971e-02,-5.899927392601966858e-02,-5.176802724599838257e-02
-9.606598019599914551e-01,5.537261720746755600e-03,8.650028705596923828e-01,3.773554693907499313e-03,-2.275993674993515015e-02,3.549709217622876167e-04,-9.997337460517883301e-01,7.685258239507675171e-02,-1.236610412597656250e-01,1.245005652308464050e-01,1.627798229455947876e-01,-1.019696593284606934e-01,-3.121806308627128601e-02,6.479422748088836670e-02,-3.096224553883075714e-02,-2.777639776468276978e-02,-1.740000024437904358e-02,-2.957887016236782074e-02,-3.654785081744194031e-02,1.950960792601108551e-02,-3.961223736405372620e-02,-4.838201403617858887e-02,4.380634054541587830e-02,1.340901404619216919e-01,2.299484610557556152e-01,1.315222144126892090e+00,-4.009074345231056213e-02,5.353670567274093628e-02,-5.140672251582145691e-02,3.295006603002548218e-02,-1.629219055175781250e-01,-7.616321742534637451e-02,1.360927104949951172e+00,3.991328179836273193e-02,-5.836201086640357971e-02,-5.176820605993270874e-02
-9.612070918083190918e-01,7.135516032576560974e-03,8.651633262634277344e-01,3.196646925061941147e-03,-2.390355616807937622e-02,1.017282134853303432e-03,-9.997086524963378906e-01,7.179518043994903564e-02,-1.094763278961181641e-01,1.297124326229095459e-01,1.297637075185775757e-01,-8.482310920953750610e-02,-3.314866498112678528e-02,6.140032410621643066e-02,-3.427349776029586792e-02,-2.989544905722141266e-02,-1.740000024437904358e-02,-2.810986526310443878e-02,-3.572433814406394958e-02,1.697050966322422028e-02,-4.210186377167701721e-02,-5.184401199221611023e-02,4.511236026883125305e-02,1.345003843307495117e-01,2.245063185691833496e-01,1.319856286048889160e+00,-4.069324955344200134e-02,5.815016105771064758e-02,-5.119763687252998352e-02,3.118715621531009674e-02,-1.600069403648376465e-01,-7.675472646951675415e-02,1.361667513847351074e+00,4.017127677798271179e-02,-6.032112613320350647e-02,-5.306144058704376221e-02
-9.618407487869262695e-01,9.098581038415431976e-03,8.659578561782836914e-01,1.792017603293061256e-03,-2.399707399308681488e-02,1.493997871875762939e-03,-9.997093081474304199e-01,6.345935910940170288e-02,-9.511180967092514038e-02,1.255439072847366333e-01,9.906266629695892334e-02,-6.504695117473602295e-02,-3.388221934437751770e-02,5.565562099218368530e-02,-3.589141741394996643e-02,-3.232627362012863159e-02,-1.740000024437904358e-02,-2.429977990686893463e-02,-3.625069931149482727e-02,1.074211765080690384e-02,-4.181023687124252319e-02,-5.309333279728889465e-02,4.307281598448753357e-02,1.341479271650314331e-01,2.180672585964202881e-01,1.328460812568664551e+00,-3.815105929970741272e-02,6.688225269317626953e-02,-5.106918513774871826e-02,2.914110012352466583e-02,-1.513724625110626221e-01,-7.943013310432434082e-02,1.363208770751953125e+00,3.996675461530685425e-02,-6.693550944328308105e-02,-5.550010502338409424e-02
-9.621440768241882324e-01,1.068918220698833466e-02,8.664751052856445312e-01,1.474337652325630188e-03,-2.369971014559268951e-02,2.499258145689964294e-03,-9.997149109840393066e-01,5.887001007795333862e-02,-8.377935737371444702e-02,1.217119395732879639e-01,7.769601047039031982e-02,-5.314499512314796448e-02,-3.322878107428550720e-02,5.283131077885627747e-02,-3.620859980583190918e-02,-3.229337185621261597e-02,-1.740000024437904358e-02,-2.147063985466957092e-02,-3.561398759484291077e-02,7.923945784568786621e-03,-3.894557803869247437e-02,-5.378177389502525330e-02,4.098452627658843994e-02,1.323741227388381958e-01,2.159788906574249268e-01,1.334864020347595215e+00,-3.539617732167243958e-02,7.283693552017211914e-02,-5.159912630915641785e-02,3.048900328576564789e-02,-1.445032954216003418e-01,-8.511868864297866821e-02,1.361356019973754883e+00,3.888757526874542236e-02,-6.860402226448059082e-02,-5.572910979390144348e-02
-9.626701474189758301e-01,1.239246968179941177e-02,8.667392134666442871e-01,1.840050797909498215e-03,-2.410409413278102875e-02,4.041365347802639008e-03,-9.996995925903320312e-01,5.608777329325675964e-02,-7.536488026380538940e-02,1.212356314063072205e-01,5.934514850378036499e-02,-4.424340650439262390e-02,-3.065786324441432953e-02,5.151198804378509521e-02,-3.818578273057937622e-02,-3.222737461328506470e-02,-1.740000024437904358e-02,-1.892504282295703888e-02,-3.467658162117004395e-02,7.478863932192325592e-03,-3.572943434119224548e-02,-5.544153973460197449e-02,3.960582241415977478e-02,1.309881508350372314e-01,2.158126085996627808e-01,1.338003277778625488e+00,-3.586147725582122803e-02,7.620491087436676025e-02,-5.092038959264755249e-02,3.329461812973022461e-02,-1.399147808551788330e-01,-9.058549255132675171e-02,1.355407238006591797e+00,4.262076318264007568e-02,-6.074775010347366333e-02,-5.576540902256965637e-02
-9.637820124626159668e-01,1.495700422674417496e-02,8.667919039726257324e-01,2.429578918963670731e-03,-2.466641552746295929e-02,7.002583704888820648e-03,-9.996682405471801758e-01,5.288804695010185242e-02,-6.785119324922561646e-02,1.247290596365928650e-01,4.267073050141334534e-02,-4.107054695487022400e-02,-2.725618891417980194e-02,4.962965473532676697e-02,-4.132008925080299377e-02,-3.341259062290191650e-02,-1.740000024437904358e-02,-1.696622930467128754e-02,-3.297220915555953979e-02,7.912826724350452423e-03,-2.895491570234298706e-02,-5.655613914132118225e-02,3.776466473937034607e-02,1.299345046281814575e-01,2.170439511537551880e-01,1.336883187294006348e+00,-3.765417635440826416e-02,7.602120190858840942e-02,-5.020970478653907776e-02,3.673946484923362732e-02,-1.386830359697341919e-01,-9.150787442922592163e-02,1.342993974685668945e+00,4.216844961047172546e-02,-4.122551530599594116e-02,-5.560252442955970764e-02
-9.645559787750244141e-01,1.685548014938831329e-02,8.668202757835388184e-01,2.858069725334644318e-03,-2.428821101784706116e-02,8.506038226187229156e-03,-9.996647238731384277e-01,5.101117119193077087e-02,-6.409119814634323120e-02,1.267481446266174316e-01,3.678604215383529663e-02,-4.166079685091972351e-02,-2.629638090729713440e-02,4.809672385454177856e-02,-4.179318249225616455e-02,-3.456152975559234619e-02,-1.740000024437904358e-02,-1.642989180982112885e-02,-3.094233758747577667e-02,8.998054079711437225e-03,-2.633525058627128601e-02,-5.517460033297538757e-02,3.714498877525329590e-02,1.283884942531585693e-01,2.205111831426620483e-01,1.334118485450744629e+00,-3.604944422841072083e-02,7.309091091156005859e-02,-5.182541161775588989e-02,3.689163178205490112e-02,-1.386324912309646606e-01,-8.841220289468765259e-02,1.334745645523071289e+00,3.608605638146400452e-02,-2.769466303288936615e-02,-5.581709742546081543e-02
-9.652850627899169922e-01,1.857095584273338318e-02,8.669562935829162598e-01,3.449505893513560295e-03,-2.412399090826511383e-02,9.195509366691112518e-03,-9.996607303619384766e-01,5.002539604902267456e-02,-6.347471475601196289e-02,1.274616420269012451e-01,3.521588072180747986e-02,-4.200080782175064087e-02,-2.569015510380268097e-02,4.720734804868698120e-02,-4.259455576539039612e-02,-3.440979868173599243e-02,-1.740000024437904358e-02,-1.488232426345348358e-02,-2.954912371933460236e-02,1.143005210906267166e-02,-2.606636844575405121e-02,-5.412292480468750000e-02,3.706997260451316833e-02,1.251796483993530273e-01,2.240938693284988403e-01,1.332414269447326660e+00,-3.470502793788909912e-02,7.186865806579589844e-02,-5.581732094287872314e-02,3.527006506919860840e-02,-1.370435506105422974e-01,-8.740529417991638184e-02,1.328987598419189453e+00,3.223837539553642273e-02,-2.049046754837036133e-02,-5.578422173857688904e-02
-9.660093188285827637e-01,2.007946372032165527e-02,8.673055768013000488e-01,4.280840512365102768e-03,-2.390084788203239441e-02,9.222982451319694519e-03,-9.996626377105712891e-01,5.006207525730133057e-02,-6.584137678146362305e-02,1.269153356552124023e-01,3.857627511024475098e-02,-4.148071259260177612e-02,-2.420100383460521698e-02,4.716372862458229065e-02,-4.341658204793930054e-02,-3.361969068646430969e-02,-1.740000024437904358e-02,-1.144913677126169205e-02,-2.826486155390739441e-02,1.465864852070808411e-02,-2.802543155848979950e-02,-5.336372181773185730e-02,3.935698047280311584e-02,1.234457865357398987e-01,2.225261181592941284e-01,1.330297827720642090e+00,-3.968002647161483765e-02,6.990315765142440796e-02,-5.964548885822296143e-02,3.205052763223648071e-02,-1.314198374748229980e-01,-8.953733742237091064e-02,1.324901223182678223e+00,2.856116928160190582e-02,-1.699970290064811707e-02,-5.668563023209571838e-02
-9.663770198822021484e-01,2.090087532997131348e-02,8.675217032432556152e-01,4.679618868976831436e-03,-2.356120944023132324e-02,9.082380682229995728e-03,-9.996702075004577637e-01,5.001556128263473511e-02,-6.815337389707565308e-02,1.254239082336425781e-01,4.295581951737403870e-02,-4.151776432991027832e-02,-2.283863909542560577e-02,4.706503823399543762e-02,-4.340590536594390869e-02,-3.305102139711380005e-02,-1.740000024437904358e-02,-9.549888782203197479e-03,-2.831353060901165009e-02,1.672278530895709991e-02,-2.958367578685283661e-02,-5.267211049795150757e-02,4.220782592892646790e-02,1.240046843886375427e-01,2.180345058441162109e-01,1.327872395515441895e+00,-4.272525385022163391e-02,6.596135348081588745e-02,-5.837912485003471375e-02,2.989154122769832611e-02,-1.278532892465591431e-01,-9.052608162164688110e-02,1.321989536285400391e+00,2.892052941024303436e-02,-1.381792034953832626e-02,-5.718143284320831299e-02
-9.666333794593811035e-01,2.154210209846496582e-02,8.676717877388000488e-01,5.286171101033687592e-03,-2.295107953250408173e-02,8.966893889009952545e-03,-9.996824264526367188e-01,5.078113824129104614e-02,-6.964281201362609863e-02,1.243718490004539490e-01,4.721415787935256958e-02,-4.168455675244331360e-02,-2.196341380476951599e-02,4.773360490798950195e-02,-4.269219934940338135e-02,-3.259102627635002136e-02,-1.740000024437904358e-02,-7.522546220570802689e-03,-2.874069474637508392e-02,1.959308981895446777e-02,-3.085268661379814148e-02,-5.135596916079521179e-02,4.456378147006034851e-02,1.247061043977737427e-01,2.144688218832015991e-01,1.325334906578063965e+00,-4.060780629515647888e-02,6.182203814387321472e-02,-5.529190972447395325e-02,2.821215800940990448e-02,-1.258261799812316895e-01,-8.963548392057418823e-02,1.318670153617858887e+00,3.006873652338981628e-02,-9.798615239560604095e-03,-5.776206403970718384e-02
-9.668553471565246582e-01,2.219813689589500427e-02,8.678017854690551758e-01,6.368676666170358658e-03,-2.212146669626235962e-02,9.383626282215118408e-03,-9.996909499168395996e-01,5.264858156442642212e-02,-6.951004266738891602e-02,1.253281831741333008e-01,4.975624755024909973e-02,-4.166544228792190552e-02,-2.120021730661392212e-02,4.962248355150222778e-02,-4.159895703196525574e-02,-3.303218632936477661e-02,-1.740000024437904358e-02,-5.243001040071249008e-03,-2.939822711050510406e-02,2.441309951245784760e-02,-3.061578609049320221e-02,-4.969238117337226868e-02,4.696645587682723999e-02,1.246734261512756348e-01,2.146258950233459473e-01,1.322865962982177734e+00,-3.408560529351234436e-02,5.835219845175743103e-02,-5.323940888047218323e-02,2.737128548324108124e-02,-1.254284679889678955e-01,-8.638308197259902954e-02,1.314177751541137695e+00,3.152742981910705566e-02,-3.444816684350371361e-03,-5.960471183061599731e-02
-9.668251276016235352e-01,2.248019538819789886e-02,8.679014444351196289e-01,6.563170347362756729e-03,-2.126471698284149170e-02,9.912905283272266388e-03,-9.997031688690185547e-01,5.279055237770080566e-02,-6.738372892141342163e-02,1.268154829740524292e-01,4.910748451948165894e-02,-3.994417563080787659e-02,-2.174072153866291046e-02,4.975147172808647156e-02,-4.006017744541168213e-02,-3.432457149028778076e-02,-1.740000024437904358e-02,-4.345592111349105835e-03,-2.939605526626110077e-02,2.647870406508445740e-02,-2.885023690760135651e-02,-4.847537726163864136e-02,4.859789088368415833e-02,1.238610073924064636e-01,2.195075601339340210e-01,1.322352290153503418e+00,-2.962504886090755463e-02,5.736725032329559326e-02,-5.336040258407592773e-02,2.733660489320755005e-02,-1.251459121704101562e-01,-8.352344483137130737e-02,1.312056899070739746e+00,3.189030662178993225e-02,1.655114756431430578e-04,-6.065233424305915833e-02
