-1.052703380584716797e+00,-4.045900423079729080e-03,8.504087328910827637e-01,-8.075538091361522675e-03,5.367021262645721436e-02,1.987613737583160400e-02,9.983282089233398438e-01,7.540977001190185547e-02,-4.442932009696960449e-01,1.578961759805679321e-01,1.356277316808700562e-01,7.508744299411773682e-02,-4.459654539823532104e-02,5.039143562316894531e-02,9.007158875465393066e-02,4.725541174411773682e-02,1.180274784564971924e-02,-1.928414702415466309e-01,-3.447540476918220520e-02,5.644991621375083923e-02,-5.038920324295759201e-03,1.573279127478599548e-02,6.177198886871337891e-02,1.498192399740219116e-01,1.993222683668136597e-01,1.413191556930541992e+00,-7.085290551185607910e-02,1.144851222634315491e-01,-2.065911702811717987e-02,-6.970869004726409912e-02,-1.435975581407546997e-01,1.392253115773200989e-02,1.277410507202148438e+00,4.915749654173851013e-02,6.663214415311813354e-02,-1.897338777780532837e-03
-1.037837147712707520e+00,8.361897780559957027e-04,8.481919765472412109e-01,-8.594305254518985748e-03,5.415217950940132141e-02,1.951014436781406403e-02,9.983050823211669922e-01,6.307861953973770142e-02,-4.374015331268310547e-01,1.446330547332763672e-01,1.247335374355316162e-01,2.664652280509471893e-02,-5.824430659413337708e-02,4.652602598071098328e-02,9.234434366226196289e-02,3.934524580836296082e-02,4.014305770397186279e-02,-2.069108933210372925e-01,-3.214867413043975830e-02,5.159706994891166687e-02,2.126796869561076164e-03,1.587238349020481110e-02,7.469576597213745117e-02,1.539733558893203735e-01,2.040877789258956909e-01,1.419795989990234375e+00,-7.180813699960708618e-02,1.211758777499198914e-01,-1.548915635794401169e-02,-7.062776386737823486e-02,-1.397524029016494751e-01,1.253868732601404190e-02,1.277985334396362305e+00,4.979573935270309448e-02,6.833658367395401001e-02,-7.051765918731689453e-03
-1.020623564720153809e+00,6.193867418915033340e-03,8.464314937591552734e-01,-6.543699651956558228e-03,5.292507633566856384e-02,1.717720739543437958e-02,9.984292984008789062e-01,4.498305171728134155e-02,-4.257193803787231445e-01,1.209864318370819092e-01,1.357522606849670410e-01,1.209828443825244904e-02,-3.842808306217193604e-02,3.610110655426979065e-02,9.269211441278457642e-02,3.226183727383613586e-02,8.346695452928543091e-02,-2.294187545776367188e-01,-2.824879437685012817e-02,3.847441449761390686e-02,1.526452600955963135e-02,1.766470260918140411e-02,8.798031508922576904e-02,1.586018651723861694e-01,2.105527371168136597e-01,1.424666643142700195e+00,-6.809857487678527832e-02,1.240130588412284851e-01,-1.106704864650964737e-02,-6.937804818153381348e-02,-1.352382600307464600e-01,1.149864867329597473e-02,1.280776739120483398e+00,4.941652715206146240e-02,6.755273789167404175e-02,-1.135157980024814606e-02
-9.941360354423522949e-01,1.338249910622835159e-02,8.456361293792724609e-01,-4.396767355501651764e-03,4.846676439046859741e-02,9.860994294285774231e-03,9.987664222717285156e-01,2.777864038944244385e-02,-3.996388316154479980e-01,1.089240610599517822e-01,1.580781936645507812e-01,2.418322488665580750e-02,-3.565895836800336838e-03,2.227071113884449005e-02,8.336009830236434937e-02,3.259571269154548645e-02,1.758017390966415405e-01,-2.684935033321380615e-01,-2.178110368549823761e-02,2.110466361045837402e-02,3.521541878581047058e-02,2.056842483580112457e-02,1.083454787731170654e-01,1.641126424074172974e-01,2.221903800964355469e-01,1.426318168640136719e+00,-6.080361828207969666e-02,1.258617192506790161e-01,-8.642743341624736786e-03,-6.315392255783081055e-02,-1.290916800498962402e-01,7.703507319092750549e-03,1.285805583000183105e+00,4.397391527891159058e-02,6.017669662833213806e-02,-1.167183369398117065e-02
-9.724773764610290527e-01,1.905943825840950012e-02,8.469075560569763184e-01,-1.930082333274185658e-03,4.428708180785179138e-02,2.691139467060565948e-03,9.990133643150329590e-01,1.452356949448585510e-02,-3.746735453605651855e-01,1.003376916050910950e-01,1.656783521175384521e-01,7.455830276012420654e-02,1.168208010494709015e-02,9.150858037173748016e-03,5.545357987284660339e-02,2.946628257632255554e-02,2.868902087211608887e-01,-3.012102544307708740e-01,-1.213371846824884415e-02,5.874980241060256958e-03,4.925433173775672913e-02,2.188282646238803864e-02,1.234696432948112488e-01,1.663064658641815186e-01,2.340556085109710693e-01,1.424256920814514160e+00,-5.259596556425094604e-02,1.258319318294525146e-01,-3.684675553813576698e-03,-5.785592272877693176e-02,-1.248491629958152771e-01,6.597164552658796310e-03,1.291742444038391113e+00,4.335739836096763611e-02,4.980912432074546814e-02,-1.191839389503002167e-02
-9.513536095619201660e-01,2.558184787631034851e-02,8.497545719146728516e-01,4.032995551824569702e-03,3.983720391988754272e-02,-1.853163703344762325e-03,9.991963505744934082e-01,-1.352613233029842377e-02,-3.500389754772186279e-01,7.648301869630813599e-02,1.863933354616165161e-01,6.659005582332611084e-02,2.267253026366233826e-02,-1.404069550335407257e-02,4.226258955895900726e-03,1.225473359227180481e-02,4.326495528221130371e-01,-3.133118152618408203e-01,2.946318825706839561e-03,-1.619764417409896851e-02,5.901963263750076294e-02,2.387976646423339844e-02,1.322812288999557495e-01,1.662906855344772339e-01,2.372727543115615845e-01,1.423612833023071289e+00,-3.789478912949562073e-02,1.261382997035980225e-01,4.648783709853887558e-03,-5.373265594244003296e-02,-1.214797496795654297e-01,3.924716729670763016e-03,1.298132777214050293e+00,4.499991610646247864e-02,3.577950224280357361e-02,-1.189846731722354889e-02
-9.234302043914794922e-01,3.467235714197158813e-02,8.532761931419372559e-01,1.300121191889047623e-02,3.170991688966751099e-02,-3.410186152905225754e-03,9.994067549705505371e-01,-5.543147027492523193e-02,-3.072465062141418457e-01,3.980844840407371521e-02,2.067694365978240967e-01,3.200148791074752808e-02,2.745509147644042969e-02,-5.376808717846870422e-02,-8.183129131793975830e-02,-2.221990004181861877e-02,6.432093381881713867e-01,-2.620826065540313721e-01,3.148439526557922363e-02,-4.799982160329818726e-02,6.466333568096160889e-02,3.263930231332778931e-02,1.271537244319915771e-01,1.668501645326614380e-01,2.193144857883453369e-01,1.429701685905456543e+00,-2.579501457512378693e-02,1.281709372997283936e-01,1.587063819169998169e-02,-4.782519862055778503e-02,-1.175615116953849792e-01,-8.606542833149433136e-03,1.302140712738037109e+00,4.146844893693923950e-02,2.643111348152160645e-02,-1.102313864976167679e-02
-9.026132822036743164e-01,4.013701155781745911e-02,8.542776703834533691e-01,1.924240961670875549e-02,2.601216919720172882e-02,-2.905428409576416016e-03,9.994722008705139160e-01,-8.036100864410400391e-02,-2.690704464912414551e-01,3.146852552890777588e-02,2.109526097774505615e-01,-6.532382685691118240e-03,3.241619840264320374e-02,-8.105254918336868286e-02,-1.573916822671890259e-01,-3.613261505961418152e-02,7.923246622085571289e-01,-1.110446900129318237e-01,2.707445621490478516e-02,-7.100646197795867920e-02,6.456042826175689697e-02,3.913452848792076111e-02,1.130717769265174866e-01,1.676905304193496704e-01,1.940499395132064819e-01,1.438508510589599609e+00,-3.705042973160743713e-02,1.305258870124816895e-01,2.033247612416744232e-02,-4.189196601510047913e-02,-1.157004758715629578e-01,-1.976356096565723419e-02,1.301887392997741699e+00,4.383046925067901611e-02,2.682998403906822205e-02,-1.312812790274620056e-02
-8.840693235397338867e-01,4.425184428691864014e-02,8.552403450012207031e-01,2.147034555673599243e-02,2.296873927116394043e-02,-2.322697080671787262e-03,9.995028972625732422e-01,-9.146390110254287720e-02,-2.384590655565261841e-01,3.243986889719963074e-02,2.125462889671325684e-01,-3.880122676491737366e-02,3.776491805911064148e-02,-9.645205736160278320e-02,-2.275265604257583618e-01,-4.815568402409553528e-02,8.981432914733886719e-01,4.996555391699075699e-03,3.854971844702959061e-03,-8.246494829654693604e-02,5.756065621972084045e-02,4.206759110093116760e-02,9.288252145051956177e-02,1.668532639741897583e-01,1.690094172954559326e-01,1.443030476570129395e+00,-4.929241538047790527e-02,1.333063542842864990e-01,1.902686432003974915e-02,-3.754182904958724976e-02,-1.193987503647804260e-01,-2.182412147521972656e-02,1.300608873367309570e+00,4.981438443064689636e-02,3.103513456881046295e-02,-1.356246229261159897e-02
-8.630139827728271484e-01,4.956589639186859131e-02,8.574014306068420410e-01,1.885380409657955170e-02,2.153182029724121094e-02,1.038727466948330402e-03,9.995898604393005371e-01,-9.383226186037063599e-02,-2.056673020124435425e-01,2.490479126572608948e-02,2.096056491136550903e-01,-6.800350546836853027e-02,4.394441097974777222e-02,-1.063472628593444824e-01,-3.043799698352813721e-01,-7.320496439933776855e-02,9.689545631408691406e-01,-3.308330103754997253e-02,1.023675780743360519e-02,-8.092784881591796875e-02,3.821116685867309570e-02,4.208244010806083679e-02,5.580217018723487854e-02,1.616088598966598511e-01,1.341311335563659668e-01,1.443681120872497559e+00,-5.835179239511489868e-02,1.363067030906677246e-01,7.900044322013854980e-03,-3.086098842322826385e-02,-1.280879080295562744e-01,-2.282622270286083221e-02,1.298791050910949707e+00,4.485891386866569519e-02,3.916509822010993958e-02,-1.549035776406526566e-02
-8.471262454986572266e-01,5.464118719100952148e-02,8.590939640998840332e-01,1.552783232182264328e-02,2.053642459213733673e-02,5.255849566310644150e-03,9.996547102928161621e-01,-9.364092350006103516e-02,-1.786437034606933594e-01,1.480491459369659424e-02,2.017853707075119019e-01,-8.459240198135375977e-02,4.677793756127357483e-02,-1.084703132510185242e-01,-3.423859477043151855e-01,-8.745489269495010376e-02,9.545119404792785645e-01,-4.631756246089935303e-02,1.270224433392286301e-02,-7.596265524625778198e-02,2.051857486367225647e-02,4.328167438507080078e-02,2.440989576280117035e-02,1.572402566671371460e-01,1.100575923919677734e-01,1.437707424163818359e+00,-6.291755288839340210e-02,1.337333619594573975e-01,-3.034708090126514435e-03,-2.352916635572910309e-02,-1.315687447786331177e-01,-3.135641664266586304e-02,1.298819065093994141e+00,3.584320470690727234e-02,3.446241095662117004e-02,-1.854040846228599548e-02
-8.312566876411437988e-01,5.828125402331352234e-02,8.608474135398864746e-01,1.078482437878847122e-02,1.962543837726116180e-02,6.746084429323673248e-03,9.997264742851257324e-01,-8.575750142335891724e-02,-1.511106044054031372e-01,1.646275445818901062e-02,1.915986835956573486e-01,-9.640546888113021851e-02,4.809992015361785889e-02,-9.670552611351013184e-02,-3.667565882205963135e-01,-8.538739383220672607e-02,8.958180546760559082e-01,-6.632429361343383789e-02,1.275962684303522110e-02,-6.757575273513793945e-02,6.897103041410446167e-03,4.393411800265312195e-02,-4.430086351931095123e-03,1.550487279891967773e-01,9.265501052141189575e-02,1.421850204467773438e+00,-6.476616859436035156e-02,1.161016002297401428e-01,-9.196309372782707214e-03,-1.457966957241296768e-02,-1.343282312154769897e-01,-3.971736133098602295e-02,1.300341010093688965e+00,3.903225064277648926e-02,2.606368623673915863e-02,-1.556013710796833038e-02
-8.108108043670654297e-01,6.129734590649604797e-02,8.621133565902709961e-01,6.475277710705995560e-03,2.063530124723911285e-02,5.099181551486253738e-03,9.997531175613403320e-01,-7.689083367586135864e-02,-1.167170032858848572e-01,3.072615712881088257e-02,1.737631112337112427e-01,-1.178629174828529358e-01,4.629693552851676941e-02,-8.039273321628570557e-02,-3.935647904872894287e-01,-8.013033121824264526e-02,7.788581252098083496e-01,-7.666406780481338501e-02,1.547588501125574112e-02,-6.068795174360275269e-02,-4.219900816679000854e-03,4.100246727466583252e-02,-3.571594506502151489e-02,1.589402109384536743e-01,8.514560759067535400e-02,1.382518410682678223e+00,-5.867427960038185120e-02,6.868615001440048218e-02,-1.630575023591518402e-02,-4.041546955704689026e-03,-1.387067139148712158e-01,-4.194001108407974243e-02,1.303178906440734863e+00,4.310157895088195801e-02,2.247055619955062866e-02,-1.159894187003374100e-02
-7.955688834190368652e-01,6.294673681259155273e-02,8.622351288795471191e-01,5.483399145305156708e-03,2.185433730483055115e-02,3.700906876474618912e-03,9.997392892837524414e-01,-7.524132728576660156e-02,-9.262103587388992310e-02,3.877998888492584229e-02,1.619701981544494629e-01,-1.324037462472915649e-01,4.518632963299751282e-02,-7.257231324911117554e-02,-4.047881364822387695e-01,-8.073552697896957397e-02,6.670885682106018066e-01,-6.350993365049362183e-02,2.246629074215888977e-02,-6.078827008605003357e-02,-9.954602457582950592e-03,3.936038166284561157e-02,-5.552633851766586304e-02,1.671597361564636230e-01,8.566978573799133301e-02,1.342072486877441406e+00,-5.064570903778076172e-02,2.385951764881610870e-02,-2.229427359998226166e-02,2.075282623991370201e-03,-1.405825763940811157e-01,-4.194851219654083252e-02,1.305467128753662109e+00,3.811826556921005249e-02,2.140599489212036133e-02,-1.027289312332868576e-02
-7.803672552108764648e-01,6.404101103544235229e-02,8.616929650306701660e-01,6.978678517043590546e-03,2.369076199829578400e-02,9.345490252599120140e-04,9.996945261955261230e-01,-7.936505973339080811e-02,-6.844057142734527588e-02,4.547306522727012634e-02,1.480347961187362671e-01,-1.459163874387741089e-01,4.454530030488967896e-02,-6.823311746120452881e-02,-4.104537367820739746e-01,-8.033364266157150269e-02,5.427429676055908203e-01,-4.069957509636878967e-02,2.920614555478096008e-02,-6.714117527008056641e-02,-1.030550524592399597e-02,3.794436901807785034e-02,-7.280252128839492798e-02,1.781454831361770630e-01,9.130644053220748901e-02,1.295975804328918457e+00,-4.129063710570335388e-02,-2.153623104095458984e-02,-3.145326673984527588e-02,7.716973777860403061e-03,-1.395627558231353760e-01,-4.357550293207168579e-02,1.307577013969421387e+00,3.309303894639015198e-02,1.814979501068592072e-02,-1.042875740677118301e-02
-7.586500048637390137e-01,6.446522474288940430e-02,8.598507642745971680e-01,1.230661291629076004e-02,2.611915208399295807e-02,-4.049367271363735199e-03,9.995748996734619141e-01,-9.183726459741592407e-02,-3.268748894333839417e-02,5.048001930117607117e-02,1.266422569751739502e-01,-1.614471673965454102e-01,4.207089915871620178e-02,-6.916179507970809937e-02,-4.111258089542388916e-01,-7.957029342651367188e-02,3.719738423824310303e-01,8.606648072600364685e-03,3.903840109705924988e-02,-8.229664713144302368e-02,-5.300961900502443314e-03,3.507409244775772095e-02,-9.112259000539779663e-02,1.920719295740127563e-01,1.016672700643539429e-01,1.234914422035217285e+00,-3.231377899646759033e-02,-7.241973280906677246e-02,-4.528645798563957214e-02,1.591726951301097870e-02,-1.361638307571411133e-01,-4.632354155182838440e-02,1.311039805412292480e+00,3.069565072655677795e-02,1.177430991083383560e-02,-7.054775487631559372e-03
-7.408034801483154297e-01,6.487801671028137207e-02,8.577109575271606445e-01,1.699179783463478088e-02,2.799372933804988861e-02,-7.902286015450954437e-03,9.994324445724487305e-01,-1.029486432671546936e-01,-4.964687861502170563e-03,5.323845893144607544e-02,1.117232814431190491e-01,-1.715894490480422974e-01,3.805480152368545532e-02,-7.208386063575744629e-02,-4.092141985893249512e-01,-8.290787786245346069e-02,2.521906793117523193e-01,5.510798469185829163e-02,4.315159097313880920e-02,-9.279350191354751587e-02,-1.321508665569126606e-03,3.153195232152938843e-02,-1.017247587442398071e-01,1.989572793245315552e-01,1.106291934847831726e-01,1.193530917167663574e+00,-2.936612255871295929e-02,-1.076380014419555664e-01,-5.011339485645294189e-02,2.452753856778144836e-02,-1.361738592386245728e-01,-4.672792181372642517e-02,1.311658382415771484e+00,2.970343641936779022e-02,1.034921500831842422e-02,-2.881964435800909996e-03
-7.219263911247253418e-01,6.548854708671569824e-02,8.550709486007690430e-01,2.100310474634170532e-02,3.020948916673660278e-02,-1.140857581049203873e-02,9.992578029632568359e-01,-1.129894182085990906e-01,2.180635184049606323e-02,5.471342802047729492e-02,9.965964406728744507e-02,-1.829942464828491211e-01,3.581865876913070679e-02,-7.272519916296005249e-02,-4.051337838172912598e-01,-9.403498470783233643e-02,1.464077681303024292e-01,8.642616122961044312e-02,5.211767181754112244e-02,-1.002234965562820435e-01,1.195294200442731380e-03,2.644762024283409119e-02,-1.100109741091728210e-01,2.033168673515319824e-01,1.183118596673011780e-01,1.158281326293945312e+00,-3.014409542083740234e-02,-1.377494335174560547e-01,-4.967407137155532837e-02,3.450053185224533081e-02,-1.379794031381607056e-01,-4.611393064260482788e-02,1.310814261436462402e+00,2.782192267477512360e-02,1.269507408142089844e-02,2.987853367812931538e-04
-6.949983239173889160e-01,6.553758680820465088e-02,8.507145643234252930e-01,2.354400791227817535e-02,3.188583254814147949e-02,-1.586280576884746552e-02,9.990882277488708496e-01,-1.191655322909355164e-01,5.650062486529350281e-02,5.733188986778259277e-02,9.362153708934783936e-02,-2.017006129026412964e-01,3.603616729378700256e-02,-6.220442801713943481e-02,-3.917380273342132568e-01,-9.868010133504867554e-02,3.880711272358894348e-02,8.188052475452423096e-02,7.344796508550643921e-02,-1.013344377279281616e-01,2.393752336502075195e-03,2.079858072102069855e-02,-1.182345971465110779e-01,2.044637054204940796e-01,1.233953982591629028e-01,1.123706817626953125e+00,-3.393432870507240295e-02,-1.646442413330078125e-01,-4.749995842576026917e-02,4.854170978069305420e-02,-1.429535597562789917e-01,-4.136327654123306274e-02,1.308779478073120117e+00,2.586283721029758453e-02,1.744491793215274811e-02,4.067350178956985474e-03
-6.727493405342102051e-01,6.444155424833297729e-02,8.470483422279357910e-01,2.345515415072441101e-02,3.153154999017715454e-02,-1.770787499845027924e-02,9.990705847740173340e-01,-1.175297200679779053e-01,8.083797991275787354e-02,5.844613164663314819e-02,1.018365994095802307e-01,-2.164730727672576904e-01,3.601871058344841003e-02,-5.219662934541702271e-02,-3.787446916103363037e-01,-8.246035873889923096e-02,9.378413960803300142e-05,6.400128453969955444e-02,8.026455342769622803e-02,-9.564647078514099121e-02,-1.291644060984253883e-03,1.850494928658008575e-02,-1.213403791189193726e-01,2.028803527355194092e-01,1.225045695900917053e-01,1.107560276985168457e+00,-3.503737598657608032e-02,-1.756578683853149414e-01,-4.534795135259628296e-02,5.885143578052520752e-02,-1.472720503807067871e-01,-3.699903935194015503e-02,1.308140754699707031e+00,2.141135931015014648e-02,2.002642303705215454e-02,8.314904756844043732e-03
-6.491356492042541504e-01,6.229368969798088074e-02,8.439449071884155273e-01,2.103252708911895752e-02,3.136099129915237427e-02,-1.765988580882549286e-02,9.991307258605957031e-01,-1.082066893577575684e-01,9.864350408315658569e-02,6.206212565302848816e-02,1.233185976743698120e-01,-2.329774647951126099e-01,2.813528105616569519e-02,-3.903806209564208984e-02,-3.706688582897186279e-01,-5.992675945162773132e-02,6.252622697502374649e-03,5.824199691414833069e-02,5.185092613101005554e-02,-8.303891867399215698e-02,-1.039160136133432388e-02,1.550414972007274628e-02,-1.212329342961311340e-01,1.995098739862442017e-01,1.198204979300498962e-01,1.099016904830932617e+00,-3.403127938508987427e-02,-1.792511492967605591e-01,-4.214720055460929871e-02,6.671318411827087402e-02,-1.498937308788299561e-01,-3.206688910722732544e-02,1.311020135879516602e+00,1.763102412223815918e-02,1.879286766052246094e-02,1.120146270841360092e-02
-6.151848435401916504e-01,5.813742801547050476e-02,8.417761325836181641e-01,1.740256138145923615e-02,3.056464344263076782e-02,-1.631938107311725616e-02,9.992480278015136719e-01,-9.033364802598953247e-02,1.138827279210090637e-01,6.631938368082046509e-02,1.733787506818771362e-01,-2.566685080528259277e-01,2.341919811442494392e-03,-1.970144361257553101e-02,-3.696642816066741943e-01,-4.060667753219604492e-02,6.865322589874267578e-02,8.299850672483444214e-02,-1.482534455135464668e-03,-6.410291045904159546e-02,-2.380595915019512177e-02,1.200851891189813614e-02,-1.131748259067535400e-01,1.942188888788223267e-01,1.152506396174430847e-01,1.098133444786071777e+00,-3.344945982098579407e-02,-1.786121577024459839e-01,-4.312168434262275696e-02,7.434989511966705322e-02,-1.488154679536819458e-01,-2.924690954387187958e-02,1.318897604942321777e+00,9.647272527217864990e-03,9.792573750019073486e-03,1.354138087481260300e-02
-5.886079072952270508e-01,5.396137014031410217e-02,8.424575924873352051e-01,1.213667728006839752e-02,2.923386730253696442e-02,-1.594151929020881653e-02,9.993717670440673828e-01,-6.982899457216262817e-02,1.163972616195678711e-01,7.055708765983581543e-02,2.322170734405517578e-01,-2.875235378742218018e-01,-1.390083972364664078e-02,2.440808108076453209e-03,-3.686293065547943115e-01,-1.630995422601699829e-02,1.216412857174873352e-01,1.026538833975791931e-01,-5.949475336819887161e-03,-4.311430081725120544e-02,-3.462251648306846619e-02,1.154795847833156586e-02,-1.003509238362312317e-01,1.906543225049972534e-01,1.126464977860450745e-01,1.104147791862487793e+00,-2.366522513329982758e-02,-1.691673994064331055e-01,-3.746890276670455933e-02,7.794559001922607422e-02,-1.459463834762573242e-01,-2.850512042641639709e-02,1.326295614242553711e+00,5.442850291728973389e-03,-5.498352111317217350e-04,1.528967544436454773e-02
-5.609963536262512207e-01,4.985406994819641113e-02,8.451209068298339844e-01,5.473775323480367661e-03,2.688638865947723389e-02,-1.643125712871551514e-02,9.994884729385375977e-01,-4.628557339310646057e-02,1.053433045744895935e-01,7.829026877880096436e-02,3.164122998714447021e-01,-3.077351748943328857e-01,-3.016696870326995850e-02,3.035337850451469421e-02,-3.609592914581298828e-01,1.028032507747411728e-02,1.762326508760452271e-01,9.713782370090484619e-02,-2.015683613717556000e-02,-1.769195124506950378e-02,-4.599159210920333862e-02,1.249531190842390060e-02,-8.191384375095367432e-02,1.857179850339889526e-01,1.105354726314544678e-01,1.117283463478088379e+00,-2.158682420849800110e-02,-1.530760675668716431e-01,-3.327545896172523499e-02,7.972292602062225342e-02,-1.451212018728256226e-01,-2.089530043303966522e-02,1.334568977355957031e+00,9.607414714992046356e-03,-1.115928031504154205e-02,2.024051547050476074e-02
-5.230346918106079102e-01,4.318861290812492371e-02,8.502246737480163574e-01,-7.620246615260839462e-04,2.169739641249179840e-02,-1.367056835442781448e-02,9.996708035469055176e-01,-1.144048757851123810e-02,6.025465950369834900e-02,9.445546567440032959e-02,4.739772379398345947e-01,-2.892158925533294678e-01,-7.400561869144439697e-02,5.844093859195709229e-02,-3.259547352790832520e-01,3.607443347573280334e-02,2.229268103837966919e-01,6.004666164517402649e-02,-4.074690118432044983e-02,7.248431909829378128e-03,-6.110507249832153320e-02,1.523061189800500870e-02,-5.515591055154800415e-02,1.807495057582855225e-01,9.794788807630538940e-02,1.149502515792846680e+00,-1.911431923508644104e-02,-1.200293898582458496e-01,-3.017154149711132050e-02,7.836373895406723022e-02,-1.474202126264572144e-01,3.099714173004031181e-03,1.344207882881164551e+00,1.248320005834102631e-02,-1.748433895409107208e-02,3.465714305639266968e-02
-4.944180548191070557e-01,3.753120079636573792e-02,8.532846570014953613e-01,-7.839360274374485016e-03,1.713668182492256165e-02,-1.017308142036199570e-02,9.997706413269042969e-01,2.676829323172569275e-02,1.324284821748733521e-03,1.051409915089607239e-01,6.150330901145935059e-01,-1.739658713340759277e-01,-1.175885125994682312e-01,8.402393758296966553e-02,-2.841651141643524170e-01,5.232414975762367249e-02,2.339394539594650269e-01,3.090028464794158936e-02,-5.098952353000640869e-02,2.895036153495311737e-02,-7.047459483146667480e-02,1.805383525788784027e-02,-3.917091712355613708e-02,1.783771067857742310e-01,7.837554067373275757e-02,1.181783556938171387e+00,-1.524167787283658981e-02,-9.035814553499221802e-02,-1.991037093102931976e-02,7.487475872039794922e-02,-1.518095731735229492e-01,2.381220087409019470e-02,1.347244739532470703e+00,3.027281025424599648e-03,-1.577384583652019501e-02,4.073996841907501221e-02
-4.682641923427581787e-01,3.446095809340476990e-02,8.550852537155151367e-01,-1.564384251832962036e-02,1.472332607954740524e-02,-7.523919921368360519e-03,9.997408986091613770e-01,5.551268905401229858e-02,-7.239151746034622192e-02,1.030653789639472961e-01,7.442344427108764648e-01,-1.682719402015209198e-02,-5.949404463171958923e-02,1.046089902520179749e-01,-2.437443435192108154e-01,5.507643148303031921e-02,2.326162755489349365e-01,4.621537402272224426e-03,-5.663217231631278992e-02,5.310564488172531128e-02,-7.554861903190612793e-02,1.787301525473594666e-02,-2.705068513751029968e-02,1.744082868099212646e-01,5.924039706587791443e-02,1.214221239089965820e+00,-8.752889931201934814e-03,-6.524719297885894775e-02,-5.825750064104795456e-03,6.893232464790344238e-02,-1.621958911418914795e-01,4.079117625951766968e-02,1.343416810035705566e+00,-1.530276378616690636e-03,-8.387637324631214142e-03,4.228195920586585999e-02
-4.381496310234069824e-01,3.337163850665092468e-02,8.582647442817687988e-01,-1.879079081118106842e-02,1.281507126986980438e-02,-3.869886510074138641e-03,9.997338056564331055e-01,7.903787493705749512e-02,-1.615612804889678955e-01,1.218021214008331299e-01,8.643427491188049316e-01,-7.201483845710754395e-02,-2.492598816752433777e-02,1.087445244193077087e-01,-1.938340663909912109e-01,4.976308718323707581e-02,2.209588736295700073e-01,-2.368638850748538971e-02,-5.748123303055763245e-02,6.523556262254714966e-02,-7.106956839561462402e-02,1.788400672376155853e-02,-7.581272628158330917e-03,1.710625588893890381e-01,5.683965235948562622e-02,1.246183276176452637e+00,1.627957215532660484e-03,-4.465902969241142273e-02,1.324370689690113068e-02,5.814834311604499817e-02,-1.765801012516021729e-01,4.943493008613586426e-02,1.329319596290588379e+00,2.431041793897747993e-03,9.116820059716701508e-03,3.706488758325576782e-02
-4.167720079421997070e-01,3.203295916318893433e-02,8.603580594062805176e-01,-1.853355579078197479e-02,1.187594886869192123e-02,-3.464065492153167725e-03,9.997516870498657227e-01,8.886920660734176636e-02,-2.221254259347915649e-01,1.332395672798156738e-01,8.984801173210144043e-01,-1.093103885650634766e-01,-1.189766218885779381e-03,1.073034182190895081e-01,-1.557043194770812988e-01,4.727995768189430237e-02,2.044669836759567261e-01,-3.638419508934020996e-02,-5.985173210501670837e-02,6.498713046312332153e-02,-5.775591358542442322e-02,1.820423454046249390e-02,1.147825364023447037e-02,1.719626635313034058e-01,7.099694758653640747e-02,1.263303518295288086e+00,6.284348201006650925e-04,-3.173015266656875610e-02,1.644353754818439484e-02,4.848602786660194397e-02,-1.832702308893203735e-01,4.732966050505638123e-02,1.317004442214965820e+00,1.605677790939807892e-02,2.107207849621772766e-02,2.968680858612060547e-02
-3.959580659866333008e-01,3.075935505330562592e-02,8.620060682296752930e-01,-1.821549981832504272e-02,1.030528359115123749e-02,-3.267271444201469421e-03,9.997756481170654297e-01,9.911898523569107056e-02,-2.719922065734863281e-01,1.472681611776351929e-01,8.904058933258056641e-01,-1.344260573387145996e-01,8.709817193448543549e-03,1.050008386373519897e-01,-1.112951636314392090e-01,4.189588874578475952e-02,1.766102313995361328e-01,-4.607345163822174072e-02,-6.078245118260383606e-02,6.320510804653167725e-02,-4.327538236975669861e-02,2.020194195210933685e-02,3.325232863426208496e-02,1.768769770860671997e-01,8.992607891559600830e-02,1.275511384010314941e+00,-5.704910960048437119e-03,-1.927041821181774139e-02,1.340971142053604126e-02,3.805088251829147339e-02,-1.863230764865875244e-01,4.012203961610794067e-02,1.304197311401367188e+00,2.862321585416793823e-02,3.204035758972167969e-02,2.174752391874790192e-02
-3.693343997001647949e-01,2.974194847047328949e-02,8.631000518798828125e-01,-1.868224889039993286e-02,1.008637715131044388e-02,-2.852787263691425323e-03,9.997705221176147461e-01,1.127121746540069580e-01,-3.305235803127288818e-01,1.633503586053848267e-01,8.293129801750183105e-01,-1.414483636617660522e-01,1.384944375604391098e-02,1.034267395734786987e-01,-5.545863509178161621e-02,3.774385526776313782e-02,1.359923481941223145e-01,-5.600088462233543396e-02,-5.815677344799041748e-02,6.263338774442672729e-02,-2.597157470881938934e-02,1.946823112666606903e-02,6.377997249364852905e-02,1.887632459402084351e-01,1.151311770081520081e-01,1.283889412879943848e+00,-1.101154182106256485e-02,-7.059470750391483307e-03,1.639544032514095306e-02,2.161977440118789673e-02,-1.870196461677551270e-01,2.651521004736423492e-02,1.287180542945861816e+00,3.306588158011436462e-02,5.159749835729598999e-02,1.269141864031553268e-02
-3.501253724098205566e-01,2.876182273030281067e-02,8.628726601600646973e-01,-1.917483471333980560e-02,1.120631676167249680e-02,-2.942303428426384926e-03,9.997490048408508301e-01,1.237983554601669312e-01,-3.643347322940826416e-01,1.769020259380340576e-01,7.478982806205749512e-01,-1.307119429111480713e-01,1.174732390791177750e-02,1.033624857664108276e-01,-1.569202356040477753e-02,3.538923338055610657e-02,1.034407913684844971e-01,-6.725033372640609741e-02,-5.594953522086143494e-02,6.188889220356941223e-02,-1.447732839733362198e-02,1.718866080045700073e-02,8.601506054401397705e-02,1.999093294143676758e-01,1.332879811525344849e-01,1.286459207534790039e+00,-1.141224429011344910e-02,-4.628616850823163986e-03,2.222762256860733032e-02,7.132563740015029907e-03,-1.879913210868835449e-01,2.033829316496849060e-02,1.273843884468078613e+00,3.129958361387252808e-02,6.827923655509948730e-02,7.904287427663803101e-03
-3.309257328510284424e-01,2.810816280543804169e-02,8.616935014724731445e-01,-2.016782201826572418e-02,1.188482809811830521e-02,-3.305908758193254471e-03,9.997205138206481934e-01,1.352429240942001343e-01,-3.861468732357025146e-01,1.935019940137863159e-01,6.428090333938598633e-01,-1.010430008172988892e-01,4.198985639959573746e-03,1.041978970170021057e-01,2.252344228327274323e-02,3.376196324825286865e-02,7.542913407087326050e-02,-7.708505541086196899e-02,-5.607809498906135559e-02,6.281938403844833374e-02,-5.551965907216072083e-03,1.643576845526695251e-02,1.084155961871147156e-01,2.107872664928436279e-01,1.529908478260040283e-01,1.286170482635498047e+00,-8.003064431250095367e-03,-5.479528568685054779e-03,2.781987190246582031e-02,-8.650779724121093750e-03,-1.905246526002883911e-01,2.002192288637161255e-02,1.260799646377563477e+00,3.262379020452499390e-02,8.312079310417175293e-02,9.936493588611483574e-04
-3.052902221679687500e-01,2.876603230834007263e-02,8.588756918907165527e-01,-2.427358552813529968e-02,1.371974404901266098e-02,-2.858182182535529137e-03,9.996071457862854004e-01,1.518178880214691162e-01,-4.017825424671173096e-01,2.186199426651000977e-01,4.758364260196685791e-01,-4.448821768164634705e-02,-5.390353500843048096e-03,1.104283258318901062e-01,6.629896163940429688e-02,4.054238647222518921e-02,4.827735573053359985e-02,-8.973085880279541016e-02,-5.253467708826065063e-02,7.202534377574920654e-02,-2.966396743431687355e-03,1.329804211854934692e-02,1.378559172153472900e-01,2.218571752309799194e-01,1.790358722209930420e-01,1.284850001335144043e+00,8.841761737130582333e-04,-2.479312010109424591e-03,3.110097162425518036e-02,-2.928994223475456238e-02,-1.949908584356307983e-01,2.327255345880985260e-02,1.244280934333801270e+00,3.316154703497886658e-02,9.949902445077896118e-02,-1.149858441203832626e-02
-2.855816483497619629e-01,3.015515394508838654e-02,8.558378219604492188e-01,-2.929802052676677704e-02,1.526386104524135590e-02,-2.140380209311842918e-03,9.994518756866455078e-01,1.633122414350509644e-01,-4.028331637382507324e-01,2.382478564977645874e-01,3.372319638729095459e-01,8.742332458496093750e-03,-2.391343750059604645e-02,1.184710487723350525e-01,9.578860551118850708e-02,4.734216257929801941e-02,3.503630310297012329e-02,-1.012066304683685303e-01,-4.937076568603515625e-02,8.377385884523391724e-02,-6.693916860967874527e-03,1.024061720818281174e-02,1.581289768218994141e-01,2.270305752754211426e-01,1.988884061574935913e-01,1.285202980041503906e+00,4.686914850026369095e-03,2.190054801758378744e-04,3.683701157569885254e-02,-4.342770203948020935e-02,-1.970179975032806396e-01,2.542976289987564087e-02,1.234271407127380371e+00,3.462818637490272522e-02,1.083083152770996094e-01,-2.055789902806282043e-02
-2.653734385967254639e-01,3.223808482289314270e-02,8.520900011062622070e-01,-3.421945869922637939e-02,1.652299426496028900e-02,-9.730778401717543602e-04,9.992772936820983887e-01,1.672428101301193237e-01,-3.979358673095703125e-01,2.508917152881622314e-01,2.061189562082290649e-01,4.135632514953613281e-02,-4.664097726345062256e-02,1.255216896533966064e-01,1.211788207292556763e-01,5.011923238635063171e-02,3.196582943201065063e-02,-1.165422797203063965e-01,-4.635268449783325195e-02,9.484086185693740845e-02,-1.238996814936399460e-02,7.327343337237834930e-03,1.762782186269760132e-01,2.307280451059341431e-01,2.158539891242980957e-01,1.286461830139160156e+00,8.070387877523899078e-03,1.982911489903926849e-03,4.503055661916732788e-02,-5.661586672067642212e-02,-1.971749216318130493e-01,2.786406502127647400e-02,1.228182077407836914e+00,3.740318492054939270e-02,1.161471679806709290e-01,-2.752066962420940399e-02
-2.376935034990310669e-01,3.689846396446228027e-02,8.463926315307617188e-01,-3.760226443409919739e-02,1.809946447610855103e-02,1.595678855665028095e-03,9.991275668144226074e-01,1.503958553075790405e-01,-3.851583003997802734e-01,2.307799756526947021e-01,6.894018501043319702e-02,4.539753776043653488e-03,-5.477069318294525146e-02,1.264985799789428711e-01,1.451423019170761108e-01,3.925853595137596130e-02,4.776469990611076355e-02,-1.430963575839996338e-01,-4.220882803201675415e-02,1.021229699254035950e-01,-1.963111758232116699e-02,1.886742422357201576e-03,1.952660232782363892e-01,2.351687699556350708e-01,2.265805304050445557e-01,1.289772987365722656e+00,1.123697869479656219e-02,1.193535979837179184e-03,6.114606931805610657e-02,-7.116900384426116943e-02,-1.952894181013107300e-01,3.310338407754898071e-02,1.226657748222351074e+00,4.100653529167175293e-02,1.193635687232017517e-01,-3.048634342849254608e-02
-2.149531692266464233e-01,4.122284054756164551e-02,8.418334126472473145e-01,-3.851339966058731079e-02,1.797117292881011963e-02,3.666563192382454872e-03,9.990897178649902344e-01,1.326901018619537354e-01,-3.725734949111938477e-01,1.969256103038787842e-01,1.103642582893371582e-02,-3.108989633619785309e-02,-7.289884984493255615e-02,1.220906525850296021e-01,1.599553376436233521e-01,2.969988621771335602e-02,7.395266741514205933e-02,-1.673119962215423584e-01,-3.355932980775833130e-02,1.034341901540756226e-01,-2.397657744586467743e-02,-1.776207587681710720e-03,2.065718770027160645e-01,2.372128814458847046e-01,2.289638072252273560e-01,1.291825175285339355e+00,1.555234193801879883e-02,2.868908632081001997e-04,6.794583052396774292e-02,-7.797555625438690186e-02,-1.924039274454116821e-01,3.819673508405685425e-02,1.230213999748229980e+00,4.298678785562515259e-02,1.161316856741905212e-01,-3.064473159611225128e-02
-1.902702748775482178e-01,4.571552202105522156e-02,8.380500674247741699e-01,-3.899160027503967285e-02,1.612941361963748932e-02,4.493320826441049576e-03,9.990992546081542969e-01,1.194416806101799011e-01,-3.599024713039398193e-01,1.587983816862106323e-01,1.780526479706168175e-03,-5.575872212648391724e-02,-8.351087570190429688e-02,1.160306185483932495e-01,1.743698865175247192e-01,2.289408817887306213e-02,1.101969256997108459e-01,-1.946114003658294678e-01,-2.481649443507194519e-02,1.027274876832962036e-01,-2.476969175040721893e-02,-3.556894138455390930e-03,2.144073247909545898e-01,2.375404983758926392e-01,2.317257821559906006e-01,1.293339610099792480e+00,2.206579968333244324e-02,2.981798315886408091e-04,7.493827491998672485e-02,-7.957774400711059570e-02,-1.878120750188827515e-01,4.060181602835655212e-02,1.236740231513977051e+00,4.203621670603752136e-02,1.102687716484069824e-01,-3.567130118608474731e-02
-1.540333330631256104e-01,5.164552107453346252e-02,8.358581662178039551e-01,-3.791029751300811768e-02,1.168579794466495514e-02,4.274392500519752502e-03,9.992036819458007812e-01,1.010821461677551270e-01,-3.502997756004333496e-01,1.334553658962249756e-01,5.793735757470130920e-02,-3.854199498891830444e-02,-2.496621757745742798e-02,1.036580726504325867e-01,1.889902055263519287e-01,1.825144328176975250e-02,1.800757646560668945e-01,-2.362844944000244141e-01,-1.302888616919517517e-02,9.557301551103591919e-02,-1.921189203858375549e-02,-5.180434789508581161e-03,2.212031483650207520e-01,2.361445128917694092e-01,2.348000258207321167e-01,1.294874191284179688e+00,3.089314885437488556e-02,3.008753061294555664e-03,8.018849790096282959e-02,-7.103140652179718018e-02,-1.801883578300476074e-01,3.579217568039894104e-02,1.246879339218139648e+00,3.766048327088356018e-02,9.786853194236755371e-02,-4.268464446067810059e-02
-1.250426918268203735e-01,5.678384006023406982e-02,8.369156718254089355e-01,-3.571319580078125000e-02,7.807102054357528687e-03,2.131717512384057045e-03,9.993293285369873047e-01,8.460139483213424683e-02,-3.434039354324340820e-01,1.160228177905082703e-01,1.025913357734680176e-01,1.017484348267316818e-02,1.312130969017744064e-02,8.966862410306930542e-02,1.897015869617462158e-01,1.636959053575992584e-02,2.541872262954711914e-01,-2.684518992900848389e-01,1.525875995866954327e-03,8.621947467327117920e-02,-9.898260235786437988e-03,-6.120483856648206711e-03,2.240874171257019043e-01,2.333267182111740112e-01,2.383621633052825928e-01,1.293909788131713867e+00,3.567008674144744873e-02,4.582679830491542816e-03,8.572493493556976318e-02,-5.859915167093276978e-02,-1.767157912254333496e-01,2.995948493480682373e-02,1.253247499465942383e+00,3.754648566246032715e-02,8.798541873693466187e-02,-4.079383239150047302e-02
-9.526807069778442383e-02,6.254216283559799194e-02,8.400194644927978516e-01,-3.104636445641517639e-02,3.978115040808916092e-03,3.415495739318430424e-04,9.995099902153015137e-01,6.312938034534454346e-02,-3.339928686618804932e-01,9.585104882717132568e-02,1.443934589624404907e-01,7.571627199649810791e-02,1.987402699887752533e-02,6.984327733516693115e-02,1.745773255825042725e-01,5.813162773847579956e-03,3.532579839229583740e-01,-2.922528982162475586e-01,1.577799022197723389e-02,7.030922919511795044e-02,1.693725818768143654e-03,-6.256899796426296234e-03,2.228487879037857056e-01,2.305112332105636597e-01,2.375168353319168091e-01,1.291802167892456055e+00,3.018748573958873749e-02,1.829377026297152042e-03,8.613966405391693115e-02,-4.378929734230041504e-02,-1.733039766550064087e-01,2.225913852453231812e-02,1.260006189346313477e+00,3.779841959476470947e-02,7.669623941183090210e-02,-3.725472465157508850e-02
-5.646346881985664368e-02,7.173448801040649414e-02,8.458113074302673340e-01,-2.024614624679088593e-02,-7.704454474151134491e-04,-5.005823913961648941e-04,9.997946023941040039e-01,1.581290923058986664e-02,-3.222545981407165527e-01,5.770799145102500916e-02,2.188147902488708496e-01,9.594523906707763672e-02,3.811717778444290161e-02,2.849156968295574188e-02,1.199553012847900391e-01,-2.647432126104831696e-02,5.240997076034545898e-01,-2.771885693073272705e-01,4.900552332401275635e-02,3.703290969133377075e-02,1.965941488742828369e-02,-5.651508923619985580e-03,2.087386101484298706e-01,2.261980921030044556e-01,2.228612452745437622e-01,1.294968247413635254e+00,2.413154393434524536e-02,6.290923338383436203e-03,8.558015525341033936e-02,-2.368125133216381073e-02,-1.649062484502792358e-01,8.890783414244651794e-03,1.271620631217956543e+00,2.859504148364067078e-02,5.489391088485717773e-02,-3.299076855182647705e-02
-2.891199849545955658e-02,7.835862040519714355e-02,8.494386076927185059e-01,-1.002634130418300629e-02,-5.131395533680915833e-03,4.939148784615099430e-04,9.999364614486694336e-01,-2.701481804251670837e-02,-2.995835840702056885e-01,1.970049552619457245e-02,2.585282027721405029e-01,6.612692028284072876e-02,4.293913394212722778e-02,-1.035723648965358734e-02,5.420220643281936646e-02,-4.934022948145866394e-02,6.711223721504211426e-01,-1.546059250831604004e-01,7.333637773990631104e-02,7.708578370511531830e-03,3.088935278356075287e-02,1.360010937787592411e-03,1.853689402341842651e-01,2.217824906110763550e-01,1.996885538101196289e-01,1.302067399024963379e+00,2.538623102009296417e-02,9.083370678126811981e-03,7.986269891262054443e-02,-1.354181021451950073e-02,-1.562144011259078979e-01,-3.410045523196458817e-03,1.282807588577270508e+00,2.225244231522083282e-02,3.745288774371147156e-02,-3.029455244541168213e-02
-3.330423031002283096e-03,8.287017047405242920e-02,8.511849045753479004e-01,4.476485191844403744e-04,-8.821548894047737122e-03,1.783139014150947332e-04,9.999609589576721191e-01,-6.339254230260848999e-02,-2.635509967803955078e-01,-2.798122121021151543e-03,2.695775032043457031e-01,2.990568242967128754e-02,4.868727177381515503e-02,-4.602738842368125916e-02,-2.755166590213775635e-02,-6.324344873428344727e-02,8.122698068618774414e-01,5.423848703503608704e-02,4.354592785239219666e-02,-2.207315340638160706e-02,4.175503179430961609e-02,9.452930651605129242e-03,1.579904109239578247e-01,2.179025709629058838e-01,1.717637032270431519e-01,1.307297825813293457e+00,2.535588853061199188e-02,1.432905253022909164e-02,7.366912066936492920e-02,-6.379336118698120117e-03,-1.482588201761245728e-01,-1.218329276889562607e-02,1.293272256851196289e+00,2.203023061156272888e-02,2.424157224595546722e-02,-2.710555866360664368e-02
2.628945931792259216e-02,8.644640445709228516e-02,8.546941280364990234e-01,7.305972278118133545e-03,-1.086988020688295364e-02,-3.225472057238221169e-03,9.999090433120727539e-01,-8.296453952789306641e-02,-2.132371366024017334e-01,-9.436125401407480240e-04,2.583674788475036621e-01,-2.477433299645781517e-03,5.231569707393646240e-02,-7.028312236070632935e-02,-1.236453503370285034e-01,-6.785447895526885986e-02,9.478107690811157227e-01,8.385024964809417725e-02,3.375772386789321899e-02,-4.411877691745758057e-02,4.773862659931182861e-02,1.616827957332134247e-02,1.193211451172828674e-01,2.137135714292526245e-01,1.349801868200302124e-01,1.307630419731140137e+00,1.050289068371057510e-02,1.011316012591123581e-02,6.498002260923385620e-02,-7.332859095185995102e-04,-1.458897888660430908e-01,-7.466917391866445541e-03,1.302710771560668945e+00,3.043430112302303314e-02,1.766431890428066254e-02,-1.997096650302410126e-02
4.675722122192382812e-02,8.876767009496688843e-02,8.577852249145507812e-01,8.000894449651241302e-03,-1.101368013769388199e-02,-4.393654409795999527e-03,9.998976588249206543e-01,-8.582830429077148438e-02,-1.759047061204910278e-01,3.047799458727240562e-03,2.399452626705169678e-01,-1.961476169526576996e-02,4.941833019256591797e-02,-7.345520704984664917e-02,-1.884339153766632080e-01,-6.684734672307968140e-02,1.000074863433837891e+00,3.889596462249755859e-02,2.224413864314556122e-02,-4.803424328565597534e-02,4.201614484190940857e-02,1.756693050265312195e-02,8.769788593053817749e-02,2.090227305889129639e-01,1.023085340857505798e-01,1.306273341178894043e+00,-1.249755732715129852e-03,6.967942230403423309e-03,5.389082059264183044e-02,4.244827199727296829e-03,-1.510959714651107788e-01,1.222641731146723032e-04,1.303492307662963867e+00,2.611816488206386566e-02,2.190217934548854828e-02,-1.758957467973232269e-02
6.666390597820281982e-02,9.253528714179992676e-02,8.604907989501953125e-01,6.839681882411241531e-03,-1.100529637187719345e-02,-3.368207253515720367e-03,9.999103546142578125e-01,-8.659002184867858887e-02,-1.388519406318664551e-01,5.722207948565483093e-03,2.192893624305725098e-01,-3.319616243243217468e-02,4.681683704257011414e-02,-7.552929967641830444e-02,-2.384026646614074707e-01,-7.151277363300323486e-02,1.002348184585571289e+00,6.756515242159366608e-03,2.727467939257621765e-02,-4.735459759831428528e-02,2.961233444511890411e-02,1.813218556344509125e-02,5.457207560539245605e-02,2.034211456775665283e-01,7.055298238992691040e-02,1.303700923919677734e+00,-8.438822813332080841e-03,1.830760389566421509e-03,4.523872584104537964e-02,1.067072618752717972e-02,-1.558489054441452026e-01,-1.238585799001157284e-03,1.300871610641479492e+00,1.788665726780891418e-02,2.694584429264068604e-02,-1.757335104048252106e-02
9.181261062622070312e-02,9.722289443016052246e-02,8.631716370582580566e-01,4.387201741337776184e-03,-9.741765446960926056e-03,-2.008756157010793686e-03,9.999409317970275879e-01,-8.499588072299957275e-02,-9.128467738628387451e-02,1.325104571878910065e-02,1.880295425653457642e-01,-5.578371882438659668e-02,4.717417061328887939e-02,-7.477069646120071411e-02,-2.946709692478179932e-01,-7.825185358524322510e-02,9.549629092216491699e-01,-5.734778195619583130e-02,1.846316084265708923e-02,-4.429579153656959534e-02,1.186090242117643356e-02,1.615586131811141968e-02,1.405659224838018417e-02,1.961206942796707153e-01,4.658488184213638306e-02,1.290382504463195801e+00,-1.214026752859354019e-02,-1.653536781668663025e-02,3.619669750332832336e-02,2.243086881935596466e-02,-1.629462838172912598e-01,-1.199524383991956711e-02,1.292824268341064453e+00,4.711892455816268921e-03,3.467203676700592041e-02,-1.491133589297533035e-02
1.095565855503082275e-01,1.003641784191131592e-01,8.637952804565429688e-01,4.641623701900243759e-03,-6.696132011711597443e-03,-2.372097223997116089e-03,9.999639987945556641e-01,-8.846519142389297485e-02,-5.668110400438308716e-02,1.816724985837936401e-02,1.565350145101547241e-01,-7.154518365859985352e-02,4.682427272200584412e-02,-8.024806529283523560e-02,-3.351573050022125244e-01,-8.890648931264877319e-02,8.907068967819213867e-01,-8.278859406709671021e-02,1.273924112319946289e-02,-4.685046151280403137e-02,3.486355068162083626e-03,1.180385053157806396e-02,-1.367834117263555527e-02,1.920823603868484497e-01,4.457162320613861084e-02,1.272663235664367676e+00,-1.856043934822082520e-02,-4.088021069765090942e-02,3.526731953024864197e-02,3.092589229345321655e-02,-1.678992807865142822e-01,-2.292334474623203278e-02,1.285455465316772461e+00,6.152746267616748810e-03,4.345791786909103394e-02,-1.222739834338426590e-02
1.269694119691848755e-01,1.026273220777511597e-01,8.633497953414916992e-01,6.457361858338117599e-03,-3.411421552300453186e-03,-3.432100638747215271e-03,9.999674558639526367e-01,-9.475214779376983643e-02,-2.465338446199893951e-02,2.153794839978218079e-02,1.286613345146179199e-01,-8.888822048902511597e-02,4.659265652298927307e-02,-8.674096316099166870e-02,-3.682134747505187988e-01,-9.754253178834915161e-02,8.033812046051025391e-01,-8.762697130441665649e-02,1.663676835596561432e-02,-5.317279323935508728e-02,-8.206728380173444748e-04,8.094786666333675385e-03,-3.593082726001739502e-02,1.934164166450500488e-01,4.264357686042785645e-02,1.247183084487915039e+00,-1.952606067061424255e-02,-6.649187207221984863e-02,1.784911565482616425e-02,3.790719062089920044e-02,-1.716234833002090454e-01,-3.209883719682693481e-02,1.279059648513793945e+00,8.369916118681430817e-03,4.907475411891937256e-02,-1.328177563846111298e-02
1.499413549900054932e-01,1.042335107922554016e-01,8.616842031478881836e-01,9.970393031835556030e-03,1.446640933863818645e-03,-5.713835824280977249e-03,9.999329447746276855e-01,-1.044493988156318665e-01,8.204723708331584930e-03,2.385703288018703461e-02,1.069873347878456116e-01,-1.134174540638923645e-01,4.877705127000808716e-02,-9.197093546390533447e-02,-3.962538540363311768e-01,-1.044142246246337891e-01,6.492512822151184082e-01,-6.075734645128250122e-02,2.882513962686061859e-02,-6.454998999834060669e-02,-2.417567884549498558e-03,3.548061242327094078e-03,-6.395682692527770996e-02,1.994995474815368652e-01,4.469370841979980469e-02,1.209568381309509277e+00,-2.442371100187301636e-02,-9.863634407520294189e-02,1.034565502777695656e-03,4.493361711502075195e-02,-1.716257333755493164e-01,-4.006305709481239319e-02,1.275922775268554688e+00,4.486270714551210403e-03,4.914268851280212402e-02,-1.677520386874675751e-02
1.678486317396163940e-01,1.043349057435989380e-01,8.597747683525085449e-01,1.493025291711091995e-02,4.103747662156820297e-03,-7.730435114353895187e-03,9.998502135276794434e-01,-1.156173348426818848e-01,3.366081789135932922e-02,2.282436750829219818e-02,9.375325590372085571e-02,-1.252700984477996826e-01,4.885786399245262146e-02,-9.878591448068618774e-02,-4.042498767375946045e-01,-1.100336238741874695e-01,5.161829590797424316e-01,-2.322663180530071259e-02,3.977543115615844727e-02,-7.854352146387100220e-02,6.238308851607143879e-04,2.396106487140059471e-03,-8.184173703193664551e-02,2.042667865753173828e-01,4.753980413079261780e-02,1.183238387107849121e+00,-2.635326050221920013e-02,-1.213973164558410645e-01,-1.261543575674295425e-02,4.826696217060089111e-02,-1.675156652927398682e-01,-4.231032729148864746e-02,1.279302716255187988e+00,2.567776245996356010e-03,4.263691231608390808e-02,-1.986156217753887177e-02
1.868258565664291382e-01,1.035134121775627136e-01,8.572406172752380371e-01,2.080648578703403473e-02,6.953306961804628372e-03,-1.024933438748121262e-02,9.997068047523498535e-01,-1.276474595069885254e-01,5.846513807773590088e-02,2.335239015519618988e-02,8.314333111047744751e-02,-1.362890303134918213e-01,4.892610013484954834e-02,-1.044442281126976013e-01,-4.056653082370758057e-01,-1.127284839749336243e-01,3.772575855255126953e-01,2.392585948109626770e-02,4.401541501283645630e-02,-9.354664385318756104e-02,5.449040327221155167e-03,-9.095942368730902672e-04,-9.535346925258636475e-02,2.086518406867980957e-01,4.947091639041900635e-02,1.161764979362487793e+00,-2.820856869220733643e-02,-1.378580778837203979e-01,-2.118803560733795166e-02,5.249619111418724060e-02,-1.615468263626098633e-01,-4.307796806097030640e-02,1.285649299621582031e+00,5.709895398467779160e-03,3.271911665797233582e-02,-1.226458232849836349e-02
2.137106060981750488e-01,1.027707979083061218e-01,8.529704809188842773e-01,2.729732543230056763e-02,1.154366694390773773e-02,-1.121565699577331543e-02,9.994977712631225586e-01,-1.410542577505111694e-01,8.287969231605529785e-02,1.684089936316013336e-02,8.480077981948852539e-02,-1.505203098058700562e-01,5.260851979255676270e-02,-1.084753125905990601e-01,-3.994543552398681641e-01,-1.199371740221977234e-01,1.966426372528076172e-01,7.497022300958633423e-02,4.784530401229858398e-02,-1.067504510283470154e-01,4.933218471705913544e-03,-8.073260076344013214e-03,-1.077909022569656372e-01,2.099837660789489746e-01,5.017375200986862183e-02,1.145659327507019043e+00,-3.931448608636856079e-02,-1.515454500913619995e-01,-2.713811956346035004e-02,6.060181930661201477e-02,-1.568137854337692261e-01,-4.198735952377319336e-02,1.293300271034240723e+00,7.153699640184640884e-03,2.672472223639488220e-02,-2.879865001887083054e-03
2.352243512868881226e-01,1.021233350038528442e-01,8.492566943168640137e-01,2.982691302895545959e-02,1.406999491155147552e-02,-1.294605433940887451e-02,9.993721842765808105e-01,-1.456402838230133057e-01,9.999900311231613159e-02,1.740183867514133453e-02,9.445376694202423096e-02,-1.652193069458007812e-01,5.234129354357719421e-02,-9.888499230146408081e-02,-3.858690857887268066e-01,-1.246112361550331116e-01,7.269934564828872681e-02,8.598693460226058960e-02,5.673925951123237610e-02,-1.100865751504898071e-01,5.418565589934587479e-03,-1.149325072765350342e-02,-1.131018176674842834e-01,2.078239917755126953e-01,5.040191859006881714e-02,1.141131043434143066e+00,-4.111304879188537598e-02,-1.535025388002395630e-01,-2.616296894848346710e-02,6.803774833679199219e-02,-1.545683592557907104e-01,-4.176853224635124207e-02,1.296985864639282227e+00,4.122669808566570282e-03,2.356789447367191315e-02,-1.910590450279414654e-03
2.576751708984375000e-01,1.004340872168540955e-01,8.449543714523315430e-01,2.979307807981967926e-02,1.662676408886909485e-02,-1.322480663657188416e-02,9.993302822113037109e-01,-1.431736350059509277e-01,1.119289770722389221e-01,1.929994113743305206e-02,1.145600229501724243e-01,-1.821081489324569702e-01,5.063279345631599426e-02,-8.022386580705642700e-02,-3.732776641845703125e-01,-1.225197613239288330e-01,-1.734248548746109009e-02,6.710188090801239014e-02,8.299003541469573975e-02,-1.064083501696586609e-01,1.566956867463886738e-03,-1.443727221339941025e-02,-1.160411611199378967e-01,2.039729654788970947e-01,4.626938328146934509e-02,1.144681572914123535e+00,-4.386093467473983765e-02,-1.506518125534057617e-01,-2.962966635823249817e-02,7.629219442605972290e-02,-1.532895714044570923e-01,-4.339560121297836304e-02,1.299319624900817871e+00,1.639701076783239841e-03,2.159595862030982971e-02,4.381368489703163505e-05
2.900179624557495117e-01,9.733168780803680420e-02,8.389430642127990723e-01,2.969572320580482483e-02,1.829718612134456635e-02,-1.343521941453218460e-02,9.993011951446533203e-01,-1.374017894268035889e-01,1.286866068840026855e-01,1.738462410867214203e-02,1.512567698955535889e-01,-2.086650431156158447e-01,4.305535927414894104e-02,-6.612399965524673462e-02,-3.785344958305358887e-01,-9.738728404045104980e-02,-1.740000024437904358e-02,-2.293402515351772308e-02,1.076269298791885376e-01,-9.963559359312057495e-02,-2.670347690582275391e-03,-1.672177202999591827e-02,-1.094068661332130432e-01,1.974560022354125977e-01,4.255165904760360718e-02,1.155480027198791504e+00,-3.764741495251655579e-02,-1.419543921947479248e-01,-3.300970792770385742e-02,8.741220086812973022e-02,-1.540452539920806885e-01,-4.106261208653450012e-02,1.302832722663879395e+00,1.871711690910160542e-03,2.039390988647937775e-02,3.445408307015895844e-03
3.162596523761749268e-01,9.430271387100219727e-02,8.350830078125000000e-01,2.792025543749332428e-02,1.854691654443740845e-02,-1.334606576710939407e-02,9.993489384651184082e-01,-1.271943897008895874e-01,1.393326222896575928e-01,1.722173579037189484e-02,1.904802173376083374e-01,-2.404070645570755005e-01,2.876439131796360016e-02,-5.030894279479980469e-02,-3.568032383918762207e-01,-7.377811521291732788e-02,-1.740000024437904358e-02,-3.374194353818893433e-02,9.014352411031723022e-02,-8.899828791618347168e-02,-9.077303111553192139e-03,-1.841458119451999664e-02,-9.854509681463241577e-02,1.927091628313064575e-01,3.658831864595413208e-02,1.170442581176757812e+00,-3.364094719290733337e-02,-1.249996572732925415e-01,-2.483111619949340820e-02,9.355686604976654053e-02,-1.555774807929992676e-01,-3.343099355697631836e-02,1.307546496391296387e+00,1.356530701741576195e-03,1.738482899963855743e-02,8.711478672921657562e-03
3.440877497196197510e-01,9.033310413360595703e-02,8.330173492431640625e-01,2.324135974049568176e-02,1.834614202380180359e-02,-1.138986088335514069e-02,9.994966387748718262e-01,-1.087776124477386475e-01,1.445492506027221680e-01,1.887264288961887360e-02,2.441826909780502319e-01,-2.802782952785491943e-01,1.333857048302888870e-02,-2.637217938899993896e-02,-3.399972021579742432e-01,-5.972841754555702209e-02,2.955472329631447792e-03,-1.232870575040578842e-02,2.443755976855754852e-02,-7.063642889261245728e-02,-2.109834551811218262e-02,-2.059969305992126465e-02,-8.037395775318145752e-02,1.896619945764541626e-01,3.212155401706695557e-02,1.185511946678161621e+00,-2.894257754087448120e-02,-1.093742400407791138e-01,-2.065971679985523224e-02,1.001503542065620422e-01,-1.564597934484481812e-01,-3.045570664107799530e-02,1.311567306518554688e+00,-7.714960258454084396e-03,1.393216568976640701e-02,1.435120590031147003e-02
3.836933374404907227e-01,8.382683992385864258e-02,8.344041705131530762e-01,1.281042024493217468e-02,1.714493334293365479e-02,-7.950327359139919281e-03,9.997393488883972168e-01,-7.292496412992477417e-02,1.349904835224151611e-01,2.933708578348159790e-02,3.482391536235809326e-01,-3.283227980136871338e-01,-1.239682640880346298e-02,1.396572124212980270e-02,-3.287102282047271729e-01,-3.208225592970848083e-02,5.601914599537849426e-02,2.913849055767059326e-02,-1.395863387733697891e-02,-3.477021306753158569e-02,-3.919639438390731812e-02,-2.332237176597118378e-02,-4.961087182164192200e-02,1.871659755706787109e-01,2.754964493215084076e-02,1.206644773483276367e+00,-2.352578006684780121e-02,-9.216812252998352051e-02,-8.344179950654506683e-03,1.108286976814270020e-01,-1.566817462444305420e-01,-3.683646023273468018e-02,1.314723968505859375e+00,-1.324024423956871033e-02,6.914358120411634445e-03,1.405041664838790894e-02
4.147187769412994385e-01,7.873597741127014160e-02,8.383075594902038574e-01,5.605227313935756683e-03,1.394209172576665878e-02,-7.433554157614707947e-03,9.998594522476196289e-01,-4.421932622790336609e-02,1.092319041490554810e-01,4.692675173282623291e-02,4.583552181720733643e-01,-3.267958164215087891e-01,-4.257576167583465576e-02,3.846137225627899170e-02,-3.179415166378021240e-01,-1.970970630645751953e-02,1.059883683919906616e-01,5.971614643931388855e-02,-1.113351806998252869e-02,-1.093264017254114151e-02,-4.301813989877700806e-02,-2.178164571523666382e-02,-2.670872211456298828e-02,1.848454922437667847e-01,2.374827116727828979e-02,1.227104425430297852e+00,-1.649362221360206604e-02,-7.288484275341033936e-02,-2.408700063824653625e-03,1.177346035838127136e-01,-1.583721190690994263e-01,-3.507680445909500122e-02,1.317410349845886230e+00,-6.540499161928892136e-03,3.710714168846607208e-03,1.920075900852680206e-02
4.448226690292358398e-01,7.323493063449859619e-02,8.428887724876403809e-01,-4.209777340292930603e-03,9.881280362606048584e-03,-9.481039829552173615e-03,9.998973608016967773e-01,-2.877244260162115097e-03,6.409329175949096680e-02,7.330883294343948364e-02,5.877282023429870605e-01,-2.699482142925262451e-01,-9.893491864204406738e-02,7.652983814477920532e-02,-3.035329580307006836e-01,1.210956834256649017e-02,1.607698947191238403e-01,5.517015606164932251e-02,-3.293504938483238220e-02,1.698187924921512604e-02,-4.320780187845230103e-02,-1.707655750215053558e-02,-6.616328842937946320e-03,1.807046830654144287e-01,2.805231139063835144e-02,1.250033140182495117e+00,-6.742142140865325928e-03,-4.943637177348136902e-02,6.257016677409410477e-03,1.185785010457038879e-01,-1.645181924104690552e-01,-1.868342421948909760e-02,1.320107221603393555e+00,-1.293674390763044357e-02,7.237360812723636627e-03,3.296618536114692688e-02
4.835304021835327148e-01,6.863228231668472290e-02,8.472678661346435547e-01,-1.845226250588893890e-02,3.194940043613314629e-03,-1.476953737437725067e-02,9.997155666351318359e-01,4.682369902729988098e-02,-1.484405901283025742e-02,8.804545551538467407e-02,7.598192691802978516e-01,-5.777729675173759460e-02,-1.052415743470191956e-01,1.287807971239089966e-01,-2.695652842521667480e-01,7.006353139877319336e-02,2.150497585535049438e-01,3.161751478910446167e-02,-5.911460146307945251e-02,5.557606741786003113e-02,-4.151683300733566284e-02,-5.866952706128358841e-03,1.982384361326694489e-02,1.713276654481887817e-01,5.451469495892524719e-02,1.278752088546752930e+00,1.422481494955718517e-03,-1.920001395046710968e-02,1.585440710186958313e-02,1.092446148395538330e-01,-1.794617325067520142e-01,1.851766929030418396e-02,1.321377158164978027e+00,-1.713210530579090118e-02,1.137687638401985168e-02,3.818503767251968384e-02
5.096024870872497559e-01,6.612215191125869751e-02,8.490797877311706543e-01,-2.515251003205776215e-02,5.913588684052228928e-04,-1.444999407976865768e-02,9.995790123939514160e-01,7.097057253122329712e-02,-8.352964371442794800e-02,8.645268529653549194e-02,8.606363534927368164e-01,1.249756887555122375e-01,-7.679100334644317627e-02,1.483279019594192505e-01,-2.372632324695587158e-01,8.355916291475296021e-02,2.290550619363784790e-01,9.378897957503795624e-03,-7.063172757625579834e-02,7.258435338735580444e-02,-4.223130643367767334e-02,-1.821250887587666512e-03,3.845126554369926453e-02,1.685733348131179810e-01,7.701499015092849731e-02,1.296217083930969238e+00,1.263631624169647694e-03,-1.753701595589518547e-03,2.036592923104763031e-02,9.677816182374954224e-02,-1.888189315795898438e-01,4.269980266690254211e-02,1.320105433464050293e+00,-1.315108314156532288e-02,1.219912339001893997e-02,3.753738477826118469e-02
5.328325629234313965e-01,6.304999440908432007e-02,8.525227308273315430e-01,-2.636569738388061523e-02,-8.361221989616751671e-04,-1.203356031328439713e-02,9.995796084403991699e-01,8.740650862455368042e-02,-1.484791934490203857e-01,9.023089706897735596e-02,9.413149356842041016e-01,8.102309703826904297e-02,-5.191648751497268677e-02,1.508008986711502075e-01,-2.031986564397811890e-01,8.157849311828613281e-02,2.272907495498657227e-01,-8.318902924656867981e-03,-7.582589238882064819e-02,7.486860454082489014e-02,-3.774670511484146118e-02,1.017185422824695706e-04,5.461122468113899231e-02,1.722766160964965820e-01,8.822521567344665527e-02,1.309408068656921387e+00,-5.098677240312099457e-03,1.024494413286447525e-02,2.357806637883186340e-02,8.191013336181640625e-02,-1.914100348949432373e-01,5.122699588537216187e-02,1.318963646888732910e+00,-8.206118829548358917e-03,9.653446264564990997e-03,2.869649603962898254e-02
5.621489882469177246e-01,5.917948111891746521e-02,8.565136790275573730e-01,-2.564508095383644104e-02,-3.574229544028639793e-03,-1.196860056370496750e-02,9.995930790901184082e-01,1.036507412791252136e-01,-2.200690954923629761e-01,1.010336205363273621e-01,9.814995527267456055e-01,-1.449339091777801514e-03,-1.826543174684047699e-02,1.481996029615402222e-01,-1.532322168350219727e-01,7.742974907159805298e-02,2.148613333702087402e-01,-2.860089205205440521e-02,-7.792503386735916138e-02,7.202048599720001221e-02,-2.293000370264053345e-02,4.553376697003841400e-03,7.544259727001190186e-02,1.807300299406051636e-01,1.048779636621475220e-01,1.317268371582031250e+00,-1.939533394761383533e-03,1.946258917450904846e-02,2.645073644816875458e-02,6.216775998473167419e-02,-1.903902888298034668e-01,4.490606859326362610e-02,1.313268899917602539e+00,-2.836151979863643646e-04,8.499499410390853882e-03,1.306654978543519974e-02
5.824183225631713867e-01,5.723200365900993347e-02,8.587453365325927734e-01,-2.464058250188827515e-02,-3.687098156660795212e-03,-1.380150020122528076e-02,9.995942711830139160e-01,1.133577451109886169e-01,-2.685388922691345215e-01,1.128182858228683472e-01,9.680840373039245605e-01,-4.321300610899925232e-02,-4.392236471176147461e-03,1.440863311290740967e-01,-1.162222400307655334e-01,7.358216494321823120e-02,1.945296972990036011e-01,-4.144011065363883972e-02,-7.802434265613555908e-02,6.892137229442596436e-02,-8.532658219337463379e-03,5.516914185136556625e-03,9.156442433595657349e-02,1.873978376388549805e-01,1.255159378051757812e-01,1.315983295440673828e+00,5.407578777521848679e-03,1.939344778656959534e-02,2.769500575959682465e-02,4.724114388227462769e-02,-1.884792894124984741e-01,3.296928480267524719e-02,1.305670380592346191e+00,3.935395274311304092e-03,1.228220015764236450e-02,1.928523764945566654e-03
6.018570661544799805e-01,5.642889067530632019e-02,8.603675961494445801e-01,-2.328981086611747742e-02,-2.948800334706902504e-03,-1.634811982512474060e-02,9.995907545089721680e-01,1.184224858880043030e-01,-3.087509572505950928e-01,1.233313977718353271e-01,9.225690364837646484e-01,-8.388832956552505493e-02,6.919733248651027679e-03,1.375157833099365234e-01,-7.798883318901062012e-02,7.081989198923110962e-02,1.665358394384384155e-01,-5.322947353124618530e-02,-7.455324381589889526e-02,6.472285836935043335e-02,6.777062546461820602e-03,5.430536810308694839e-03,1.075999438762664795e-01,1.943191289901733398e-01,1.493050903081893921e-01,1.312199473381042480e+00,5.960762966424226761e-03,1.684555225074291229e-02,2.987576089799404144e-02,3.321266919374465942e-02,-1.879854351282119751e-01,2.339530177414417267e-02,1.295196652412414551e+00,8.635584264993667603e-03,2.323857508599758148e-02,-6.022171583026647568e-03
6.267638206481933594e-01,5.536061525344848633e-02,8.610702157020568848e-01,-2.330731973052024841e-02,-6.617668550461530685e-04,-1.779063604772090912e-02,9.995698332786560059e-01,1.288928985595703125e-01,-3.530107438564300537e-01,1.373630166053771973e-01,8.219848871231079102e-01,-1.091502755880355835e-01,4.965569358319044113e-03,1.335612535476684570e-01,-2.930894307792186737e-02,6.780287623405456543e-02,1.274975240230560303e-01,-6.957901269197463989e-02,-7.458750903606414795e-02,6.396841257810592651e-02,1.869165338575839996e-02,3.806860651820898056e-03,1.272745579481124878e-01,2.025523185729980469e-01,1.798427402973175049e-01,1.305247664451599121e+00,2.640074351802468300e-03,1.148665789514780045e-02,3.318958356976509094e-02,1.548721548169851303e-02,-1.924262493848800659e-01,2.060399390757083893e-02,1.276929736137390137e+00,1.294882316142320633e-02,4.213442280888557434e-02,-1.666221953928470612e-02
6.449731588363647461e-01,5.460064858198165894e-02,8.604689836502075195e-01,-2.489206381142139435e-02,1.370102632790803909e-03,-1.773088425397872925e-02,9.995319247245788574e-01,1.408382058143615723e-01,-3.763877153396606445e-01,1.519128829240798950e-01,7.207346558570861816e-01,-1.053423956036567688e-01,1.689962809905409813e-03,1.345748901367187500e-01,6.533443927764892578e-03,6.433258950710296631e-02,9.698390960693359375e-02,-7.929252833127975464e-02,-7.519845664501190186e-02,6.744848936796188354e-02,2.066563069820404053e-02,2.674251096323132515e-03,1.400868743658065796e-01,2.065323889255523682e-01,2.014797031879425049e-01,1.300324201583862305e+00,1.730219577439129353e-03,1.047896780073642731e-02,3.427289053797721863e-02,1.377107109874486923e-03,-1.974413245916366577e-01,2.430442348122596741e-02,1.262760996818542480e+00,9.312912821769714355e-03,5.935009941458702087e-02,-2.432824857532978058e-02
6.631376743316650391e-01,5.458443239331245422e-02,8.592428565025329590e-01,-2.795836888253688812e-02,3.731118747964501381e-03,-1.719960011541843414e-02,9.994541406631469727e-01,1.548814177513122559e-01,-3.913346529006958008e-01,1.694099605083465576e-01,6.010221242904663086e-01,-7.978651672601699829e-02,-5.288759246468544006e-03,1.381409317255020142e-01,3.831024840474128723e-02,6.120266765356063843e-02,7.275824248790740967e-02,-8.690436184406280518e-02,-7.293214648962020874e-02,7.565555721521377563e-02,1.812003180384635925e-02,1.572089386172592640e-03,1.497841477394104004e-01,2.073768824338912964e-01,2.186614871025085449e-01,1.298067808151245117e+00,1.624156837351620197e-03,1.274055335670709610e-02,3.431728109717369080e-02,-1.277783699333667755e-02,-2.020608782768249512e-01,2.745371311902999878e-02,1.250397562980651855e+00,6.248117424547672272e-03,7.536035776138305664e-02,-3.037828393280506134e-02
6.878437399864196777e-01,5.445999279618263245e-02,8.564081192016601562e-01,-3.426212817430496216e-02,7.289303001016378403e-03,-1.648477464914321899e-02,9.992503523826599121e-01,1.781829446554183960e-01,-3.997615277767181396e-01,2.023306339979171753e-01,4.209238886833190918e-01,-5.675394553691148758e-03,-2.223257347941398621e-02,1.481292694807052612e-01,7.764263451099395752e-02,5.952894687652587891e-02,4.644792899489402771e-02,-1.015282869338989258e-01,-6.937479972839355469e-02,9.142202883958816528e-02,1.153389457613229752e-02,-1.175095909275114536e-03,1.599563211202621460e-01,2.073688954114913940e-01,2.327291965484619141e-01,1.296530008316040039e+00,9.170694276690483093e-03,1.421941723674535751e-02,3.380873799324035645e-02,-2.855786122381687164e-02,-2.038037925958633423e-01,2.585324272513389587e-02,1.237822294235229492e+00,5.685419309884309769e-03,9.108060598373413086e-02,-3.857935220003128052e-02
7.070113420486450195e-01,5.442428961396217346e-02,8.534907102584838867e-01,-3.962716832756996155e-02,9.641050361096858978e-03,-1.520979031920433044e-02,9.990522265434265137e-01,1.923809498548507690e-01,-3.981084823608398438e-01,2.343071699142456055e-01,2.824089825153350830e-01,4.701896011829376221e-02,-3.664992004632949829e-02,1.571131944656372070e-01,1.062743812799453735e-01,6.026182696223258972e-02,3.122095577418804169e-02,-1.118294075131416321e-01,-6.623989343643188477e-02,1.041039526462554932e-01,4.420204088091850281e-03,-2.992272609844803810e-03,1.637995243072509766e-01,2.066194415092468262e-01,2.376353442668914795e-01,1.298366427421569824e+00,1.168372761458158493e-02,1.789147406816482544e-02,3.843787685036659241e-02,-3.767618164420127869e-02,-2.010387927293777466e-01,2.018563263118267059e-02,1.232012152671813965e+00,6.824910640716552734e-03,9.833080321550369263e-02,-4.315408319234848022e-02
7.263176441192626953e-01,5.515192821621894836e-02,8.500019907951354980e-01,-4.419144988059997559e-02,1.255556847900152206e-02,-1.362056192010641098e-02,9.988512992858886719e-01,1.962275803089141846e-01,-3.945775628089904785e-01,2.632088065147399902e-01,1.572906374931335449e-01,5.521430820226669312e-02,-4.704453051090240479e-02,1.642502397298812866e-01,1.291893422603607178e-01,6.334064155817031860e-02,2.515089325606822968e-02,-1.249042749404907227e-01,-6.443229317665100098e-02,1.142984181642532349e-01,-2.598624676465988159e-03,-6.583566777408123016e-03,1.679162532091140747e-01,2.078928053379058838e-01,2.395035177469253540e-01,1.297963619232177734e+00,1.118546910583972931e-02,1.618068665266036987e-02,4.176259040832519531e-02,-4.473705217242240906e-02,-1.963851600885391235e-01,1.567863300442695618e-02,1.229361772537231445e+00,6.028043571859598160e-03,9.956679493188858032e-02,-4.313359782099723816e-02
7.534574270248413086e-01,5.801168084144592285e-02,8.443627357482910156e-01,-4.802045226097106934e-02,1.623870059847831726e-02,-1.065438054502010345e-02,9.986575245857238770e-01,1.820567399263381958e-01,-3.892505168914794922e-01,2.691435813903808594e-01,2.706195786595344543e-02,2.247245050966739655e-02,-5.731844156980514526e-02,1.673478484153747559e-01,1.553226709365844727e-01,5.911472812294960022e-02,2.841991186141967773e-02,-1.485885083675384521e-01,-6.295660883188247681e-02,1.228013113141059875e-01,-1.142758503556251526e-02,-1.369904447346925735e-02,1.738866418600082397e-01,2.091287970542907715e-01,2.408097088336944580e-01,1.294564604759216309e+00,9.884971193969249725e-03,1.279125083237886429e-02,4.629436135292053223e-02,-4.959735646843910217e-02,-1.903250366449356079e-01,1.398264709860086441e-02,1.230265498161315918e+00,6.675334647297859192e-03,9.684889763593673706e-02,-4.595208540558815002e-02
7.756787538528442383e-01,6.100587174296379089e-02,8.396175503730773926e-01,-4.996056854724884033e-02,1.793186366558074951e-02,-8.124902844429016113e-03,9.985571503639221191e-01,1.717156618833541870e-01,-3.936764895915985107e-01,2.475119233131408691e-01,-1.739981397986412048e-02,7.768219802528619766e-04,-7.490593194961547852e-02,1.663958579301834106e-01,1.746742129325866699e-01,5.074747651815414429e-02,3.815906494855880737e-02,-1.669644564390182495e-01,-5.919140577316284180e-02,1.260679811239242554e-01,-1.758358068764209747e-02,-1.858024857938289642e-02,1.771159321069717407e-01,2.083121836185455322e-01,2.442855983972549438e-01,1.292276263236999512e+00,1.285874191671609879e-02,1.240288093686103821e-02,4.889512807130813599e-02,-4.972317814826965332e-02,-1.866931319236755371e-01,1.723813079297542572e-02,1.233393430709838867e+00,9.770938195288181305e-03,9.494423121213912964e-02,-5.067352578043937683e-02
7.991896867752075195e-01,6.418708711862564087e-02,8.348646759986877441e-01,-5.286113917827606201e-02,1.817900314927101135e-02,-6.076863035559654236e-03,9.984179139137268066e-01,1.698893904685974121e-01,-3.994352519512176514e-01,2.094592154026031494e-01,-1.740000024437904358e-02,-3.527866676449775696e-02,-9.188498556613922119e-02,1.660597920417785645e-01,1.930391490459442139e-01,4.194868355989456177e-02,5.735044181346893311e-02,-1.875707507133483887e-01,-4.837939888238906860e-02,1.312345713376998901e-01,-2.312748320400714874e-02,-2.132969908416271210e-02,1.781632602214813232e-01,2.061331868171691895e-01,2.478806227445602417e-01,1.291323542594909668e+00,1.740508340299129486e-02,1.386821083724498749e-02,4.978401586413383484e-02,-4.689406231045722961e-02,-1.832945495843887329e-01,1.993370614945888519e-02,1.237900137901306152e+00,8.893202058970928192e-03,9.121113270521163940e-02,-5.382492765784263611e-02
8.334569334983825684e-01,6.884171068668365479e-02,8.301532864570617676e-01,-5.534267798066139221e-02,1.650255918502807617e-02,-4.077438730746507645e-03,9.983227252960205078e-01,1.556293815374374390e-01,-3.791826069355010986e-01,1.707062572240829468e-01,-1.740000024437904358e-02,-2.126248180866241455e-02,-7.083230465650558472e-02,1.614689528942108154e-01,2.162279039621353149e-01,3.211496397852897644e-02,9.674194455146789551e-02,-2.156492471694946289e-01,-3.080968558788299561e-02,1.330529004335403442e-01,-2.586895227432250977e-02,-2.201858349144458771e-02,1.771046817302703857e-01,2.012039273977279663e-01,2.514367997646331787e-01,1.293731451034545898e+00,1.978057809174060822e-02,1.922303810715675354e-02,4.878592863678932190e-02,-3.612888976931571960e-02,-1.777901500463485718e-01,1.661594770848751068e-02,1.244908213615417480e+00,-3.951038699597120285e-03,8.322852104902267456e-02,-5.149608850479125977e-02
8.613057136535644531e-01,7.252363860607147217e-02,8.292112946510314941e-01,-5.515294522047042847e-02,1.432587765157222748e-02,-4.709897097200155258e-03,9.983640313148498535e-01,1.438899338245391846e-01,-3.754127919673919678e-01,1.730203032493591309e-01,2.640295401215553284e-02,1.237438246607780457e-02,-1.488713640719652176e-02,1.529993116855621338e-01,2.295407056808471680e-01,3.022390045225620270e-02,1.398570239543914795e-01,-2.390404939651489258e-01,-1.965815201401710510e-02,1.283349841833114624e-01,-2.153600938618183136e-02,-2.194174937903881073e-02,1.783349961042404175e-01,1.980986446142196655e-01,2.523901462554931641e-01,1.293595790863037109e+00,1.818897761404514313e-02,2.195923589169979095e-02,4.927252978086471558e-02,-2.265627682209014893e-02,-1.739345639944076538e-01,1.081093586981296539e-02,1.251055121421813965e+00,-1.133151538670063019e-02,7.521739602088928223e-02,-4.625188186764717102e-02
8.908706307411193848e-01,7.671846449375152588e-02,8.310072422027587891e-01,-5.145314708352088928e-02,1.242612116038799286e-02,-7.372646126896142960e-03,9.985708594322204590e-01,1.282579302787780762e-01,-3.756540715694427490e-01,1.707969754934310913e-01,7.533138245344161987e-02,7.350677996873855591e-02,1.028594002127647400e-02,1.367233693599700928e-01,2.300730794668197632e-01,2.923994325101375580e-02,2.067267000675201416e-01,-2.709598243236541748e-01,-8.862202055752277374e-03,1.138849258422851562e-01,-1.109260693192481995e-02,-2.292107790708541870e-02,1.830252557992935181e-01,1.963690221309661865e-01,2.554239928722381592e-01,1.290119767189025879e+00,1.713661290705204010e-02,2.044660970568656921e-02,5.008871480822563171e-02,-7.373375352472066879e-03,-1.694239377975463867e-01,5.560514051467180252e-03,1.258580088615417480e+00,-1.427171844989061356e-02,6.625803560018539429e-02,-3.881067037582397461e-02
9.304305315017700195e-01,8.276770263910293579e-02,8.368913531303405762e-01,-4.377444460988044739e-02,1.094513759016990662e-02,-1.130498200654983521e-02,9.989175200462341309e-01,1.016545370221138000e-01,-3.761702775955200195e-01,1.502356380224227905e-01,1.484257131814956665e-01,1.380018293857574463e-01,2.090334333479404449e-02,1.096150204539299011e-01,1.956023722887039185e-01,1.541397627443075180e-02,3.455035388469696045e-01,-2.977458536624908447e-01,1.163361035287380219e-02,8.763068169355392456e-02,2.804072340950369835e-03,-2.445560134947299957e-02,1.859916746616363525e-01,1.938433945178985596e-01,2.545783817768096924e-01,1.287565946578979492e+00,1.242075674235820770e-02,1.808797940611839294e-02,4.906092956662178040e-02,9.064902551472187042e-03,-1.621794551610946655e-01,-1.396848470903933048e-03,1.271715760231018066e+00,-1.663912273943424225e-02,5.042117834091186523e-02,-3.206507116556167603e-02
9.587627053260803223e-01,8.855399489402770996e-02,8.423407077789306641e-01,-3.302917629480361938e-02,9.306821040809154510e-03,-1.285601127892732620e-02,9.993283748626708984e-01,5.676233023405075073e-02,-3.695990443229675293e-01,1.030625253915786743e-01,2.031998634338378906e-01,1.285708546638488770e-01,3.525483235716819763e-02,7.476112246513366699e-02,1.409262418746948242e-01,-1.413626130670309067e-02,4.836775362491607666e-01,-2.718544006347656250e-01,3.697946295142173767e-02,5.622308701276779175e-02,1.468351855874061584e-02,-2.176589518785476685e-02,1.798991411924362183e-01,1.921012252569198608e-01,2.434298694133758545e-01,1.290845751762390137e+00,1.550519000738859177e-02,1.866993308067321777e-02,4.757621884346008301e-02,1.683871075510978699e-02,-1.551207453012466431e-01,-1.142731308937072754e-02,1.282573819160461426e+00,-1.632635295391082764e-02,3.400515392422676086e-02,-2.798363007605075836e-02
9.864649772644042969e-01,9.411135315895080566e-02,8.464542031288146973e-01,-1.994888298213481903e-02,5.779319442808628082e-03,-1.304162666201591492e-02,9.996992349624633789e-01,2.220394089818000793e-03,-3.469526767730712891e-01,4.656210541725158691e-02,2.389964163303375244e-01,9.888249635696411133e-02,3.753888607025146484e-02,3.162313252687454224e-02,6.937756389379501343e-02,-4.086683690547943115e-02,6.360554099082946777e-01,-1.473064571619033813e-01,6.053655967116355896e-02,1.992653682827949524e-02,2.558391168713569641e-02,-1.333731692284345627e-02,1.663288474082946777e-01,1.916960775852203369e-01,2.242894768714904785e-01,1.297229766845703125e+00,1.976504176855087280e-02,2.138530276715755463e-02,4.809470474720001221e-02,2.144412882626056671e-02,-1.467554569244384766e-01,-2.668796107172966003e-02,1.292483568191528320e+00,-1.142925955355167389e-02,1.935499906539916992e-02,-2.605119906365871429e-02
1.019512772560119629e+00,9.970208257436752319e-02,8.488866090774536133e-01,-3.632996696978807449e-03,3.396156942471861839e-03,-1.583307981491088867e-02,9.998622536659240723e-01,-5.365572497248649597e-02,-3.065790534019470215e-01,2.065527066588401794e-02,2.562586367130279541e-01,4.631601646542549133e-02,4.541368409991264343e-02,-2.101940102875232697e-02,-4.552455618977546692e-02,-6.029260903596878052e-02,8.214563131332397461e-01,9.512113034725189209e-02,2.556010708212852478e-02,-2.556832134723663330e-02,3.960891813039779663e-02,-6.379115395247936249e-03,1.422612518072128296e-01,1.939924359321594238e-01,1.951967775821685791e-01,1.304428339004516602e+00,1.004502736032009125e-02,2.489806152880191803e-02,4.617629200220108032e-02,2.258894219994544983e-02,-1.391851752996444702e-01,-3.782360628247261047e-02,1.301202297210693359e+00,1.752139418385922909e-03,6.965255364775657654e-03,-2.695083990693092346e-02
1.041069507598876953e+00,1.019202545285224915e-01,8.518406152725219727e-01,2.581780310720205307e-03,2.304334193468093872e-03,-2.157517522573471069e-02,9.997612237930297852e-01,-6.950871646404266357e-02,-2.734102606773376465e-01,2.865404263138771057e-02,2.550006508827209473e-01,1.419345568865537643e-02,4.635925963521003723e-02,-4.023592919111251831e-02,-1.208533644676208496e-01,-5.565080791711807251e-02,9.260178208351135254e-01,7.385233044624328613e-02,1.979772374033927917e-02,-4.327460005879402161e-02,4.601185768842697144e-02,-2.393749309703707695e-03,1.209362372756004333e-01,1.953068077564239502e-01,1.757220923900604248e-01,1.306045055389404297e+00,3.288084641098976135e-03,2.383072115480899811e-02,4.296768456697463989e-02,1.865956932306289673e-02,-1.394838392734527588e-01,-3.366558998823165894e-02,1.304786205291748047e+00,1.381148118525743484e-02,6.392566952854394913e-03,-2.854693494737148285e-02
1.061069488525390625e+00,1.037912964820861816e-01,8.548495173454284668e-01,4.389121197164058685e-03,1.913814572617411613e-03,-2.388883754611015320e-02,9.997031688690185547e-01,-7.695073634386062622e-02,-2.401835471391677856e-01,2.742817066609859467e-02,2.453867197036743164e-01,-9.151384234428405762e-03,4.588777571916580200e-02,-4.601732641458511353e-02,-1.868476569652557373e-01,-5.038815736770629883e-02,9.817224740982055664e-01,3.058896213769912720e-02,1.345422770828008652e-02,-4.799299687147140503e-02,3.947927057743072510e-02,2.349503192817792296e-04,9.653208404779434204e-02,1.928924620151519775e-01,1.598426401615142822e-01,1.306419730186462402e+00,7.409069803543388844e-04,2.574307098984718323e-02,3.464847058057785034e-02,1.474948693066835403e-02,-1.416082382202148438e-01,-3.235864639282226562e-02,1.304686784744262695e+00,9.528786875307559967e-03,7.638336624950170517e-03,-2.963472157716751099e-02
1.087102890014648438e+00,1.077993884682655334e-01,8.586304187774658203e-01,4.071437753736972809e-03,1.035182620398700237e-03,-2.435187250375747681e-02,9.996946454048156738e-01,-8.330496400594711304e-02,-1.926881968975067139e-01,2.100963518023490906e-02,2.245588600635528564e-01,-3.170557692646980286e-02,4.918593540787696838e-02,-4.892206937074661255e-02,-2.537743151187896729e-01,-4.502095282077789307e-02,9.850758910179138184e-01,-2.677690982818603516e-02,1.134067401289939880e-02,-4.780151695013046265e-02,2.524007298052310944e-02,2.552097896113991737e-03,6.013955175876617432e-02,1.875573247671127319e-01,1.374492198228836060e-01,1.310065031051635742e+00,-8.438057266175746918e-03,3.004980459809303284e-02,2.199859544634819031e-02,1.677657850086688995e-02,-1.431277245283126831e-01,-4.459642618894577026e-02,1.298189401626586914e+00,2.467755693942308426e-03,1.055968180298805237e-02,-3.163477778434753418e-02
1.105645418167114258e+00,1.102404370903968811e-01,8.609382510185241699e-01,2.848685951903462410e-03,1.636619097553193569e-03,-2.544925548136234283e-02,9.996707439422607422e-01,-8.369675278663635254e-02,-1.583685576915740967e-01,2.523350343108177185e-02,2.037576884031295776e-01,-4.680664464831352234e-02,5.355712398886680603e-02,-4.673621058464050293e-02,-2.972981631755828857e-01,-3.845539316534996033e-02,9.499642252922058105e-01,-7.541044056415557861e-02,-4.240477457642555237e-03,-4.577806964516639709e-02,1.708326116204261780e-02,1.252940273843705654e-03,3.447248414158821106e-02,1.843715757131576538e-01,1.266804784536361694e-01,1.307618379592895508e+00,-1.594248041510581970e-02,2.662353962659835815e-02,1.605249382555484772e-02,2.162286080420017242e-02,-1.443639844655990601e-01,-5.588505044579505920e-02,1.291360855102539062e+00,7.597357966005802155e-03,1.852981746196746826e-02,-3.181222826242446899e-02
1.123354911804199219e+00,1.125511229038238525e-01,8.625001907348632812e-01,2.720531076192855835e-03,3.732453566044569016e-03,-2.735979110002517700e-02,9.996149539947509766e-01,-8.632409572601318359e-02,-1.282979696989059448e-01,3.330764174461364746e-02,1.829215139150619507e-01,-5.881068110466003418e-02,5.862523242831230164e-02,-4.602772369980812073e-02,-3.376608788967132568e-01,-3.233225643634796143e-02,8.879903554916381836e-01,-1.023428291082382202e-01,-1.322851330041885376e-02,-4.519791528582572937e-02,1.107277814298868179e-02,-1.949602738022804260e-03,1.131893787533044815e-02,1.816182583570480347e-01,1.239221319556236267e-01,1.298313856124877930e+00,-2.169942855834960938e-02,1.561541203409433365e-02,1.064982917159795761e-02,2.607673034071922302e-02,-1.478250324726104736e-01,-6.143181025981903076e-02,1.284150600433349609e+00,5.409248173236846924e-03,2.846998907625675201e-02,-3.078084997832775116e-02
1.146282911300659180e+00,1.151033043861389160e-01,8.632463216781616211e-01,3.623858327046036720e-03,6.818355526775121689e-03,-2.979370206594467163e-02,9.995262622833251953e-01,-9.339438378810882568e-02,-9.022782742977142334e-02,3.790103271603584290e-02,1.552267074584960938e-01,-6.967670470476150513e-02,7.022511959075927734e-02,-4.458522051572799683e-02,-3.789128363132476807e-01,-2.394081652164459229e-02,7.684251070022583008e-01,-1.138881519436836243e-01,-1.790088042616844177e-02,-4.680128023028373718e-02,5.517753306776285172e-03,-5.811907351016998291e-03,-1.486452762037515640e-02,1.824785917997360229e-01,1.233822777867317200e-01,1.275524735450744629e+00,-2.305457554757595062e-02,-7.670297753065824509e-03,9.445308824069797993e-04,3.072710707783699036e-02,-1.522216349840164185e-01,-6.228842958807945251e-02,1.276933670043945312e+00,3.054464701563119888e-03,3.795005753636360168e-02,-3.163679689168930054e-02
1.162951946258544922e+00,1.167325228452682495e-01,8.629441261291503906e-01,6.055538076907396317e-03,9.779710322618484497e-03,-3.212354332208633423e-02,9.994177222251892090e-01,-1.025492772459983826e-01,-6.442470848560333252e-02,3.747665137052536011e-02,1.367549300193786621e-01,-8.138104528188705444e-02,7.716545462608337402e-02,-4.796710982918739319e-02,-4.009937047958374023e-01,-2.470880188047885895e-02,6.553403735160827637e-01,-1.040264144539833069e-01,-1.422138791531324387e-02,-5.290201306343078613e-02,6.174222100526094437e-03,-9.271542541682720184e-03,-3.191146254539489746e-02,1.865996420383453369e-01,1.209834292531013489e-01,1.254729747772216797e+00,-2.543639577925205231e-02,-2.713336609303951263e-02,-7.122224662452936172e-03,3.243730962276458740e-02,-1.516364514827728271e-01,-6.236947700381278992e-02,1.275605201721191406e+00,9.806132875382900238e-04,4.057950526475906372e-02,-3.393840789794921875e-02
1.179962158203125000e+00,1.179055571556091309e-01,8.619569540023803711e-01,1.010452117770910263e-02,1.186354365199804306e-02,-3.470502048730850220e-02,9.992761015892028809e-01,-1.144868806004524231e-01,-3.731616958975791931e-02,3.715654462575912476e-02,1.196590214967727661e-01,-9.242919832468032837e-02,8.056654036045074463e-02,-5.473782867193222046e-02,-4.126225411891937256e-01,-3.063175268471240997e-02,5.270659327507019043e-01,-7.640628516674041748e-02,-4.479113966226577759e-03,-6.244827806949615479e-02,9.548552334308624268e-03,-1.099619548767805099e-02,-4.614952951669692993e-02,1.900353431701660156e-01,1.205983832478523254e-01,1.233755350112915039e+00,-2.654217369854450226e-02,-4.317677393555641174e-02,-1.690550334751605988e-02,3.361019492149353027e-02,-1.493210047483444214e-01,-6.260683387517929077e-02,1.277145385742187500e+00,-2.623636741191148758e-03,3.872694447636604309e-02,-3.518979623913764954e-02
1.204052090644836426e+00,1.188896447420120239e-01,8.594648838043212891e-01,1.853755302727222443e-02,1.344396546483039856e-02,-3.864372149109840393e-02,9.989906549453735352e-01,-1.362159699201583862e-01,6.816530949436128139e-04,3.673791512846946716e-02,1.015858054161071777e-01,-1.072639375925064087e-01,8.119782805442810059e-02,-7.010645419359207153e-02,-4.159371256828308105e-01,-4.655230790376663208e-02,3.453101515769958496e-01,-6.359051447361707687e-03,2.115367539227008820e-02,-8.200906962156295776e-02,1.875037513673305511e-02,-1.244612876325845718e-02,-5.903819203376770020e-02,1.929429769515991211e-01,1.233236342668533325e-01,1.208913087844848633e+00,-3.160791471600532532e-02,-6.050587818026542664e-02,-2.747966349124908447e-02,3.570161387324333191e-02,-1.438259780406951904e-01,-6.390354782342910767e-02,1.282483696937561035e+00,-2.576723345555365086e-04,3.115311078727245331e-02,-2.972266823053359985e-02
1.223415732383728027e+00,1.195824295282363892e-01,8.566643595695495605e-01,2.572097815573215485e-02,1.356735639274120331e-02,-4.137780889868736267e-02,9.987202882766723633e-01,-1.543655544519424438e-01,3.233436867594718933e-02,3.469089418649673462e-02,8.911540359258651733e-02,-1.209372356534004211e-01,8.347748965024948120e-02,-8.264750242233276367e-02,-4.111497700214385986e-01,-6.563800573348999023e-02,2.124156355857849121e-01,5.297838151454925537e-02,4.453995451331138611e-02,-9.756056964397430420e-02,2.631971612572669983e-02,-1.286774687469005585e-02,-6.390102207660675049e-02,1.923904567956924438e-01,1.263709366321563721e-01,1.194862127304077148e+00,-3.487734124064445496e-02,-6.997010856866836548e-02,-3.267799317836761475e-02,3.821064159274101257e-02,-1.405507177114486694e-01,-6.541349738836288452e-02,1.286492586135864258e+00,-1.351256651105359197e-04,2.615988627076148987e-02,-2.812375314533710480e-02
1.243457674980163574e+00,1.200204789638519287e-01,8.532801866531372070e-01,3.202744573354721069e-02,1.395319774746894836e-02,-4.365281388163566589e-02,9.984357953071594238e-01,-1.700056344270706177e-01,6.244302913546562195e-02,3.002434037625789642e-02,8.018618822097778320e-02,-1.330915689468383789e-01,8.422189950942993164e-02,-8.936627954244613647e-02,-4.030450582504272461e-01,-8.562049269676208496e-02,9.207253903150558472e-02,8.573430776596069336e-02,6.214364618062973022e-02,-1.102553904056549072e-01,3.162933140993118286e-02,-1.493725366890430450e-02,-6.497732549905776978e-02,1.907450854778289795e-01,1.269228905439376831e-01,1.185259580612182617e+00,-3.724057599902153015e-02,-7.623483985662460327e-02,-3.340243548154830933e-02,4.267887398600578308e-02,-1.401479244232177734e-01,-6.460556387901306152e-02,1.288508772850036621e+00,4.439366748556494713e-04,2.381534501910209656e-02,-2.744325250387191772e-02
1.271535634994506836e+00,1.196464821696281433e-01,8.478082418441772461e-01,3.844705596566200256e-02,1.385772600769996643e-02,-4.557954147458076477e-02,9.981243610382080078e-01,-1.846091151237487793e-01,1.020680367946624756e-01,2.731959335505962372e-02,7.462880760431289673e-02,-1.534183919429779053e-01,8.432748913764953613e-02,-8.908464014530181885e-02,-3.933505415916442871e-01,-9.697248041629791260e-02,-1.736845821142196655e-02,5.955962836742401123e-02,8.609297126531600952e-02,-1.213975548744201660e-01,3.537964075803756714e-02,-1.836493797600269318e-02,-6.140598282217979431e-02,1.873802542686462402e-01,1.227789968252182007e-01,1.179748415946960449e+00,-4.212850332260131836e-02,-7.606784999370574951e-02,-3.111115470528602600e-02,5.111141502857208252e-02,-1.417165249586105347e-01,-6.415899097919464111e-02,1.289782404899597168e+00,7.576134521514177322e-04,2.273897640407085419e-02,-2.585179358720779419e-02
1.293824672698974609e+00,1.183174923062324524e-01,8.431580066680908203e-01,4.161172360181808472e-02,1.317945029586553574e-02,-4.662754014134407043e-02,9.979582428932189941e-01,-1.903927922248840332e-01,1.297063976526260376e-01,2.698708698153495789e-02,7.936512678861618042e-02,-1.728197783231735229e-01,8.322213590145111084e-02,-8.857290446758270264e-02,-4.044560194015502930e-01,-8.840861916542053223e-02,-1.740000024437904358e-02,6.014912505634129047e-04,1.056376919150352478e-01,-1.255123168230056763e-01,3.656069189310073853e-02,-2.106148935854434967e-02,-5.450481921434402466e-02,1.841501593589782715e-01,1.178495138883590698e-01,1.181028246879577637e+00,-3.891100734472274780e-02,-7.735417783260345459e-02,-3.347577899694442749e-02,5.750877410173416138e-02,-1.429521888494491577e-01,-6.387799978256225586e-02,1.292206764221191406e+00,2.990130451507866383e-04,2.154632098972797394e-02,-2.361787855625152588e-02
1.317160367965698242e+00,1.164088621735572815e-01,8.382045626640319824e-01,4.467763006687164307e-02,1.238531526178121567e-02,-4.688860103487968445e-02,9.978235960006713867e-01,-1.940340697765350342e-01,1.526898145675659180e-01,2.379724569618701935e-02,9.547656029462814331e-02,-1.934373825788497925e-01,7.538717985153198242e-02,-8.882950246334075928e-02,-3.964549005031585693e-01,-7.934413105249404907e-02,-1.740000024437904358e-02,-2.327035367488861084e-02,1.175808534026145935e-01,-1.281101554632186890e-01,3.549316897988319397e-02,-2.334655635058879852e-02,-4.437151178717613220e-02,1.794526576995849609e-01,1.154552027583122253e-01,1.186189651489257812e+00,-2.878730371594429016e-02,-7.402331382036209106e-02,-2.939722873270511627e-02,6.178239732980728149e-02,-1.441425085067749023e-01,-6.217599660158157349e-02,1.297353148460388184e+00,-1.007227459922432899e-03,1.808216236531734467e-02,-2.065853215754032135e-02
1.349999547004699707e+00,1.122770980000495911e-01,8.330638408660888672e-01,4.451165720820426941e-02,1.229519117623567581e-02,-4.459201917052268982e-02,9.979374408721923828e-01,-1.860771179199218750e-01,1.762193441390991211e-01,2.058921381831169128e-02,1.287849545478820801e-01,-2.267566323280334473e-01,5.765160173177719116e-02,-7.810088992118835449e-02,-3.729147613048553467e-01,-6.403449922800064087e-02,-8.831514976918697357e-03,1.639208756387233734e-02,6.494114547967910767e-02,-1.207222715020179749e-01,2.489157579839229584e-02,-2.681479416787624359e-02,-2.447787113487720490e-02,1.720187067985534668e-01,1.170691773295402527e-01,1.198374986648559570e+00,-1.674551516771316528e-02,-5.876060947775840759e-02,-2.221166901290416718e-02,6.548514217138290405e-02,-1.425829082727432251e-01,-6.091558933258056641e-02,1.309363365173339844e+00,-3.420021617785096169e-03,4.499415401369333267e-03,-1.851702667772769928e-02
1.376397013664245605e+00,1.077279672026634216e-01,8.312052488327026367e-01,4.005820304155349731e-02,1.261462550610303879e-02,-4.154540598392486572e-02,9.982535839080810547e-01,-1.687266826629638672e-01,1.907390505075454712e-01,2.157223038375377655e-02,1.606076806783676147e-01,-2.547158896923065186e-01,4.128940775990486145e-02,-5.506942048668861389e-02,-3.697886466979980469e-01,-4.538466781377792358e-02,2.807883732020854950e-02,4.905111342668533325e-02,2.125942119164392352e-04,-1.040645167231559753e-01,1.231182366609573364e-02,-3.039940074086189270e-02,-4.380085971206426620e-03,1.662278622388839722e-01,1.202135533094406128e-01,1.210752725601196289e+00,-9.571649134159088135e-03,-4.639868065714836121e-02,-1.808398030698299408e-02,6.978718936443328857e-02,-1.389860361814498901e-01,-6.440408527851104736e-02,1.321101188659667969e+00,-1.878604176454246044e-03,-1.264382898807525635e-02,-1.780506223440170288e-02
1.404103755950927734e+00,1.024272292852401733e-01,8.318818807601928711e-01,3.322628512978553772e-02,1.318205520510673523e-02,-3.944147378206253052e-02,9.985823035240173340e-01,-1.461337059736251831e-01,1.974121183156967163e-01,2.816292829811573029e-02,2.066033333539962769e-01,-2.866145372390747070e-01,2.508570812642574310e-02,-2.779673784971237183e-02,-3.674830794334411621e-01,-2.296452224254608154e-02,6.934249401092529297e-02,8.895393460988998413e-02,-1.976142451167106628e-02,-8.125515282154083252e-02,1.663402304984629154e-03,-3.576153516769409180e-02,1.738626882433891296e-02,1.597232818603515625e-01,1.229021027684211731e-01,1.228581547737121582e+00,-4.225918091833591461e-03,-3.107211180031299591e-02,-1.228451542556285858e-02,7.616787403821945190e-02,-1.353301405906677246e-01,-6.825360655784606934e-02,1.333330869674682617e+00,2.412142697721719742e-03,-3.166372701525688171e-02,-1.397041883319616318e-02
1.441481590270996094e+00,9.496600925922393799e-02,8.367689251899719238e-01,2.307229489088058472e-02,1.311711128801107407e-02,-3.786156326532363892e-02,9.989305138587951660e-01,-1.103939265012741089e-01,1.802193671464920044e-01,4.754741117358207703e-02,3.119738101959228516e-01,-3.224573135375976562e-01,-1.358733884990215302e-02,7.007395848631858826e-03,-3.614125251770019531e-01,-2.111447975039482117e-04,1.324000507593154907e-01,1.198404729366302490e-01,-1.499356050044298172e-02,-5.010053142905235291e-02,-8.625664748251438141e-03,-4.092151299118995667e-02,4.479633271694183350e-02,1.505006104707717896e-01,1.307841986417770386e-01,1.259055256843566895e+00,1.128058414906263351e-03,-1.671496196649968624e-03,-3.666850738227367401e-03,8.143076300621032715e-02,-1.310664266347885132e-01,-6.238211691379547119e-02,1.350938916206359863e+00,4.048771224915981293e-03,-5.380659550428390503e-02,-3.616553731262683868e-03
1.469182133674621582e+00,8.812299370765686035e-02,8.418570160865783691e-01,1.282048504799604416e-02,1.017139758914709091e-02,-3.700368851423263550e-02,9.991810917854309082e-01,-6.905044615268707275e-02,1.458515971899032593e-01,7.643736898899078369e-02,4.271989762783050537e-01,-3.095093071460723877e-01,-6.463226675987243652e-02,4.663469269871711731e-02,-3.418284952640533447e-01,3.055343404412269592e-02,1.734191924333572388e-01,1.058708280324935913e-01,-3.400490805506706238e-02,-2.228256314992904663e-02,-1.470849383622407913e-02,-3.559009730815887451e-02,5.964472517371177673e-02,1.434747576713562012e-01,1.388316750526428223e-01,1.285114169120788574e+00,5.796159617602825165e-03,2.439549192786216736e-02,7.321782759390771389e-04,8.124116808176040649e-02,-1.313350349664688110e-01,-4.894538223743438721e-02,1.361585736274719238e+00,2.596452832221984863e-03,-6.563089787960052490e-02,4.950883798301219940e-03
1.496368527412414551e+00,8.160424232482910156e-02,8.460633158683776855e-01,3.819550911430269480e-04,5.408039316534996033e-03,-3.586960211396217346e-02,9.993417859077453613e-01,-1.790614984929561615e-02,9.266377240419387817e-02,9.372729808092117310e-02,5.648686885833740234e-01,-2.229459285736083984e-01,-1.371086835861206055e-01,8.945251256227493286e-02,-3.078093528747558594e-01,6.444551050662994385e-02,1.980457156896591187e-01,8.017672598361968994e-02,-4.390376806259155273e-02,9.462625719606876373e-03,-1.995743438601493835e-02,-2.444326505064964294e-02,7.135756313800811768e-02,1.402716040611267090e-01,1.451202034950256348e-01,1.306723117828369141e+00,8.001714944839477539e-03,4.492611065506935120e-02,8.426227606832981110e-03,7.947538793087005615e-02,-1.358206272125244141e-01,-3.509028255939483643e-02,1.365243792533874512e+00,2.552790800109505653e-03,-6.808885931968688965e-02,1.045300252735614777e-02
1.528949618339538574e+00,7.668968290090560913e-02,8.490292429924011230e-01,-1.370436511933803558e-02,2.137904288247227669e-03,-3.030350804328918457e-02,9.994444847106933594e-01,3.396662697196006775e-02,-1.259271893650293350e-02,8.833550661802291870e-02,7.517638206481933594e-01,1.289050094783306122e-03,-1.149956658482551575e-01,1.262426376342773438e-01,-2.601387798786163330e-01,7.680279761552810669e-02,2.070683687925338745e-01,4.035497829318046570e-02,-5.560758709907531738e-02,4.654344916343688965e-02,-2.766134962439537048e-02,-1.395542733371257782e-02,8.078245818614959717e-02,1.424907594919204712e-01,1.429388672113418579e-01,1.326461195945739746e+00,9.171323617920279503e-04,5.812738835811614990e-02,1.731036417186260223e-02,7.480092346668243408e-02,-1.508046239614486694e-01,-1.771756820380687714e-02,1.357926130294799805e+00,4.797710571438074112e-03,-5.467278882861137390e-02,1.011644303798675537e-02
1.549516439437866211e+00,7.417728751897811890e-02,8.513916134834289551e-01,-1.963242143392562866e-02,2.933524316176772118e-03,-2.444976754486560822e-02,9.995039701461791992e-01,6.424569338560104370e-02,-9.480066597461700439e-02,9.317708760499954224e-02,8.661606311798095703e-01,4.382502660155296326e-02,-8.095032721757888794e-02,1.380620896816253662e-01,-2.303017973899841309e-01,7.313860952854156494e-02,2.016232758760452271e-01,1.788521930575370789e-02,-5.753335356712341309e-02,6.304579973220825195e-02,-2.876622602343559265e-02,-1.240507047623395920e-02,8.479344099760055542e-02,1.469832509756088257e-01,1.409776955842971802e-01,1.333239674568176270e+00,-2.718516392633318901e-03,6.147461757063865662e-02,1.741026714444160461e-02,6.811507046222686768e-02,-1.647421121597290039e-01,-6.154150702059268951e-03,1.347204566001892090e+00,8.372981101274490356e-03,-4.173973947763442993e-02,5.535226315259933472e-03
1.568627595901489258e+00,7.130453735589981079e-02,8.542123436927795410e-01,-2.168242633342742920e-02,2.122130244970321655e-03,-2.228977717459201813e-02,9.995141625404357910e-01,8.681039512157440186e-02,-1.627055704593658447e-01,1.041318550705909729e-01,9.419986009597778320e-01,-1.398582197725772858e-02,-4.888631403446197510e-02,1.426995545625686646e-01,-1.991982161998748779e-01,7.408851385116577148e-02,1.945138871669769287e-01,1.610278035514056683e-03,-6.027638912200927734e-02,6.986069679260253906e-02,-1.932699978351593018e-02,-7.621581200510263443e-03,8.923389762639999390e-02,1.506237834692001343e-01,1.500816047191619873e-01,1.333848953247070312e+00,-8.725716616027057171e-04,6.486946344375610352e-02,1.158625166863203049e-02,5.719422549009323120e-02,-1.768328845500946045e-01,3.806409891694784164e-03,1.336594700813293457e+00,9.680238552391529083e-03,-3.032262250781059265e-02,-1.328665763139724731e-03
1.592990517616271973e+00,6.921679526567459106e-02,8.576838970184326172e-01,-2.144732326269149780e-02,5.040374817326664925e-04,-2.226372808218002319e-02,9.995219111442565918e-01,1.047495156526565552e-01,-2.380986660718917847e-01,1.168140843510627747e-01,9.738283753395080566e-01,-5.879828706383705139e-02,-8.638515137135982513e-03,1.389087885618209839e-01,-1.540687829256057739e-01,6.922790408134460449e-02,1.743522435426712036e-01,-9.721951559185981750e-03,-6.124813109636306763e-02,7.061001658439636230e-02,-7.144461269490420818e-04,-1.155196223407983780e-03,9.871496260166168213e-02,1.536283344030380249e-01,1.772533953189849854e-01,1.330505490303039551e+00,-5.043942946940660477e-03,6.730756908655166626e-02,2.315264660865068436e-03,3.822940960526466370e-02,-1.851214021444320679e-01,1.248067803680896759e-02,1.326727151870727539e+00,1.248332113027572632e-02,-2.325950749218463898e-02,-1.148334890604019165e-02
1.609991908073425293e+00,6.861424446105957031e-02,8.600968122482299805e-01,-1.993308402597904205e-02,5.109521225676871836e-05,-2.260015346109867096e-02,9.995458722114562988e-01,1.127240434288978577e-01,-2.854308187961578369e-01,1.258364766836166382e-01,9.561495184898376465e-01,-1.078911945223808289e-01,2.171811414882540703e-03,1.314486116170883179e-01,-1.199662610888481140e-01,5.884022265672683716e-02,1.515500694513320923e-01,-1.466285251080989838e-02,-6.446372717618942261e-02,6.704500317573547363e-02,1.317165046930313110e-02,2.157578244805335999e-03,1.080310270190238953e-01,1.578285098075866699e-01,1.978594958782196045e-01,1.325754880905151367e+00,-1.422149594873189926e-02,6.295029073953628540e-02,9.330225875601172447e-04,2.234620973467826843e-02,-1.849569529294967651e-01,1.189240161329507828e-02,1.320750713348388672e+00,1.363217551261186600e-02,-2.014349959790706635e-02,-1.988052576780319214e-02
1.626636028289794922e+00,6.750618666410446167e-02,8.615539073944091797e-01,-1.953743398189544678e-02,2.066965244011953473e-04,-2.239144593477249146e-02,9.995583295822143555e-01,1.231159716844558716e-01,-3.266980946063995361e-01,1.359659880399703979e-01,9.093575477600097656e-01,-1.259280592203140259e-01,9.525120258331298828e-03,1.284803301095962524e-01,-8.521219342947006226e-02,5.417706072330474854e-02,1.255984902381896973e-01,-2.143730781972408295e-02,-7.021562010049819946e-02,6.508339941501617432e-02,2.295301854610443115e-02,3.676086897030472755e-03,1.185033917427062988e-01,1.648100018501281738e-01,2.119706273078918457e-01,1.319323897361755371e+00,-2.085510082542896271e-02,5.683408305048942566e-02,3.506930777803063393e-03,6.652238778769969940e-03,-1.806197464466094971e-01,6.754662841558456421e-03,1.315115332603454590e+00,2.029411122202873230e-02,-1.671539992094039917e-02,-3.032231144607067108e-02
1.647760748863220215e+00,6.491517275571823120e-02,8.621579408645629883e-01,-2.140995115041732788e-02,1.859669107943773270e-03,-2.084913663566112518e-02,9.995516538619995117e-01,1.457950770854949951e-01,-3.688424229621887207e-01,1.580383032560348511e-01,8.038275241851806641e-01,-1.275955587625503540e-01,1.007127668708562851e-02,1.320402175188064575e-01,-4.155442491173744202e-02,5.063893646001815796e-02,8.929645270109176636e-02,-2.912797592580318451e-02,-7.454168051481246948e-02,6.796745955944061279e-02,2.693102881312370300e-02,3.514913376420736313e-03,1.300580650568008423e-01,1.737296730279922485e-01,2.244599759578704834e-01,1.311395525932312012e+00,-1.865067891776561737e-02,4.715164005756378174e-02,6.125021260231733322e-03,-1.428169850260019302e-02,-1.753287315368652344e-01,-1.628278754651546478e-03,1.303758621215820312e+00,2.272769622504711151e-02,-4.533841274678707123e-03,-4.083236679434776306e-02
1.663274049758911133e+00,6.304444372653961182e-02,8.617499470710754395e-01,-2.409359626471996307e-02,3.267978783696889877e-03,-2.016062475740909576e-02,9.995010495185852051e-01,1.655277311801910400e-01,-3.880235552787780762e-01,1.797624677419662476e-01,6.969117522239685059e-01,-1.107267215847969055e-01,6.352934287860989571e-04,1.376562267541885376e-01,-1.071655377745628357e-02,5.011026561260223389e-02,6.478621810674667358e-02,-3.703345358371734619e-02,-7.694922387599945068e-02,7.365133613348007202e-02,2.723987028002738953e-02,3.489376977086067200e-03,1.354824006557464600e-01,1.775162667036056519e-01,2.296523749828338623e-01,1.309265255928039551e+00,-1.388471573591232300e-02,4.435494914650917053e-02,6.507888436317443848e-03,-2.919174730777740479e-02,-1.719606220722198486e-01,-3.928353078663349152e-03,1.295263648033142090e+00,2.475790679454803467e-02,3.460438456386327744e-03,-4.824971035122871399e-02
1.678934693336486816e+00,6.174984574317932129e-02,8.606777191162109375e-01,-2.853592671453952789e-02,4.595618695020675659e-03,-1.983480527997016907e-02,9.993854165077209473e-01,1.884571015834808350e-01,-3.962942659854888916e-01,2.079293727874755859e-01,5.707046985626220703e-01,-6.775307655334472656e-02,-1.610873639583587646e-02,1.463325619697570801e-01,1.891003176569938660e-02,5.256983637809753418e-02,4.363021627068519592e-02,-4.592188075184822083e-02,-7.608821243047714233e-02,8.359432965517044067e-02,2.492364682257175446e-02,3.534299088642001152e-03,1.376133710145950317e-01,1.786088645458221436e-01,2.317639291286468506e-01,1.313131451606750488e+00,-9.830314666032791138e-03,5.143097043037414551e-02,4.275873303413391113e-03,-4.083115980029106140e-02,-1.702861636877059937e-01,-5.515184719115495682e-03,1.284769773483276367e+00,2.401264756917953491e-02,1.512322761118412018e-02,-5.590380355715751648e-02
1.700761079788208008e+00,6.110689416527748108e-02,8.582897186279296875e-01,-3.646554052829742432e-02,5.966453347355127335e-03,-1.961308717727661133e-02,9.991245865821838379e-01,2.176573127508163452e-01,-3.930035531520843506e-01,2.492827028036117554e-01,3.844321370124816895e-01,1.716845855116844177e-02,-2.821794897317886353e-02,1.603862643241882324e-01,5.962695553898811340e-02,5.989152938127517700e-02,1.800329424440860748e-02,-6.154846027493476868e-02,-7.216090708971023560e-02,1.017357781529426575e-01,1.894740387797355652e-02,2.456716028973460197e-03,1.383761167526245117e-01,1.760373115539550781e-01,2.371177226305007935e-01,1.321749091148376465e+00,-1.187236700206995010e-02,6.283693760633468628e-02,6.604955531656742096e-03,-5.150904506444931030e-02,-1.673811972141265869e-01,-3.781563369557261467e-03,1.274752020835876465e+00,2.395501732826232910e-02,2.833090722560882568e-02,-6.420306861400604248e-02
1.717458605766296387e+00,6.117517873644828796e-02,8.556897640228271484e-01,-4.360126703977584839e-02,7.573141716420650482e-03,-1.879657432436943054e-02,9.988434910774230957e-01,2.375190854072570801e-01,-3.865012228488922119e-01,2.899886667728424072e-01,2.453386187553405762e-01,7.218202948570251465e-02,-3.033914975821971893e-02,1.728574782609939575e-01,8.799502998590469360e-02,6.806448101997375488e-02,2.231717808172106743e-03,-7.452590018510818481e-02,-6.879293918609619141e-02,1.177725940942764282e-01,1.163937989622354507e-02,-9.735097410157322884e-04,1.383380591869354248e-01,1.735842525959014893e-01,2.406410127878189087e-01,1.327405571937561035e+00,-1.388078462332487106e-02,6.900141388177871704e-02,6.795621942728757858e-03,-5.540893226861953735e-02,-1.668992787599563599e-01,-3.189249546267092228e-04,1.267636537551879883e+00,2.520327083766460419e-02,3.995906934142112732e-02,-6.565512716770172119e-02
1.734420299530029297e+00,6.207792460918426514e-02,8.527747988700866699e-01,-5.015086382627487183e-02,9.478498250246047974e-03,-1.844660937786102295e-02,9.985262751579284668e-01,2.475825995206832886e-01,-3.801747560501098633e-01,3.327081501483917236e-01,1.193143129348754883e-01,1.010027602314949036e-01,-4.045188799500465393e-02,1.828074455261230469e-01,1.110438257455825806e-01,7.361099123954772949e-02,-3.837498836219310760e-03,-9.256767481565475464e-02,-6.442778557538986206e-02,1.334769278764724731e-01,4.997870884835720062e-03,-5.338252056390047073e-03,1.394798010587692261e-01,1.707508713006973267e-01,2.422309368848800659e-01,1.329432606697082520e+00,-1.328348834067583084e-02,7.154576480388641357e-02,7.726746145635843277e-03,-5.651737377047538757e-02,-1.674877703189849854e-01,3.193323034793138504e-03,1.261977076530456543e+00,2.651076018810272217e-02,4.641251638531684875e-02,-6.383881717920303345e-02
1.757470846176147461e+00,6.539370119571685791e-02,8.484479188919067383e-01,-5.590888485312461853e-02,1.246515382081270218e-02,-1.707836799323558807e-02,9.982119798660278320e-01,2.362661808729171753e-01,-3.738106191158294678e-01,3.486410975456237793e-01,-1.721084676682949066e-02,8.074491471052169800e-02,-6.841424107551574707e-02,1.881478279829025269e-01,1.320286989212036133e-01,7.122674584388732910e-02,4.937521647661924362e-03,-1.241225227713584900e-01,-5.894878134131431580e-02,1.481678336858749390e-01,-3.451070515438914299e-03,-1.254100631922483444e-02,1.419534236192703247e-01,1.673301905393600464e-01,2.446731328964233398e-01,1.327288985252380371e+00,-1.238037459552288055e-02,7.118075340986251831e-02,1.323943585157394409e-02,-5.501245334744453430e-02,-1.697685271501541138e-01,8.989489637315273285e-03,1.257016777992248535e+00,2.180048450827598572e-02,5.438153445720672607e-02,-6.428965926170349121e-02
1.775551438331604004e+00,6.858325004577636719e-02,8.447934985160827637e-01,-5.845625326037406921e-02,1.418461930006742477e-02,-1.598205789923667908e-02,9.980612397193908691e-01,2.431764304637908936e-01,-4.011989831924438477e-01,3.225807249546051025e-01,-1.740000024437904358e-02,1.419178862124681473e-02,-9.826573729515075684e-02,1.876335889101028442e-01,1.476114392280578613e-01,6.560124456882476807e-02,1.453773956745862961e-02,-1.483708024024963379e-01,-5.688605085015296936e-02,1.551854014396667480e-01,-8.082045242190361023e-03,-1.743713580071926117e-02,1.448463201522827148e-01,1.643230319023132324e-01,2.489566355943679810e-01,1.322243332862854004e+00,-9.102479554712772369e-03,6.777719408273696899e-02,1.660464704036712646e-02,-5.106443911790847778e-02,-1.726343482732772827e-01,1.220391690731048584e-02,1.254532814025878906e+00,1.659047231078147888e-02,5.941547453403472900e-02,-6.415171921253204346e-02
