-8.777348518371582031e+00,-2.274045228958129883e+00,6.616261005401611328e-01,2.043241169303655624e-03,-1.944712945260107517e-03,-9.979268908500671387e-01,-6.429604440927505493e-02,-2.292511053383350372e-03,-1.914833672344684601e-02,9.509823471307754517e-02,2.172336913645267487e-02,-1.024454738944768906e-02,1.524595823138952255e-02,-3.617641329765319824e-02,9.472761303186416626e-03,1.142706722021102905e-01,-2.589870961642676066e-19,3.935759514570236206e-02,-9.506165981292724609e-03,-6.802934408187866211e-02,5.084250587970018387e-03,-1.048105955123901367e-01,2.635555267333984375e-01,1.570799946784973145e+00,-4.850289970636367798e-02,5.480502918362617493e-02,-3.130709752440452576e-02,1.570799946784973145e+00
-8.777589797973632812e+00,-2.274105310440063477e+00,6.616225838661193848e-01,2.101036952808499336e-03,-1.827309723012149334e-03,-9.979102015495300293e-01,-6.455637514591217041e-02,-2.315564081072807312e-03,-1.898138411343097687e-02,9.559906274080276489e-02,2.156160585582256317e-02,-1.030219811946153641e-02,1.532074436545372009e-02,-3.641377389430999756e-02,9.825037792325019836e-03,1.147595569491386414e-01,6.181458679062834337e-20,3.947911038994789124e-02,-9.411188773810863495e-03,-6.785672158002853394e-02,5.634189117699861526e-03,-1.043559238314628601e-01,2.626752853393554688e-01,1.570799946784973145e+00,-4.756838455796241760e-02,5.473550036549568176e-02,-3.053858131170272827e-02,1.570799946784973145e+00
-8.777471542358398438e+00,-2.274048566818237305e+00,6.616217494010925293e-01,2.290608594194054604e-03,-1.687065698206424713e-03,-9.978705048561096191e-01,-6.516452133655548096e-02,-2.313822973519563675e-03,-1.859264820814132690e-02,9.699981659650802612e-02,2.167289145290851593e-02,-1.079308334738016129e-02,1.522036828100681305e-02,-3.703503310680389404e-02,1.019466016441583633e-02,1.161405444145202637e-01,3.903431447931411208e-19,3.990623354911804199e-02,-9.407187812030315399e-03,-6.803379207849502563e-02,6.796976085752248764e-03,-1.036265343427658081e-01,2.615965902805328369e-01,1.570799946784973145e+00,-4.622500389814376831e-02,5.462832748889923096e-02,-2.883724123239517212e-02,1.570799946784973145e+00
-8.777352333068847656e+00,-2.273989677429199219e+00,6.616200804710388184e-01,2.436338691040873528e-03,-1.619519665837287903e-03,-9.978246092796325684e-01,-6.586004793643951416e-02,-2.284684218466281891e-03,-1.848546229302883148e-02,9.803316742181777954e-02,2.142081782221794128e-02,-1.046765781939029694e-02,1.526006869971752167e-02,-3.750573843717575073e-02,1.035025063902139664e-02,1.171717196702957153e-01,-2.834177204596564253e-19,4.008287191390991211e-02,-9.528643451631069183e-03,-6.751225143671035767e-02,7.235866505652666092e-03,-1.031203418970108032e-01,2.608756422996520996e-01,1.570799946784973145e+00,-4.491480439901351929e-02,5.449978262186050415e-02,-2.749388292431831360e-02,1.570799946784973145e+00
-8.777534484863281250e+00,-2.274052858352661133e+00,6.616117954254150391e-01,2.496897242963314056e-03,-1.549962908029556274e-03,-9.977668523788452148e-01,-6.672867387533187866e-02,-1.979340333491563797e-03,-1.813646778464317322e-02,9.992072731256484985e-02,2.124521695077419281e-02,-1.017698738723993301e-02,1.504539046436548233e-02,-3.783354535698890686e-02,1.060126163065433502e-02,1.188951879739761353e-01,3.292418720338690524e-19,4.046380892395973206e-02,-9.364073164761066437e-03,-6.646738946437835693e-02,7.686370983719825745e-03,-1.027534902095794678e-01,2.603318393230438232e-01,1.570799946784973145e+00,-4.395410418510437012e-02,5.436344444751739502e-02,-2.612654119729995728e-02,1.570799946784973145e+00
-8.777536392211914062e+00,-2.274055719375610352e+00,6.616075038909912109e-01,2.646472305059432983e-03,-1.442699693143367767e-03,-9.977257251739501953e-01,-6.733690202236175537e-02,-1.946972100995481014e-03,-1.805163174867630005e-02,1.009594798088073730e-01,2.116327174007892609e-02,-1.004385389387607574e-02,1.518276240676641464e-02,-3.848806396126747131e-02,1.100016944110393524e-02,1.200970187783241272e-01,-3.356228983754679616e-19,4.065208509564399719e-02,-9.459856897592544556e-03,-6.542030721902847290e-02,8.032962679862976074e-03,-1.024491041898727417e-01,2.601422667503356934e-01,1.570799946784973145e+00,-4.336977750062942505e-02,5.410873517394065857e-02,-2.535750530660152435e-02,1.570799946784973145e+00
-8.777538299560546875e+00,-2.274055719375610352e+00,6.616657972335815430e-01,2.699260367080569267e-03,-1.364474184811115265e-03,-9.976903796195983887e-01,-6.785830855369567871e-02,-2.058868529275059700e-03,-1.788949966430664062e-02,1.019907742738723755e-01,2.101438120007514954e-02,-9.708491154015064240e-03,1.516347657889127731e-02,-3.904272988438606262e-02,1.088273432105779648e-02,1.211645603179931641e-01,-2.099646119775274845e-19,4.094001650810241699e-02,-9.302896447479724884e-03,-6.524724513292312622e-02,7.787253707647323608e-03,-1.024316772818565369e-01,2.599821686744689941e-01,1.570799946784973145e+00,-4.275910556316375732e-02,5.396623909473419189e-02,-2.459125593304634094e-02,1.570799946784973145e+00
-8.777539253234863281e+00,-2.274058103561401367e+00,6.616594195365905762e-01,2.798123750835657120e-03,-1.295357360504567623e-03,-9.976783990859985352e-01,-6.803162395954132080e-02,-2.174928784370422363e-03,-1.772382482886314392e-02,1.025129929184913635e-01,2.099378593266010284e-02,-9.747255593538284302e-03,1.496720965951681137e-02,-3.910516947507858276e-02,1.122678443789482117e-02,1.214992627501487732e-01,3.402111658357230370e-19,4.097646474838256836e-02,-9.304881095886230469e-03,-6.489896029233932495e-02,7.696785498410463333e-03,-1.017897799611091614e-01,2.585964202880859375e-01,1.570799946784973145e+00,-4.253312945365905762e-02,5.412804335355758667e-02,-2.418142743408679962e-02,1.570799946784973145e+00
-8.777480125427246094e+00,-2.274059057235717773e+00,6.616585850715637207e-01,2.930948743596673012e-03,-1.310111256316304207e-03,-9.976661801338195801e-01,-6.820508837699890137e-02,-2.365076215937733650e-03,-1.772925630211830139e-02,1.028610020875930786e-01,2.095716819167137146e-02,-9.780601598322391510e-03,1.494827028363943100e-02,-3.948592394590377808e-02,1.124397106468677521e-02,1.218558251857757568e-01,-4.279318344899875199e-19,4.108808934688568115e-02,-9.311719797551631927e-03,-6.472546607255935669e-02,7.270284462720155716e-03,-1.010622754693031311e-01,2.570501565933227539e-01,1.570799946784973145e+00,-4.262763634324073792e-02,5.447449535131454468e-02,-2.415364980697631836e-02,1.570799946784973145e+00
-8.777541160583496094e+00,-2.274119138717651367e+00,6.616582274436950684e-01,2.983223414048552513e-03,-1.233153161592781544e-03,-9.976661205291748047e-01,-6.820460408926010132e-02,-2.305206609889864922e-03,-1.763883791863918304e-02,1.028473153710365295e-01,2.084512077271938324e-02,-9.791728109121322632e-03,1.503195613622665405e-02,-3.952617570757865906e-02,1.141634583473205566e-02,1.220099404454231262e-01,-2.320754470191025505e-19,4.119949042797088623e-02,-9.304621256887912750e-03,-6.472619622945785522e-02,6.577075924724340439e-03,-1.006478890776634216e-01,2.551638185977935791e-01,1.570799946784973145e+00,-4.259590432047843933e-02,5.445872247219085693e-02,-2.395050041377544403e-02,1.570799946784973145e+00
-8.777542114257812500e+00,-2.274119615554809570e+00,6.616554260253906250e-01,3.037904389202594757e-03,-1.113196485675871372e-03,-9.976661205291748047e-01,-6.820464879274368286e-02,-2.581478329375386238e-03,-1.748478226363658905e-02,1.028622165322303772e-01,2.066292427480220795e-02,-9.612037800252437592e-03,1.512403134256601334e-02,-3.985298052430152893e-02,1.174393482506275177e-02,1.219943761825561523e-01,-3.107012906877406364e-19,4.125065729022026062e-02,-9.387897327542304993e-03,-6.472539156675338745e-02,6.191913969814777374e-03,-1.002271771430969238e-01,2.541191875934600830e-01,1.570799946784973145e+00,-4.254169389605522156e-02,5.438266694545745850e-02,-2.374174818396568298e-02,1.570799946784973145e+00
-8.777363777160644531e+00,-2.274120330810546875e+00,6.616539359092712402e-01,3.003709716722369194e-03,-1.026706653647124767e-03,-9.976544380187988281e-01,-6.837808340787887573e-02,-2.444644458591938019e-03,-1.732189767062664032e-02,1.032159030437469482e-01,2.062287740409374237e-02,-9.623858146369457245e-03,1.510864589363336563e-02,-3.999223187565803528e-02,1.176663860678672791e-02,1.223498806357383728e-01,-2.024518345368941087e-19,4.146030917763710022e-02,-9.227931499481201172e-03,-6.437733769416809082e-02,6.380501668900251389e-03,-1.002065688371658325e-01,2.535620033740997314e-01,1.570799946784973145e+00,-4.230226203799247742e-02,5.455761030316352844e-02,-2.369663678109645844e-02,1.570799946784973145e+00
-8.777425765991210938e+00,-2.274121761322021484e+00,6.616547703742980957e-01,3.056425834074616432e-03,-9.104535565711557865e-04,-9.976544380187988281e-01,-6.837767362594604492e-02,-2.560494234785437584e-03,-1.692498475313186646e-02,1.032119318842887878e-01,2.083593606948852539e-02,-9.813749231398105621e-03,1.495327614247798920e-02,-4.018326103687286377e-02,1.207441557198762894e-02,1.223428547382354736e-01,2.836657453964516222e-19,4.155683517456054688e-02,-9.294680319726467133e-03,-6.455298513174057007e-02,6.269101519137620926e-03,-9.986666589975357056e-02,2.530117928981781006e-01,1.570799946784973145e+00,-4.205388948321342468e-02,5.463481694459915161e-02,-2.365942299365997314e-02,1.570799946784973145e+00
-8.777486801147460938e+00,-2.274183511734008789e+00,6.616550087928771973e-01,3.064201911911368370e-03,-8.265309734269976616e-04,-9.976544976234436035e-01,-6.837739795446395874e-02,-2.579004038125276566e-03,-1.683331094682216644e-02,1.032264903187751770e-01,2.069257199764251709e-02,-9.832997806370258331e-03,1.503718085587024689e-02,-4.018338769674301147e-02,1.224447321146726608e-02,1.223359405994415283e-01,3.581886698292501217e-19,4.154258966445922852e-02,-9.296803735196590424e-03,-6.455430388450622559e-02,6.195524707436561584e-03,-9.976461529731750488e-02,2.524737119674682617e-01,1.570799946784973145e+00,-4.167614877223968506e-02,5.462974682450294495e-02,-2.380497567355632782e-02,1.570799946784973145e+00
-8.777306556701660156e+00,-2.274123430252075195e+00,6.616002917289733887e-01,3.150893840938806534e-03,-8.357678889296948910e-04,-9.976541996002197266e-01,-6.837744265794754028e-02,-2.748258179053664207e-03,-1.659415103495121002e-02,1.032122597098350525e-01,2.051754109561443329e-02,-9.651549160480499268e-03,1.513783168047666550e-02,-4.034019261598587036e-02,1.224074047058820724e-02,1.223364919424057007e-01,-4.566544146405784340e-19,4.152304679155349731e-02,-9.298161603510379791e-03,-6.455409526824951172e-02,5.777687299996614456e-03,-9.960534423589706421e-02,2.510702013969421387e-01,1.570799946784973145e+00,-4.184546694159507751e-02,5.463743582367897034e-02,-2.379266358911991119e-02,1.570799946784973145e+00
-8.777366638183593750e+00,-2.274124622344970703e+00,6.616590023040771484e-01,3.160727908834815025e-03,-7.537322817370295525e-04,-9.976542592048645020e-01,-6.837712228298187256e-02,-2.739692339673638344e-03,-1.643425039947032928e-02,1.032178103923797607e-01,2.053026854991912842e-02,-9.847065433859825134e-03,1.495301164686679840e-02,-4.034547135233879089e-02,1.240863651037216187e-02,1.223295405507087708e-01,-3.592754559071740886e-19,4.151077568531036377e-02,-9.301507845520973206e-03,-6.472835689783096313e-02,5.332768429070711136e-03,-9.943179041147232056e-02,2.495014071464538574e-01,1.570799946784973145e+00,-4.189446568489074707e-02,5.481237918138504028e-02,-2.359722554683685303e-02,1.570799946784973145e+00
-8.777368545532226562e+00,-2.274186134338378906e+00,6.616554856300354004e-01,3.208206500858068466e-03,-7.182363769970834255e-04,-9.976601004600524902e-01,-6.828982383012771606e-02,-2.894002245739102364e-03,-1.643595285713672638e-02,1.028907224535942078e-01,2.041209861636161804e-02,-9.843225590884685516e-03,1.504306122660636902e-02,-4.049851372838020325e-02,1.264302711933851242e-02,1.221446990966796875e-01,-7.121670937381819016e-20,4.156577214598655701e-02,-9.290854446589946747e-03,-6.472896039485931396e-02,5.070182029157876968e-03,-9.919476509094238281e-02,2.474129050970077515e-01,1.570799946784973145e+00,-4.178114980459213257e-02,5.488084629178047180e-02,-2.376425452530384064e-02,1.570799946784973145e+00
-8.777188301086425781e+00,-2.274125576019287109e+00,6.615976691246032715e-01,3.208222333341836929e-03,-7.186431903392076492e-04,-9.976660609245300293e-01,-6.820292025804519653e-02,-2.930692862719297409e-03,-1.634919829666614532e-02,1.027038842439651489e-01,2.026299759745597839e-02,-9.639959782361984253e-03,1.513798255473375320e-02,-4.047854617238044739e-02,1.263557840138673782e-02,1.219707876443862915e-01,-4.674985973747837732e-19,4.154276847839355469e-02,-9.293762035667896271e-03,-6.472864747047424316e-02,4.469528794288635254e-03,-9.930668771266937256e-02,2.453320175409317017e-01,1.570799946784973145e+00,-4.152429103851318359e-02,5.488410592079162598e-02,-2.411569096148014069e-02,1.570799946784973145e+00
-8.777248382568359375e+00,-2.274125576019287109e+00,6.615975499153137207e-01,3.207399044185876846e-03,-7.193260826170444489e-04,-9.976660609245300293e-01,-6.820297986268997192e-02,-2.927450230345129967e-03,-1.634946651756763458e-02,1.026975288987159729e-01,2.026378177106380463e-02,-9.639568626880645752e-03,1.513838209211826324e-02,-4.047711938619613647e-02,1.263864245265722275e-02,1.219575777649879456e-01,-2.776975338793049584e-19,4.154131188988685608e-02,-9.289707988500595093e-03,-6.472889333963394165e-02,4.217419773340225220e-03,-9.952024370431900024e-02,2.435638457536697388e-01,1.570799946784973145e+00,-4.169389605522155762e-02,5.470684170722961426e-02,-2.413250133395195007e-02,1.570799946784973145e+00
-8.777249336242675781e+00,-2.274186849594116211e+00,6.616528034210205078e-01,3.217236604541540146e-03,-6.359366234391927719e-04,-9.976660609245300293e-01,-6.820278614759445190e-02,-2.958173397928476334e-03,-1.625877991318702698e-02,1.027124896645545959e-01,2.024681679904460907e-02,-9.434090927243232727e-03,1.504280976951122284e-02,-4.048222303390502930e-02,1.280897948890924454e-02,1.219507902860641479e-01,-3.595700097534253933e-19,4.153058305382728577e-02,-9.292796254158020020e-03,-6.472838670015335083e-02,4.210880491882562637e-03,-9.940515458583831787e-02,2.423404604196548462e-01,1.570799946784973145e+00,-4.136579856276512146e-02,5.488476529717445374e-02,-2.409418113529682159e-02,1.570799946784973145e+00
-8.777309417724609375e+00,-2.274186849594116211e+00,6.616528034210205078e-01,3.215926466509699821e-03,-6.344321300275623798e-04,-9.976661205291748047e-01,-6.820278614759445190e-02,-2.955516101792454720e-03,-1.625588722527027130e-02,1.027124822139739990e-01,2.024720422923564911e-02,-9.434149600565433502e-03,1.504275761544704437e-02,-4.047933593392372131e-02,1.281184982508420944e-02,1.219506710767745972e-01,-3.277073486000066169e-19,4.153034836053848267e-02,-9.292853064835071564e-03,-6.472937762737274170e-02,4.029073752462863922e-03,-9.941263496875762939e-02,2.414605170488357544e-01,1.570799946784973145e+00,-4.136792197823524475e-02,5.488015338778495789e-02,-2.409798279404640198e-02,1.570799946784973145e+00
-8.777130126953125000e+00,-2.274186372756958008e+00,6.615924835205078125e-01,3.264825325459241867e-03,-5.992848891764879227e-04,-9.976660013198852539e-01,-6.820237636566162109e-02,-3.022330580279231071e-03,-1.617585867643356323e-02,1.028793156147003174e-01,2.023977786302566528e-02,-9.447377175092697144e-03,1.503809168934822083e-02,-4.065698385238647461e-02,1.280687004327774048e-02,1.219436973333358765e-01,-4.899924299646679621e-19,4.160765931010246277e-02,-9.208711795508861542e-03,-6.455475091934204102e-02,3.884088248014450073e-03,-9.934241324663162231e-02,2.409291267395019531e-01,1.570799946784973145e+00,-4.142048582434654236e-02,5.495439842343330383e-02,-2.427244372665882111e-02,1.570799946784973145e+00
-8.777190208435058594e+00,-2.274186372756958008e+00,6.616525650024414062e-01,3.264166647568345070e-03,-5.984986783005297184e-04,-9.976660013198852539e-01,-6.820237636566162109e-02,-3.018795279785990715e-03,-1.617318019270896912e-02,1.028728336095809937e-01,2.024047821760177612e-02,-9.447223506867885590e-03,1.503845676779747009e-02,-4.065553098917007446e-02,1.280837692320346832e-02,1.219436302781105042e-01,1.987764772048649396e-19,4.160752147436141968e-02,-9.208744391798973083e-03,-6.455526500940322876e-02,3.790241433307528496e-03,-9.966002404689788818e-02,2.407568991184234619e-01,1.570799946784973145e+00,-4.125195741653442383e-02,5.495692789554595947e-02,-2.425351552665233612e-02,1.570799946784973145e+00
-8.777191162109375000e+00,-2.274186372756958008e+00,6.616489291191101074e-01,3.313059685751795769e-03,-5.626708152703940868e-04,-9.976658821105957031e-01,-6.820211559534072876e-02,-3.277530195191502571e-03,-1.617678254842758179e-02,1.028545722365379333e-01,2.004012838006019592e-02,-9.056217037141323090e-03,1.511954888701438904e-02,-4.083947092294692993e-02,1.296866405755281448e-02,1.219512000679969788e-01,2.704039722256952060e-19,4.169914126396179199e-02,-9.293938986957073212e-03,-6.472940742969512939e-02,3.768614260479807854e-03,-9.958814084529876709e-02,2.409309148788452148e-01,1.570799946784973145e+00,-4.106237366795539856e-02,5.505318567156791687e-02,-2.460750751197338104e-02,1.570799946784973145e+00
-8.777011871337890625e+00,-2.274186372756958008e+00,6.615892052650451660e-01,3.226362401619553566e-03,-5.520097329281270504e-04,-9.976661801338195801e-01,-6.820214539766311646e-02,-3.103661816567182541e-03,-1.616703160107135773e-02,1.028545349836349487e-01,2.004123479127883911e-02,-9.056301787495613098e-03,1.511930301785469055e-02,-4.064576327800750732e-02,1.296690013259649277e-02,1.217899322509765625e-01,-7.057705319107034808e-20,4.167881980538368225e-02,-9.300243109464645386e-03,-6.507847458124160767e-02,3.875521942973136902e-03,-9.978760778903961182e-02,2.417810559272766113e-01,1.570799946784973145e+00,-4.057743027806282043e-02,5.523573234677314758e-02,-2.583760581910610199e-02,1.570799946784973145e+00
-8.777070999145507812e+00,-2.274244308471679688e+00,6.615904569625854492e-01,3.218075726181268692e-03,-5.903733544982969761e-04,-9.976661205291748047e-01,-6.820233166217803955e-02,-3.049841849133372307e-03,-1.626640371978282928e-02,1.028459072113037109e-01,2.002707310020923615e-02,-9.270736947655677795e-03,1.513259485363960266e-02,-4.070486128330230713e-02,1.279414445161819458e-02,1.217888444662094116e-01,1.006010598638456688e-19,4.175777360796928406e-02,-9.200780652463436127e-03,-6.542791426181793213e-02,3.886190010234713554e-03,-1.003541424870491028e-01,2.435185760259628296e-01,1.570799946784973145e+00,-3.971145674586296082e-02,5.573222413659095764e-02,-2.776935510337352753e-02,1.570799946784973145e+00
-8.776889801025390625e+00,-2.274183988571166992e+00,6.615910530090332031e-01,3.208005102351307869e-03,-6.738077499903738499e-04,-9.976661205291748047e-01,-6.820254772901535034e-02,-3.035547677427530289e-03,-1.651936583220958710e-02,1.028611063957214355e-01,1.983643323183059692e-02,-9.282675571739673615e-03,1.522272359579801559e-02,-4.068225994706153870e-02,1.260918937623500824e-02,1.216352507472038269e-01,4.535497473077254984e-19,4.175288602709770203e-02,-9.206133894622325897e-03,-6.577720493078231812e-02,3.738357452675700188e-03,-1.012901589274406433e-01,2.456071227788925171e-01,1.570799946784973145e+00,-3.860099986195564270e-02,5.613611638545989990e-02,-3.003035113215446472e-02,1.570799946784973145e+00
-8.777549743652343750e+00,-2.274361133575439453e+00,6.616517305374145508e-01,3.069531405344605446e-03,-6.964139174669981003e-04,-9.976605772972106934e-01,-6.828989833593368530e-02,-2.444659825414419174e-03,-1.665441691875457764e-02,1.030235961079597473e-01,1.933669298887252808e-02,-9.103003889322280884e-03,1.515454147011041641e-02,-4.045037552714347839e-02,1.237166766077280045e-02,1.218186765909194946e-01,-5.275366587035896359e-19,4.180994629859924316e-02,-9.198327548801898956e-03,-6.647622585296630859e-02,4.040301777422428131e-03,-1.023761630058288574e-01,2.478792518377304077e-01,1.570799946784973145e+00,-3.792769834399223328e-02,5.610786005854606628e-02,-3.215389326214790344e-02,1.570799946784973145e+00
-8.777309417724609375e+00,-2.274300813674926758e+00,6.616491079330444336e-01,3.007848048582673073e-03,-8.547159377485513687e-04,-9.976546764373779297e-01,-6.837695091962814331e-02,-2.032215939834713936e-03,-1.721156202256679535e-02,1.030357033014297485e-01,1.862264238297939301e-02,-8.727469481527805328e-03,1.525137666612863541e-02,-4.045885801315307617e-02,1.203096378594636917e-02,1.220492795109748840e-01,5.075090134112440144e-19,4.177685081958770752e-02,-9.201300330460071564e-03,-6.665132939815521240e-02,4.224197939038276672e-03,-1.033613458275794983e-01,2.504964768886566162e-01,1.570799946784973145e+00,-3.734746947884559631e-02,5.635197833180427551e-02,-3.394234552979469299e-02,1.570799946784973145e+00
-8.776950836181640625e+00,-2.274179220199584961e+00,6.616446971893310547e-01,2.905880101025104523e-03,-9.699428337626159191e-04,-9.976429343223571777e-01,-6.855040788650512695e-02,-1.367111341096460819e-03,-1.733276806771755219e-02,1.033804267644882202e-01,1.759758777916431427e-02,-8.211667649447917938e-03,1.519720908254384995e-02,-4.030959680676460266e-02,1.191989984363317490e-02,1.222904175519943237e-01,1.155711064023661374e-20,4.200799018144607544e-02,-9.234542027115821838e-03,-6.682809442281723022e-02,4.183817654848098755e-03,-1.043842062354087830e-01,2.529640495777130127e-01,1.570799946784973145e+00,-3.751130029559135437e-02,5.648056045174598694e-02,-3.594161570072174072e-02,1.570799946784973145e+00
-8.776831626892089844e+00,-2.274177074432373047e+00,6.616446971893310547e-01,2.793848281726241112e-03,-1.164662302471697330e-03,-9.976370930671691895e-01,-6.863717734813690186e-02,-9.608768741600215435e-04,-1.773340068757534027e-02,1.037299185991287231e-01,1.700246147811412811e-02,-7.856634445488452911e-03,1.520932558923959732e-02,-4.030557721853256226e-02,1.147824432700872421e-02,1.225817501544952393e-01,-7.048267059070834051e-20,4.206448048353195190e-02,-9.273583069443702698e-03,-6.735392659902572632e-02,4.257611930370330811e-03,-1.051892116665840149e-01,2.551123797893524170e-01,1.570799946784973145e+00,-3.809060156345367432e-02,5.642905086278915405e-02,-3.691769391298294067e-02,1.570799946784973145e+00
-8.776594161987304688e+00,-2.274114608764648438e+00,6.616374850273132324e-01,2.684808801859617233e-03,-1.358845038339495659e-03,-9.976372122764587402e-01,-6.863657385110855103e-02,-6.104882340878248215e-04,-1.813062094151973724e-02,1.037304699420928955e-01,1.644275709986686707e-02,-7.482744753360748291e-03,1.505112834274768829e-02,-4.032354429364204407e-02,1.119931694120168686e-02,1.228591650724411011e-01,1.601507938255611445e-20,4.231054708361625671e-02,-9.295844472944736481e-03,-6.787921488285064697e-02,4.368085879832506180e-03,-1.059549748897552490e-01,2.567411065101623535e-01,1.570799946784973145e+00,-3.855837881565093994e-02,5.669640749692916870e-02,-3.772273659706115723e-02,1.570799946784973145e+00
-8.776475906372070312e+00,-2.274053096771240234e+00,6.616328358650207520e-01,2.736140508204698563e-03,-1.697206753306090832e-03,-9.976245760917663574e-01,-6.881044059991836548e-02,-5.855800700373947620e-04,-1.853914000093936920e-02,1.039207726716995239e-01,1.563686877489089966e-02,-6.732127629220485687e-03,1.498383376747369766e-02,-4.065136983990669250e-02,1.066332682967185974e-02,1.231817975640296936e-01,1.086999182007275522e-04,4.259969666600227356e-02,-9.343007579445838928e-03,-6.770696491003036499e-02,4.490051884204149246e-03,-1.066247969865798950e-01,2.574942111968994141e-01,1.570799946784973145e+00,-3.895996883511543274e-02,5.651120468974113464e-02,-3.817671909928321838e-02,1.570799946784973145e+00
-8.776415824890136719e+00,-2.273990154266357422e+00,6.616265177726745605e-01,2.577752340584993362e-03,-1.930090016685426235e-03,-9.976245760917663574e-01,-6.881055235862731934e-02,-2.974787203129380941e-04,-1.894498616456985474e-02,1.039085984230041504e-01,1.508115511387586594e-02,-6.368904840201139450e-03,1.491674687713384628e-02,-4.086329042911529541e-02,1.032087299972772598e-02,1.232883855700492859e-01,3.956076980102807283e-04,4.284225404262542725e-02,-9.383318945765495300e-03,-6.735831499099731445e-02,4.153743386268615723e-03,-1.069577187299728394e-01,2.586636543273925781e-01,1.570799946784973145e+00,-3.900996595621109009e-02,5.599300563335418701e-02,-3.896079957485198975e-02,1.570799946784973145e+00
-8.776355743408203125e+00,-2.273988008499145508e+00,6.616224646568298340e-01,2.424977719783782959e-03,-2.118033822625875473e-03,-9.976184964179992676e-01,-6.889785826206207275e-02,1.282238372368738055e-04,-1.941712573170661926e-02,1.039170995354652405e-01,1.468086056411266327e-02,-5.980838090181350708e-03,1.483865734189748764e-02,-4.088214784860610962e-02,9.910753928124904633e-03,1.235594004392623901e-01,6.429406930692493916e-04,4.275501891970634460e-02,-9.411066770553588867e-03,-6.648538261651992798e-02,3.733767429366707802e-03,-1.071436554193496704e-01,2.601809203624725342e-01,1.570469737052917480e+00,-3.917862102389335632e-02,5.571340024471282959e-02,-4.081385955214500427e-02,1.570799946784973145e+00
-8.776294708251953125e+00,-2.273924350738525391e+00,6.616772413253784180e-01,2.213292988017201424e-03,-2.471359679475426674e-03,-9.976301789283752441e-01,-6.872429698705673218e-02,5.657522706314921379e-04,-2.012456767261028290e-02,1.035869121551513672e-01,1.383813749998807907e-02,-5.407207645475864410e-03,1.485633663833141327e-02,-4.072545841336250305e-02,9.398992173373699188e-03,1.232956498861312866e-01,1.133554033003747463e-03,4.269738867878913879e-02,-9.513921104371547699e-03,-6.526444107294082642e-02,3.515903837978839874e-03,-1.068933084607124329e-01,2.617352306842803955e-01,1.569586396217346191e+00,-3.924961015582084656e-02,5.523093044757843018e-02,-4.339956119656562805e-02,1.570799946784973145e+00
-8.776291847229003906e+00,-2.273861885070800781e+00,6.616685390472412109e-01,2.043701708316802979e-03,-2.819019835442304611e-03,-9.976355433464050293e-01,-6.863802671432495117e-02,1.421223394572734833e-03,-2.081426791846752167e-02,1.034486666321754456e-01,1.247546914964914322e-02,-4.690588451921939850e-03,1.454800833016633987e-02,-4.083765670657157898e-02,8.818957954645156860e-03,1.232449263334274292e-01,1.902583870105445385e-03,4.238732159137725830e-02,-9.531668387353420258e-03,-6.334415823221206665e-02,1.984541071578860283e-03,-1.065864935517311096e-01,2.627892494201660156e-01,1.569202423095703125e+00,-4.008895903825759888e-02,5.474253371357917786e-02,-4.601379856467247009e-02,1.570799946784973145e+00
-8.776288032531738281e+00,-2.273797035217285156e+00,6.616744995117187500e-01,1.859379233792424202e-03,-3.291576402261853218e-03,-9.976701736450195312e-01,-6.811710447072982788e-02,2.010797616094350815e-03,-2.169083058834075928e-02,1.024728491902351379e-01,1.102033350616693497e-02,-4.122491925954818726e-03,1.450698636472225189e-02,-4.099691286683082581e-02,7.942295633256435394e-03,1.223488599061965942e-01,2.983348909765481949e-03,4.183647036552429199e-02,-9.905799292027950287e-03,-6.247166544198989868e-02,1.254440867342054844e-03,-1.056459695100784302e-01,2.636739015579223633e-01,1.569000840187072754e+00,-4.112422093749046326e-02,5.400546267628669739e-02,-4.830636456608772278e-02,1.570799946784973145e+00
-8.776045799255371094e+00,-2.273491382598876953e+00,6.616212725639343262e-01,1.637833542190492153e-03,-3.639843547716736794e-03,-9.977341890335083008e-01,-6.716082245111465454e-02,2.165297511965036392e-03,-2.191256359219551086e-02,1.008373573422431946e-01,1.057469006627798080e-02,-4.205576609820127487e-03,1.430623140186071396e-02,-4.101033136248588562e-02,7.924303412437438965e-03,1.206708326935768127e-01,4.402197897434234619e-03,4.088867083191871643e-02,-1.038068719208240509e-02,-6.264614313840866089e-02,4.540862282738089561e-04,-1.041381284594535828e-01,2.643683552742004395e-01,1.568467974662780762e+00,-4.261744394898414612e-02,5.350057780742645264e-02,-4.903872683644294739e-02,1.570799946784973145e+00
-8.775743484497070312e+00,-2.273006916046142578e+00,6.616240739822387695e-01,1.586886704899370670e-03,-4.043135792016983032e-03,-9.978195428848266602e-01,-6.585790961980819702e-02,7.103734533302485943e-04,-2.190142869949340820e-02,9.838762134313583374e-02,1.206892449408769608e-02,-4.477958194911479950e-03,1.345087308436632156e-02,-4.148853942751884460e-02,7.809439674019813538e-03,1.181427910923957825e-01,6.151073146611452103e-03,3.972040489315986633e-02,-1.103923562914133072e-02,-6.403693556785583496e-02,3.904320474248379469e-04,-1.025119721889495850e-01,2.653352022171020508e-01,1.567564845085144043e+00,-4.478072747588157654e-02,5.316827446222305298e-02,-4.762559011578559875e-02,1.570799946784973145e+00
-8.775383949279785156e+00,-2.272341489791870117e+00,6.615840792655944824e-01,1.489951624535024166e-03,-4.488710314035415649e-03,-9.979029297828674316e-01,-6.455517560243606567e-02,-2.235430292785167694e-03,-2.128084376454353333e-02,9.578826278448104858e-02,1.643807813525199890e-02,-5.866510793566703796e-03,1.236400660127401352e-02,-4.282133653759956360e-02,8.090861141681671143e-03,1.155916154384613037e-01,9.649617597460746765e-03,3.793275728821754456e-02,-1.240686140954494476e-02,-6.560441106557846069e-02,9.855363750830292702e-04,-1.000979095697402954e-01,2.652674317359924316e-01,1.565892696380615234e+00,-4.733648896217346191e-02,5.293307080864906311e-02,-4.499529674649238586e-02,1.570799946784973145e+00
-8.774908065795898438e+00,-2.271498680114746094e+00,6.615893840789794922e-01,1.442245789803564548e-03,-4.987859167158603668e-03,-9.979839920997619629e-01,-6.325300037860870361e-02,-7.400608155876398087e-03,-2.029317617416381836e-02,9.308114647865295410e-02,2.456821687519550323e-02,-7.343926932662725449e-03,1.076693460345268250e-02,-4.524352028965950012e-02,8.863474242389202118e-03,1.130583584308624268e-01,1.500290911644697189e-02,3.545165807008743286e-02,-1.371069811284542084e-02,-6.612242013216018677e-02,3.230627626180648804e-03,-9.471222758293151855e-02,2.621122598648071289e-01,1.561970829963684082e+00,-4.979217052459716797e-02,5.209334194660186768e-02,-4.238594695925712585e-02,1.570799946784973145e+00
-8.774138450622558594e+00,-2.270470142364501953e+00,6.616579294204711914e-01,1.507497276179492474e-03,-5.371655337512493134e-03,-9.981011748313903809e-01,-6.134276837110519409e-02,-1.581311412155628204e-02,-1.863721571862697601e-02,8.925715088844299316e-02,3.757995739579200745e-02,-8.960483595728874207e-03,9.186140261590480804e-03,-4.878006130456924438e-02,1.012454275041818619e-02,1.091652959585189819e-01,2.172230929136276245e-02,3.318411856889724731e-02,-1.567852497100830078e-02,-6.663331389427185059e-02,7.910304702818393707e-03,-8.800328522920608521e-02,2.582516074180603027e-01,1.554582834243774414e+00,-5.392487347126007080e-02,5.099687352776527405e-02,-3.735155984759330750e-02,1.570799946784973145e+00
-8.773021697998046875e+00,-2.269261837005615234e+00,6.616979837417602539e-01,1.586651895195245743e-03,-5.802050232887268066e-03,-9.981933236122131348e-01,-5.978174880146980286e-02,-2.852879650890827179e-02,-1.625866256654262543e-02,8.652464300394058228e-02,5.670621246099472046e-02,-9.842141531407833099e-03,6.754622794687747955e-03,-5.415133759379386902e-02,1.197106577455997467e-02,1.061941608786582947e-01,2.961170487105846405e-02,3.190782666206359863e-02,-1.791794411838054657e-02,-6.470013409852981567e-02,1.600135490298271179e-02,-8.275315910577774048e-02,2.535913586616516113e-01,1.544676542282104492e+00,-6.068396568298339844e-02,5.041269585490226746e-02,-2.780186198651790619e-02,1.570799946784973145e+00
-8.771188735961914062e+00,-2.267747163772583008e+00,6.616432070732116699e-01,1.892669359222054482e-03,-6.287830881774425507e-03,-9.982615709304809570e-01,-5.857195332646369934e-02,-4.554434865713119507e-02,-1.315084099769592285e-02,8.461779356002807617e-02,8.290326595306396484e-02,-1.261826418340206146e-02,4.215101711452007294e-03,-6.210227310657501221e-02,1.445043180137872696e-02,1.041182503104209900e-01,4.003166034817695618e-02,3.057092614471912384e-02,-2.071145921945571899e-02,-5.944986268877983093e-02,2.760718017816543579e-02,-7.866401970386505127e-02,2.456803768873214722e-01,1.534480333328247070e+00,-7.101529091596603394e-02,5.204627290368080139e-02,-1.266634650528430939e-02,1.570799946784973145e+00
-8.768342971801757812e+00,-2.265929222106933594e+00,6.614146232604980469e-01,2.281927969306707382e-03,-6.656941957771778107e-03,-9.982832074165344238e-01,-5.814745277166366577e-02,-6.634364277124404907e-02,-8.819816634058952332e-03,8.385317772626876831e-02,1.129376292228698730e-01,-1.432984322309494019e-02,7.990421145223081112e-04,-7.434730231761932373e-02,1.809910498559474945e-02,1.029587164521217346e-01,5.507738143205642700e-02,2.798075228929519653e-02,-2.380805276334285736e-02,-4.947971180081367493e-02,4.646280780434608459e-02,-7.573140412569046021e-02,2.443658560514450073e-01,1.524498462677001953e+00,-8.356053382158279419e-02,5.450275540351867676e-02,3.337076865136623383e-03,1.570799946784973145e+00
-8.763962745666503906e+00,-2.263811349868774414e+00,6.610346436500549316e-01,3.063913900405168533e-03,-7.306609302759170532e-03,-9.984908103942871094e-01,-5.434461310505867004e-02,-9.798572957515716553e-02,-4.450233653187751770e-03,7.658328115940093994e-02,1.516026258468627930e-01,-7.393639069050550461e-03,-3.144929884001612663e-03,-8.941913396120071411e-02,2.130507118999958038e-02,9.508282691240310669e-02,7.178658992052078247e-02,2.555503323674201965e-02,-2.765382640063762665e-02,-4.140517488121986389e-02,7.167304307222366333e-02,-7.461974769830703735e-02,2.523027360439300537e-01,1.517510771751403809e+00,-9.766387939453125000e-02,5.657611414790153503e-02,1.709677837789058685e-02,1.570799946784973145e+00
-8.757353782653808594e+00,-2.261658906936645508e+00,6.604489088058471680e-01,4.065696615725755692e-03,-8.154204115271568298e-03,-9.988823533058166504e-01,-4.637872800230979919e-02,-1.445813924074172974e-01,7.308778731385245919e-05,6.149002909660339355e-02,2.028185874223709106e-01,1.128789409995079041e-02,-7.874204777181148529e-03,-1.089717969298362732e-01,2.389860898256301880e-02,7.938349246978759766e-02,9.180454909801483154e-02,2.331389673054218292e-02,-3.170177340507507324e-02,-3.835730999708175659e-02,1.047426834702491760e-01,-7.488316297531127930e-02,2.703280448913574219e-01,1.514169573783874512e+00,-1.128113567829132080e-01,5.799990519881248474e-02,3.005903773009777069e-02,1.570799946784973145e+00
-8.749372482299804688e+00,-2.259779453277587891e+00,6.600495576858520508e-01,5.774519406259059906e-03,-9.078056551516056061e-03,-9.992632865905761719e-01,-3.683853149414062500e-02,-2.037815451622009277e-01,4.288563970476388931e-03,4.647837206721305847e-02,2.773973643779754639e-01,2.328848466277122498e-02,-1.375706866383552551e-02,-1.299765855073928833e-01,2.466963231563568115e-02,6.087090820074081421e-02,1.071673631668090820e-01,2.515496872365474701e-02,-3.491906821727752686e-02,-3.758945688605308533e-02,1.438216269016265869e-01,-7.702337950468063354e-02,2.944758236408233643e-01,1.513164758682250977e+00,-1.318692117929458618e-01,5.808820202946662903e-02,4.455721750855445862e-02,1.570799946784973145e+00
-8.740974426269531250e+00,-2.258288621902465820e+00,6.599761843681335449e-01,7.432354148477315903e-03,-1.033327355980873108e-02,-9.994855523109436035e-01,-2.943929843604564667e-02,-2.622257471084594727e-01,5.877965129911899567e-03,3.415175527334213257e-02,3.732666373252868652e-01,1.450345385819673538e-02,-1.880572549998760223e-02,-1.492047607898712158e-01,2.379924990236759186e-02,4.768409952521324158e-02,1.137472167611122131e-01,3.427166491746902466e-02,-3.749448060989379883e-02,-3.532448783516883850e-02,1.882672607898712158e-01,-8.159784972667694092e-02,3.227341473102569580e-01,1.516211748123168945e+00,-1.564105749130249023e-01,5.661039054393768311e-02,6.493972986936569214e-02,1.570799946784973145e+00
-8.733308792114257812e+00,-2.257417440414428711e+00,6.602393388748168945e-01,8.761405013501644135e-03,-1.206712704151868820e-02,-9.995939135551452637e-01,-2.428173087537288666e-02,-3.107664883136749268e-01,2.864505397155880928e-03,2.815566025674343109e-02,4.849562346935272217e-01,-6.351311691105365753e-03,-1.963396184146404266e-02,-1.634248346090316772e-01,2.118508331477642059e-02,3.917822614312171936e-02,1.119723469018936157e-01,4.714732244610786438e-02,-3.897729888558387756e-02,-3.381154313683509827e-02,2.339041829109191895e-01,-8.943936228752136230e-02,3.474532663822174072e-01,1.524107217788696289e+00,-1.873039901256561279e-01,5.395312234759330750e-02,8.874254673719406128e-02,1.570242762565612793e+00
-8.726780891418457031e+00,-2.257424831390380859e+00,6.605406999588012695e-01,9.311162866652011871e-03,-1.368598267436027527e-02,-9.996750354766845703e-01,-1.938680931925773621e-02,-3.424251079559326172e-01,-2.727312268689274788e-03,3.217617049813270569e-02,5.974840521812438965e-01,-2.580199018120765686e-02,-1.615754328668117523e-02,-1.719399541616439819e-01,1.647402159869670868e-02,3.090753406286239624e-02,1.052332967519760132e-01,6.111805513501167297e-02,-3.867559880018234253e-02,-3.524532914161682129e-02,2.807321548461914062e-01,-1.008221283555030823e-01,3.662325143814086914e-01,1.534489274024963379e+00,-2.193738967180252075e-01,5.109923332929611206e-02,1.047640070319175720e-01,1.570021510124206543e+00
-8.721652984619140625e+00,-2.258163928985595703e+00,6.608319878578186035e-01,9.178012609481811523e-03,-1.524804905056953430e-02,-9.997352957725524902e-01,-1.458192244172096252e-02,-3.564895093441009521e-01,-9.029388427734375000e-03,4.125182703137397766e-02,7.007738947868347168e-01,-3.403751179575920105e-02,-1.098022796213626862e-02,-1.760422587394714355e-01,1.075831614434719086e-02,2.183597534894943237e-02,9.681508690118789673e-02,7.444764673709869385e-02,-3.737603127956390381e-02,-3.840222954750061035e-02,3.256095945835113525e-01,-1.139395758509635925e-01,3.794542253017425537e-01,1.545213580131530762e+00,-2.515490949153900146e-01,4.738215729594230652e-02,1.115188375115394592e-01,1.569620728492736816e+00
-8.716785430908203125e+00,-2.259283304214477539e+00,6.610569953918457031e-01,8.305083960294723511e-03,-1.677357405424118042e-02,-9.997689723968505859e-01,-1.056786160916090012e-02,-3.554275333881378174e-01,-1.484560500830411911e-02,4.994981363415718079e-02,7.825787067413330078e-01,-2.335111051797866821e-02,-5.966277327388525009e-03,-1.779828965663909912e-01,4.550078883767127991e-03,1.400041207671165466e-02,8.786138892173767090e-02,8.790218085050582886e-02,-3.568542003631591797e-02,-4.066494107246398926e-02,3.688152134418487549e-01,-1.275195926427841187e-01,3.911065459251403809e-01,1.555457234382629395e+00,-2.826814055442810059e-01,4.357275739312171936e-02,1.142254024744033813e-01,1.568985462188720703e+00
-8.713417053222656250e+00,-2.260787487030029297e+00,6.611862182617187500e-01,7.340586278587579727e-03,-1.789048314094543457e-02,-9.997860789299011230e-01,-7.340213283896446228e-03,-3.401128351688385010e-01,-1.834623143076896667e-02,5.829825252294540405e-02,8.347243070602416992e-01,4.558796063065528870e-03,-3.275559516623616219e-03,-1.798284649848937988e-01,-8.440003730356693268e-04,7.668417878448963165e-03,8.164849877357482910e-02,9.899662435054779053e-02,-3.362505882978439331e-02,-4.204584658145904541e-02,4.061775505542755127e-01,-1.397172808647155762e-01,4.017024040222167969e-01,1.563067674636840820e+00,-3.128669559955596924e-01,4.023243859410285950e-02,1.143506616353988647e-01,1.568453311920166016e+00
-8.708396911621093750e+00,-2.262474298477172852e+00,6.608003377914428711e-01,6.354961544275283813e-03,-1.846727728843688965e-02,-9.997968673706054688e-01,-4.977147094905376434e-03,-3.044944703578948975e-01,-1.733896508812904358e-02,7.036608457565307617e-02,8.521032929420471191e-01,4.718111082911491394e-02,-5.859547294676303864e-03,-1.848461925983428955e-01,-5.726899020373821259e-03,1.524512190371751785e-03,8.033882081508636475e-02,1.083741113543510437e-01,-3.113561123609542847e-02,-4.272940382361412048e-02,4.418597817420959473e-01,-1.511577963829040527e-01,4.147354662418365479e-01,1.567542552947998047e+00,-3.442192971706390381e-01,3.664566576480865479e-02,1.119927540421485901e-01,1.568330407142639160e+00
-8.703440666198730469e+00,-2.264319419860839844e+00,6.602135300636291504e-01,5.222932901233434677e-03,-1.856381073594093323e-02,-9.998077154159545898e-01,-3.556219628080725670e-03,-2.544219493865966797e-01,-1.398703642189502716e-02,8.614951372146606445e-02,8.394472599029541016e-01,8.706423640251159668e-02,-1.125746034085750580e-02,-1.907743215560913086e-01,-9.668640792369842529e-03,-3.037404268980026245e-03,8.046778291463851929e-02,1.164839863777160645e-01,-2.821599319577217102e-02,-4.291584715247154236e-02,4.720174372196197510e-01,-1.606834530830383301e-01,4.259984493255615234e-01,1.570232868194580078e+00,-3.744038045406341553e-01,3.372604027390480042e-02,1.092038974165916443e-01,1.568252325057983398e+00
-8.698370933532714844e+00,-2.266742944717407227e+00,6.593807935714721680e-01,4.291106481105089188e-03,-1.845900341868400574e-02,-9.998156428337097168e-01,-3.081806004047393799e-03,-1.975528746843338013e-01,-1.250684540718793869e-02,9.925562888383865356e-02,8.043819069862365723e-01,1.152623966336250305e-01,-1.694022305309772491e-02,-1.978035569190979004e-01,-1.341509912163019180e-02,-5.707770120352506638e-03,7.986464351415634155e-02,1.259120553731918335e-01,-2.483208663761615753e-02,-4.156535863876342773e-02,4.954591691493988037e-01,-1.690474301576614380e-01,4.333488643169403076e-01,1.570799946784973145e+00,-4.013442397117614746e-01,3.028697520494461060e-02,1.066280007362365723e-01,1.568178653717041016e+00
-8.692321777343750000e+00,-2.269624710083007812e+00,6.584424376487731934e-01,3.339947201311588287e-03,-1.795512065291404724e-02,-9.998266100883483887e-01,-3.639491042122244835e-03,-1.411371976137161255e-01,-1.554642524570226669e-02,1.062424778938293457e-01,7.589274644851684570e-01,1.135565117001533508e-01,-1.753460429608821869e-02,-2.068054974079132080e-01,-1.695146970450878143e-02,-5.519134458154439926e-03,7.970867305994033813e-02,1.365875452756881714e-01,-2.060081996023654938e-02,-3.956196829676628113e-02,5.118090510368347168e-01,-1.755694448947906494e-01,4.418957531452178955e-01,1.570799946784973145e+00,-4.249486625194549561e-01,2.758272551000118256e-02,1.066523939371109009e-01,1.567271113395690918e+00
-8.684602737426757812e+00,-2.273062229156494141e+00,6.571388840675354004e-01,2.686551772058010101e-03,-1.722725294530391693e-02,-9.998347163200378418e-01,-5.147153511643409729e-03,-9.417214989662170410e-02,-2.280961908400058746e-02,1.051756739616394043e-01,7.167831063270568848e-01,7.153746485710144043e-02,-9.756118990480899811e-03,-2.204914540052413940e-01,-2.026730962097644806e-02,-2.400252735242247581e-03,7.943330705165863037e-02,1.509347259998321533e-01,-1.514058746397495270e-02,-3.722896054387092590e-02,5.212071537971496582e-01,-1.806547045707702637e-01,4.532212615013122559e-01,1.570799946784973145e+00,-4.436133503913879395e-01,2.455396205186843872e-02,1.085755079984664917e-01,1.563125252723693848e+00
-8.675539970397949219e+00,-2.276484489440917969e+00,6.554458141326904297e-01,2.082861959934234619e-03,-1.613388955593109131e-02,-9.998399019241333008e-01,-7.449197117239236832e-03,-5.468006432056427002e-02,-3.323318064212799072e-02,9.703370183706283569e-02,6.700545549392700195e-01,1.144919265061616898e-02,2.649858361110091209e-03,-2.368467003107070923e-01,-2.254785038530826569e-02,3.067901125177741051e-03,7.834701240062713623e-02,1.683271229267120361e-01,-9.599318727850914001e-03,-3.279890492558479309e-02,5.205711722373962402e-01,-1.833683252334594727e-01,4.609431922435760498e-01,1.570799946784973145e+00,-4.559059143066406250e-01,2.018157020211219788e-02,1.085548549890518188e-01,1.552377820014953613e+00
-8.663703918457031250e+00,-2.280038356781005859e+00,6.529352068901062012e-01,1.708068419247865677e-03,-1.493155304342508316e-02,-9.998403191566467285e-01,-9.668016806244850159e-03,-2.415402792394161224e-02,-4.591242596507072449e-02,8.487759530544281006e-02,6.238235235214233398e-01,-5.699141696095466614e-02,1.662836037576198578e-02,-2.577767968177795410e-01,-2.460483089089393616e-02,9.409056976437568665e-03,7.497910410165786743e-02,1.909323930740356445e-01,-3.461100859567523003e-03,-2.905612066388130188e-02,5.065475106239318848e-01,-1.837252378463745117e-01,4.598232209682464600e-01,1.570799946784973145e+00,-4.598971307277679443e-01,1.401975750923156738e-02,1.059915646910667419e-01,1.535732626914978027e+00
-8.649324417114257812e+00,-2.283860206604003906e+00,6.496937870979309082e-01,1.694371108897030354e-03,-1.337020099163055420e-02,-9.998475909233093262e-01,-1.109809614717960358e-02,-6.301968824118375778e-03,-5.780754610896110535e-02,6.978913396596908569e-02,5.889028310775756836e-01,-1.426026970148086548e-01,3.052871115505695343e-02,-2.804832458496093750e-01,-2.658665366470813751e-02,1.606171205639839172e-02,6.548679620027542114e-02,2.162498235702514648e-01,3.339848713949322701e-03,-2.760186791419982910e-02,4.812353849411010742e-01,-1.816887855529785156e-01,4.534654915332794189e-01,1.570799946784973145e+00,-4.549363255500793457e-01,6.723039783537387848e-03,1.005423963069915771e-01,1.513608098030090332e+00
-8.631971359252929688e+00,-2.288226604461669922e+00,6.460291147232055664e-01,1.810827292501926422e-03,-1.134241838008165359e-02,-9.998639225959777832e-01,-1.184253953397274017e-02,4.980017547495663166e-04,-6.714607030153274536e-02,5.779289081692695618e-02,5.611139535903930664e-01,-2.284846752882003784e-01,4.331304132938385010e-02,-3.044640719890594482e-01,-2.773506194353103638e-02,2.755851298570632935e-02,5.290629342198371887e-02,2.281519770622253418e-01,1.242120750248432159e-02,-2.978385984897613525e-02,4.437329769134521484e-01,-1.778457164764404297e-01,4.446598589420318604e-01,1.570799946784973145e+00,-4.444798827171325684e-01,-1.202237326651811600e-03,9.284554421901702881e-02,1.490561604499816895e+00
-8.612816810607910156e+00,-2.292743921279907227e+00,6.421767473220825195e-01,2.307526301592588425e-03,-8.225018158555030823e-03,-9.998862147331237793e-01,-1.243232563138008118e-02,-1.200538827106356621e-03,-7.214062660932540894e-02,5.080399289727210999e-02,5.362843275070190430e-01,-3.009129762649536133e-01,5.470157787203788757e-02,-3.282318115234375000e-01,-2.702242322266101837e-02,3.901767358183860779e-02,3.982154279947280884e-02,2.208419293165206909e-01,2.221873216331005096e-02,-3.733316436409950256e-02,3.926736414432525635e-01,-1.691260039806365967e-01,4.285930991172790527e-01,1.570799946784973145e+00,-4.253815710544586182e-01,-8.169817738234996796e-03,7.813188433647155762e-02,1.468585968017578125e+00
-8.592450141906738281e+00,-2.296554565429687500e+00,6.396960616111755371e-01,3.116944571956992149e-03,-4.544171039015054703e-03,-9.998993873596191406e-01,-1.306918915361166000e-02,-1.098630018532276154e-02,-7.273542135953903198e-02,4.836532846093177795e-02,5.105014443397521973e-01,-3.459328114986419678e-01,6.340060383081436157e-02,-3.493848741054534912e-01,-2.542050182819366455e-02,4.193264618515968323e-02,3.139695897698402405e-02,1.851151585578918457e-01,2.991613373160362244e-02,-4.774709045886993408e-02,3.298011422157287598e-01,-1.542829871177673340e-01,3.978294730186462402e-01,1.570799946784973145e+00,-3.974031209945678711e-01,-1.205261610448360443e-02,5.306481570005416870e-02,1.449705600738525391e+00
-8.571545600891113281e+00,-2.299347400665283203e+00,6.399577856063842773e-01,4.075428936630487442e-03,-2.052310446742922068e-04,-9.998771548271179199e-01,-1.513166911900043488e-02,-2.426568046212196350e-02,-6.914115697145462036e-02,5.076657235622406006e-02,4.780786335468292236e-01,-3.592704534530639648e-01,6.925081461668014526e-02,-3.651476502418518066e-01,-2.290440164506435394e-02,3.179835900664329529e-02,2.984842471778392792e-02,1.336172223091125488e-01,3.311151638627052307e-02,-6.087623536586761475e-02,2.626745402812957764e-01,-1.352032124996185303e-01,3.639681637287139893e-01,1.570799946784973145e+00,-3.585112690925598145e-01,-1.196809019893407822e-02,1.627657748758792877e-02,1.436495184898376465e+00
-8.551102638244628906e+00,-2.301374435424804688e+00,6.424013972282409668e-01,5.425412673503160477e-03,4.220204893499612808e-03,-9.998145103454589844e-01,-1.799188740551471710e-02,-4.175309836864471436e-02,-6.314302980899810791e-02,5.528111010789871216e-02,4.434770941734313965e-01,-3.464156091213226318e-01,7.318726181983947754e-02,-3.778848350048065186e-01,-2.237969823181629181e-02,-6.936965975910425186e-03,4.383527487516403198e-02,8.266817033290863037e-02,2.660919912159442902e-02,-7.622772455215454102e-02,1.949271261692047119e-01,-1.121326312422752380e-01,3.323249816894531250e-01,1.570799946784973145e+00,-3.152872622013092041e-01,-8.727245964109897614e-03,-1.886504888534545898e-02,1.431612730026245117e+00
-8.531425476074218750e+00,-2.302263498306274414e+00,6.456970572471618652e-01,6.632068660110235214e-03,8.103179745376110077e-03,-9.997189044952392578e-01,-2.127014100551605225e-02,-6.099800765514373779e-02,-5.594171956181526184e-02,6.127276644110679626e-02,4.089836776256561279e-01,-3.165362775325775146e-01,7.487636804580688477e-02,-3.920783996582031250e-01,-2.435017377138137817e-02,-5.603050440549850464e-02,7.905676960945129395e-02,4.725962132215499878e-02,1.750684157013893127e-02,-9.495045244693756104e-02,1.274567544460296631e-01,-8.592826128005981445e-02,3.048982918262481689e-01,1.570799946784973145e+00,-2.663786709308624268e-01,-3.392210695892572403e-03,-4.754616692662239075e-02,1.437723278999328613e+00
-8.513965606689453125e+00,-2.302774906158447266e+00,6.491505503654479980e-01,7.371671032160520554e-03,1.139063760638237000e-02,-9.995965361595153809e-01,-2.495251968502998352e-02,-7.658926397562026978e-02,-4.865885153412818909e-02,6.839583069086074829e-02,3.727510869503021240e-01,-2.791485786437988281e-01,7.564974576234817505e-02,-4.095954596996307373e-01,-2.916568890213966370e-02,-8.809148520231246948e-02,1.444310694932937622e-01,2.687681280076503754e-02,1.624565757811069489e-02,-1.097533628344535828e-01,6.047082692384719849e-02,-5.856172740459442139e-02,2.781185507774353027e-01,1.570260286331176758e+00,-2.112070024013519287e-01,1.901490148156881332e-03,-7.436992228031158447e-02,1.450363397598266602e+00
-8.498380661010742188e+00,-2.302850723266601562e+00,6.524762511253356934e-01,7.987193763256072998e-03,1.427932735532522202e-02,-9.994440078735351562e-01,-2.905207872390747070e-02,-8.657921850681304932e-02,-4.181931912899017334e-02,7.614146918058395386e-02,3.318310081958770752e-01,-2.377712577581405640e-01,7.601982355117797852e-02,-4.266326427459716797e-01,-3.387114778161048889e-02,-8.835682272911071777e-02,2.279242128133773804e-01,1.618125475943088531e-02,2.494951896369457245e-02,-1.193974763154983521e-01,-1.171507989056408405e-03,-3.079994395375251770e-02,2.554282546043395996e-01,1.565124869346618652e+00,-1.486168354749679565e-01,5.341112613677978516e-03,-9.837879985570907593e-02,1.468174576759338379e+00
-8.485003471374511719e+00,-2.302507162094116211e+00,6.554358005523681641e-01,8.150139823555946350e-03,1.663804985582828522e-02,-9.992642402648925781e-01,-3.358081728219985962e-02,-9.084465354681015015e-02,-3.541527688503265381e-02,8.480317890644073486e-02,2.885127365589141846e-01,-1.960347741842269897e-01,7.519298791885375977e-02,-4.412644803524017334e-01,-3.552950546145439148e-02,-5.635192990303039551e-02,3.306725025177001953e-01,7.417309097945690155e-03,4.117150604724884033e-02,-1.252181529998779297e-01,-5.977612361311912537e-02,-2.046725712716579437e-03,2.372577190399169922e-01,1.553772211074829102e+00,-8.743874728679656982e-02,7.506367284804582596e-03,-1.130537241697311401e-01,1.487981677055358887e+00
-8.472756385803222656e+00,-2.301654815673828125e+00,6.580485701560974121e-01,7.859884761273860931e-03,1.869848743081092834e-02,-9.990538954734802246e-01,-3.846875950694084167e-02,-9.174409508705139160e-02,-2.881941385567188263e-02,9.375288337469100952e-02,2.448640018701553345e-01,-1.553042382001876831e-01,7.352150976657867432e-02,-4.522260427474975586e-01,-3.128631785511970520e-02,-6.367399357259273529e-03,4.424538314342498779e-01,-2.070695394650101662e-03,6.001780182123184204e-02,-1.294498741626739502e-01,-1.158608794212341309e-01,2.831128239631652832e-02,2.196182310581207275e-01,1.536492109298706055e+00,-2.572865597903728485e-02,8.076844736933708191e-03,-1.225645169615745544e-01,1.509902954101562500e+00
-8.461598396301269531e+00,-2.300425052642822266e+00,6.601486206054687500e-01,7.423788774758577347e-03,2.040719427168369293e-02,-9.988355636596679688e-01,-4.308131337165832520e-02,-9.263750165700912476e-02,-2.215606160461902618e-02,1.019512116909027100e-01,2.067019790410995483e-01,-1.182010546326637268e-01,7.121538370847702026e-02,-4.553352892398834229e-01,-2.272446081042289734e-02,4.962657392024993896e-02,5.566816926002502441e-01,-4.346915986388921738e-03,7.795942574739456177e-02,-1.322665065526962280e-01,-1.719483435153961182e-01,6.022034958004951477e-02,2.014466077089309692e-01,1.516740322113037109e+00,3.334947302937507629e-02,6.973633076995611191e-03,-1.346484124660491943e-01,1.531211376190185547e+00
-8.451054573059082031e+00,-2.298830032348632812e+00,6.616020202636718750e-01,6.906399037688970566e-03,2.165134996175765991e-02,-9.986119866371154785e-01,-4.751489311456680298e-02,-9.536666423082351685e-02,-1.559144631028175354e-02,1.095285564661026001e-01,1.755767017602920532e-01,-8.506236970424652100e-02,6.811732053756713867e-02,-4.477066993713378906e-01,-1.308162976056337357e-02,1.002450883388519287e-01,6.556808352470397949e-01,2.596692414954304695e-03,9.332695603370666504e-02,-1.343792974948883057e-01,-2.253394275903701782e-01,9.156232327222824097e-02,1.887865811586380005e-01,1.497390508651733398e+00,9.089938551187515259e-02,4.758931230753660202e-03,-1.537936776876449585e-01,1.548301219940185547e+00
-8.441108703613281250e+00,-2.296897172927856445e+00,6.623999476432800293e-01,6.217948626726865768e-03,2.195985242724418640e-02,-9.984161257743835449e-01,-5.142362788319587708e-02,-1.002825200557708740e-01,-1.038787234574556351e-02,1.160545721650123596e-01,1.518833041191101074e-01,-5.677255243062973022e-02,6.479563564062118530e-02,-4.240473508834838867e-01,-7.725802250206470490e-03,1.400748193264007568e-01,7.321657538414001465e-01,1.785726100206375122e-02,1.067114621400833130e-01,-1.354328989982604980e-01,-2.754667103290557861e-01,1.200718134641647339e-01,1.795735806226730347e-01,1.477530121803283691e+00,1.415347605943679810e-01,1.945563708432018757e-03,-1.766810268163681030e-01,1.559648513793945312e+00
-8.431792259216308594e+00,-2.294705867767333984e+00,6.627571582794189453e-01,5.506803747266530991e-03,2.148235030472278595e-02,-9.982498288154602051e-01,-5.482177436351776123e-02,-1.068914607167243958e-01,-6.006572861224412918e-03,1.212940886616706848e-01,1.341685950756072998e-01,-3.183887153863906860e-02,6.082390993833541870e-02,-3.864605426788330078e-01,-8.024444803595542908e-03,1.673929542303085327e-01,7.843683958053588867e-01,3.271719440817832947e-02,1.172106862068176270e-01,-1.361157745122909546e-01,-3.185270726680755615e-01,1.437611579895019531e-01,1.720002889633178711e-01,1.458796620368957520e+00,1.840899735689163208e-01,5.595955881290137768e-04,-2.005801647901535034e-01,1.566454410552978516e+00
-8.422557830810546875e+00,-2.292196273803710938e+00,6.626666188240051270e-01,4.957736469805240631e-03,2.043135464191436768e-02,-9.981123208999633789e-01,-5.770381540060043335e-02,-1.156416907906532288e-01,-1.882147975265979767e-03,1.261143535375595093e-01,1.207843124866485596e-01,-8.987030945718288422e-03,5.654452741146087646e-02,-3.342207372188568115e-01,-1.407984364777803421e-02,1.818704456090927124e-01,8.108205199241638184e-01,4.243786260485649109e-02,1.237783282995223999e-01,-1.353817582130432129e-01,-3.549028038978576660e-01,1.625124663114547729e-01,1.625916808843612671e-01,1.441662907600402832e+00,2.166432142257690430e-01,4.502361116465181112e-04,-2.216842472553253174e-01,1.570693492889404297e+00
-8.413056373596191406e+00,-2.289299726486206055e+00,6.622942090034484863e-01,4.229088779538869858e-03,1.902377232909202576e-02,-9.979667663574218750e-01,-6.068428978323936462e-02,-1.252217739820480347e-01,2.026962116360664368e-03,1.312215626239776611e-01,1.096418276429176331e-01,1.312844362109899521e-02,5.167414247989654541e-02,-2.761327028274536133e-01,-2.392891049385070801e-02,1.850129067897796631e-01,8.166501522064208984e-01,4.199878871440887451e-02,1.263156384229660034e-01,-1.323573589324951172e-01,-3.841989934444427490e-01,1.759383529424667358e-01,1.516215354204177856e-01,1.427807807922363281e+00,2.394958287477493286e-01,2.089992864057421684e-03,-2.371670156717300415e-01,1.570799946784973145e+00
-8.403057098388671875e+00,-2.286253452301025391e+00,6.615924835205078125e-01,3.598038572818040848e-03,1.713506132364273071e-02,-9.978112578392028809e-01,-6.376653164625167847e-02,-1.388913393020629883e-01,6.227175705134868622e-03,1.359483003616333008e-01,1.045028269290924072e-01,3.399377316236495972e-02,4.611308500170707703e-02,-2.117263525724411011e-01,-3.928621485829353333e-02,1.732714325189590454e-01,8.008494973182678223e-01,3.122849576175212860e-02,1.272697299718856812e-01,-1.280934363603591919e-01,-4.044392704963684082e-01,1.839907169342041016e-01,1.445539742708206177e-01,1.416485905647277832e+00,2.536052167415618896e-01,3.915441222488880157e-03,-2.455365508794784546e-01,1.570799946784973145e+00
-8.392460823059082031e+00,-2.283020257949829102e+00,6.603242754936218262e-01,3.098383080214262009e-03,1.471429597586393356e-02,-9.976500868797302246e-01,-6.684418767690658569e-02,-1.574277281761169434e-01,1.057785470038652420e-02,1.401085853576660156e-01,1.078283339738845825e-01,5.123667791485786438e-02,4.034530371427536011e-02,-1.477041691541671753e-01,-5.582244321703910828e-02,1.525930613279342651e-01,7.657363414764404297e-01,2.173281647264957428e-02,1.271034032106399536e-01,-1.238282471895217896e-01,-4.147811830043792725e-01,1.872924417257308960e-01,1.465782672166824341e-01,1.407379865646362305e+00,2.559700012207031250e-01,4.565218929201364517e-03,-2.426161617040634155e-01,1.570799946784973145e+00
-8.380323410034179688e+00,-2.279557704925537109e+00,6.585169434547424316e-01,2.653745468705892563e-03,1.229335274547338486e-02,-9.974485635757446289e-01,-7.027267664670944214e-02,-1.821459382772445679e-01,1.650377176702022552e-02,1.445178538560867310e-01,1.185638904571533203e-01,6.749080866575241089e-02,3.388151153922080994e-02,-8.788431435823440552e-02,-6.896007806062698364e-02,1.265018135309219360e-01,7.147139906883239746e-01,4.950682632625102997e-03,1.224738359451293945e-01,-1.193905323743820190e-01,-4.153790771961212158e-01,1.883133202791213989e-01,1.570838838815689087e-01,1.401751279830932617e+00,2.474533915519714355e-01,5.443344358354806900e-03,-2.284532338380813599e-01,1.570799946784973145e+00
-8.366747856140136719e+00,-2.275928497314453125e+00,6.563403606414794922e-01,2.446127589792013168e-03,9.930477477610111237e-03,-9.971246123313903809e-01,-7.508627325296401978e-02,-2.100041508674621582e-01,2.451257221400737762e-02,1.513180434703826904e-01,1.314669400453567505e-01,8.543249219655990601e-02,2.724343910813331604e-02,-3.841084241867065430e-02,-7.371318340301513672e-02,1.091146618127822876e-01,6.589163541793823242e-01,-3.056001849472522736e-02,1.105121746659278870e-01,-1.123481541872024536e-01,-4.076988995075225830e-01,1.875566840171813965e-01,1.740735918283462524e-01,1.400202393531799316e+00,2.241874039173126221e-01,7.837226614356040955e-03,-2.011583745479583740e-01,1.570799946784973145e+00
-8.349677085876464844e+00,-2.271076917648315430e+00,6.534348726272583008e-01,2.267616102471947670e-03,7.831790484488010406e-03,-9.966782927513122559e-01,-8.102988451719284058e-02,-2.419727146625518799e-01,3.670872375369071960e-02,1.598757356405258179e-01,1.393184214830398560e-01,1.134074702858924866e-01,1.801604591310024261e-02,-1.391679514199495316e-03,-6.916307657957077026e-02,1.005138307809829712e-01,5.985667705535888672e-01,-8.955904841423034668e-02,9.142271429300308228e-02,-1.023397743701934814e-01,-3.905612826347351074e-01,1.837259829044342041e-01,1.987660080194473267e-01,1.402694940567016602e+00,1.909449845552444458e-01,1.211402751505374908e-02,-1.695986688137054443e-01,1.570799946784973145e+00
-8.330156326293945312e+00,-2.265314102172851562e+00,6.499958634376525879e-01,2.488357946276664734e-03,5.880224052816629410e-03,-9.961512684822082520e-01,-8.741775900125503540e-02,-2.740245759487152100e-01,5.185244604945182800e-02,1.682408899068832397e-01,1.353588551282882690e-01,1.539979577064514160e-01,7.302450481802225113e-03,1.826531067490577698e-02,-5.931434035301208496e-02,9.554351121187210083e-02,5.558786988258361816e-01,-1.832422316074371338e-01,7.072003930807113647e-02,-9.020925313234329224e-02,-3.644783198833465576e-01,1.775958091020584106e-01,2.294828295707702637e-01,1.408340811729431152e+00,1.453833878040313721e-01,1.797761768102645874e-02,-1.380061805248260498e-01,1.570799946784973145e+00
-8.306973457336425781e+00,-2.258575439453125000e+00,6.453190445899963379e-01,3.421675413846969604e-03,4.265019204467535019e-03,-9.957266449928283691e-01,-9.218789637088775635e-02,-3.089579343795776367e-01,6.928867101669311523e-02,1.685873419046401978e-01,1.162211447954177856e-01,2.133666425943374634e-01,-6.174915004521608353e-03,2.273815497756004333e-02,-4.507085680961608887e-02,8.579844236373901367e-02,5.274592041969299316e-01,-2.936188876628875732e-01,5.029226839542388916e-02,-7.870434224605560303e-02,-3.287095129489898682e-01,1.695884466171264648e-01,2.625654935836791992e-01,1.416569709777832031e+00,9.040003269910812378e-02,2.612971700727939606e-02,-1.069873720407485962e-01,1.570799946784973145e+00
-8.283757209777832031e+00,-2.251817464828491211e+00,6.401374340057373047e-01,5.164299625903367996e-03,2.559887012466788292e-03,-9.953002333641052246e-01,-9.666566550731658936e-02,-3.418753147125244141e-01,8.678253740072250366e-02,1.607265770435333252e-01,8.276824653148651123e-02,2.906473577022552490e-01,-2.270269952714443207e-02,1.223507337272167206e-02,-2.999676391482353210e-02,8.004958182573318481e-02,5.128167271614074707e-01,-3.823499679565429688e-01,3.256082907319068909e-02,-6.342390179634094238e-02,-2.858046889305114746e-01,1.557352095842361450e-01,2.950929701328277588e-01,1.425541639328002930e+00,2.545735985040664673e-02,3.528237342834472656e-02,-7.006976008415222168e-02,1.570799946784973145e+00
-8.263415336608886719e+00,-2.246705770492553711e+00,6.369556784629821777e-01,7.624734193086624146e-03,8.205668418668210506e-04,-9.947079420089721680e-01,-1.024564728140830994e-01,-3.681089580059051514e-01,1.031746268272399902e-01,1.435401886701583862e-01,4.799811914563179016e-02,3.541896045207977295e-01,-4.321292415261268616e-02,-8.776520378887653351e-03,-1.736736297607421875e-02,8.136942237615585327e-02,5.023793578147888184e-01,-4.313218295574188232e-01,1.844436861574649811e-02,-4.114191979169845581e-02,-2.396083772182464600e-01,1.369354426860809326e-01,3.260685503482818604e-01,1.435441255569458008e+00,-3.892707824707031250e-02,4.316759482026100159e-02,-3.204380720853805542e-02,1.570339441299438477e+00
-8.241001129150390625e+00,-2.243346452713012695e+00,6.385931968688964844e-01,1.027745101600885391e-02,-2.281636931002140045e-03,-9.943209290504455566e-01,-1.059011667966842651e-01,-3.912918865680694580e-01,1.119687631726264954e-01,1.172994002699851990e-01,4.509232565760612488e-02,3.528994023799896240e-01,-6.404859572649002075e-02,-3.154242038726806641e-02,-1.101068127900362015e-02,8.138322830200195312e-02,4.692246615886688232e-01,-4.222343266010284424e-01,8.513240143656730652e-03,-1.401028968393802643e-02,-1.915219426155090332e-01,1.114863306283950806e-01,3.486520051956176758e-01,1.456042170524597168e+00,-1.143000200390815735e-01,4.733904823660850525e-02,9.330033324658870697e-03,1.569102883338928223e+00
-8.219532012939453125e+00,-2.241083383560180664e+00,6.426631212234497070e-01,1.336640026420354843e-02,-5.354509223252534866e-03,-9.945114254951477051e-01,-1.036326661705970764e-01,-4.154859483242034912e-01,1.109701767563819885e-01,1.103925630450248718e-01,8.692688494920730591e-02,3.183996975421905518e-01,-6.882982701063156128e-02,-4.954882338643074036e-02,-6.671406328678131104e-03,7.281780242919921875e-02,4.181085526943206787e-01,-3.798305988311767578e-01,-2.178266731789335608e-04,-2.403349615633487701e-03,-1.370389014482498169e-01,8.242145180702209473e-02,3.685336112976074219e-01,1.485098838806152344e+00,-1.870348602533340454e-01,5.143699795007705688e-02,4.855403676629066467e-02,1.567314982414245605e+00
-8.199401855468750000e+00,-2.239315509796142578e+00,6.470113992691040039e-01,1.611198484897613525e-02,-8.489105850458145142e-03,-9.951156377792358398e-01,-9.702185541391372681e-02,-4.391025900840759277e-01,1.034561097621917725e-01,1.289242655038833618e-01,1.647054404020309448e-01,2.993721365928649902e-01,-5.936432257294654846e-02,-6.390444934368133545e-02,-4.607811570167541504e-03,5.732714757323265076e-02,3.640398681163787842e-01,-3.266475796699523926e-01,-7.858412340283393860e-03,-3.337308298796415329e-03,-7.495339214801788330e-02,4.695026576519012451e-02,3.843064606189727783e-01,1.511494159698486328e+00,-2.555047273635864258e-01,5.573950335383415222e-02,7.278830558061599731e-02,1.566264271736145020e+00
-8.180812835693359375e+00,-2.238547086715698242e+00,6.514385342597961426e-01,1.769425161182880402e-02,-1.193881779909133911e-02,-9.958357214927673340e-01,-8.863180875778198242e-02,-4.626433849334716797e-01,9.506715089082717896e-02,1.531150788068771362e-01,2.861493825912475586e-01,2.830292284488677979e-01,-4.767000675201416016e-02,-7.310659438371658325e-02,-5.622435826808214188e-03,3.986358270049095154e-02,3.054573833942413330e-01,-2.655526101589202881e-01,-1.364396512508392334e-02,-6.404075305908918381e-03,-4.974640440195798874e-03,5.500968080013990402e-03,3.865027129650115967e-01,1.534171104431152344e+00,-3.143158555030822754e-01,5.775755643844604492e-02,8.076535165309906006e-02,1.565383791923522949e+00
-8.164379119873046875e+00,-2.238571643829345703e+00,6.553907990455627441e-01,1.760406047105789185e-02,-1.529553532600402832e-02,-9.965516328811645508e-01,-7.963024079799652100e-02,-4.832967519760131836e-01,8.507015556097030640e-02,1.601606607437133789e-01,4.266991913318634033e-01,2.737673223018646240e-01,-4.057466611266136169e-02,-7.668621838092803955e-02,-9.694503620266914368e-03,2.177869342267513275e-02,2.507072091102600098e-01,-2.076851874589920044e-01,-1.719851978123188019e-02,-8.069151081144809723e-03,6.577095389366149902e-02,-3.254217281937599182e-02,3.712954521179199219e-01,1.550990819931030273e+00,-3.724042475223541260e-01,5.762799456715583801e-02,8.690858632326126099e-02,1.564708948135375977e+00
-8.149658203125000000e+00,-2.239505767822265625e+00,6.585937142372131348e-01,1.650177687406539917e-02,-1.827944442629814148e-02,-9.971562623977661133e-01,-7.122417539358139038e-02,-4.954610764980316162e-01,6.756342202425003052e-02,1.460191607475280762e-01,5.786458253860473633e-01,2.596687078475952148e-01,-3.383677080273628235e-02,-7.856649160385131836e-02,-1.504601910710334778e-02,5.106305237859487534e-03,2.027678191661834717e-01,-1.551219224929809570e-01,-1.899272762238979340e-02,-8.187620900571346283e-03,1.362842023372650146e-01,-6.394374370574951172e-02,3.477262854576110840e-01,1.561713695526123047e+00,-4.285779297351837158e-01,5.593118816614151001e-02,9.745249897241592407e-02,1.563497781753540039e+00
-8.136465072631835938e+00,-2.240676164627075195e+00,6.607735753059387207e-01,1.488233916461467743e-02,-2.029321715235710144e-02,-9.976404309272766113e-01,-6.387665867805480957e-02,-4.925822019577026367e-01,4.352963715791702271e-02,1.230280324816703796e-01,7.109903097152709961e-01,2.608008980751037598e-01,-2.854371443390846252e-02,-8.170541375875473022e-02,-1.918619312345981598e-02,-9.424316696822643280e-03,1.656101942062377930e-01,-1.104414239525794983e-01,-1.989493519067764282e-02,-6.692643743008375168e-03,2.081599086523056030e-01,-8.818947523832321167e-02,3.361905813217163086e-01,1.568540334701538086e+00,-4.805156588554382324e-01,5.410493910312652588e-02,1.032753735780715942e-01,1.562585353851318359e+00
-8.123813629150390625e+00,-2.241952896118164062e+00,6.621912717819213867e-01,1.329244952648878098e-02,-2.118309773504734039e-02,-9.980282187461853027e-01,-5.756999179720878601e-02,-4.675849974155426025e-01,1.830669678747653961e-02,1.081763729453086853e-01,8.159131407737731934e-01,2.595985233783721924e-01,-3.057717531919479370e-02,-8.665402978658676147e-02,-2.155076153576374054e-02,-2.071765251457691193e-02,1.341545134782791138e-01,-6.891184300184249878e-02,-2.048614248633384705e-02,-5.187964998185634613e-03,2.754763066768646240e-01,-1.068331450223922729e-01,3.427103161811828613e-01,1.570799946784973145e+00,-5.246378183364868164e-01,5.214313790202140808e-02,1.027828603982925415e-01,1.557892322540283203e+00
-8.111886978149414062e+00,-2.243450641632080078e+00,6.628320813179016113e-01,1.158268563449382782e-02,-2.077790163457393646e-02,-9.983524680137634277e-01,-5.221553146839141846e-02,-4.236128926277160645e-01,8.795947651378810406e-04,1.070753335952758789e-01,8.883004784584045410e-01,2.572667002677917480e-01,-3.745099157094955444e-02,-9.253630042076110840e-02,-2.166512981057167053e-02,-2.974641136825084686e-02,1.077495068311691284e-01,-3.143608570098876953e-02,-2.056108787655830383e-02,-5.950933787971735001e-03,3.406210839748382568e-01,-1.224367618560791016e-01,3.678480684757232666e-01,1.570799946784973145e+00,-5.648099780082702637e-01,5.217802897095680237e-02,1.024022251367568970e-01,1.550554156303405762e+00
-8.100275039672851562e+00,-2.244971275329589844e+00,6.629760265350341797e-01,1.003594696521759033e-02,-1.984560489654541016e-02,-9.985918998718261719e-01,-4.816244542598724365e-02,-3.621686697006225586e-01,-7.881361991167068481e-03,1.195660680532455444e-01,9.289121031761169434e-01,2.471184283494949341e-01,-4.047125950455665588e-02,-1.007265150547027588e-01,-2.088562957942485809e-02,-3.623186424374580383e-02,8.650529384613037109e-02,2.984314691275358200e-03,-2.076305076479911804e-02,-8.299456909298896790e-03,3.982034325599670410e-01,-1.369345933198928833e-01,4.007977843284606934e-01,1.570799946784973145e+00,-5.996761322021484375e-01,5.389232933521270752e-02,1.064650565385818481e-01,1.543464899063110352e+00
-8.088518142700195312e+00,-2.246442317962646484e+00,6.626269221305847168e-01,8.473957888782024384e-03,-1.850445941090583801e-02,-9.987730383872985840e-01,-4.514639079570770264e-02,-2.917934656143188477e-01,-1.143415365368127823e-02,1.364678740501403809e-01,9.391849637031555176e-01,2.305821329355239868e-01,-3.839993849396705627e-02,-1.114291846752166748e-01,-1.924575306475162506e-02,-4.108593985438346863e-02,6.988690793514251709e-02,3.442772850394248962e-02,-2.094418928027153015e-02,-1.101830136030912399e-02,4.470143616199493408e-01,-1.500115990638732910e-01,4.321759343147277832e-01,1.570799946784973145e+00,-6.290673017501831055e-01,5.711223185062408447e-02,1.140844747424125671e-01,1.538461565971374512e+00
-8.077842712402343750e+00,-2.248198509216308594e+00,6.619701385498046875e-01,7.104061543941497803e-03,-1.715364679694175720e-02,-9.988989830017089844e-01,-4.308218508958816528e-02,-2.203141301870346069e-01,-1.459541171789169312e-02,1.547239869832992554e-01,9.245103001594543457e-01,2.003075629472732544e-01,-2.848565950989723206e-02,-1.255689263343811035e-01,-1.767183654010295868e-02,-4.363375902175903320e-02,6.014462932944297791e-02,6.119369342923164368e-02,-2.094223909080028534e-02,-1.357223279774188995e-02,4.832068383693695068e-01,-1.609626412391662598e-01,4.563424289226531982e-01,1.570799946784973145e+00,-6.514014601707458496e-01,6.096406280994415283e-02,1.213850378990173340e-01,1.535232663154602051e+00
-8.065053939819335938e+00,-2.251157522201538086e+00,6.609171628952026367e-01,5.619117524474859238e-03,-1.492325775325298309e-02,-9.990104436874389648e-01,-4.151951149106025696e-02,-1.260217279195785522e-01,-2.070818468928337097e-02,1.792779862880706787e-01,8.881335854530334473e-01,1.465539783239364624e-01,-1.043618842959403992e-02,-1.482975482940673828e-01,-1.531795412302017212e-02,-4.448039829730987549e-02,5.445341393351554871e-02,9.201118350028991699e-02,-2.022023312747478485e-02,-1.599706523120403290e-02,5.206598639488220215e-01,-1.733668744564056396e-01,4.810714721679687500e-01,1.570799946784973145e+00,-6.746029853820800781e-01,6.526342034339904785e-02,1.302595138549804688e-01,1.531558394432067871e+00
-8.050602912902832031e+00,-2.253839254379272461e+00,6.587483882904052734e-01,5.025282967835664749e-03,-1.303725875914096832e-02,-9.990133047103881836e-01,-4.215720668435096741e-02,-6.522502005100250244e-02,-3.199421614408493042e-02,1.884576827287673950e-01,8.153387904167175293e-01,1.012470200657844543e-01,8.568252436816692352e-03,-1.778317093849182129e-01,-1.530721876770257950e-02,-4.078998044133186340e-02,6.847683340311050415e-02,1.083618253469467163e-01,-1.730036363005638123e-02,-1.577919349074363708e-02,5.221738815307617188e-01,-1.739248186349868774e-01,4.802441895008087158e-01,1.570799946784973145e+00,-6.766042709350585938e-01,6.733239442110061646e-02,1.319761425256729126e-01,1.528784871101379395e+00
-8.032121658325195312e+00,-2.257108211517333984e+00,6.556479930877685547e-01,4.509120248258113861e-03,-1.115610823035240173e-02,-9.990812540054321289e-01,-4.113271832466125488e-02,-4.377124831080436707e-03,-4.879725351929664612e-02,1.865927726030349731e-01,7.146493196487426758e-01,6.072959676384925842e-02,2.619304880499839783e-02,-2.127485722303390503e-01,-1.652725040912628174e-02,-3.956119343638420105e-02,8.041866123676300049e-02,1.315416693687438965e-01,-1.372807659208774567e-02,-1.975785009562969208e-02,5.093181729316711426e-01,-1.714814156293869019e-01,4.676579833030700684e-01,1.570799946784973145e+00,-6.690981984138488770e-01,6.770142167806625366e-02,1.304083168506622314e-01,1.522547245025634766e+00
-8.012472152709960938e+00,-2.261302471160888672e+00,6.519390940666198730e-01,4.337755031883716583e-03,-8.990006521344184875e-03,-9.992663860321044922e-01,-3.697300702333450317e-02,4.716462641954421997e-02,-6.715928763151168823e-02,1.713875830173492432e-01,6.115783452987670898e-01,-7.147030439227819443e-03,4.311412200331687927e-02,-2.475561201572418213e-01,-1.870974153280258179e-02,-4.355099424719810486e-02,8.001837879419326782e-02,1.650429517030715942e-01,-9.666088037192821503e-03,-2.896931208670139313e-02,4.837059974670410156e-01,-1.651400923728942871e-01,4.465530216693878174e-01,1.570799946784973145e+00,-6.519311070442199707e-01,6.560754776000976562e-02,1.230607479810714722e-01,1.513274431228637695e+00
-7.990718841552734375e+00,-2.265358924865722656e+00,6.475710868835449219e-01,4.543534945696592331e-03,-6.191730499267578125e-03,-9.995062351226806641e-01,-3.046860732138156891e-02,8.165145665407180786e-02,-8.081904053688049316e-02,1.476057022809982300e-01,5.312353372573852539e-01,-9.903137385845184326e-02,5.857756733894348145e-02,-2.803789377212524414e-01,-2.063310518860816956e-02,-4.911846667528152466e-02,6.905002146959304810e-02,1.990969926118850708e-01,-5.292678717523813248e-03,-4.148064553737640381e-02,4.416738748550415039e-01,-1.524501442909240723e-01,4.192352592945098877e-01,1.570799946784973145e+00,-6.223782300949096680e-01,6.007126346230506897e-02,1.069940254092216492e-01,1.500800371170043945e+00
-7.964248180389404297e+00,-2.269212961196899414e+00,6.424293518066406250e-01,5.155106075108051300e-03,-2.786644967272877693e-03,-9.997136592864990234e-01,-2.320141717791557312e-02,1.003046408295631409e-01,-8.854438364505767822e-02,1.240128874778747559e-01,4.678121805191040039e-01,-2.002212107181549072e-01,7.107377052307128906e-02,-3.152682483196258545e-01,-2.008615247905254364e-02,-4.725014418363571167e-02,5.479952320456504822e-02,2.076459378004074097e-01,3.649377904366701841e-04,-5.584509298205375671e-02,3.867561817169189453e-01,-1.359613090753555298e-01,3.899295032024383545e-01,1.570799946784973145e+00,-5.832119584083557129e-01,5.148565769195556641e-02,8.248554915189743042e-02,1.486608862876892090e+00
-7.936565876007080078e+00,-2.271685123443603516e+00,6.387933492660522461e-01,6.457206793129444122e-03,9.097624570131301880e-04,-9.998454451560974121e-01,-1.632548123598098755e-02,1.043057888746261597e-01,-9.000758081674575806e-02,1.037433072924613953e-01,4.151708781719207764e-01,-2.832437157630920410e-01,8.039646595716476440e-02,-3.454831242561340332e-01,-1.735475845634937286e-02,-4.711700975894927979e-02,4.379918798804283142e-02,1.777707338333129883e-01,3.876833943650126457e-03,-7.181698083877563477e-02,3.157212138175964355e-01,-1.155424043536186218e-01,3.618881404399871826e-01,1.570799946784973145e+00,-5.316179990768432617e-01,4.006500914692878723e-02,4.735003039240837097e-02,1.474878907203674316e+00
-7.908945560455322266e+00,-2.273267269134521484e+00,6.389862895011901855e-01,8.164510130882263184e-03,4.891264252364635468e-03,-9.998915195465087891e-01,-1.124150678515434265e-02,9.601353853940963745e-02,-8.719976246356964111e-02,8.940228819847106934e-02,3.633719682693481445e-01,-3.222449123859405518e-01,8.686000853776931763e-02,-3.659341335296630859e-01,-1.471079513430595398e-02,-6.685693562030792236e-02,4.079216718673706055e-02,1.171141564846038818e-01,2.617314457893371582e-04,-8.783268183469772339e-02,2.366439551115036011e-01,-9.355209022760391235e-02,3.360233902931213379e-01,1.570799946784973145e+00,-4.699389338493347168e-01,2.998370304703712463e-02,4.943636711686849594e-03,1.467596411705017090e+00
-7.883660793304443359e+00,-2.274239778518676758e+00,6.418870091438293457e-01,1.034280192106962204e-02,8.613974787294864655e-03,-9.998676776885986328e-01,-9.133162908256053925e-03,7.984000444412231445e-02,-8.291455358266830444e-02,8.287496864795684814e-02,3.142565488815307617e-01,-3.228480219841003418e-01,9.162966161966323853e-02,-3.837456107139587402e-01,-1.498436089605093002e-02,-1.173816695809364319e-01,6.643382459878921509e-02,5.016172304749488831e-02,-1.306728925555944443e-02,-1.018651351332664490e-01,1.528095155954360962e-01,-7.141448557376861572e-02,3.147217631340026855e-01,1.570799946784973145e+00,-3.982010185718536377e-01,2.422799356281757355e-02,-3.978860750794410706e-02,1.469304084777832031e+00
-7.860428810119628906e+00,-2.274339914321899414e+00,6.459692120552062988e-01,1.207132916897535324e-02,1.188234705477952957e-02,-9.998212456703186035e-01,-8.398589678108692169e-03,6.155474483966827393e-02,-7.744573801755905151e-02,8.197243511676788330e-02,2.676523923873901367e-01,-2.979527711868286133e-01,9.410745650529861450e-02,-4.060455858707427979e-01,-2.185424603521823883e-02,-1.850947141647338867e-01,1.427757292985916138e-01,-9.014837443828582764e-03,-2.717484161257743835e-02,-1.147499531507492065e-01,7.487759739160537720e-02,-5.144413560628890991e-02,3.052734136581420898e-01,1.570799946784973145e+00,-3.222694694995880127e-01,2.253802865743637085e-02,-7.489249110221862793e-02,1.479552030563354492e+00
-7.840667724609375000e+00,-2.274008989334106445e+00,6.498549580574035645e-01,1.301073376089334488e-02,1.477261632680892944e-02,-9.997816085815429688e-01,-7.016050163656473160e-03,4.444493725895881653e-02,-7.117321342229843140e-02,8.158966153860092163e-02,2.274996042251586914e-01,-2.643942832946777344e-01,9.493044763803482056e-02,-4.298098683357238770e-01,-3.683481737971305847e-02,-2.347523123025894165e-01,2.602927684783935547e-01,-6.244663521647453308e-02,-2.999259717762470245e-02,-1.310831755399703979e-01,5.817436147481203079e-03,-3.104195371270179749e-02,3.052527904510498047e-01,1.570799946784973145e+00,-2.429804652929306030e-01,2.494636178016662598e-02,-9.429577738046646118e-02,1.498515963554382324e+00
-7.823062896728515625e+00,-2.272916555404663086e+00,6.533948779106140137e-01,1.318951416760683060e-02,1.774312928318977356e-02,-9.997440576553344727e-01,-4.798610229045152664e-03,2.890526503324508667e-02,-6.361409276723861694e-02,8.133029937744140625e-02,1.914488971233367920e-01,-2.251426428556442261e-01,9.440029412508010864e-02,-4.519314765930175781e-01,-5.298306420445442200e-02,-2.417168915271759033e-01,3.991532623767852783e-01,-9.929004311561584473e-02,-1.841041631996631622e-02,-1.482566148042678833e-01,-5.366189032793045044e-02,-7.853533141314983368e-03,3.000244498252868652e-01,1.564420580863952637e+00,-1.622310876846313477e-01,2.729484066367149353e-02,-1.070898845791816711e-01,1.519939541816711426e+00
-7.808312892913818359e+00,-2.271455287933349609e+00,6.564917564392089844e-01,1.296943612396717072e-02,2.067011967301368713e-02,-9.996966123580932617e-01,-3.357701469212770462e-03,1.581024378538131714e-02,-5.495073646306991577e-02,8.254296332597732544e-02,1.595351547002792358e-01,-1.850333511829376221e-01,9.283918887376785278e-02,-4.697204232215881348e-01,-6.070815399289131165e-02,-2.086733430624008179e-01,5.390558242797851562e-01,-1.223481148481369019e-01,1.964592142030596733e-03,-1.602387726306915283e-01,-1.122419685125350952e-01,2.166067808866500854e-02,2.790944874286651611e-01,1.548242330551147461e+00,-7.695852220058441162e-02,2.783169038593769073e-02,-1.221514567732810974e-01,1.538939356803894043e+00
-7.794636249542236328e+00,-2.269583940505981445e+00,6.592350006103515625e-01,1.248101703822612762e-02,2.337856963276863098e-02,-9.996426105499267578e-01,-3.503858577460050583e-03,5.962846800684928894e-03,-4.649175703525543213e-02,8.588422834873199463e-02,1.261357367038726807e-01,-1.421294212341308594e-01,9.042936563491821289e-02,-4.818896651268005371e-01,-5.796606838703155518e-02,-1.493958830833435059e-01,6.711078882217407227e-01,-1.301362067461013794e-01,2.546438574790954590e-02,-1.655810922384262085e-01,-1.700575351715087891e-01,5.355507880449295044e-02,2.482827305793762207e-01,1.526408195495605469e+00,9.837029501795768738e-03,2.665559574961662292e-02,-1.373417824506759644e-01,1.551544308662414551e+00
-7.782139778137207031e+00,-2.267474651336669922e+00,6.615433692932128906e-01,1.178922690451145172e-02,2.556356228888034821e-02,-9.995926022529602051e-01,-4.708950407803058624e-03,-2.488442463800311089e-03,-3.853827714920043945e-02,9.020037949085235596e-02,9.583239257335662842e-02,-1.012063473463058472e-01,8.780709654092788696e-02,-4.820670187473297119e-01,-4.909942299127578735e-02,-8.634816110134124756e-02,7.851132154464721680e-01,-1.254174560308456421e-01,4.927177354693412781e-02,-1.644434481859207153e-01,-2.293395102024078369e-01,8.676160871982574463e-02,2.138291150331497192e-01,1.501257419586181641e+00,9.607271105051040649e-02,2.513726986944675446e-02,-1.554906815290451050e-01,1.559266448020935059e+00
-7.771432399749755859e+00,-2.265498399734497070e+00,6.632032394409179688e-01,1.099820155650377274e-02,2.711884677410125732e-02,-9.995520114898681641e-01,-6.273388396948575974e-03,-1.355251297354698181e-02,-3.148704767227172852e-02,9.326851367950439453e-02,7.548988610506057739e-02,-6.664501130580902100e-02,8.480419218540191650e-02,-4.691104590892791748e-01,-3.961259126663208008e-02,-3.143732249736785889e-02,8.710284233093261719e-01,-1.067690700292587280e-01,7.152642309665679932e-02,-1.613709628582000732e-01,-2.827968597412109375e-01,1.152442693710327148e-01,1.838364750146865845e-01,1.477072954177856445e+00,1.719639599323272705e-01,2.397285029292106628e-02,-1.820054650306701660e-01,1.564341187477111816e+00
-7.759571552276611328e+00,-2.263108015060424805e+00,6.642375588417053223e-01,9.975490160286426544e-03,2.753752283751964569e-02,-9.995360374450683594e-01,-8.359964936971664429e-03,-2.754186466336250305e-02,-2.582549303770065308e-02,9.614168852567672729e-02,6.278678774833679199e-02,-3.618508949875831604e-02,8.200106769800186157e-02,-4.363415241241455078e-01,-3.453958407044410706e-02,1.581860519945621490e-02,9.270141720771789551e-01,-7.076583802700042725e-02,9.485607594251632690e-02,-1.567099392414093018e-01,-3.366687595844268799e-01,1.432026177644729614e-01,1.573595553636550903e-01,1.452575445175170898e+00,2.426620870828628540e-01,2.286228537559509277e-02,-2.282455861568450928e-01,1.568449974060058594e+00
-7.748313903808593750e+00,-2.260510206222534180e+00,6.647633314132690430e-01,8.948185481131076813e-03,2.705296501517295837e-02,-9.995306730270385742e-01,-1.124980673193931580e-02,-4.032824560999870300e-02,-2.212831750512123108e-02,9.953664243221282959e-02,5.067778751254081726e-02,-7.947516627609729767e-03,7.868576794862747192e-02,-3.891962766647338867e-01,-3.644644841551780701e-02,5.140437558293342590e-02,9.529592990875244141e-01,-3.438983485102653503e-02,1.191570237278938293e-01,-1.502636373043060303e-01,-3.850634098052978516e-01,1.669423431158065796e-01,1.341378390789031982e-01,1.431114435195922852e+00,3.004775345325469971e-01,2.097177319228649139e-02,-2.806549370288848877e-01,1.570799946784973145e+00
-7.739223957061767578e+00,-2.258029699325561523e+00,6.649574637413024902e-01,8.029576390981674194e-03,2.558481879532337189e-02,-9.995340108871459961e-01,-1.458477694541215897e-02,-5.095415562391281128e-02,-2.009132318198680878e-02,1.037622690200805664e-01,3.945331275463104248e-02,1.603124663233757019e-02,7.501444220542907715e-02,-3.381601870059967041e-01,-4.441114142537117004e-02,7.473476976156234741e-02,9.553909301757812500e-01,-3.565209219232201576e-03,1.413043737411499023e-01,-1.434323787689208984e-01,-4.256776273250579834e-01,1.862778067588806152e-01,1.145938411355018616e-01,1.413419365882873535e+00,3.435487449169158936e-01,1.996680907905101776e-02,-3.282455503940582275e-01,1.570799946784973145e+00
-7.728578567504882812e+00,-2.254486083984375000e+00,6.646431088447570801e-01,7.100289221853017807e-03,2.326209098100662231e-02,-9.995526075363159180e-01,-1.740971952676773071e-02,-6.500256806612014771e-02,-1.764843612909317017e-02,1.066313385963439941e-01,3.199247270822525024e-02,3.815185278654098511e-02,6.972260773181915283e-02,-2.691920995712280273e-01,-6.268371641635894775e-02,7.659804821014404297e-02,9.194528460502624512e-01,1.849689334630966187e-02,1.626780629158020020e-01,-1.369102150201797485e-01,-4.573661088943481445e-01,2.001551985740661621e-01,1.005553901195526123e-01,1.397852540016174316e+00,3.718815445899963379e-01,1.856593787670135498e-02,-3.644777536392211914e-01,1.570799946784973145e+00
-7.715579986572265625e+00,-2.249933242797851562e+00,6.636884212493896484e-01,6.233649328351020813e-03,2.038082852959632874e-02,-9.995715618133544922e-01,-2.006270736455917358e-02,-8.417764306068420410e-02,-1.460290886461734772e-02,1.086272895336151123e-01,2.970423735678195953e-02,5.943129584193229675e-02,6.335367262363433838e-02,-1.907754838466644287e-01,-8.364318311214447021e-02,6.400066614151000977e-02,8.500243425369262695e-01,3.372757509350776672e-02,1.770073771476745605e-01,-1.307196170091629028e-01,-4.797582030296325684e-01,2.102378755807876587e-01,9.325546026229858398e-02,1.385208010673522949e+00,3.860597312450408936e-01,1.759535074234008789e-02,-3.869123458862304688e-01,1.570799946784973145e+00
-7.701212882995605469e+00,-2.244710922241210938e+00,6.622818708419799805e-01,5.745879840105772018e-03,1.748250983655452728e-02,-9.995863437652587891e-01,-2.210068143904209137e-02,-1.080637574195861816e-01,-9.960629977285861969e-03,1.095703318715095520e-01,2.949354425072669983e-02,8.347348123788833618e-02,5.571610480546951294e-02,-1.132268607616424561e-01,-9.994035214185714722e-02,4.077754542231559753e-02,7.549626231193542480e-01,4.604341834783554077e-02,1.814228147268295288e-01,-1.260979473590850830e-01,-4.917717874050140381e-01,2.161813825368881226e-01,9.298197180032730103e-02,1.375637412071228027e+00,3.851946294307708740e-01,1.538768969476222992e-02,-3.910720944404602051e-01,1.570799946784973145e+00
-7.685800075531005859e+00,-2.238588094711303711e+00,6.604925394058227539e-01,5.442415364086627960e-03,1.482026185840368271e-02,-9.995819330215454102e-01,-2.422294020652770996e-02,-1.367798000574111938e-01,-2.940883627161383629e-03,1.105607450008392334e-01,3.341758623719215393e-02,1.076952666044235229e-01,4.658948630094528198e-02,-4.557382687926292419e-02,-1.067585498094558716e-01,1.533013023436069489e-02,6.515070199966430664e-01,3.231612220406532288e-02,1.719694286584854126e-01,-1.202620714902877808e-01,-4.907890260219573975e-01,2.178092300891876221e-01,1.029860973358154297e-01,1.369254112243652344e+00,3.683416545391082764e-01,1.388607919216156006e-02,-3.758882582187652588e-01,1.570799946784973145e+00
-7.667538642883300781e+00,-2.231098413467407227e+00,6.579282879829406738e-01,5.342639051377773285e-03,1.208397839218378067e-02,-9.995656013488769531e-01,-2.634474635124206543e-02,-1.741109490394592285e-01,7.634883280843496323e-03,1.106217429041862488e-01,4.370014742016792297e-02,1.347139179706573486e-01,3.487934917211532593e-02,9.103131480515003204e-03,-1.032588034868240356e-01,-7.868644781410694122e-03,5.526756644248962402e-01,-2.252799645066261292e-02,1.507901400327682495e-01,-1.128545179963111877e-01,-4.783678650856018066e-01,2.142419368028640747e-01,1.203534305095672607e-01,1.364710092544555664e+00,3.380272388458251953e-01,1.398411020636558533e-02,-3.486667573451995850e-01,1.570799946784973145e+00
-7.647803306579589844e+00,-2.222337961196899414e+00,6.546273231506347656e-01,5.901029799133539200e-03,9.256072342395782471e-03,-9.995516538619995117e-01,-2.785667404532432556e-02,-2.161656320095062256e-01,1.998175494372844696e-02,1.093253865838050842e-01,5.410327762365341187e-02,1.671663373708724976e-01,2.137454412877559662e-02,4.329427704215049744e-02,-9.513880312442779541e-02,-3.055234812200069427e-02,4.840288162231445312e-01,-1.270632445812225342e-01,1.273442506790161133e-01,-1.035261526703834534e-01,-4.535748660564422607e-01,2.058810740709304810e-01,1.454217880964279175e-01,1.363266587257385254e+00,2.951624691486358643e-01,1.573172770440578461e-02,-3.154083192348480225e-01,1.570799946784973145e+00
-7.625166416168212891e+00,-2.211831092834472656e+00,6.499845385551452637e-01,7.498072460293769836e-03,6.591385696083307266e-03,-9.995179176330566406e-01,-2.939787320792675018e-02,-2.637129127979278564e-01,3.612739592790603638e-02,1.041678562760353088e-01,5.761926621198654175e-02,2.102362960577011108e-01,4.276209045201539993e-03,5.432567000389099121e-02,-8.363056927919387817e-02,-5.108493193984031677e-02,4.457236826419830322e-01,-2.491483241319656372e-01,1.051865145564079285e-01,-9.309566766023635864e-02,-4.223563373088836670e-01,1.951605379581451416e-01,1.741497218608856201e-01,1.366965293884277344e+00,2.403647303581237793e-01,1.764384470880031586e-02,-2.755153477191925049e-01,1.570762634277343750e+00
-7.602223396301269531e+00,-2.201433658599853516e+00,6.445320248603820801e-01,1.064202375710010529e-02,4.300496540963649750e-03,-9.993787407875061035e-01,-3.332194313406944275e-02,-3.084806799888610840e-01,5.353230983018875122e-02,9.285724163055419922e-02,4.967831820249557495e-02,2.539096474647521973e-01,-1.547401305288076401e-02,4.193409159779548645e-02,-7.149887830018997192e-02,-5.925955623388290405e-02,4.307458400726318359e-01,-3.426223993301391602e-01,8.577731996774673462e-02,-7.824992388486862183e-02,-3.769547641277313232e-01,1.795728206634521484e-01,2.116187363862991333e-01,1.373394846916198730e+00,1.692812740802764893e-01,1.923075132071971893e-02,-2.262492477893829346e-01,1.569530844688415527e+00
-7.580934047698974609e+00,-2.193269252777099609e+00,6.417869329452514648e-01,1.454085670411586761e-02,2.172962063923478127e-03,-9.990742206573486328e-01,-4.042896255850791931e-02,-3.458423912525177002e-01,6.984271109104156494e-02,7.033247500658035278e-02,5.007903650403022766e-02,2.570307552814483643e-01,-4.016233980655670166e-02,1.293664425611495972e-02,-6.173688918352127075e-02,-5.332932993769645691e-02,4.249348342418670654e-01,-3.896750807762145996e-01,6.927503645420074463e-02,-5.808474868535995483e-02,-3.227527141571044922e-01,1.591434925794601440e-01,2.538227438926696777e-01,1.385169148445129395e+00,8.824934810400009155e-02,2.113278768956661224e-02,-1.748865991830825806e-01,1.567874073982238770e+00
-7.559893131256103516e+00,-2.187398195266723633e+00,6.427984833717346191e-01,1.841447502374649048e-02,-1.224805328092770651e-05,-9.989153146743774414e-01,-4.276744276285171509e-02,-3.829569518566131592e-01,7.833531498908996582e-02,5.631988123059272766e-02,8.684802800416946411e-02,2.266045957803726196e-01,-5.431149527430534363e-02,-1.462647505104541779e-02,-5.346351489424705505e-02,-5.285180732607841492e-02,4.026258289813995361e-01,-3.901919126510620117e-01,5.599671974778175354e-02,-4.766789078712463379e-02,-2.621124684810638428e-01,1.308366805315017700e-01,2.935453057289123535e-01,1.410474061965942383e+00,1.477637211792171001e-03,2.284697443246841431e-02,-1.299456208944320679e-01,1.566452145576477051e+00
-7.539352416992187500e+00,-2.182947874069213867e+00,6.462056636810302734e-01,2.115708775818347931e-02,-2.597121056169271469e-03,-9.990194439888000488e-01,-3.880408778786659241e-02,-4.215945601463317871e-01,7.749951630830764771e-02,7.573027908802032471e-02,1.768474280834197998e-01,1.927426457405090332e-01,-4.949162527918815613e-02,-3.425420820713043213e-02,-4.754553362727165222e-02,-6.311117112636566162e-02,3.644275069236755371e-01,-3.609039783477783203e-01,4.437308013439178467e-02,-4.553668200969696045e-02,-2.014067173004150391e-01,9.567099064588546753e-02,3.137808144092559814e-01,1.444764018058776855e+00,-8.098001778125762939e-02,2.416121959686279297e-02,-1.002978533506393433e-01,1.565679788589477539e+00
-7.520052433013916016e+00,-2.179095506668090820e+00,6.502669453620910645e-01,2.231494709849357605e-02,-6.015432067215442657e-03,-9.991884231567382812e-01,-3.298981860280036926e-02,-4.588817059993743896e-01,7.448869943618774414e-02,1.098009645938873291e-01,3.064989447593688965e-01,1.583432555198669434e-01,-3.758007660508155823e-02,-4.818775504827499390e-02,-4.453226178884506226e-02,-7.506496459245681763e-02,3.205759823322296143e-01,-3.166736662387847900e-01,3.352343663573265076e-02,-4.290855675935745239e-02,-1.358271837234497070e-01,5.304767936468124390e-02,3.059341609477996826e-01,1.478717207908630371e+00,-1.561757922172546387e-01,2.300665155053138733e-02,-8.172199130058288574e-02,1.564787030220031738e+00
-7.502117633819580078e+00,-2.175995349884033203e+00,6.544083356857299805e-01,2.218904532492160797e-02,-9.929730556905269623e-03,-9.993009567260742188e-01,-2.840202301740646362e-02,-4.937882125377655029e-01,6.576447933912277222e-02,1.237119138240814209e-01,4.647291600704193115e-01,1.239907890558242798e-01,-2.552089653909206390e-02,-5.894839763641357422e-02,-4.440249502658843994e-02,-8.403766155242919922e-02,2.752408981323242188e-01,-2.645334005355834961e-01,2.436182275414466858e-02,-3.623203933238983154e-02,-6.695515662431716919e-02,9.050577878952026367e-03,2.838073074817657471e-01,1.507814407348632812e+00,-2.266279608011245728e-01,1.827585883438587189e-02,-6.354906409978866577e-02,1.564127087593078613e+00
-7.485911369323730469e+00,-2.173915863037109375e+00,6.578299999237060547e-01,2.108151651918888092e-02,-1.399102155119180679e-02,-9.993829131126403809e-01,-2.436402998864650726e-02,-5.184028744697570801e-01,4.610786959528923035e-02,1.143792569637298584e-01,6.183390617370605469e-01,9.533306211233139038e-02,-1.398861408233642578e-02,-6.800331920385360718e-02,-4.685853421688079834e-02,-9.163499623537063599e-02,2.345512360334396362e-01,-2.135235518217086792e-01,1.761181280016899109e-02,-2.825860679149627686e-02,1.187723223119974136e-02,-3.332960233092308044e-02,2.652002573013305664e-01,1.532519221305847168e+00,-2.971410751342773438e-01,1.201549544930458069e-02,-4.054618626832962036e-02,1.562741756439208984e+00
-7.470839023590087891e+00,-2.172833919525146484e+00,6.603814959526062012e-01,1.949111558496952057e-02,-1.728892885148525238e-02,-9.994517564773559570e-01,-2.042966894805431366e-02,-5.271512269973754883e-01,1.941253617405891418e-02,9.824325144290924072e-02,7.592397332191467285e-01,7.045096904039382935e-02,-5.692928098142147064e-04,-7.743196934461593628e-02,-5.011678487062454224e-02,-9.822456538677215576e-02,2.014474272727966309e-01,-1.668885946273803711e-01,1.246168557554483414e-02,-2.234204113483428955e-02,9.251268208026885986e-02,-6.924358755350112915e-02,2.598253190517425537e-01,1.550332546234130859e+00,-3.655169904232025146e-01,6.351739633828401566e-03,-1.771231368184089661e-02,1.557736873626708984e+00
-7.456728935241699219e+00,-2.172470808029174805e+00,6.621055603027343750e-01,1.771762594580650330e-02,-1.958357356488704681e-02,-9.995107054710388184e-01,-1.675917766988277435e-02,-5.164504647254943848e-01,-3.273615147918462753e-03,9.134569764137268066e-02,8.718692660331726074e-01,5.180342122912406921e-02,1.278020907193422318e-02,-8.824364840984344482e-02,-5.307694151997566223e-02,-1.043171361088752747e-01,1.766384989023208618e-01,-1.265552490949630737e-01,9.163063019514083862e-03,-1.762250252068042755e-02,1.733290553092956543e-01,-1.001212149858474731e-01,2.733923792839050293e-01,1.562282681465148926e+00,-4.297022819519042969e-01,1.927597331814467907e-03,-1.393766608089208603e-03,1.547901391983032227e+00
-7.443047046661376953e+00,-2.172456502914428711e+00,6.629398465156555176e-01,1.583527773618698120e-02,-2.075203694403171539e-02,-9.995666146278381348e-01,-1.360828429460525513e-02,-4.855297505855560303e-01,-1.506802719086408615e-02,9.849599748849868774e-02,9.541700482368469238e-01,4.060006886720657349e-02,2.414529025554656982e-02,-1.032064482569694519e-01,-5.512513965368270874e-02,-1.083129867911338806e-01,1.632943898439407349e-01,-9.332451969385147095e-02,6.208462174981832504e-03,-1.464947033673524857e-02,2.466030418872833252e-01,-1.260368525981903076e-01,2.975935339927673340e-01,1.569962143898010254e+00,-4.884679913520812988e-01,-1.410918892361223698e-03,1.280388422310352325e-02,1.536424040794372559e+00
-7.429700374603271484e+00,-2.172402143478393555e+00,6.630715131759643555e-01,1.391961518675088882e-02,-2.090455219149589539e-02,-9.996224045753479004e-01,-1.115003973245620728e-02,-4.385088682174682617e-01,-1.834752969443798065e-02,1.120234280824661255e-01,1.002485156059265137e+00,3.602222725749015808e-02,3.086888603866100311e-02,-1.214753314852714539e-01,-5.527209118008613586e-02,-1.102535873651504517e-01,1.579328030347824097e-01,-6.498580425977706909e-02,3.071559360250830650e-03,-1.483349408954381943e-02,3.144611120223999023e-01,-1.504971832036972046e-01,3.234931230545043945e-01,1.570799946784973145e+00,-5.441173911094665527e-01,-2.765219192951917648e-03,3.130997344851493835e-02,1.525650739669799805e+00
-7.416209220886230469e+00,-2.172340154647827148e+00,6.626167893409729004e-01,1.226064004004001617e-02,-2.017317898571491241e-02,-9.996773600578308105e-01,-9.375152178108692169e-03,-3.777900338172912598e-01,-1.953587681055068970e-02,1.238356456160545349e-01,1.014083504676818848e+00,3.491815179586410522e-02,3.370902314782142639e-02,-1.411471366882324219e-01,-5.369694158434867859e-02,-1.108722463250160217e-01,1.544275730848312378e-01,-3.790004551410675049e-02,3.999049367848783731e-04,-1.643554866313934326e-02,3.733098804950714111e-01,-1.718035340309143066e-01,3.455892503261566162e-01,1.570799946784973145e+00,-5.927432179450988770e-01,-1.906508114188909531e-03,5.121914669871330261e-02,1.516664385795593262e+00
-7.402995586395263672e+00,-2.172724008560180664e+00,6.617875695228576660e-01,1.063874363899230957e-02,-1.885398104786872864e-02,-9.997333884239196777e-01,-8.034448139369487762e-03,-3.096249997615814209e-01,-2.358813770115375519e-02,1.297636479139328003e-01,9.923930764198303223e-01,3.314838185906410217e-02,3.636704012751579285e-02,-1.609794795513153076e-01,-5.139430239796638489e-02,-1.107391044497489929e-01,1.506016552448272705e-01,-1.066149584949016571e-02,-1.862856210209429264e-03,-1.963463611900806427e-02,4.223400354385375977e-01,-1.892081648111343384e-01,3.614941835403442383e-01,1.570799946784973145e+00,-6.338734030723571777e-01,2.872447366826236248e-04,6.978252530097961426e-02,1.509739160537719727e+00
-7.389401912689208984e+00,-2.173493862152099609e+00,6.604910492897033691e-01,9.354216046631336212e-03,-1.719509623944759369e-02,-9.997842311859130859e-01,-6.953660864382982254e-03,-2.383973300457000732e-01,-3.091511502861976624e-02,1.312971115112304688e-01,9.404262304306030273e-01,2.889078296720981598e-02,4.050290584564208984e-02,-1.821726113557815552e-01,-4.908699914813041687e-02,-1.103817000985145569e-01,1.477381438016891479e-01,1.615443266928195953e-02,-3.668853547424077988e-03,-2.303037047386169434e-02,4.584016203880310059e-01,-2.020594328641891479e-01,3.700574040412902832e-01,1.570799946784973145e+00,-6.649879217147827148e-01,2.794753992930054665e-03,8.454949408769607544e-02,1.503657221794128418e+00
-7.375260829925537109e+00,-2.174727201461791992e+00,6.586668491363525391e-01,8.220477961003780365e-03,-1.537774223834276199e-02,-9.998247027397155762e-01,-6.822604220360517502e-03,-1.666203141212463379e-01,-3.877261653542518616e-02,1.338838338851928711e-01,8.644748330116271973e-01,2.138038165867328644e-02,4.408497363328933716e-02,-2.058243155479431152e-01,-4.749485477805137634e-02,-1.084840446710586548e-01,1.455659866333007812e-01,4.435456171631813049e-02,-4.626956302672624588e-03,-2.644984982907772064e-02,4.805691838264465332e-01,-2.092967182397842407e-01,3.768854737281799316e-01,1.570799946784973145e+00,-6.856492161750793457e-01,4.543285816907882690e-03,9.575225412845611572e-02,1.497022867202758789e+00
-7.360972404479980469e+00,-2.176550149917602539e+00,6.565210223197937012e-01,7.518186233937740326e-03,-1.341746468096971512e-02,-9.998582005500793457e-01,-6.860893685370683670e-03,-1.017178446054458618e-01,-4.643932357430458069e-02,1.339565068483352661e-01,7.772096395492553711e-01,-3.281031036749482155e-03,4.633922129869461060e-02,-2.308293581008911133e-01,-4.586081206798553467e-02,-1.060030907392501831e-01,1.406636983156204224e-01,7.544094324111938477e-02,-4.637083504348993301e-03,-2.953630499541759491e-02,4.901519715785980225e-01,-2.124923765659332275e-01,3.827738463878631592e-01,1.570799946784973145e+00,-6.956067681312561035e-01,6.143417209386825562e-03,1.017185300588607788e-01,1.489857196807861328e+00
-7.343009471893310547e+00,-2.178387641906738281e+00,6.535517573356628418e-01,7.031944580376148224e-03,-1.120577473193407059e-02,-9.998921751976013184e-01,-6.371976807713508606e-03,-4.470466449856758118e-02,-5.547291412949562073e-02,1.240639686584472656e-01,6.814642548561096191e-01,-6.060821563005447388e-02,4.884070530533790588e-02,-2.572812736034393311e-01,-4.364912584424018860e-02,-1.044143959879875183e-01,1.267999708652496338e-01,1.157941147685050964e-01,-5.035560112446546555e-03,-3.473425284028053284e-02,4.833870530128479004e-01,-2.095093131065368652e-01,3.841852247714996338e-01,1.570799946784973145e+00,-6.916574239730834961e-01,6.690626963973045349e-03,9.823404997587203979e-02,1.478990077972412109e+00
-7.322882175445556641e+00,-2.179908275604248047e+00,6.497282981872558594e-01,7.019397802650928497e-03,-7.977688685059547424e-03,-9.999334216117858887e-01,-4.503223113715648651e-03,-5.808439105749130249e-03,-6.378725916147232056e-02,1.023638620972633362e-01,6.015077233314514160e-01,-1.446188092231750488e-01,5.415245145559310913e-02,-2.842742204666137695e-01,-3.941901028156280518e-02,-1.045352518558502197e-01,1.070463508367538452e-01,1.559437811374664307e-01,-5.781949497759342194e-03,-4.306073486804962158e-02,4.615387916564941406e-01,-2.010536789894104004e-01,3.773491680622100830e-01,1.570799946784973145e+00,-6.752602458000183105e-01,5.800485145300626755e-03,8.512125909328460693e-02,1.465630888938903809e+00
-7.301038265228271484e+00,-2.181470155715942383e+00,6.453992128372192383e-01,7.815904915332794189e-03,-3.938551992177963257e-03,-9.999586343765258789e-01,-2.469236496835947037e-03,1.180371548980474472e-02,-6.677445024251937866e-02,8.251570910215377808e-02,5.431178212165832520e-01,-2.367253750562667847e-01,5.990125238895416260e-02,-3.151037991046905518e-01,-3.304420784115791321e-02,-1.025337725877761841e-01,9.170137345790863037e-02,1.755679249763488770e-01,-6.832010578364133835e-03,-5.309453606605529785e-02,4.190394580364227295e-01,-1.861990988254547119e-01,3.610468506813049316e-01,1.570799946784973145e+00,-6.452146768569946289e-01,3.568175015971064568e-03,6.246727705001831055e-02,1.449130892753601074e+00
-7.277204513549804688e+00,-2.182840585708618164e+00,6.415015459060668945e-01,9.504359215497970581e-03,-1.547806823509745300e-05,-9.999548196792602539e-01,-1.954010222107172012e-04,1.035365276038646698e-02,-6.623855978250503540e-02,7.054045796394348145e-02,4.999932050704956055e-01,-3.111015558242797852e-01,6.585615128278732300e-02,-3.463274538516998291e-01,-2.667877450585365295e-02,-1.021615043282508850e-01,8.198694884777069092e-02,1.597162038087844849e-01,-8.717881515622138977e-03,-6.320162117481231689e-02,3.621245026588439941e-01,-1.660325974225997925e-01,3.362196385860443115e-01,1.570799946784973145e+00,-6.016522049903869629e-01,-1.884027617052197456e-03,2.808748930692672729e-02,1.433326363563537598e+00
-7.253951072692871094e+00,-2.183439731597900391e+00,6.401853561401367188e-01,1.189520768821239471e-02,3.716304199770092964e-03,-9.999202489852905273e-01,2.050942741334438324e-03,-3.335004439577460289e-03,-6.241187825798988342e-02,6.373815238475799561e-02,4.642091095447540283e-01,-3.492252826690673828e-01,6.928275525569915771e-02,-3.701778352260589600e-01,-2.257816120982170105e-02,-1.128353402018547058e-01,7.637240737676620483e-02,1.180990263819694519e-01,-1.203165762126445770e-02,-7.198274135589599609e-02,2.868238687515258789e-01,-1.379139721393585205e-01,3.054022192955017090e-01,1.570799946784973145e+00,-5.408929586410522461e-01,-1.063434220850467682e-02,-2.137749828398227692e-02,1.418833374977111816e+00
-7.231679916381835938e+00,-2.182863473892211914e+00,6.420956254005432129e-01,1.410212833434343338e-02,6.769892759621143341e-03,-9.998685717582702637e-01,4.254237748682498932e-03,-2.156773582100868225e-02,-5.667960271239280701e-02,5.857711285352706909e-02,4.234379827976226807e-01,-3.453202247619628906e-01,7.022866606712341309e-02,-3.841576278209686279e-01,-2.571824193000793457e-02,-1.565092951059341431e-01,8.391230553388595581e-02,6.299495697021484375e-02,-2.200437337160110474e-02,-8.083761483430862427e-02,2.014024853706359863e-01,-1.076363846659660339e-01,2.787905335426330566e-01,1.570799946784973145e+00,-4.653914570808410645e-01,-1.661657541990280151e-02,-7.727138698101043701e-02,1.411834120750427246e+00
-7.211227416992187500e+00,-2.182075738906860352e+00,6.455487012863159180e-01,1.563188992440700531e-02,8.727550506591796875e-03,-9.998260140419006348e-01,5.230355542153120041e-03,-3.795051947236061096e-02,-5.269032344222068787e-02,5.515334755182266235e-02,3.776504993438720703e-01,-3.148667514324188232e-01,7.065998017787933350e-02,-3.944545388221740723e-01,-3.668956458568572998e-02,-2.236362993717193604e-01,1.225624978542327881e-01,1.177338603883981705e-02,-3.360613808035850525e-02,-8.690661191940307617e-02,1.111917197704315186e-01,-7.841829955577850342e-02,2.623065710067749023e-01,1.570799946784973145e+00,-3.786348104476928711e-01,-1.897296868264675140e-02,-1.276481598615646362e-01,1.417631983757019043e+00
-7.192571163177490234e+00,-2.181491851806640625e+00,6.495845913887023926e-01,1.615595445036888123e-02,9.906250052154064178e-03,-9.998078346252441406e-01,5.009572487324476242e-03,-4.764090850949287415e-02,-5.037948116660118103e-02,5.444075912237167358e-02,3.225208520889282227e-01,-2.677565813064575195e-01,7.121077179908752441e-02,-4.050342440605163574e-01,-5.782743543386459351e-02,-2.854052782058715820e-01,2.032475918531417847e-01,-2.920655533671379089e-02,-3.493440151214599609e-02,-9.254205971956253052e-02,2.700820006430149078e-02,-5.290948599576950073e-02,2.591522336006164551e-01,1.570799946784973145e+00,-2.897036671638488770e-01,-1.582846790552139282e-02,-1.623209118843078613e-01,1.434603810310363770e+00
-7.176274299621582031e+00,-2.180878400802612305e+00,6.532503366470336914e-01,1.609591394662857056e-02,1.084458641707897186e-02,-9.997999668121337891e-01,4.833973478525876999e-03,-5.298380553722381592e-02,-4.854505136609077454e-02,5.396376550197601318e-02,2.669918239116668701e-01,-2.169111967086791992e-01,7.147106528282165527e-02,-4.169398844242095947e-01,-8.594089746475219727e-02,-3.088637590408325195e-01,3.161403238773345947e-01,-5.805131793022155762e-02,-1.906308345496654510e-02,-1.007451266050338745e-01,-4.822297021746635437e-02,-2.562659792602062225e-02,2.618655562400817871e-01,1.561775684356689453e+00,-1.983042657375335693e-01,-8.745172061026096344e-03,-1.845196634531021118e-01,1.459236025810241699e+00
-7.161775112152099609e+00,-2.179480552673339844e+00,6.564231514930725098e-01,1.562980748713016510e-02,1.223894581198692322e-02,-9.997915029525756836e-01,4.778349772095680237e-03,-5.614717677235603333e-02,-4.462296888232231140e-02,5.465093255043029785e-02,2.157117873430252075e-01,-1.679802536964416504e-01,7.046774774789810181e-02,-4.300748109817504883e-01,-1.117249131202697754e-01,-2.813075482845306396e-01,4.450808763504028320e-01,-7.137014716863632202e-02,1.157122198492288589e-02,-1.093834862112998962e-01,-1.131048426032066345e-01,5.676789674907922745e-03,2.538521587848663330e-01,1.536465287208557129e+00,-1.063781082630157471e-01,-1.222782884724438190e-03,-2.043037414550781250e-01,1.485449790954589844e+00
-7.148787021636962891e+00,-2.177238225936889648e+00,6.588874459266662598e-01,1.491363160312175751e-02,1.349915377795696259e-02,-9.997857213020324707e-01,4.887127317488193512e-03,-5.886732786893844604e-02,-3.899710997939109802e-02,5.551823601126670837e-02,1.706925183534622192e-01,-1.228428035974502563e-01,6.758722662925720215e-02,-4.419446289539337158e-01,-1.273373216390609741e-01,-2.174043506383895874e-01,5.749912858009338379e-01,-7.460541278123855591e-02,4.864742979407310486e-02,-1.171454042196273804e-01,-1.793086379766464233e-01,4.314959794282913208e-02,2.239925861358642578e-01,1.498521804809570312e+00,-1.123547274619340897e-02,5.443565081804990768e-03,-2.257979214191436768e-01,1.510431289672851562e+00
-7.136801242828369141e+00,-2.174060344696044922e+00,6.608402729034423828e-01,1.363134291023015976e-02,1.471177674829959869e-02,-9.997872710227966309e-01,4.812265746295452118e-03,-6.261704117059707642e-02,-3.203259408473968506e-02,5.615789815783500671e-02,1.334958672523498535e-01,-8.111400157213211060e-02,6.330535560846328735e-02,-4.472306966781616211e-01,-1.303901970386505127e-01,-1.351966708898544312e-01,6.966412663459777832e-01,-6.637033075094223022e-02,8.569131791591644287e-02,-1.231266036629676819e-01,-2.458489537239074707e-01,8.118035644292831421e-02,1.842382550239562988e-01,1.456844210624694824e+00,8.084282279014587402e-02,1.208896096795797348e-02,-2.504495382308959961e-01,1.532262921333312988e+00
-7.125638961791992188e+00,-2.170441627502441406e+00,6.622117161750793457e-01,1.237338222563266754e-02,1.558656617999076843e-02,-9.997911453247070312e-01,4.649240523576736450e-03,-6.825591623783111572e-02,-2.465429902076721191e-02,5.669741705060005188e-02,1.050084829330444336e-01,-4.465770348906517029e-02,5.820685252547264099e-02,-4.354764223098754883e-01,-1.226407587528228760e-01,-5.884994938969612122e-02,7.894864678382873535e-01,-4.946637153625488281e-02,1.173998117446899414e-01,-1.264636963605880737e-01,-3.128688931465148926e-01,1.187284812331199646e-01,1.448834389448165894e-01,1.416129589080810547e+00,1.667186766862869263e-01,1.947936601936817169e-02,-2.838240861892700195e-01,1.548228144645690918e+00
-7.114816188812255859e+00,-2.166641950607299805e+00,6.630143523216247559e-01,1.087470911443233490e-02,1.572502031922340393e-02,-9.998107552528381348e-01,3.599231131374835968e-03,-7.575825601816177368e-02,-1.823789440095424652e-02,5.822084844112396240e-02,8.236297219991683960e-02,-1.071893237531185150e-02,5.268007889389991760e-02,-4.079433977603912354e-01,-1.133740395307540894e-01,4.724008962512016296e-03,8.547623157501220703e-01,-2.640820853412151337e-02,1.449634134769439697e-01,-1.269886344671249390e-01,-3.744312822818756104e-01,1.519697010517120361e-01,1.110957413911819458e-01,1.381008267402648926e+00,2.421630471944808960e-01,2.853000909090042114e-02,-3.259039223194122314e-01,1.558809638023376465e+00
-7.104438304901123047e+00,-2.162902116775512695e+00,6.632632613182067871e-01,9.294465184211730957e-03,1.525438390672206879e-02,-9.998388886451721191e-01,1.751773757860064507e-03,-8.473535627126693726e-02,-1.279823388904333115e-02,6.080141663551330566e-02,6.620252877473831177e-02,1.749444752931594849e-02,4.713717848062515259e-02,-3.608522117137908936e-01,-1.083354800939559937e-01,5.050110816955566406e-02,8.812658786773681641e-01,2.866467228159308434e-03,1.695090383291244507e-01,-1.257490217685699463e-01,-4.282321929931640625e-01,1.802974790334701538e-01,8.502057939767837524e-02,1.349874854087829590e+00,3.052776753902435303e-01,3.860949724912643433e-02,-3.715456128120422363e-01,1.564871668815612793e+00
-7.093544960021972656e+00,-2.158592939376831055e+00,6.629599332809448242e-01,7.958556525409221649e-03,1.424667425453662872e-02,-9.998667240142822266e-01,-4.512355371844023466e-04,-9.875103831291198730e-02,-7.196567486971616745e-03,6.325023621320724487e-02,6.004954129457473755e-02,3.982180729508399963e-02,4.100054129958152771e-02,-3.017197847366333008e-01,-1.092556342482566833e-01,7.835103571414947510e-02,8.727945685386657715e-01,4.100067168474197388e-02,1.896270066499710083e-01,-1.239682212471961975e-01,-4.720182120800018311e-01,2.031843066215515137e-01,6.598380953073501587e-02,1.324480175971984863e+00,3.531760573387145996e-01,4.708965122699737549e-02,-4.135545194149017334e-01,1.568818926811218262e+00
-7.082009792327880859e+00,-2.153940916061401367e+00,6.620801091194152832e-01,6.934803910553455353e-03,1.278655137866735458e-02,-9.998916983604431152e-01,-2.233332255855202675e-03,-1.198458820581436157e-01,-1.347258687019348145e-03,6.456245481967926025e-02,6.440385431051254272e-02,5.832134932279586792e-02,3.382641077041625977e-02,-2.307610660791397095e-01,-1.156413033604621887e-01,8.391665667295455933e-02,8.286328911781311035e-01,7.617105543613433838e-02,2.026001363992691040e-01,-1.228607147932052612e-01,-5.053209066390991211e-01,2.202800363302230835e-01,4.860306903719902039e-02,1.304589271545410156e+00,3.859038949012756348e-01,5.398879572749137878e-02,-4.475749135017395020e-01,1.570799946784973145e+00
-7.069311618804931641e+00,-2.149106025695800781e+00,6.606385111808776855e-01,6.049386225640773773e-03,1.114754565060138702e-02,-9.999118447303771973e-01,-3.935412038117647171e-03,-1.462408155202865601e-01,4.682593513280153275e-03,6.505695730447769165e-02,7.563127577304840088e-02,7.578250020742416382e-02,2.638214826583862305e-02,-1.567823886871337891e-01,-1.264143586158752441e-01,6.487698107957839966e-02,7.648033499717712402e-01,8.163010329008102417e-02,2.059405446052551270e-01,-1.208575442433357239e-01,-5.285896658897399902e-01,2.318718582391738892e-01,3.244600445032119751e-02,1.289974093437194824e+00,4.041510224342346191e-01,5.769022554159164429e-02,-4.705899655818939209e-01,1.570799946784973145e+00
-7.055638313293457031e+00,-2.143821716308593750e+00,6.588859558105468750e-01,5.537835415452718735e-03,9.153853170573711395e-03,-9.999161362648010254e-01,-7.296369876712560654e-03,-1.743176132440567017e-01,1.150568574666976929e-02,6.856453418731689453e-02,8.652694523334503174e-02,9.436123818159103394e-02,1.818920113146305084e-02,-8.633837103843688965e-02,-1.333775520324707031e-01,3.882783278822898865e-02,6.901133656501770020e-01,4.310002177953720093e-02,1.956841498613357544e-01,-1.141395792365074158e-01,-5.412409901618957520e-01,2.387352883815765381e-01,2.208646573126316071e-02,1.282381772994995117e+00,4.076123833656311035e-01,5.782579630613327026e-02,-4.755432307720184326e-01,1.570799946784973145e+00
-7.040447235107421875e+00,-2.137173891067504883e+00,6.567320227622985840e-01,5.282065831124782562e-03,6.215651985257863998e-03,-9.998821020126342773e-01,-1.300787460058927536e-02,-2.001143097877502441e-01,1.980423368513584137e-02,7.684213668107986450e-02,8.764897286891937256e-02,1.201673820614814758e-01,7.758644875138998032e-03,-2.787044458091259003e-02,-1.309900283813476562e-01,2.252915129065513611e-02,6.059483289718627930e-01,-1.488140318542718887e-02,1.724813580513000488e-01,-1.025526598095893860e-01,-5.387095808982849121e-01,2.411958873271942139e-01,2.633782103657722473e-02,1.278100967407226562e+00,3.938544988632202148e-01,5.316970869898796082e-02,-4.578142166137695312e-01,1.570799946784973145e+00
-7.023667812347412109e+00,-2.128979921340942383e+00,6.541731357574462891e-01,5.680847913026809692e-03,2.916247816756367683e-03,-9.997857809066772461e-01,-1.968705281615257263e-02,-2.258363664150238037e-01,3.032045625150203705e-02,8.636985719203948975e-02,8.025889843702316284e-02,1.544190645217895508e-01,-5.203032400459051132e-03,1.274494733661413193e-02,-1.248575299978256226e-01,7.640521973371505737e-03,5.367020368576049805e-01,-1.089175492525100708e-01,1.461252421140670776e-01,-8.903900533914566040e-02,-5.149075984954833984e-01,2.386624962091445923e-01,5.122996121644973755e-02,1.276685833930969238e+00,3.609408438205718994e-01,4.608246684074401855e-02,-4.202040433883666992e-01,1.570650458335876465e+00
-7.003717422485351562e+00,-2.119635105133056641e+00,6.502983570098876953e-01,7.012784481048583984e-03,-3.275607305113226175e-04,-9.996734857559204102e-01,-2.457017637789249420e-02,-2.616544663906097412e-01,4.385191202163696289e-02,8.747434616088867188e-02,7.330032438039779663e-02,1.978772282600402832e-01,-2.122198417782783508e-02,3.511480614542961121e-02,-1.154824942350387573e-01,-1.006190478801727295e-02,4.887577593326568604e-01,-2.273110300302505493e-01,1.218300536274909973e-01,-7.825481891632080078e-02,-4.722444415092468262e-01,2.312703281641006470e-01,9.738016128540039062e-02,1.275929331779479980e+00,3.120916485786437988e-01,3.859299048781394958e-02,-3.743312954902648926e-01,1.569339394569396973e+00
-6.981534004211425781e+00,-2.109636068344116211e+00,6.450089812278747559e-01,9.897527284920215607e-03,-2.746443962678313255e-03,-9.995121955871582031e-01,-2.949315495789051056e-02,-3.069323003292083740e-01,6.157682463526725769e-02,7.902890443801879883e-02,6.749641150236129761e-02,2.488438040018081665e-01,-4.140318557620048523e-02,3.325893357396125793e-02,-1.026026979088783264e-01,-1.858675293624401093e-02,4.622133076190948486e-01,-3.290502429008483887e-01,1.006243377923965454e-01,-6.616043299436569214e-02,-4.159601032733917236e-01,2.189733833074569702e-01,1.570128500461578369e-01,1.282686233520507812e+00,2.479033172130584717e-01,3.183552622795104980e-02,-3.250823915004730225e-01,1.568281531333923340e+00
-6.958992958068847656e+00,-2.100288629531860352e+00,6.415245532989501953e-01,1.408326812088489532e-02,-4.365531262010335922e-03,-9.991499185562133789e-01,-3.849730640649795532e-02,-3.501486778259277344e-01,8.099784702062606812e-02,5.238800868391990662e-02,6.522593647241592407e-02,2.761064171791076660e-01,-6.827356666326522827e-02,6.394439842551946640e-03,-8.795394748449325562e-02,-7.308086846023797989e-03,4.542717933654785156e-01,-3.938604593276977539e-01,8.084836602210998535e-02,-4.519504308700561523e-02,-3.535123169422149658e-01,2.008436769247055054e-01,2.162681072950363159e-01,1.298162579536437988e+00,1.702762246131896973e-01,2.560013718903064728e-02,-2.711409330368041992e-01,1.567153334617614746e+00
-6.937249660491943359e+00,-2.092763662338256836e+00,6.413674950599670410e-01,1.808059774339199066e-02,-6.416907999664545059e-03,-9.988024830818176270e-01,-4.500569030642509460e-02,-3.900467753410339355e-01,9.150499105453491211e-02,2.041097916662693024e-02,8.787731081247329712e-02,2.672484517097473145e-01,-9.069027751684188843e-02,-2.701158821582794189e-02,-7.527583092451095581e-02,4.081293940544128418e-03,4.441905319690704346e-01,-4.133923947811126709e-01,6.441745907068252563e-02,-3.098900057375431061e-02,-2.883779406547546387e-01,1.771455556154251099e-01,2.701056301593780518e-01,1.332223296165466309e+00,7.691890001296997070e-02,1.770289801061153412e-02,-2.101512104272842407e-01,1.566067814826965332e+00
-6.917098999023437500e+00,-2.087187290191650391e+00,6.439074873924255371e-01,2.106397971510887146e-02,-8.810250088572502136e-03,-9.986903071403503418e-01,-4.578651115298271179e-02,-4.288786053657531738e-01,9.010332822799682617e-02,1.522087398916482925e-02,1.511216908693313599e-01,2.430255264043807983e-01,-9.412103146314620972e-02,-5.304408073425292969e-02,-6.628038734197616577e-02,5.242152605205774307e-03,4.190210998058319092e-01,-3.970177173614501953e-01,5.064646899700164795e-02,-2.581269294023513794e-02,-2.210713177919387817e-01,1.482974439859390259e-01,3.014073371887207031e-01,1.374791145324707031e+00,-1.820310018956661224e-02,1.078937295824289322e-02,-1.624329686164855957e-01,1.565036773681640625e+00
-6.898725032806396484e+00,-2.082851171493530273e+00,6.476377248764038086e-01,2.261564694344997406e-02,-1.147442311048507690e-02,-9.987102150917053223e-01,-4.398658871650695801e-02,-4.639496803283691406e-01,8.457864075899124146e-02,3.952119126915931702e-02,2.531608641147613525e-01,2.188091278076171875e-01,-8.382714539766311646e-02,-7.053039222955703735e-02,-6.086597219109535217e-02,1.032157335430383682e-03,3.828800916671752930e-01,-3.604051172733306885e-01,4.007573425769805908e-02,-2.422969602048397064e-02,-1.451342850923538208e-01,1.118272021412849426e-01,3.044498860836029053e-01,1.414569497108459473e+00,-1.094854921102523804e-01,3.765249392017722130e-03,-1.318280249834060669e-01,1.565124034881591797e+00
-6.881447792053222656e+00,-2.079133272171020508e+00,6.517459154129028320e-01,2.290743775665760040e-02,-1.443357672542333603e-02,-9.987518787384033203e-01,-4.197125509381294250e-02,-4.965695738792419434e-01,7.804571092128753662e-02,6.482072174549102783e-02,3.902442753314971924e-01,1.904671043157577515e-01,-7.111916691064834595e-02,-8.324395120143890381e-02,-5.773311853408813477e-02,-2.952225971966981888e-03,3.414580821990966797e-01,-3.126126825809478760e-01,3.069354407489299774e-02,-1.989264227449893951e-02,-6.515508890151977539e-02,7.067299634218215942e-02,2.904033064842224121e-01,1.442740797996520996e+00,-1.929395198822021484e-01,-5.113373044878244400e-03,-1.075696647167205811e-01,1.565294504165649414e+00
-6.865622043609619141e+00,-2.076048374176025391e+00,6.554297804832458496e-01,2.229618094861507416e-02,-1.739204861223697662e-02,-9.988179206848144531e-01,-3.953614085912704468e-02,-5.245658159255981445e-01,6.443651020526885986e-02,6.847286224365234375e-02,5.404573678970336914e-01,1.571377366781234741e-01,-5.925428122282028198e-02,-9.294851124286651611e-02,-5.640641972422599792e-02,-7.531204726547002792e-03,3.001828491687774658e-01,-2.627342641353607178e-01,2.314951084554195404e-02,-1.341986190527677536e-02,2.013767510652542114e-02,3.128096833825111389e-02,2.721446454524993896e-01,1.465257287025451660e+00,-2.742290198802947998e-01,-1.617767661809921265e-02,-7.547113299369812012e-02,1.563404202461242676e+00
-6.851183891296386719e+00,-2.073820352554321289e+00,6.582880020141601562e-01,2.086480520665645599e-02,-1.964941248297691345e-02,-9.989346265792846680e-01,-3.616892918944358826e-02,-5.418154001235961914e-01,3.985408321022987366e-02,5.202998220920562744e-02,6.843416094779968262e-01,1.280337274074554443e-01,-4.559520632028579712e-02,-1.007004380226135254e-01,-5.595368891954421997e-02,-1.426965463906526566e-02,2.660593986511230469e-01,-2.173778414726257324e-01,1.719894260168075562e-02,-7.054709363728761673e-03,1.074218675494194031e-01,-2.219723537564277649e-03,2.574974596500396729e-01,1.480397224426269531e+00,-3.520900011062622070e-01,-2.785282209515571594e-02,-3.702279925346374512e-02,1.553277134895324707e+00
-6.837414741516113281e+00,-2.072319507598876953e+00,6.602112054824829102e-01,1.910186186432838440e-02,-2.100008167326450348e-02,-9.990835785865783691e-01,-3.203393891453742981e-02,-5.439636111259460449e-01,1.345388498157262802e-02,3.667125105857849121e-02,8.102666139602661133e-01,1.048523560166358948e-01,-2.964697778224945068e-02,-1.099920123815536499e-01,-5.529175698757171631e-02,-2.184222824871540070e-02,2.397143989801406860e-01,-1.762793660163879395e-01,1.294606737792491913e-02,-2.382643753662705421e-03,1.960298568010330200e-01,-2.855067513883113861e-02,2.566671669483184814e-01,1.492299675941467285e+00,-4.274699687957763672e-01,-3.924413397908210754e-02,2.050609095022082329e-03,1.533012986183166504e+00
-6.824589252471923828e+00,-2.071418285369873047e+00,6.613031625747680664e-01,1.717786863446235657e-02,-2.128135785460472107e-02,-9.992507100105285645e-01,-2.738671004772186279e-02,-5.274913311004638672e-01,-5.297157447785139084e-03,3.636758401989936829e-02,9.108173847198486328e-01,8.445149660110473633e-02,-1.268727425485849380e-02,-1.201356276869773865e-01,-5.383928865194320679e-02,-3.053954988718032837e-02,2.213830053806304932e-01,-1.419180929660797119e-01,9.654710069298744202e-03,3.952839470002800226e-04,2.784319221973419189e-01,-4.688866809010505676e-02,2.671206295490264893e-01,1.507120251655578613e+00,-4.959637522697448730e-01,-4.959565028548240662e-02,3.649395704269409180e-02,1.508710026741027832e+00
-6.812055587768554688e+00,-2.070778131484985352e+00,6.617177724838256836e-01,1.533279381692409515e-02,-2.060902118682861328e-02,-9.994172453880310059e-01,-2.247916907072067261e-02,-4.939559400081634521e-01,-1.445400901138782501e-02,4.748250916600227356e-02,9.785901308059692383e-01,6.665254384279251099e-02,1.280955853872001171e-03,-1.325358301401138306e-01,-5.139283463358879089e-02,-3.924948722124099731e-02,2.089841961860656738e-01,-1.111023947596549988e-01,6.595606449991464615e-03,3.853147500194609165e-04,3.539390563964843750e-01,-5.969602614641189575e-02,2.828424572944641113e-01,1.523310065269470215e+00,-5.571749210357666016e-01,-5.818417295813560486e-02,6.853720545768737793e-02,1.481519460678100586e+00
-6.800035953521728516e+00,-2.070274114608764648e+00,6.617149114608764648e-01,1.341762486845254898e-02,-1.904560998082160950e-02,-9.995803833007812500e-01,-1.721321605145931244e-02,-4.449538588523864746e-01,-1.700694672763347626e-02,6.183319911360740662e-02,1.012192845344543457e+00,4.935500770807266235e-02,1.169318426400423050e-02,-1.444490998983383179e-01,-4.763722419738769531e-02,-4.842228069901466370e-02,1.986428052186965942e-01,-8.256933093070983887e-02,3.981166984885931015e-03,-2.774766180664300919e-03,4.203311204910278320e-01,-6.931360810995101929e-02,2.952414453029632568e-01,1.536001443862915039e+00,-6.085287928581237793e-01,-6.419117003679275513e-02,9.672319889068603516e-02,1.454676508903503418e+00
-6.788231849670410156e+00,-2.070105791091918945e+00,6.613524556159973145e-01,1.162157487124204636e-02,-1.695110090076923370e-02,-9.997164011001586914e-01,-1.203053537756204605e-02,-3.835654556751251221e-01,-1.806381344795227051e-02,7.392664253711700439e-02,1.009384751319885254e+00,2.892931364476680756e-02,1.901550032198429108e-02,-1.570618897676467896e-01,-4.376481100916862488e-02,-5.710512027144432068e-02,1.896101683378219604e-01,-5.550742149353027344e-02,2.055809833109378815e-03,-7.876029238104820251e-03,4.753938019275665283e-01,-7.729514688253402710e-02,3.050975799560546875e-01,1.544622659683227539e+00,-6.500766277313232422e-01,-6.783472001552581787e-02,1.220772340893745422e-01,1.428661704063415527e+00
-6.776348114013671875e+00,-2.070511817932128906e+00,6.605973243713378906e-01,9.918401949107646942e-03,-1.445886772125959396e-02,-9.998144507408142090e-01,-7.975685410201549530e-03,-3.115542829036712646e-01,-2.000516653060913086e-02,8.506169915199279785e-02,9.707878828048706055e-01,1.341487048193812370e-03,2.581560797989368439e-02,-1.715052723884582520e-01,-3.982473537325859070e-02,-6.364355236291885376e-02,1.834963560104370117e-01,-2.978465706110000610e-02,1.064138021320104599e-03,-1.301438175141811371e-02,5.173362493515014648e-01,-8.346148580312728882e-02,3.162259757518768311e-01,1.550198674201965332e+00,-6.792180538177490234e-01,-6.833437085151672363e-02,1.435684263706207275e-01,1.403893947601318359e+00
-6.763382911682128906e+00,-2.071676015853881836e+00,6.593359708786010742e-01,8.480208925902843475e-03,-1.181961037218570709e-02,-9.998791813850402832e-01,-5.482386332005262375e-03,-2.352462261915206909e-01,-2.242150902748107910e-02,9.745905548334121704e-02,9.019156098365783691e-01,-2.638012170791625977e-02,3.085204400122165680e-02,-1.913134455680847168e-01,-3.693855553865432739e-02,-6.697963923215866089e-02,1.820889264345169067e-01,-4.938960541039705276e-03,1.106580952182412148e-03,-1.730559580028057098e-02,5.452352762222290039e-01,-8.796500414609909058e-02,3.290967345237731934e-01,1.552565932273864746e+00,-6.958590149879455566e-01,-6.647497415542602539e-02,1.578363478183746338e-01,1.381012320518493652e+00
-6.749892711639404297e+00,-2.073403120040893555e+00,6.576541662216186523e-01,7.409545127302408218e-03,-9.212384931743144989e-03,-9.999219775199890137e-01,-4.028765019029378891e-03,-1.569414138793945312e-01,-2.482001297175884247e-02,1.126873716711997986e-01,8.080239295959472656e-01,-6.868416815996170044e-02,3.310006856918334961e-02,-2.139342725276947021e-01,-3.489994630217552185e-02,-6.857007741928100586e-02,1.816973537206649780e-01,2.092242240905761719e-02,2.279482083395123482e-03,-2.179112285375595093e-02,5.574502348899841309e-01,-9.112197160720825195e-02,3.392533957958221436e-01,1.552798628807067871e+00,-6.996185779571533203e-01,-6.265655159950256348e-02,1.610980182886123657e-01,1.362343192100524902e+00
-6.734382152557373047e+00,-2.075761079788208008e+00,6.554151773452758789e-01,6.806271616369485855e-03,-6.776983384042978287e-03,-9.999495744705200195e-01,-2.924378030002117157e-03,-8.592195808887481689e-02,-3.096775524318218231e-02,1.216041669249534607e-01,7.032164931297302246e-01,-1.343359202146530151e-01,3.476023674011230469e-02,-2.402881234884262085e-01,-3.424169495701789856e-02,-6.933271884918212891e-02,1.786834001541137695e-01,5.201760679483413696e-02,4.082790110260248184e-03,-2.767580933868885040e-02,5.512876510620117188e-01,-9.309358894824981689e-02,3.409914374351501465e-01,1.551661252975463867e+00,-6.927328705787658691e-01,-5.835035443305969238e-02,1.535320878028869629e-01,1.350623846054077148e+00
-6.717012405395507812e+00,-2.078252792358398438e+00,6.526443362236022949e-01,6.790915038436651230e-03,-4.206711892038583755e-03,-9.999671578407287598e-01,-1.386285293847322464e-03,-2.995016239583492279e-02,-4.084030166268348694e-02,1.177936196327209473e-01,5.993885397911071777e-01,-2.135800719261169434e-01,3.984607756137847900e-02,-2.685114741325378418e-01,-3.351828083395957947e-02,-7.127903401851654053e-02,1.694259792566299438e-01,8.976327627897262573e-02,5.999593064188957214e-03,-3.653636574745178223e-02,5.270407795906066895e-01,-9.228321909904479980e-02,3.349457383155822754e-01,1.551205158233642578e+00,-6.723963618278503418e-01,-5.446518585085868835e-02,1.323651820421218872e-01,1.343848347663879395e+00
-6.696040630340576172e+00,-2.080335617065429688e+00,6.486931443214416504e-01,7.284156978130340576e-03,-1.050646649673581123e-03,-9.999727010726928711e-01,6.911403615958988667e-04,5.641305819153785706e-03,-4.714786633849143982e-02,1.118922606110572815e-01,5.142381191253662109e-01,-2.856855392456054688e-01,4.602966085076332092e-02,-2.985972166061401367e-01,-3.155362606048583984e-02,-7.278142869472503662e-02,1.484974473714828491e-01,1.368477940559387207e-01,7.580113131552934647e-03,-4.681573808193206787e-02,4.805324077606201172e-01,-8.789718151092529297e-02,3.185271024703979492e-01,1.555491805076599121e+00,-6.417809128761291504e-01,-5.175875872373580933e-02,1.004723384976387024e-01,1.345142960548400879e+00
-6.675490379333496094e+00,-2.082029581069946289e+00,6.449379324913024902e-01,8.105270564556121826e-03,1.164909335784614086e-03,-9.999610185623168945e-01,3.302185563370585442e-03,2.624400891363620758e-02,-5.190797150135040283e-02,1.069900244474411011e-01,4.419867098331451416e-01,-3.319657146930694580e-01,5.146039649844169617e-02,-3.261338770389556885e-01,-3.002907522022724152e-02,-7.300928235054016113e-02,1.241221055388450623e-01,1.745236068964004517e-01,8.551040664315223694e-03,-5.866827070713043213e-02,4.246039986610412598e-01,-8.332534879446029663e-02,2.965246140956878662e-01,1.563017129898071289e+00,-5.992633700370788574e-01,-5.180750414729118347e-02,5.841896682977676392e-02,1.346490263938903809e+00
-6.655114650726318359e+00,-2.082491159439086914e+00,6.439104676246643066e-01,9.758239611983299255e-03,2.770969411358237267e-03,-9.998998045921325684e-01,9.870174340903759003e-03,2.861063182353973389e-02,-5.289604142308235168e-02,9.664053469896316528e-02,3.811333477497100830e-01,-3.402714729309082031e-01,5.478313937783241272e-02,-3.432826697826385498e-01,-3.134624287486076355e-02,-7.940752804279327393e-02,9.994120150804519653e-02,1.739009469747543335e-01,9.347704239189624786e-03,-7.928413897752761841e-02,3.428101539611816406e-01,-7.188005745410919189e-02,2.580496072769165039e-01,1.568906664848327637e+00,-5.410961508750915527e-01,-5.286358296871185303e-02,4.504191223531961441e-03,1.359992504119873047e+00
-6.634925842285156250e+00,-2.081486940383911133e+00,6.457957625389099121e-01,1.147864479571580887e-02,4.452386405318975449e-03,-9.998066425323486328e-01,1.533383410423994064e-02,1.894814521074295044e-02,-5.074908211827278137e-02,8.808197081089019775e-02,3.270443379878997803e-01,-3.162277936935424805e-01,5.604615807533264160e-02,-3.557949662208557129e-01,-3.521762043237686157e-02,-9.925250709056854248e-02,9.373442828655242920e-02,1.431462019681930542e-01,7.974367588758468628e-03,-9.785042703151702881e-02,2.485372424125671387e-01,-5.562675371766090393e-02,2.208165973424911499e-01,1.570799946784973145e+00,-4.691952466964721680e-01,-5.145794153213500977e-02,-5.247311666607856750e-02,1.380752205848693848e+00
-6.613236427307128906e+00,-2.079739809036254883e+00,6.493788957595825195e-01,1.324432902038097382e-02,5.593605805188417435e-03,-9.997520446777343750e-01,1.700457744300365448e-02,3.271145280450582504e-03,-4.829086735844612122e-02,8.587345480918884277e-02,2.732828855514526367e-01,-2.694588899612426758e-01,5.664038658142089844e-02,-3.734461665153503418e-01,-4.742027074098587036e-02,-1.523373275995254517e-01,1.393750756978988647e-01,9.870122373104095459e-02,1.703935326077044010e-03,-1.083176881074905396e-01,1.461489349603652954e-01,-3.614900261163711548e-02,1.992066800594329834e-01,1.570799946784973145e+00,-3.807835280895233154e-01,-4.659128934144973755e-02,-1.035591959953308105e-01,1.412804722785949707e+00
-6.592991828918457031e+00,-2.078524827957153320e+00,6.531454920768737793e-01,1.432690583169460297e-02,6.822712719440460205e-03,-9.997307062149047852e-01,1.693184860050678253e-02,-8.875754661858081818e-03,-4.660547897219657898e-02,8.634757995605468750e-02,2.151989340782165527e-01,-2.127308100461959839e-01,5.811025947332382202e-02,-3.956856429576873779e-01,-6.830037385225296021e-02,-2.011122703552246094e-01,2.300815433263778687e-01,5.937458947300910950e-02,3.833892056718468666e-03,-1.172383651137351990e-01,5.687327310442924500e-02,-1.659771427512168884e-02,2.021739482879638672e-01,1.570799946784973145e+00,-2.906708717346191406e-01,-3.824422881007194519e-02,-1.311208456754684448e-01,1.454449892044067383e+00
-6.575431823730468750e+00,-2.077430725097656250e+00,6.563018560409545898e-01,1.478498522192239761e-02,7.881807163357734680e-03,-9.997286200523376465e-01,1.618422940373420715e-02,-1.688280701637268066e-02,-4.525017738342285156e-02,8.869590610265731812e-02,1.600307971239089966e-01,-1.585531383752822876e-01,5.942787975072860718e-02,-4.254080653190612793e-01,-9.453376382589340210e-02,-2.060835957527160645e-01,3.585975766181945801e-01,3.120593540370464325e-02,2.161975577473640442e-02,-1.253662854433059692e-01,-2.310083806514739990e-02,9.544602595269680023e-03,2.109614610671997070e-01,1.556094169616699219e+00,-2.023340910673141479e-01,-2.871197648346424103e-02,-1.422044187784194946e-01,1.494233965873718262e+00
-6.560310363769531250e+00,-2.075768470764160156e+00,6.586776375770568848e-01,1.438891328871250153e-02,9.237913414835929871e-03,-9.997217655181884766e-01,1.625023223459720612e-02,-2.399105019867420197e-02,-4.192827269434928894e-02,8.946595340967178345e-02,1.147883161902427673e-01,-1.110986769199371338e-01,5.951332300901412964e-02,-4.575628638267517090e-01,-1.142253577709197998e-01,-1.697469353675842285e-01,4.980971217155456543e-01,1.522042229771614075e-02,4.881567135453224182e-02,-1.337228715419769287e-01,-1.012049689888954163e-01,4.408086463809013367e-02,1.994985938072204590e-01,1.530305147171020508e+00,-1.055778488516807556e-01,-2.101195044815540314e-02,-1.550938040018081665e-01,1.525155067443847656e+00
-6.547017097473144531e+00,-2.073714494705200195e+00,6.603390574455261230e-01,1.339800469577312469e-02,1.021172013133764267e-02,-9.997174739837646484e-01,1.676826924085617065e-02,-3.154117614030838013e-02,-3.796993568539619446e-02,8.905869722366333008e-02,8.066564053297042847e-02,-7.095974683761596680e-02,5.835922807455062866e-02,-4.869384467601776123e-01,-1.240837275981903076e-01,-1.050961017608642578e-01,6.405705809593200684e-01,9.195773862302303314e-03,8.185986429452896118e-02,-1.403558850288391113e-01,-1.836222261190414429e-01,8.314289897680282593e-02,1.633237302303314209e-01,1.498087048530578613e+00,-3.782690735533833504e-03,-1.501051429659128189e-02,-1.811795383691787720e-01,1.544702172279357910e+00
-6.534962177276611328e+00,-2.071383953094482422e+00,6.614706516265869141e-01,1.214577537029981613e-02,1.087270677089691162e-02,-9.997380375862121582e-01,1.606641896069049835e-02,-3.980374708771705627e-02,-3.394418954849243164e-02,9.078339487314224243e-02,5.418342351913452148e-02,-3.500732034444808960e-02,5.660357698798179626e-02,-5.042597651481628418e-01,-1.235374286770820618e-01,-3.489097952842712402e-02,7.646296024322509766e-01,1.208500098437070847e-02,1.154702976346015930e-01,-1.415724456310272217e-01,-2.614387869834899902e-01,1.196035891771316528e-01,1.256478875875473022e-01,1.462153434753417969e+00,9.891847521066665649e-02,-8.580737747251987457e-03,-2.178891003131866455e-01,1.555926799774169922e+00
-6.523942470550537109e+00,-2.068903923034667969e+00,6.621694564819335938e-01,1.072748657315969467e-02,1.096837781369686127e-02,-9.997883439064025879e-01,1.370714977383613586e-02,-4.770192131400108337e-02,-3.040364570915699005e-02,9.512493014335632324e-02,3.314544633030891418e-02,-3.425350179895758629e-03,5.416984483599662781e-02,-5.008593201637268066e-01,-1.169114112854003906e-01,2.953962609171867371e-02,8.605890870094299316e-01,2.412573061883449554e-02,1.468070894479751587e-01,-1.380761861801147461e-01,-3.320637941360473633e-01,1.530558168888092041e-01,9.693864732980728149e-02,1.424382686614990234e+00,1.929749250411987305e-01,-1.247492735274136066e-03,-2.558233141899108887e-01,1.562256455421447754e+00
-6.513636112213134766e+00,-2.066577196121215820e+00,6.624466180801391602e-01,9.294980205595493317e-03,1.041571795940399170e-02,-9.998486042022705078e-01,1.038391701877117157e-02,-5.618813633918762207e-02,-2.801532857120037079e-02,1.004675477743148804e-01,1.653433963656425476e-02,2.498090267181396484e-02,5.225644633173942566e-02,-4.792290925979614258e-01,-1.101461052894592285e-01,7.961293309926986694e-02,9.248780608177185059e-01,4.006251692771911621e-02,1.734839826822280884e-01,-1.340416967868804932e-01,-3.954464197158813477e-01,1.834308058023452759e-01,7.325422763824462891e-02,1.389508962631225586e+00,2.760146260261535645e-01,6.553100887686014175e-03,-2.950749397277832031e-01,1.566386222839355469e+00
-6.503721237182617188e+00,-2.064286231994628906e+00,6.623450517654418945e-01,8.072973228991031647e-03,9.483520872890949249e-03,-9.998975992202758789e-01,7.049501407891511917e-03,-6.629252433776855469e-02,-2.614791877567768097e-02,1.057199388742446899e-01,5.662905052304267883e-03,4.844509437680244446e-02,5.013401433825492859e-02,-4.361578822135925293e-01,-1.084972545504570007e-01,1.083521023392677307e-01,9.532618522644042969e-01,5.595225468277931213e-02,1.939996778964996338e-01,-1.312123686075210571e-01,-4.520698487758636475e-01,2.112743258476257324e-01,4.795581474900245667e-02,1.358979344367980957e+00,3.432121872901916504e-01,1.261923927813768387e-02,-3.342776596546173096e-01,1.569187164306640625e+00
-6.493775367736816406e+00,-2.061721563339233398e+00,6.619055867195129395e-01,6.778532173484563828e-03,7.997991517186164856e-03,-9.999375343322753906e-01,3.879983210936188698e-03,-7.935772836208343506e-02,-2.429490350186824799e-02,1.101369857788085938e-01,7.180076790973544121e-04,6.929273903369903564e-02,4.729424044489860535e-02,-3.769431710243225098e-01,-1.142295524477958679e-01,1.167999356985092163e-01,9.487521648406982422e-01,6.858242303133010864e-02,2.086597234010696411e-01,-1.299286633729934692e-01,-5.007504820823669434e-01,2.351262718439102173e-01,1.827693358063697815e-02,1.333464384078979492e+00,3.951750099658966064e-01,1.672360673546791077e-02,-3.767130672931671143e-01,1.570799946784973145e+00
-6.483730792999267578e+00,-2.058712244033813477e+00,6.611720323562622070e-01,5.553599912673234940e-03,6.384287029504776001e-03,-9.999640583992004395e-01,5.259957979433238506e-04,-9.411481767892837524e-02,-2.175770886242389679e-02,1.151029765605926514e-01,-8.678690452731429049e-20,8.754751831293106079e-02,4.389645159244537354e-02,-3.040001690387725830e-01,-1.290218681097030640e-01,1.022832542657852173e-01,9.119014143943786621e-01,7.282324880361557007e-02,2.189392149448394775e-01,-1.281029731035232544e-01,-5.390546917915344238e-01,2.533678412437438965e-01,-1.269331667572259903e-02,1.312540888786315918e+00,4.312782883644104004e-01,1.896531693637371063e-02,-4.159784913063049316e-01,1.570799946784973145e+00
-6.473225116729736328e+00,-2.055060625076293945e+00,6.601877212524414062e-01,4.672278184443712234e-03,4.505905322730541229e-03,-9.999735951423645020e-01,-3.268697066232562065e-03,-1.107530966401100159e-01,-1.802927628159523010e-02,1.207301765680313110e-01,1.590477492004367666e-14,1.070921272039413452e-01,3.908459097146987915e-02,-2.285531014204025269e-01,-1.450292319059371948e-01,7.438755780458450317e-02,8.523222804069519043e-01,7.225313782691955566e-02,2.235527336597442627e-01,-1.253948062658309937e-01,-5.650470852851867676e-01,2.657738626003265381e-01,-3.500545769929885864e-02,1.298180341720581055e+00,4.487283229827880859e-01,1.893036812543869019e-02,-4.394189715385437012e-01,1.570799946784973145e+00
-6.462152004241943359e+00,-2.051048278808593750e+00,6.590226888656616211e-01,4.003334324806928635e-03,2.769093960523605347e-03,-9.999619722366333008e-01,-7.239605300128459930e-03,-1.299864649772644043e-01,-1.306808553636074066e-02,1.262970566749572754e-01,2.976670162752270699e-03,1.257343292236328125e-01,3.399677947163581848e-02,-1.529162973165512085e-01,-1.562052220106124878e-01,3.755796700716018677e-02,7.731161713600158691e-01,4.923898726701736450e-02,2.157402038574218750e-01,-1.214670389890670776e-01,-5.782720446586608887e-01,2.726719975471496582e-01,-4.359146207571029663e-02,1.291030526161193848e+00,4.498225748538970947e-01,1.683674938976764679e-02,-4.443387985229492188e-01,1.570799946784973145e+00
-6.449887752532958984e+00,-2.046396732330322266e+00,6.575617790222167969e-01,3.346469253301620483e-03,8.765681996010243893e-04,-9.999112486839294434e-01,-1.286598388105630875e-02,-1.502127647399902344e-01,-6.562889553606510162e-03,1.354227364063262939e-01,5.406795069575309753e-03,1.460958123207092285e-01,2.765769697725772858e-02,-8.718566596508026123e-02,-1.559715420007705688e-01,1.108930259943008423e-02,6.887675523757934570e-01,1.178402671939693391e-04,1.955355703830718994e-01,-1.133588477969169617e-01,-5.776972174644470215e-01,2.748813331127166748e-01,-3.574726730585098267e-02,1.290329456329345703e+00,4.320400655269622803e-01,1.193403173238039017e-02,-4.265094995498657227e-01,1.570799946784973145e+00
-6.436398983001708984e+00,-2.040830373764038086e+00,6.558665037155151367e-01,3.100775647908449173e-03,-1.014898298308253288e-03,-9.997881054878234863e-01,-2.032386325299739838e-02,-1.702607274055480957e-01,2.424275968223810196e-03,1.475144177675247192e-01,2.043573651462793350e-03,1.714933961629867554e-01,1.983074098825454712e-02,-3.292859345674514771e-02,-1.452188193798065186e-01,-8.687646128237247467e-03,6.032941937446594238e-01,-8.150003850460052490e-02,1.650630533695220947e-01,-1.014203727245330811e-01,-5.598145723342895508e-01,2.728911042213439941e-01,-9.741361252963542938e-03,1.293034911155700684e+00,3.985498547554016113e-01,6.348630413413047791e-03,-3.887893855571746826e-01,1.570799946784973145e+00
-6.421126365661621094e+00,-2.033647060394287109e+00,6.536678671836853027e-01,3.282630583271384239e-03,-3.312017302960157394e-03,-9.995982646942138672e-01,-2.795632183551788330e-02,-1.948426663875579834e-01,1.443457510322332382e-02,1.598133742809295654e-01,-1.499018774020128135e-18,2.002680897712707520e-01,9.109780192375183105e-03,5.165036767721176147e-03,-1.301280111074447632e-01,-2.313097752630710602e-02,5.347186923027038574e-01,-1.864651888608932495e-01,1.345861703157424927e-01,-8.913582563400268555e-02,-5.267508029937744141e-01,2.667247951030731201e-01,2.924867160618305206e-02,1.299824357032775879e+00,3.442149460315704346e-01,3.604970406740903854e-04,-3.296551108360290527e-01,1.570799946784973145e+00
-6.404353141784667969e+00,-2.025523185729980469e+00,6.505086421966552734e-01,3.859592601656913757e-03,-5.345236510038375854e-03,-9.993836879730224609e-01,-3.447841480374336243e-02,-2.240173816680908203e-01,2.969723939895629883e-02,1.679815351963043213e-01,2.119075222346255924e-18,2.319443821907043457e-01,-2.969031222164630890e-03,2.761325985193252563e-02,-1.115362197160720825e-01,-3.417157009243965149e-02,4.774383306503295898e-01,-2.845793664455413818e-01,1.063987165689468384e-01,-7.734137773513793945e-02,-4.806035757064819336e-01,2.554532289505004883e-01,7.823108136653900146e-02,1.313071012496948242e+00,2.756561040878295898e-01,-2.251499099656939507e-03,-2.644608020782470703e-01,1.569168448448181152e+00
-6.387245178222656250e+00,-2.018140554428100586e+00,6.468248367309570312e-01,5.311014596372842789e-03,-6.137584336102008820e-03,-9.989802241325378418e-01,-4.441393911838531494e-02,-2.548737227916717529e-01,4.978455975651741028e-02,1.692525446414947510e-01,-1.189883077738008957e-18,2.621454000473022461e-01,-1.842909678816795349e-02,2.849794737994670868e-02,-9.259222447872161865e-02,-2.677071653306484222e-02,4.337153136730194092e-01,-3.469265103340148926e-01,8.328283578157424927e-02,-5.591667816042900085e-02,-4.249599277973175049e-01,2.404330968856811523e-01,1.334562152624130249e-01,1.333325266838073730e+00,1.908702999353408813e-01,7.102711824700236320e-04,-2.033783048391342163e-01,1.567401051521301270e+00
-6.371096134185791016e+00,-2.012445926666259766e+00,6.440480351448059082e-01,7.319861557334661484e-03,-6.707868538796901703e-03,-9.976789355278015137e-01,-6.736574321985244751e-02,-2.766056954860687256e-01,7.474894821643829346e-02,1.663911342620849609e-01,-9.840464201345478592e-19,2.762832343578338623e-01,-4.085903242230415344e-02,-5.792495794594287872e-03,-7.819286733865737915e-02,1.763951033353805542e-02,4.350055754184722900e-01,-3.896950781345367432e-01,6.615319103002548218e-02,-7.863469421863555908e-03,-3.607417643070220947e-01,2.198861986398696899e-01,1.910276561975479126e-01,1.362266063690185547e+00,1.003991961479187012e-01,5.906011443585157394e-03,-1.520041823387145996e-01,1.565672397613525391e+00
-6.355166912078857422e+00,-2.007145881652832031e+00,6.437126398086547852e-01,9.527970105409622192e-03,-7.401826325803995132e-03,-9.962142109870910645e-01,-8.609136193990707397e-02,-2.952517271041870117e-01,9.243008494377136230e-02,1.416916996240615845e-01,9.124447591602802277e-03,2.749921977519989014e-01,-6.338638812303543091e-02,-4.444610700011253357e-02,-6.257387995719909668e-02,5.717310309410095215e-02,4.411560893058776855e-01,-4.053212404251098633e-01,5.083229765295982361e-02,3.212825581431388855e-02,-2.958143651485443115e-01,1.952238231897354126e-01,2.345861345529556274e-01,1.395318984985351562e+00,2.056897850707173347e-03,1.184057071805000305e-02,-1.052278280258178711e-01,1.563805460929870605e+00
-6.338160991668701172e+00,-2.002369880676269531e+00,6.456773877143859863e-01,1.139032840728759766e-02,-8.930529467761516571e-03,-9.955738186836242676e-01,-9.286175668239593506e-02,-3.325035870075225830e-01,9.784648567438125610e-02,1.208934783935546875e-01,7.132830470800399780e-02,2.563502490520477295e-01,-7.183346152305603027e-02,-7.326982915401458740e-02,-4.903490841388702393e-02,7.292759418487548828e-02,4.282166361808776855e-01,-3.894486129283905029e-01,3.704213351011276245e-02,5.076934024691581726e-02,-2.263678163290023804e-01,1.634027063846588135e-01,2.501810491085052490e-01,1.428026914596557617e+00,-9.526544064283370972e-02,1.811689138412475586e-02,-6.402382254600524902e-02,1.561938405036926270e+00
-6.321607589721679688e+00,-1.998454689979553223e+00,6.490051150321960449e-01,1.258355099707841873e-02,-1.084485463798046112e-02,-9.957768917083740234e-01,-9.029092639684677124e-02,-3.780370056629180908e-01,9.355925023555755615e-02,1.258464157581329346e-01,1.809149235486984253e-01,2.333603948354721069e-01,-6.418276578187942505e-02,-8.905624598264694214e-02,-4.058539122343063354e-02,6.896442919969558716e-02,3.969649076461791992e-01,-3.550724387168884277e-01,2.544736862182617188e-02,5.501492321491241455e-02,-1.540524065494537354e-01,1.248943731188774109e-01,2.416889518499374390e-01,1.453102231025695801e+00,-1.932907402515411377e-01,2.306074462831020355e-02,-2.775156870484352112e-02,1.559652209281921387e+00
-6.305815219879150391e+00,-1.994542717933654785e+00,6.527905464172363281e-01,1.328034978359937668e-02,-1.290290057659149170e-02,-9.963781237602233887e-01,-8.299288153648376465e-02,-4.276232123374938965e-01,8.818670362234115601e-02,1.350344717502593994e-01,3.272143900394439697e-01,2.044260650873184204e-01,-5.307365581393241882e-02,-9.602193534374237061e-02,-3.464160487055778503e-02,5.427693203091621399e-02,3.524928390979766846e-01,-3.084599971771240234e-01,1.441851351410150528e-02,5.327089503407478333e-02,-7.983131706714630127e-02,8.388065546751022339e-02,2.213869839906692505e-01,1.476706027984619141e+00,-2.822079956531524658e-01,2.548786066472530365e-02,3.563343081623315811e-03,1.550108551979064941e+00
-6.291925430297851562e+00,-1.991135835647583008e+00,6.560116410255432129e-01,1.326273102313280106e-02,-1.480775047093629837e-02,-9.970948100090026855e-01,-7.353071868419647217e-02,-4.737187623977661133e-01,7.729940861463546753e-02,1.250901818275451660e-01,4.901551604270935059e-01,1.720992028713226318e-01,-4.366222023963928223e-02,-9.765665233135223389e-02,-3.096347488462924957e-02,3.446060419082641602e-02,3.079981207847595215e-01,-2.614493966102600098e-01,5.621237680315971375e-03,4.980994760990142822e-02,-6.681156344711780548e-03,4.611912369728088379e-02,1.981826573610305786e-01,1.496448874473571777e+00,-3.654683232307434082e-01,2.437192760407924652e-02,3.514060005545616150e-02,1.529717922210693359e+00
-6.279037475585937500e+00,-1.988486051559448242e+00,6.585239768028259277e-01,1.289370469748973846e-02,-1.620138436555862427e-02,-9.977737665176391602e-01,-6.339409202337265015e-02,-5.088933110237121582e-01,5.763822421431541443e-02,9.994363784790039062e-02,6.430272459983825684e-01,1.424453109502792358e-01,-3.358341753482818604e-02,-9.864751249551773071e-02,-2.835207805037498474e-02,1.352181751281023026e-02,2.668509781360626221e-01,-2.161867767572402954e-01,-1.421057269908487797e-03,4.571443051099777222e-02,6.758291274309158325e-02,1.419174578040838242e-02,1.815648227930068970e-01,1.512814164161682129e+00,-4.426535367965698242e-01,2.170140668749809265e-02,6.580757349729537964e-02,1.507094502449035645e+00
-6.267111778259277344e+00,-1.986207008361816406e+00,6.603101491928100586e-01,1.221297588199377060e-02,-1.690313965082168579e-02,-9.983483552932739258e-01,-5.353184416890144348e-02,-5.284816026687622070e-01,3.336666151881217957e-02,7.325959950685501099e-02,7.789453268051147461e-01,1.172368302941322327e-01,-2.218597941100597382e-02,-9.899179637432098389e-02,-2.549518831074237823e-02,-6.724613718688488007e-03,2.308247685432434082e-01,-1.753914952278137207e-01,-7.690364029258489609e-03,4.149683564901351929e-02,1.404890567064285278e-01,-1.129851117730140686e-02,1.772363185882568359e-01,1.525927662849426270e+00,-5.173908472061157227e-01,1.895126514136791229e-02,9.345974773168563843e-02,1.487281203269958496e+00
-6.255847454071044922e+00,-1.984281659126281738e+00,6.615765094757080078e-01,1.136295218020677567e-02,-1.731973886489868164e-02,-9.988078474998474121e-01,-4.420166462659835815e-02,-5.257119536399841309e-01,1.171104051172733307e-02,5.856670066714286804e-02,8.846188783645629883e-01,9.764797985553741455e-02,-9.761301800608634949e-03,-1.001472920179367065e-01,-2.280285023152828217e-02,-2.574641443789005280e-02,1.979368180036544800e-01,-1.367190033197402954e-01,-1.306870579719543457e-02,3.592180460691452026e-02,2.140315622091293335e-01,-3.308596089482307434e-02,1.849464625120162964e-01,1.533343553543090820e+00,-5.838288068771362305e-01,1.666688174009323120e-02,1.144847124814987183e-01,1.471591472625732422e+00
-6.245360374450683594e+00,-1.982926964759826660e+00,6.622834801673889160e-01,1.056935265660285950e-02,-1.718048006296157837e-02,-9.991574883460998535e-01,-3.574095666408538818e-02,-5.051051974296569824e-01,-1.836215262301266193e-03,5.781319364905357361e-02,9.621761441230773926e-01,8.380582928657531738e-02,2.464791061356663704e-03,-1.027220413088798523e-01,-1.970384456217288971e-02,-4.300867766141891479e-02,1.706077903509140015e-01,-1.022530123591423035e-01,-1.718512549996376038e-02,2.983537316322326660e-02,2.831826210021972656e-01,-5.148913711309432983e-02,1.983685046434402466e-01,1.536762237548828125e+00,-6.445662975311279297e-01,1.490999851375818253e-02,1.328213959932327271e-01,1.461845755577087402e+00
-6.234558582305908203e+00,-1.981989622116088867e+00,6.624920368194580078e-01,9.552081115543842316e-03,-1.682323962450027466e-02,-9.994165897369384766e-01,-2.814617194235324860e-02,-4.650976955890655518e-01,-1.064082607626914978e-02,6.520752608776092529e-02,1.003607034683227539e+00,7.630519568920135498e-02,1.384291797876358032e-02,-1.090316995978355408e-01,-1.754220016300678253e-02,-5.804972350597381592e-02,1.504829227924346924e-01,-7.128775864839553833e-02,-2.083834819495677948e-02,2.322192676365375519e-02,3.481813669204711914e-01,-6.716458499431610107e-02,2.149655222892761230e-01,1.536392450332641602e+00,-6.967597007751464844e-01,1.396969426423311234e-02,1.511271595954895020e-01,1.457210779190063477e+00
-6.224088191986083984e+00,-1.981295824050903320e+00,6.623911857604980469e-01,8.679925464093685150e-03,-1.635855622589588165e-02,-9.995934963226318359e-01,-2.167707122862339020e-02,-4.136908650398254395e-01,-1.667987927794456482e-02,7.673609256744384766e-02,1.014476895332336426e+00,7.296147942543029785e-02,2.369179762899875641e-02,-1.182204857468605042e-01,-1.573225110769271851e-02,-7.072602957487106323e-02,1.373677849769592285e-01,-4.528243839740753174e-02,-2.368306368589401245e-02,1.676354557275772095e-02,4.027262628078460693e-01,-7.975122332572937012e-02,2.311613261699676514e-01,1.534752964973449707e+00,-7.402621507644653320e-01,1.393864862620830536e-02,1.725680083036422729e-01,1.456646203994750977e+00
-6.213407516479492188e+00,-1.981126666069030762e+00,6.619518399238586426e-01,7.778369355946779251e-03,-1.591314747929573059e-02,-9.997083544731140137e-01,-1.641506142914295197e-02,-3.481898903846740723e-01,-2.253596112132072449e-02,9.014108777046203613e-02,9.899865388870239258e-01,6.626340001821517944e-02,3.192638233304023743e-02,-1.318660825490951538e-01,-1.489633787423372269e-02,-8.027362078428268433e-02,1.307283937931060791e-01,-2.176190167665481567e-02,-2.608868852257728577e-02,1.044911611825227737e-02,4.459950327873229980e-01,-8.985442668199539185e-02,2.465788125991821289e-01,1.532825231552124023e+00,-7.737277150154113770e-01,1.478161569684743881e-02,1.931094080209732056e-01,1.458346366882324219e+00
-6.202520370483398438e+00,-1.981563568115234375e+00,6.612611413002014160e-01,6.705179810523986816e-03,-1.540697738528251648e-02,-9.997700452804565430e-01,-1.332527399063110352e-02,-2.770960330963134766e-01,-2.917362377047538757e-02,1.057473719120025635e-01,9.382952451705932617e-01,5.195941776037216187e-02,3.933317214250564575e-02,-1.486234366893768311e-01,-1.516764331609010696e-02,-8.541762828826904297e-02,1.303707808256149292e-01,-1.576753333210945129e-03,-2.701438590884208679e-02,5.672963336110115051e-03,4.748927950859069824e-01,-9.791429340839385986e-02,2.609325349330902100e-01,1.531904220581054688e+00,-7.965278029441833496e-01,1.618274673819541931e-02,2.071211338043212891e-01,1.461668252944946289e+00
-6.190902233123779297e+00,-1.982878327369689941e+00,6.599593162536621094e-01,5.731638520956039429e-03,-1.457618270069360733e-02,-9.998067021369934082e-01,-1.188400108367204666e-02,-2.017228603363037109e-01,-3.752960637211799622e-02,1.219926998019218445e-01,8.611505627632141113e-01,3.371385484933853149e-02,4.588547348976135254e-02,-1.707609593868255615e-01,-1.578027755022048950e-02,-8.677197247743606567e-02,1.357657611370086670e-01,1.830908283591270447e-02,-2.695737965404987335e-02,1.393199898302555084e-03,4.897464513778686523e-01,-1.033516377210617065e-01,2.715746164321899414e-01,1.531579017639160156e+00,-8.067184686660766602e-01,1.772612147033214569e-02,2.115227580070495605e-01,1.463901519775390625e+00
-6.178678035736083984e+00,-1.984556436538696289e+00,6.584562659263610840e-01,4.912469070404767990e-03,-1.362858712673187256e-02,-9.998320341110229492e-01,-1.122482959181070328e-02,-1.303339898586273193e-01,-4.637804999947547913e-02,1.389472037553787231e-01,7.673591971397399902e-01,5.943151190876960754e-03,4.986225813627243042e-02,-1.940785348415374756e-01,-1.695958338677883148e-02,-8.712600171566009521e-02,1.407975256443023682e-01,3.921646624803543091e-02,-2.638655342161655426e-02,-3.423983464017510414e-03,4.898795485496520996e-01,-1.063833907246589661e-01,2.747975289821624756e-01,1.530673980712890625e+00,-8.018767833709716797e-01,1.824434287846088409e-02,2.032418996095657349e-01,1.463029980659484863e+00
-6.164698600769042969e+00,-1.986349225044250488e+00,6.565723419189453125e-01,4.300030414015054703e-03,-1.232811994850635529e-02,-9.998608231544494629e-01,-1.038572192192077637e-02,-6.383883208036422729e-02,-5.652732774615287781e-02,1.525607854127883911e-01,6.650456786155700684e-01,-4.452832415699958801e-02,5.286725237965583801e-02,-2.175551056861877441e-01,-1.724009402096271515e-02,-8.798082917928695679e-02,1.372425705194473267e-01,6.817099452018737793e-02,-2.578906342387199402e-02,-1.017613615840673447e-02,4.729267954826354980e-01,-1.062497943639755249e-01,2.683680355548858643e-01,1.530474424362182617e+00,-7.853817939758300781e-01,1.744956150650978088e-02,1.864229291677474976e-01,1.460213422775268555e+00
-6.149361610412597656e+00,-1.987933397293090820e+00,6.542555689811706543e-01,3.922859672456979752e-03,-1.067132037132978439e-02,-9.998984932899475098e-01,-8.589142002165317535e-03,-8.665007539093494415e-03,-6.819859147071838379e-02,1.537503302097320557e-01,5.627462863922119141e-01,-1.138280257582664490e-01,5.605550482869148254e-02,-2.397894412279129028e-01,-1.675630547106266022e-02,-9.004339575767517090e-02,1.247862502932548523e-01,1.026470288634300232e-01,-2.583605796098709106e-02,-2.076905965805053711e-02,4.402848184108734131e-01,-1.035560816526412964e-01,2.580809593200683594e-01,1.533728361129760742e+00,-7.548368573188781738e-01,1.488751079887151718e-02,1.609219163656234741e-01,1.455329656600952148e+00
-6.130662918090820312e+00,-1.989360690116882324e+00,6.513946652412414551e-01,4.169852007180452347e-03,-8.143707178533077240e-03,-9.999405741691589355e-01,-5.930346436798572540e-03,3.153921291232109070e-02,-7.718798518180847168e-02,1.464645117521286011e-01,4.690890610218048096e-01,-1.865416318178176880e-01,6.076337024569511414e-02,-2.636126875877380371e-01,-1.343754865229129791e-02,-9.029263257980346680e-02,1.058753579854965210e-01,1.315351128578186035e-01,-2.603397518396377563e-02,-3.465071320533752441e-02,3.890711069107055664e-01,-9.650104492902755737e-02,2.448586970567703247e-01,1.541748762130737305e+00,-7.142837047576904297e-01,1.057490706443786621e-02,1.269598901271820068e-01,1.450549125671386719e+00
-6.110093593597412109e+00,-1.990359544754028320e+00,6.482808589935302734e-01,5.173763260245323181e-03,-5.344726145267486572e-03,-9.999691843986511230e-01,-2.503437688574194908e-03,5.499688908457756042e-02,-8.307827264070510864e-02,1.386715620756149292e-01,3.899811804294586182e-01,-2.465382665395736694e-01,6.643052399158477783e-02,-2.910003066062927246e-01,-8.608520030975341797e-03,-8.490844815969467163e-02,9.221395105123519897e-02,1.369421631097793579e-01,-2.611429430544376373e-02,-5.214409157633781433e-02,3.237392306327819824e-01,-8.632521331310272217e-02,2.274693250656127930e-01,1.551606655120849609e+00,-6.598647236824035645e-01,3.492369549348950386e-03,7.801844179630279541e-02,1.449604392051696777e+00
-6.088228225708007812e+00,-1.990270495414733887e+00,6.472835540771484375e-01,6.880248431116342545e-03,-2.608296927064657211e-03,-9.999713897705078125e-01,1.757940161041915417e-03,6.252972781658172607e-02,-8.402976393699645996e-02,1.308363825082778931e-01,3.178397715091705322e-01,-2.690732777118682861e-01,7.023075968027114868e-02,-3.199761807918548584e-01,-4.273253493010997772e-03,-7.676229625940322876e-02,9.363710135221481323e-02,1.063475385308265686e-01,-2.483672276139259338e-02,-7.320739328861236572e-02,2.426160722970962524e-01,-7.173000276088714600e-02,2.019834965467453003e-01,1.560689449310302734e+00,-5.967474579811096191e-01,-4.305957816541194916e-03,2.107901871204376221e-02,1.452121376991271973e+00
-6.067041397094726562e+00,-1.989092111587524414e+00,6.486457586288452148e-01,9.269237518310546875e-03,5.499387625604867935e-04,-9.999414682388305664e-01,5.556360818445682526e-03,5.597139149904251099e-02,-8.009199053049087524e-02,1.245814859867095947e-01,2.579550743103027344e-01,-2.599767744541168213e-01,7.209698855876922607e-02,-3.502189517021179199e-01,-2.384667284786701202e-03,-7.668874412775039673e-02,1.131254211068153381e-01,5.382820963859558105e-02,-2.333488315343856812e-02,-9.577367454767227173e-02,1.530561596155166626e-01,-5.011726543307304382e-02,1.765335351228713989e-01,1.566373229026794434e+00,-5.231125950813293457e-01,-9.654155001044273376e-03,-3.522922471165657043e-02,1.460959434509277344e+00
-6.046850204467773438e+00,-1.987760424613952637e+00,6.513498425483703613e-01,1.151043735444545746e-02,3.679178422316908836e-03,-9.998946785926818848e-01,8.037473075091838837e-03,4.025202244520187378e-02,-7.427965104579925537e-02,1.207838803529739380e-01,2.108161151409149170e-01,-2.316949814558029175e-01,7.368183135986328125e-02,-3.823270797729492188e-01,-6.382047198712825775e-03,-9.792362898588180542e-02,1.590938717126846313e-01,-2.190892118960618973e-03,-2.403790876269340515e-02,-1.155305802822113037e-01,5.853207781910896301e-02,-2.110047452151775360e-02,1.490364819765090942e-01,1.569123864173889160e+00,-4.454053044319152832e-01,-1.109211239963769913e-02,-7.725902646780014038e-02,1.475576519966125488e+00
-6.028949260711669922e+00,-1.986420273780822754e+00,6.542023420333862305e-01,1.348009426146745682e-02,6.071150768548250198e-03,-9.998536705970764160e-01,8.604038506746292114e-03,2.280928939580917358e-02,-6.938993930816650391e-02,1.204697117209434509e-01,1.717224866151809692e-01,-1.960043311119079590e-01,7.485841214656829834e-02,-4.139733910560607910e-01,-1.536402571946382523e-02,-1.256611794233322144e-01,2.289397418498992920e-01,-4.761697724461555481e-02,-2.426152862608432770e-02,-1.285142004489898682e-01,-3.122629970312118530e-02,8.684404194355010986e-03,1.221622452139854431e-01,1.564715385437011719e+00,-3.613755106925964355e-01,-1.124628260731697083e-02,-1.049666851758956909e-01,1.492919564247131348e+00
-6.012636184692382812e+00,-1.985238075256347656e+00,6.568330526351928711e-01,1.472941040992736816e-02,7.955619134008884430e-03,-9.998294711112976074e-01,7.796816527843475342e-03,8.762382902204990387e-03,-6.593050062656402588e-02,1.227461919188499451e-01,1.328171342611312866e-01,-1.550429761409759521e-01,7.651054114103317261e-02,-4.439929127693176270e-01,-2.927783876657485962e-02,-1.390977203845977783e-01,3.234570026397705078e-01,-7.956787198781967163e-02,-1.557974889874458313e-02,-1.384273022413253784e-01,-1.130120605230331421e-01,3.897757083177566528e-02,1.049415767192840576e-01,1.547762155532836914e+00,-2.746195793151855469e-01,-1.064637117087841034e-02,-1.220876947045326233e-01,1.508630871772766113e+00
-5.998547077178955078e+00,-1.984081625938415527e+00,6.590003371238708496e-01,1.528964284807443619e-02,9.733776561915874481e-03,-9.998117685317993164e-01,6.923462264239788055e-03,-5.329367704689502716e-04,-6.223266199231147766e-02,1.249966919422149658e-01,9.412262588739395142e-02,-1.144083440303802490e-01,7.721571624279022217e-02,-4.711234867572784424e-01,-4.463316872715950012e-02,-1.316275596618652344e-01,4.297554790973663330e-01,-9.832286834716796875e-02,1.461380161345005035e-03,-1.473517119884490967e-01,-1.859638690948486328e-01,7.202051579952239990e-02,9.726876765489578247e-02,1.522712469100952148e+00,-1.829146444797515869e-01,-1.106220297515392303e-02,-1.342505514621734619e-01,1.521827936172485352e+00
-5.986269474029541016e+00,-1.982687830924987793e+00,6.607722043991088867e-01,1.519803330302238464e-02,1.155408192425966263e-02,-9.997960925102233887e-01,6.579041481018066406e-03,-6.983047351241111755e-03,-5.810679495334625244e-02,1.262175142765045166e-01,5.755524337291717529e-02,-7.584214210510253906e-02,7.742175459861755371e-02,-4.945921003818511963e-01,-5.942969769239425659e-02,-1.050465553998947144e-01,5.463362932205200195e-01,-1.110252439975738525e-01,2.687930874526500702e-02,-1.561294645071029663e-01,-2.573633790016174316e-01,1.084140688180923462e-01,8.972582221031188965e-02,1.493048787117004395e+00,-9.275486320257186890e-02,-1.286029256880283356e-02,-1.465071737766265869e-01,1.532312393188476562e+00
-5.975509643554687500e+00,-1.980845332145690918e+00,6.619882583618164062e-01,1.486577186733484268e-02,1.325222570449113846e-02,-9.997788071632385254e-01,6.758253090083599091e-03,-1.268004067242145538e-02,-5.317782610654830933e-02,1.262855976819992065e-01,2.745665051043033600e-02,-4.339464381337165833e-02,7.662662118673324585e-02,-5.107488632202148438e-01,-7.105499505996704102e-02,-6.925817579030990601e-02,6.555604934692382812e-01,-1.176312789320945740e-01,5.551740899682044983e-02,-1.645523607730865479e-01,-3.292272388935089111e-01,1.462616026401519775e-01,7.071176171302795410e-02,1.462318539619445801e+00,-2.124191960319876671e-03,-1.585329696536064148e-02,-1.672639250755310059e-01,1.542281389236450195e+00
-5.965845108032226562e+00,-1.978743314743041992e+00,6.627153754234313965e-01,1.424045953899621964e-02,1.456695329397916794e-02,-9.997718930244445801e-01,6.417599972337484360e-03,-1.741897687315940857e-02,-4.843340069055557251e-02,1.274394989013671875e-01,2.034453675150871277e-03,-1.569112576544284821e-02,7.537180185317993164e-02,-5.131138563156127930e-01,-7.936945557594299316e-02,-2.999609522521495819e-02,7.470753192901611328e-01,-1.121485084295272827e-01,8.470753580331802368e-02,-1.699956506490707397e-01,-4.041509032249450684e-01,1.837364733219146729e-01,3.462588414549827576e-02,1.433589339256286621e+00,8.306369930505752563e-02,-1.816000789403915405e-02,-1.941777765750885010e-01,1.551832556724548340e+00
-5.957419395446777344e+00,-1.976605176925659180e+00,6.630824804306030273e-01,1.334765739738941193e-02,1.502126362174749374e-02,-9.997882246971130371e-01,4.440626595169305801e-03,-2.886835671961307526e-02,-4.383222758769989014e-02,1.320862770080566406e-01,1.268761263192264001e-18,-4.085585009306669235e-03,7.361397892236709595e-02,-5.011773109436035156e-01,-8.374859392642974854e-02,8.066841401159763336e-03,8.145399689674377441e-01,-1.007362008094787598e-01,1.108436584472656250e-01,-1.702148467302322388e-01,-4.753046333789825439e-01,2.144969403743743896e-01,-4.558735992759466171e-03,1.409139037132263184e+00,1.638139486312866211e-01,-1.853267475962638855e-02,-2.303699404001235962e-01,1.559603333473205566e+00
-5.949514865875244141e+00,-1.974301934242248535e+00,6.631330251693725586e-01,1.228739693760871887e-02,1.492644473910331726e-02,-9.998122453689575195e-01,1.317430636845529079e-03,-3.940294310450553894e-02,-4.005908593535423279e-02,1.386275440454483032e-01,2.521448339131091292e-18,6.161159370094537735e-03,7.127154618501663208e-02,-4.720958471298217773e-01,-8.856578171253204346e-02,3.740560263395309448e-02,8.554635643959045410e-01,-8.835117518901824951e-02,1.338549405336380005e-01,-1.677958220243453979e-01,-5.399880409240722656e-01,2.397069036960601807e-01,-3.738205879926681519e-02,1.389560103416442871e+00,2.344975918531417847e-01,-1.744332537055015564e-02,-2.707080543041229248e-01,1.564378023147583008e+00
-5.942193984985351562e+00,-1.972066521644592285e+00,6.631024479866027832e-01,1.103302091360092163e-02,1.431760657578706741e-02,-9.998332262039184570e-01,-2.609245246276259422e-03,-4.878380522131919861e-02,-3.710437193512916565e-02,1.465867906808853149e-01,-9.854611264566819886e-18,1.643015071749687195e-02,6.895363330841064453e-02,-4.282712340354919434e-01,-9.550872445106506348e-02,5.553049594163894653e-02,8.689631819725036621e-01,-8.072592318058013916e-02,1.520829051733016968e-01,-1.635993868112564087e-01,-5.947483777999877930e-01,2.600002288818359375e-01,-6.375861912965774536e-02,1.374269843101501465e+00,2.954468727111816406e-01,-1.551724039018154144e-02,-3.121564090251922607e-01,1.567678689956665039e+00
-5.934926509857177734e+00,-1.969613671302795410e+00,6.629942059516906738e-01,9.717560373246669769e-03,1.342730317264795303e-02,-9.998357295989990234e-01,-7.333814632147550583e-03,-5.768036097288131714e-02,-3.412185609340667725e-02,1.559696793556213379e-01,1.373140248199156000e-17,2.758063934743404388e-02,6.631039083003997803e-02,-3.713988363742828369e-01,-1.069391816854476929e-01,5.875156074762344360e-02,8.586093187332153320e-01,-8.045247942209243774e-02,1.660734713077545166e-01,-1.586758047342300415e-01,-6.405160427093505859e-01,2.764236330986022949e-01,-8.760406076908111572e-02,1.362405657768249512e+00,3.446454405784606934e-01,-1.372508332133293152e-02,-3.518760800361633301e-01,1.569504618644714355e+00
-5.927845954895019531e+00,-1.966983079910278320e+00,6.627843379974365234e-01,8.330422453582286835e-03,1.209472212940454483e-02,-9.998096227645874023e-01,-1.284532621502876282e-02,-6.621292233467102051e-02,-3.141746670007705688e-02,1.661614477634429932e-01,-1.355075802353370764e-18,3.961925953626632690e-02,6.325787305831909180e-02,-3.081436157226562500e-01,-1.206357777118682861e-01,5.089560896158218384e-02,8.294169902801513672e-01,-8.470410108566284180e-02,1.767196953296661377e-01,-1.528598517179489136e-01,-6.759677529335021973e-01,2.900082468986511230e-01,-1.105051785707473755e-01,1.354311943054199219e+00,3.809248208999633789e-01,-1.204240880906581879e-02,-3.883802890777587891e-01,1.570799946784973145e+00
-5.920359611511230469e+00,-1.964142441749572754e+00,6.624464392662048340e-01,7.032199762761592865e-03,1.050471700727939606e-02,-9.997401237487792969e-01,-1.897195726633071899e-02,-7.550209015607833862e-02,-2.821725606918334961e-02,1.772199422121047974e-01,1.447472435122457428e-17,5.249880999326705933e-02,5.963445827364921570e-02,-2.416371852159500122e-01,-1.330619007349014282e-01,3.530484437942504883e-02,7.806825041770935059e-01,-9.178545325994491577e-02,1.820211261510848999e-01,-1.461681127548217773e-01,-6.980642676353454590e-01,2.998908758163452148e-01,-1.255390197038650513e-01,1.347676515579223633e+00,4.023026823997497559e-01,-1.105778012424707413e-02,-4.143787324428558350e-01,1.570799946784973145e+00
-5.912525653839111328e+00,-1.961003303527832031e+00,6.618387699127197266e-01,5.992914550006389618e-03,8.475215174257755280e-03,-9.996111392974853516e-01,-2.588010206818580627e-02,-8.503472059965133667e-02,-2.529133856296539307e-02,1.898909956216812134e-01,-9.613325161426939373e-18,6.465048342943191528e-02,5.552146211266517639e-02,-1.759983152151107788e-01,-1.415687948465347290e-01,1.920471899211406708e-02,7.154249548912048340e-01,-9.989176690578460693e-02,1.811370402574539185e-01,-1.382642984390258789e-01,-7.048362493515014648e-01,3.057218790054321289e-01,-1.231202930212020874e-01,1.343570351600646973e+00,4.062037169933319092e-01,-1.172743830829858780e-02,-4.221082031726837158e-01,1.570799946784973145e+00
-5.903885841369628906e+00,-1.957234621047973633e+00,6.610385179519653320e-01,5.033672787249088287e-03,6.207208614796400070e-03,-9.994416236877441406e-01,-3.244263678789138794e-02,-9.653152525424957275e-02,-2.080044895410537720e-02,2.013030350208282471e-01,-1.115698315079379792e-18,7.917995750904083252e-02,5.028851702809333801e-02,-1.123091429471969604e-01,-1.453481614589691162e-01,-1.572901383042335510e-03,6.357734203338623047e-01,-1.215774863958358765e-01,1.737474948167800903e-01,-1.305415630340576172e-01,-6.991820335388183594e-01,3.083772957324981689e-01,-1.061741635203361511e-01,1.342888712882995605e+00,3.953361213207244873e-01,-1.348533295094966888e-02,-4.133461117744445801e-01,1.570799946784973145e+00
-5.894729614257812500e+00,-1.953208208084106445e+00,6.601532101631164551e-01,4.411289468407630920e-03,4.154652822762727737e-03,-9.992542266845703125e-01,-3.813532367348670959e-02,-1.104215607047080994e-01,-1.558860484510660172e-02,2.106274217367172241e-01,2.897454039915033211e-18,9.642679244279861450e-02,4.480599984526634216e-02,-5.569705739617347717e-02,-1.417650282382965088e-01,-2.319223433732986450e-02,5.477154850959777832e-01,-1.497770696878433228e-01,1.600964069366455078e-01,-1.235182955861091614e-01,-6.795409321784973145e-01,3.089488446712493896e-01,-7.798415422439575195e-02,1.342836737632751465e+00,3.704816102981567383e-01,-1.562714762985706329e-02,-3.879634439945220947e-01,1.570799946784973145e+00
-5.884100914001464844e+00,-1.948745846748352051e+00,6.590186953544616699e-01,4.195664543658494949e-03,1.984758768230676651e-03,-9.990467429161071777e-01,-4.340530186891555786e-02,-1.277454942464828491e-01,-9.074807167053222656e-03,2.188638746738433838e-01,-2.834919185606024319e-18,1.179439648985862732e-01,3.885515034198760986e-02,-1.064605824649333954e-02,-1.327371448278427124e-01,-4.171385616064071655e-02,4.691173136234283447e-01,-2.015850991010665894e-01,1.425359696149826050e-01,-1.147346943616867065e-01,-6.482037901878356934e-01,3.063205182552337646e-01,-4.527532681822776794e-02,1.343770623207092285e+00,3.359414339065551758e-01,-1.694465056061744690e-02,-3.532603681087493896e-01,1.570799946784973145e+00
-5.871998310089111328e+00,-1.943743824958801270e+00,6.575047373771667480e-01,4.238111432641744614e-03,-4.880605265498161316e-04,-9.988258481025695801e-01,-4.825669527053833008e-02,-1.487079858779907227e-01,-1.348991529084742069e-03,2.265259921550750732e-01,6.369280376900656184e-18,1.435600519180297852e-01,3.202211111783981323e-02,1.724636927247047424e-02,-1.198780685663223267e-01,-5.378840118646621704e-02,4.097883999347686768e-01,-2.621040940284729004e-01,1.227038800716400146e-01,-1.034785881638526917e-01,-6.011298298835754395e-01,2.984978854656219482e-01,-2.536753425374627113e-03,1.341606736183166504e+00,2.882594466209411621e-01,-1.654605194926261902e-02,-3.067051172256469727e-01,1.570799946784973145e+00
-5.857316970825195312e+00,-1.937838315963745117e+00,6.552560925483703613e-01,4.929090384393930435e-03,-2.170138293877243996e-03,-9.986553192138671875e-01,-5.156122893095016479e-02,-1.769974827766418457e-01,1.020714454352855682e-02,2.304020822048187256e-01,3.579182386376123946e-18,1.776063442230224609e-01,2.448780275881290436e-02,2.899379469454288483e-02,-1.019625365734100342e-01,-6.248574331402778625e-02,3.584933578968048096e-01,-3.000622093677520752e-01,1.010299026966094971e-01,-9.095251560211181641e-02,-5.452822446823120117e-01,2.867655456066131592e-01,4.584680870175361633e-02,1.342722773551940918e+00,2.322137504816055298e-01,-1.183888502418994904e-02,-2.540052235126495361e-01,1.570204615592956543e+00
-5.841478824615478516e+00,-1.932404875755310059e+00,6.528253555297851562e-01,6.498348899185657501e-03,-2.917964244261384010e-03,-9.983954429626464844e-01,-5.617621913552284241e-02,-2.098378986120223999e-01,2.478159405291080475e-02,2.327913939952850342e-01,2.663244958966970444e-04,2.189358621835708618e-01,1.645227894186973572e-02,1.900145970284938812e-02,-8.486603945493698120e-02,-6.122075393795967102e-02,3.285943567752838135e-01,-3.145382702350616455e-01,8.172882348299026489e-02,-7.264059782028198242e-02,-4.815731048583984375e-01,2.719637155532836914e-01,9.766393154859542847e-02,1.345260977745056152e+00,1.641652733087539673e-01,-3.356300760060548782e-03,-1.967700272798538208e-01,1.568955779075622559e+00
-5.826049327850341797e+00,-1.928296327590942383e+00,6.508775353431701660e-01,8.713685907423496246e-03,-3.559317905455827713e-03,-9.972348213195800781e-01,-7.371655106544494629e-02,-2.357221841812133789e-01,4.468270391225814819e-02,2.397640943527221680e-01,-7.437655870081636259e-20,2.443141341209411621e-01,3.081241855397820473e-03,-2.273996546864509583e-02,-7.284504175186157227e-02,-2.735279686748981476e-02,3.405047059059143066e-01,-3.222228288650512695e-01,6.651020795106887817e-02,-2.788184210658073425e-02,-4.157892763614654541e-01,2.535827457904815674e-01,1.446714997291564941e-01,1.356461405754089355e+00,8.913183957338333130e-02,5.226959940046072006e-03,-1.406825035810470581e-01,1.567337155342102051e+00
-5.811048507690429688e+00,-1.924219608306884766e+00,6.505409479141235352e-01,1.138828881084918976e-02,-4.739827010780572891e-03,-9.960279464721679688e-01,-8.818262815475463867e-02,-2.666968405246734619e-01,6.373690813779830933e-02,2.236946523189544678e-01,1.230272650718688965e-02,2.523780763149261475e-01,-1.494837831705808640e-02,-6.544792652130126953e-02,-5.999714136123657227e-02,2.748811617493629456e-03,3.526596426963806152e-01,-3.156924247741699219e-01,5.249546468257904053e-02,9.519575163722038269e-03,-3.433291912078857422e-01,2.300346791744232178e-01,1.854726672172546387e-01,1.371748924255371094e+00,1.077829045243561268e-03,1.338234357535839081e-02,-8.418586105108261108e-02,1.565604686737060547e+00
-5.795746326446533203e+00,-1.919359445571899414e+00,6.519167423248291016e-01,1.388501282781362534e-02,-6.417530588805675507e-03,-9.956247210502624512e-01,-9.218158572912216187e-02,-3.113046586513519287e-01,7.731158286333084106e-02,2.000618875026702881e-01,6.619983911514282227e-02,2.377052605152130127e-01,-2.916586771607398987e-02,-9.340205043554306030e-02,-4.774022102355957031e-02,1.257152482867240906e-02,3.412566781044006348e-01,-2.908762097358703613e-01,3.805164247751235962e-02,2.609656378626823425e-02,-2.719220221042633057e-01,2.024146169424057007e-01,2.172499299049377441e-01,1.387972593307495117e+00,-8.655325323343276978e-02,2.122368849813938141e-02,-3.732126578688621521e-02,1.563794136047363281e+00
-5.782206058502197266e+00,-1.914788126945495605e+00,6.542567610740661621e-01,1.567090302705764771e-02,-8.508729748427867889e-03,-9.958620071411132812e-01,-8.911158889532089233e-02,-3.584051132202148438e-01,8.274630457162857056e-02,1.852944344282150269e-01,1.480311304330825806e-01,2.159657329320907593e-01,-3.394326940178871155e-02,-1.085128039121627808e-01,-3.850651532411575317e-02,8.102736435830593109e-03,3.157073557376861572e-01,-2.585549354553222656e-01,2.455787360668182373e-02,2.968560531735420227e-02,-2.024766057729721069e-01,1.721574962139129639e-01,2.337848246097564697e-01,1.403250932693481445e+00,-1.663472205400466919e-01,2.764489315450191498e-02,-6.749881431460380554e-03,1.562261581420898438e+00
-5.768252372741699219e+00,-1.910206556320190430e+00,6.569876074790954590e-01,1.634802483022212982e-02,-1.108639594167470932e-02,-9.964775443077087402e-01,-8.150018751621246338e-02,-4.091531932353973389e-01,8.183736354112625122e-02,1.851540207862854004e-01,2.758669555187225342e-01,1.922807395458221436e-01,-2.860127948224544525e-02,-1.134971007704734802e-01,-3.224926814436912537e-02,-5.001628305763006210e-03,2.766062021255493164e-01,-2.176957875490188599e-01,1.227719802409410477e-02,2.816813997924327850e-02,-1.301527172327041626e-01,1.387008577585220337e-01,2.291716933250427246e-01,1.419685363769531250e+00,-2.444353252649307251e-01,3.173236176371574402e-02,9.198661893606185913e-03,1.559626817703247070e+00
-5.755952358245849609e+00,-1.906160712242126465e+00,6.594551205635070801e-01,1.618295349180698395e-02,-1.382628642022609711e-02,-9.971160292625427246e-01,-7.284596562385559082e-02,-4.566123187541961670e-01,7.787185907363891602e-02,1.822318285703659058e-01,4.185234606266021729e-01,1.658043116331100464e-01,-2.209086902439594269e-02,-1.129047796130180359e-01,-2.882839925587177277e-02,-2.041608095169067383e-02,2.357933968305587769e-01,-1.785281896591186523e-01,1.639987807720899582e-03,2.718897350132465363e-02,-6.277963519096374512e-02,1.068274527788162231e-01,2.093732506036758423e-01,1.438846826553344727e+00,-3.160545527935028076e-01,3.202349320054054260e-02,2.258560620248317719e-02,1.551097273826599121e+00
-5.745353221893310547e+00,-1.902995824813842773e+00,6.614901423454284668e-01,1.547764241695404053e-02,-1.628760062158107758e-02,-9.976446032524108887e-01,-6.481062620878219604e-02,-4.956931471824645996e-01,6.901372224092483521e-02,1.673661768436431885e-01,5.631068944931030273e-01,1.393649429082870483e-01,-1.727118529379367828e-02,-1.107324287295341492e-01,-2.686833590269088745e-02,-3.564683720469474792e-02,1.980542242527008057e-01,-1.419760137796401978e-01,-6.613997276872396469e-03,2.851409278810024261e-02,2.242288974230177701e-05,7.897944748401641846e-02,1.867303103208541870e-01,1.458195567131042480e+00,-3.814070522785186768e-01,2.933043614029884338e-02,3.963931277394294739e-02,1.538705229759216309e+00
-5.736097812652587891e+00,-1.900965332984924316e+00,6.629494428634643555e-01,1.458362210541963577e-02,-1.844254136085510254e-02,-9.980596303939819336e-01,-5.765579640865325928e-02,-5.196872949600219727e-01,5.489562824368476868e-02,1.467895954847335815e-01,6.881371140480041504e-01,1.190408393740653992e-01,-1.311614178121089935e-02,-1.085433512926101685e-01,-2.688797377049922943e-02,-5.074640735983848572e-02,1.670461297035217285e-01,-1.128168627619743347e-01,-1.230197865515947342e-02,3.110699169337749481e-02,6.331440806388854980e-02,5.319250375032424927e-02,1.685286760330200195e-01,1.477486133575439453e+00,-4.418984055519104004e-01,2.530135214328765869e-02,5.908484384417533875e-02,1.523264169692993164e+00
-5.727730751037597656e+00,-1.900027990341186523e+00,6.639770865440368652e-01,1.333486009389162064e-02,-1.982918381690979004e-02,-9.983887672424316406e-01,-5.146712437272071838e-02,-5.232300162315368652e-01,3.893173113465309143e-02,1.294604390859603882e-01,7.860608696937561035e-01,1.038725450634956360e-01,-8.874626830220222473e-03,-1.064372807741165161e-01,-2.744740620255470276e-02,-6.423129886388778687e-02,1.426541358232498169e-01,-9.373076260089874268e-02,-1.605204865336418152e-02,3.338077291846275330e-02,1.245865970849990845e-01,2.982030250132083893e-02,1.605417579412460327e-01,1.494178414344787598e+00,-4.973146319389343262e-01,2.209212630987167358e-02,7.728008180856704712e-02,1.510747313499450684e+00
-5.720273494720458984e+00,-1.899773716926574707e+00,6.646743416786193848e-01,1.199241541326045990e-02,-2.083135396242141724e-02,-9.986290335655212402e-01,-4.649995639920234680e-02,-5.105103850364685059e-01,2.399459481239318848e-02,1.183731406927108765e-01,8.567090630531311035e-01,8.866287767887115479e-02,-3.580853808671236038e-03,-1.062890812754631042e-01,-2.843021787703037262e-02,-7.455827295780181885e-02,1.255270391702651978e-01,-8.114223927259445190e-02,-1.865115948021411896e-02,3.479073569178581238e-02,1.875316947698593140e-01,7.533953525125980377e-03,1.678793728351593018e-01,1.507938861846923828e+00,-5.489220619201660156e-01,2.069352939724922180e-02,9.420204162597656250e-02,1.501382946968078613e+00
-5.713410854339599609e+00,-1.899695634841918945e+00,6.649777293205261230e-01,1.074606645852327347e-02,-2.130202762782573700e-02,-9.988085031509399414e-01,-4.257147386670112610e-02,-4.827506244182586670e-01,1.158621907234191895e-02,1.148035973310470581e-01,9.008533358573913574e-01,7.185567915439605713e-02,2.539045643061399460e-03,-1.079231724143028259e-01,-2.872837893664836884e-02,-8.319148421287536621e-02,1.119600161910057068e-01,-6.598934531211853027e-02,-2.042319253087043762e-02,3.567257523536682129e-02,2.488483339548110962e-01,-1.321500912308692932e-02,1.853081434965133667e-01,1.517111897468566895e+00,-5.936778187751770020e-01,2.037764340639114380e-02,1.085139960050582886e-01,1.495169997215270996e+00
-5.707916736602783203e+00,-1.899909377098083496e+00,6.651198863983154297e-01,9.287787601351737976e-03,-2.152469940483570099e-02,-9.989545941352844238e-01,-3.924440965056419373e-02,-4.464186728000640869e-01,2.036894904449582100e-03,1.168640181422233582e-01,9.204643368721008301e-01,5.350933969020843506e-02,8.101348765194416046e-03,-1.098896265029907227e-01,-2.892971411347389221e-02,-9.017446637153625488e-02,1.006115525960922241e-01,-4.952990636229515076e-02,-2.179033868014812469e-02,3.515541926026344299e-02,3.047971725463867188e-01,-3.059339523315429688e-02,2.060212194919586182e-01,1.520441770553588867e+00,-6.306607127189636230e-01,2.104093134403228760e-02,1.214154213666915894e-01,1.491647958755493164e+00
-5.702037811279296875e+00,-1.900254726409912109e+00,6.648973226547241211e-01,8.154756389558315277e-03,-2.142049372196197510e-02,-9.990891218185424805e-01,-3.599424660205841064e-02,-3.923907279968261719e-01,-6.761547178030014038e-03,1.248076260089874268e-01,9.075425267219543457e-01,2.892332337796688080e-02,1.390867400914430618e-02,-1.125363186001777649e-01,-2.921072393655776978e-02,-9.746329486370086670e-02,8.916555345058441162e-02,-2.839464694261550903e-02,-2.264310978353023529e-02,3.374397382140159607e-02,3.578380644321441650e-01,-4.571003839373588562e-02,2.280559241771697998e-01,1.518959403038024902e+00,-6.641743183135986328e-01,2.201346866786479950e-02,1.377567052841186523e-01,1.490522265434265137e+00
-5.696681976318359375e+00,-1.900938987731933594e+00,6.644465327262878418e-01,6.819714792072772980e-03,-2.081171795725822449e-02,-9.992096424102783203e-01,-3.317257761955261230e-02,-3.309625685214996338e-01,-1.453683339059352875e-02,1.328759789466857910e-01,8.698579668998718262e-01,4.322382155805826187e-03,1.812433451414108276e-02,-1.165011748671531677e-01,-2.928996272385120392e-02,-1.036383807659149170e-01,8.050837367773056030e-02,-5.081128329038619995e-03,-2.255261316895484924e-02,3.160600364208221436e-02,3.995171785354614258e-01,-5.864383652806282043e-02,2.456076145172119141e-01,1.516864538192749023e+00,-6.919115781784057617e-01,2.348755113780498505e-02,1.555660367012023926e-01,1.491485834121704102e+00
-5.691185474395751953e+00,-1.901910901069641113e+00,6.637403368949890137e-01,5.705046001821756363e-03,-1.974653638899326324e-02,-9.993096590042114258e-01,-3.094711899757385254e-02,-2.614618241786956787e-01,-2.164720371365547180e-02,1.424258798360824585e-01,8.048364520072937012e-01,-2.353692054748535156e-02,2.130484022200107574e-02,-1.231430694460868835e-01,-2.915789000689983368e-02,-1.085204109549522400e-01,7.472326606512069702e-02,1.847323030233383179e-02,-2.208664827048778534e-02,2.926512248814105988e-02,4.302119314670562744e-01,-6.832196563482284546e-02,2.589019834995269775e-01,1.513754129409790039e+00,-7.109818458557128906e-01,2.465417981147766113e-02,1.694645881652832031e-01,1.493809938430786133e+00
-5.685142040252685547e+00,-1.903075337409973145e+00,6.628709435462951660e-01,4.732416942715644836e-03,-1.812730729579925537e-02,-9.994041919708251953e-01,-2.898761443793773651e-02,-1.907021105289459229e-01,-2.908060327172279358e-02,1.501992493867874146e-01,7.223978042602539062e-01,-5.080359801650047302e-02,2.374822460114955902e-02,-1.310116648674011230e-01,-2.812669239938259125e-02,-1.123340725898742676e-01,7.061548531055450439e-02,3.984243422746658325e-02,-2.168462425470352173e-02,2.499199286103248596e-02,4.485892653465270996e-01,-7.478143274784088135e-02,2.698788642883300781e-01,1.508950352668762207e+00,-7.215942144393920898e-01,2.634887024760246277e-02,1.763122826814651489e-01,1.496391892433166504e+00
-5.678444385528564453e+00,-1.904637336730957031e+00,6.618556976318359375e-01,3.848137799650430679e-03,-1.583137549459934235e-02,-9.994994997978210449e-01,-2.711685188114643097e-02,-1.212790980935096741e-01,-3.589908406138420105e-02,1.538525521755218506e-01,6.264910697937011719e-01,-8.846744894981384277e-02,2.517274953424930573e-02,-1.401897221803665161e-01,-2.604116499423980713e-02,-1.154850721359252930e-01,6.664632260799407959e-02,5.952630192041397095e-02,-2.088066376745700836e-02,1.931662857532501221e-02,4.555407464504241943e-01,-7.810457050800323486e-02,2.760137617588043213e-01,1.504438877105712891e+00,-7.236143350601196289e-01,2.779364772140979767e-02,1.768152713775634766e-01,1.499040722846984863e+00
-5.670876502990722656e+00,-1.906695604324340820e+00,6.607018113136291504e-01,3.124524140730500221e-03,-1.303934305906295776e-02,-9.995978474617004395e-01,-2.498829364776611328e-02,-5.901104956865310669e-02,-4.147424176335334778e-02,1.525223851203918457e-01,5.308333039283752441e-01,-1.360062807798385620e-01,2.624332904815673828e-02,-1.505201309919357300e-01,-2.371439151465892792e-02,-1.193953230977058411e-01,6.179530173540115356e-02,7.936157286167144775e-02,-1.964826695621013641e-02,1.225354801863431931e-02,4.456992447376251221e-01,-7.782411575317382812e-02,2.714464962482452393e-01,1.501556992530822754e+00,-7.152897119522094727e-01,2.795670926570892334e-02,1.722130179405212402e-01,1.499420642852783203e+00
-5.661623954772949219e+00,-1.909299254417419434e+00,6.592430472373962402e-01,2.864518901333212852e-03,-9.712753817439079285e-03,-9.997144937515258789e-01,-2.164261601865291595e-02,-6.064001936465501785e-03,-4.594371467828750610e-02,1.463845968246459961e-01,4.353554844856262207e-01,-1.844090968370437622e-01,2.838935330510139465e-02,-1.632461994886398315e-01,-2.147495560348033905e-02,-1.261605322360992432e-01,5.480081215500831604e-02,1.021515429019927979e-01,-1.776853390038013458e-02,2.759917406365275383e-03,4.214084446430206299e-01,-7.391321659088134766e-02,2.571527361869812012e-01,1.501843929290771484e+00,-6.960966587066650391e-01,2.506431564688682556e-02,1.596176028251647949e-01,1.497330069541931152e+00
-5.650693416595458984e+00,-1.912190794944763184e+00,6.574313640594482422e-01,2.832023426890373230e-03,-5.924899131059646606e-03,-9.998443126678466797e-01,-1.637855917215347290e-02,3.050336241722106934e-02,-4.695022106170654297e-02,1.365344822406768799e-01,3.514455258846282959e-01,-2.160328477621078491e-01,3.100777044892311096e-02,-1.789965927600860596e-01,-1.989418081939220428e-02,-1.364630013704299927e-01,4.896118491888046265e-02,1.256599277257919312e-01,-1.572466827929019928e-02,-1.022005267441272736e-02,3.790693283081054688e-01,-6.599289923906326294e-02,2.328585535287857056e-01,1.507050871849060059e+00,-6.654484272003173828e-01,1.869570463895797729e-02,1.372055858373641968e-01,1.494143486022949219e+00
-5.639206886291503906e+00,-1.915120244026184082e+00,6.554079651832580566e-01,3.307254752144217491e-03,-2.887285081669688225e-03,-9.999343156814575195e-01,-1.058789994567632675e-02,5.112301930785179138e-02,-4.726247861981391907e-02,1.257794350385665894e-01,2.808721363544464111e-01,-2.268860340118408203e-01,3.459982573986053467e-02,-1.986302137374877930e-01,-2.052313461899757385e-02,-1.473505496978759766e-01,4.588611796498298645e-02,1.491676717996597290e-01,-1.378357876092195511e-02,-2.407427504658699036e-02,3.317349553108215332e-01,-5.818298459053039551e-02,2.063678354024887085e-01,1.512286782264709473e+00,-6.311452388763427734e-01,1.135953515768051147e-02,1.112680807709693909e-01,1.491437792778015137e+00
-5.625293254852294922e+00,-1.918278217315673828e+00,6.537147760391235352e-01,4.706813953816890717e-03,-1.251838402822613716e-03,-9.999839663505554199e-01,2.879578387364745140e-03,4.882097616791725159e-02,-4.898389056324958801e-02,9.991995245218276978e-02,2.337904721498489380e-01,-2.231685072183609009e-01,4.072591289877891541e-02,-2.172052413225173950e-01,-2.778888493776321411e-02,-1.661213636398315430e-01,3.846843168139457703e-02,1.711513847112655640e-01,-9.742221795022487640e-03,-5.486956983804702759e-02,2.653274238109588623e-01,-4.736374318599700928e-02,1.700307577848434448e-01,1.516764640808105469e+00,-5.849709510803222656e-01,-1.871595159173011780e-03,8.200241625308990479e-02,1.491958856582641602e+00
-5.611719131469726562e+00,-1.921890258789062500e+00,6.534645557403564453e-01,6.459190975874662399e-03,6.412770599126815796e-04,-9.997823834419250488e-01,1.982438378036022186e-02,3.316139057278633118e-02,-5.055728554725646973e-02,6.610104441642761230e-02,2.036829143762588501e-01,-2.072035223245620728e-01,4.865851253271102905e-02,-2.355687320232391357e-01,-3.715870156884193420e-02,-1.712027192115783691e-01,3.713563084602355957e-02,1.776720136404037476e-01,-6.961250328458845615e-04,-9.400495141744613647e-02,1.938037872314453125e-01,-3.149473667144775391e-02,1.309940367937088013e-01,1.521737813949584961e+00,-5.366742014884948730e-01,-1.178207341581583023e-02,5.522019043564796448e-02,1.497452855110168457e+00
-5.598278522491455078e+00,-1.924530029296875000e+00,6.543442010879516602e-01,8.151699788868427277e-03,2.875669393688440323e-03,-9.995443820953369141e-01,2.891986444592475891e-02,1.681692898273468018e-02,-5.109907686710357666e-02,4.735343158245086670e-02,1.765771955251693726e-01,-1.822993457317352295e-01,5.481652542948722839e-02,-2.633920311927795410e-01,-4.411850124597549438e-02,-1.483558267354965210e-01,5.745752900838851929e-02,1.695794016122817993e-01,1.175701711326837540e-02,-1.195257827639579773e-01,1.163801848888397217e-01,-9.804269298911094666e-03,8.966132998466491699e-02,1.527808070182800293e+00,-4.827433526515960693e-01,-1.683367975056171417e-02,2.941062487661838531e-02,1.508059382438659668e+00
-5.584917545318603516e+00,-1.926347017288208008e+00,6.558048725128173828e-01,9.223851375281810760e-03,5.086114630103111267e-03,-9.995128512382507324e-01,2.937886677682399750e-02,3.830861998721957207e-03,-5.142325907945632935e-02,4.562938958406448364e-02,1.472982019186019897e-01,-1.512595117092132568e-01,5.982180684804916382e-02,-2.941315770149230957e-01,-4.702629894018173218e-02,-1.149181798100471497e-01,9.756118059158325195e-02,1.554260700941085815e-01,2.346137538552284241e-02,-1.298560649156570435e-01,4.268968850374221802e-02,1.232829596847295761e-02,5.328117311000823975e-02,1.531049370765686035e+00,-4.254907667636871338e-01,-1.851904019713401794e-02,4.994236398488283157e-03,1.518614411354064941e+00
-5.572151184082031250e+00,-1.927599191665649414e+00,6.574012041091918945e-01,1.001014281064271927e-02,6.947978399693965912e-03,-9.996082782745361328e-01,2.519629895687103271e-02,-6.229401566088199615e-03,-5.132652074098587036e-02,5.291941761970520020e-02,1.180740520358085632e-01,-1.190701723098754883e-01,6.399133801460266113e-02,-3.212283253669738770e-01,-4.752576351165771484e-02,-8.940004557371139526e-02,1.542674303054809570e-01,1.389436274766921997e-01,3.227842971682548523e-02,-1.331776082515716553e-01,-2.524113282561302185e-02,3.533860668540000916e-02,3.037855029106140137e-02,1.526782870292663574e+00,-3.655375838279724121e-01,-1.859426870942115784e-02,-1.184224244207143784e-02,1.526706695556640625e+00
-5.560333251953125000e+00,-1.928338766098022461e+00,6.589691042900085449e-01,1.030854787677526474e-02,8.809463120996952057e-03,-9.997211694717407227e-01,1.933217234909534454e-02,-1.437462121248245239e-02,-5.019130557775497437e-02,6.408616900444030762e-02,9.067928791046142578e-02,-8.787199109792709351e-02,6.685729324817657471e-02,-3.471887707710266113e-01,-5.091006308794021606e-02,-7.314404845237731934e-02,2.292905747890472412e-01,1.202339306473731995e-01,4.194680228829383850e-02,-1.331340670585632324e-01,-8.712586760520935059e-02,6.045899912714958191e-02,1.810467801988124847e-02,1.518209099769592285e+00,-3.076612651348114014e-01,-1.923276670277118683e-02,-1.653352379798889160e-02,1.533585667610168457e+00
-5.549940109252929688e+00,-1.928801774978637695e+00,6.603578925132751465e-01,1.044657081365585327e-02,1.032110117375850677e-02,-9.998028874397277832e-01,1.336354203522205353e-02,-2.225773595273494720e-02,-4.888172075152397156e-02,7.557380199432373047e-02,6.878288090229034424e-02,-6.115355715155601501e-02,6.913978606462478638e-02,-3.733691871166229248e-01,-5.767174065113067627e-02,-5.711375176906585693e-02,3.155921399593353271e-01,1.020136848092079163e-01,5.512088909745216370e-02,-1.323706805706024170e-01,-1.481292396783828735e-01,8.988839387893676758e-02,5.613567307591438293e-03,1.505543828010559082e+00,-2.490729689598083496e-01,-2.083763107657432556e-02,-1.691049709916114807e-02,1.539562702178955078e+00
-5.541088581085205078e+00,-1.929286837577819824e+00,6.613548398017883301e-01,1.034355908632278442e-02,1.146244350820779800e-02,-9.998565912246704102e-01,6.962693762034177780e-03,-2.891952358186244965e-02,-4.784203693270683289e-02,8.719506859779357910e-02,5.197565630078315735e-02,-3.951736539602279663e-02,7.100523263216018677e-02,-3.956602215766906738e-01,-6.536990404129028320e-02,-3.496938571333885193e-02,4.019292891025543213e-01,8.680183440446853638e-02,7.183549553155899048e-02,-1.296930462121963501e-01,-2.052637934684753418e-01,1.184440925717353821e-01,-9.904691949486732483e-03,1.490288972854614258e+00,-1.903872936964035034e-01,-2.372052520513534546e-02,-2.586826682090759277e-02,1.545038104057312012e+00
-5.533833026885986328e+00,-1.929769635200500488e+00,6.618771553039550781e-01,9.995479136705398560e-03,1.144027430564165115e-02,-9.998846054077148438e-01,-1.363241608487442136e-04,-3.374220803380012512e-02,-4.884466528892517090e-02,9.978284686803817749e-02,3.920114785432815552e-02,-2.298335731029510498e-02,7.268268615007400513e-02,-4.104286134243011475e-01,-7.285466045141220093e-02,-7.352394517511129379e-03,4.764623939990997314e-01,7.605127990245819092e-02,8.966936916112899780e-02,-1.249278262257575989e-01,-2.576328814029693604e-01,1.453524380922317505e-01,-2.220471575856208801e-02,1.473531842231750488e+00,-1.296262443065643311e-01,-2.763254381716251373e-02,-4.848679900169372559e-02,1.551109552383422852e+00
-5.527787208557128906e+00,-1.930182218551635742e+00,6.621241569519042969e-01,9.363980963826179504e-03,1.082883961498737335e-02,-9.998674392700195312e-01,-7.755190134048461914e-03,-3.678315877914428711e-02,-5.072702467441558838e-02,1.126173660159111023e-01,2.886326983571052551e-02,-9.467081166803836823e-03,7.374796271324157715e-02,-4.151331782341003418e-01,-7.997182011604309082e-02,2.069347538053989410e-02,5.366827845573425293e-01,6.586304306983947754e-02,1.069167628884315491e-01,-1.191077753901481628e-01,-3.016716837882995605e-01,1.685150563716888428e-01,-2.556407265365123749e-02,1.456698417663574219e+00,-7.388474047183990479e-02,-3.147979080677032471e-02,-7.254678755998611450e-02,1.557269215583801270e+00
-5.522524833679199219e+00,-1.930288076400756836e+00,6.622396707534790039e-01,8.349770680069923401e-03,9.663746692240238190e-03,-9.997988343238830566e-01,-1.546413265168666840e-02,-3.846335038542747498e-02,-5.289470404386520386e-02,1.251137405633926392e-01,2.040853165090084076e-02,1.226251013576984406e-03,7.454667985439300537e-02,-4.092938601970672607e-01,-8.689074218273162842e-02,4.327879101037979126e-02,5.794209241867065430e-01,5.357478931546211243e-02,1.217187717556953430e-01,-1.145141646265983582e-01,-3.365362882614135742e-01,1.883934736251831055e-01,-1.471633277833461761e-02,1.439753770828247070e+00,-2.513545006513595581e-02,-3.451138362288475037e-02,-8.783832192420959473e-02,1.561978220939636230e+00
-5.517859935760498047e+00,-1.930037975311279297e+00,6.622885465621948242e-01,7.342088036239147186e-03,8.426083251833915710e-03,-9.996810555458068848e-01,-2.264757826924324036e-02,-3.984691575169563293e-02,-5.453610420227050781e-02,1.366421133279800415e-01,1.375846099108457565e-02,1.043867506086826324e-02,7.414811849594116211e-02,-3.925492763519287109e-01,-9.481802582740783691e-02,5.536874011158943176e-02,6.046446561813354492e-01,3.828072920441627502e-02,1.324280202388763428e-01,-1.113140657544136047e-01,-3.625939488410949707e-01,2.050373703241348267e-01,1.801987644284963608e-03,1.425194621086120605e+00,1.820038631558418274e-02,-3.684026375412940979e-02,-1.016739904880523682e-01,1.564565777778625488e+00
-5.513800621032714844e+00,-1.929303288459777832e+00,6.623740196228027344e-01,6.358684506267309189e-03,7.234001532196998596e-03,-9.995216131210327148e-01,-2.939098142087459564e-02,-4.107387363910675049e-02,-5.514248833060264587e-02,1.480247229337692261e-01,8.755281567573547363e-03,1.776166632771492004e-02,7.330970466136932373e-02,-3.684954643249511719e-01,-1.026915758848190308e-01,5.845608934760093689e-02,6.131512522697448730e-01,2.020560391247272491e-02,1.390177309513092041e-01,-1.089948937296867371e-01,-3.819831311702728271e-01,2.188299000263214111e-01,1.584194228053092957e-02,1.412235736846923828e+00,5.881440266966819763e-02,-3.951089084148406982e-02,-1.202705800533294678e-01,1.566360950469970703e+00
-5.509992122650146484e+00,-1.927946925163269043e+00,6.624383926391601562e-01,5.428124684840440750e-03,6.135452538728713989e-03,-9.993354678153991699e-01,-3.551730513572692871e-02,-4.288176447153091431e-02,-5.418552458286285400e-02,1.586273163557052612e-01,5.879129283130168915e-03,2.382683195173740387e-02,7.113602757453918457e-02,-3.369787037372589111e-01,-1.093709245324134827e-01,5.488091334700584412e-02,6.032357215881347656e-01,-7.345303893089294434e-04,1.416119635105133057e-01,-1.072005927562713623e-01,-3.944162428379058838e-01,2.290250509977340698e-01,2.643762342631816864e-02,1.400543332099914551e+00,9.390157461166381836e-02,-4.177187383174896240e-02,-1.408670097589492798e-01,1.567462921142578125e+00
-5.506541728973388672e+00,-1.926319003105163574e+00,6.624918580055236816e-01,4.620964173227548599e-03,5.007470026612281799e-03,-9.991453886032104492e-01,-4.076849669218063354e-02,-4.466265067458152771e-02,-5.288546532392501831e-02,1.676296442747116089e-01,3.557414282113313675e-03,2.924080006778240204e-02,6.834217160940170288e-02,-2.997068762779235840e-01,-1.143577843904495239e-01,4.707948118448257446e-02,5.769287943840026855e-01,-2.839964441955089569e-02,1.401739418506622314e-01,-1.062751114368438721e-01,-3.992970287799835205e-01,2.353598028421401978e-01,3.905598819255828857e-02,1.391199827194213867e+00,1.221606805920600891e-01,-4.329035058617591858e-02,-1.605691462755203247e-01,1.567933678627014160e+00
-5.503386974334716797e+00,-1.924248933792114258e+00,6.626140475273132324e-01,3.699276829138398170e-03,3.990661818534135818e-03,-9.989337325096130371e-01,-4.584584385156631470e-02,-4.516538605093955994e-02,-5.096238479018211365e-02,1.765319854021072388e-01,1.362218899885192513e-04,3.461382910609245300e-02,6.488243490457534790e-02,-2.575395703315734863e-01,-1.164471656084060669e-01,3.485737740993499756e-02,5.358411669731140137e-01,-6.654279679059982300e-02,1.344634890556335449e-01,-1.043036431074142456e-01,-3.979400992393493652e-01,2.378826886415481567e-01,5.542848631739616394e-02,1.385848164558410645e+00,1.427503079175949097e-01,-4.342680796980857849e-02,-1.779823750257492065e-01,1.568548679351806641e+00
-5.500528335571289062e+00,-1.921725273132324219e+00,6.626585721969604492e-01,3.040860639885067940e-03,2.880494575947523117e-03,-9.987205862998962402e-01,-5.039508640766143799e-02,-4.715941101312637329e-02,-4.786542057991027832e-02,1.843331605195999146e-01,1.942590629339538595e-19,3.776399791240692139e-02,6.038205325603485107e-02,-2.141781896352767944e-01,-1.148577556014060974e-01,1.950010843575000763e-02,4.819653034210205078e-01,-1.061950996518135071e-01,1.251349300146102905e-01,-1.019937768578529358e-01,-3.892585635185241699e-01,2.366964221000671387e-01,7.786917686462402344e-02,1.384758949279785156e+00,1.561631262302398682e-01,-4.200017079710960388e-02,-1.910007894039154053e-01,1.568729162216186523e+00
-5.497557163238525391e+00,-1.918402552604675293e+00,6.627173423767089844e-01,2.542134840041399002e-03,1.451030839234590530e-03,-9.985137581825256348e-01,-5.442110449075698853e-02,-4.967551678419113159e-02,-4.413535445928573608e-02,1.912473589181900024e-01,9.550198252594495651e-19,4.154633358120918274e-02,5.490660667419433594e-02,-1.714586913585662842e-01,-1.089395806193351746e-01,4.180037882179021835e-03,4.184581339359283447e-01,-1.445630341768264771e-01,1.121244132518768311e-01,-9.951030462980270386e-02,-3.744209706783294678e-01,2.323963195085525513e-01,1.030681282281875610e-01,1.387556552886962891e+00,1.622992604970932007e-01,-3.974857553839683533e-02,-1.976895034313201904e-01,1.568709731101989746e+00
-5.494594097137451172e+00,-1.914563894271850586e+00,6.626487374305725098e-01,2.058978192508220673e-03,-1.092294405680149794e-04,-9.982938170433044434e-01,-5.835415795445442200e-02,-5.197646468877792358e-02,-4.002159088850021362e-02,1.986518353223800659e-01,-9.215251109080695228e-19,4.529887065291404724e-02,4.840674996376037598e-02,-1.337009519338607788e-01,-9.848417341709136963e-02,-3.900075098499655724e-03,3.508636653423309326e-01,-1.710340380668640137e-01,9.734459966421127319e-02,-9.599123150110244751e-02,-3.546219468116760254e-01,2.251365333795547485e-01,1.257912367582321167e-01,1.394398212432861328e+00,1.625892519950866699e-01,-3.667053580284118652e-02,-1.982403695583343506e-01,1.568551301956176758e+00
-5.491340160369873047e+00,-1.910176277160644531e+00,6.623980998992919922e-01,1.659542554989457130e-03,-2.165251411497592926e-03,-9.979780912399291992e-01,-6.349983811378479004e-02,-5.452829599380493164e-02,-3.554809838533401489e-02,2.085131257772445679e-01,3.205136948547567849e-19,4.879193380475044250e-02,4.104194045066833496e-02,-1.038035675883293152e-01,-8.599612861871719360e-02,1.274699170608073473e-04,2.824147045612335205e-01,-1.749458461999893188e-01,8.129327744245529175e-02,-8.917168527841567993e-02,-3.316329121589660645e-01,2.157736718654632568e-01,1.429592072963714600e-01,1.402298927307128906e+00,1.569589227437973022e-01,-3.295955061912536621e-02,-1.897570192813873291e-01,1.568153738975524902e+00
-5.487856388092041016e+00,-1.905492424964904785e+00,6.621171236038208008e-01,1.442032167688012123e-03,-4.557575564831495285e-03,-9.975757002830505371e-01,-6.942559033632278442e-02,-5.706521123647689819e-02,-3.094689548015594482e-02,2.197777628898620605e-01,-1.167907990789772086e-18,5.300002917647361755e-02,3.298716992139816284e-02,-8.310799300670623779e-02,-7.426334172487258911e-02,8.363646455109119415e-03,2.239432185888290405e-01,-1.662025600671768188e-01,6.553231179714202881e-02,-8.079563081264495850e-02,-3.014510273933410645e-01,2.043677568435668945e-01,1.600616872310638428e-01,1.410375833511352539e+00,1.447786688804626465e-01,-2.943278662860393524e-02,-1.703714430332183838e-01,1.567851781845092773e+00
-5.484328269958496094e+00,-1.900313735008239746e+00,6.620010733604431152e-01,1.390991383232176304e-03,-7.250946946442127228e-03,-9.971756935119628906e-01,-7.474070787429809570e-02,-6.111729145050048828e-02,-2.580798789858818054e-02,2.298211604356765747e-01,-3.049880472546557865e-18,6.054423376917839050e-02,2.406217157840728760e-02,-7.124357670545578003e-02,-6.451204419136047363e-02,1.641845330595970154e-02,1.792741566896438599e-01,-1.524544954299926758e-01,5.108851566910743713e-02,-7.346525043249130249e-02,-2.674969136714935303e-01,1.914451569318771362e-01,1.787276715040206909e-01,1.418975353240966797e+00,1.260001361370086670e-01,-2.603407017886638641e-02,-1.417457163333892822e-01,1.567558169364929199e+00
-5.480495929718017578e+00,-1.895148992538452148e+00,6.619553565979003906e-01,1.649442710913717747e-03,-8.494089357554912567e-03,-9.968574643135070801e-01,-7.874217629432678223e-02,-6.582897156476974487e-02,-1.811706833541393280e-02,2.376585751771926880e-01,4.091774217856353177e-18,6.837704032659530640e-02,1.570100151002407074e-02,-6.718135625123977661e-02,-5.419473350048065186e-02,2.290359511971473694e-02,1.500988751649856567e-01,-1.394746899604797363e-01,3.828008845448493958e-02,-6.893795728683471680e-02,-2.300546616315841675e-01,1.779028922319412231e-01,1.998235136270523071e-01,1.429818511009216309e+00,1.007591038942337036e-01,-1.834610477089881897e-02,-1.079739555716514587e-01,1.566636800765991211e+00
-5.476350784301757812e+00,-1.890174627304077148e+00,6.617448925971984863e-01,2.044495660811662674e-03,-8.659457787871360779e-03,-9.966605901718139648e-01,-8.116967231035232544e-02,-7.204047590494155884e-02,-8.230502717196941376e-03,2.430301159620285034e-01,5.190613764871289713e-18,7.615070044994354248e-02,7.365082856267690659e-03,-6.810513883829116821e-02,-4.280294850468635559e-02,2.748554944992065430e-02,1.326413005590438843e-01,-1.292517632246017456e-01,2.717168442904949188e-02,-6.580943614244461060e-02,-1.936696171760559082e-01,1.637539416551589966e-01,2.195598483085632324e-01,1.442303895950317383e+00,7.249762862920761108e-02,-7.042539305984973907e-03,-7.665456086397171021e-02,1.565302252769470215e+00
-5.472081184387207031e+00,-1.885271668434143066e+00,6.615468859672546387e-01,2.422466175630688667e-03,-8.470038883388042450e-03,-9.965765476226806641e-01,-8.220453560352325439e-02,-7.894026488065719604e-02,2.136328024789690971e-03,2.455218583345413208e-01,1.549743557133411175e-17,8.374565094709396362e-02,-5.156963597983121872e-04,-7.152338325977325439e-02,-3.175643831491470337e-02,3.011477924883365631e-02,1.230523586273193359e-01,-1.227523982524871826e-01,1.669795811176300049e-02,-6.267096847295761108e-02,-1.586403399705886841e-01,1.464353650808334351e-01,2.361120134592056274e-01,1.457938432693481445e+00,4.278347268700599670e-02,5.420424509793519974e-03,-5.066469684243202209e-02,1.562153100967407227e+00
-5.467872142791748047e+00,-1.880438208580017090e+00,6.612941026687622070e-01,2.687932923436164856e-03,-8.446349762380123138e-03,-9.965479373931884766e-01,-8.254484087228775024e-02,-8.513544499874114990e-02,1.192909758538007736e-02,2.472555935382843018e-01,6.171167725062062120e-18,9.131484478712081909e-02,-8.253805339336395264e-03,-7.672321051359176636e-02,-2.146882191300392151e-02,3.154110163450241089e-02,1.217103451490402222e-01,-1.217879876494407654e-01,6.713706534355878830e-03,-5.777653679251670837e-02,-1.276767253875732422e-01,1.263603121042251587e-01,2.461350262165069580e-01,1.473799109458923340e+00,1.389356888830661774e-02,1.688758842647075653e-02,-2.840627357363700867e-02,1.556044816970825195e+00
-5.464377880096435547e+00,-1.876024246215820312e+00,6.610097885131835938e-01,3.007618477568030357e-03,-8.302217349410057068e-03,-9.964107871055603027e-01,-8.418793976306915283e-02,-9.022234380245208740e-02,2.128364890813827515e-02,2.510459721088409424e-01,-5.921125087957695255e-18,9.699252247810363770e-02,-1.558061502873897552e-02,-8.546476066112518311e-02,-1.174089498817920685e-02,3.619799390435218811e-02,1.292420178651809692e-01,-1.278044134378433228e-01,-2.436997601762413979e-03,-4.781917482614517212e-02,-9.864414483308792114e-02,1.041446253657341003e-01,2.501293122768402100e-01,1.489514112472534180e+00,-1.348528172820806503e-02,2.776887640357017517e-02,-7.121395785361528397e-03,1.548581480979919434e+00
-5.461238861083984375e+00,-1.871968865394592285e+00,6.606681346893310547e-01,3.362536896020174026e-03,-8.207501843571662903e-03,-9.960961341857910156e-01,-8.782849460840225220e-02,-9.322868287563323975e-02,2.998434379696846008e-02,2.575737833976745605e-01,-1.220449986311257558e-17,1.008810549974441528e-01,-2.275291085243225098e-02,-9.731110185384750366e-02,-2.481464762240648270e-03,4.476371407508850098e-02,1.440923213958740234e-01,-1.382225900888442993e-01,-1.039501000195741653e-02,-3.227879479527473450e-02,-7.331860810518264771e-02,8.161771297454833984e-02,2.502286136150360107e-01,1.504517674446105957e+00,-4.035875946283340454e-02,3.789510577917098999e-02,1.452988106757402420e-02,1.542718768119812012e+00
-5.458527088165283203e+00,-1.868453621864318848e+00,6.603837013244628906e-01,3.607217688113451004e-03,-8.361694402992725372e-03,-9.957180619239807129e-01,-9.199222922325134277e-02,-9.516663849353790283e-02,3.742766752839088440e-02,2.653443217277526855e-01,-7.731839165267911343e-18,1.038164570927619934e-01,-2.892629057168960571e-02,-1.102216690778732300e-01,5.937177222222089767e-03,5.367124825716018677e-02,1.622809171676635742e-01,-1.482422500848770142e-01,-1.757050491869449615e-02,-1.445519179105758667e-02,-4.753858596086502075e-02,5.789871886372566223e-02,2.477125078439712524e-01,1.516546010971069336e+00,-6.686361134052276611e-02,4.818763211369514465e-02,3.706305101513862610e-02,1.538972020149230957e+00
-5.456179141998291016e+00,-1.865417242050170898e+00,6.600397825241088867e-01,3.744188463315367699e-03,-8.626307360827922821e-03,-9.953885674476623535e-01,-9.546315670013427734e-02,-9.677109867334365845e-02,4.358176141977310181e-02,2.717869579792022705e-01,1.070919637081372937e-17,1.066377088427543640e-01,-3.422494605183601379e-02,-1.219420060515403748e-01,1.267210487276315689e-02,6.049431487917900085e-02,1.789397746324539185e-01,-1.561264693737030029e-01,-2.347253449261188507e-02,1.626237644813954830e-03,-2.321610227227210999e-02,3.424075245857238770e-02,2.462104856967926025e-01,1.525584936141967773e+00,-9.120185673236846924e-02,5.771933495998382568e-02,5.710951238870620728e-02,1.536877036094665527e+00
-5.454307079315185547e+00,-1.862920522689819336e+00,6.596626639366149902e-01,3.744056448340415955e-03,-8.893890306353569031e-03,-9.951162338256835938e-01,-9.823723137378692627e-02,-9.704668819904327393e-02,4.838563501834869385e-02,2.778967916965484619e-01,1.419083265627392497e-17,1.060191318392753601e-01,-3.864646330475807190e-02,-1.326096057891845703e-01,1.802779547870159149e-02,6.598484516143798828e-02,1.959786564111709595e-01,-1.629395633935928345e-01,-2.817325852811336517e-02,1.631118357181549072e-02,-5.890619941055774689e-04,1.182788610458374023e-02,2.489322423934936523e-01,1.534060835838317871e+00,-1.140229329466819763e-01,6.656315922737121582e-02,7.142691314220428467e-02,1.536297440528869629e+00
-5.453945159912109375e+00,-1.861430525779724121e+00,6.594216823577880859e-01,3.686547745019197464e-03,-9.069217368960380554e-03,-9.950118660926818848e-01,-9.927532076835632324e-02,-9.633683413267135620e-02,5.102234706282615662e-02,2.828532755374908447e-01,-1.646686147074420827e-17,1.037774458527565002e-01,-4.124106839299201965e-02,-1.404490023851394653e-01,2.171905711293220520e-02,6.821175664663314819e-02,2.110124677419662476e-01,-1.698096543550491333e-01,-3.133272752165794373e-02,2.593734860420227051e-02,1.798800937831401825e-02,-8.111719042062759399e-03,2.544685304164886475e-01,1.541803598403930664e+00,-1.327511072158813477e-01,7.373852282762527466e-02,8.075731247663497925e-02,1.536455154418945312e+00
-5.454449176788330078e+00,-1.860472917556762695e+00,6.592952609062194824e-01,3.399711800739169121e-03,-9.435956366360187531e-03,-9.952398538589477539e-01,-9.693843871355056763e-02,-9.585112333297729492e-02,5.139004066586494446e-02,2.830533683300018311e-01,-2.766665618132130069e-18,1.034336313605308533e-01,-4.255365952849388123e-02,-1.435256898403167725e-01,2.242654375731945038e-02,6.348270177841186523e-02,2.228951156139373779e-01,-1.772227734327316284e-01,-3.324576094746589661e-02,2.822715975344181061e-02,3.330313786864280701e-02,-2.677024155855178833e-02,2.633115947246551514e-01,1.549229860305786133e+00,-1.480090916156768799e-01,7.994551956653594971e-02,8.665400743484497070e-02,1.535544037818908691e+00
-5.453966140747070312e+00,-1.859027981758117676e+00,6.597104668617248535e-01,2.832595491781830788e-03,-1.110668294131755829e-02,-9.958519935607910156e-01,-9.026330709457397461e-02,-9.062704443931579590e-02,4.447619244456291199e-02,2.756832540035247803e-01,-7.343435681463024645e-18,9.798257052898406982e-02,-4.107555374503135681e-02,-1.395285427570343018e-01,1.947972178459167480e-02,5.073526129126548767e-02,2.219680249691009521e-01,-1.776667088270187378e-01,-3.554342687129974365e-02,2.386821806430816650e-02,4.333975538611412048e-02,-4.592644423246383667e-02,2.697157859802246094e-01,1.556507468223571777e+00,-1.587832570075988770e-01,8.173614740371704102e-02,8.882798999547958374e-02,1.533687233924865723e+00
-5.453688621520996094e+00,-1.857649207115173340e+00,6.604436039924621582e-01,2.159642055630683899e-03,-1.348092593252658844e-02,-9.964649081230163574e-01,-8.289327472448348999e-02,-8.352985233068466187e-02,3.454267978668212891e-02,2.626679539680480957e-01,7.750707672028128750e-19,9.331744909286499023e-02,-3.877494856715202332e-02,-1.328181922435760498e-01,1.464235316962003708e-02,3.618964552879333496e-02,2.139215916395187378e-01,-1.712706983089447021e-01,-3.767932578921318054e-02,1.706423424184322357e-02,4.871729016304016113e-02,-6.294397264719009399e-02,2.738473117351531982e-01,1.559776425361633301e+00,-1.654313653707504272e-01,8.104154467582702637e-02,8.835461735725402832e-02,1.531696557998657227e+00
-5.453135013580322266e+00,-1.856143474578857422e+00,6.613687872886657715e-01,1.519329030998051167e-03,-1.599275134503841400e-02,-9.970223903656005859e-01,-7.542054355144500732e-02,-7.692278921604156494e-02,2.350499480962753296e-02,2.438027262687683105e-01,9.766013361513614655e-03,8.294741064310073853e-02,-3.642792627215385437e-02,-1.244559288024902344e-01,9.379708208143711090e-03,2.104496397078037262e-02,1.999424248933792114e-01,-1.595585495233535767e-01,-3.972937911748886108e-02,1.042084954679012299e-02,5.014881491661071777e-02,-7.727384567260742188e-02,2.787511348724365234e-01,1.560305237770080566e+00,-1.686269640922546387e-01,7.822214066982269287e-02,8.610083162784576416e-02,1.531211495399475098e+00
-5.453168392181396484e+00,-1.855231046676635742e+00,6.622954607009887695e-01,8.552890503779053688e-04,-1.855237782001495361e-02,-9.974277019500732422e-01,-6.923169642686843872e-02,-7.602202147245407104e-02,1.447493489831686020e-02,2.246698886156082153e-01,3.649005666375160217e-02,6.242423132061958313e-02,-3.417582809925079346e-02,-1.158868372440338135e-01,4.480733070522546768e-03,7.932169362902641296e-03,1.841476410627365112e-01,-1.462348103523254395e-01,-4.137790948152542114e-02,4.091253969818353653e-03,4.823393747210502625e-02,-8.720779418945312500e-02,2.829518616199493408e-01,1.559813141822814941e+00,-1.697001159191131592e-01,7.454124838113784790e-02,8.448867499828338623e-02,1.532615303993225098e+00
-5.452517032623291016e+00,-1.854395270347595215e+00,6.630633473396301270e-01,3.517577424645423889e-04,-2.053242176771163940e-02,-9.978058934211730957e-01,-6.294216215610504150e-02,-7.013960182666778564e-02,6.031129043549299240e-03,2.030340880155563354e-01,6.100558117032051086e-02,3.388254716992378235e-02,-3.248901665210723877e-02,-1.066095903515815735e-01,-2.893225173465907574e-04,-5.445317830890417099e-03,1.669108271598815918e-01,-1.313610374927520752e-01,-4.256492480635643005e-02,-3.463003551587462425e-03,4.161304235458374023e-02,-9.215104579925537109e-02,2.796746492385864258e-01,1.558980464935302734e+00,-1.698795408010482788e-01,7.094141095876693726e-02,8.474271744489669800e-02,1.538424253463745117e+00
-5.452346801757812500e+00,-1.853931069374084473e+00,6.637014150619506836e-01,-1.861977070802822709e-04,-2.159986644983291626e-02,-9.981259703636169434e-01,-5.725365504622459412e-02,-6.115552037954330444e-02,3.973256389144808054e-05,1.831750571727752686e-01,7.476277649402618408e-02,7.190683390945196152e-03,-3.195567429065704346e-02,-9.649039804935455322e-02,-3.123745787888765335e-03,-1.777535676956176758e-02,1.490805000066757202e-01,-1.177720278501510620e-01,-4.283858090639114380e-02,-1.119246054440736771e-02,3.270938619971275330e-02,-9.406576305627822876e-02,2.706427276134490967e-01,1.557432889938354492e+00,-1.680942028760910034e-01,6.799127161502838135e-02,8.537687361240386963e-02,1.546054363250732422e+00
-5.451952457427978516e+00,-1.853711843490600586e+00,6.639311313629150391e-01,-6.493650726042687893e-04,-2.180648222565650940e-02,-9.984308481216430664e-01,-5.157461389899253845e-02,-5.019667372107505798e-02,-2.671855734661221504e-03,1.673156172037124634e-01,7.152804732322692871e-02,-3.137277439236640930e-03,-3.231104463338851929e-02,-8.681038022041320801e-02,-4.118153825402259827e-03,-2.933041937649250031e-02,1.318873316049575806e-01,-1.066192388534545898e-01,-4.283608868718147278e-02,-1.995229348540306091e-02,2.250082045793533325e-02,-9.285355359315872192e-02,2.581106424331665039e-01,1.554983139038085938e+00,-1.655610203742980957e-01,6.620068103075027466e-02,8.401303738355636597e-02,1.552219271659851074e+00
-5.451813220977783203e+00,-1.853783607482910156e+00,6.640433073043823242e-01,-9.829456685110926628e-04,-2.117031440138816833e-02,-9.987254142761230469e-01,-4.580821469426155090e-02,-4.085300117731094360e-02,-4.167545586824417114e-03,1.542162895202636719e-01,5.931187793612480164e-02,-2.426886931061744690e-03,-3.137232735753059387e-02,-7.676654309034347534e-02,-3.787260502576828003e-03,-4.091025888919830322e-02,1.150894761085510254e-01,-9.746625274419784546e-02,-4.270501434803009033e-02,-2.938905544579029083e-02,1.022125873714685440e-02,-9.011773765087127686e-02,2.413204908370971680e-01,1.552911996841430664e+00,-1.604308485984802246e-01,6.488911062479019165e-02,7.923915982246398926e-02,1.555822491645812988e+00
-5.451626300811767578e+00,-1.854621887207031250e+00,6.640088558197021484e-01,-1.187421497888863087e-03,-2.019193209707736969e-02,-9.990000128746032715e-01,-3.987304866313934326e-02,-3.469235077500343323e-02,-5.999093409627676010e-03,1.424059569835662842e-01,4.631004109978675842e-02,1.361732138320803642e-03,-2.907284349203109741e-02,-6.747829169034957886e-02,-3.725501941516995430e-03,-5.225156992673873901e-02,9.902244061231613159e-02,-8.877605944871902466e-02,-4.114232212305068970e-02,-3.864344581961631775e-02,-3.839662531390786171e-03,-8.666528761386871338e-02,2.212944179773330688e-01,1.552055597305297852e+00,-1.534122079610824585e-01,6.369699537754058838e-02,7.098891586065292358e-02,1.557754158973693848e+00
-5.451684474945068359e+00,-1.855815291404724121e+00,6.639181375503540039e-01,-1.281876699067652225e-03,-1.905250735580921173e-02,-9.992204308509826660e-01,-3.455343842506408691e-02,-3.047633729875087738e-02,-7.524034008383750916e-03,1.319261342287063599e-01,3.503421321511268616e-02,5.927312653511762619e-03,-2.635008655488491058e-02,-5.983341857790946960e-02,-3.841280238702893257e-03,-6.241075694561004639e-02,8.673452585935592651e-02,-8.272445201873779297e-02,-3.907880932092666626e-02,-4.649589210748672485e-02,-1.854892075061798096e-02,-8.363474160432815552e-02,1.987608671188354492e-01,1.551454901695251465e+00,-1.441069245338439941e-01,6.265598535537719727e-02,6.140682846307754517e-02,1.558950424194335938e+00
-5.451747894287109375e+00,-1.856948614120483398e+00,6.639159917831420898e-01,-1.279647811315953732e-03,-1.794050820171833038e-02,-9.993636012077331543e-01,-3.080434165894985199e-02,-2.916352078318595886e-02,-8.070150390267372131e-03,1.241123899817466736e-01,3.037950210273265839e-02,7.694629020988941193e-03,-2.378017641603946686e-02,-5.359843745827674866e-02,-3.803426399827003479e-03,-7.026484608650207520e-02,7.620479911565780640e-02,-7.750543951988220215e-02,-3.710408881306648254e-02,-5.068228393793106079e-02,-3.134315088391304016e-02,-8.164373040199279785e-02,1.782664060592651367e-01,1.548785567283630371e+00,-1.340290158987045288e-01,6.168589368462562561e-02,5.255989357829093933e-02,1.559315800666809082e+00
-5.451695442199707031e+00,-1.858201980590820312e+00,6.639072895050048828e-01,-1.223027473315596581e-03,-1.692917384207248688e-02,-9.994336366653442383e-01,-2.905808947980403900e-02,-2.976421080529689789e-02,-8.596861734986305237e-03,1.204004660248756409e-01,3.032588586211204529e-02,7.033989764750003815e-03,-2.144880406558513641e-02,-4.988250508904457092e-02,-3.645415185019373894e-03,-7.388749718666076660e-02,6.847150623798370361e-02,-7.259739190340042114e-02,-3.476423397660255432e-02,-5.154921859502792358e-02,-4.053624346852302551e-02,-7.923609763383865356e-02,1.633435338735580444e-01,1.543092489242553711e+00,-1.232485324144363403e-01,6.150516495108604431e-02,4.541229084134101868e-02,1.559535026550292969e+00
-5.451692581176757812e+00,-1.859513998031616211e+00,6.639117598533630371e-01,-1.040648552589118481e-03,-1.617134921252727509e-02,-9.994310140609741211e-01,-2.958223782479763031e-02,-2.927999570965766907e-02,-9.553475305438041687e-03,1.211638376116752625e-01,2.993611246347427368e-02,6.060616578906774521e-03,-1.908389665186405182e-02,-4.824101552367210388e-02,-4.354790318757295609e-03,-7.333541661500930786e-02,6.258187443017959595e-02,-6.798905879259109497e-02,-3.260864317417144775e-02,-4.980583116412162781e-02,-4.570985585451126099e-02,-7.702025026082992554e-02,1.552072167396545410e-01,1.534824013710021973e+00,-1.138823106884956360e-01,6.184881925582885742e-02,4.209047555923461914e-02,1.559561967849731445e+00
-5.451629161834716797e+00,-1.860769391059875488e+00,6.639105081558227539e-01,-1.052036881446838379e-03,-1.570948027074337006e-02,-9.993987679481506348e-01,-3.088944591581821442e-02,-2.809207886457443237e-02,-1.045471895486116409e-02,1.234011501073837280e-01,2.888369187712669373e-02,5.091094877570867538e-03,-1.713801734149456024e-02,-4.693718999624252319e-02,-5.098618101328611374e-03,-7.113906741142272949e-02,5.710844695568084717e-02,-6.312883645296096802e-02,-3.051407262682914734e-02,-4.929037392139434814e-02,-4.739351198077201843e-02,-7.507818192243576050e-02,1.520998179912567139e-01,1.526408553123474121e+00,-1.070231124758720398e-01,6.193319708108901978e-02,4.174607247114181519e-02,1.559561848640441895e+00
-5.451625823974609375e+00,-1.861962199211120605e+00,6.639003753662109375e-01,-9.366116719320416451e-04,-1.515944581478834152e-02,-9.993491172790527344e-01,-3.272140398621559143e-02,-2.672556228935718536e-02,-1.164427865296602249e-02,1.266417503356933594e-01,2.718112990260124207e-02,4.808831028640270233e-03,-1.506784185767173767e-02,-4.589037224650382996e-02,-5.799944978207349777e-03,-6.808418035507202148e-02,5.233669281005859375e-02,-5.910892039537429810e-02,-2.841701544821262360e-02,-5.069075897336006165e-02,-4.704035073518753052e-02,-7.353445887565612793e-02,1.518739461898803711e-01,1.520928978919982910e+00,-1.016330346465110779e-01,6.276296824216842651e-02,4.116440564393997192e-02,1.559427022933959961e+00
-5.451918125152587891e+00,-1.863277196884155273e+00,6.639496088027954102e-01,-9.644778911024332047e-04,-1.476844400167465210e-02,-9.992842674255371094e-01,-3.481283038854598999e-02,-2.376695349812507629e-02,-1.329825259745121002e-02,1.306267976760864258e-01,2.365900203585624695e-02,5.138948559761047363e-03,-1.298802811652421951e-02,-4.522498324513435364e-02,-7.116758264601230621e-03,-6.449162214994430542e-02,4.869387298822402954e-02,-5.575946345925331116e-02,-2.614621259272098541e-02,-5.279288440942764282e-02,-4.629523679614067078e-02,-7.267920672893524170e-02,1.506265699863433838e-01,1.520579576492309570e+00,-9.704955667257308960e-02,6.400788575410842896e-02,3.780544549226760864e-02,1.559401512145996094e+00
-5.452265739440917969e+00,-1.864537358283996582e+00,6.638781428337097168e-01,-8.978096302598714828e-04,-1.430341787636280060e-02,-9.992031455039978027e-01,-3.725232928991317749e-02,-1.978841237723827362e-02,-1.470965240150690079e-02,1.355220377445220947e-01,1.837364025413990021e-02,6.107176188379526138e-03,-1.093624532222747803e-02,-4.512648656964302063e-02,-8.066746406257152557e-03,-5.991954728960990906e-02,4.644814133644104004e-02,-5.305205285549163818e-02,-2.408720739185810089e-02,-5.472246184945106506e-02,-4.581592604517936707e-02,-7.285816967487335205e-02,1.469063907861709595e-01,1.524249792098999023e+00,-9.293176978826522827e-02,6.524373590946197510e-02,3.357478231191635132e-02,1.559557676315307617e+00
-5.452553272247314453e+00,-1.865738630294799805e+00,6.638588905334472656e-01,-8.908220333978533745e-04,-1.404634024947881699e-02,-9.990955591201782227e-01,-4.012496024370193481e-02,-1.521283015608787537e-02,-1.657392829656600952e-02,1.408366709947586060e-01,1.256220880895853043e-02,7.148748263716697693e-03,-9.110649116337299347e-03,-4.574030265212059021e-02,-9.333092719316482544e-03,-5.476004257798194885e-02,4.575870558619499207e-02,-5.100408941507339478e-02,-2.199082076549530029e-02,-5.578134208917617798e-02,-4.620481655001640320e-02,-7.432597130537033081e-02,1.412779986858367920e-01,1.532727360725402832e+00,-8.927288651466369629e-02,6.646085530519485474e-02,3.001343086361885071e-02,1.559680342674255371e+00
-5.452843189239501953e+00,-1.866819500923156738e+00,6.638363003730773926e-01,-8.259416208602488041e-04,-1.366642583161592484e-02,-9.989887475967407227e-01,-4.282552376389503479e-02,-1.125813461840152740e-02,-1.801447570323944092e-02,1.462268531322479248e-01,6.743939593434333801e-03,8.202201686799526215e-03,-7.735547609627246857e-03,-4.706118628382682800e-02,-1.033939700573682785e-02,-4.972512274980545044e-02,4.630966484546661377e-02,-4.989331960678100586e-02,-1.989137008786201477e-02,-5.666352808475494385e-02,-4.697696864604949951e-02,-7.680206745862960815e-02,1.362528204917907715e-01,1.544254183769226074e+00,-8.660940080881118774e-02,6.762627512216567993e-02,2.763817645609378815e-02,1.559616088867187500e+00
-5.453135490417480469e+00,-1.867840528488159180e+00,6.638333797454833984e-01,-8.391902665607631207e-04,-1.332717109471559525e-02,-9.988977313041687012e-01,-4.499971121549606323e-02,-7.632664870470762253e-03,-1.946376636624336243e-02,1.503784209489822388e-01,2.077268669381737709e-03,8.815272711217403412e-03,-5.925548262894153595e-03,-4.807793349027633667e-02,-1.137772668153047562e-02,-4.571874812245368958e-02,4.678155109286308289e-02,-4.886307567358016968e-02,-1.840169727802276611e-02,-5.771874263882637024e-02,-4.787159711122512817e-02,-7.996702194213867188e-02,1.318229287862777710e-01,1.555567741394042969e+00,-8.489838242530822754e-02,6.839680671691894531e-02,2.680113725364208221e-02,1.559947133064270020e+00
-5.453419685363769531e+00,-1.868858098983764648e+00,6.637510061264038086e-01,-8.096905658021569252e-04,-1.302459742873907089e-02,-9.988217949867248535e-01,-4.674123600125312805e-02,-5.568224005401134491e-03,-2.087880112230777740e-02,1.534305810928344727e-01,-5.522497134793770290e-19,8.593996986746788025e-03,-4.422912839800119400e-03,-4.885366186499595642e-02,-1.229855138808488846e-02,-4.257407784461975098e-02,4.728912934660911560e-02,-4.812110215425491333e-02,-1.643548347055912018e-02,-5.842725560069084167e-02,-4.805665090680122375e-02,-8.330334722995758057e-02,1.296870410442352295e-01,1.563434123992919922e+00,-8.380921185016632080e-02,6.947307288646697998e-02,2.556412294507026672e-02,1.560000300407409668e+00
-5.453878402709960938e+00,-1.869875788688659668e+00,6.637501716613769531e-01,-7.124501862563192844e-04,-1.256215944886207581e-02,-9.987826347351074219e-01,-4.769664630293846130e-02,-4.617302678525447845e-03,-2.168807201087474823e-02,1.553429216146469116e-01,-5.730390224792349302e-21,7.170291151851415634e-03,-2.712478861212730408e-03,-4.892684891819953918e-02,-1.301951054483652115e-02,-4.109675064682960510e-02,4.767115414142608643e-02,-4.810180515050888062e-02,-1.475321315228939056e-02,-5.931219086050987244e-02,-4.702952131628990173e-02,-8.676496893167495728e-02,1.304994821548461914e-01,1.568240165710449219e+00,-8.379248529672622681e-02,6.986931711435317993e-02,2.355649694800376892e-02,1.560080409049987793e+00
-5.454400062561035156e+00,-1.870771646499633789e+00,6.636353135108947754e-01,-6.493074470199644566e-04,-1.200727000832557678e-02,-9.987687468528747559e-01,-4.812921956181526184e-02,-3.567933570593595505e-03,-2.217540703713893890e-02,1.562297791242599487e-01,-1.716903110450270943e-18,5.893507506698369980e-03,-1.220655976794660091e-03,-4.833922535181045532e-02,-1.365160755813121796e-02,-4.045730829238891602e-02,4.752159491181373596e-02,-4.795279353857040405e-02,-1.322455611079931259e-02,-5.984469503164291382e-02,-4.463941231369972229e-02,-8.882808685302734375e-02,1.335325539112091064e-01,1.570669889450073242e+00,-8.463729918003082275e-02,7.064988464117050171e-02,2.202668040990829468e-02,1.560187697410583496e+00
-5.455163002014160156e+00,-1.871667742729187012e+00,6.635751724243164062e-01,-6.804441800341010094e-04,-1.157662551850080490e-02,-9.987697601318359375e-01,-4.821289330720901489e-02,-2.418453805148601532e-03,-2.281613461673259735e-02,1.561726033687591553e-01,-2.363472765360254652e-18,4.453093279153108597e-03,7.879223994677886367e-05,-4.753296449780464172e-02,-1.426502130925655365e-02,-4.069801047444343567e-02,4.769532382488250732e-02,-4.842847213149070740e-02,-1.137508545070886612e-02,-5.985235050320625305e-02,-4.118065908551216125e-02,-9.066786617040634155e-02,1.383006423711776733e-01,1.570799946784973145e+00,-8.593747764825820923e-02,7.086142897605895996e-02,2.153733372688293457e-02,1.560130119323730469e+00
-5.455982208251953125e+00,-1.872555136680603027e+00,6.632812619209289551e-01,-6.841282593086361885e-04,-1.044261269271373749e-02,-9.987863898277282715e-01,-4.812665283679962158e-02,-6.385622546076774597e-04,-2.245075069367885590e-02,1.562446504831314087e-01,-1.449938839554906791e-18,2.529549412429332733e-03,1.641461742110550404e-03,-4.649801924824714661e-02,-1.364222262054681778e-02,-4.144883528351783752e-02,4.844021052122116089e-02,-4.938580468297004700e-02,-9.686852805316448212e-03,-5.863686278462409973e-02,-3.738343343138694763e-02,-9.117344766855239868e-02,1.437079310417175293e-01,1.570799946784973145e+00,-8.701639622449874878e-02,7.174848020076751709e-02,2.102798037230968475e-02,1.560039401054382324e+00
-5.456800937652587891e+00,-1.873616337776184082e+00,6.627514362335205078e-01,-5.682781920768320560e-04,-8.612885139882564545e-03,-9.988205432891845703e-01,-4.778149351477622986e-02,4.748764331452548504e-04,-2.048173546791076660e-02,1.554698646068572998e-01,5.484289765697522511e-18,9.085036581382155418e-04,3.167365677654743195e-03,-4.564046859741210938e-02,-1.183684077113866806e-02,-4.251183941960334778e-02,5.013648048043251038e-02,-5.099862441420555115e-02,-7.983498275279998779e-03,-5.706584453582763672e-02,-3.358454629778862000e-02,-8.943722397089004517e-02,1.490712165832519531e-01,1.570799946784973145e+00,-8.836647868156433105e-02,7.455579936504364014e-02,2.051156386733055115e-02,1.560033440589904785e+00
-5.457500457763671875e+00,-1.874556064605712891e+00,6.622804403305053711e-01,-3.778981626965105534e-04,-7.001407910138368607e-03,-9.988701939582824707e-01,-4.700139537453651428e-02,1.236164709553122520e-03,-1.908057928085327148e-02,1.538199931383132935e-01,2.966079838664576322e-18,-1.347114884993061423e-04,4.808905068784952164e-03,-4.487923160195350647e-02,-1.051805354654788971e-02,-4.421554133296012878e-02,5.112705007195472717e-02,-5.257816240191459656e-02,-6.256026681512594223e-03,-5.584304779767990112e-02,-3.054577484726905823e-02,-8.775664120912551880e-02,1.532927304506301880e-01,1.570799946784973145e+00,-8.994343876838684082e-02,7.713167369365692139e-02,2.068909071385860443e-02,1.559822320938110352e+00
-5.458263397216796875e+00,-1.875385046005249023e+00,6.620485782623291016e-01,-3.270669549237936735e-04,-5.916301626712083817e-03,-9.989218711853027344e-01,-4.604360833764076233e-02,2.204585354775190353e-03,-1.827619224786758423e-02,1.520190238952636719e-01,8.697236488299721486e-19,-1.388980424962937832e-03,5.945964250713586807e-03,-4.350593686103820801e-02,-9.855000302195549011e-03,-4.637496545910835266e-02,5.192041024565696716e-02,-5.422605201601982117e-02,-4.599363077431917191e-03,-5.462295189499855042e-02,-2.904133498668670654e-02,-8.691031485795974731e-02,1.554841846227645874e-01,1.570799946784973145e+00,-9.167739003896713257e-02,7.864820957183837891e-02,2.098702639341354370e-02,1.559611439704895020e+00
-5.459027767181396484e+00,-1.876098752021789551e+00,6.618813276290893555e-01,-2.513235085643827915e-04,-5.267750006169080734e-03,-9.989809989929199219e-01,-4.482341930270195007e-02,2.766631543636322021e-03,-1.826396025717258453e-02,1.497512459754943848e-01,-3.485007046456349192e-18,-2.307924441993236542e-03,7.147056516259908676e-03,-4.168834164738655090e-02,-1.002970524132251740e-02,-4.889375716447830200e-02,5.177593976259231567e-02,-5.526547506451606750e-02,-3.277285490185022354e-03,-5.357677862048149109e-02,-2.872689627110958099e-02,-8.690321445465087891e-02,1.549353599548339844e-01,1.570799946784973145e+00,-9.374452382326126099e-02,7.928774505853652954e-02,2.134240418672561646e-02,1.559702396392822266e+00
-5.459790706634521484e+00,-1.876693010330200195e+00,6.617704629898071289e-01,-2.903389686252921820e-04,-5.083901342004537582e-03,-9.990360140800476074e-01,-4.360213503241539001e-02,3.676082007586956024e-03,-1.910430192947387695e-02,1.474611461162567139e-01,1.640737560417306984e-18,-3.304783022031188011e-03,8.303071372210979462e-03,-3.968831151723861694e-02,-1.066056359559297562e-02,-5.154622718691825867e-02,5.170936882495880127e-02,-5.657289922237396240e-02,-2.082255668938159943e-03,-5.253250896930694580e-02,-3.006876818835735321e-02,-8.737486600875854492e-02,1.526616662740707397e-01,1.570799946784973145e+00,-9.549528360366821289e-02,8.002746850252151489e-02,2.171963080763816833e-02,1.559439539909362793e+00
-5.461215019226074219e+00,-1.877409458160400391e+00,6.617777943611145020e-01,-2.357528719585388899e-04,-4.824075382202863693e-03,-9.990787506103515625e-01,-4.264226555824279785e-02,4.463397432118654251e-03,-1.942522637546062469e-02,1.454657465219497681e-01,1.241064567946997837e-18,-4.346142522990703583e-03,8.940476924180984497e-03,-3.812753409147262573e-02,-1.118447445333003998e-02,-5.348384380340576172e-02,5.168900266289710999e-02,-5.765216052532196045e-02,-8.428237051703035831e-04,-5.166671797633171082e-02,-3.177796304225921631e-02,-8.850390464067459106e-02,1.504448056221008301e-01,1.570799946784973145e+00,-9.754563868045806885e-02,7.993349432945251465e-02,2.263198979198932648e-02,1.559469580650329590e+00
-5.461800098419189453e+00,-1.877826809883117676e+00,6.617345809936523438e-01,-2.333660377189517021e-04,-4.687960725277662277e-03,-9.991126060485839844e-01,-4.185609146952629089e-02,5.809112917631864548e-03,-2.016942016780376434e-02,1.439675241708755493e-01,-1.601554738583706047e-18,-5.488778464496135712e-03,9.715283289551734924e-03,-3.655816987156867981e-02,-1.204869989305734634e-02,-5.519654974341392517e-02,5.216500535607337952e-02,-5.917514115571975708e-02,5.830268128192983568e-05,-5.062884092330932617e-02,-3.341193869709968567e-02,-8.885880559682846069e-02,1.475784778594970703e-01,1.570799946784973145e+00,-9.914543479681015015e-02,8.049611002206802368e-02,2.296553924679756165e-02,1.559293031692504883e+00
-5.462327957153320312e+00,-1.878184914588928223e+00,6.616913080215454102e-01,-2.254802238894626498e-04,-4.475817084312438965e-03,-9.991426467895507812e-01,-4.115704819560050964e-02,6.530769169330596924e-03,-2.062752097845077515e-02,1.426537185907363892e-01,-1.720845453249698673e-18,-6.704478524625301361e-03,1.065729558467864990e-02,-3.520890325307846069e-02,-1.251713745296001434e-02,-5.655700340867042542e-02,5.269791185855865479e-02,-6.070287898182868958e-02,1.027725404128432274e-03,-4.993413388729095459e-02,-3.496995568275451660e-02,-8.931299299001693726e-02,1.441799849271774292e-01,1.570799946784973145e+00,-1.015221327543258667e-01,8.090098947286605835e-02,2.359549514949321747e-02,1.559416055679321289e+00
-5.462676048278808594e+00,-1.878541827201843262e+00,6.616399288177490234e-01,-9.445734031032770872e-05,-4.435267299413681030e-03,-9.991678595542907715e-01,-4.054569080471992493e-02,7.184222806245088577e-03,-2.136591076850891113e-02,1.415009945631027222e-01,1.464565295300253192e-17,-7.758860476315021515e-03,1.114749535918235779e-02,-3.424774855375289917e-02,-1.328163407742977142e-02,-5.772148072719573975e-02,5.287345126271247864e-02,-6.172699853777885437e-02,1.858314848504960537e-03,-4.993740469217300415e-02,-3.581241890788078308e-02,-8.910765498876571655e-02,1.410963386297225952e-01,1.570799946784973145e+00,-1.025697365403175354e-01,8.189304172992706299e-02,2.496656030416488647e-02,1.559305787086486816e+00
