1.879976247437298298e-03,3.466615162324160337e-04,6.613782644271850586e-01,6.653645541518926620e-03,-2.069309586659073830e-03,-4.669681191444396973e-02,9.988847970962524414e-01,1.736469566822052002e-02,-1.201284024864435196e-02,7.940725982189178467e-02,-2.796505331549367990e-18,-2.283049747347831726e-02,-2.509911311790347099e-03,2.100275643169879913e-02,-3.068705648183822632e-02,-7.172571122646331787e-02,-1.111292420264677346e-17,-1.247088704258203506e-02,1.855193451046943665e-02,-2.294565141201019287e-01,7.748547795927152038e-05,-2.237228862941265106e-02,1.709176152944564819e-01,1.553735375404357910e+00,-8.083070814609527588e-02,2.739007398486137390e-02,1.025818437337875366e-01,1.537131547927856445e+00
1.880397787317633629e-03,3.465995541773736477e-04,6.613780856132507324e-01,6.653745658695697784e-03,-2.069313777610659599e-03,-4.669686034321784973e-02,9.988847970962524414e-01,1.734315790235996246e-02,-1.201031915843486786e-02,7.923307269811630249e-02,4.072527379363469330e-18,-2.280938252806663513e-02,-2.508544595912098885e-03,2.116225846111774445e-02,-3.067264519631862640e-02,-7.172739505767822266e-02,-7.775274419233070826e-18,-1.245673373341560364e-02,1.855168677866458893e-02,-2.294564098119735718e-01,1.999112282646819949e-04,-2.240710519254207611e-02,1.707425862550735474e-01,1.553556680679321289e+00,-8.080519735813140869e-02,2.756390906870365143e-02,1.025775223970413208e-01,1.536794662475585938e+00
1.940165762789547443e-03,3.469478106126189232e-04,6.613833308219909668e-01,6.652863696217536926e-03,-2.068680943921208382e-03,-4.660992324352264404e-02,9.988888502120971680e-01,1.745282113552093506e-02,-1.201111357659101486e-02,7.939271628856658936e-02,-3.944520352390275744e-19,-2.291855216026306152e-02,-2.504302887246012688e-03,2.110854163765907288e-02,-3.083173930644989014e-02,-7.172285020351409912e-02,1.231518903678135898e-17,-1.255744788795709610e-02,1.854439266026020050e-02,-2.294559478759765625e-01,4.744076577480882406e-04,-2.229430526494979858e-02,1.703881323337554932e-01,1.553371071815490723e+00,-8.062564581632614136e-02,2.754205651581287384e-02,1.025822386145591736e-01,1.536457777023315430e+00
2.000238047912716866e-03,3.469694638624787331e-04,6.613831520080566406e-01,6.653140299022197723e-03,-2.068694215267896652e-03,-4.660988971590995789e-02,9.988888502120971680e-01,1.758833043277263641e-02,-1.199651230126619339e-02,7.921620458364486694e-02,-1.626333761013344544e-19,-2.288028970360755920e-02,-2.500983886420726776e-03,2.127017825841903687e-02,-3.080688789486885071e-02,-7.173141837120056152e-02,1.110650693545458707e-17,-1.254294347018003464e-02,1.854515634477138519e-02,-2.294560223817825317e-01,6.303465343080461025e-04,-2.215485833585262299e-02,1.702122688293457031e-01,1.553352832794189453e+00,-8.044939488172531128e-02,2.752522006630897522e-02,1.025993004441261292e-01,1.536121010780334473e+00
2.000166568905115128e-03,3.471218515187501907e-04,6.613863706588745117e-01,6.653127260506153107e-03,-2.068693982437252998e-03,-4.660986736416816711e-02,9.988888502120971680e-01,1.760990358889102936e-02,-1.199879311025142670e-02,7.921502739191055298e-02,-3.554453821963851184e-18,-2.307471446692943573e-02,-2.499358262866735458e-03,2.129170857369899750e-02,-3.080538101494312286e-02,-7.173167914152145386e-02,1.252689433403573067e-17,-1.273788325488567352e-02,1.854539476335048676e-02,-2.294560670852661133e-01,7.717831758782267570e-04,-2.236006595194339752e-02,1.702079325914382935e-01,1.553352832794189453e+00,-8.027760684490203857e-02,2.750265412032604218e-02,1.026042550802230835e-01,1.536132812500000000e+00
2.059830585494637489e-03,2.875823993235826492e-04,6.613799333572387695e-01,6.653587799519300461e-03,-2.067481866106390953e-03,-4.669692739844322205e-02,9.988847970962524414e-01,1.775810308754444122e-02,-1.207004021853208542e-02,7.922460883855819702e-02,1.934752834541657235e-19,-2.306124567985534668e-02,-2.588939387351274490e-03,2.143359184265136719e-02,-3.062686137855052948e-02,-7.174196094274520874e-02,3.474857540340323543e-18,-1.272605732083320618e-02,1.855391450226306915e-02,-2.296308726072311401e-01,8.088136091828346252e-04,-2.218875288963317871e-02,1.702152043581008911e-01,1.553352832794189453e+00,-8.026383072137832642e-02,2.750133536756038666e-02,1.026041582226753235e-01,1.536307096481323242e+00
2.118851523846387863e-03,2.880053361877799034e-04,6.613841056823730469e-01,6.610402371734380722e-03,-2.063012216240167618e-03,-4.669664800167083740e-02,9.988850951194763184e-01,1.788540557026863098e-02,-1.196752395480871201e-02,7.939709722995758057e-02,-3.363853624448463718e-18,-2.336089685559272766e-02,-2.588380826637148857e-03,2.142419293522834778e-02,-3.053900226950645447e-02,-7.156573235988616943e-02,6.865694209960573300e-18,-1.290328986942768097e-02,1.854969002306461334e-02,-2.296326458454132080e-01,8.241722825914621353e-04,-2.211434394121170044e-02,1.702138930559158325e-01,1.553352832794189453e+00,-8.011148124933242798e-02,2.738130837678909302e-02,1.026167124509811401e-01,1.537004470825195312e+00
2.179170260205864906e-03,2.874350175261497498e-04,6.613901853561401367e-01,6.661884021013975143e-03,-2.028063405305147171e-03,-4.678382351994514465e-02,9.988807439804077148e-01,1.790503785014152527e-02,-1.199072785675525665e-02,7.955121994018554688e-02,2.873381222933361861e-18,-2.327890694141387939e-02,-2.495506778359413147e-03,2.135844528675079346e-02,-3.081858344376087189e-02,-7.155208289623260498e-02,1.204996804902695033e-18,-1.289362553507089615e-02,1.854372210800647736e-02,-2.296317517757415771e-01,9.638065239414572716e-04,-2.202128060162067413e-02,1.703944504261016846e-01,1.553352832794189453e+00,-7.987286895513534546e-02,2.763654291629791260e-02,1.027989983558654785e-01,1.538028120994567871e+00
2.178487135097384453e-03,2.877410734072327614e-04,6.613317728042602539e-01,6.622570101171731949e-03,-2.018287777900695801e-03,-4.687074944376945496e-02,9.988769888877868652e-01,1.811044290661811829e-02,-1.190485991537570953e-02,7.989739626646041870e-02,6.023522499768670535e-19,-2.349376119673252106e-02,-2.497115405276417732e-03,2.147447504103183746e-02,-3.072556853294372559e-02,-7.137739658355712891e-02,-1.835268437485485183e-17,-1.286132168024778366e-02,1.853940263390541077e-02,-2.292831093072891235e-01,1.068988349288702011e-03,-2.197752147912979126e-02,1.700367629528045654e-01,1.553359746932983398e+00,-7.979032397270202637e-02,2.736010961234569550e-02,1.030025109648704529e-01,1.539390206336975098e+00
2.238146495074033737e-03,2.878750092349946499e-04,6.613336801528930664e-01,6.622996646910905838e-03,-2.016342943534255028e-03,-4.695807769894599915e-02,9.988728761672973633e-01,1.821612752974033356e-02,-1.191710680723190308e-02,8.007025718688964844e-02,-2.673209149863452181e-19,-2.360259927809238434e-02,-2.497720299288630486e-03,2.139950357377529144e-02,-3.073120675981044769e-02,-7.136813551187515259e-02,6.523214966584018145e-18,-1.296571549028158188e-02,1.853953488171100616e-02,-2.289337217807769775e-01,1.038018497638404369e-03,-2.214932814240455627e-02,1.700295507907867432e-01,1.553359746932983398e+00,-7.911456376314163208e-02,2.726980485022068024e-02,1.030422300100326538e-01,1.540578007698059082e+00
2.238016575574874878e-03,2.881272230297327042e-04,6.613927483558654785e-01,6.541831418871879578e-03,-2.005195245146751404e-03,-4.704564809799194336e-02,9.988692998886108398e-01,1.817782595753669739e-02,-1.175266038626432419e-02,7.990605384111404419e-02,2.379749611863766854e-18,-2.357082255184650421e-02,-2.501612761989235878e-03,2.150358259677886963e-02,-3.050806187093257904e-02,-7.103240489959716797e-02,-5.964564891416223780e-18,-1.291857194155454636e-02,1.853368990123271942e-02,-2.285833209753036499e-01,9.593245922587811947e-04,-2.216016873717308044e-02,1.696687340736389160e-01,1.553359746932983398e+00,-7.837638258934020996e-02,2.734002470970153809e-02,1.034621372818946838e-01,1.541765809059143066e+00
2.293630968779325485e-03,2.891285985242575407e-04,6.613954901695251465e-01,6.550842896103858948e-03,-1.962532289326190948e-03,-4.704691469669342041e-02,9.988692998886108398e-01,1.810594275593757629e-02,-1.177014224231243134e-02,7.990785688161849976e-02,-2.213035288511613753e-18,-2.375859022140502930e-02,-2.498279558494687080e-03,2.144662477076053619e-02,-3.044628351926803589e-02,-7.104369997978210449e-02,1.180526114046385677e-17,-1.311210077255964279e-02,1.853589341044425964e-02,-2.285815030336380005e-01,1.086795586161315441e-03,-2.147860638797283173e-02,1.693158298730850220e-01,1.553174138069152832e+00,-7.753223180770874023e-02,2.740589715540409088e-02,1.038625538349151611e-01,1.542789816856384277e+00
2.344862557947635651e-03,2.924772270489484072e-04,6.614040732383728027e-01,6.471758708357810974e-03,-1.933813211508095264e-03,-4.687559604644775391e-02,9.988778829574584961e-01,1.803222857415676117e-02,-1.158904284238815308e-02,7.974929362535476685e-02,5.673269412995342027e-19,-2.370907180011272430e-02,-2.512056380510330200e-03,2.150255069136619568e-02,-3.040735423564910889e-02,-7.135789841413497925e-02,9.118727403401882429e-18,-1.335105858743190765e-02,1.841775327920913696e-02,-2.285752296447753906e-01,1.243340433575212955e-03,-2.135314233601093292e-02,1.689552664756774902e-01,1.553174138069152832e+00,-7.654280960559844971e-02,2.743593044579029083e-02,1.041074320673942566e-01,1.543802142143249512e+00
2.450863365083932877e-03,2.962358121294528246e-04,6.614103913307189941e-01,6.357861217111349106e-03,-1.857772585935890675e-03,-4.670603945851325989e-02,9.988867044448852539e-01,1.799284107983112335e-02,-1.131544634699821472e-02,7.924441993236541748e-02,3.961716920337370344e-19,-2.377815730869770050e-02,-2.521501854062080383e-03,2.173838391900062561e-02,-3.001655451953411102e-02,-7.203572988510131836e-02,9.175112997037172114e-18,-1.372392009943723679e-02,1.838970556855201721e-02,-2.285675704479217529e-01,1.318948459811508656e-03,-2.113340795040130615e-02,1.685912609100341797e-01,1.553174138069152832e+00,-7.607303559780120850e-02,2.761350385844707489e-02,1.041384041309356689e-01,1.544846892356872559e+00
2.555150305852293968e-03,3.005232720170170069e-04,6.614196300506591797e-01,6.237978115677833557e-03,-1.824787585064768791e-03,-4.636304825544357300e-02,9.989035129547119141e-01,1.803801208734512329e-02,-1.105526089668273926e-02,7.890962064266204834e-02,-7.598135759006371332e-19,-2.367032878100872040e-02,-2.534382510930299759e-03,2.206717804074287415e-02,-2.980640530586242676e-02,-7.252559810876846313e-02,8.780104476041049490e-18,-1.426870562136173248e-02,1.851686835289001465e-02,-2.287301421165466309e-01,1.147278933785855770e-03,-2.086295001208782196e-02,1.682237237691879272e-01,1.553180932998657227e+00,-7.532714307308197021e-02,2.758426964282989502e-02,1.040140315890312195e-01,1.545380115509033203e+00
2.601688960567116737e-03,2.445473801344633102e-04,6.614298224449157715e-01,6.047265138477087021e-03,-1.732470118440687656e-03,-4.619405046105384827e-02,9.989126920700073242e-01,1.774752140045166016e-02,-1.065568998456001282e-02,7.841070741415023804e-02,-4.069839042372671990e-18,-2.385284937918186188e-02,-2.551212906837463379e-03,2.205979637801647186e-02,-2.934272028505802155e-02,-7.283653318881988525e-02,-7.728423943313833030e-19,-1.462355814874172211e-02,1.846626773476600647e-02,-2.288939803838729858e-01,1.254225149750709534e-03,-2.063840068876743317e-02,1.678405255079269409e-01,1.553529381752014160e+00,-7.491454482078552246e-02,2.776453644037246704e-02,1.042186617851257324e-01,1.545727491378784180e+00
2.652424620464444160e-03,2.469307510182261467e-04,6.614297032356262207e-01,5.823560524731874466e-03,-1.512588933110237122e-03,-4.628466442227363586e-02,9.989101886749267578e-01,1.761930063366889954e-02,-1.018479280173778534e-02,7.876617461442947388e-02,-1.013119854111831969e-18,-2.394469641149044037e-02,-2.737981732934713364e-03,2.189184725284576416e-02,-2.884258516132831573e-02,-7.281037420034408569e-02,1.442643354706372853e-17,-1.474030409008264542e-02,1.860876381397247314e-02,-2.281905710697174072e-01,1.379822497256100178e-03,-2.016532421112060547e-02,1.671062558889389038e-01,1.554052114486694336e+00,-7.428751140832901001e-02,2.799636870622634888e-02,1.045856252312660217e-01,1.545901775360107422e+00
2.590524265542626381e-03,2.480044204276055098e-04,6.613709926605224609e-01,5.547969136387109756e-03,-1.414372818544507027e-03,-4.654724150896072388e-02,9.988996982574462891e-01,1.732791028916835785e-02,-9.636100381612777710e-03,7.896667718887329102e-02,1.385993745699071556e-18,-2.414165437221527100e-02,-2.760078292340040207e-03,2.139895036816596985e-02,-2.827264741063117981e-02,-7.228315621614456177e-02,-4.356649444114714658e-18,-1.463442388921976089e-02,1.858200877904891968e-02,-2.274914234876632690e-01,1.424979069270193577e-03,-1.964919827878475189e-02,1.656745374202728271e-01,1.554558753967285156e+00,-7.393645495176315308e-02,2.850791811943054199e-02,1.051066517829895020e-01,1.545706868171691895e+00
2.528717974200844765e-03,2.480282564647495747e-04,6.613641977310180664e-01,5.162964574992656708e-03,-1.181688043288886547e-03,-4.672215878963470459e-02,9.988938570022583008e-01,1.706697419285774231e-02,-8.999722078442573547e-03,7.967064529657363892e-02,1.033872574909868603e-18,-2.410039305686950684e-02,-2.783393254503607750e-03,2.081421762704849243e-02,-2.747731283307075500e-02,-7.194237411022186279e-02,8.056278426665297517e-18,-1.436154637485742569e-02,1.856802403926849365e-02,-2.267918139696121216e-01,1.895068795420229435e-03,-1.914003677666187286e-02,1.635153144598007202e-01,1.554861545562744141e+00,-7.339478284120559692e-02,2.906906791031360626e-02,1.057826206088066101e-01,1.545327305793762207e+00
2.346900524571537971e-03,2.487828314770013094e-04,6.613627672195434570e-01,4.808930214494466782e-03,-9.925607591867446899e-04,-4.663589224219322205e-02,9.988998770713806152e-01,1.641424186527729034e-02,-8.089782670140266418e-03,7.937067747116088867e-02,2.023433911585884067e-18,-2.376727387309074402e-02,-2.809861209243535995e-03,2.030874975025653839e-02,-2.660570107400417328e-02,-7.207698374986648560e-02,1.255580016054139622e-17,-1.426005363464355469e-02,1.838164217770099640e-02,-2.269660383462905884e-01,2.333153272047638893e-03,-1.875675283372402191e-02,1.610081493854522705e-01,1.554967284202575684e+00,-7.279808819293975830e-02,2.933752350509166718e-02,1.059217303991317749e-01,1.544631242752075195e+00
2.163717057555913925e-03,1.303844910580664873e-04,6.613596677780151367e-01,4.582724068313837051e-03,-8.263553609140217304e-04,-4.628824815154075623e-02,9.989172816276550293e-01,1.556664425879716873e-02,-7.322326768189668655e-03,7.872755825519561768e-02,-4.481115310885568732e-18,-2.322403714060783386e-02,-2.920042723417282104e-03,1.968366093933582306e-02,-2.588034607470035553e-02,-7.247120141983032227e-02,2.534131003154999333e-17,-1.400632038712501526e-02,1.803498715162277222e-02,-2.269630134105682373e-01,2.897994359955191612e-03,-1.826330088078975677e-02,1.590249538421630859e-01,1.554758906364440918e+00,-7.215916365385055542e-02,2.971611544489860535e-02,1.058865860104560852e-01,1.543771147727966309e+00
1.859957119449973106e-03,-4.939797508995980024e-05,6.614087224006652832e-01,4.197995178401470184e-03,-5.539342528209090233e-04,-4.602771252393722534e-02,9.989311695098876953e-01,1.442227978259325027e-02,-6.146099418401718140e-03,7.824637740850448608e-02,3.928702177536424196e-18,-2.240572683513164520e-02,-3.284505568444728851e-03,1.872276887297630310e-02,-2.470440044999122620e-02,-7.278700172901153564e-02,-1.092722463667045640e-17,-1.367539260536432266e-02,1.771647483110427856e-02,-2.269649207592010498e-01,3.476745449006557465e-03,-1.791251637041568756e-02,1.577442437410354614e-01,1.554392457008361816e+00,-7.130952179431915283e-02,2.969376184046268463e-02,1.055415198206901550e-01,1.542921423912048340e+00
1.440227264538407326e-03,-2.886042057070881128e-04,6.614621281623840332e-01,3.887078724801540375e-03,-3.747929877135902643e-04,-4.611416533589363098e-02,9.989285469055175781e-01,1.328160241246223450e-02,-5.044692661613225937e-03,7.825544476509094238e-02,-2.580976702106199636e-19,-2.179274149239063263e-02,-3.719257889315485954e-03,1.781838387250900269e-02,-2.378575503826141357e-02,-7.233854383230209351e-02,-3.008231101523900368e-18,-1.304442435503005981e-02,1.716190949082374573e-02,-2.260928899049758911e-01,3.673166502267122269e-03,-1.728763431310653687e-02,1.568300575017929077e-01,1.554066777229309082e+00,-7.079856842756271362e-02,2.990811131894588470e-02,1.051821187138557434e-01,1.542226552963256836e+00
1.024874625727534294e-03,-4.698955162893980742e-04,6.614465117454528809e-01,3.620327217504382133e-03,-1.919397473102435470e-04,-4.654775187373161316e-02,9.989094734191894531e-01,1.240806374698877335e-02,-3.966628573834896088e-03,7.928002625703811646e-02,3.052660626585348591e-18,-2.109775133430957794e-02,-4.069134127348661423e-03,1.634662970900535583e-02,-2.271307446062564850e-02,-7.103809714317321777e-02,-1.058850120686519827e-18,-1.205807179212570190e-02,1.671915873885154724e-02,-2.241784632205963135e-01,4.080249462276697159e-03,-1.679031923413276672e-02,1.560950428247451782e-01,1.553938150405883789e+00,-7.011507451534271240e-02,3.001244179904460907e-02,1.053882911801338196e-01,1.541521191596984863e+00
6.732208421453833580e-04,-5.915868678130209446e-04,6.613749861717224121e-01,3.340242197737097740e-03,-5.324518861016258597e-05,-4.741499572992324829e-02,9.988697171211242676e-01,1.193243451416492462e-02,-3.207457717508077621e-03,8.082183450460433960e-02,-4.063767536676532766e-18,-2.105275355279445648e-02,-4.424016922712326050e-03,1.503313705325126648e-02,-2.183464169502258301e-02,-6.929948925971984863e-02,-2.402941646929191739e-17,-1.128253247588872910e-02,1.617213711142539978e-02,-2.217437326908111572e-01,4.578015301376581192e-03,-1.631723344326019287e-02,1.553721427917480469e-01,1.554153323173522949e+00,-6.901240348815917969e-02,2.989917807281017303e-02,1.056285426020622253e-01,1.540651798248291016e+00
5.057298112660646439e-04,-7.132629398256540298e-04,6.613588333129882812e-01,3.112996229901909828e-03,1.195170334540307522e-04,-4.836818948388099670e-02,9.988247156143188477e-01,1.175648253411054611e-02,-2.473213244229555130e-03,8.288171887397766113e-02,-7.388619595243121229e-18,-2.104725316166877747e-02,-4.687057808041572571e-03,1.383574586361646652e-02,-2.113271132111549377e-02,-6.713037192821502686e-02,-1.576643470653635635e-17,-1.032830681651830673e-02,1.602155156433582306e-02,-2.198362350463867188e-01,5.609416868537664413e-03,-1.602492853999137878e-02,1.544572114944458008e-01,1.554373145103454590e+00,-6.743842363357543945e-02,2.964589558541774750e-02,1.057131811976432800e-01,1.539291739463806152e+00
4.571073222905397415e-04,-7.169674499891698360e-04,6.614098548889160156e-01,2.849273849278688431e-03,4.176899674348533154e-04,-4.932154342532157898e-02,9.987788200378417969e-01,1.167419180274009705e-02,-2.097391756251454353e-03,8.494941145181655884e-02,-8.740655405447783047e-18,-2.152128890156745911e-02,-4.701487254351377487e-03,1.265741419047117233e-02,-2.061607688665390015e-02,-6.521975994110107422e-02,1.079864850943582633e-17,-9.782666340470314026e-03,1.592038199305534363e-02,-2.179287225008010864e-01,7.000076118856668472e-03,-1.584805920720100403e-02,1.540771573781967163e-01,1.554418802261352539e+00,-6.518828868865966797e-02,2.905547991394996643e-02,1.049354746937751770e-01,1.537799596786499023e+00
5.898064118809998035e-04,-7.189836469478905201e-04,6.614090800285339355e-01,2.692887093871831894e-03,5.352626903913915157e-04,-5.018804222345352173e-02,9.987360239028930664e-01,1.204169448465108871e-02,-1.795377815142273903e-03,8.651088178157806396e-02,-3.240831084448938107e-19,-2.209775336086750031e-02,-4.709845408797264099e-03,1.208811532706022263e-02,-2.037784829735755920e-02,-6.319121271371841431e-02,-1.265193509133230910e-17,-9.468168020248413086e-03,1.587696187198162079e-02,-2.160190939903259277e-01,8.542014285922050476e-03,-1.579564996063709259e-02,1.536868065595626831e-01,1.554634213447570801e+00,-6.279051303863525391e-02,2.836359478533267975e-02,1.036360114812850952e-01,1.536504387855529785e+00
8.366983965970575809e-04,-6.600326742045581341e-04,6.614099740982055664e-01,2.547213342040777206e-03,7.793826516717672348e-04,-5.096873268485069275e-02,9.986966848373413086e-01,1.250514388084411621e-02,-1.508458866737782955e-03,8.809309452772140503e-02,3.578181911425241059e-18,-2.284555882215499878e-02,-4.718566313385963440e-03,1.171074807643890381e-02,-2.013497985899448395e-02,-6.188079342246055603e-02,3.530497017063090396e-18,-9.421609342098236084e-03,1.601235382258892059e-02,-2.146326452493667603e-01,1.021490432322025299e-02,-1.595392078161239624e-02,1.529401391744613647e-01,1.554489731788635254e+00,-6.001903116703033447e-02,2.762174606323242188e-02,1.019684076309204102e-01,1.535719871520996094e+00
1.197503646835684776e-03,-6.603312795050442219e-04,6.614206433296203613e-01,2.472625114023685455e-03,9.288918809033930302e-04,-5.157633125782012939e-02,9.986655712127685547e-01,1.313193235546350479e-02,-1.346249482594430447e-03,8.934501558542251587e-02,1.961023754754217544e-18,-2.373855561017990112e-02,-4.557786975055932999e-03,1.176195871084928513e-02,-1.991175860166549683e-02,-6.073824688792228699e-02,1.214748892093419581e-17,-9.959024377167224884e-03,1.606719754636287689e-02,-2.130653709173202515e-01,1.150503102689981461e-02,-1.592236384749412537e-02,1.513110995292663574e-01,1.554311037063598633e+00,-5.735701322555541992e-02,2.655541710555553436e-02,1.004983484745025635e-01,1.535622358322143555e+00
1.614010194316506386e-03,-7.195973885245621204e-04,6.614286303520202637e-01,2.355811186134815216e-03,1.124038593843579292e-03,-5.218391492962837219e-02,9.986340999603271484e-01,1.392883341759443283e-02,-1.296731410548090935e-03,9.058452397584915161e-02,8.342164945211300880e-20,-2.491078525781631470e-02,-4.817930515855550766e-03,1.180103514343500137e-02,-1.999640837311744690e-02,-5.956832692027091980e-02,7.404989499565545647e-18,-1.037437655031681061e-02,1.621276140213012695e-02,-2.116743922233581543e-01,1.305757183581590652e-02,-1.618655398488044739e-02,1.498740762472152710e-01,1.553953647613525391e+00,-5.438678711652755737e-02,2.538342028856277466e-02,9.886085987091064453e-02,1.536037325859069824e+00
2.088149776682257652e-03,-7.777108694426715374e-04,6.614358425140380859e-01,2.292864024639129639e-03,1.409620628692209721e-03,-5.279129743576049805e-02,9.986019134521484375e-01,1.439574081450700760e-02,-1.130931661464273930e-03,9.181213378906250000e-02,3.804610196402444090e-18,-2.610768564045429230e-02,-4.902074113488197327e-03,1.179633755236864090e-02,-1.967676915228366852e-02,-5.836188420653343201e-02,-1.120029680920891211e-17,-1.079621445387601852e-02,1.620463468134403229e-02,-2.097605764865875244e-01,1.414528861641883850e-02,-1.612184196710586548e-02,1.484656184911727905e-01,1.553073406219482422e+00,-5.118169263005256653e-02,2.409201301634311676e-02,9.758672118186950684e-02,1.536604285240173340e+00
2.443643519654870033e-03,-8.369170245714485645e-04,6.613873243331909180e-01,2.297304105013608932e-03,1.631791936233639717e-03,-5.339848250150680542e-02,9.985693097114562988e-01,1.496581733226776123e-02,-1.004472491331398487e-03,9.299343079328536987e-02,9.484839998210295995e-20,-2.711858600378036499e-02,-5.059691146016120911e-03,1.180653553456068039e-02,-1.966812834143638611e-02,-5.729092285037040710e-02,2.541256626464745507e-18,-1.143253315240144730e-02,1.619751565158367157e-02,-2.081965059041976929e-01,1.574146933853626251e-02,-1.579355821013450623e-02,1.472369134426116943e-01,1.551856160163879395e+00,-4.792648926377296448e-02,2.296815812587738037e-02,9.646509587764739990e-02,1.537148594856262207e+00
2.861522138118743896e-03,-8.958163671195507050e-04,6.613963246345520020e-01,2.236966276541352272e-03,1.998239662498235703e-03,-5.374396219849586487e-02,9.985502362251281738e-01,1.538311038166284561e-02,-8.064935100264847279e-04,9.383182972669601440e-02,4.274912419065899781e-18,-2.808308228850364685e-02,-5.134079605340957642e-03,1.154410094022750854e-02,-1.936264149844646454e-02,-5.635905638337135315e-02,2.762629390333177571e-18,-1.191964279860258102e-02,1.602218486368656158e-02,-2.069818824529647827e-01,1.735776662826538086e-02,-1.565773412585258484e-02,1.458300352096557617e-01,1.549955964088439941e+00,-4.469340667128562927e-02,2.167055942118167877e-02,9.567823261022567749e-02,1.537183284759521484e+00
3.342169569805264473e-03,-9.555494762025773525e-04,6.613475680351257324e-01,2.225283067673444748e-03,2.390852430835366249e-03,-5.400206521153450012e-02,9.985354542732238770e-01,1.536499988287687302e-02,-7.188065792433917522e-04,9.415323287248611450e-02,6.810827319929930974e-18,-2.902701869606971741e-02,-5.209267605096101761e-03,1.157591491937637329e-02,-1.930760592222213745e-02,-5.591619387269020081e-02,3.033886521812538798e-18,-1.272887084633111954e-02,1.601318828761577606e-02,-2.066406458616256714e-01,1.943804137408733368e-02,-1.462769880890846252e-02,1.440680176019668579e-01,1.547342538833618164e+00,-4.120104387402534485e-02,2.079962380230426788e-02,9.504456073045730591e-02,1.536358594894409180e+00
3.822945756837725639e-03,-1.075450330972671509e-03,6.613545417785644531e-01,2.049977425485849380e-03,2.902099862694740295e-03,-5.391054227948188782e-02,9.985394477844238281e-01,1.545153837651014328e-02,-4.178922681603580713e-04,9.414577484130859375e-02,-8.558832007821889481e-18,-3.009543195366859436e-02,-5.475738085806369781e-03,1.158752944320440292e-02,-1.890305615961551666e-02,-5.561525002121925354e-02,4.676175666263842124e-18,-1.357243303209543228e-02,1.598674245178699493e-02,-2.066515535116195679e-01,2.171324938535690308e-02,-1.352742779999971390e-02,1.415931284427642822e-01,1.544040799140930176e+00,-3.755792230367660522e-02,1.970525458455085754e-02,9.440676867961883545e-02,1.534860849380493164e+00
4.484432283788919449e-03,-1.194767188280820847e-03,6.613073945045471191e-01,1.920295180752873421e-03,3.412367543205618858e-03,-5.364425107836723328e-02,9.985524415969848633e-01,1.550690457224845886e-02,1.813239650800824165e-04,9.344128519296646118e-02,5.973567098022638380e-18,-3.097112663090229034e-02,-5.729819182306528091e-03,1.193362381309270859e-02,-1.829060353338718414e-02,-5.627498030662536621e-02,-1.396148359655379720e-17,-1.511350087821483612e-02,1.595394872128963470e-02,-2.070125341415405273e-01,2.395580150187015533e-02,-1.166634354740381241e-02,1.385753899812698364e-01,1.539527654647827148e+00,-3.343800082802772522e-02,1.882424578070640564e-02,9.341821074485778809e-02,1.532667398452758789e+00
5.268987268209457397e-03,-1.433548517525196075e-03,6.612749099731445312e-01,1.810085494071245193e-03,4.005981143563985825e-03,-5.320245772600173950e-02,9.985740780830383301e-01,1.576348394155502319e-02,8.332068100571632385e-04,9.251767396926879883e-02,1.316583097304822818e-17,-3.237845376133918762e-02,-5.978731904178857803e-03,1.247241441160440445e-02,-1.771711744368076324e-02,-5.670146644115447998e-02,-5.701780777746396354e-18,-1.718004606664180756e-02,1.570442877709865570e-02,-2.075518816709518433e-01,2.678783424198627472e-02,-9.718703106045722961e-03,1.351796239614486694e-01,1.533845782279968262e+00,-2.892263419926166534e-02,1.809944957494735718e-02,9.226043522357940674e-02,1.529787898063659668e+00
6.355021614581346512e-03,-1.734140561893582344e-03,6.612391471862792969e-01,1.521641155704855919e-03,4.713650327175855637e-03,-5.249784886837005615e-02,9.986087679862976074e-01,1.615137420594692230e-02,1.528632245026528835e-03,9.124611318111419678e-02,3.331483772332579224e-18,-3.393542021512985229e-02,-6.416353862732648849e-03,1.367391366511583328e-02,-1.674092561006546021e-02,-5.760422721505165100e-02,8.111402569866443834e-18,-1.996068470180034637e-02,1.550452224910259247e-02,-2.079157531261444092e-01,2.993720769882202148e-02,-7.282422389835119247e-03,1.326767653226852417e-01,1.526442885398864746e+00,-2.414281293749809265e-02,1.716738380491733551e-02,9.075918793678283691e-02,1.526757955551147461e+00
7.748371921479701996e-03,-2.034017350524663925e-03,6.611616015434265137e-01,1.287270453758537769e-03,5.425131879746913910e-03,-5.179267749190330505e-02,9.986422657966613770e-01,1.694748550653457642e-02,2.581202425062656403e-03,8.980809897184371948e-02,1.314096240831728081e-18,-3.610044345259666443e-02,-7.009144872426986694e-03,1.511650998145341873e-02,-1.575051993131637573e-02,-5.867004022002220154e-02,1.174847436423147887e-17,-2.351573109626770020e-02,1.524034887552261353e-02,-2.079330384731292725e-01,3.337943181395530701e-02,-4.415949340909719467e-03,1.303285062313079834e-01,1.517667651176452637e+00,-1.880498416721820831e-02,1.610369607806205750e-02,8.910721540451049805e-02,1.523925304412841797e+00
9.564527310431003571e-03,-2.394381910562515259e-03,6.610924601554870605e-01,1.014864421449601650e-03,6.270995829254388809e-03,-5.108625441789627075e-02,9.986740350723266602e-01,1.836161687970161438e-02,3.427303163334727287e-03,8.847246319055557251e-02,-9.027174226023900773e-18,-3.931275382637977600e-02,-7.609746418893337250e-03,1.715865172445774078e-02,-1.478924229741096497e-02,-5.959291756153106689e-02,4.284986238155876829e-18,-2.759288996458053589e-02,1.517869159579277039e-02,-2.070779651403427124e-01,3.681696951389312744e-02,-1.269586384296417236e-03,1.281577646732330322e-01,1.507875919342041016e+00,-1.351658254861831665e-02,1.534051354974508286e-02,8.745343238115310669e-02,1.521430134773254395e+00
1.186261046677827835e-02,-2.757156500592827797e-03,6.609205007553100586e-01,7.567064021714031696e-04,7.372246589511632919e-03,-5.064067989587783813e-02,9.986894130706787109e-01,2.047935500741004944e-02,4.218109883368015289e-03,8.773557096719741821e-02,5.024505144522678566e-18,-4.321352392435073853e-02,-8.120588026940822601e-03,1.972143724560737610e-02,-1.391492784023284912e-02,-6.040246412158012390e-02,-6.829388735887738069e-19,-3.216181695461273193e-02,1.498539000749588013e-02,-2.053529173135757446e-01,4.046549275517463684e-02,2.542541362345218658e-03,1.258198618888854980e-01,1.497362375259399414e+00,-7.237618323415517807e-03,1.433008816093206406e-02,8.585448563098907471e-02,1.519458532333374023e+00
1.481764111667871475e-02,-3.238694509491324425e-03,6.607657074928283691e-01,6.307477597147226334e-04,8.506977930665016174e-03,-5.054476484656333923e-02,9.986853599548339844e-01,2.351628802716732025e-02,5.105393938720226288e-03,8.771196007728576660e-02,-5.313572508566072170e-18,-4.880021885037422180e-02,-8.876718580722808838e-03,2.287424914538860321e-02,-1.307566463947296143e-02,-6.074954941868782043e-02,-1.049371251252121545e-18,-3.740280866622924805e-02,1.496978942304849625e-02,-2.025791257619857788e-01,4.371023178100585938e-02,6.304839625954627991e-03,1.231311336159706116e-01,1.486833930015563965e+00,-1.045687939040362835e-03,1.326497830450534821e-02,8.481404185295104980e-02,1.517650604248046875e+00
1.824647374451160431e-02,-3.778869053348898888e-03,6.605540513992309570e-01,4.957691417075693607e-04,9.764556773006916046e-03,-5.071136727929115295e-02,9.986655116081237793e-01,2.773161605000495911e-02,5.601388867944478989e-03,8.854123204946517944e-02,8.548929001528404633e-18,-5.528596788644790649e-02,-9.716924279928207397e-03,2.671698108315467834e-02,-1.210760418325662613e-02,-6.049423664808273315e-02,1.392963879733173074e-19,-4.357686638832092285e-02,1.502062007784843445e-02,-1.989267766475677490e-01,4.637904837727546692e-02,1.014381833374500275e-02,1.206392347812652588e-01,1.477675437927246094e+00,5.125729367136955261e-03,1.186189521104097366e-02,8.452910184860229492e-02,1.516306400299072266e+00
2.231850288808345795e-02,-4.435595590621232986e-03,6.603672504425048828e-01,4.983546677976846695e-04,1.113789435476064682e-02,-5.114511027932167053e-02,9.986289739608764648e-01,3.289251774549484253e-02,6.129988469183444977e-03,8.963742852210998535e-02,1.627918535669419576e-18,-6.297449767589569092e-02,-1.076646428555250168e-02,2.981402166187763214e-02,-1.162224821746349335e-02,-5.958356708288192749e-02,3.318858100101351738e-03,-5.256004631519317627e-02,1.488417759537696838e-02,-1.950905174016952515e-01,4.883863776922225952e-02,1.325898244976997375e-02,1.181428134441375732e-01,1.470584750175476074e+00,1.082866545766592026e-02,1.061115972697734833e-02,8.493878692388534546e-02,1.515124917030334473e+00
2.704205550253391266e-02,-5.210327915847301483e-03,6.600151658058166504e-01,6.342774722725152969e-04,1.257580146193504333e-02,-5.175630748271942139e-02,9.985803365707397461e-01,3.941889107227325439e-02,6.322504952549934387e-03,9.116739779710769653e-02,1.138946226195182635e-17,-7.217294722795486450e-02,-1.194956805557012558e-02,3.382407501339912415e-02,-1.147128548473119736e-02,-5.853297933936119080e-02,7.541355676949024200e-03,-6.348284333944320679e-02,1.498398277908563614e-02,-1.917749941349029541e-01,5.073267966508865356e-02,1.641624793410301208e-02,1.162054911255836487e-01,1.466106534004211426e+00,1.582646183669567108e-02,9.186582639813423157e-03,8.587809652090072632e-02,1.513595700263977051e+00
3.230600431561470032e-02,-6.163419224321842194e-03,6.595518589019775391e-01,7.802478503435850143e-04,1.411046087741851807e-02,-5.236751958727836609e-02,9.985278844833374023e-01,4.670036956667900085e-02,6.629200186580419540e-03,9.251838922500610352e-02,-1.121224605354270001e-18,-8.234200626611709595e-02,-1.353901252150535583e-02,3.892498090863227844e-02,-1.104212924838066101e-02,-5.737120285630226135e-02,1.088368613272905350e-02,-7.498265057802200317e-02,1.480232086032629013e-02,-1.893305629491806030e-01,5.296628922224044800e-02,1.903000660240650177e-02,1.144296899437904358e-01,1.464211940765380859e+00,2.015406824648380280e-02,7.637266535311937332e-03,8.674405515193939209e-02,1.511916160583496094e+00
3.786926344037055969e-02,-7.175869774073362350e-03,6.589741110801696777e-01,9.227523696608841419e-04,1.560028921812772751e-02,-5.289118364453315735e-02,9.984779953956604004e-01,5.424945801496505737e-02,6.987190805375576019e-03,9.368954598903656006e-02,2.149975381308786826e-18,-9.286671131849288940e-02,-1.511470880359411240e-02,4.485631734132766724e-02,-1.048221252858638763e-02,-5.688006803393363953e-02,1.401330996304750443e-02,-8.718783408403396606e-02,1.454776246100664139e-02,-1.877591758966445923e-01,5.477690324187278748e-02,2.135259844362735748e-02,1.122898459434509277e-01,1.464377880096435547e+00,2.358551882207393646e-02,6.007280666381120682e-03,8.737347275018692017e-02,1.509726285934448242e+00
4.355503246188163757e-02,-8.250056765973567963e-03,6.584569215774536133e-01,1.011386513710021973e-03,1.732252910733222961e-02,-5.306571349501609802e-02,9.984402656555175781e-01,6.185619533061981201e-02,7.748567499220371246e-03,9.433624148368835449e-02,1.639160643977051206e-18,-1.033778339624404907e-01,-1.676142588257789612e-02,5.091567337512969971e-02,-9.705335833132266998e-03,-5.636859685182571411e-02,1.682399958372116089e-02,-9.949349611997604370e-02,1.437463052570819855e-02,-1.870613694190979004e-01,5.663874000310897827e-02,2.297891676425933838e-02,1.103161796927452087e-01,1.466059565544128418e+00,2.643137983977794647e-02,4.436123184859752655e-03,8.792215585708618164e-02,1.506852865219116211e+00
4.954172670841217041e-02,-9.443954564630985260e-03,6.578169465065002441e-01,1.181022846139967442e-03,1.912915334105491638e-02,-5.315355211496353149e-02,9.984024167060852051e-01,6.968078762292861938e-02,8.459318429231643677e-03,9.483744204044342041e-02,-6.115120448297306624e-18,-1.139508858323097229e-01,-1.867312379181385040e-02,5.731928348541259766e-02,-8.759457617998123169e-03,-5.632208660244941711e-02,2.007780782878398895e-02,-1.127634942531585693e-01,1.399806980043649673e-02,-1.868858039379119873e-01,5.827810987830162048e-02,2.459431998431682587e-02,1.076188609004020691e-01,1.468023777008056641e+00,2.919611707329750061e-02,2.882949076592922211e-03,8.865385502576828003e-02,1.502622604370117188e+00
5.613470450043678284e-02,-1.081989146769046783e-02,6.570039987564086914e-01,1.282273442484438419e-03,2.111254073679447174e-02,-5.324002355337142944e-02,9.983577132225036621e-01,7.787023484706878662e-02,9.216509759426116943e-03,9.552337974309921265e-02,8.243221348499858340e-19,-1.248935535550117493e-01,-2.093096077442169189e-02,6.393720954656600952e-02,-7.902179844677448273e-03,-5.602623149752616882e-02,2.429457567632198334e-02,-1.273771375417709351e-01,1.338747330009937286e-02,-1.860117465257644653e-01,6.058401986956596375e-02,2.649199776351451874e-02,1.047512814402580261e-01,1.468971848487854004e+00,3.165018931031227112e-02,8.697805460542440414e-04,9.008444845676422119e-02,1.495864033699035645e+00
6.352001428604125977e-02,-1.237827725708484650e-02,6.559617519378662109e-01,1.377649139612913132e-03,2.350659109652042389e-02,-5.350294709205627441e-02,9.982900023460388184e-01,8.700489997863769531e-02,1.056017354130744934e-02,9.659458696842193604e-02,-3.202604690198601609e-18,-1.363508254289627075e-01,-2.354464121162891388e-02,7.060878723859786987e-02,-6.554397754371166229e-03,-5.547055974602699280e-02,3.033390082418918610e-02,-1.445330679416656494e-01,1.270384248346090317e-02,-1.840808689594268799e-01,6.399662792682647705e-02,2.859561890363693237e-02,1.000823006033897400e-01,1.467032790184020996e+00,3.452901914715766907e-02,-1.252888934686779976e-03,9.242813289165496826e-02,1.485887527465820312e+00
7.188634574413299561e-02,-1.412048004567623138e-02,6.548067331314086914e-01,1.507522538304328918e-03,2.633350528776645660e-02,-5.429190397262573242e-02,9.981766939163208008e-01,9.709862619638442993e-02,1.166345924139022827e-02,9.890712052583694458e-02,3.467582486852919664e-20,-1.485386639833450317e-01,-2.638625353574752808e-02,7.628535479307174683e-02,-5.234045907855033875e-03,-5.403038486838340759e-02,3.977974131703376770e-02,-1.647817790508270264e-01,1.200937014073133469e-02,-1.803947687149047852e-01,6.960854679346084595e-02,3.190786764025688171e-02,9.270408749580383301e-02,1.460338115692138672e+00,3.704649955034255981e-02,-3.672523889690637589e-03,9.658481180667877197e-02,1.471970558166503906e+00
8.111395686864852905e-02,-1.598626747727394104e-02,6.533672809600830078e-01,1.718282233923673630e-03,2.969239093363285065e-02,-5.611231923103332520e-02,9.979813694953918457e-01,9.776321053504943848e-02,1.378805004060268402e-02,1.035199016332626343e-01,2.290938235819339752e-02,-1.721283495426177979e-01,-2.971214242279529572e-02,7.892417162656784058e-02,-4.503935109823942184e-03,-5.079552158713340759e-02,5.650516971945762634e-02,-1.897879093885421753e-01,1.139424461871385574e-02,-1.739363521337509155e-01,7.788245379924774170e-02,3.556640446186065674e-02,8.232636749744415283e-02,1.447492122650146484e+00,3.729806467890739441e-02,-5.848519969731569290e-03,1.044011786580085754e-01,1.453635692596435547e+00
9.093359112739562988e-02,-1.791531778872013092e-02,6.514644026756286621e-01,2.149482490494847298e-03,3.431046009063720703e-02,-6.010184064507484436e-02,9.976000785827636719e-01,8.527655154466629028e-02,1.636271364986896515e-02,1.122228875756263733e-01,7.137957960367202759e-02,-1.980228871107101440e-01,-3.369143977761268616e-02,7.412236183881759644e-02,-4.893176257610321045e-03,-4.324053972959518433e-02,8.526439219713211060e-02,-2.213446795940399170e-01,1.092730555683374405e-02,-1.606764048337936401e-01,8.938803523778915405e-02,3.840932622551918030e-02,6.934969127178192139e-02,1.426800727844238281e+00,3.273031488060951233e-02,-7.113374304026365280e-03,1.162682995200157166e-01,1.428243041038513184e+00
1.013487800955772400e-01,-1.991911418735980988e-02,6.488260030746459961e-01,2.809140132740139961e-03,4.110627621412277222e-02,-6.547469645738601685e-02,9.970032572746276855e-01,4.833841323852539062e-02,2.123243175446987152e-02,1.230814903974533081e-01,1.594981551170349121e-01,-2.142826169729232788e-01,-3.809509426355361938e-02,5.936014279723167419e-02,-6.044790148735046387e-03,-3.330402821302413940e-02,1.277754753828048706e-01,-2.601990699768066406e-01,1.050970796495676041e-02,-1.409603357315063477e-01,1.053696721792221069e-01,3.957897424697875977e-02,5.542778223752975464e-02,1.398862004280090332e+00,2.139404788613319397e-02,-8.141934871673583984e-03,1.321268230676651001e-01,1.390964388847351074e+00
1.119472458958625793e-01,-2.196129597723484039e-02,6.454876661300659180e-01,3.757747355848550797e-03,5.073188990354537964e-02,-6.858684122562408447e-02,9.963473081588745117e-01,-1.778811775147914886e-02,2.854703180491924286e-02,1.290306001901626587e-01,2.869960367679595947e-01,-2.039566785097122192e-01,-4.200656339526176453e-02,3.660372644662857056e-02,-6.690250709652900696e-03,-2.869915030896663666e-02,1.795441359281539917e-01,-3.046478033065795898e-01,1.025368552654981613e-02,-1.198322102427482605e-01,1.242074444890022278e-01,4.082959517836570740e-02,4.263852164149284363e-02,1.367823481559753418e+00,3.952465020120143890e-03,-9.553830139338970184e-03,1.496265232563018799e-01,1.337403774261474609e+00
1.219039484858512878e-01,-2.375284954905509949e-02,6.416925191879272461e-01,4.782381467521190643e-03,6.291382759809494019e-02,-6.502275913953781128e-02,9.958870410919189453e-01,-1.078302487730979919e-01,3.540250658988952637e-02,1.220800429582595825e-01,4.328293204307556152e-01,-1.576995104551315308e-01,-4.361811652779579163e-02,1.006011385470628738e-02,-6.439800839871168137e-03,-3.754491358995437622e-02,2.325680404901504517e-01,-3.508470952510833740e-01,1.021254714578390121e-02,-1.059974804520606995e-01,1.444682627916336060e-01,4.236922413110733032e-02,3.444653749465942383e-02,1.340009689331054688e+00,-1.933482848107814789e-02,-1.305688451975584030e-02,1.686339229345321655e-01,1.268332123756408691e+00
1.305701136589050293e-01,-2.524134516716003418e-02,6.378089189529418945e-01,6.244109943509101868e-03,7.664062082767486572e-02,-5.492825061082839966e-02,9.955250620841979980e-01,-2.107458710670471191e-01,3.577821701765060425e-02,1.045899465680122375e-01,5.736106634140014648e-01,-9.105382859706878662e-02,-4.095701500773429871e-02,-1.723119616508483887e-02,-6.303467322140932083e-03,-5.915456265211105347e-02,2.830782234668731689e-01,-3.957992792129516602e-01,1.054345350712537766e-02,-1.010335907340049744e-01,1.675318479537963867e-01,4.538336768746376038e-02,3.597233071923255920e-02,1.318871378898620605e+00,-5.009806156158447266e-02,-1.881263032555580139e-02,1.907678693532943726e-01,1.188677906990051270e+00
1.388330757617950439e-01,-2.655594982206821442e-02,6.338238120079040527e-01,7.895757444202899933e-03,9.068102389574050903e-02,-4.256881028413772583e-02,9.949384331703186035e-01,-3.203048408031463623e-01,2.914091013371944427e-02,8.605761080980300903e-02,7.047809958457946777e-01,-3.966356068849563599e-02,-3.326460346579551697e-02,-4.304664954543113708e-02,-7.523235399276018143e-03,-8.541295677423477173e-02,3.283436298370361328e-01,-4.366795718669891357e-01,1.143642608076334000e-02,-1.007730662822723389e-01,1.966776251792907715e-01,4.954366385936737061e-02,5.156417191028594971e-02,1.304468035697937012e+00,-9.242567420005798340e-02,-2.697993814945220947e-02,2.156562060117721558e-01,1.102827191352844238e+00
1.480890661478042603e-01,-2.756818011403083801e-02,6.299895048141479492e-01,9.757533669471740723e-03,1.050790101289749146e-01,-3.191648796200752258e-02,9.939036965370178223e-01,-4.340868294239044189e-01,1.873447187244892120e-02,7.539982348680496216e-02,8.284359574317932129e-01,-3.083199635148048401e-02,-2.204934135079383850e-02,-6.589742749929428101e-02,-1.037395559251308441e-02,-1.078700050711631775e-01,3.664443790912628174e-01,-4.704111516475677490e-01,1.330467220395803452e-02,-9.897318482398986816e-02,2.366764545440673828e-01,5.471766740083694458e-02,8.170541375875473022e-02,1.293327212333679199e+00,-1.461320817470550537e-01,-3.661632910370826721e-02,2.369486242532730103e-01,1.014063715934753418e+00
1.590207666158676147e-01,-2.808118425309658051e-02,6.264056563377380371e-01,1.157079078257083893e-02,1.189078539609909058e-01,-2.422839403152465820e-02,9.925422072410583496e-01,-5.437992811203002930e-01,8.688119240105152130e-03,7.452771067619323730e-02,9.358847737312316895e-01,-6.437165290117263794e-02,-9.367971681058406830e-03,-8.285028487443923950e-02,-1.444990281015634537e-02,-1.242759004235267639e-01,3.940305411815643311e-01,-4.937320351600646973e-01,1.635500602424144745e-02,-9.425476193428039551e-02,2.863685190677642822e-01,6.091533228754997253e-02,1.192457452416419983e-01,1.280248641967773438e+00,-2.073881179094314575e-01,-4.804293811321258545e-02,2.483174055814743042e-01,9.253486394882202148e-01
1.718670576810836792e-01,-2.780753932893276215e-02,6.233212351799011230e-01,1.335162576287984848e-02,1.313301175832748413e-01,-1.922733336687088013e-02,9.910622835159301758e-01,-6.375262141227722168e-01,1.137739454861730337e-04,8.120426535606384277e-02,1.009024858474731445e+00,-1.213161945343017578e-01,3.249385394155979156e-03,-9.058394283056259155e-02,-1.983731240034103394e-02,-1.355111151933670044e-01,4.075971245765686035e-01,-5.032583475112915039e-01,2.174126543104648590e-02,-8.607613295316696167e-02,3.430289626121520996e-01,6.744107604026794434e-02,1.536075472831726074e-01,1.259091019630432129e+00,-2.701286971569061279e-01,-6.094146519899368286e-02,2.520944774150848389e-01,8.386730551719665527e-01
1.868300735950469971e-01,-2.633917145431041718e-02,6.208170652389526367e-01,1.467998325824737549e-02,1.414022147655487061e-01,-1.565901748836040497e-02,9.897195100784301758e-01,-7.060704231262207031e-01,-8.209155872464179993e-03,8.880345523357391357e-02,1.035318732261657715e+00,-1.845688223838806152e-01,1.503045577555894852e-02,-8.601466566324234009e-02,-2.647095173597335815e-02,-1.423848867416381836e-01,4.047257900238037109e-01,-4.945670664310455322e-01,2.930836193263530731e-02,-7.407428324222564697e-02,4.024901092052459717e-01,7.513711601495742798e-02,1.776424795389175415e-01,1.226142048835754395e+00,-3.291952610015869141e-01,-7.634874433279037476e-02,2.558057010173797607e-01,7.553328871726989746e-01
2.046001851558685303e-01,-2.357270941138267517e-02,6.192801594734191895e-01,1.563686691224575043e-02,1.481736898422241211e-01,-1.242476142942905426e-02,9.887596368789672852e-01,-7.437845468521118164e-01,-1.819270476698875427e-02,8.998528122901916504e-02,1.010828256607055664e+00,-2.441468983888626099e-01,2.426748909056186676e-02,-6.766530871391296387e-02,-3.373751416802406311e-02,-1.453938931226730347e-01,3.830473423004150391e-01,-4.559492170810699463e-01,3.814988210797309875e-02,-6.088896095752716064e-02,4.609117507934570312e-01,8.541156351566314697e-02,1.922816187143325806e-01,1.182541966438293457e+00,-3.790809214115142822e-01,-9.318070113658905029e-02,2.642484009265899658e-01,6.793608069419860840e-01
2.257779389619827271e-01,-1.982300356030464172e-02,6.196405887603759766e-01,1.559570524841547012e-02,1.505990028381347656e-01,-8.437362499535083771e-03,9.884359240531921387e-01,-7.484650015830993652e-01,-2.985316142439842224e-02,7.820309698581695557e-02,9.409792423248291016e-01,-2.940120100975036621e-01,2.850680612027645111e-02,-3.692090138792991638e-02,-3.992402181029319763e-02,-1.443296521902084351e-01,3.411459624767303467e-01,-3.629020154476165771e-01,4.687811434268951416e-02,-4.878210276365280151e-02,5.150113701820373535e-01,9.755126386880874634e-02,2.038486450910568237e-01,1.133645415306091309e+00,-4.114542603492736816e-01,-1.097560822963714600e-01,2.764560282230377197e-01,6.182154417037963867e-01
2.510461211204528809e-01,-1.571247167885303497e-02,6.224678158760070801e-01,1.457821670919656754e-02,1.482112407684326172e-01,-3.528081811964511871e-03,9.888419508934020996e-01,-7.221746444702148438e-01,-4.011447355151176453e-02,5.411219596862792969e-02,8.398126363754272461e-01,-3.322064876556396484e-01,2.797553688287734985e-02,4.047752823680639267e-03,-4.408486187458038330e-02,-1.405162066221237183e-01,2.805357277393341064e-01,-1.954383850097656250e-01,5.566366016864776611e-02,-4.121025651693344116e-02,5.621546506881713867e-01,1.096855923533439636e-01,2.158090770244598389e-01,1.084766864776611328e+00,-4.203932285308837891e-01,-1.230168789625167847e-01,2.879636287689208984e-01,5.782127976417541504e-01
2.796550095081329346e-01,-1.176569610834121704e-02,6.271533966064453125e-01,1.255839038640260696e-02,1.414574533700942993e-01,1.451557851396501064e-03,9.898636341094970703e-01,-6.725314855575561523e-01,-4.533362761139869690e-02,2.569782547652721405e-02,7.321401238441467285e-01,-3.626173138618469238e-01,2.468138001859188080e-02,4.961295053362846375e-02,-4.701424762606620789e-02,-1.358620524406433105e-01,2.168850004673004150e-01,2.863923460245132446e-02,7.089082151651382446e-02,-3.915798291563987732e-02,6.009796857833862305e-01,1.200026273727416992e-01,2.294537723064422607e-01,1.038341045379638672e+00,-4.052940011024475098e-01,-1.307782232761383057e-01,2.956951558589935303e-01,5.607993006706237793e-01
3.100056648254394531e-01,-8.083385415375232697e-03,6.319299340248107910e-01,9.299278259277343750e-03,1.317949742078781128e-01,4.325961694121360779e-03,9.912239313125610352e-01,-6.102290749549865723e-01,-4.379986971616744995e-02,3.926291596144437790e-03,6.450862884521484375e-01,-3.898375332355499268e-01,2.269385382533073425e-02,8.773253113031387329e-02,-5.058475956320762634e-02,-1.274551600217819214e-01,1.863530874252319336e-01,2.481985241174697876e-01,9.623017162084579468e-02,-4.184216260910034180e-02,6.278592348098754883e-01,1.264346390962600708e-01,2.420634180307388306e-01,9.935410022735595703e-01,-3.704494535923004150e-01,-1.340951472520828247e-01,2.979459166526794434e-01,5.621070265769958496e-01
3.415828645229339600e-01,-4.717678297311067581e-03,6.352720260620117188e-01,4.701360128819942474e-03,1.219425126910209656e-01,2.566784387454390526e-03,9.925227165222167969e-01,-5.444124341011047363e-01,-3.739980235695838928e-02,-2.086391672492027283e-03,5.962502956390380859e-01,-4.151515066623687744e-01,2.560525201261043549e-02,1.014316231012344360e-01,-5.555976182222366333e-02,-1.030169129371643066e-01,2.172812074422836304e-01,4.072782993316650391e-01,1.248998194932937622e-01,-4.632990434765815735e-02,6.364917755126953125e-01,1.273149102926254272e-01,2.496434450149536133e-01,9.468510150909423828e-01,-3.201801478862762451e-01,-1.352748274803161621e-01,2.912415862083435059e-01,5.756388902664184570e-01
3.740626871585845947e-01,-1.940407208167016506e-03,6.362202763557434082e-01,-6.996392039582133293e-04,1.147256568074226379e-01,-4.269666504114866257e-03,9.933878183364868164e-01,-4.829637408256530762e-01,-2.989922277629375458e-02,8.631341159343719482e-03,5.870825648307800293e-01,-4.425553679466247559e-01,3.408266603946685791e-02,6.961154192686080933e-02,-5.941800028085708618e-02,-5.302993208169937134e-02,3.284882009029388428e-01,4.806012809276580811e-01,1.383767426013946533e-01,-5.209068953990936279e-02,6.228665113449096680e-01,1.243783682584762573e-01,2.495205104351043701e-01,8.946564793586730957e-01,-2.569715082645416260e-01,-1.360621303319931030e-01,2.736884355545043945e-01,5.952850580215454102e-01
4.051493406295776367e-01,2.932715578936040401e-04,6.344479322433471680e-01,-5.518021993339061737e-03,1.103358790278434753e-01,-1.386296376585960388e-02,9.937823414802551270e-01,-4.324461519718170166e-01,-2.460388652980327606e-02,2.868321351706981659e-02,6.083148717880249023e-01,-4.783095717430114746e-01,4.480045661330223083e-02,-2.529985830187797546e-02,-5.389937013387680054e-02,1.467577461153268814e-02,5.369555354118347168e-01,4.632644951343536377e-01,1.254299134016036987e-01,-5.821809172630310059e-02,5.861070752143859863e-01,1.235757991671562195e-01,2.436485886573791504e-01,8.379901051521301270e-01,-1.845409423112869263e-01,-1.373832076787948608e-01,2.481461018323898315e-01,6.179310083389282227e-01
4.320490360260009766e-01,3.648732556030154228e-03,6.300237178802490234e-01,-8.870267309248447418e-03,1.077480837702751160e-01,-2.309583500027656555e-02,9.938703179359436035e-01,-3.953329324722290039e-01,-2.373526431620121002e-02,4.988305270671844482e-02,6.467311382293701172e-01,-5.235999822616577148e-01,5.557646602392196655e-02,-1.675450503826141357e-01,-3.176853805780410767e-02,7.851806282997131348e-02,7.993406057357788086e-01,3.866936564445495605e-01,9.422506392002105713e-02,-6.736647337675094604e-02,5.331669449806213379e-01,1.316343545913696289e-01,2.450666874647140503e-01,7.801483273506164551e-01,-1.028673350811004639e-01,-1.409716606140136719e-01,2.153701931238174438e-01,6.428389549255371094e-01
4.555607736110687256e-01,1.002055313438177109e-02,6.263241767883300781e-01,-1.058849319815635681e-02,1.051443070173263550e-01,-3.007688187062740326e-02,9.939456582069396973e-01,-3.423225283622741699e-01,-3.215110301971435547e-02,6.581589579582214355e-02,6.265574097633361816e-01,-5.235999822616577148e-01,6.815956532955169678e-02,-3.208203911781311035e-01,5.297963507473468781e-04,1.211598291993141174e-01,1.027683854103088379e+00,3.023641705513000488e-01,6.344255059957504272e-02,-8.453746140003204346e-02,4.697744548320770264e-01,1.550906151533126831e-01,2.717282176017761230e-01,7.174534797668457031e-01,-7.050732150673866272e-03,-1.515022963285446167e-01,1.689786314964294434e-01,6.688537597656250000e-01
4.794175922870635986e-01,1.959289982914924622e-02,6.224704384803771973e-01,-1.227478589862585068e-02,1.020754128694534302e-01,-3.441212326288223267e-02,9.941055178642272949e-01,-2.839924991130828857e-01,-4.744976758956909180e-02,7.603604346513748169e-02,5.985106825828552246e-01,-5.235999822616577148e-01,8.458977937698364258e-02,-4.740017354488372803e-01,3.504697978496551514e-02,1.431580781936645508e-01,1.203053355216979980e+00,2.079722434282302856e-01,4.635022208094596863e-02,-1.137442663311958313e-01,4.027434885501861572e-01,1.984506398439407349e-01,3.265100717544555664e-01,6.388870477676391602e-01,1.091993153095245361e-01,-1.700289249420166016e-01,1.024572178721427917e-01,6.937856674194335938e-01
5.047956705093383789e-01,3.045917116105556488e-02,6.191995739936828613e-01,-1.472695078700780869e-02,9.850075840950012207e-02,-3.668335080146789551e-02,9.943515658378601074e-01,-2.255628854036331177e-01,-6.426549702882766724e-02,8.127422630786895752e-02,5.754742622375488281e-01,-5.235999822616577148e-01,1.026309430599212646e-01,-6.154767870903015137e-01,6.263808906078338623e-02,1.479048728942871094e-01,1.315177321434020996e+00,1.000424921512603760e-01,4.423567280173301697e-02,-1.524062007665634155e-01,3.403683900833129883e-01,2.572407722473144531e-01,3.824539482593536377e-01,5.377302169799804688e-01,2.384697943925857544e-01,-1.940711587667465210e-01,2.347352541983127594e-02,7.132613658905029297e-01
5.312696695327758789e-01,4.003039374947547913e-02,6.167626380920410156e-01,-1.783516816794872284e-02,9.412550926208496094e-02,-3.883485496044158936e-02,9.946427345275878906e-01,-1.755152791738510132e-01,-7.643390446901321411e-02,8.789508789777755737e-02,5.757286548614501953e-01,-5.235999822616577148e-01,1.175510659813880920e-01,-7.267630696296691895e-01,7.575772702693939209e-02,1.362290680408477783e-01,1.355165958404541016e+00,-1.559031568467617035e-02,4.798003658652305603e-02,-1.907878816127777100e-01,2.849037349224090576e-01,3.198626041412353516e-01,4.029690027236938477e-01,4.242022931575775146e-01,3.626865744590759277e-01,-2.201724350452423096e-01,-4.980922117829322815e-02,7.243401408195495605e-01
5.602424740791320801e-01,4.638783633708953857e-02,6.146675348281860352e-01,-2.076188474893569946e-02,8.818365633487701416e-02,-4.260443523526191711e-02,9.949761033058166504e-01,-1.301066279411315918e-01,-8.080936223268508911e-02,1.051139086484909058e-01,6.001461744308471680e-01,-5.181256532669067383e-01,1.240835413336753845e-01,-7.916335463523864746e-01,7.464747130870819092e-02,1.107211783528327942e-01,1.314927935600280762e+00,-1.275475472211837769e-01,4.663175344467163086e-02,-2.183409631252288818e-01,2.355264276266098022e-01,3.731333315372467041e-01,3.792769908905029297e-01,3.192510902881622314e-01,4.679243266582489014e-01,-2.477187067270278931e-01,-1.054303795099258423e-01,7.259967327117919922e-01
5.947638750076293945e-01,4.919970035552978516e-02,6.158919930458068848e-01,-2.161075174808502197e-02,8.110796660184860229e-02,-4.733520001173019409e-02,9.953460693359375000e-01,-4.423886165022850037e-02,-8.530486375093460083e-02,1.332880854606628418e-01,5.361886620521545410e-01,-4.123064279556274414e-01,1.187408044934272766e-01,-7.940335869789123535e-01,6.610807031393051147e-02,8.564492315053939819e-02,1.173841834068298340e+00,-2.149231880903244019e-01,4.101276025176048279e-02,-2.325719743967056274e-01,1.960950046777725220e-01,4.099012315273284912e-01,3.373860418796539307e-01,2.377125024795532227e-01,5.493226647377014160e-01,-2.754862308502197266e-01,-1.452809721231460571e-01,7.184650897979736328e-01
6.349936723709106445e-01,4.899137094616889954e-02,6.175659894943237305e-01,-2.010750770568847656e-02,7.371489703655242920e-02,-4.946602135896682739e-02,9.958488345146179199e-01,4.619336873292922974e-02,-8.967386186122894287e-02,1.678456515073776245e-01,4.841221272945404053e-01,-2.795833945274353027e-01,1.024268791079521179e-01,-7.500133514404296875e-01,5.678341165184974670e-02,7.174579054117202759e-02,9.760205745697021484e-01,-2.813890576362609863e-01,3.741231560707092285e-02,-2.387185245752334595e-01,1.721429824829101562e-01,4.298362135887145996e-01,3.077823519706726074e-01,1.818301379680633545e-01,6.043160557746887207e-01,-2.987370491027832031e-01,-1.728684753179550171e-01,7.026974558830261230e-01
6.769080758094787598e-01,4.780739173293113708e-02,6.211135387420654297e-01,-1.646890304982662201e-02,6.668274849653244019e-02,-4.486354812979698181e-02,9.966290593147277832e-01,1.144932657480239868e-01,-9.332192689180374146e-02,1.967163383960723877e-01,4.832913577556610107e-01,-1.416379064321517944e-01,8.216171711683273315e-02,-6.823883056640625000e-01,4.228003695607185364e-02,6.635029613971710205e-02,7.754014730453491211e-01,-3.211143314838409424e-01,3.766329959034919739e-02,-2.451867908239364624e-01,1.640210002660751343e-01,4.334831535816192627e-01,2.953921854496002197e-01,1.491238474845886230e-01,6.313165426254272461e-01,-3.137919306755065918e-01,-1.884252727031707764e-01,6.810399293899536133e-01
7.164715528488159180e-01,4.704312235116958618e-02,6.262952685356140137e-01,-1.174220070242881775e-02,6.006935238838195801e-02,-3.249127417802810669e-02,9.975961446762084961e-01,1.376002728939056396e-01,-9.289924800395965576e-02,2.134742438793182373e-01,5.610288977622985840e-01,-2.804733254015445709e-02,6.829158961772918701e-02,-6.137709617614746094e-01,1.976937614381313324e-02,5.725646391510963440e-02,6.279287934303283691e-01,-3.345946967601776123e-01,3.943493962287902832e-02,-2.551615834236145020e-01,1.661538928747177124e-01,4.213294088840484619e-01,2.846089899539947510e-01,1.379086673259735107e-01,6.296138763427734375e-01,-3.206824362277984619e-01,-1.893104761838912964e-01,6.575833559036254883e-01
7.530648708343505859e-01,4.657938703894615173e-02,6.304980516433715820e-01,-7.105556782335042953e-03,5.379165336489677429e-02,-1.559895742684602737e-02,9.984050393104553223e-01,1.108263731002807617e-01,-8.923023939132690430e-02,2.255676686763763428e-01,7.119732499122619629e-01,4.329189658164978027e-02,7.017184048891067505e-02,-5.573870539665222168e-01,-7.036731578409671783e-03,3.909517452120780945e-02,5.651177763938903809e-01,-3.331645727157592773e-01,4.134146869182586670e-02,-2.669281363487243652e-01,1.778187006711959839e-01,3.957520425319671631e-01,2.672801613807678223e-01,1.508541554212570190e-01,5.976764559745788574e-01,-3.241927325725555420e-01,-1.703446060419082642e-01,6.356545090675354004e-01
7.882093191146850586e-01,4.568661749362945557e-02,6.312715411186218262e-01,-2.858671592548489571e-03,4.822431877255439758e-02,1.659368979744613171e-03,9.988310337066650391e-01,4.481978714466094971e-02,-8.451865613460540771e-02,2.448939085006713867e-01,9.000291824340820312e-01,7.957660406827926636e-02,9.331721812486648560e-02,-5.141090154647827148e-01,-3.299377486109733582e-02,1.496505178511142731e-02,5.826494097709655762e-01,-3.379151225090026855e-01,4.326903447508811951e-02,-2.750381529331207275e-01,2.036546468734741211e-01,3.605655729770660400e-01,2.534943521022796631e-01,1.932874768972396851e-01,5.309869647026062012e-01,-3.264658153057098389e-01,-1.254190653562545776e-01,6.166236400604248047e-01
8.240997195243835449e-01,4.476723074913024902e-02,6.288294792175292969e-01,3.234513569623231888e-04,4.387572035193443298e-02,1.640140265226364136e-02,9.989023208618164062e-01,-4.485988244414329529e-02,-7.713631540536880493e-02,2.774878442287445068e-01,1.081550359725952148e+00,9.582254290580749512e-02,1.352880299091339111e-01,-4.717822968959808350e-01,-5.458433553576469421e-02,-1.082644518464803696e-02,6.417127847671508789e-01,-3.645486235618591309e-01,4.533273354172706604e-02,-2.741235494613647461e-01,2.484755814075469971e-01,3.196544647216796875e-01,2.566154599189758301e-01,2.661728858947753906e-01,4.292740821838378906e-01,-3.250579535961151123e-01,-5.796297267079353333e-02,5.974331498146057129e-01
8.628438115119934082e-01,4.510926455259323120e-02,6.253934502601623535e-01,2.839359221979975700e-03,4.055283218622207642e-02,2.737949043512344360e-02,9.987981915473937988e-01,-1.463641673326492310e-01,-6.648908555507659912e-02,3.184108734130859375e-01,1.227336168289184570e+00,9.039049595594406128e-02,1.864905953407287598e-01,-4.146065115928649902e-01,-7.099574059247970581e-02,-3.502430766820907593e-02,6.946440935134887695e-01,-4.121913313865661621e-01,4.812023043632507324e-02,-2.603802978992462158e-01,3.151631057262420654e-01,2.764925360679626465e-01,2.796621620655059814e-01,3.576151132583618164e-01,3.013135492801666260e-01,-3.146669566631317139e-01,1.587160304188728333e-02,5.698328614234924316e-01
9.054793119430541992e-01,4.843245446681976318e-02,6.229074597358703613e-01,4.703191109001636505e-03,3.745064884424209595e-02,3.434850275516510010e-02,9.986969232559204102e-01,-2.508941292762756348e-01,-5.923496559262275696e-02,3.542068600654602051e-01,1.321909189224243164e+00,5.371674522757530212e-02,2.305666953325271606e-01,-3.325440883636474609e-01,-8.417020738124847412e-02,-5.490186065435409546e-02,7.080828547477722168e-01,-4.596352577209472656e-01,5.558380112051963806e-02,-2.334459722042083740e-01,4.025013744831085205e-01,2.318716645240783691e-01,3.152761459350585938e-01,4.460681974887847900e-01,1.613997668027877808e-01,-2.961750030517578125e-01,7.795394957065582275e-02,5.211715102195739746e-01
9.518731236457824707e-01,5.551042035222053528e-02,6.223019957542419434e-01,6.618562620133161545e-03,3.392271697521209717e-02,3.777552023530006409e-02,9.986883401870727539e-01,-3.455602228641510010e-01,-6.383409351110458374e-02,3.720420300960540771e-01,1.351517438888549805e+00,-1.281690225005149841e-02,2.547560632228851318e-01,-2.270938903093338013e-01,-9.908739477396011353e-02,-6.979800760746002197e-02,6.728726029396057129e-01,-4.744955003261566162e-01,7.132702320814132690e-02,-1.959718763828277588e-01,5.062451362609863281e-01,1.863927990198135376e-01,3.542883694171905518e-01,5.120112299919128418e-01,2.267679944634437561e-02,-2.754749357700347900e-01,1.281563192605972290e-01,4.413719475269317627e-01
1.000747680664062500e+00,6.585395336151123047e-02,6.231945753097534180e-01,8.081753738224506378e-03,2.978560887277126312e-02,4.066327586770057678e-02,9.986961483955383301e-01,-4.146569073200225830e-01,-8.066984266042709351e-02,3.653576672077178955e-01,1.304468870162963867e+00,-9.407062083482742310e-02,2.558509707450866699e-01,-1.082461327314376831e-01,-1.165333390235900879e-01,-8.474209159612655640e-02,5.968445539474487305e-01,-4.275727272033691406e-01,9.450697153806686401e-02,-1.574351638555526733e-01,6.178337335586547852e-01,1.429168730974197388e-01,3.914923369884490967e-01,5.470272898674011230e-01,-1.023547425866127014e-01,-2.572312355041503906e-01,1.795538365840911865e-01,3.337308764457702637e-01
1.050582766532897949e+00,7.834712415933609009e-02,6.245343685150146484e-01,7.935090921819210052e-03,2.493011765182018280e-02,4.665365070104598999e-02,9.985684752464294434e-01,-4.483179152011871338e-01,-9.974178671836853027e-02,3.361826837062835693e-01,1.185956597328186035e+00,-1.730590462684631348e-01,2.418705523014068604e-01,1.268919836729764938e-02,-1.296117305755615234e-01,-1.034948676824569702e-01,4.947551488876342773e-01,-3.040604591369628906e-01,1.212918907403945923e-01,-1.300458461046218872e-01,7.249498963356018066e-01,1.060863584280014038e-01,4.257053136825561523e-01,5.548663735389709473e-01,-2.051084637641906738e-01,-2.404050379991531372e-01,2.372774630784988403e-01,2.189942896366119385e-01
1.099471688270568848e+00,9.186828881502151489e-02,6.256572008132934570e-01,5.287158768624067307e-03,1.984206214547157288e-02,5.686987936496734619e-02,9.981703758239746094e-01,-4.517609179019927979e-01,-1.108755990862846375e-01,2.957860827445983887e-01,1.021787405014038086e+00,-2.387543320655822754e-01,2.239737957715988159e-01,1.208608075976371765e-01,-1.321931034326553345e-01,-1.203349381685256958e-01,3.916716277599334717e-01,-1.201633065938949585e-01,1.483759433031082153e-01,-1.193302348256111145e-01,8.155100345611572266e-01,7.870606333017349243e-02,4.588159620761871338e-01,5.436432957649230957e-01,-2.794408500194549561e-01,-2.246915549039840698e-01,2.878341674804687500e-01,1.218725293874740601e-01
1.146823525428771973e+00,1.053789705038070679e-01,6.273908615112304688e-01,-2.770335995592176914e-04,1.523300539702177048e-02,6.893865019083023071e-02,9.975045323371887207e-01,-4.361916184425354004e-01,-1.125036478042602539e-01,2.548465132713317871e-01,8.407186269760131836e-01,-2.853112220764160156e-01,2.086393237113952637e-01,1.975784897804260254e-01,-1.246015951037406921e-01,-1.210653260350227356e-01,3.333582878112792969e-01,6.370127946138381958e-02,1.732425987720489502e-01,-1.218562200665473938e-01,8.822441697120666504e-01,6.182550638914108276e-02,4.899022281169891357e-01,5.200453996658325195e-01,-3.248463869094848633e-01,-2.119609862565994263e-01,3.173221349716186523e-01,5.392823368310928345e-02
1.192974805831909180e+00,1.186840608716011047e-01,6.314492821693420410e-01,-7.480178494006395340e-03,1.241054758429527283e-02,7.882038503885269165e-02,9.967834949493408203e-01,-4.057650864124298096e-01,-1.093426421284675598e-01,2.197437435388565063e-01,6.616656184196472168e-01,-3.082705140113830566e-01,1.974473595619201660e-01,2.276812642812728882e-01,-1.144028007984161377e-01,-9.789519011974334717e-02,3.610129952430725098e-01,1.810870021581649780e-01,1.911335140466690063e-01,-1.269373744726181030e-01,9.162999987602233887e-01,5.595085397362709045e-02,5.145888328552246094e-01,4.913691282272338867e-01,-3.450453281402587891e-01,-2.045097649097442627e-01,3.280367255210876465e-01,1.442830637097358704e-02
1.238268852233886719e+00,1.318700164556503296e-01,6.370744109153747559e-01,-1.459550764411687851e-02,1.175745576620101929e-02,8.420759439468383789e-02,9.962719678878784180e-01,-3.648679852485656738e-01,-1.059147268533706665e-01,1.974180787801742554e-01,5.135472416877746582e-01,-3.095344305038452148e-01,1.922050863504409790e-01,2.066166698932647705e-01,-1.068392395973205566e-01,-5.920631438493728638e-02,4.869726300239562988e-01,2.074923366308212280e-01,1.940643787384033203e-01,-1.292224675416946411e-01,9.162999987602233887e-01,6.183174997568130493e-02,5.287211537361145020e-01,4.602037072181701660e-01,-3.424957692623138428e-01,-2.018660008907318115e-01,3.312922120094299316e-01,6.797664682380855083e-04
1.281899929046630859e+00,1.451166868209838867e-01,6.399322152137756348e-01,-2.193230763077735901e-02,8.109734393656253815e-03,8.617310971021652222e-02,9.960057139396667480e-01,-3.228157460689544678e-01,-1.029910743236541748e-01,1.918021291494369507e-01,4.477175474166870117e-01,-3.105804324150085449e-01,1.961232274770736694e-01,1.437109708786010742e-01,-9.867591410875320435e-02,-1.781294867396354675e-02,6.924446821212768555e-01,1.692233532667160034e-01,1.737634688615798950e-01,-1.331757009029388428e-01,9.162999987602233887e-01,7.842023670673370361e-02,5.424655675888061523e-01,4.074137508869171143e-01,-3.067007064819335938e-01,-2.019782960414886475e-01,3.331582248210906982e-01,1.610657200217247009e-02
1.323610067367553711e+00,1.589583307504653931e-01,6.366932988166809082e-01,-2.739728987216949463e-02,6.343844812363386154e-03,8.653514832258224487e-02,9.958518147468566895e-01,-2.986941933631896973e-01,-1.077890917658805847e-01,2.006681859493255615e-01,4.749553501605987549e-01,-3.335503339767456055e-01,2.104365676641464233e-01,3.632979840040206909e-02,-8.824201673269271851e-02,2.335667423903942108e-02,9.287843108177185059e-01,1.140909641981124878e-01,1.311289966106414795e-01,-1.363817155361175537e-01,8.801262378692626953e-01,1.094730198383331299e-01,5.500154495239257812e-01,3.528020977973937988e-01,-2.433909028768539429e-01,-2.135665714740753174e-01,3.195155560970306396e-01,6.442099064588546753e-02
1.363526582717895508e+00,1.744964867830276489e-01,6.286568045616149902e-01,-3.049638681113719940e-02,6.845280062407255173e-03,8.781551569700241089e-02,9.956462979316711426e-01,-2.818224132061004639e-01,-1.227266713976860046e-01,2.117006480693817139e-01,5.491457581520080566e-01,-3.826352357864379883e-01,2.299776077270507812e-01,-1.044274941086769104e-01,-6.595474481582641602e-02,7.074415683746337891e-02,1.142416357994079590e+00,7.171057909727096558e-02,8.428189158439636230e-02,-1.424373090267181396e-01,8.079609870910644531e-01,1.536542922258377075e-01,5.618694424629211426e-01,2.989097535610198975e-01,-1.510881483554840088e-01,-2.407321482896804810e-01,2.770640850067138672e-01,1.390687078237533569e-01
1.401169896125793457e+00,1.915315389633178711e-01,6.198171377182006836e-01,-3.171059116721153259e-02,7.712198421359062195e-03,9.265030920505523682e-02,9.951637387275695801e-01,-2.533616721630096436e-01,-1.459742188453674316e-01,2.108592540025711060e-01,6.137506961822509766e-01,-4.396665692329406738e-01,2.485468238592147827e-01,-2.574844956398010254e-01,-2.759907580912113190e-02,1.213838607072830200e-01,1.296325922012329102e+00,3.817684203386306763e-02,6.038556247949600220e-02,-1.600212603807449341e-01,7.204024791717529297e-01,2.060413062572479248e-01,5.884821414947509766e-01,2.365025728940963745e-01,-3.303191438317298889e-02,-2.810957133769989014e-01,2.043243348598480225e-01,2.221865952014923096e-01
1.436268448829650879e+00,2.088437080383300781e-01,6.134198904037475586e-01,-3.218131139874458313e-02,8.401906117796897888e-03,1.027278453111648560e-01,9.941532611846923828e-01,-2.090286016464233398e-01,-1.717050671577453613e-01,1.924510002136230469e-01,6.421784758567810059e-01,-4.771661460399627686e-01,2.628443837165832520e-01,-3.995384573936462402e-01,1.259504258632659912e-02,1.595095098018646240e-01,1.369230866432189941e+00,-2.310739830136299133e-03,6.874213367700576782e-02,-1.941562145948410034e-01,6.319095492362976074e-01,2.618208229541778564e-01,6.178526878356933594e-01,1.587835401296615601e-01,1.003270298242568970e-01,-3.267568647861480713e-01,1.080086901783943176e-01,2.978895306587219238e-01
1.469171881675720215e+00,2.247468382120132446e-01,6.103191375732421875e-01,-3.301802650094032288e-02,8.947763592004776001e-03,1.162620857357978821e-01,9.926292896270751953e-01,-1.546829491853713989e-01,-1.909500658512115479e-01,1.643505096435546875e-01,6.395381689071655273e-01,-4.815127849578857422e-01,2.714534103870391846e-01,-5.139026641845703125e-01,3.518668562173843384e-02,1.736034899950027466e-01,1.354143381118774414e+00,-5.308044329285621643e-02,9.169295430183410645e-02,-2.400416284799575806e-01,5.474840402603149414e-01,3.177113234996795654e-01,6.208757162094116211e-01,6.851758062839508057e-02,2.350845783948898315e-01,-3.684408664703369141e-01,1.488864538259804249e-03,3.620328307151794434e-01
1.501794576644897461e+00,2.381166219711303711e-01,6.095756888389587402e-01,-3.450837358832359314e-02,9.099041111767292023e-03,1.282627135515213013e-01,9.910979270935058594e-01,-9.335154294967651367e-02,-1.974360495805740356e-01,1.432192921638488770e-01,6.146853566169738770e-01,-4.500159025192260742e-01,2.715187966823577881e-01,-5.887439846992492676e-01,3.785442933440208435e-02,1.640514731407165527e-01,1.254705309867858887e+00,-1.035672426223754883e-01,1.072210371494293213e-01,-2.837448716163635254e-01,4.667557775974273682e-01,3.671196699142456055e-01,5.817534923553466797e-01,-1.763596944510936737e-02,3.572501838207244873e-01,-3.995373547077178955e-01,-9.913531690835952759e-02,4.179044365882873535e-01
1.537578225135803223e+00,2.490814179182052612e-01,6.104394793510437012e-01,-3.550715371966362000e-02,9.232554584741592407e-03,1.347713321447372437e-01,9.901973009109497070e-01,-1.990340277552604675e-02,-1.911075115203857422e-01,1.456563919782638550e-01,5.676911473274230957e-01,-3.731638491153717041e-01,2.583372294902801514e-01,-6.188982129096984863e-01,3.381262347102165222e-02,1.394846141338348389e-01,1.085654735565185547e+00,-1.482028365135192871e-01,1.077038720250129700e-01,-3.129550218582153320e-01,3.956021368503570557e-01,4.029668867588043213e-01,5.198053717613220215e-01,-8.479776978492736816e-02,4.558219313621520996e-01,-4.194898903369903564e-01,-1.795815974473953247e-01,4.674056172370910645e-01
1.578798413276672363e+00,2.591907978057861328e-01,6.122699379920959473e-01,-3.496943786740303040e-02,9.136334992945194244e-03,1.367796808481216431e-01,9.899418950080871582e-01,6.937814503908157349e-02,-1.772364974021911621e-01,1.738336533308029175e-01,5.028803944587707520e-01,-2.381284534931182861e-01,2.292111068964004517e-01,-6.076736450195312500e-01,3.359054774045944214e-02,1.106478273868560791e-01,8.768033981323242188e-01,-1.914462596178054810e-01,1.005772054195404053e-01,-3.257852196693420410e-01,3.449819982051849365e-01,4.232587218284606934e-01,4.726200699806213379e-01,-1.300919204950332642e-01,5.267180204391479492e-01,-4.306262135505676270e-01,-2.355697602033615112e-01,5.078471899032592773e-01
1.624251723289489746e+00,2.700034677982330322e-01,6.146958470344543457e-01,-3.290431201457977295e-02,8.986323140561580658e-03,1.383658647537231445e-01,9.897936582565307617e-01,1.581263393163681030e-01,-1.616168469190597534e-01,2.109409719705581665e-01,4.527270495891571045e-01,-6.247012317180633545e-02,1.886396855115890503e-01,-5.698409080505371094e-01,3.914947062730789185e-02,8.160856366157531738e-02,6.668490171432495117e-01,-2.293742299079895020e-01,9.397380053997039795e-02,-3.284181058406829834e-01,3.176925778388977051e-01,4.281026124954223633e-01,4.538299143314361572e-01,-1.570181846618652344e-01,5.718050003051757812e-01,-4.355061948299407959e-01,-2.701981365680694580e-01,5.355924367904663086e-01
1.670300602912902832e+00,2.818835079669952393e-01,6.179780960083007812e-01,-2.994560450315475464e-02,8.517450653016567230e-03,1.426460444927215576e-01,9.892839789390563965e-01,2.169039398431777954e-01,-1.456981897354125977e-01,2.387288808822631836e-01,4.650107920169830322e-01,1.008221358060836792e-01,1.484383344650268555e-01,-5.211226344108581543e-01,4.856551438570022583e-02,5.139667540788650513e-02,4.925660192966461182e-01,-2.420927286148071289e-01,8.341810107231140137e-02,-3.276539146900177002e-01,3.080857098102569580e-01,4.202093780040740967e-01,4.474610984325408936e-01,-1.660975962877273560e-01,5.910809636116027832e-01,-4.358057975769042969e-01,-2.870316207408905029e-01,5.499688982963562012e-01
1.715285181999206543e+00,2.940711379051208496e-01,6.220730543136596680e-01,-2.672034315764904022e-02,7.897724397480487823e-03,1.490416973829269409e-01,9.884382486343383789e-01,2.271294146776199341e-01,-1.291082501411437988e-01,2.603546380996704102e-01,5.588753223419189453e-01,2.136740982532501221e-01,1.212917268276214600e-01,-4.763965606689453125e-01,6.111325323581695557e-02,2.269300259649753571e-02,3.873450160026550293e-01,-2.151748687028884888e-01,5.687680467963218689e-02,-3.254412710666656494e-01,3.132925629615783691e-01,4.012892842292785645e-01,4.359416663646697998e-01,-1.495720893144607544e-01,5.816566944122314453e-01,-4.342364966869354248e-01,-2.856703698635101318e-01,5.544528365135192871e-01
1.759351491928100586e+00,3.052742481231689453e-01,6.255136728286743164e-01,-2.380366437137126923e-02,7.385882548987865448e-03,1.547888815402984619e-01,9.876331686973571777e-01,1.935501843690872192e-01,-1.099812835454940796e-01,2.912293672561645508e-01,7.093590497970581055e-01,2.819940447807312012e-01,1.153314709663391113e-01,-4.482988119125366211e-01,7.335273176431655884e-02,-2.957264194265007973e-03,3.778023719787597656e-01,-1.716595441102981567e-01,1.501355879008769989e-02,-3.206212520599365234e-01,3.369064033031463623e-01,3.748128712177276611e-01,4.237972795963287354e-01,-9.540164470672607422e-02,5.374747514724731445e-01,-4.326779842376708984e-01,-2.611683309078216553e-01,5.531181097030639648e-01
1.803085923194885254e+00,3.155323863029479980e-01,6.267729401588439941e-01,-2.138772048056125641e-02,6.960707250982522964e-03,1.579234302043914795e-01,9.871951937675476074e-01,1.320622265338897705e-01,-8.490997552871704102e-02,3.348238170146942139e-01,8.652244210243225098e-01,3.299092054367065430e-01,1.298417598009109497e-01,-4.329722225666046143e-01,7.934827357530593872e-02,-2.406407706439495087e-02,4.473599195480346680e-01,-1.546563357114791870e-01,-2.220334857702255249e-02,-3.117951154708862305e-01,3.832759261131286621e-01,3.410760462284088135e-01,4.272984862327575684e-01,-2.541836292948573828e-04,4.581218957901000977e-01,-4.281476140022277832e-01,-2.107344865798950195e-01,5.460126996040344238e-01
1.847173690795898438e+00,3.271358609199523926e-01,6.265491843223571777e-01,-1.935127750039100647e-02,6.845707073807716370e-03,1.581832170486450195e-01,9.871963858604431152e-01,5.069011449813842773e-02,-5.478408187627792358e-02,3.753536641597747803e-01,9.887417554855346680e-01,3.605602979660034180e-01,1.528372317552566528e-01,-4.096403717994689941e-01,7.780596613883972168e-02,-3.339933976531028748e-02,5.400435328483581543e-01,-1.843076050281524658e-01,-3.994677588343620300e-02,-2.984656393527984619e-01,4.491615593433380127e-01,2.989349663257598877e-01,4.504477977752685547e-01,1.216547936201095581e-01,3.532833456993103027e-01,-4.148143231868743896e-01,-1.397501975297927856e-01,5.249301791191101074e-01
1.891662120819091797e+00,3.427497148513793945e-01,6.272872686386108398e-01,-1.680486463010311127e-02,7.071901578456163406e-03,1.553425192832946777e-01,9.876924157142639160e-01,-5.098493024706840515e-02,-2.670961245894432068e-02,3.933897614479064941e-01,1.068969011306762695e+00,3.578887879848480225e-01,1.673416644334793091e-01,-3.614357709884643555e-01,7.017544656991958618e-02,-2.551552280783653259e-02,6.019779443740844727e-01,-2.376177459955215454e-01,-3.937949612736701965e-02,-2.783629596233367920e-01,5.246182084083557129e-01,2.485415190458297729e-01,4.815886318683624268e-01,2.429908215999603271e-01,2.400420755147933960e-01,-3.907764852046966553e-01,-6.262143701314926147e-02,4.790822565555572510e-01
1.935248494148254395e+00,3.627217710018157959e-01,6.299104094505310059e-01,-1.247278507798910141e-02,7.218237966299057007e-03,1.488439887762069702e-01,9.887557029724121094e-01,-1.625865399837493896e-01,-8.069748990237712860e-03,3.819844722747802734e-01,1.101949334144592285e+00,3.152677416801452637e-01,1.625664830207824707e-01,-2.904646098613739014e-01,5.485266074538230896e-02,-1.509920810349285603e-03,6.173603534698486328e-01,-2.776950597763061523e-01,-2.825041487812995911e-02,-2.499690949916839600e-01,5.998162031173706055e-01,1.948692053556442261e-01,5.087758898735046387e-01,3.380872011184692383e-01,1.343803107738494873e-01,-3.631196916103363037e-01,8.457883261144161224e-03,4.048903584480285645e-01
1.976815700531005859e+00,3.847573101520538330e-01,6.335036158561706543e-01,-6.223474629223346710e-03,7.272172719240188599e-03,1.394512653350830078e-01,9.901826977729797363e-01,-2.594733536243438721e-01,-4.025341477245092392e-04,3.485457897186279297e-01,1.077842593193054199e+00,2.429763376712799072e-01,1.370113790035247803e-01,-2.094212323427200317e-01,3.050341270864009857e-02,3.046348504722118378e-02,5.978468656539916992e-01,-2.851296961307525635e-01,-1.253398414701223373e-02,-2.178188562393188477e-01,6.711477637290954590e-01,1.453090310096740723e-01,5.316964387893676758e-01,3.979100883007049561e-01,4.316707327961921692e-02,-3.396613597869873047e-01,7.224232703447341919e-02,3.086638152599334717e-01
2.016588449478149414e+00,4.064826071262359619e-01,6.369756460189819336e-01,8.052513003349304199e-04,6.772134918719530106e-03,1.293769627809524536e-01,9.915720224380493164e-01,-3.215794861316680908e-01,4.969476722180843353e-03,3.049133718013763428e-01,9.903591871261596680e-01,1.555894613265991211e-01,9.621448814868927002e-02,-1.280042976140975952e-01,2.868960145860910416e-04,5.777717009186744690e-02,5.588337182998657227e-01,-2.503714561462402344e-01,4.449073225259780884e-03,-1.899590790271759033e-01,7.368564605712890625e-01,1.058545038104057312e-01,5.545583963394165039e-01,4.274135529994964600e-01,-3.381065279245376587e-02,-3.242019414901733398e-01,1.331106275320053101e-01,2.032421231269836426e-01
2.055303812026977539e+00,4.268999397754669189e-01,6.399241089820861816e-01,7.324235513806343079e-03,5.758924409747123718e-03,1.203604862093925476e-01,9.926865100860595703e-01,-3.457004725933074951e-01,1.734591089189052582e-02,2.608602046966552734e-01,8.464272618293762207e-01,6.192835420370101929e-02,4.784107580780982971e-02,-5.435825884342193604e-02,-3.078304789960384369e-02,7.174175977706909180e-02,5.162509083747863770e-01,-1.671267151832580566e-01,2.097787149250507355e-02,-1.720459908246994019e-01,7.944897413253784180e-01,7.905369251966476440e-02,5.769110321998596191e-01,4.350454807281494141e-01,-1.003270223736763000e-01,-3.150778412818908691e-01,1.918784677982330322e-01,1.034158542752265930e-01
2.093238592147827148e+00,4.457650184631347656e-01,6.420359015464782715e-01,1.258092653006315231e-02,4.687082953751087189e-03,1.120585352182388306e-01,9.936109185218811035e-01,-3.378919959068298340e-01,3.913339972496032715e-02,2.245957404375076294e-01,6.669949293136596680e-01,-3.247460722923278809e-02,-1.586323836818337440e-03,1.237928285263478756e-03,-5.753247067332267761e-02,7.445693761110305786e-02,4.927030801773071289e-01,-5.043043196201324463e-02,3.520975634455680847e-02,-1.636873334646224976e-01,8.419054746627807617e-01,6.666643917560577393e-02,5.951769948005676270e-01,4.253429770469665527e-01,-1.576966792345046997e-01,-3.110628724098205566e-01,2.402243167161941528e-01,2.207435667514801025e-02
2.130305528640747070e+00,4.634426534175872803e-01,6.433777809143066406e-01,1.652110181748867035e-02,3.572118468582630157e-03,1.027283892035484314e-01,9.945658445358276367e-01,-3.070947825908660889e-01,6.544451415538787842e-02,2.017384171485900879e-01,4.815075099468231201e-01,-1.210118606686592102e-01,-4.715804383158683777e-02,2.958840131759643555e-02,-7.897885888814926147e-02,7.472491264343261719e-02,5.164147019386291504e-01,5.544902011752128601e-02,4.203505814075469971e-02,-1.598231345415115356e-01,8.795242309570312500e-01,6.978178769350051880e-02,6.078057885169982910e-01,4.009127318859100342e-01,-2.046641111373901367e-01,-3.117717802524566650e-01,2.705556154251098633e-01,-3.443609178066253662e-02
2.166676282882690430e+00,4.807135760784149170e-01,6.441181302070617676e-01,1.966421864926815033e-02,2.865702612325549126e-03,9.061283618211746216e-02,9.956879019737243652e-01,-2.655023932456970215e-01,9.009167551994323730e-02,1.955194175243377686e-01,3.250672519207000732e-01,-1.893105953931808472e-01,-8.436013758182525635e-02,2.457517944276332855e-02,-9.747059643268585205e-02,7.599791139364242554e-02,6.081933379173278809e-01,1.063456609845161438e-01,3.192209452390670776e-02,-1.557792127132415771e-01,9.088521599769592285e-01,8.827881515026092529e-02,6.149309873580932617e-01,3.631272017955780029e-01,-2.394538372755050659e-01,-3.159574866294860840e-01,2.831299304962158203e-01,-6.566692143678665161e-02
2.202332735061645508e+00,4.983347952365875244e-01,6.438264846801757812e-01,2.320769429206848145e-02,4.414307884871959686e-03,7.541765272617340088e-02,9.968721270561218262e-01,-2.354621142148971558e-01,1.063295602798461914e-01,2.058932930231094360e-01,2.364646345376968384e-01,-2.215169668197631836e-01,-1.088387817144393921e-01,-1.918949931859970093e-02,-1.146867796778678894e-01,8.209200948476791382e-02,7.692912220954895020e-01,9.075390547513961792e-02,-8.081038249656558037e-04,-1.485512107610702515e-01,9.162999987602233887e-01,1.220025271177291870e-01,6.091047525405883789e-01,3.196183443069458008e-01,-2.582033276557922363e-01,-3.195996284484863281e-01,2.808695733547210693e-01,-7.167122513055801392e-02
2.237012386322021484e+00,5.170403122901916504e-01,6.419345140457153320e-01,2.626089565455913544e-02,4.837899468839168549e-03,5.763049423694610596e-02,9.979808330535888672e-01,-2.275835424661636353e-01,1.127810031175613403e-01,2.263195067644119263e-01,2.432892173528671265e-01,-2.193718254566192627e-01,-1.152907088398933411e-01,-8.757366985082626343e-02,-1.193670630455017090e-01,9.949436038732528687e-02,9.663373827934265137e-01,3.659576177597045898e-02,-4.937211424112319946e-02,-1.436541378498077393e-01,9.162999987602233887e-01,1.684540063142776489e-01,5.974685549736022949e-01,2.623354792594909668e-01,-2.448974996805191040e-01,-3.127636313438415527e-01,2.683825492858886719e-01,-4.789803549647331238e-02
2.270391464233398438e+00,5.375693440437316895e-01,6.385762691497802734e-01,2.847591973841190338e-02,2.718138275668025017e-03,3.784547373652458191e-02,9.988740682601928711e-01,-2.326320707798004150e-01,1.076932474970817566e-01,2.566431760787963867e-01,3.254995644092559814e-01,-2.089439034461975098e-01,-1.020007655024528503e-01,-1.690208166837692261e-01,-9.881556779146194458e-02,1.308513581752777100e-01,1.155243873596191406e+00,-2.150486223399639130e-02,-9.401877969503402710e-02,-1.478193253278732300e-01,9.112086296081542969e-01,2.225159853696823120e-01,5.931127667427062988e-01,1.916122287511825562e-01,-1.888648718595504761e-01,-2.919602096080780029e-01,2.437976151704788208e-01,7.065915036946535110e-03
2.302785873413085938e+00,5.586894750595092773e-01,6.348667144775390625e-01,3.285252675414085388e-02,2.057884819805622101e-03,1.638305932283401489e-02,9.993237853050231934e-01,-2.326315939426422119e-01,8.754310756921768188e-02,3.016645312309265137e-01,4.241820871829986572e-01,-2.193297743797302246e-01,-7.788133621215820312e-02,-2.641263008117675781e-01,-5.856048315763473511e-02,1.662918627262115479e-01,1.306506156921386719e+00,-7.275826483964920044e-02,-1.167886257171630859e-01,-1.615221649408340454e-01,8.581394553184509277e-01,2.781282961368560791e-01,5.865066647529602051e-01,1.306310147047042847e-01,-9.746262431144714355e-02,-2.703733742237091064e-01,1.930222362279891968e-01,8.293012529611587524e-02
2.335249662399291992e+00,5.771487951278686523e-01,6.320194602012634277e-01,3.845124691724777222e-02,2.700334880501031876e-04,-6.593074649572372437e-03,9.992386698722839355e-01,-2.031967192888259888e-01,6.110411137342453003e-02,3.548008203506469727e-01,4.920213520526885986e-01,-2.543227374553680420e-01,-5.949639528989791870e-02,-3.578793704509735107e-01,-1.318038534373044968e-02,1.846941560506820679e-01,1.397457957267761230e+00,-1.226265877485275269e-01,-1.196192651987075806e-01,-1.902286112308502197e-01,7.811202406883239746e-01,3.268486559391021729e-01,5.880194902420043945e-01,6.681147962808609009e-02,2.192878909409046173e-02,-2.567236423492431641e-01,1.140443012118339539e-01,1.634112447500228882e-01
2.368371248245239258e+00,5.896430015563964844e-01,6.302508711814880371e-01,4.455813765525817871e-02,-2.651384100317955017e-03,-3.141612932085990906e-02,9.985091686248779297e-01,-1.428747177124023438e-01,3.486202657222747803e-02,4.084370732307434082e-01,5.140866041183471680e-01,-2.901718616485595703e-01,-5.714642629027366638e-02,-4.398092925548553467e-01,1.977882534265518188e-02,1.716800183057785034e-01,1.420360803604125977e+00,-1.827494353055953979e-01,-1.220105215907096863e-01,-2.307323664426803589e-01,6.942749619483947754e-01,3.670388758182525635e-01,5.880817174911499023e-01,-3.986373078078031540e-03,1.531920880079269409e-01,-2.550143301486968994e-01,1.611606217920780182e-02,2.406464368104934692e-01
2.401634931564331055e+00,5.948346257209777832e-01,6.288224458694458008e-01,5.030707642436027527e-02,-6.568721961230039597e-03,-5.935103818774223328e-02,9.969471096992492676e-01,-6.298103928565979004e-02,1.155321020632982254e-02,4.614073634147644043e-01,5.008388161659240723e-01,-3.070505261421203613e-01,-7.127944380044937134e-02,-4.972775876522064209e-01,3.857065737247467041e-02,1.279017478227615356e-01,1.374627590179443359e+00,-2.544040977954864502e-01,-1.419121623039245605e-01,-2.732819020748138428e-01,6.082462668418884277e-01,3.993861377239227295e-01,5.732308626174926758e-01,-7.632749527692794800e-02,2.787706851959228516e-01,-2.638182044029235840e-01,-8.266227692365646362e-02,3.142612576484680176e-01
2.434722185134887695e+00,5.934150218963623047e-01,6.268994212150573730e-01,5.609856918454170227e-02,-1.118143089115619659e-02,-9.060382843017578125e-02,9.942428469657897949e-01,2.705562300980091095e-02,-1.189438626170158386e-02,5.135078430175781250e-01,4.630226790904998779e-01,-2.898653447628021240e-01,-9.964063763618469238e-02,-5.186458826065063477e-01,5.475522205233573914e-02,6.662459671497344971e-02,1.264778971672058105e+00,-3.311196267604827881e-01,-1.792766302824020386e-01,-3.109790086746215820e-01,5.321457386016845703e-01,4.239138066768646240e-01,5.442755818367004395e-01,-1.373963207006454468e-01,3.867379426956176758e-01,-2.815792560577392578e-01,-1.692847907543182373e-01,3.826492130756378174e-01
2.468435287475585938e+00,5.882166624069213867e-01,6.243677139282226562e-01,6.223582103848457336e-02,-1.642583869397640228e-02,-1.226221099495887756e-01,9.903639554977416992e-01,1.199572682380676270e-01,-3.621671348810195923e-02,5.607998371124267578e-01,4.111904501914978027e-01,-2.137612104415893555e-01,-1.429059505462646484e-01,-4.985390603542327881e-01,7.941419631242752075e-02,2.785201417282223701e-03,1.097772121429443359e+00,-4.020186662673950195e-01,-2.172498553991317749e-01,-3.439051508903503418e-01,4.726881682872772217e-01,4.398495256900787354e-01,5.167860388755798340e-01,-1.794691532850265503e-01,4.710064232349395752e-01,-3.063627779483795166e-01,-2.399375736713409424e-01,4.399944543838500977e-01
2.503333330154418945e+00,5.827293395996093750e-01,6.210569143295288086e-01,6.835570186376571655e-02,-2.170912362635135651e-02,-1.516079008579254150e-01,9.858353137969970703e-01,2.034178972244262695e-01,-5.678933113813400269e-02,5.884982347488403320e-01,3.661515712738037109e-01,-6.785070151090621948e-02,-2.004057019948959351e-01,-4.449852406978607178e-01,1.138771027326583862e-01,-5.334867537021636963e-02,8.890386223793029785e-01,-4.530837833881378174e-01,-2.364747822284698486e-01,-3.775666654109954834e-01,4.342063069343566895e-01,4.490572810173034668e-01,5.054304599761962891e-01,-2.043793648481369019e-01,5.332930088043212891e-01,-3.333801031112670898e-01,-2.943443357944488525e-01,4.810922145843505859e-01
2.538829565048217773e+00,5.784441232681274414e-01,6.168815493583679199e-01,7.426034659147262573e-02,-2.669031359255313873e-02,-1.753629446029663086e-01,9.813362360000610352e-01,2.625648081302642822e-01,-6.679754704236984253e-02,5.751456022262573242e-01,3.575369417667388916e-01,1.097548976540565491e-01,-2.647293806076049805e-01,-3.751472532749176025e-01,1.513326764106750488e-01,-9.834482520818710327e-02,6.698783636093139648e-01,-4.740036427974700928e-01,-2.351231724023818970e-01,-4.141176939010620117e-01,4.120331108570098877e-01,4.554365277290344238e-01,5.081930756568908691e-01,-2.180290669202804565e-01,5.776591300964355469e-01,-3.561156690120697021e-01,-3.357822299003601074e-01,5.032803416252136230e-01
2.574307203292846680e+00,5.748094320297241211e-01,6.125808954238891602e-01,8.039448410272598267e-02,-3.105333633720874786e-02,-1.943577677011489868e-01,9.771373867988586426e-01,2.840119898319244385e-01,-6.640899926424026489e-02,5.108985304832458496e-01,4.087419807910919189e-01,2.529996037483215332e-01,-3.252043724060058594e-01,-3.084268271923065186e-01,1.852263808250427246e-01,-1.282119005918502808e-01,4.796550571918487549e-01,-4.686670303344726562e-01,-2.341473698616027832e-01,-4.481750726699829102e-01,3.948426246643066406e-01,4.616326987743377686e-01,5.078547000885009766e-01,-2.243599444627761841e-01,6.087046265602111816e-01,-3.700527846813201904e-01,-3.707405030727386475e-01,5.080445408821105957e-01
2.608734846115112305e+00,5.712910890579223633e-01,6.096114516258239746e-01,8.738380670547485352e-02,-3.483568131923675537e-02,-2.104391604661941528e-01,9.730703234672546387e-01,2.640252709388732910e-01,-6.397452205419540405e-02,4.125048220157623291e-01,5.207174420356750488e-01,3.241742849349975586e-01,-3.743372857570648193e-01,-2.639127373695373535e-01,2.082964330911636353e-01,-1.359564214944839478e-01,3.635130226612091064e-01,-4.525704085826873779e-01,-2.565131485462188721e-01,-4.697035849094390869e-01,3.763503730297088623e-01,4.687821567058563232e-01,4.905520081520080566e-01,-2.222336828708648682e-01,6.246461272239685059e-01,-3.721487522125244141e-01,-3.976501524448394775e-01,4.997244179248809814e-01
2.639051437377929688e+00,5.677381157875061035e-01,6.082381606101989746e-01,9.411696344614028931e-02,-3.822538256645202637e-02,-2.258725315332412720e-01,9.688459038734436035e-01,2.160901278257369995e-01,-6.409725546836853027e-02,3.139469921588897705e-01,6.602526903152465820e-01,3.295296132564544678e-01,-4.098008871078491211e-01,-2.548042535781860352e-01,2.164269983768463135e-01,-1.203022524714469910e-01,3.561840355396270752e-01,-4.379817247390747070e-01,-3.056284189224243164e-01,-4.734418392181396484e-01,3.641552329063415527e-01,4.750775396823883057e-01,4.594474136829376221e-01,-2.037078887224197388e-01,6.131567955017089844e-01,-3.646234869956970215e-01,-3.984141349792480469e-01,4.831291139125823975e-01
2.664171695709228516e+00,5.638396739959716797e-01,6.066877245903015137e-01,9.942213445901870728e-02,-4.116998985409736633e-02,-2.437184303998947144e-01,9.638576507568359375e-01,1.547670513391494751e-01,-6.055905297398567200e-02,2.317526191473007202e-01,7.879275083541870117e-01,2.940885722637176514e-01,-4.321987032890319824e-01,-2.759257555007934570e-01,2.142153978347778320e-01,-8.839915692806243896e-02,4.492737352848052979e-01,-4.310627877712249756e-01,-3.614082932472229004e-01,-4.650557637214660645e-01,3.784698247909545898e-01,4.738286733627319336e-01,4.374666512012481689e-01,-1.540101319551467896e-01,5.598320960998535156e-01,-3.544316291809082031e-01,-3.541356027126312256e-01,4.580862820148468018e-01
2.687491416931152344e+00,5.583480596542358398e-01,6.034483313560485840e-01,1.029607206583023071e-01,-4.399253055453300476e-02,-2.675733864307403564e-01,9.570100307464599609e-01,7.897151261568069458e-02,-4.863932728767395020e-02,1.546183377504348755e-01,8.925167322158813477e-01,2.326678633689880371e-01,-4.400107562541961670e-01,-2.993921637535095215e-01,2.125371396541595459e-01,-4.442519322037696838e-02,5.825358629226684570e-01,-4.364666044712066650e-01,-3.995974063873291016e-01,-4.584121704101562500e-01,4.354425668716430664e-01,4.529539644718170166e-01,4.492684304714202881e-01,-6.088310852646827698e-02,4.605261981487274170e-01,-3.441447615623474121e-01,-2.651411294937133789e-01,4.190354645252227783e-01
2.713057994842529297e+00,5.499942302703857422e-01,5.998696684837341309e-01,1.051348820328712463e-01,-4.703604057431221008e-02,-2.987092733383178711e-01,9.473685026168823242e-01,-1.273617520928382874e-02,-3.505113348364830017e-02,7.196801900863647461e-02,9.718163013458251953e-01,1.530203223228454590e-01,-4.329231083393096924e-01,-2.971207499504089355e-01,2.173217236995697021e-01,1.264081802219152451e-02,6.902714967727661133e-01,-4.538278579711914062e-01,-4.142377972602844238e-01,-4.574014246463775635e-01,5.234480500221252441e-01,4.042285382747650146e-01,4.865638911724090576e-01,6.841276586055755615e-02,3.331409990787506104e-01,-3.277810513973236084e-01,-1.550285220146179199e-01,3.584855198860168457e-01
2.740367889404296875e+00,5.382744669914245605e-01,5.981644392013549805e-01,1.068414226174354553e-01,-4.979562386870384216e-02,-3.346976339817047119e-01,9.349239468574523926e-01,-1.039923951029777527e-01,-2.472683228552341461e-02,-2.440973185002803802e-03,1.014290571212768555e+00,6.153792142868041992e-02,-4.139674007892608643e-01,-2.633057534694671631e-01,2.244554162025451660e-01,8.246537297964096069e-02,7.471361756324768066e-01,-4.724629819393157959e-01,-4.146429598331451416e-01,-4.495180845260620117e-01,6.089681386947631836e-01,3.354176580905914307e-01,5.115930438041687012e-01,2.031193375587463379e-01,2.075629234313964844e-01,-2.998793125152587891e-01,-5.627151951193809509e-02,2.746515274047851562e-01
2.767010927200317383e+00,5.237538218498229980e-01,5.991632342338562012e-01,1.081219241023063660e-01,-5.151787027716636658e-02,-3.722591400146484375e-01,9.203687906265258789e-01,-1.741257756948471069e-01,-1.301605906337499619e-02,-4.850823432207107544e-02,1.005912184715270996e+00,-3.288269042968750000e-02,-3.908606171607971191e-01,-2.082984745502471924e-01,2.274014800786972046e-01,1.588180512189865112e-01,7.584252357482910156e-01,-4.767889082431793213e-01,-4.116216897964477539e-01,-4.198834300041198730e-01,6.741541028022766113e-01,2.656052410602569580e-01,5.052918791770935059e-01,3.093579709529876709e-01,1.048142760992050171e-01,-2.664471268653869629e-01,1.608673110604286194e-02,1.764491647481918335e-01
2.792434215545654297e+00,5.070376396179199219e-01,6.018601059913635254e-01,1.086753606796264648e-01,-5.187591537833213806e-02,-4.098318219184875488e-01,9.041771888732910156e-01,-2.145907580852508545e-01,3.141725435853004456e-03,-6.532711535692214966e-02,9.379553794860839844e-01,-1.227378696203231812e-01,-3.703790307044982910e-01,-1.450470983982086182e-01,2.229259908199310303e-01,2.330300807952880859e-01,7.424868345260620117e-01,-4.600633680820465088e-01,-4.075602293014526367e-01,-3.716326653957366943e-01,7.267695665359497070e-01,2.059811204671859741e-01,4.827239513397216797e-01,3.730662167072296143e-01,2.395757287740707397e-02,-2.362914532423019409e-01,7.534565031528472900e-02,7.994673401117324829e-02
2.817612648010253906e+00,4.885057806968688965e-01,6.051900982856750488e-01,1.072293147444725037e-01,-5.078990012407302856e-02,-4.467127025127410889e-01,8.867750763893127441e-01,-2.284865081310272217e-01,2.214518003165721893e-02,-6.540004909038543701e-02,8.124980330467224121e-01,-2.028458416461944580e-01,-3.531501591205596924e-01,-8.267121016979217529e-02,2.105431407690048218e-01,2.924569845199584961e-01,7.157187461853027344e-01,-4.177298247814178467e-01,-4.012292623519897461e-01,-3.216665983200073242e-01,7.766877412796020508e-01,1.572925299406051636e-01,4.655061066150665283e-01,3.992463350296020508e-01,-4.216650873422622681e-02,-2.130886316299438477e-01,1.344109773635864258e-01,1.833066780818626285e-04
2.842372179031372070e+00,4.684316515922546387e-01,6.087144613265991211e-01,1.035735979676246643e-01,-4.826905578374862671e-02,-4.814619719982147217e-01,8.689861893653869629e-01,-2.241285443305969238e-01,4.086158052086830139e-02,-6.064162403345108032e-02,6.502913832664489746e-01,-2.696609199047088623e-01,-3.372187316417694092e-01,-3.077517822384834290e-02,1.929266750812530518e-01,3.256059288978576660e-01,6.921471953392028809e-01,-3.442131578922271729e-01,-3.891320228576660156e-01,-2.800438404083251953e-01,8.222159147262573242e-01,1.211772337555885315e-01,4.590523242950439453e-01,4.006840884685516357e-01,-9.562964737415313721e-02,-1.957598626613616943e-01,1.864174753427505493e-01,-5.653294548392295837e-02
2.865524768829345703e+00,4.473753869533538818e-01,6.123165488243103027e-01,9.847895801067352295e-02,-4.386974871158599854e-02,-5.140329003334045410e-01,8.509685993194580078e-01,-2.126708626747131348e-01,5.906805768609046936e-02,-5.355050787329673767e-02,4.930473268032073975e-01,-3.200181424617767334e-01,-3.220894634723663330e-01,1.486172550357878208e-03,1.736643761396408081e-01,3.273833096027374268e-01,6.842455267906188965e-01,-2.424310296773910522e-01,-3.630948960781097412e-01,-2.461980134248733521e-01,8.543445467948913574e-01,1.022141501307487488e-01,4.557406902313232422e-01,3.860684633255004883e-01,-1.350614279508590698e-01,-1.846810132265090942e-01,2.161858081817626953e-01,-9.102084487676620483e-02
2.886499166488647461e+00,4.259242713451385498e-01,6.156013607978820801e-01,9.316355735063552856e-02,-3.695160150527954102e-02,-5.468758344650268555e-01,8.311930894851684570e-01,-2.047786414623260498e-01,7.787828892469406128e-02,-3.883592039346694946e-02,3.834322392940521240e-01,-3.492130339145660400e-01,-3.069743216037750244e-01,5.081424955278635025e-03,1.527058333158493042e-01,3.025796115398406982e-01,7.139067053794860840e-01,-1.395874172449111938e-01,-3.165609836578369141e-01,-2.146802395582199097e-01,8.688153624534606934e-01,1.008032858371734619e-01,4.475187361240386963e-01,3.565137982368469238e-01,-1.607927978038787842e-01,-1.769982874393463135e-01,2.267403453588485718e-01,-1.068520322442054749e-01
2.905981302261352539e+00,4.045942723751068115e-01,6.173807382583618164e-01,8.905281126499176025e-02,-2.770810015499591827e-02,-5.816783308982849121e-01,8.080545663833618164e-01,-2.043908983469009399e-01,9.662957489490509033e-02,-1.223489362746477127e-02,3.455322980880737305e-01,-3.564223051071166992e-01,-2.906532883644104004e-01,-3.006988205015659332e-02,1.276852190494537354e-01,2.601300477981567383e-01,8.043854832649230957e-01,-7.192776352167129517e-02,-2.570274770259857178e-01,-1.846076250076293945e-01,8.661046624183654785e-01,1.122278720140457153e-01,4.298732280731201172e-01,3.087275624275207520e-01,-1.718549430370330811e-01,-1.665617525577545166e-01,2.327022105455398560e-01,-1.059943959116935730e-01
2.925018072128295898e+00,3.837102949619293213e-01,6.167118549346923828e-01,8.641799539327621460e-02,-1.722198538482189178e-02,-6.171407699584960938e-01,7.819031476974487305e-01,-2.076484560966491699e-01,1.124266982078552246e-01,2.764167450368404388e-02,3.770482838153839111e-01,-3.589291870594024658e-01,-2.727440893650054932e-01,-1.074023470282554626e-01,1.009084582328796387e-01,2.123159021139144897e-01,9.551123380661010742e-01,-5.524327978491783142e-02,-2.114303708076477051e-01,-1.606660038232803345e-01,8.439854979515075684e-01,1.334047317504882812e-01,4.026473760604858398e-01,2.450057715177536011e-01,-1.623376458883285522e-01,-1.521344929933547974e-01,2.405544370412826538e-01,-8.705093711614608765e-02
2.944905281066894531e+00,3.624508082866668701e-01,6.141236424446105957e-01,8.521919697523117065e-02,-7.166432216763496399e-03,-6.510326266288757324e-01,7.542167305946350098e-01,-2.029063403606414795e-01,1.206274032592773438e-01,8.342495560646057129e-02,4.476485550403594971e-01,-3.799066245555877686e-01,-2.523410618305206299e-01,-2.199539095163345337e-01,8.198350667953491211e-02,1.741796880960464478e-01,1.137145161628723145e+00,-7.740003615617752075e-02,-2.028577923774719238e-01,-1.482765823602676392e-01,7.974119782447814941e-01,1.655024886131286621e-01,3.730265498161315918e-01,1.755981892347335815e-01,-1.245808526873588562e-01,-1.395978331565856934e-01,2.407592087984085083e-01,-4.648837074637413025e-02
2.965539932250976562e+00,3.399371206760406494e-01,6.112214922904968262e-01,8.458153903484344482e-02,1.157832797616720200e-03,-6.823441386222839355e-01,7.261205911636352539e-01,-1.788235157728195190e-01,1.185172051191329956e-01,1.539712250232696533e-01,5.154885053634643555e-01,-4.222338795661926270e-01,-2.293516695499420166e-01,-3.496348857879638672e-01,8.130802959203720093e-02,1.473397761583328247e-01,1.308977246284484863e+00,-1.162449195981025696e-01,-2.257138788700103760e-01,-1.501891314983367920e-01,7.268567681312561035e-01,2.106111198663711548e-01,3.537032604217529297e-01,1.093391925096511841e-01,-5.735471844673156738e-02,-1.368430107831954956e-01,2.243584543466567993e-01,1.569818705320358276e-02
2.984122514724731445e+00,3.173638880252838135e-01,6.092556118965148926e-01,8.311874419450759888e-02,6.829043384641408920e-03,-7.090588808059692383e-01,7.002000808715820312e-01,-1.343525946140289307e-01,1.079028397798538208e-01,2.267771810293197632e-01,5.489313006401062012e-01,-4.638460874557495117e-01,-2.092474848031997681e-01,-4.684294760227203369e-01,9.048614650964736938e-02,1.149090081453323364e-01,1.424886822700500488e+00,-1.567970067262649536e-01,-2.516832351684570312e-01,-1.686355322599411011e-01,6.479907035827636719e-01,2.649762332439422607e-01,3.589121997356414795e-01,4.642801359295845032e-02,3.459081053733825684e-02,-1.502411365509033203e-01,1.878067255020141602e-01,8.896218985319137573e-02
2.996692657470703125e+00,2.968280911445617676e-01,6.087324023246765137e-01,7.935528457164764404e-02,9.609114378690719604e-03,-7.293868064880371094e-01,6.794154047966003418e-01,-7.456143945455551147e-02,9.496272355318069458e-02,2.859487533569335938e-01,5.372922420501708984e-01,-4.788686931133270264e-01,-1.982285380363464355e-01,-5.469690561294555664e-01,9.208083152770996094e-02,5.909241363406181335e-02,1.445694804191589355e+00,-1.970630586147308350e-01,-2.613159120082855225e-01,-2.065859735012054443e-01,5.814884901046752930e-01,3.213546574115753174e-01,3.928806185722351074e-01,-1.910329610109329224e-02,1.441002041101455688e-01,-1.817254126071929932e-01,1.318862140178680420e-01,1.589551866054534912e-01
3.002692699432373047e+00,2.775360643863677979e-01,6.094720959663391113e-01,7.312920689582824707e-02,9.934732690453529358e-03,-7.450820207595825195e-01,6.628772020339965820e-01,-2.334647579118609428e-03,8.296703547239303589e-02,3.293338418006896973e-01,4.876061975955963135e-01,-4.556304812431335449e-01,-1.973856687545776367e-01,-5.758407115936279297e-01,8.528973907232284546e-02,-2.171176858246326447e-02,1.366893172264099121e+00,-2.417675107717514038e-01,-2.629372477531433105e-01,-2.607688605785369873e-01,5.352793335914611816e-01,3.739493787288665771e-01,4.414019882678985596e-01,-9.082897007465362549e-02,2.612560987472534180e-01,-2.294761836528778076e-01,6.240625306963920593e-02,2.215493172407150269e-01
3.004326105117797852e+00,2.548305690288543701e-01,6.108193397521972656e-01,6.584089249372482300e-02,9.079865179955959320e-03,-7.604933977127075195e-01,6.459351778030395508e-01,7.995408028364181519e-02,7.006874680519104004e-02,3.656706511974334717e-01,4.176000356674194336e-01,-3.914819657802581787e-01,-2.045770883560180664e-01,-5.649785995483398438e-01,9.000233560800552368e-02,-1.082726120948791504e-01,1.218631148338317871e+00,-2.914007306098937988e-01,-2.694619297981262207e-01,-3.209195435047149658e-01,5.064448714256286621e-01,4.194827377796173096e-01,4.850381612777709961e-01,-1.620092391967773438e-01,3.729417622089385986e-01,-2.873928844928741455e-01,-1.142500434070825577e-02,2.806740403175354004e-01
3.002739191055297852e+00,2.239083498716354370e-01,6.123411059379577637e-01,5.939894914627075195e-02,7.827095687389373779e-03,-7.767602205276489258e-01,6.269401907920837402e-01,1.666385382413864136e-01,5.454843863844871521e-02,3.964320421218872070e-01,3.467871844768524170e-01,-2.830534279346466064e-01,-2.222083508968353271e-01,-5.254576802253723145e-01,1.190849915146827698e-01,-1.700253188610076904e-01,1.028992772102355957e+00,-3.351676166057586670e-01,-2.769886851310729980e-01,-3.755131065845489502e-01,4.916773736476898193e-01,4.529961049556732178e-01,5.188874006271362305e-01,-2.203133255243301392e-01,4.660616815090179443e-01,-3.452872931957244873e-01,-8.095430582761764526e-02,3.343639671802520752e-01
2.997771024703979492e+00,1.842154413461685181e-01,6.144493222236633301e-01,5.534334480762481689e-02,6.396133452653884888e-03,-7.916794419288635254e-01,6.083911657333374023e-01,2.426805645227432251e-01,4.032687470316886902e-02,4.110504090785980225e-01,3.041411936283111572e-01,-1.443232297897338867e-01,-2.516573965549468994e-01,-4.673126637935638428e-01,1.647579967975616455e-01,-1.885642409324645996e-01,8.202772736549377441e-01,-3.563793599605560303e-01,-2.767601609230041504e-01,-4.207874238491058350e-01,4.885111749172210693e-01,4.718726277351379395e-01,5.492709875106811523e-01,-2.610924243927001953e-01,5.364817976951599121e-01,-3.936225771903991699e-01,-1.420230120420455933e-01,3.757929801940917969e-01
2.990153551101684570e+00,1.406679153442382812e-01,6.176401376724243164e-01,5.390654504299163818e-02,4.444598220288753510e-03,-8.030843734741210938e-01,5.934053063392639160e-01,2.863566279411315918e-01,3.211016207933425903e-02,3.963045477867126465e-01,3.233519494533538818e-01,-1.940307021141052246e-02,-2.831791341304779053e-01,-4.033003151416778564e-01,2.074611186981201172e-01,-1.702302396297454834e-01,6.264941692352294922e-01,-3.502137959003448486e-01,-2.727782726287841797e-01,-4.588386416435241699e-01,4.923938214778900146e-01,4.772190153598785400e-01,5.770320296287536621e-01,-2.864620983600616455e-01,5.855236053466796875e-01,-4.244299530982971191e-01,-1.903858929872512817e-01,4.020960330963134766e-01
2.981336355209350586e+00,9.876975417137145996e-02,6.213536262512207031e-01,5.478410795331001282e-02,1.795304706320166588e-03,-8.109044432640075684e-01,5.826057195663452148e-01,2.780915200710296631e-01,2.816723100841045380e-02,3.534170091152191162e-01,4.292052090167999268e-01,4.258781298995018005e-02,-2.970486581325531006e-01,-3.479227125644683838e-01,2.327068150043487549e-01,-1.380499601364135742e-01,4.909899830818176270e-01,-3.295708894729614258e-01,-2.775051593780517578e-01,-4.873079657554626465e-01,4.933533370494842529e-01,4.720140099525451660e-01,5.881437063217163086e-01,-2.965628206729888916e-01,6.129943728446960449e-01,-4.319672584533691406e-01,-2.211111336946487427e-01,4.152058362960815430e-01
2.971518039703369141e+00,6.021353602409362793e-02,6.233103871345520020e-01,5.801437795162200928e-02,-1.258110860362648964e-03,-8.167275190353393555e-01,5.740983486175537109e-01,2.090954035520553589e-01,2.157285064458847046e-02,2.984273433685302734e-01,6.213852763175964355e-01,2.472637034952640533e-02,-2.778026163578033447e-01,-3.101976215839385986e-01,2.398491650819778442e-01,-1.114392355084419250e-01,4.395787715911865234e-01,-3.205296695232391357e-01,-2.937384843826293945e-01,-4.985888600349426270e-01,4.873856902122497559e-01,4.579693675041198730e-01,5.698422193527221680e-01,-2.823145687580108643e-01,6.123849749565124512e-01,-4.125640094280242920e-01,-2.272735536098480225e-01,4.159915447235107422e-01
2.959574937820434570e+00,2.335529774427413940e-02,6.214692592620849609e-01,6.364024430513381958e-02,-3.743443870916962624e-03,-8.229455947875976562e-01,5.645320415496826172e-01,8.982630074024200439e-02,9.776912629604339600e-03,2.503407895565032959e-01,8.602539896965026855e-01,-4.509053751826286316e-02,-2.249284684658050537e-01,-2.881430089473724365e-01,2.388644963502883911e-01,-9.189600497484207153e-02,4.625576734542846680e-01,-3.443169891834259033e-01,-3.127437233924865723e-01,-4.903957545757293701e-01,4.830697476863861084e-01,4.340911805629730225e-01,5.289120078086853027e-01,-2.312116920948028564e-01,5.749334096908569336e-01,-3.708532452583312988e-01,-2.072322666645050049e-01,4.040612578392028809e-01
2.945495843887329102e+00,-1.259762607514858246e-02,6.161115169525146484e-01,7.019292563199996948e-02,-5.056015215814113617e-03,-8.306940793991088867e-01,5.522633194923400879e-01,-6.030470877885818481e-02,-1.554853864945471287e-03,2.173312455415725708e-01,1.096637129783630371e+00,-1.310781091451644897e-01,-1.495566666126251221e-01,-2.681170403957366943e-01,2.391925156116485596e-01,-6.864964216947555542e-02,5.200292468070983887e-01,-4.002668857574462891e-01,-3.265053629875183105e-01,-4.716359078884124756e-01,4.970745742321014404e-01,3.986879885196685791e-01,4.884133338928222656e-01,-1.417877823114395142e-01,5.002277493476867676e-01,-3.192991316318511963e-01,-1.671316325664520264e-01,3.776574730873107910e-01
2.931567192077636719e+00,-4.576195031404495239e-02,6.104294657707214355e-01,7.522509247064590454e-02,-6.004864349961280823e-03,-8.399521112442016602e-01,5.373877286911010742e-01,-2.178060412406921387e-01,-1.621189992874860764e-03,1.932137459516525269e-01,1.294546723365783691e+00,-2.180989682674407959e-01,-7.471720129251480103e-02,-2.356155067682266235e-01,2.419539391994476318e-01,-3.485357016324996948e-02,5.648497939109802246e-01,-4.614309072494506836e-01,-3.333984911441802979e-01,-4.539015591144561768e-01,5.380637049674987793e-01,3.520320951938629150e-01,4.681739807128906250e-01,-3.631234541535377502e-02,4.035297334194183350e-01,-2.757314145565032959e-01,-1.174190193414688110e-01,3.360772728919982910e-01
2.920248270034790039e+00,-7.458401471376419067e-02,6.077076792716979980e-01,7.655873894691467285e-02,-7.771363481879234314e-03,-8.502231240272521973e-01,5.207676887512207031e-01,-3.563087880611419678e-01,1.338715665042400360e-02,1.608791053295135498e-01,1.421251296997070312e+00,-3.017728924751281738e-01,-3.088554739952087402e-02,-1.812229454517364502e-01,2.404741197824478149e-01,8.171253837645053864e-03,5.663828849792480469e-01,-4.947799444198608398e-01,-3.320321440696716309e-01,-4.355805516242980957e-01,5.979357957839965820e-01,2.979904413223266602e-01,4.645515382289886475e-01,5.621389672160148621e-02,3.044208586215972900e-01,-2.509145140647888184e-01,-6.588143855333328247e-02,2.758847475051879883e-01
2.910531044006347656e+00,-1.019378900527954102e-01,6.083500981330871582e-01,7.478477060794830322e-02,-1.120173372328281403e-02,-8.616849780082702637e-01,5.017776489257812500e-01,-4.590560197830200195e-01,4.034024477005004883e-02,1.121373549103736877e-01,1.457800745964050293e+00,-3.785909116268157959e-01,-3.311453014612197876e-02,-1.064191386103630066e-01,2.276042550802230835e-01,5.414133891463279724e-02,5.247907042503356934e-01,-4.844306409358978271e-01,-3.219455182552337646e-01,-3.982777893543243408e-01,6.610043644905090332e-01,2.463134974241256714e-01,4.577209055423736572e-01,1.235664039850234985e-01,2.122848033905029297e-01,-2.430065423250198364e-01,-1.516470406204462051e-02,1.912529915571212769e-01
2.899751663208007812e+00,-1.320276260375976562e-01,6.106512546539306641e-01,7.207281887531280518e-02,-1.585972309112548828e-02,-8.744377493858337402e-01,4.794919788837432861e-01,-5.212534070014953613e-01,7.437601685523986816e-02,6.108652055263519287e-02,1.408464908599853516e+00,-4.463254511356353760e-01,-6.651224195957183838e-02,-2.327418141067028046e-02,2.021218389272689819e-01,9.338648617267608643e-02,4.670433998107910156e-01,-4.370593428611755371e-01,-3.060469627380371094e-01,-3.314541280269622803e-01,7.194342613220214844e-01,2.069453895092010498e-01,4.380182623863220215e-01,1.703639477491378784e-01,1.282925307750701904e-01,-2.432400584220886230e-01,3.582902997732162476e-02,8.778244256973266602e-02
2.887179136276245117e+00,-1.652788817882537842e-01,6.128252744674682617e-01,6.926687806844711304e-02,-2.090782113373279572e-02,-8.873953223228454590e-01,4.552960991859436035e-01,-5.386446714401245117e-01,1.110130026936531067e-01,2.750514261424541473e-02,1.285737991333007812e+00,-5.020301342010498047e-01,-1.104076504707336426e-01,5.092679336667060852e-02,1.691755801439285278e-01,1.136282905936241150e-01,4.238767921924591064e-01,-3.634772300720214844e-01,-2.869805097579956055e-01,-2.516383230686187744e-01,7.758366465568542480e-01,1.827267706394195557e-01,4.211335778236389160e-01,2.023081034421920776e-01,5.298683047294616699e-02,-2.481187283992767334e-01,8.784532546997070312e-02,-1.274223346263170242e-02
2.873523235321044922e+00,-1.992278397083282471e-01,6.153546571731567383e-01,6.600171327590942383e-02,-2.517210319638252258e-02,-8.991589546203613281e-01,4.318834543228149414e-01,-5.090306401252746582e-01,1.429303288459777832e-01,1.627869345247745514e-02,1.089449405670166016e+00,-5.235999822616577148e-01,-1.562922745943069458e-01,1.000852286815643311e-01,1.355837732553482056e-01,1.067357063293457031e-01,4.156878292560577393e-01,-2.637170553207397461e-01,-2.658284008502960205e-01,-1.873786002397537231e-01,8.320176601409912109e-01,1.682550758123397827e-01,4.240272343158721924e-01,2.227836400270462036e-01,-1.003089081496000290e-02,-2.568718791007995605e-01,1.345386654138565063e-01,-8.754683285951614380e-02
2.858403921127319336e+00,-2.339704036712646484e-01,6.181798577308654785e-01,6.209571287035942078e-02,-2.806186676025390625e-02,-9.097265005111694336e-01,4.095782041549682617e-01,-4.382526874542236328e-01,1.654419600963592529e-01,2.066977322101593018e-02,8.483721017837524414e-01,-5.235999822616577148e-01,-2.022529244422912598e-01,1.145501881837844849e-01,1.051734387874603271e-01,7.684278488159179688e-02,4.668339192867279053e-01,-1.492727547883987427e-01,-2.449741959571838379e-01,-1.499104052782058716e-01,8.812533020973205566e-01,1.612015068531036377e-01,4.421564936637878418e-01,2.328507304191589355e-01,-5.676687508821487427e-02,-2.675423026084899902e-01,1.671236008405685425e-01,-1.270445585250854492e-01
2.841350078582763672e+00,-2.713148891925811768e-01,6.211007237434387207e-01,5.884241685271263123e-02,-2.969663590192794800e-02,-9.201186299324035645e-01,3.860535919666290283e-01,-3.515407443046569824e-01,1.756711453199386597e-01,3.142821788787841797e-02,6.285014152526855469e-01,-5.235999822616577148e-01,-2.384091466665267944e-01,8.676294237375259399e-02,7.510100305080413818e-02,4.187951982021331787e-02,6.005825996398925781e-01,-5.155711993575096130e-02,-2.308885008096694946e-01,-1.314243078231811523e-01,9.125818610191345215e-01,1.634951084852218628e-01,4.552384316921234131e-01,2.307025939226150513e-01,-8.047588169574737549e-02,-2.755414247512817383e-01,1.832107454538345337e-01,-1.304838210344314575e-01
2.823570251464843750e+00,-3.109704852104187012e-01,6.232962012290954590e-01,5.787625908851623535e-02,-3.083676099777221680e-02,-9.306867122650146484e-01,3.598911762237548828e-01,-2.793100774288177490e-01,1.742683798074722290e-01,4.279953986406326294e-02,4.915282428264617920e-01,-5.235999822616577148e-01,-2.539816796779632568e-01,1.109520532190799713e-02,4.575356468558311462e-02,2.276861295104026794e-02,8.160864710807800293e-01,9.208124829456210136e-04,-2.332426160573959351e-01,-1.233602687716484070e-01,9.162999987602233887e-01,1.778588294982910156e-01,4.509687125682830811e-01,2.128574848175048828e-01,-7.435295730829238892e-02,-2.776768505573272705e-01,1.873870044946670532e-01,-9.801416844129562378e-02
2.807081699371337891e+00,-3.510933220386505127e-01,6.234639883041381836e-01,6.012544408440589905e-02,-3.166774660348892212e-02,-9.405500292778015137e-01,3.327877819538116455e-01,-2.290162444114685059e-01,1.621857881546020508e-01,5.718436092138290405e-02,4.334677457809448242e-01,-5.003407001495361328e-01,-2.487412244081497192e-01,-1.089597046375274658e-01,2.640556357800960541e-02,2.500448189675807953e-02,1.073694586753845215e+00,9.347196668386459351e-03,-2.578309774398803711e-01,-1.255587935447692871e-01,8.878952860832214355e-01,2.058271020650863647e-01,4.339931011199951172e-01,1.813161075115203857e-01,-3.208525851368904114e-02,-2.727091610431671143e-01,1.791616082191467285e-01,-3.159792721271514893e-02
2.793035745620727539e+00,-3.908347785472869873e-01,6.201406717300415039e-01,6.501714885234832764e-02,-3.206845372915267944e-02,-9.484702348709106445e-01,3.084616661071777344e-01,-2.081432193517684937e-01,1.420386135578155518e-01,7.844207435846328735e-02,4.611172974109649658e-01,-4.875870347023010254e-01,-2.306739985942840576e-01,-2.609432041645050049e-01,2.525557577610015869e-02,3.473027423024177551e-02,1.321203827857971191e+00,-9.357679635286331177e-03,-2.958497107028961182e-01,-1.404474228620529175e-01,8.261571526527404785e-01,2.503078877925872803e-01,4.197334945201873779e-01,1.456381082534790039e-01,4.744561389088630676e-02,-2.663401961326599121e-01,1.469395905733108521e-01,5.817301571369171143e-02
2.781201362609863281e+00,-4.291473031044006348e-01,6.150947809219360352e-01,7.072575390338897705e-02,-3.255851566791534424e-02,-9.541431665420532227e-01,2.890477776527404785e-01,-1.968944370746612549e-01,1.156547069549560547e-01,1.079083308577537537e-01,5.220845937728881836e-01,-4.940004646778106689e-01,-2.063337713479995728e-01,-4.232143759727478027e-01,3.978138044476509094e-02,3.752135485410690308e-02,1.509455919265747070e+00,-3.662101924419403076e-02,-3.252155780792236328e-01,-1.712513118982315063e-01,7.401708364486694336e-01,3.132490217685699463e-01,4.204690754413604736e-01,1.135210916399955750e-01,1.579014062881469727e-01,-2.670032680034637451e-01,8.272927254438400269e-02,1.560831218957901001e-01
2.770513772964477539e+00,-4.642531275749206543e-01,6.113270521163940430e-01,7.418863475322723389e-02,-3.361264243721961975e-02,-9.585137963294982910e-01,2.731620669364929199e-01,-1.708839684724807739e-01,8.428946137428283691e-02,1.418396681547164917e-01,5.605105757713317871e-01,-5.047011375427246094e-01,-1.801608800888061523e-01,-5.698655247688293457e-01,6.036394461989402771e-02,2.863091789186000824e-02,1.611900806427001953e+00,-6.978821754455566406e-02,-3.309093415737152100e-01,-2.155053168535232544e-01,6.460441946983337402e-01,3.881636857986450195e-01,4.307234287261962891e-01,8.514480292797088623e-02,2.845321595668792725e-01,-2.816069424152374268e-01,-6.135698873549699783e-03,2.495078146457672119e-01
2.759285449981689453e+00,-4.948549866676330566e-01,6.102454066276550293e-01,7.304313778877258301e-02,-3.514086455106735229e-02,-9.627428650856018066e-01,2.579844594001770020e-01,-1.205089390277862549e-01,5.270276591181755066e-02,1.758813261985778809e-01,5.551455020904541016e-01,-4.960895776748657227e-01,-1.568576246500015259e-01,-6.772466897964477539e-01,7.857762277126312256e-02,9.497329592704772949e-03,1.620660424232482910e+00,-1.132353767752647400e-01,-3.156147599220275879e-01,-2.673887908458709717e-01,5.592534542083740234e-01,4.612337350845336914e-01,4.292012453079223633e-01,5.849990993738174438e-02,4.096526503562927246e-01,-3.103689253330230713e-01,-9.704793989658355713e-02,3.312388062477111816e-01
2.744781017303466797e+00,-5.206047296524047852e-01,6.110060811042785645e-01,6.739750504493713379e-02,-3.633216395974159241e-02,-9.674710631370544434e-01,2.411168515682220459e-01,-4.761573299765586853e-02,2.655334956943988800e-02,2.100060433149337769e-01,5.115417242050170898e-01,-4.541614353656768799e-01,-1.431059092283248901e-01,-7.333809733390808105e-01,9.029939025640487671e-02,-1.604190096259117126e-02,1.543656349182128906e+00,-1.665286570787429810e-01,-2.936974465847015381e-01,-3.158500790596008301e-01,4.841184616088867188e-01,5.195954442024230957e-01,3.985535800457000732e-01,3.703949972987174988e-02,5.200784802436828613e-01,-3.467315435409545898e-01,-1.707782596349716187e-01,3.983716368675231934e-01
2.722660303115844727e+00,-5.423896908760070801e-01,6.115358471870422363e-01,5.901509895920753479e-02,-3.728984296321868896e-02,-9.726185202598571777e-01,2.216752022504806519e-01,4.689182341098785400e-02,7.800773251801729202e-03,2.459219247102737427e-01,4.386768639087677002e-01,-3.750715553760528564e-01,-1.448208987712860107e-01,-7.381813526153564453e-01,9.864971786737442017e-02,-4.447591304779052734e-02,1.397363305091857910e+00,-2.220383584499359131e-01,-2.779614925384521484e-01,-3.497020900249481201e-01,4.211966097354888916e-01,5.558164715766906738e-01,3.475835025310516357e-01,2.619254216551780701e-02,6.089823842048645020e-01,-3.811924755573272705e-01,-2.226184606552124023e-01,4.515767395496368408e-01
2.689271926879882812e+00,-5.624487400054931641e-01,6.100354194641113281e-01,4.963196069002151489e-02,-3.913420438766479492e-02,-9.778494834899902344e-01,1.995384395122528076e-01,1.669627726078033447e-01,-9.526625275611877441e-03,2.806663811206817627e-01,3.414894640445709229e-01,-2.557703852653503418e-01,-1.648602336645126343e-01,-6.986817717552185059e-01,1.103494092822074890e-01,-6.956516951322555542e-02,1.197478890419006348e+00,-2.736188769340515137e-01,-2.723796665668487549e-01,-3.635064363479614258e-01,3.708103001117706299e-01,5.745645761489868164e-01,3.030864000320434570e-01,2.892911806702613831e-02,6.790825128555297852e-01,-4.050360918045043945e-01,-2.624171078205108643e-01,4.947161972522735596e-01
2.647089958190917969e+00,-5.827211141586303711e-01,6.080712676048278809e-01,4.043827205896377563e-02,-4.215390980243682861e-02,-9.825594425201416016e-01,1.765353381633758545e-01,2.951286733150482178e-01,-2.932246029376983643e-02,3.008840978145599365e-01,2.507648169994354248e-01,-1.104816496372222900e-01,-1.969913691282272339e-01,-6.261320114135742188e-01,1.289627254009246826e-01,-8.581349253654479980e-02,9.615648388862609863e-01,-3.147113323211669922e-01,-2.724869251251220703e-01,-3.624494075775146484e-01,3.324472308158874512e-01,5.800647139549255371e-01,2.779597043991088867e-01,4.291970282793045044e-02,7.298648357391357422e-01,-4.171940386295318604e-01,-2.949963510036468506e-01,5.296568274497985840e-01
2.606225252151489258e+00,-6.027309298515319824e-01,6.099109053611755371e-01,3.345059603452682495e-02,-4.583657532930374146e-02,-9.859325289726257324e-01,1.572166532278060913e-01,3.853578269481658936e-01,-4.420372098684310913e-02,2.894157171249389648e-01,2.248182892799377441e-01,2.023416943848133087e-02,-2.262613624334335327e-01,-5.349909067153930664e-01,1.493760943412780762e-01,-9.186179190874099731e-02,7.291307449340820312e-01,-3.306671380996704102e-01,-2.749917209148406982e-01,-3.564788699150085449e-01,3.099779188632965088e-01,5.713009238243103027e-01,2.693597376346588135e-01,6.180090084671974182e-02,7.465742230415344238e-01,-4.188565015792846680e-01,-3.096230626106262207e-01,5.513141155242919922e-01
2.573078870773315430e+00,-6.216249465942382812e-01,6.171429753303527832e-01,2.992544509470462799e-02,-4.927760362625122070e-02,-9.878764152526855469e-01,1.441399753093719482e-01,3.995596468448638916e-01,-4.640496149659156799e-02,2.481306344270706177e-01,3.016877472400665283e-01,1.028812751173973083e-01,-2.406936883926391602e-01,-4.427753090858459473e-01,1.629337221384048462e-01,-8.934561908245086670e-02,5.546733140945434570e-01,-3.134587705135345459e-01,-2.802689373493194580e-01,-3.526380062103271484e-01,3.125204741954803467e-01,5.436699390411376953e-01,2.728694677352905273e-01,8.104158937931060791e-02,7.130386829376220703e-01,-4.116743206977844238e-01,-2.888496220111846924e-01,5.506356358528137207e-01
2.542653560638427734e+00,-6.402451992034912109e-01,6.253398060798645020e-01,2.925758250057697296e-02,-5.270038545131683350e-02,-9.892311692237854004e-01,1.333730816841125488e-01,3.322284519672393799e-01,-4.497271031141281128e-02,1.986240744590759277e-01,4.870654642581939697e-01,1.264127939939498901e-01,-2.378922402858734131e-01,-3.672796785831451416e-01,1.665080189704895020e-01,-7.876431941986083984e-02,4.757260382175445557e-01,-2.837064862251281738e-01,-2.866665720939636230e-01,-3.489272296428680420e-01,3.437892198562622070e-01,4.993939399719238281e-01,2.900914549827575684e-01,1.008798032999038696e-01,6.290037035942077637e-01,-3.969586789608001709e-01,-2.272766977548599243e-01,5.229637622833251953e-01
2.506512165069580078e+00,-6.592314839363098145e-01,6.287357807159423828e-01,3.047724254429340363e-02,-5.592016503214836121e-02,-9.908187985420227051e-01,1.192568317055702209e-01,2.141433209180831909e-01,-5.151919648051261902e-02,1.614681035280227661e-01,7.283970713615417480e-01,1.114618256688117981e-01,-2.208643257617950439e-01,-3.167277574539184570e-01,1.649413406848907471e-01,-5.963836982846260071e-02,4.878281056880950928e-01,-2.804416716098785400e-01,-2.890813052654266357e-01,-3.398092389106750488e-01,3.981632590293884277e-01,4.451987445354461670e-01,3.236139714717864990e-01,1.243295818567276001e-01,5.109131336212158203e-01,-3.730826973915100098e-01,-1.410994976758956909e-01,4.717807769775390625e-01
2.464704751968383789e+00,-6.774449944496154785e-01,6.270745992660522461e-01,3.341342881321907043e-02,-5.841933935880661011e-02,-9.925154447555541992e-01,1.019007489085197449e-01,7.863377034664154053e-02,-6.140191853046417236e-02,1.401372402906417847e-01,9.450479149818420410e-01,8.474064618349075317e-02,-1.919781863689422607e-01,-2.794358134269714355e-01,1.615418493747711182e-01,-3.217473253607749939e-02,5.451778769493103027e-01,-3.167812228202819824e-01,-2.863841652870178223e-01,-3.220629990100860596e-01,4.659629464149475098e-01,3.866171240806579590e-01,3.658377826213836670e-01,1.520708054304122925e-01,3.797692954540252686e-01,-3.385751545429229736e-01,-5.997592583298683167e-02,4.032327532768249512e-01
2.422142028808593750e+00,-6.942738294601440430e-01,6.242697238922119141e-01,3.717884793877601624e-02,-6.009605899453163147e-02,-9.939275383949279785e-01,8.434572815895080566e-02,-6.163828447461128235e-02,-6.361329555511474609e-02,1.258253157138824463e-01,1.100098967552185059e+00,4.529896378517150879e-02,-1.553975343704223633e-01,-2.321191132068634033e-01,1.552053540945053101e-01,3.621442010626196861e-04,5.880463123321533203e-01,-3.675973713397979736e-01,-2.785020470619201660e-01,-2.943285107612609863e-01,5.366588234901428223e-01,3.284172415733337402e-01,4.000976979732513428e-01,1.803222745656967163e-01,2.551979720592498779e-01,-2.984665632247924805e-01,-8.312186226248741150e-03,3.214097023010253906e-01
2.381471395492553711e+00,-7.106617093086242676e-01,6.233792304992675781e-01,3.934102877974510193e-02,-6.131850555539131165e-02,-9.949908256530761719e-01,6.845173239707946777e-02,-1.938555240631103516e-01,-5.194246023893356323e-02,1.167299151420593262e-01,1.189622402191162109e+00,-1.776490733027458191e-02,-1.178234443068504333e-01,-1.617597341537475586e-01,1.406704932451248169e-01,3.178542479872703552e-02,5.841364264488220215e-01,-3.978181481361389160e-01,-2.651778757572174072e-01,-2.569501101970672607e-01,6.049955487251281738e-01,2.763157784938812256e-01,4.179652631282806396e-01,2.035641521215438843e-01,1.501104533672332764e-01,-2.637602984905242920e-01,1.921133324503898621e-02,2.295471876859664917e-01
2.341881513595581055e+00,-7.274051308631896973e-01,6.241573691368103027e-01,3.837343305349349976e-02,-6.221634894609451294e-02,-9.958581924438476562e-01,5.406500399112701416e-02,-2.951636910438537598e-01,-2.518144249916076660e-02,1.180250644683837891e-01,1.207067608833312988e+00,-1.054450869560241699e-01,-8.797497302293777466e-02,-7.109718024730682373e-02,1.160072013735771179e-01,5.451013892889022827e-02,5.354186296463012695e-01,-3.893411457538604736e-01,-2.458701431751251221e-01,-2.131046652793884277e-01,6.714497804641723633e-01,2.324111312627792358e-01,4.250079989433288574e-01,2.184074074029922485e-01,6.608682870864868164e-02,-2.408788949251174927e-01,5.005419999361038208e-02,1.326447427272796631e-01
2.301900386810302734e+00,-7.443974018096923828e-01,6.252489089965820312e-01,3.485541790723800659e-02,-6.258302927017211914e-02,-9.965636730194091797e-01,4.158513620495796204e-02,-3.482547104358673096e-01,8.618806488811969757e-03,1.321425437927246094e-01,1.142341256141662598e+00,-2.045620679855346680e-01,-7.343505322933197021e-02,2.761557884514331818e-02,8.420388400554656982e-02,5.839218199253082275e-02,4.638677239418029785e-01,-3.350164592266082764e-01,-2.206475883722305298e-01,-1.711800247430801392e-01,7.361823320388793945e-01,1.973090469837188721e-01,4.318192899227142334e-01,2.231563180685043335e-01,1.426162780262529850e-04,-2.300903946161270142e-01,9.856688231229782104e-02,4.124813526868820190e-02
2.260690689086914062e+00,-7.613298892974853516e-01,6.263833045959472656e-01,2.970520779490470886e-02,-6.130843609571456909e-02,-9.971550107002258301e-01,3.226105868816375732e-02,-3.564049005508422852e-01,3.461268544197082520e-02,1.505959182977676392e-01,9.984834790229797363e-01,-2.950723767280578613e-01,-7.515603303909301758e-02,1.198518350720405579e-01,5.348058044910430908e-02,3.538476303219795227e-02,3.924690783023834229e-01,-2.227137237787246704e-01,-1.903885155916213989e-01,-1.411951631307601929e-01,7.972063422203063965e-01,1.706726551055908203e-01,4.452961385250091553e-01,2.185547947883605957e-01,-5.175841972231864929e-02,-2.293924689292907715e-01,1.507957130670547485e-01,-3.392232209444046021e-02
2.218452692031860352e+00,-7.777332663536071777e-01,6.286742091178894043e-01,2.429108694195747375e-02,-5.755135044455528259e-02,-9.976967573165893555e-01,2.643818594515323639e-02,-3.373392224311828613e-01,4.264699295163154602e-02,1.561056971549987793e-01,8.060048222541809082e-01,-3.613066673278808594e-01,-8.580096811056137085e-02,1.886014640331268311e-01,3.014809824526309967e-02,-9.611248038709163666e-03,3.495534360408782959e-01,-5.638918280601501465e-02,-1.587834060192108154e-01,-1.281786412000656128e-01,8.488105535507202148e-01,1.541584879159927368e-01,4.669938981533050537e-01,2.060332000255584717e-01,-8.990493416786193848e-02,-2.362391948699951172e-01,1.841880083084106445e-01,-8.727645874023437500e-02
2.175579309463500977e+00,-7.934160232543945312e-01,6.330029368400573730e-01,2.002976648509502411e-02,-5.171185731887817383e-02,-9.982205629348754883e-01,2.191867865622043610e-02,-3.054538071155548096e-01,3.785910084843635559e-02,1.396503448486328125e-01,6.137279868125915527e-01,-4.020426869392395020e-01,-9.395185858011245728e-02,2.196276336908340454e-01,1.352219935506582260e-02,-5.611713603138923645e-02,3.681755661964416504e-01,1.169029250741004944e-01,-1.327845305204391479e-01,-1.280251145362854004e-01,8.831409215927124023e-01,1.512718498706817627e-01,4.893887341022491455e-01,1.856691539287567139e-01,-1.116563677787780762e-01,-2.473780661821365356e-01,1.923883259296417236e-01,-1.198092773556709290e-01
2.131589174270629883e+00,-8.086721301078796387e-01,6.386584639549255371e-01,1.734808832406997681e-02,-4.510408639907836914e-02,-9.987118840217590332e-01,1.546654198318719864e-02,-2.653534114360809326e-01,2.998831681907176971e-02,1.114309281110763550e-01,4.630596637725830078e-01,-4.212112724781036377e-01,-9.262757748365402222e-02,2.040062993764877319e-01,-1.448220689781010151e-03,-8.300481736660003662e-02,4.725946187973022461e-01,2.391456365585327148e-01,-1.215223595499992371e-01,-1.317207664251327515e-01,8.940566778182983398e-01,1.641578376293182373e-01,5.018137097358703613e-01,1.515819430351257324e-01,-1.127300933003425598e-01,-2.583110928535461426e-01,1.864203959703445435e-01,-1.348521560430526733e-01
2.085846424102783203e+00,-8.241834640502929688e-01,6.430190801620483398e-01,1.652328297495841980e-02,-3.864886984229087830e-02,-9.990950822830200195e-01,6.504506338387727737e-03,-2.276735603809356689e-01,2.229569479823112488e-02,8.853922784328460693e-02,3.855181932449340820e-01,-4.252178370952606201e-01,-8.130541443824768066e-02,1.345621347427368164e-01,-1.381478924304246902e-02,-8.404985815286636353e-02,6.648137569427490234e-01,2.909934222698211670e-01,-1.366767436265945435e-01,-1.349456012248992920e-01,8.756313920021057129e-01,1.932899355888366699e-01,4.992098510265350342e-01,9.780668467283248901e-02,-8.750752359628677368e-02,-2.679362595081329346e-01,1.739805489778518677e-01,-1.312362998723983765e-01
2.039518833160400391e+00,-8.405226469039916992e-01,6.427751779556274414e-01,1.734906062483787537e-02,-3.298244252800941467e-02,-9.993005394935607910e-01,-3.090355545282363892e-03,-2.078126072883605957e-01,1.286755036562681198e-02,7.857812941074371338e-02,3.974867165088653564e-01,-4.290935695171356201e-01,-6.272192299365997314e-02,1.568321138620376587e-02,-1.884794048964977264e-02,-7.088227570056915283e-02,9.090019464492797852e-01,2.930746376514434814e-01,-1.821655780076980591e-01,-1.403963863849639893e-01,8.239461183547973633e-01,2.375086098909378052e-01,4.886634349822998047e-01,2.725745365023612976e-02,-3.115699067711830139e-02,-2.779529690742492676e-01,1.503400951623916626e-01,-1.041746586561203003e-01
1.995433449745178223e+00,-8.579732775688171387e-01,6.372897028923034668e-01,1.927563548088073730e-02,-2.817644551396369934e-02,-9.993582367897033691e-01,-1.084837689995765686e-02,-2.052533179521560669e-01,-1.517751661594957113e-04,7.959546148777008057e-02,4.771713316440582275e-01,-4.499774873256683350e-01,-4.023071378469467163e-02,-1.354667395353317261e-01,-1.295176800340414047e-02,-5.501597747206687927e-02,1.145066976547241211e+00,2.728789746761322021e-01,-2.395690679550170898e-01,-1.520158797502517700e-01,7.417975664138793945e-01,2.924761176109313965e-01,4.879180490970611572e-01,-4.806680977344512939e-02,5.725594237446784973e-02,-2.908731102943420410e-01,1.041300296783447266e-01,-5.111185833811759949e-02
1.955499529838562012e+00,-8.761516809463500977e-01,6.285814046859741211e-01,2.170402742922306061e-02,-2.470334805548191071e-02,-9.993240237236022949e-01,-1.643727347254753113e-02,-2.018549591302871704e-01,-1.804230362176895142e-02,8.764073252677917480e-02,5.735457539558410645e-01,-4.930029511451721191e-01,-1.553412154316902161e-02,-3.007191717624664307e-01,6.336566992104053497e-03,-3.815129026770591736e-02,1.330595254898071289e+00,2.367361187934875488e-01,-2.759888768196105957e-01,-1.732590496540069580e-01,6.444814801216125488e-01,3.509105145931243896e-01,5.132736563682556152e-01,-1.165152564644813538e-01,1.702044904232025146e-01,-3.080210089683532715e-01,3.218173980712890625e-02,2.170783467590808868e-02
1.919835805892944336e+00,-8.936029672622680664e-01,6.209760904312133789e-01,2.337433770298957825e-02,-2.290583401918411255e-02,-9.992395639419555664e-01,-2.119626104831695557e-02,-1.745529174804687500e-01,-4.099804535508155823e-02,9.839408844709396362e-02,6.221455335617065430e-01,-5.235999822616577148e-01,8.771892637014389038e-03,-4.563349187374114990e-01,3.867951780557632446e-02,-2.111217007040977478e-02,1.437573790550231934e+00,1.863695681095123291e-01,-2.755946815013885498e-01,-2.053334861993789673e-01,5.540356040000915527e-01,4.035590887069702148e-01,5.605162382125854492e-01,-1.715894192457199097e-01,2.913148105144500732e-01,-3.287588655948638916e-01,-5.429714918136596680e-02,1.018834635615348816e-01
1.886765360832214355e+00,-9.082335829734802246e-01,6.165901422500610352e-01,2.331318706274032593e-02,-2.196286059916019440e-02,-9.991165995597839355e-01,-2.720575407147407532e-02,-1.263919919729232788e-01,-6.283469498157501221e-02,1.129999309778213501e-01,6.246287822723388672e-01,-5.235999822616577148e-01,2.811781503260135651e-02,-5.780835747718811035e-01,7.499571889638900757e-02,-9.163613431155681610e-03,1.457133889198303223e+00,1.199503913521766663e-01,-2.497268319129943848e-01,-2.453842312097549438e-01,4.810922145843505859e-01,4.419876337051391602e-01,5.938430428504943848e-01,-2.081438750028610229e-01,4.040547609329223633e-01,-3.530945479869842529e-01,-1.397210508584976196e-01,1.772653609514236450e-01
1.853860497474670410e+00,-9.178555011749267578e-01,6.143488287925720215e-01,2.130928635597229004e-02,-2.124859392642974854e-02,-9.988665580749511719e-01,-3.687773644924163818e-02,-7.649621367454528809e-02,-7.475095987319946289e-02,1.377947330474853516e-01,6.333614587783813477e-01,-5.083453655242919922e-01,3.589192405343055725e-02,-6.522937417030334473e-01,1.054093018174171448e-01,-5.280495155602693558e-03,1.399468541145324707e+00,3.639838472008705139e-02,-2.217252254486083984e-01,-2.832842767238616943e-01,4.199410974979400635e-01,4.625627994537353516e-01,5.789690017700195312e-01,-2.226384133100509644e-01,4.992183744907379150e-01,-3.778657317161560059e-01,-2.136361598968505859e-01,2.406339496374130249e-01
1.817934393882751465e+00,-9.211594462394714355e-01,6.166268587112426758e-01,1.776863448321819305e-02,-2.173789963126182556e-02,-9.983386993408203125e-01,-5.031460151076316833e-02,9.354929439723491669e-03,-8.109052479267120361e-02,1.692190021276473999e-01,5.620523095130920410e-01,-3.909564018249511719e-01,2.624678984284400940e-02,-6.663976311683654785e-01,1.265012770891189575e-01,-5.585162900388240814e-03,1.254831194877624512e+00,-4.084256291389465332e-02,-2.043608576059341431e-01,-3.110175132751464844e-01,3.648883104324340820e-01,4.675401747226715088e-01,5.222639441490173340e-01,-2.174594998359680176e-01,5.757604241371154785e-01,-4.003746807575225830e-01,-2.765401601791381836e-01,2.916933894157409668e-01
1.775701403617858887e+00,-9.193962216377258301e-01,6.203716397285461426e-01,1.370841078460216522e-02,-2.411286719143390656e-02,-9.975427985191345215e-01,-6.433558464050292969e-02,1.235796138644218445e-01,-8.638999611139297485e-02,1.940822005271911621e-01,4.585181176662445068e-01,-2.171323299407958984e-01,-1.460393890738487244e-03,-6.280347108840942383e-01,1.420343965291976929e-01,-3.997101448476314545e-03,1.047064185142517090e+00,-1.038737967610359192e-01,-1.982512623071670532e-01,-3.280622959136962891e-01,3.219056725502014160e-01,4.638801515102386475e-01,4.633638560771942139e-01,-1.986780911684036255e-01,6.363200545310974121e-01,-4.158054888248443604e-01,-3.325891494750976562e-01,3.312490284442901611e-01
1.727837324142456055e+00,-9.167110323905944824e-01,6.245450973510742188e-01,9.799494408071041107e-03,-2.812645211815834045e-02,-9.967953562736511230e-01,-7.424177229404449463e-02,2.382755726575851440e-01,-9.173542261123657227e-02,1.963926404714584351e-01,3.812217414379119873e-01,-3.957628086209297180e-02,-4.090857505798339844e-02,-5.541323423385620117e-01,1.544963270425796509e-01,5.098846275359392166e-03,8.070322275161743164e-01,-1.423206031322479248e-01,-1.960247457027435303e-01,-3.415494859218597412e-01,2.949371337890625000e-01,4.568987786769866943e-01,4.279272556304931641e-01,-1.745199412107467651e-01,6.793137788772583008e-01,-4.233554303646087646e-01,-3.815013468265533447e-01,3.584298491477966309e-01
1.677422523498535156e+00,-9.166108369827270508e-01,6.295988559722900391e-01,6.337769329547882080e-03,-3.270721435546875000e-02,-9.964201450347900391e-01,-7.769754528999328613e-02,3.068180978298187256e-01,-8.991725742816925049e-02,1.805988103151321411e-01,3.995255231857299805e-01,8.197980374097824097e-02,-8.139791339635848999e-02,-4.656752943992614746e-01,1.623914241790771484e-01,1.952876150608062744e-02,5.806273818016052246e-01,-1.514782309532165527e-01,-1.961276680231094360e-01,-3.591488897800445557e-01,2.853145003318786621e-01,4.463106393814086914e-01,4.123789668083190918e-01,-1.541460007429122925e-01,6.978596448898315430e-01,-4.239862859249114990e-01,-4.124906063079833984e-01,3.703419864177703857e-01
1.626354455947875977e+00,-9.193505644798278809e-01,6.349151134490966797e-01,3.755357814952731133e-03,-3.671015799045562744e-02,-9.963811039924621582e-01,-7.657027989625930786e-02,3.008086085319519043e-01,-8.096535503864288330e-02,1.669551730155944824e-01,5.419656038284301758e-01,1.230896487832069397e-01,-1.134374141693115234e-01,-3.828256130218505859e-01,1.667986959218978882e-01,3.009278327226638794e-02,4.190937280654907227e-01,-1.344215273857116699e-01,-2.035642117261886597e-01,-3.778659701347351074e-01,2.924578785896301270e-01,4.299460053443908691e-01,3.999988436698913574e-01,-1.402105838060379028e-01,6.849896907806396484e-01,-4.172181189060211182e-01,-4.106257855892181396e-01,3.646526634693145752e-01
1.575160264968872070e+00,-9.230983853340148926e-01,6.385716795921325684e-01,2.023292006924748421e-03,-3.957221284508705139e-02,-9.963836073875427246e-01,-7.516431808471679688e-02,2.241441905498504639e-01,-6.700459122657775879e-02,1.646173894405364990e-01,7.882165908813476562e-01,1.014934852719306946e-01,-1.292478591203689575e-01,-3.204163908958435059e-01,1.710579842329025269e-01,2.832281589508056641e-02,3.598133027553558350e-01,-1.105131059885025024e-01,-2.217702865600585938e-01,-3.896746039390563965e-01,3.177195489406585693e-01,4.086231291294097900e-01,3.844542205333709717e-01,-1.258756071329116821e-01,6.362072229385375977e-01,-3.998026251792907715e-01,-3.683113455772399902e-01,3.396349251270294189e-01
1.526801824569702148e+00,-9.253873825073242188e-01,6.391588449478149414e-01,1.024061115458607674e-03,-4.151606559753417969e-02,-9.962453246116638184e-01,-7.596477866172790527e-02,1.087266132235527039e-01,-5.220832303166389465e-02,1.665905565023422241e-01,1.051409959793090820e+00,6.349780410528182983e-02,-1.210002601146697998e-01,-2.792859971523284912e-01,1.745782345533370972e-01,1.693247817456722260e-02,3.904894888401031494e-01,-1.089880242943763733e-01,-2.425242662429809570e-01,-3.909366428852081299e-01,3.653885424137115479e-01,3.823665976524353027e-01,3.810548186302185059e-01,-1.002895906567573547e-01,5.544642210006713867e-01,-3.719809055328369141e-01,-2.948614060878753662e-01,2.965107858180999756e-01
1.484345912933349609e+00,-9.248122572898864746e-01,6.371744871139526367e-01,7.540972437709569931e-04,-4.261522367596626282e-02,-9.959456324577331543e-01,-7.921876758337020874e-02,-1.799853146076202393e-02,-3.936779871582984924e-02,1.620388031005859375e-01,1.252465963363647461e+00,3.179631382226943970e-02,-8.849045634269714355e-02,-2.435524016618728638e-01,1.757740080356597900e-01,9.645123034715652466e-03,4.562795460224151611e-01,-1.444671154022216797e-01,-2.551862895488739014e-01,-3.831179440021514893e-01,4.339841008186340332e-01,3.482801318168640137e-01,4.020301401615142822e-01,-5.729657411575317383e-02,4.496167600154876709e-01,-3.384171426296234131e-01,-2.146326154470443726e-01,2.373271137475967407e-01
1.445524930953979492e+00,-9.219178557395935059e-01,6.345769166946411133e-01,6.292336038313806057e-04,-4.331418499350547791e-02,-9.954723119735717773e-01,-8.460720628499984741e-02,-1.442560702562332153e-01,-2.832454815506935120e-02,1.476310640573501587e-01,1.369351506233215332e+00,-7.690766360610723495e-03,-4.965227097272872925e-02,-1.939228773117065430e-01,1.739709973335266113e-01,1.608572341501712799e-02,5.024599432945251465e-01,-1.967535912990570068e-01,-2.573565542697906494e-01,-3.645252585411071777e-01,5.118991732597351074e-01,3.053665757179260254e-01,4.357042610645294189e-01,4.540953959804028273e-04,3.352846503257751465e-01,-3.035831153392791748e-01,-1.478170901536941528e-01,1.631843894720077515e-01
1.403787732124328613e+00,-9.185597300529479980e-01,6.332533359527587891e-01,2.090692723868414760e-04,-4.439813271164894104e-02,-9.946486353874206543e-01,-9.328916668891906738e-02,-2.610601484775543213e-01,-1.416260935366153717e-02,1.310510337352752686e-01,1.417796134948730469e+00,-7.658269256353378296e-02,-2.684342116117477417e-02,-1.208953335881233215e-01,1.654668301343917847e-01,3.400945290923118591e-02,5.041709542274475098e-01,-2.237207740545272827e-01,-2.524642050266265869e-01,-3.289498090744018555e-01,5.883554816246032715e-01,2.584175765514373779e-01,4.605758488178253174e-01,6.213682889938354492e-02,2.210230529308319092e-01,-2.730413973331451416e-01,-9.348890185356140137e-02,7.674674689769744873e-02
1.356385588645935059e+00,-9.152761101722717285e-01,6.330928802490234375e-01,-7.734872633591294289e-04,-4.623605310916900635e-02,-9.932175278663635254e-01,-1.066797375679016113e-01,-3.490900695323944092e-01,1.042864937335252762e-02,1.230831593275070190e-01,1.398073434829711914e+00,-1.752278953790664673e-01,-2.796707116067409515e-02,-3.179069235920906067e-02,1.467275023460388184e-01,5.378574877977371216e-02,4.703682065010070801e-01,-1.999679952859878540e-01,-2.440907508134841919e-01,-2.771437466144561768e-01,6.601809859275817871e-01,2.148604542016983032e-01,4.745038151741027832e-01,1.158028915524482727e-01,1.084924116730690002e-01,-2.512272596359252930e-01,-3.027503378689289093e-02,-1.137320045381784439e-02
1.304405570030212402e+00,-9.120052456855773926e-01,6.326422691345214844e-01,-2.037454163655638695e-03,-4.857221990823745728e-02,-9.910864233970642090e-01,-1.240331828594207764e-01,-3.912842571735382080e-01,4.688529670238494873e-02,1.313841491937637329e-01,1.292893767356872559e+00,-2.862865328788757324e-01,-4.694175347685813904e-02,6.110179796814918518e-02,1.186783909797668457e-01,6.312316656112670898e-02,4.181799292564392090e-01,-1.167434379458427429e-01,-2.348201125860214233e-01,-2.176181674003601074e-01,7.315667867660522461e-01,1.783478409051895142e-01,4.892871081829071045e-01,1.564659476280212402e-01,-3.113396000117063522e-03,-2.389842718839645386e-01,5.690807104110717773e-02,-8.711344748735427856e-02
1.251268148422241211e+00,-9.086108207702636719e-01,6.311630606651306152e-01,-3.481808118522167206e-03,-5.064293742179870605e-02,-9.885419011116027832e-01,-1.421551704406738281e-01,-3.911193907260894775e-01,8.366815745830535889e-02,1.548140943050384521e-01,1.107088565826416016e+00,-3.871240913867950439e-01,-7.538847625255584717e-02,1.450522691011428833e-01,8.728961646556854248e-02,5.231900513172149658e-02,3.662376105785369873e-01,1.860205829143524170e-02,-2.281991541385650635e-01,-1.643727719783782959e-01,8.006153702735900879e-01,1.497462689876556396e-01,5.110723972320556641e-01,1.847810596227645874e-01,-1.090882718563079834e-01,-2.331587374210357666e-01,1.523683071136474609e-01,-1.421565860509872437e-01
1.201741337776184082e+00,-9.057500958442687988e-01,6.295937895774841309e-01,-4.575909581035375595e-03,-5.146821588277816772e-02,-9.861124157905578613e-01,-1.578366458415985107e-01,-3.660763204097747803e-01,1.049899160861968994e-01,1.743966341018676758e-01,8.831807971000671387e-01,-4.566320180892944336e-01,-1.079326495528221130e-01,2.018024027347564697e-01,5.911719053983688354e-02,2.283243276178836823e-02,3.473844826221466064e-01,1.705541759729385376e-01,-2.249034494161605835e-01,-1.301801502704620361e-01,8.548364639282226562e-01,1.332550048828125000e-01,5.325655341148376465e-01,2.006163001060485840e-01,-1.941465288400650024e-01,-2.330737709999084473e-01,2.215337306261062622e-01,-1.731793433427810669e-01
1.157867312431335449e+00,-9.034149646759033203e-01,6.297042369842529297e-01,-5.503355991095304489e-03,-5.130959302186965942e-02,-9.838224649429321289e-01,-1.715529263019561768e-01,-3.241624832153320312e-01,1.067185327410697937e-01,1.686715483665466309e-01,6.603444218635559082e-01,-4.828622639179229736e-01,-1.397791504859924316e-01,2.152243256568908691e-01,3.363678604364395142e-02,-1.054039690643548965e-02,4.002467691898345947e-01,2.864475846290588379e-01,-2.220191806554794312e-01,-1.157902181148529053e-01,8.817521929740905762e-01,1.351585686206817627e-01,5.422041416168212891e-01,2.053319662809371948e-01,-2.446661293506622314e-01,-2.396174520254135132e-01,2.480778545141220093e-01,-1.810670047998428345e-01
1.115787506103515625e+00,-9.011154770851135254e-01,6.317871212959289551e-01,-6.156374700367450714e-03,-5.098120868206024170e-02,-9.811252355575561523e-01,-1.864305138587951660e-01,-2.718762159347534180e-01,9.825654327869415283e-02,1.360769420862197876e-01,4.711999893188476562e-01,-4.695712625980377197e-01,-1.637198477983474731e-01,1.810342967510223389e-01,7.718349806964397430e-03,-3.168368339538574219e-02,5.411627292633056641e-01,3.380620777606964111e-01,-2.232949137687683105e-01,-1.117742508649826050e-01,8.792973160743713379e-01,1.564928293228149414e-01,5.330858230590820312e-01,2.046658098697662354e-01,-2.571748495101928711e-01,-2.480851709842681885e-01,2.479919046163558960e-01,-1.698204278945922852e-01
1.071099162101745605e+00,-8.988050222396850586e-01,6.335129737854003906e-01,-6.537554319947957993e-03,-5.138123407959938049e-02,-9.776150584220886230e-01,-2.039264440536499023e-01,-2.314221411943435669e-01,8.906042575836181641e-02,9.557405114173889160e-02,3.630107045173645020e-01,-4.358477890491485596e-01,-1.731316149234771729e-01,1.043391972780227661e-01,-1.668392494320869446e-02,-3.541890904307365417e-02,7.507221698760986328e-01,3.350155949592590332e-01,-2.402478903532028198e-01,-1.094220429658889771e-01,8.491327762603759766e-01,1.938725262880325317e-01,5.061519742012023926e-01,2.046086937189102173e-01,-2.357501238584518433e-01,-2.510522603988647461e-01,2.433188408613204956e-01,-1.404333114624023438e-01
1.024920821189880371e+00,-8.972060084342956543e-01,6.324990391731262207e-01,-6.227935664355754852e-03,-5.231342837214469910e-02,-9.736424684524536133e-01,-2.219118326902389526e-01,-2.194839268922805786e-01,7.725485414266586304e-02,6.754264235496520996e-02,3.630358278751373291e-01,-4.017891287803649902e-01,-1.675535738468170166e-01,-5.532858427613973618e-03,-3.189974650740623474e-02,-2.815966308116912842e-02,9.791744947433471680e-01,3.056516647338867188e-01,-2.780963182449340820e-01,-1.095525771379470825e-01,7.910045981407165527e-01,2.417993545532226562e-01,4.709953367710113525e-01,2.068865001201629639e-01,-1.799906790256500244e-01,-2.480318993330001831e-01,2.332902997732162476e-01,-8.762989193201065063e-02
9.800931811332702637e-01,-8.968805670738220215e-01,6.286767125129699707e-01,-5.019055679440498352e-03,-5.294889956712722778e-02,-9.697747826576232910e-01,-2.381345480680465698e-01,-2.244078218936920166e-01,6.156699731945991516e-02,6.316614896059036255e-02,4.382385611534118652e-01,-3.846002817153930664e-01,-1.513705700635910034e-01,-1.376023888587951660e-01,-3.097983635962009430e-02,-1.766584813594818115e-02,1.178942203521728516e+00,2.688780426979064941e-01,-3.212320506572723389e-01,-1.175787299871444702e-01,7.073549032211303711e-01,2.954207956790924072e-01,4.413334727287292480e-01,2.093009352684020996e-01,-9.255736321210861206e-02,-2.443873286247253418e-01,2.060204446315765381e-01,-8.869880810379981995e-03
9.383476376533508301e-01,-8.967772126197814941e-01,6.240990161895751953e-01,-3.767792368307709694e-03,-5.340325459837913513e-02,-9.660868644714355469e-01,-2.526065707206726074e-01,-2.189602404832839966e-01,4.414388909935951233e-02,8.107256144285202026e-02,5.230980515480041504e-01,-3.931345939636230469e-01,-1.309938132762908936e-01,-2.770039141178131104e-01,-1.185466069728136063e-02,-7.634884677827358246e-03,1.320045828819274902e+00,2.285780012607574463e-01,-3.464908897876739502e-01,-1.369694173336029053e-01,6.098276376724243164e-01,3.492765724658966064e-01,4.290797412395477295e-01,2.082560956478118896e-01,1.873321458697319031e-02,-2.458354532718658447e-01,1.532197445631027222e-01,8.947249501943588257e-02
9.009626507759094238e-01,-8.944548368453979492e-01,6.205344200134277344e-01,-3.492531133815646172e-03,-5.416307970881462097e-02,-9.622100591659545898e-01,-2.668443918228149414e-01,-1.874221265316009521e-01,2.727537043392658234e-02,1.114581972360610962e-01,5.729373693466186523e-01,-4.176517426967620850e-01,-1.135753989219665527e-01,-4.029198884963989258e-01,1.802749745547771454e-02,-5.045989062637090683e-03,1.383963584899902344e+00,1.799096465110778809e-01,-3.449746072292327881e-01,-1.676374077796936035e-01,5.117236971855163574e-01,4.008210301399230957e-01,4.260326623916625977e-01,2.019578665494918823e-01,1.428550779819488525e-01,-2.559311389923095703e-01,7.711373269557952881e-02,1.958391368389129639e-01
8.683864474296569824e-01,-8.875778913497924805e-01,6.184265613555908203e-01,-5.059598479419946671e-03,-5.526792630553245544e-02,-9.578058719635009766e-01,-2.820066809654235840e-01,-1.340579539537429810e-01,1.354252547025680542e-02,1.453207582235336304e-01,5.835072398185729980e-01,-4.303359985351562500e-01,-1.053506284952163696e-01,-4.950017333030700684e-01,4.686190187931060791e-02,-1.562627777457237244e-02,1.362516164779663086e+00,1.186560764908790588e-01,-3.274986445903778076e-01,-2.055025696754455566e-01,4.160202145576477051e-01,4.454809129238128662e-01,4.001584649085998535e-01,1.943569630384445190e-01,2.689451277256011963e-01,-2.734977304935455322e-01,-1.403864752501249313e-02,2.996054291725158691e-01
8.382697701454162598e-01,-8.750034570693969727e-01,6.177421808242797852e-01,-8.294744417071342468e-03,-5.646803602576255798e-02,-9.527068138122558594e-01,-2.984832525253295898e-01,-6.613104790449142456e-02,4.988062661141157150e-03,1.796640306711196899e-01,5.629770755767822266e-01,-3.977916240692138672e-01,-1.101227775216102600e-01,-5.400459766387939453e-01,6.631010770797729492e-02,-4.027576372027397156e-02,1.256661176681518555e+00,4.845999926328659058e-02,-3.104651570320129395e-01,-2.430921941995620728e-01,3.211753964424133301e-01,4.777657985687255859e-01,3.288781046867370605e-01,1.920081526041030884e-01,3.863582015037536621e-01,-2.934333384037017822e-01,-1.070240437984466553e-01,3.927996158599853516e-01
8.060294985771179199e-01,-8.568255305290222168e-01,6.185531020164489746e-01,-1.309715025126934052e-02,-5.823078751564025879e-02,-9.469916820526123047e-01,-3.156650066375732422e-01,1.932438835501670837e-02,-1.798343961127102375e-03,2.103003412485122681e-01,5.092965364456176758e-01,-2.933891117572784424e-01,-1.291168928146362305e-01,-5.367438197135925293e-01,7.956250756978988647e-02,-7.069214433431625366e-02,1.078936934471130371e+00,-2.249652147293090820e-02,-3.006433248519897461e-01,-2.737089097499847412e-01,2.343417704105377197e-01,4.959003627300262451e-01,2.330374270677566528e-01,1.967781186103820801e-01,4.855147600173950195e-01,-3.124200105667114258e-01,-1.904836446046829224e-01,4.702593684196472168e-01
7.692235708236694336e-01,-8.350852727890014648e-01,6.205644011497497559e-01,-1.927794888615608215e-02,-6.149001047015190125e-02,-9.409938454627990723e-01,-3.322317004203796387e-01,1.275290548801422119e-01,-1.360965054482221603e-02,2.285696268081665039e-01,4.237866699695587158e-01,-1.234483197331428528e-01,-1.631421297788619995e-01,-4.961619973182678223e-01,9.190727770328521729e-02,-9.542407840490341187e-02,8.574504256248474121e-01,-8.418141305446624756e-02,-2.924759387969970703e-01,-2.947303056716918945e-01,1.663911193609237671e-01,5.060679316520690918e-01,1.546236872673034668e-01,2.052054852247238159e-01,5.605198144912719727e-01,-3.282494246959686279e-01,-2.582627534866333008e-01,5.303021073341369629e-01
7.288328409194946289e-01,-8.122720122337341309e-01,6.232309937477111816e-01,-2.584827318787574768e-02,-6.593149155378341675e-02,-9.352348446846008301e-01,-3.468727469444274902e-01,2.415892183780670166e-01,-2.830025553703308105e-02,2.259496301412582397e-01,3.461231887340545654e-01,5.684400349855422974e-02,-2.117796093225479126e-01,-4.389360547065734863e-01,1.036900207400321960e-01,-1.125561520457267761e-01,6.332659125328063965e-01,-1.223434582352638245e-01,-2.845765650272369385e-01,-3.073663115501403809e-01,1.203899458050727844e-01,5.119076371192932129e-01,1.108617708086967468e-01,2.097539007663726807e-01,6.071477532386779785e-01,-3.409946858882904053e-01,-3.043437302112579346e-01,5.736166834831237793e-01
6.874531507492065430e-01,-7.895223498344421387e-01,6.262438297271728516e-01,-3.199836611747741699e-02,-7.078734785318374634e-02,-9.298369288444519043e-01,-3.596783280372619629e-01,3.274492621421813965e-01,-3.981685638427734375e-02,2.073211520910263062e-01,3.295666277408599854e-01,1.856287717819213867e-01,-2.672491967678070068e-01,-3.827829062938690186e-01,1.129330024123191833e-01,-1.243987530469894409e-01,4.493635296821594238e-01,-1.211008504033088684e-01,-2.846498489379882812e-01,-3.152576088905334473e-01,9.731137007474899292e-02,5.127961635589599609e-01,9.291969984769821167e-02,2.044381946325302124e-01,6.201823949813842773e-01,-3.513768613338470459e-01,-3.160233199596405029e-01,6.021546721458435059e-01
6.463208198547363281e-01,-7.659536004066467285e-01,6.291986703872680664e-01,-3.706500306725502014e-02,-7.483803480863571167e-02,-9.240896701812744141e-01,-3.729393482208251953e-01,3.589552342891693115e-01,-4.683234170079231262e-02,1.884950846433639526e-01,3.977722525596618652e-01,2.461507022380828857e-01,-3.124956786632537842e-01,-3.395735621452331543e-01,1.200444251298904419e-01,-1.305297017097473145e-01,3.464743196964263916e-01,-8.955767005681991577e-02,-2.982876300811767578e-01,-3.210496604442596436e-01,1.034727469086647034e-01,5.064035058021545410e-01,9.488266706466674805e-02,1.898812949657440186e-01,5.942865610122680664e-01,-3.621978759765625000e-01,-2.799926102161407471e-01,6.179431080818176270e-01
6.071494221687316895e-01,-7.404827475547790527e-01,6.307168602943420410e-01,-4.111380502581596375e-02,-7.734924554824829102e-02,-9.171230196952819824e-01,-3.888600468635559082e-01,3.317160904407501221e-01,-5.245061963796615601e-02,1.774313151836395264e-01,5.396105647087097168e-01,2.614864706993103027e-01,-3.352897465229034424e-01,-3.163284957408905029e-01,1.254654526710510254e-01,-1.270247101783752441e-01,3.513895869255065918e-01,-7.052323967218399048e-02,-3.184694647789001465e-01,-3.262014389038085938e-01,1.482810527086257935e-01,4.925958514213562012e-01,1.283778995275497437e-01,1.755444407463073730e-01,5.255115628242492676e-01,-3.707782030105590820e-01,-1.937669664621353149e-01,6.219699382781982422e-01
5.715725421905517578e-01,-7.131730318069458008e-01,6.297764182090759277e-01,-4.387773945927619934e-02,-7.801103591918945312e-02,-9.086970686912536621e-01,-4.077482819557189941e-01,2.639715075492858887e-01,-5.761690437793731689e-02,1.629708558320999146e-01,7.077385783195495605e-01,2.665577232837677002e-01,-3.384467661380767822e-01,-3.045763373374938965e-01,1.313071697950363159e-01,-1.096064448356628418e-01,4.352731108665466309e-01,-9.647410362958908081e-02,-3.317146003246307373e-01,-3.301267027854919434e-01,2.324034273624420166e-01,4.691393375396728516e-01,1.999927759170532227e-01,1.730701476335525513e-01,4.210623204708099365e-01,-3.679716885089874268e-01,-8.072587102651596069e-02,6.121686100959777832e-01
5.393711328506469727e-01,-6.846648454666137695e-01,6.271250844001770020e-01,-4.548022523522377014e-02,-7.683675736188888550e-02,-8.992875218391418457e-01,-4.281466901302337646e-01,1.769659817218780518e-01,-6.328233331441879272e-02,1.320302933454513550e-01,8.511219620704650879e-01,2.747600376605987549e-01,-3.327985703945159912e-01,-2.833606302738189697e-01,1.398114562034606934e-01,-7.927509397268295288e-02,5.333781838417053223e-01,-1.610377281904220581e-01,-3.335701525211334229e-01,-3.304398953914642334e-01,3.409810364246368408e-01,4.302114844322204590e-01,2.921867966651916504e-01,1.890394687652587891e-01,3.022291362285614014e-01,-3.453770577907562256e-01,1.681898906826972961e-02,5.848191380500793457e-01
5.085274577140808105e-01,-6.552199721336364746e-01,6.249637603759765625e-01,-4.589866846799850464e-02,-7.420337200164794922e-02,-8.889098167419433594e-01,-4.496959745883941650e-01,7.942806929349899292e-02,-6.598555296659469604e-02,9.281262010335922241e-02,9.519597887992858887e-01,2.673912644386291504e-01,-3.204559683799743652e-01,-2.377662360668182373e-01,1.484029293060302734e-01,-3.901878371834754944e-02,5.951210260391235352e-01,-2.299865037202835083e-01,-3.281049728393554688e-01,-3.217818439006805420e-01,4.513371586799621582e-01,3.745924532413482666e-01,3.723970055580139160e-01,2.186984568834304810e-01,1.908110827207565308e-01,-3.050631284713745117e-01,7.562139630317687988e-02,5.340301394462585449e-01
4.781448543071746826e-01,-6.250867843627929688e-01,6.246476769447326660e-01,-4.574237391352653503e-02,-7.091174274682998657e-02,-8.767923116683959961e-01,-4.734072387218475342e-01,-2.046255767345428467e-02,-5.505403503775596619e-02,6.993569433689117432e-02,1.008019804954528809e+00,2.212271839380264282e-01,-2.969422638416290283e-01,-1.678393036127090454e-01,1.518895626068115234e-01,1.012014038860797882e-02,6.068835854530334473e-01,-2.723256051540374756e-01,-3.182083666324615479e-01,-3.004706203937530518e-01,5.478684902191162109e-01,3.092590570449829102e-01,4.218176305294036865e-01,2.475245296955108643e-01,9.630765765905380249e-02,-2.580467164516448975e-01,1.086418703198432922e-01,4.550307095050811768e-01
4.487360715866088867e-01,-5.946900248527526855e-01,6.258527040481567383e-01,-4.548943415284156799e-02,-6.787117570638656616e-02,-8.623437285423278809e-01,-4.996874034404754639e-01,-1.056289225816726685e-01,-2.280062623322010040e-02,7.965995371341705322e-02,1.012195944786071777e+00,1.310323625802993774e-01,-2.646135985851287842e-01,-8.505145460367202759e-02,1.452681869268417358e-01,6.379751116037368774e-02,5.819354653358459473e-01,-2.777169346809387207e-01,-3.059546947479248047e-01,-2.670440673828125000e-01,6.282337307929992676e-01,2.451273798942565918e-01,4.462724328041076660e-01,2.627072632312774658e-01,1.611395739018917084e-02,-2.157803624868392944e-01,1.452850699424743652e-01,3.507215976715087891e-01
4.205471277236938477e-01,-5.646917223930358887e-01,6.276051998138427734e-01,-4.564241319894790649e-02,-6.513430178165435791e-02,-8.462398648262023926e-01,-5.268324017524719238e-01,-1.586130559444427490e-01,2.040670812129974365e-02,1.131158843636512756e-01,9.521273970603942871e-01,1.271947380155324936e-02,-2.372242510318756104e-01,-3.102152608335018158e-03,1.262479573488235474e-01,1.089490354061126709e-01,5.399886369705200195e-01,-2.407813072204589844e-01,-2.911040782928466797e-01,-2.288421839475631714e-01,6.941678524017333984e-01,1.903103888034820557e-01,4.618050158023834229e-01,2.622184455394744873e-01,-5.532990768551826477e-02,-1.843070536851882935e-01,1.983442008495330811e-01,2.341780513525009155e-01
3.928250074386596680e-01,-5.349493026733398438e-01,6.293733716011047363e-01,-4.572777077555656433e-02,-6.224202364683151245e-02,-8.302507400512695312e-01,-5.520132780075073242e-01,-1.785768717527389526e-01,5.568372458219528198e-02,1.430419832468032837e-01,8.231555223464965820e-01,-1.078061386942863464e-01,-2.263270318508148193e-01,6.625173985958099365e-02,9.675694257020950317e-02,1.265772432088851929e-01,4.979612529277801514e-01,-1.493744105100631714e-01,-2.726221978664398193e-01,-1.963025927543640137e-01,7.471655607223510742e-01,1.508742272853851318e-01,4.769584238529205322e-01,2.502931654453277588e-01,-1.194609105587005615e-01,-1.657113879919052124e-01,2.546419203281402588e-01,1.231596097350120544e-01
3.648936748504638672e-01,-5.050398707389831543e-01,6.306859850883483887e-01,-4.478087276220321655e-02,-5.861367285251617432e-02,-8.155134916305541992e-01,-5.740181803703308105e-01,-1.787373870611190796e-01,7.468143105506896973e-02,1.443293690681457520e-01,6.447111368179321289e-01,-2.086679190397262573e-01,-2.303451150655746460e-01,1.139875948429107666e-01,6.309430301189422607e-02,1.117355674505233765e-01,4.763298332691192627e-01,-1.556129660457372665e-02,-2.502358853816986084e-01,-1.748898178339004517e-01,7.864581346511840820e-01,1.290769726037979126e-01,4.907736778259277344e-01,2.310410588979721069e-01,-1.729235798120498657e-01,-1.607400923967361450e-01,2.904169857501983643e-01,3.046560287475585938e-02
3.372222185134887695e-01,-4.754562079906463623e-01,6.315000057220458984e-01,-4.284974187612533569e-02,-5.458226427435874939e-02,-8.013377785682678223e-01,-5.941737890243530273e-01,-1.712563782930374146e-01,8.583676815032958984e-02,1.169101446866989136e-01,4.595870375633239746e-01,-2.764911353588104248e-01,-2.379761487245559692e-01,1.321989148855209351e-01,2.965579554438591003e-02,8.169351518154144287e-02,5.083729028701782227e-01,1.053513661026954651e-01,-2.258349955081939697e-01,-1.622498631477355957e-01,8.114508390426635742e-01,1.248760446906089783e-01,4.966752231121063232e-01,2.043456882238388062e-01,-2.106948643922805786e-01,-1.661206930875778198e-01,2.977583408355712891e-01,-4.122427105903625488e-02
3.104143142700195312e-01,-4.473266899585723877e-01,6.321505308151245117e-01,-4.009506851434707642e-02,-5.093195289373397827e-02,-7.858913540840148926e-01,-6.149577498435974121e-01,-1.636730432510375977e-01,9.703109413385391235e-02,8.168420195579528809e-02,3.149685561656951904e-01,-2.968781292438507080e-01,-2.406947612762451172e-01,1.121846735477447510e-01,-6.381273851729929447e-04,6.371431797742843628e-02,6.187708377838134766e-01,1.632814109325408936e-01,-2.030018419027328491e-01,-1.546673625707626343e-01,8.217704296112060547e-01,1.349173933267593384e-01,4.886332750320434570e-01,1.671966761350631714e-01,-2.277733534574508667e-01,-1.736914366483688354e-01,2.911929786205291748e-01,-9.378373622894287109e-02
2.835324704647064209e-01,-4.215614795684814453e-01,6.323012113571166992e-01,-3.721804544329643250e-02,-4.841915518045425415e-02,-7.679126858711242676e-01,-6.376366615295410156e-01,-1.656161546707153320e-01,1.053786724805831909e-01,5.882260948419570923e-02,2.493635267019271851e-01,-2.705198824405670166e-01,-2.336614131927490234e-01,5.045687779784202576e-02,-2.035829983651638031e-02,7.553657144308090210e-02,7.994477152824401855e-01,1.596072316169738770e-01,-1.936323344707489014e-01,-1.508504748344421387e-01,8.136585950851440430e-01,1.559823155403137207e-01,4.656781852245330811e-01,1.177533939480781555e-01,-2.208671420812606812e-01,-1.736287623643875122e-01,2.890078425407409668e-01,-1.283339858055114746e-01
2.537330687046051025e-01,-3.978551626205444336e-01,6.310550570487976074e-01,-3.455903381109237671e-02,-4.704422131180763245e-02,-7.474230527877807617e-01,-6.617788672447204590e-01,-1.809667348861694336e-01,1.023547723889350891e-01,6.076963618397712708e-02,2.759761512279510498e-01,-2.302381694316864014e-01,-2.145276665687561035e-01,-4.594112187623977661e-02,-1.936227641999721527e-02,1.120776459574699402e-01,1.011183142662048340e+00,1.305899024009704590e-01,-2.096680253744125366e-01,-1.525397002696990967e-01,7.796812653541564941e-01,1.865049749612808228e-01,4.353342354297637939e-01,6.052043288946151733e-02,-1.844911426305770874e-01,-1.651770770549774170e-01,2.898144125938415527e-01,-1.444120109081268311e-01
2.204530239105224609e-01,-3.754585683345794678e-01,6.286482810974121094e-01,-3.256647661328315735e-02,-4.647517204284667969e-02,-7.251883149147033691e-01,-6.862079501152038574e-01,-2.002201229333877563e-01,8.573537319898605347e-02,9.165482223033905029e-02,3.679077625274658203e-01,-2.214968353509902954e-01,-1.826176047325134277e-01,-1.626829355955123901e-01,4.311332944780588150e-03,1.527936756610870361e-01,1.205702185630798340e+00,1.058097407221794128e-01,-2.447773665189743042e-01,-1.623484343290328979e-01,7.171702980995178223e-01,2.259654551744461060e-01,4.122025668621063232e-01,4.922848660498857498e-03,-1.161454692482948303e-01,-1.565719544887542725e-01,2.765320241451263428e-01,-1.405613720417022705e-01
1.885384172201156616e-01,-3.535277843475341797e-01,6.262560486793518066e-01,-3.156151622533798218e-02,-4.646980389952659607e-02,-7.025928497314453125e-01,-7.093713283538818359e-01,-2.055989056825637817e-01,6.295419484376907349e-02,1.449014246463775635e-01,4.697250723838806152e-01,-2.574025094509124756e-01,-1.457426846027374268e-01,-2.822374403476715088e-01,4.123301431536674500e-02,1.806379407644271851e-01,1.347584128379821777e+00,8.662682026624679565e-02,-2.746742665767669678e-01,-1.818110644817352295e-01,6.373946666717529297e-01,2.701705992221832275e-01,4.098049700260162354e-01,-4.282946884632110596e-02,-2.505384758114814758e-02,-1.577557176351547241e-01,2.383608371019363403e-01,-1.140926554799079895e-01
1.641090512275695801e-01,-3.316561281681060791e-01,6.246119737625122070e-01,-3.111558407545089722e-02,-4.621294885873794556e-02,-6.803378462791442871e-01,-7.307780385017395020e-01,-1.854052990674972534e-01,4.276068136096000671e-02,2.060463279485702515e-01,5.343007445335388184e-01,-3.095916509628295898e-01,-1.164447516202926636e-01,-3.883663415908813477e-01,7.873939722776412964e-02,1.884054541587829590e-01,1.419359683990478516e+00,5.807034298777580261e-02,-2.818056941032409668e-01,-2.116692066192626953e-01,5.599836111068725586e-01,3.116930723190307617e-01,4.244793355464935303e-01,-8.403230458498001099e-02,7.216915488243103027e-02,-1.710146963596343994e-01,1.843003481626510620e-01,-6.496495753526687622e-02
1.494954377412796021e-01,-3.098935186862945557e-01,6.241745948791503906e-01,-3.044389560818672180e-02,-4.533217847347259521e-02,-6.576794385910034180e-01,-7.513161301612854004e-01,-1.413045376539230347e-01,2.946911379694938660e-02,2.670835852622985840e-01,5.508779287338256836e-01,-3.458899557590484619e-01,-1.018407940864562988e-01,-4.686544835567474365e-01,1.074884310364723206e-01,1.757374256849288940e-01,1.416799664497375488e+00,1.001611724495887756e-02,-2.699762880802154541e-01,-2.474518418312072754e-01,4.954563975334167480e-01,3.445829749107360840e-01,4.349918067455291748e-01,-1.195735931396484375e-01,1.609567999839782715e-01,-1.936583071947097778e-01,1.289881765842437744e-01,-2.360262442380189896e-03
1.428281962871551514e-01,-2.869812250137329102e-01,6.248158812522888184e-01,-2.955915220081806183e-02,-4.346859827637672424e-02,-6.324499249458312988e-01,-7.728155255317687988e-01,-7.814132422208786011e-02,2.085465192794799805e-02,3.312379121780395508e-01,5.288015604019165039e-01,-3.480066657066345215e-01,-1.016476377844810486e-01,-5.127829909324645996e-01,1.237695142626762390e-01,1.441243588924407959e-01,1.339810132980346680e+00,-5.580577254295349121e-02,-2.570262253284454346e-01,-2.795911133289337158e-01,4.428113102912902832e-01,3.674846291542053223e-01,4.233046472072601318e-01,-1.439234018325805664e-01,2.337732017040252686e-01,-2.222838103771209717e-01,7.879459112882614136e-02,6.101518869400024414e-02
1.416099816560745239e-01,-2.595942020416259766e-01,6.261331439018249512e-01,-2.928000874817371368e-02,-4.077614843845367432e-02,-6.031312346458435059e-01,-7.960607409477233887e-01,3.367651719599962234e-03,1.006828621029853821e-02,4.005356729030609131e-01,4.763769805431365967e-01,-3.018392920494079590e-01,-1.155442222952842712e-01,-5.121383070945739746e-01,1.345552504062652588e-01,1.024351269006729126e-01,1.191287398338317871e+00,-1.318213641643524170e-01,-2.545042037963867188e-01,-3.007250130176544189e-01,3.982849419116973877e-01,3.829140961170196533e-01,3.924182951450347900e-01,-1.486886292695999146e-01,2.899437844753265381e-01,-2.525404095649719238e-01,3.186500445008277893e-02,1.194705739617347717e-01
1.433247923851013184e-01,-2.249548733234405518e-01,6.274759769439697266e-01,-3.061961941421031952e-02,-3.753343597054481506e-02,-5.708038210868835449e-01,-8.196564316749572754e-01,9.859316051006317139e-02,-8.296142332255840302e-03,4.655739367008209229e-01,4.067465066909790039e-01,-1.958898901939392090e-01,-1.445692479610443115e-01,-4.666939079761505127e-01,1.534083187580108643e-01,6.889589875936508179e-02,9.841011762619018555e-01,-2.073760330677032471e-01,-2.529543340206146240e-01,-3.122230172157287598e-01,3.605370819568634033e-01,3.926776647567749023e-01,3.599457442760467529e-01,-1.332031786441802979e-01,3.323020040988922119e-01,-2.812425792217254639e-01,-1.405925583094358444e-02,1.707697659730911255e-01
1.447409093379974365e-01,-1.849366873502731323e-01,6.284324526786804199e-01,-3.291032835841178894e-02,-3.393052145838737488e-02,-5.395360589027404785e-01,-8.406345844268798828e-01,1.901466697454452515e-01,-2.964284643530845642e-02,5.065081119537353516e-01,3.488791882991790771e-01,-4.685156047344207764e-02,-1.863638013601303101e-01,-3.916934132575988770e-01,1.832184493541717529e-01,5.984336137771606445e-02,7.482092380523681641e-01,-2.640118002891540527e-01,-2.322061359882354736e-01,-3.206661045551300049e-01,3.314054608345031738e-01,3.978639543056488037e-01,3.386198580265045166e-01,-1.063604876399040222e-01,3.637454211711883545e-01,-3.057554662227630615e-01,-5.918878689408302307e-02,2.095299214124679565e-01
1.431392878293991089e-01,-1.451791077852249146e-01,6.286531686782836914e-01,-3.483271971344947815e-02,-3.085838258266448975e-02,-5.124296545982360840e-01,-8.574673533439636230e-01,2.558857500553131104e-01,-4.296750575304031372e-02,5.102680921554565430e-01,3.346406221389770508e-01,9.943518787622451782e-02,-2.332845181226730347e-01,-3.105199933052062988e-01,2.128353565931320190e-01,7.224566489458084106e-02,5.242095589637756348e-01,-2.814100384712219238e-01,-1.934137493371963501e-01,-3.307044804096221924e-01,3.118534386157989502e-01,4.009349346160888672e-01,3.276139795780181885e-01,-8.110862970352172852e-02,3.851965069770812988e-01,-3.229027390480041504e-01,-9.915724396705627441e-02,2.280964255332946777e-01
1.385505199432373047e-01,-1.092180088162422180e-01,6.283450722694396973e-01,-3.569027781486511230e-02,-2.882509864866733551e-02,-4.894328415393829346e-01,-8.708333969116210938e-01,2.810690402984619141e-01,-4.285266250371932983e-02,4.810256063938140869e-01,3.814428746700286865e-01,2.008598446846008301e-01,-2.744348943233489990e-01,-2.458985447883605957e-01,2.370051890611648560e-01,9.263549000024795532e-02,3.617513775825500488e-01,-2.594458162784576416e-01,-1.716794073581695557e-01,-3.423781096935272217e-01,3.011062443256378174e-01,4.036825895309448242e-01,3.185846209526062012e-01,-6.415988504886627197e-02,3.932295441627502441e-01,-3.297767043113708496e-01,-1.220388039946556091e-01,2.255799472332000732e-01
1.329718828201293945e-01,-7.695852220058441162e-02,6.272608041763305664e-01,-3.581780567765235901e-02,-2.791186049580574036e-02,-4.680399894714355469e-01,-8.825398683547973633e-01,2.630135416984558105e-01,-3.261565044522285461e-02,4.343716502189636230e-01,4.868910908699035645e-01,2.435307055711746216e-01,-3.007118105888366699e-01,-2.129680961370468140e-01,2.572815716266632080e-01,1.081295982003211975e-01,3.013601899147033691e-01,-2.257330566644668579e-01,-1.980354934930801392e-01,-3.528429269790649414e-01,3.001905381679534912e-01,4.067608118057250977e-01,3.107446134090423584e-01,-5.221986770629882812e-02,3.801254034042358398e-01,-3.238328099250793457e-01,-1.119530051946640015e-01,2.072299122810363770e-01
1.289163678884506226e-01,-4.767455533146858215e-02,6.246211528778076172e-01,-3.528744727373123169e-02,-2.768912166357040405e-02,-4.472048580646514893e-01,-8.933061957359313965e-01,2.100040316581726074e-01,-1.658424735069274902e-02,3.798877298831939697e-01,6.281830668449401855e-01,2.394171655178070068e-01,-3.103251457214355469e-01,-2.108937352895736694e-01,2.743093669414520264e-01,1.110869497060775757e-01,3.397621810436248779e-01,-2.117515951395034790e-01,-2.556841075420379639e-01,-3.637875020503997803e-01,3.158330023288726807e-01,4.068922698497772217e-01,3.182701170444488525e-01,-3.407780081033706665e-02,3.419631123542785645e-01,-3.035837411880493164e-01,-6.677221506834030151e-02,1.809625178575515747e-01
1.281715035438537598e-01,-2.146940864622592926e-02,6.203159689903259277e-01,-3.444767370820045471e-02,-2.751870453357696533e-02,-4.281719923019409180e-01,-9.026210904121398926e-01,1.361017525196075439e-01,2.942046616226434708e-03,3.176392912864685059e-01,7.685509920120239258e-01,2.094714939594268799e-01,-3.066216409206390381e-01,-2.236701399087905884e-01,2.849240005016326904e-01,1.074960231781005859e-01,4.326145052909851074e-01,-2.312365919351577759e-01,-3.034795224666595459e-01,-3.794105350971221924e-01,3.540548384189605713e-01,3.989704847335815430e-01,3.522695004940032959e-01,-8.999541023513302207e-05,2.866972982883453369e-01,-2.720741927623748779e-01,-9.989258833229541779e-03,1.504359841346740723e-01
1.311669796705245972e-01,2.160395262762904167e-03,6.165154576301574707e-01,-3.361449763178825378e-02,-2.692935429513454437e-02,-4.126556813716888428e-01,-9.098682403564453125e-01,4.956837743520736694e-02,2.524697780609130859e-02,2.434581816196441650e-01,8.819127082824707031e-01,1.672659963369369507e-01,-2.921003103256225586e-01,-2.266905754804611206e-01,2.886510789394378662e-01,1.123270988464355469e-01,5.175433158874511719e-01,-2.691133022308349609e-01,-3.235706686973571777e-01,-3.971620202064514160e-01,4.087207913398742676e-01,3.773000836372375488e-01,3.982961773872375488e-01,5.239944905042648315e-02,2.283312380313873291e-01,-2.364867329597473145e-01,2.824991941452026367e-02,1.122120246291160583e-01
1.368116587400436401e-01,2.469869516789913177e-02,6.155564188957214355e-01,-3.327127918601036072e-02,-2.585940808057785034e-02,-3.999983072280883789e-01,-9.155466556549072266e-01,-4.276131093502044678e-02,4.762819781899452209e-02,1.649963110685348511e-01,9.579996466636657715e-01,1.151637211441993713e-01,-2.686424255371093750e-01,-2.041020244359970093e-01,2.853632271289825439e-01,1.326794624328613281e-01,5.565314292907714844e-01,-3.009411692619323730e-01,-3.246919512748718262e-01,-4.076554179191589355e-01,4.633661508560180664e-01,3.421930074691772461e-01,4.281309545040130615e-01,1.169630810618400574e-01,1.735872626304626465e-01,-2.048070579767227173e-01,4.178604111075401306e-02,6.174948811531066895e-02
1.435477435588836670e-01,4.704099521040916443e-02,6.177414655685424805e-01,-3.399404138326644897e-02,-2.410244010388851166e-02,-3.865396380424499512e-01,-9.213308691978454590e-01,-1.259156912565231323e-01,6.779777258634567261e-02,9.879396855831146240e-02,9.887049794197082520e-01,5.249147489666938782e-02,-2.432683855295181274e-01,-1.587177366018295288e-01,2.739805579185485840e-01,1.680412292480468750e-01,5.516349673271179199e-01,-3.154679536819458008e-01,-3.179731965065002441e-01,-3.996904194355010986e-01,5.115795731544494629e-01,2.988629043102264404e-01,4.309691488742828369e-01,1.817808002233505249e-01,1.208334416151046753e-01,-1.818934231996536255e-01,4.913822934031486511e-02,2.744274213910102844e-03
1.510858088731765747e-01,6.965717673301696777e-02,6.215477585792541504e-01,-3.551976755261421204e-02,-2.206845581531524658e-02,-3.675795197486877441e-01,-9.290514588356018066e-01,-1.824272423982620239e-01,8.776989579200744629e-02,5.707580223679542542e-02,9.611805081367492676e-01,-1.653398945927619934e-02,-2.280012667179107666e-01,-1.029133275151252747e-01,2.561028003692626953e-01,2.165720164775848389e-01,5.255624651908874512e-01,-3.121539354324340820e-01,-3.073499500751495361e-01,-3.692688941955566406e-01,5.580454468727111816e-01,2.521031796932220459e-01,4.184391200542449951e-01,2.364541590213775635e-01,6.595356017351150513e-02,-1.700772047042846680e-01,6.594537943601608276e-02,-5.225504189729690552e-02
1.599048674106597900e-01,9.247411042451858521e-02,6.252700090408325195e-01,-3.715222328901290894e-02,-2.019476145505905151e-02,-3.413850367069244385e-01,-9.389718770980834961e-01,-2.043160349130630493e-01,1.086113154888153076e-01,3.718777000904083252e-02,8.702776432037353516e-01,-8.451320230960845947e-02,-2.301962077617645264e-01,-4.955065250396728516e-02,2.343434393405914307e-01,2.723139524459838867e-01,5.005474090576171875e-01,-2.937930524349212646e-01,-2.955213487148284912e-01,-3.210855424404144287e-01,6.103663444519042969e-01,2.063314020633697510e-01,4.072999358177185059e-01,2.761418521404266357e-01,8.985490538179874420e-03,-1.687217354774475098e-01,8.981115370988845825e-02,-9.158647060394287109e-02
1.696860194206237793e-01,1.153247281908988953e-01,6.281813383102416992e-01,-3.816220909357070923e-02,-1.871306262910366058e-02,-3.102411031723022461e-01,-9.497072696685791016e-01,-1.978843063116073608e-01,1.289258897304534912e-01,2.627413719892501831e-02,7.329467535018920898e-01,-1.454802155494689941e-01,-2.440804392099380493e-01,-8.316921070218086243e-03,2.120394110679626465e-01,3.196451365947723389e-01,4.913447797298431396e-01,-2.570817172527313232e-01,-2.843418419361114502e-01,-2.662961781024932861e-01,6.668708324432373047e-01,1.672285646200180054e-01,4.061746001243591309e-01,3.010933399200439453e-01,-4.593869298696517944e-02,-1.738092899322509766e-01,1.086118221282958984e-01,-1.121678277850151062e-01
1.790553331375122070e-01,1.377601474523544312e-01,6.301434040069580078e-01,-3.827451169490814209e-02,-1.779757253825664520e-02,-2.777799069881439209e-01,-9.597169756889343262e-01,-1.745330244302749634e-01,1.460938155651092529e-01,1.500874198973178864e-02,5.802235603332519531e-01,-1.963264942169189453e-01,-2.579323351383209229e-01,1.305690407752990723e-02,1.910878121852874756e-01,3.396403491497039795e-01,5.076676607131958008e-01,-1.952446699142456055e-01,-2.732568085193634033e-01,-2.160237729549407959e-01,7.195370197296142578e-01,1.382898241281509399e-01,4.138863980770111084e-01,3.130223155021667480e-01,-9.274763613939285278e-02,-1.796711385250091553e-01,1.159590259194374084e-01,-1.170910745859146118e-01
1.872212737798690796e-01,1.597954481840133667e-01,6.310676336288452148e-01,-3.786920756101608276e-02,-1.780446246266365051e-02,-2.452303022146224976e-01,-9.685612916946411133e-01,-1.429979950189590454e-01,1.611054390668869019e-01,8.362178690731525421e-03,4.443940818309783936e-01,-2.349261492490768433e-01,-2.655886411666870117e-01,8.477015420794487000e-03,1.709860712289810181e-01,3.258855044841766357e-01,5.576688647270202637e-01,-1.134182810783386230e-01,-2.615017890930175781e-01,-1.755063831806182861e-01,7.600596547126770020e-01,1.198238059878349304e-01,4.225666821002960205e-01,3.102535605430603027e-01,-1.284005194902420044e-01,-1.816791445016860962e-01,1.182985529303550720e-01,-1.124994233250617981e-01
1.948189437389373779e-01,1.819464713335037231e-01,6.308944821357727051e-01,-3.716665878891944885e-02,-1.922629587352275848e-02,-2.116483151912689209e-01,-9.764496684074401855e-01,-1.098551079630851746e-01,1.732487678527832031e-01,1.755667105317115784e-02,3.506936430931091309e-01,-2.588184177875518799e-01,-2.671585381031036377e-01,-2.492142841219902039e-02,1.503956615924835205e-01,2.860995531082153320e-01,6.486865282058715820e-01,-3.262538462877273560e-02,-2.489745169878005981e-01,-1.452800631523132324e-01,7.824685573577880859e-01,1.094209328293800354e-01,4.224281609058380127e-01,2.883302271366119385e-01,-1.498580425977706909e-01,-1.756090521812438965e-01,1.245887875556945801e-01,-1.047740280628204346e-01
2.023693770170211792e-01,2.048493623733520508e-01,6.293761134147644043e-01,-3.565209731459617615e-02,-2.265268564224243164e-02,-1.778351664543151855e-01,-9.831533432006835938e-01,-8.563447743654251099e-02,1.791038364171981812e-01,4.526999220252037048e-02,3.161196410655975342e-01,-2.738404273986816406e-01,-2.627781331539154053e-01,-8.725841343402862549e-02,1.306484192609786987e-01,2.324623316526412964e-01,7.794104218482971191e-01,2.008788287639617920e-02,-2.385348230600357056e-01,-1.260897219181060791e-01,7.802978157997131348e-01,1.077687367796897888e-01,4.060299098491668701e-01,2.452490925788879395e-01,-1.531558781862258911e-01,-1.597868800163269043e-01,1.356536746025085449e-01,-9.627304971218109131e-02
2.093420028686523438e-01,2.292431741952896118e-01,6.270192861557006836e-01,-3.350270912051200867e-02,-2.824934758245944977e-02,-1.463498473167419434e-01,-9.882617592811584473e-01,-7.882395386695861816e-02,1.739037036895751953e-01,8.468834310770034790e-02,3.427739143371582031e-01,-2.957983314990997314e-01,-2.491827011108398438e-01,-1.741087585687637329e-01,1.149598807096481323e-01,1.742644608020782471e-01,9.360730648040771484e-01,2.843832969665527344e-02,-2.339293658733367920e-01,-1.196866482496261597e-01,7.455240488052368164e-01,1.198073476552963257e-01,3.719772696495056152e-01,1.867739111185073853e-01,-1.317705512046813965e-01,-1.384186297655105591e-01,1.404173821210861206e-01,-8.220230787992477417e-02
2.158365100622177124e-01,2.548954188823699951e-01,6.244933605194091797e-01,-3.104918263852596283e-02,-3.587475419044494629e-02,-1.183600798249244690e-01,-9.918366074562072754e-01,-8.583741635084152222e-02,1.577183604240417480e-01,1.319925636053085327e-01,4.051074981689453125e-01,-3.336023986339569092e-01,-2.259885072708129883e-01,-2.782857120037078857e-01,1.059043034911155701e-01,1.172456964850425720e-01,1.094015002250671387e+00,-7.156958803534507751e-03,-2.371615171432495117e-01,-1.241246908903121948e-01,6.707940697669982910e-01,1.511924862861633301e-01,3.312371373176574707e-01,1.259258985519409180e-01,-7.723182439804077148e-02,-1.206851825118064880e-01,1.265119761228561401e-01,-4.988308623433113098e-02
2.234261333942413330e-01,2.785077691078186035e-01,6.226294636726379395e-01,-2.921347320079803467e-02,-4.462807625532150269e-02,-9.238554537296295166e-02,-9.942936301231384277e-01,-8.830810338258743286e-02,1.363330334424972534e-01,1.856194883584976196e-01,4.588787257671356201e-01,-3.750540316104888916e-01,-2.006508409976959229e-01,-3.876935541629791260e-01,1.019118875265121460e-01,6.295364350080490112e-02,1.227897644042968750e+00,-7.439900934696197510e-02,-2.466441094875335693e-01,-1.363842487335205078e-01,5.626965761184692383e-01,2.023854553699493408e-01,3.046371340751647949e-01,7.293821871280670166e-02,9.939399547874927521e-03,-1.143789142370223999e-01,9.387168288230895996e-02,1.024455577135086060e-02
2.329959273338317871e-01,2.957690954208374023e-01,6.218047738075256348e-01,-2.853325754404067993e-02,-5.279893055558204651e-02,-6.671026349067687988e-02,-9.959657788276672363e-01,-7.089990377426147461e-02,1.157887279987335205e-01,2.425302714109420776e-01,4.713897705078125000e-01,-3.995217382907867432e-01,-1.837110072374343872e-01,-4.841805994510650635e-01,9.742342680692672729e-02,8.976599201560020447e-03,1.314578294754028320e+00,-1.582412570714950562e-01,-2.580354213714599609e-01,-1.525551080703735352e-01,4.475190937519073486e-01,2.644628584384918213e-01,3.024431467056274414e-01,2.694862335920333862e-02,1.164906546473503113e-01,-1.238743364810943604e-01,5.790913477540016174e-02,9.342914074659347534e-02
2.442771643400192261e-01,3.052930235862731934e-01,6.219574809074401855e-01,-2.893888391554355621e-02,-5.811956524848937988e-02,-4.042842611670494080e-02,-9.970707893371582031e-01,-3.072025813162326813e-02,9.765715897083282471e-02,2.998992502689361572e-01,4.403866231441497803e-01,-3.949800133705139160e-01,-1.795171499252319336e-01,-5.488229393959045410e-01,8.824993669986724854e-02,-4.662958160042762756e-02,1.340361118316650391e+00,-2.503561675548553467e-01,-2.667443156242370605e-01,-1.700201183557510376e-01,3.501872122287750244e-01,3.238600194454193115e-01,3.084752857685089111e-01,-1.806009747087955475e-02,2.218794077634811401e-01,-1.490655094385147095e-01,3.473894298076629639e-02,1.811100393533706665e-01
2.575467824935913086e-01,3.093759715557098389e-01,6.222609877586364746e-01,-3.032392822206020355e-02,-5.986763164401054382e-02,-1.259971037507057190e-02,-9.976660609245300293e-01,2.929037623107433319e-02,7.840873301029205322e-02,3.559513688087463379e-01,3.780024945735931396e-01,-3.590583503246307373e-01,-1.858343333005905151e-01,-5.716788172721862793e-01,7.730757445096969604e-02,-1.032666489481925964e-01,1.300511837005615234e+00,-3.469458520412445068e-01,-2.705866098403930664e-01,-1.853636801242828369e-01,2.776895761489868164e-01,3.690049946308135986e-01,2.975820302963256836e-01,-6.117509678006172180e-02,3.148119449615478516e-01,-1.884017139673233032e-01,2.502725087106227875e-02,2.571977078914642334e-01
2.742450833320617676e-01,3.109897077083587646e-01,6.220613718032836914e-01,-3.244871273636817932e-02,-5.851234495639801025e-02,1.732444576919078827e-02,-9.976087808609008789e-01,1.056344807147979736e-01,5.388067662715911865e-02,4.065630733966827393e-01,2.966476976871490479e-01,-2.854079008102416992e-01,-1.997693628072738647e-01,-5.548147559165954590e-01,7.342138141393661499e-02,-1.543091535568237305e-01,1.199516415596008301e+00,-4.393840134143829346e-01,-2.693563103675842285e-01,-1.943520009517669678e-01,2.262832075357437134e-01,3.991592824459075928e-01,2.663947343826293945e-01,-9.469202905893325806e-02,3.947797119617462158e-01,-2.346191853284835815e-01,1.634508930146694183e-02,3.169263899326324463e-01
2.941370606422424316e-01,3.116515576839447021e-01,6.213638186454772949e-01,-3.507161512970924377e-02,-5.515382066369056702e-02,4.811280965805053711e-02,-9.967011809349060059e-01,1.871776282787322998e-01,2.755270525813102722e-02,4.390773177146911621e-01,2.172192335128784180e-01,-1.654364764690399170e-01,-2.205520421266555786e-01,-5.089681744575500488e-01,8.405865728855133057e-02,-1.886132061481475830e-01,1.052744984626770020e+00,-5.141540169715881348e-01,-2.660731971263885498e-01,-1.957399845123291016e-01,1.949328631162643433e-01,4.215066134929656982e-01,2.399106919765472412e-01,-1.118779554963111877e-01,4.626707732677459717e-01,-2.781802713871002197e-01,-2.195415319874882698e-03,3.629577755928039551e-01
3.140336573123931885e-01,3.111278116703033447e-01,6.231176853179931641e-01,-3.744104504585266113e-02,-5.154947191476821899e-02,7.697743177413940430e-02,-9.949951171875000000e-01,2.510766088962554932e-01,1.202083472162485123e-02,4.350081682205200195e-01,1.691069751977920532e-01,-8.046067319810390472e-03,-2.448715865612030029e-01,-4.418978095054626465e-01,1.116278767585754395e-01,-1.946187615394592285e-01,8.510100841522216797e-01,-5.235999822616577148e-01,-2.669785022735595703e-01,-1.923734396696090698e-01,1.822045445442199707e-01,4.419892430305480957e-01,2.355311661958694458e-01,-1.094745099544525146e-01,5.162497162818908691e-01,-3.101401627063751221e-01,-2.928293496370315552e-02,3.973821997642517090e-01
3.347493112087249756e-01,3.091308474540710449e-01,6.260296702384948730e-01,-3.977546095848083496e-02,-4.965685680508613586e-02,1.006072908639907837e-01,-9.928898811340332031e-01,2.806596755981445312e-01,1.363573409616947174e-02,3.831593692302703857e-01,1.833265125751495361e-01,1.385453939437866211e-01,-2.672422528266906738e-01,-3.742461204528808594e-01,1.427967250347137451e-01,-1.734323203563690186e-01,6.702906489372253418e-01,-5.235999822616577148e-01,-2.721646130084991455e-01,-1.902828216552734375e-01,1.803158074617385864e-01,4.587738811969757080e-01,2.431932389736175537e-01,-8.722521364688873291e-02,5.485132336616516113e-01,-3.273335397243499756e-01,-5.314577743411064148e-02,4.201967716217041016e-01
3.575007617473602295e-01,3.053361177444458008e-01,6.295031905174255371e-01,-4.278112202882766724e-02,-5.120635777711868286e-02,1.192344799637794495e-01,-9.906214475631713867e-01,2.624621093273162842e-01,2.276346832513809204e-02,2.939204573631286621e-01,2.678068578243255615e-01,2.353287041187286377e-01,-2.763696014881134033e-01,-3.183591365814208984e-01,1.641875654458999634e-01,-1.398192942142486572e-01,5.445066094398498535e-01,-5.235999822616577148e-01,-2.756887376308441162e-01,-1.917051672935485840e-01,1.820597201585769653e-01,4.694496393203735352e-01,2.443309724330902100e-01,-4.620246589183807373e-02,5.505869984626770020e-01,-3.294513523578643799e-01,-5.772304534912109375e-02,4.272461533546447754e-01
3.838256895542144775e-01,2.994114160537719727e-01,6.313164234161376953e-01,-4.663794487714767456e-02,-5.776640400290489197e-02,1.356320232152938843e-01,-9.879736304283142090e-01,1.850942075252532959e-01,2.461774274706840515e-02,1.975345015525817871e-01,4.271204769611358643e-01,2.666672170162200928e-01,-2.641935944557189941e-01,-2.770400941371917725e-01,1.737172454595565796e-01,-1.073788404464721680e-01,4.740054905414581299e-01,-5.235999822616577148e-01,-2.744356989860534668e-01,-1.944550275802612305e-01,1.892721205949783325e-01,4.719811677932739258e-01,2.384706437587738037e-01,1.435351278632879257e-02,5.153346061706542969e-01,-3.185267746448516846e-01,-3.499671071767807007e-02,4.151583611965179443e-01
4.127433300018310547e-01,2.911517918109893799e-01,6.298078894615173340e-01,-5.107691511511802673e-02,-6.885636597871780396e-02,1.526318788528442383e-01,-9.845575094223022461e-01,5.545519292354583740e-02,1.350185461342334747e-02,1.205075681209564209e-01,6.378018856048583984e-01,2.484612464904785156e-01,-2.334105074405670166e-01,-2.462688982486724854e-01,1.772577017545700073e-01,-7.823236286640167236e-02,4.388566017150878906e-01,-5.235999822616577148e-01,-2.699939906597137451e-01,-1.949215978384017944e-01,2.090152949094772339e-01,4.659225344657897949e-01,2.409346997737884521e-01,9.230314195156097412e-02,4.418465793132781982e-01,-2.966856062412261963e-01,5.667397752404212952e-03,3.839101195335388184e-01
4.418428540229797363e-01,2.817080616950988770e-01,6.261985898017883301e-01,-5.543929338455200195e-02,-8.246477693319320679e-02,1.705195456743240356e-01,-9.803311228752136230e-01,-1.004478111863136292e-01,-3.994271624833345413e-03,6.805817782878875732e-02,8.410499691963195801e-01,2.092370986938476562e-01,-1.936940252780914307e-01,-2.168864607810974121e-01,1.787030398845672607e-01,-4.767325893044471741e-02,4.111632704734802246e-01,-5.235999822616577148e-01,-2.652935087680816650e-01,-1.891125291585922241e-01,2.459551244974136353e-01,4.502594769001007080e-01,2.570155858993530273e-01,1.794175654649734497e-01,3.414079546928405762e-01,-2.675822079181671143e-01,4.076339676976203918e-02,3.384156227111816406e-01
4.707430601119995117e-01,2.732257843017578125e-01,6.227685809135437012e-01,-5.927036702632904053e-02,-9.450038522481918335e-02,1.875970214605331421e-01,-9.758914113044738770e-01,-2.614424526691436768e-01,-1.756679080426692963e-02,2.781197428703308105e-02,1.001829743385314941e+00,1.557984650135040283e-01,-1.559258550405502319e-01,-1.770188957452774048e-01,1.748859882354736328e-01,-1.548250019550323486e-02,3.730159997940063477e-01,-5.235999822616577148e-01,-2.572321295738220215e-01,-1.754355877637863159e-01,3.015667200088500977e-01,4.233731031417846680e-01,2.789039611816406250e-01,2.657400071620941162e-01,2.287582904100418091e-01,-2.378735989332199097e-01,5.475484207272529602e-02,2.804255485534667969e-01
5.014997720718383789e-01,2.667476832866668701e-01,6.204025745391845703e-01,-6.209377571940422058e-02,-1.010212600231170654e-01,2.028245925903320312e-01,-9.720088839530944824e-01,-4.092679321765899658e-01,-2.053658477962017059e-02,-5.315674468874931335e-03,1.108607530593872070e+00,7.893425971269607544e-02,-1.281349658966064453e-01,-1.229049265384674072e-01,1.601631939411163330e-01,9.995809756219387054e-03,3.338965177536010742e-01,-5.235999822616577148e-01,-2.410418689250946045e-01,-1.531902998685836792e-01,3.767665326595306396e-01,3.844996690750122070e-01,2.978835999965667725e-01,3.430353999137878418e-01,1.157897487282752991e-01,-2.154699712991714478e-01,5.866403505206108093e-02,2.074174135923385620e-01
5.356055498123168945e-01,2.610690593719482422e-01,6.186391711235046387e-01,-6.351219117641448975e-02,-1.009141057729721069e-01,2.166084349155426025e-01,-9.689496159553527832e-01,-5.227491855621337891e-01,-8.485035039484500885e-03,-2.642746642231941223e-02,1.150523543357849121e+00,-1.951282098889350891e-02,-1.136293932795524597e-01,-6.885834783315658569e-02,1.357759982347488403e-01,1.798114553093910217e-02,3.288594782352447510e-01,-5.235999822616577148e-01,-2.151779681444168091e-01,-1.224276199936866760e-01,4.652728438377380371e-01,3.375585377216339111e-01,3.097166121006011963e-01,4.044962227344512939e-01,1.204636972397565842e-02,-2.032723277807235718e-01,8.089765906333923340e-02,1.214370802044868469e-01
5.728179812431335449e-01,2.545486092567443848e-01,6.168765425682067871e-01,-6.303504109382629395e-02,-9.547461569309234619e-02,2.288982421159744263e-01,-9.667040705680847168e-01,-5.859310626983642578e-01,1.651834137737751007e-02,-3.020981512963771820e-02,1.119006514549255371e+00,-1.232477501034736633e-01,-1.119819134473800659e-01,-3.357122838497161865e-02,1.080921888351440430e-01,3.865843871608376503e-03,3.884829282760620117e-01,-5.235999822616577148e-01,-1.830358356237411499e-01,-8.796620368957519531e-02,5.547431111335754395e-01,2.905475497245788574e-01,3.141669631004333496e-01,4.462521076202392578e-01,-7.459582388401031494e-02,-1.985702365636825562e-01,1.302508264780044556e-01,3.595391660928726196e-02
6.121226549148559570e-01,2.456221133470535278e-01,6.196694374084472656e-01,-6.016288697719573975e-02,-8.739434182643890381e-02,2.390036135911941528e-01,-9.652045965194702148e-01,-5.879018306732177734e-01,4.277636110782623291e-02,-2.302014268934726715e-02,9.934968352317810059e-01,-2.005709856748580933e-01,-1.189089417457580566e-01,4.970325902104377747e-02,8.289981633424758911e-02,-2.378845214843750000e-02,3.155485093593597412e-01,-3.688618242740631104e-01,-1.470990031957626343e-01,-5.657635256648063660e-02,6.351013183593750000e-01,2.520151138305664062e-01,3.145066201686859131e-01,4.688008725643157959e-01,-1.381773352622985840e-01,-1.980162560939788818e-01,1.843519359827041626e-01,-3.157828375697135925e-02
6.528295874595642090e-01,2.354455441236495972e-01,6.242073178291320801e-01,-5.528287217020988464e-02,-7.820637524127960205e-02,2.461107820272445679e-01,-9.644983410835266113e-01,-5.511701703071594238e-01,5.673401802778244019e-02,-1.709748059511184692e-02,8.241971731185913086e-01,-2.615363299846649170e-01,-1.250019818544387817e-01,1.185850277543067932e-01,6.242752820253372192e-02,-6.930637359619140625e-02,2.621672153472900391e-01,-1.764870733022689819e-01,-1.078456342220306396e-01,-3.480215743184089661e-02,7.001006007194519043e-01,2.249408215284347534e-01,3.166843950748443604e-01,4.782281517982482910e-01,-1.768253296613693237e-01,-2.033295482397079468e-01,2.159905582666397095e-01,-7.103986293077468872e-02
6.930745244026184082e-01,2.246609479188919067e-01,6.304630637168884277e-01,-4.889794066548347473e-02,-6.848780810832977295e-02,2.505469322204589844e-01,-9.644400477409362793e-01,-4.916876554489135742e-01,5.777726322412490845e-02,-1.909118145704269409e-02,6.502081751823425293e-01,-3.073015511035919189e-01,-1.221744865179061890e-01,1.625477522611618042e-01,4.561103880405426025e-02,-1.208080425858497620e-01,2.581998705863952637e-01,5.925703793764114380e-03,-6.868966668844223022e-02,-2.347774803638458252e-02,7.450256943702697754e-01,2.093132734298706055e-01,3.246530294418334961e-01,4.807831346988677979e-01,-1.920931488275527954e-01,-2.131098806858062744e-01,2.207711488008499146e-01,-8.091432601213455200e-02
7.309742569923400879e-01,2.139033675193786621e-01,6.378238201141357422e-01,-4.233444109559059143e-02,-5.952422320842742920e-02,2.542614936828613281e-01,-9.643732309341430664e-01,-4.211209118366241455e-01,5.133107677102088928e-02,-2.512167766690254211e-02,5.025405287742614746e-01,-3.306552469730377197e-01,-1.090297326445579529e-01,1.768058389425277710e-01,3.091830387711524963e-02,-1.601170152425765991e-01,3.142697215080261230e-01,1.383235454559326172e-01,-3.785562515258789062e-02,-1.925295032560825348e-02,7.648733854293823242e-01,2.039271444082260132e-01,3.340195417404174805e-01,4.767934679985046387e-01,-1.843673735857009888e-01,-2.223041951656341553e-01,2.138689607381820679e-01,-6.261524558067321777e-02
7.668227553367614746e-01,2.035483419895172119e-01,6.438517570495605469e-01,-3.645466268062591553e-02,-5.226948857307434082e-02,2.581320703029632568e-01,-9.640055894851684570e-01,-3.526175022125244141e-01,3.973574191331863403e-02,-2.772625721991062164e-02,4.069191217422485352e-01,-3.290761411190032959e-01,-8.826645463705062866e-02,1.517965495586395264e-01,1.690503209829330444e-02,-1.753663569688796997e-01,4.435345530509948730e-01,1.991076916456222534e-01,-2.454859577119350433e-02,-1.991538517177104950e-02,7.532604932785034180e-01,2.070695757865905762e-01,3.349714875221252441e-01,4.637159109115600586e-01,-1.501856446266174316e-01,-2.274080812931060791e-01,2.039160430431365967e-01,-1.619403250515460968e-02
8.024936914443969727e-01,1.943919062614440918e-01,6.457000970840454102e-01,-3.181210160255432129e-02,-4.700515419244766235e-02,2.611857652664184570e-01,-9.636184573173522949e-01,-3.021855652332305908e-01,2.233395352959632874e-02,-2.680641971528530121e-02,3.860260844230651855e-01,-3.234065473079681396e-01,-6.295799463987350464e-02,7.692746073007583618e-02,4.395868163555860519e-03,-1.691469997167587280e-01,6.467885971069335938e-01,1.941919475793838501e-01,-3.459576889872550964e-02,-2.635103091597557068e-02,7.044951319694519043e-01,2.187087982892990112e-01,3.245148062705993652e-01,4.428600966930389404e-01,-8.397353440523147583e-02,-2.275367230176925659e-01,1.858005523681640625e-01,5.851031839847564697e-02
8.396677374839782715e-01,1.872302740812301636e-01,6.424481272697448730e-01,-2.879945561289787292e-02,-4.389641806483268738e-02,2.617588341236114502e-01,-9.637042880058288574e-01,-2.740545868873596191e-01,-9.753658086992800236e-04,-2.476205118000507355e-02,4.342428147792816162e-01,-3.408509492874145508e-01,-3.530834242701530457e-02,-4.464896768331527710e-02,-1.954287756234407425e-03,-1.529105156660079956e-01,8.826334476470947266e-01,1.555719524621963501e-01,-6.795456260442733765e-02,-4.212241992354393005e-02,6.170628070831298828e-01,2.394573688507080078e-01,3.135528266429901123e-01,4.200124740600585938e-01,1.815777271986007690e-02,-2.256338596343994141e-01,1.462977081537246704e-01,1.578488349914550781e-01
8.791580796241760254e-01,1.827091574668884277e-01,6.362679600715637207e-01,-2.736541815102100372e-02,-4.230704903602600098e-02,2.593175172805786133e-01,-9.644768834114074707e-01,-2.527152895927429199e-01,-2.975603193044662476e-02,-2.337988838553428650e-02,5.110774040222167969e-01,-3.862231075763702393e-01,-5.048324353992938995e-03,-2.014775723218917847e-01,-3.761900297831743956e-04,-1.362006217241287231e-01,1.104832053184509277e+00,1.082421466708183289e-01,-1.154798865318298340e-01,-7.116241753101348877e-02,5.003607273101806641e-01,2.704540789127349854e-01,3.231515288352966309e-01,3.955777585506439209e-01,1.529454886913299561e-01,-2.236048132181167603e-01,7.675291597843170166e-02,2.750311195850372314e-01
9.192585349082946777e-01,1.805506944656372070e-01,6.300603747367858887e-01,-2.665895596146583557e-02,-4.135886207222938538e-02,2.549623548984527588e-01,-9.656981825828552246e-01,-2.231102436780929565e-01,-6.205131113529205322e-02,-2.387226372957229614e-02,5.732513070106506348e-01,-4.379203915596008301e-01,2.787094935774803162e-02,-3.734588921070098877e-01,7.060451898723840714e-03,-1.220390796661376953e-01,1.286916136741638184e+00,5.734820291399955750e-02,-1.596053391695022583e-01,-1.141021102666854858e-01,3.772573769092559814e-01,3.125105202198028564e-01,3.593377172946929932e-01,3.631553649902343750e-01,3.038689196109771729e-01,-2.212123721837997437e-01,-1.756048947572708130e-02,3.974597156047821045e-01
9.540723562240600586e-01,1.782622635364532471e-01,6.264283657073974609e-01,-2.629418298602104187e-02,-3.990110754966735840e-02,2.507205605506896973e-01,-9.668793678283691406e-01,-1.812117993831634521e-01,-9.024909883737564087e-02,-2.620019391179084778e-02,5.935841798782348633e-01,-4.643799066543579102e-01,5.615633353590965271e-02,-5.169505476951599121e-01,1.165510434657335281e-02,-1.133357211947441101e-01,1.394878029823303223e+00,-1.343976473435759544e-03,-1.787576079368591309e-01,-1.608965396881103516e-01,2.734480500221252441e-01,3.597542941570281982e-01,3.898734152317047119e-01,3.197718262672424316e-01,4.401384294033050537e-01,-2.193230092525482178e-01,-1.145372837781906128e-01,4.967291057109832764e-01
9.805148839950561523e-01,1.722846627235412598e-01,6.266439557075500488e-01,-2.580645680427551270e-02,-3.725981712341308594e-02,2.487835586071014404e-01,-9.674980640411376953e-01,-1.265040338039398193e-01,-1.023272052407264709e-01,-2.507353760302066803e-02,5.619208812713623047e-01,-4.363253414630889893e-01,6.833229959011077881e-02,-5.916881561279296875e-01,2.219974761828780174e-03,-1.142530441284179688e-01,1.390123009681701660e+00,-7.211562246084213257e-02,-1.644804477691650391e-01,-1.982821375131607056e-01,1.949083358049392700e-01,3.991079628467559814e-01,3.684549927711486816e-01,2.715390026569366455e-01,5.405809879302978516e-01,-2.233197838068008423e-01,-1.940648853778839111e-01,5.465081930160522461e-01
1.004728317260742188e+00,1.587683111429214478e-01,6.298619508743286133e-01,-2.527979016304016113e-02,-3.365333750844001770e-02,2.506751418113708496e-01,-9.671558141708374023e-01,-5.156001076102256775e-02,-9.596066921949386597e-02,-1.113873068243265152e-02,4.796206057071685791e-01,-3.315415978431701660e-01,6.020392104983329773e-02,-5.975472331047058105e-01,-2.086649648845195770e-02,-1.287633329629898071e-01,1.267291069030761719e+00,-1.487672030925750732e-01,-1.314869672060012817e-01,-2.212744504213333130e-01,1.284978538751602173e-01,4.275158345699310303e-01,2.892546057701110840e-01,2.262534350156784058e-01,6.136426329612731934e-01,-2.370191812515258789e-01,-2.551794946193695068e-01,5.517101287841796875e-01
1.037018895149230957e+00,1.362476646900177002e-01,6.335941553115844727e-01,-2.494601160287857056e-02,-2.947410941123962402e-02,2.557843923568725586e-01,-9.659624099731445312e-01,5.118768662214279175e-02,-8.146289736032485962e-02,2.024850994348526001e-02,3.636217415332794189e-01,-1.483010053634643555e-01,3.559635579586029053e-02,-5.690339803695678711e-01,-3.870822861790657043e-02,-1.461521834135055542e-01,1.069960117340087891e+00,-2.182745635509490967e-01,-1.011306345462799072e-01,-2.321233898401260376e-01,6.272072345018386841e-02,4.538495540618896484e-01,1.950069963932037354e-01,1.881719827651977539e-01,6.771233677864074707e-01,-2.561255693435668945e-01,-3.075751662254333496e-01,5.418741106986999512e-01
1.078484177589416504e+00,1.080672442913055420e-01,6.360500454902648926e-01,-2.496932260692119598e-02,-2.513619512319564819e-02,2.618292570114135742e-01,-9.644636511802673340e-01,1.649079322814941406e-01,-6.955678761005401611e-02,6.032137945294380188e-02,2.609513998031616211e-01,7.090451568365097046e-02,1.041714567691087723e-03,-5.327794551849365234e-01,-3.843884915113449097e-02,-1.444108039140701294e-01,8.578436374664306641e-01,-2.729286551475524902e-01,-8.098211139440536499e-02,-2.352074831724166870e-01,1.937172026373445988e-03,4.826738834381103516e-01,1.246762648224830627e-01,1.595447510480880737e-01,7.288561463356018066e-01,-2.764190137386322021e-01,-3.507129251956939697e-01,5.342911481857299805e-01
1.122557878494262695e+00,7.956029474735260010e-02,6.378989815711975098e-01,-2.489327080547809601e-02,-2.101551555097103119e-02,2.661178410053253174e-01,-9.633898138999938965e-01,2.543750107288360596e-01,-6.159564107656478882e-02,9.065146744251251221e-02,2.252150475978851318e-01,2.622058689594268799e-01,-3.678612783551216125e-02,-4.935517609119415283e-01,-2.495219558477401733e-02,-1.181376352906227112e-01,6.730089783668518066e-01,-3.099660277366638184e-01,-6.840245425701141357e-02,-2.345801144838333130e-01,-4.358372092247009277e-02,5.096100568771362305e-01,8.380071073770523071e-02,1.396660953760147095e-01,7.530750036239624023e-01,-2.972427010536193848e-01,-3.747252821922302246e-01,5.274873971939086914e-01
1.165091276168823242e+00,5.306468531489372253e-02,6.407529711723327637e-01,-2.420040220022201538e-02,-1.763397455215454102e-02,2.681598663330078125e-01,-9.629089832305908203e-01,2.965066134929656982e-01,-5.509034544229507446e-02,9.959521889686584473e-02,2.710947394371032715e-01,4.004093408584594727e-01,-6.760448962450027466e-02,-4.464823305606842041e-01,-8.105383254587650299e-03,-8.245284855365753174e-02,5.318271517753601074e-01,-3.268440961837768555e-01,-6.167308241128921509e-02,-2.333483695983886719e-01,-6.883063912391662598e-02,5.287031531333923340e-01,6.105251982808113098e-02,1.286527514457702637e-01,7.408159971237182617e-01,-3.190084993839263916e-01,-3.707692325115203857e-01,5.168033242225646973e-01
1.206642150878906250e+00,2.745375782251358032e-02,6.447782516479492188e-01,-2.306495234370231628e-02,-1.508883386850357056e-02,2.692957520484924316e-01,-9.626630544662475586e-01,2.871344089508056641e-01,-5.207404121756553650e-02,9.127163887023925781e-02,3.933627307415008545e-01,4.927641153335571289e-01,-8.428759127855300903e-02,-3.939137756824493408e-01,8.500139228999614716e-03,-5.317961797118186951e-02,4.380150139331817627e-01,-3.276301324367523193e-01,-6.140434741973876953e-02,-2.315203100442886353e-01,-7.544296234846115112e-02,5.397766828536987305e-01,5.122637748718261719e-02,1.279267072677612305e-01,6.948813199996948242e-01,-3.397670388221740723e-01,-3.365380764007568359e-01,5.008364915847778320e-01
1.245728492736816406e+00,2.863694448024034500e-03,6.465076804161071777e-01,-2.183869294822216034e-02,-1.325841620564460754e-02,2.712060511112213135e-01,-9.621821641921997070e-01,2.255148738622665405e-01,-5.357404425740242004e-02,8.091647922992706299e-02,5.941477417945861816e-01,5.235999822616577148e-01,-8.356675505638122559e-02,-3.535086512565612793e-01,2.173334918916225433e-02,-3.786365315318107605e-02,4.164912402629852295e-01,-3.411754667758941650e-01,-6.577914208173751831e-02,-2.280019968748092651e-01,-5.774659663438796997e-02,5.424917936325073242e-01,6.375321000814437866e-02,1.409290730953216553e-01,6.215451359748840332e-01,-3.550880551338195801e-01,-2.757603526115417480e-01,4.796928167343139648e-01
1.280815362930297852e+00,-2.022701874375343323e-02,6.429624557495117188e-01,-2.075117826461791992e-02,-1.171878259629011154e-02,2.731334865093231201e-01,-9.616808891296386719e-01,1.398953795433044434e-01,-5.671624094247817993e-02,8.138099312782287598e-02,7.892451286315917969e-01,5.235999822616577148e-01,-5.940786004066467285e-02,-3.287598788738250732e-01,2.804260328412055969e-02,-3.834139555692672729e-02,4.761815965175628662e-01,-3.944792449474334717e-01,-6.982099264860153198e-02,-2.232392132282257080e-01,-1.338348520221188664e-04,5.307222008705139160e-01,1.137078702449798584e-01,1.780823618173599243e-01,5.219607949256896973e-01,-3.584398627281188965e-01,-1.965654641389846802e-01,4.500955641269683838e-01
1.316317200660705566e+00,-4.355821758508682251e-02,6.357204914093017578e-01,-2.006520144641399384e-02,-9.732066653668880463e-03,2.735451459884643555e-01,-9.616006016731262207e-01,4.194213449954986572e-02,-5.681847035884857178e-02,9.525565803050994873e-02,9.263986349105834961e-01,5.235999822616577148e-01,-7.991717197000980377e-03,-2.907312214374542236e-01,2.468461357057094574e-02,-5.039547756314277649e-02,5.670290589332580566e-01,-4.769737720489501953e-01,-6.851223111152648926e-02,-2.146977335214614868e-01,1.059998720884323120e-01,4.941874146461486816e-01,2.043232470750808716e-01,2.477532923221588135e-01,3.903506398200988770e-01,-3.436038196086883545e-01,-1.090187132358551025e-01,4.040271639823913574e-01
1.357352852821350098e+00,-6.816186755895614624e-02,6.303580999374389648e-01,-1.933126151561737061e-02,-7.611044682562351227e-03,2.718777060508728027e-01,-9.621075391769409180e-01,-6.950472295284271240e-02,-5.456362664699554443e-02,1.119177415966987610e-01,1.007095456123352051e+00,5.235999822616577148e-01,5.359022691845893860e-02,-2.085169553756713867e-01,1.536188367754220963e-02,-6.679854542016983032e-02,5.939784646034240723e-01,-5.235999822616577148e-01,-5.897870659828186035e-02,-1.974805444478988647e-01,2.414369583129882812e-01,4.287677109241485596e-01,3.094508647918701172e-01,3.419388234615325928e-01,2.378994673490524292e-01,-3.115183413028717041e-01,-3.072549961507320404e-02,3.357478380203247070e-01
1.402808308601379395e+00,-9.121756255626678467e-02,6.295844912528991699e-01,-1.846455596387386322e-02,-5.869468674063682556e-03,2.686550915241241455e-01,-9.630415439605712891e-01,-1.755282580852508545e-01,-5.813384428620338440e-02,1.158025935292243958e-01,1.016642332077026367e+00,5.235999822616577148e-01,9.338393807411193848e-02,-1.056945174932479858e-01,2.386981155723333359e-03,-8.381335437297821045e-02,5.670406818389892578e-01,-5.233742594718933105e-01,-4.083472490310668945e-02,-1.685643047094345093e-01,3.744960725307464600e-01,3.447754085063934326e-01,3.950785398483276367e-01,4.342875480651855469e-01,9.350986778736114502e-02,-2.754972577095031738e-01,2.925083413720130920e-02,2.476856708526611328e-01
1.448777437210083008e+00,-1.106905043125152588e-01,6.318741440773010254e-01,-1.624090038239955902e-02,-4.914939869195222855e-03,2.643143832683563232e-01,-9.642872810363769531e-01,-2.646074295043945312e-01,-6.439124047756195068e-02,1.010009944438934326e-01,9.820376038551330566e-01,4.703775048255920410e-01,9.925467520952224731e-02,4.802849143743515015e-03,-8.718649856746196747e-03,-1.033695712685585022e-01,4.754154980182647705e-01,-4.289926290512084961e-01,-1.683352142572402954e-02,-1.332788765430450439e-01,4.928786754608154297e-01,2.609618306159973145e-01,4.547307193279266357e-01,5.037806034088134766e-01,-2.386604249477386475e-02,-2.478059232234954834e-01,8.243104815483093262e-02,1.516763120889663696e-01
1.495196700096130371e+00,-1.282364875078201294e-01,6.333197951316833496e-01,-1.184992771595716476e-02,-4.897090140730142593e-03,2.571287453174591064e-01,-9.662920832633972168e-01,-3.312321901321411133e-01,-6.696383655071258545e-02,7.109008729457855225e-02,9.249417781829833984e-01,3.480482101440429688e-01,8.556448668241500854e-02,1.039583086967468262e-01,-1.470167841762304306e-02,-1.296633034944534302e-01,3.785586953163146973e-01,-2.725126445293426514e-01,9.911349043250083923e-03,-1.033454611897468567e-01,5.989962220191955566e-01,1.877336502075195312e-01,5.005751848220825195e-01,5.464507937431335449e-01,-1.113991513848304749e-01,-2.315622568130493164e-01,1.332856863737106323e-01,6.362526118755340576e-02
1.541894793510437012e+00,-1.454929113388061523e-01,6.346492171287536621e-01,-5.472506862133741379e-03,-5.181642714887857437e-03,2.451609373092651367e-01,-9.694530963897705078e-01,-3.719232380390167236e-01,-6.743233650922775269e-02,3.404739126563072205e-02,8.186310529708862305e-01,2.169510424137115479e-01,7.374420762062072754e-02,1.904944479465484619e-01,-1.169610489159822464e-02,-1.614708751440048218e-01,2.912269532680511475e-01,-7.880284637212753296e-02,3.707532584667205811e-02,-8.706837892532348633e-02,6.953611373901367188e-01,1.262607872486114502e-01,5.420053601264953613e-01,5.679072141647338867e-01,-1.743380725383758545e-01,-2.270982563495635986e-01,1.666325181722640991e-01,-4.531879443675279617e-03
1.588953614234924316e+00,-1.634823530912399292e-01,6.360954046249389648e-01,2.316977595910429955e-03,-5.894252099096775055e-03,2.293397635221481323e-01,-9.733258485794067383e-01,-3.948152661323547363e-01,-7.188422232866287231e-02,-5.273509770631790161e-03,6.799243092536926270e-01,8.379977196455001831e-02,7.374548912048339844e-02,2.524757087230682373e-01,-1.238029333762824535e-03,-1.909289956092834473e-01,2.555933892726898193e-01,9.056802093982696533e-02,6.431488692760467529e-02,-8.315978199243545532e-02,7.813555002212524414e-01,7.485739886760711670e-02,5.794551968574523926e-01,5.720728635787963867e-01,-2.167639434337615967e-01,-2.322908192873001099e-01,1.704143285751342773e-01,-5.038724467158317566e-02
1.637394309043884277e+00,-1.831894218921661377e-01,6.391993165016174316e-01,1.110783964395523071e-02,-6.761709693819284439e-03,2.120780497789382935e-01,-9.771662354469299316e-01,-3.979156315326690674e-01,-8.168583363294601440e-02,-4.898571968078613281e-02,5.147210359573364258e-01,-4.445002228021621704e-02,8.319988101720809937e-02,2.869153618812561035e-01,1.104121934622526169e-02,-2.107333689928054810e-01,2.908831238746643066e-01,1.944565773010253906e-01,9.241744875907897949e-02,-8.576714247465133667e-02,8.563070893287658691e-01,3.045781515538692474e-02,6.085362434387207031e-01,5.620574355125427246e-01,-2.423682659864425659e-01,-2.420601993799209595e-01,1.536294668912887573e-01,-7.710529863834381104e-02
1.685475587844848633e+00,-2.038572877645492554e-01,6.439378857612609863e-01,1.963412389159202576e-02,-7.712034042924642563e-03,1.960068047046661377e-01,-9.803756475448608398e-01,-3.781992495059967041e-01,-9.144030511379241943e-02,-9.314704686403274536e-02,3.488036692142486572e-01,-1.467110216617584229e-01,9.654484689235687256e-02,2.926325798034667969e-01,1.931806467473506927e-02,-2.185918241739273071e-01,3.942194879055023193e-01,2.268980592489242554e-01,1.209202334284782410e-01,-9.040389955043792725e-02,9.124557971954345703e-01,-4.613849800080060959e-03,6.269091367721557617e-01,5.420578122138977051e-01,-2.501450777053833008e-01,-2.509976923465728760e-01,1.330011188983917236e-01,-8.611614257097244263e-02
1.728465557098388672e+00,-2.226819396018981934e-01,6.470417976379394531e-01,2.532004006206989288e-02,-1.049313042312860489e-02,1.833451837301254272e-01,-9.826664328575134277e-01,-3.537972569465637207e-01,-1.020016595721244812e-01,-1.175164133310317993e-01,2.552030384540557861e-01,-1.948044300079345703e-01,1.134368926286697388e-01,2.528512477874755859e-01,1.436947192996740341e-02,-2.165255546569824219e-01,5.726274251937866211e-01,1.901749074459075928e-01,1.427550613880157471e-01,-9.129535406827926636e-02,9.162999987602233887e-01,-1.831274293363094330e-02,6.297756433486938477e-01,5.244787335395812988e-01,-2.325307577848434448e-01,-2.558774948120117188e-01,1.155768260359764099e-01,-7.011966407299041748e-02
1.764624357223510742e+00,-2.381159961223602295e-01,6.451640129089355469e-01,3.033251874148845673e-02,-8.797333575785160065e-03,1.743616461753845215e-01,-9.841750860214233398e-01,-3.374230265617370605e-01,-1.182548850774765015e-01,-1.075293943285942078e-01,3.026569187641143799e-01,-1.931908726692199707e-01,1.374635398387908936e-01,1.758091896772384644e-01,-1.668789656832814217e-03,-2.066191732883453369e-01,8.168922662734985352e-01,1.030956879258155823e-01,1.487637758255004883e-01,-9.073572605848312378e-02,8.984495401382446289e-01,-4.653759766370058060e-03,6.297374963760375977e-01,4.887555837631225586e-01,-1.687209308147430420e-01,-2.535356879234313965e-01,9.985571354627609253e-02,-2.182273380458354950e-02
1.797281265258789062e+00,-2.508854568004608154e-01,6.390327811241149902e-01,3.218587487936019897e-02,-8.774352259933948517e-03,1.675035357475280762e-01,-9.853068590164184570e-01,-3.420672118663787842e-01,-1.392920017242431641e-01,-7.118599861860275269e-02,4.400798380374908447e-01,-1.754841953516006470e-01,1.691837608814239502e-01,6.348107010126113892e-02,-2.533015608787536621e-02,-1.892268657684326172e-01,1.074123382568359375e+00,5.965218413621187210e-03,1.372739523649215698e-01,-8.505829423666000366e-02,8.262429237365722656e-01,2.971264161169528961e-02,6.206502914428710938e-01,4.607264697551727295e-01,-8.140533417463302612e-02,-2.523736059665679932e-01,7.140813767910003662e-02,5.180839076638221741e-02
1.829011917114257812e+00,-2.610937654972076416e-01,6.317267417907714844e-01,3.188826516270637512e-02,-8.436053059995174408e-03,1.610998660326004028e-01,-9.863867163658142090e-01,-3.470618724822998047e-01,-1.588147282600402832e-01,-3.863657265901565552e-02,5.748522877693176270e-01,-1.848471462726593018e-01,1.996015757322311401e-01,-6.042101234197616577e-02,-5.069400742650032043e-02,-1.626661717891693115e-01,1.266459226608276367e+00,-6.461425870656967163e-02,1.159721836447715759e-01,-8.232299983501434326e-02,7.322416901588439941e-01,7.240699976682662964e-02,6.126933693885803223e-01,4.292690753936767578e-01,1.453342940658330917e-02,-2.582859396934509277e-01,2.571590803563594818e-02,1.371665894985198975e-01
1.860774636268615723e+00,-2.689369618892669678e-01,6.257444620132446289e-01,3.006788715720176697e-02,-7.707188371568918228e-03,1.533352881669998169e-01,-9.876865744590759277e-01,-3.319754302501678467e-01,-1.789308041334152222e-01,-3.028930723667144775e-02,6.574568748474121094e-01,-2.230319082736968994e-01,2.209885865449905396e-01,-1.895095854997634888e-01,-7.743839174509048462e-02,-1.293722987174987793e-01,1.357868075370788574e+00,-1.117087006568908691e-01,9.498896449804306030e-02,-9.078804403543472290e-02,6.227113008499145508e-01,1.209071725606918335e-01,6.014398336410522461e-01,3.836266696453094482e-01,1.125602573156356812e-01,-2.745862901210784912e-01,-3.484467044472694397e-02,2.261021137237548828e-01
1.893914937973022461e+00,-2.765040993690490723e-01,6.220511198043823242e-01,2.826572395861148834e-02,-6.610339507460594177e-03,1.418881863355636597e-01,-9.894569516181945801e-01,-2.898946106433868408e-01,-1.970249861478805542e-01,-4.572104662656784058e-02,6.921290159225463867e-01,-2.642285823822021484e-01,2.336754500865936279e-01,-3.132837414741516113e-01,-1.052940934896469116e-01,-1.041775867342948914e-01,1.356126189231872559e+00,-1.578950434923171997e-01,8.025452494621276855e-02,-1.142493188381195068e-01,5.024372935295104980e-01,1.756856739521026611e-01,5.719449520111083984e-01,3.184135258197784424e-01,2.134146839380264282e-01,-2.971011102199554443e-01,-1.023311614990234375e-01,3.131802678108215332e-01
1.928961396217346191e+00,-2.865157127380371094e-01,6.207745671272277832e-01,2.805653400719165802e-02,-5.350301507860422134e-03,1.261252015829086304e-01,-9.916030764579772949e-01,-2.270591855049133301e-01,-2.055132985115051270e-01,-7.591349631547927856e-02,6.958931684494018555e-01,-2.888525128364562988e-01,2.407180815935134888e-01,-4.060829579830169678e-01,-1.315768510103225708e-01,-9.863028675317764282e-02,1.273550510406494141e+00,-2.092654407024383545e-01,7.926274091005325317e-02,-1.484906971454620361e-01,3.865703940391540527e-01,2.326911836862564087e-01,5.179903507232666016e-01,2.452969700098037720e-01,3.113141059875488281e-01,-3.178402781486511230e-01,-1.688020825386047363e-01,3.862909972667694092e-01
1.967537879943847656e+00,-3.007299005985260010e-01,6.211611032485961914e-01,2.966778725385665894e-02,-4.198635462671518326e-03,1.076512709259986877e-01,-9.937371015548706055e-01,-1.490005552768707275e-01,-1.992236971855163574e-01,-1.101538687944412231e-01,6.741623878479003906e-01,-2.809982299804687500e-01,2.421266287565231323e-01,-4.472914040088653564e-01,-1.501554697751998901e-01,-1.099240854382514954e-01,1.110015273094177246e+00,-2.543084323406219482e-01,9.654332697391510010e-02,-1.809505075216293335e-01,2.857143878936767578e-01,2.889956831932067871e-01,4.483434557914733887e-01,1.798975318670272827e-01,4.005205929279327393e-01,-3.327715992927551270e-01,-2.314296364784240723e-01,4.375432133674621582e-01
2.014801502227783203e+00,-3.197177052497863770e-01,6.224772930145263672e-01,3.237134963274002075e-02,-3.440439933910965919e-03,8.739996701478958130e-02,-9.956412315368652344e-01,-5.789222195744514465e-02,-1.757184267044067383e-01,-1.348756998777389526e-01,6.299694180488586426e-01,-2.169677615165710449e-01,2.383152246475219727e-01,-4.398613870143890381e-01,-1.550328433513641357e-01,-1.238933429121971130e-01,8.746606707572937012e-01,-2.871525287628173828e-01,1.282697170972824097e-01,-2.051755040884017944e-01,1.966618150472640991e-01,3.450277447700500488e-01,3.719415068626403809e-01,1.274485588073730469e-01,4.824325144290924072e-01,-3.430252969264984131e-01,-2.896571755409240723e-01,4.669083058834075928e-01
2.070796251296997070e+00,-3.421009778976440430e-01,6.237589120864868164e-01,3.547630459070205688e-02,-2.870697295293211937e-03,6.528763473033905029e-02,-9.972315430641174316e-01,3.515335917472839355e-02,-1.382301300764083862e-01,-1.387526243925094604e-01,5.816859006881713867e-01,-9.324510395526885986e-02,2.300108969211578369e-01,-4.058901369571685791e-01,-1.496416777372360229e-01,-1.264821290969848633e-01,6.145667433738708496e-01,-3.149624168872833252e-01,1.641260087490081787e-01,-2.220448404550552368e-01,1.139185130596160889e-01,3.999985456466674805e-01,2.968045175075531006e-01,8.423487842082977295e-02,5.554348826408386230e-01,-3.511094450950622559e-01,-3.394663631916046143e-01,4.798059165477752686e-01
2.124531984329223633e+00,-3.632651865482330322e-01,6.240976452827453613e-01,3.868161141872406006e-02,-2.591965952888131142e-03,4.200149700045585632e-02,-9.983651041984558105e-01,1.020687445998191833e-01,-9.680298715829849243e-02,-1.203430667519569397e-01,5.666336417198181152e-01,4.729073494672775269e-02,2.186927050352096558e-01,-3.692746460437774658e-01,-1.426879465579986572e-01,-1.152043044567108154e-01,4.029802680015563965e-01,-3.399630784988403320e-01,1.929745823144912720e-01,-2.368586510419845581e-01,4.735983908176422119e-02,4.480868577957153320e-01,2.374540418386459351e-01,4.803898930549621582e-02,6.068906188011169434e-01,-3.614373803138732910e-01,-3.706356585025787354e-01,4.809464514255523682e-01
2.165791034698486328e+00,-3.803167939186096191e-01,6.234599947929382324e-01,4.199394956231117249e-02,-2.592789474874734879e-03,1.867387257516384125e-02,-9.989399909973144531e-01,1.203054338693618774e-01,-6.159674376249313354e-02,-8.738317340612411499e-02,6.174179911613464355e-01,1.516727209091186523e-01,2.067816108465194702e-01,-3.451898694038391113e-01,-1.375542283058166504e-01,-9.976593405008316040e-02,2.933046519756317139e-01,-3.528857231140136719e-01,2.078932374715805054e-01,-2.517162859439849854e-01,9.579992853105068207e-03,4.850085079669952393e-01,2.084720432758331299e-01,1.907646656036376953e-02,6.227355003356933594e-01,-3.780196607112884521e-01,-3.720849156379699707e-01,4.746467173099517822e-01
2.196617364883422852e+00,-3.945076465606689453e-01,6.221693158149719238e-01,4.545461013913154602e-02,-2.830705605447292328e-03,-4.276970867067575455e-03,-9.989532232284545898e-01,8.947265893220901489e-02,-3.598769754171371460e-02,-5.010333657264709473e-02,7.342689037322998047e-01,2.051913142204284668e-01,2.006642520427703857e-01,-3.385280072689056396e-01,-1.336221396923065186e-01,-9.536034613847732544e-02,2.920648157596588135e-01,-3.460184633731842041e-01,2.090460062026977539e-01,-2.646571695804595947e-01,4.201818723231554031e-03,5.057995319366455078e-01,2.113467454910278320e-01,-2.398879732936620712e-03,5.951145291328430176e-01,-4.002850353717803955e-01,-3.341101408004760742e-01,4.654761552810668945e-01
2.225172758102416992e+00,-4.079079926013946533e-01,6.200404167175292969e-01,4.910558089613914490e-02,-2.693831687793135643e-03,-2.727713622152805328e-02,-9.984174370765686035e-01,2.698265388607978821e-02,-1.881988346576690674e-02,-1.393766049295663834e-02,8.858807086944580078e-01,2.234878391027450562e-01,2.109880149364471436e-01,-3.401970267295837402e-01,-1.333786249160766602e-01,-1.115307658910751343e-01,3.638755381107330322e-01,-3.278382122516632080e-01,2.024602591991424561e-01,-2.714514732360839844e-01,2.762354351580142975e-02,5.044443011283874512e-01,2.402380853891372681e-01,-1.195855159312486649e-02,5.207694768905639648e-01,-4.200133085250854492e-01,-2.551220357418060303e-01,4.553940892219543457e-01
2.254999876022338867e+00,-4.188796579837799072e-01,6.169227957725524902e-01,5.242949724197387695e-02,-2.184310695156455040e-03,-4.990334808826446533e-02,-9.973745942115783691e-01,-5.263687297701835632e-02,-1.000726595520973206e-02,1.995494775474071503e-02,1.032425761222839355e+00,2.169228047132492065e-01,2.393568307161331177e-01,-3.342022597789764404e-01,-1.389809101819992065e-01,-1.448162645101547241e-01,4.631628692150115967e-01,-3.237257003784179688e-01,1.966603547334671021e-01,-2.679077386856079102e-01,8.122732490301132202e-02,4.749318957328796387e-01,2.930772006511688232e-01,3.419126151129603386e-03,4.069665372371673584e-01,-4.250442385673522949e-01,-1.533617675304412842e-01,4.430558383464813232e-01
2.285928010940551758e+00,-4.242261946201324463e-01,6.138766407966613770e-01,5.512090399861335754e-02,-1.345770549960434437e-03,-7.139825075864791870e-02,-9.959227442741394043e-01,-1.388846337795257568e-01,-9.891280904412269592e-03,4.889769479632377625e-02,1.141467094421386719e+00,1.846207231283187866e-01,2.697480022907257080e-01,-3.037679195404052734e-01,-1.476587802171707153e-01,-1.859206110239028931e-01,5.420925021171569824e-01,-3.459272384643554688e-01,1.971582770347595215e-01,-2.517638504505157471e-01,1.582934111356735229e-01,4.177466928958892822e-01,3.571520149707794189e-01,5.687554925680160522e-02,2.735503017902374268e-01,-4.095792770385742188e-01,-5.717690661549568176e-02,4.235867261886596680e-01
2.317439317703247070e+00,-4.235517084598541260e-01,6.125177741050720215e-01,5.717508122324943542e-02,-5.723305002902634442e-05,-9.133164584636688232e-02,-9.941778182983398438e-01,-2.221841961145401001e-01,-1.723527722060680389e-02,7.030861079692840576e-02,1.197299480438232422e+00,1.272456198930740356e-01,2.835623919963836670e-01,-2.428134977817535400e-01,-1.530424356460571289e-01,-2.278760671615600586e-01,5.677406787872314453e-01,-3.715887963771820068e-01,2.053643614053726196e-01,-2.230834364891052246e-01,2.475012242794036865e-01,3.424343764781951904e-01,4.128813147544860840e-01,1.463254243135452271e-01,1.415476948022842407e-01,-3.806952238082885742e-01,2.114340290427207947e-02,3.892319798469543457e-01
2.349597692489624023e+00,-4.189834892749786377e-01,6.133932471275329590e-01,5.891922861337661743e-02,1.567954546771943569e-03,-1.102522686123847961e-01,-9.921544790267944336e-01,-2.923196256160736084e-01,-2.630288898944854736e-02,8.599276095628738403e-02,1.197616338729858398e+00,5.174402520060539246e-02,2.793132364749908447e-01,-1.582890897989273071e-01,-1.515772044658660889e-01,-2.687244117259979248e-01,5.376459956169128418e-01,-3.662631809711456299e-01,2.186558842658996582e-01,-1.857175827026367188e-01,3.398646414279937744e-01,2.642451524734497070e-01,4.472156167030334473e-01,2.520431876182556152e-01,2.064071409404277802e-02,-3.494135141372680664e-01,8.993215858936309814e-02,3.367413580417633057e-01
2.382246732711791992e+00,-4.125348329544067383e-01,6.157906651496887207e-01,6.108726561069488525e-02,3.641356015577912331e-03,-1.298346668481826782e-01,-9.896454215049743652e-01,-3.424166142940521240e-01,-3.231040388345718384e-02,1.014414876699447632e-01,1.145784020423889160e+00,-3.174336627125740051e-02,2.692446708679199219e-01,-6.349525600671768188e-02,-1.422945559024810791e-01,-3.068733513355255127e-01,4.708518683910369873e-01,-3.096871674060821533e-01,2.356051802635192871e-01,-1.462940126657485962e-01,4.337671101093292236e-01,1.939377188682556152e-01,4.644151926040649414e-01,3.487172722816467285e-01,-8.397810161113739014e-02,-3.236684799194335938e-01,1.577503830194473267e-01,2.718257606029510498e-01
2.415044069290161133e+00,-4.048793613910675049e-01,6.189287304878234863e-01,6.443967670202255249e-02,6.216813344508409500e-03,-1.523545682430267334e-01,-9.862033128738403320e-01,-3.688625991344451904e-01,-3.503043204545974731e-02,1.199898794293403625e-01,1.047896504402160645e+00,-1.164148524403572083e-01,2.644545733928680420e-01,2.912146411836147308e-02,-1.271784156560897827e-01,-3.389624357223510742e-01,3.901054561138153076e-01,-1.987026333808898926e-01,2.566436827182769775e-01,-1.143848225474357605e-01,5.274916291236877441e-01,1.355509161949157715e-01,4.777732789516448975e-01,4.222269356250762939e-01,-1.696331799030303955e-01,-3.058567941188812256e-01,2.224924713373184204e-01,2.054936289787292480e-01
2.447494983673095703e+00,-3.967395722866058350e-01,6.223952770233154297e-01,6.898900121450424194e-02,9.257300756871700287e-03,-1.788274198770523071e-01,-9.814150929450988770e-01,-3.738462626934051514e-01,-3.872614726424217224e-02,1.401192098855972290e-01,9.158648252487182617e-01,-1.957679539918899536e-01,2.671716809272766113e-01,1.087921485304832458e-01,-1.100721135735511780e-01,-3.574864566326141357e-01,3.182870149612426758e-01,-4.681196436285972595e-02,2.828905284404754639e-01,-9.426325559616088867e-02,6.185429096221923828e-01,8.994793891906738281e-02,4.992122650146484375e-01,4.699298441410064697e-01,-2.328907251358032227e-01,-2.961498796939849854e-01,2.723872065544128418e-01,1.468263119459152222e-01
2.479678153991699219e+00,-3.890726566314697266e-01,6.263385415077209473e-01,7.451280206441879272e-02,1.270517706871032715e-02,-2.078858911991119385e-01,-9.752281308174133301e-01,-3.602957129478454590e-01,-4.626899585127830505e-02,1.580281555652618408e-01,7.684503793716430664e-01,-2.595847249031066895e-01,2.735424041748046875e-01,1.657143533229827881e-01,-9.491895884275436401e-02,-3.521308600902557373e-01,2.807496786117553711e-01,1.097729057073593140e-01,3.119902014732360840e-01,-8.400665223598480225e-02,7.025158405303955078e-01,5.734170600771903992e-02,5.288226604461669922e-01,4.936918914318084717e-01,-2.732286453247070312e-01,-2.947977185249328613e-01,2.992330789566040039e-01,9.908067435026168823e-02
2.512096881866455078e+00,-3.821827471256256104e-01,6.311729550361633301e-01,8.043918013572692871e-02,1.647835597395896912e-02,-2.369772046804428101e-01,-9.680391550064086914e-01,-3.311044573783874512e-01,-5.668085813522338867e-02,1.738709807395935059e-01,6.266750097274780273e-01,-2.929344177246093750e-01,2.810872495174407959e-01,1.932956278324127197e-01,-8.487164229154586792e-02,-3.209494352340698242e-01,2.982336580753326416e-01,2.257534414529800415e-01,3.364103436470031738e-01,-8.022405207157135010e-02,7.742014527320861816e-01,3.885187953710556030e-02,5.589233040809631348e-01,4.944670498371124268e-01,-2.907864749431610107e-01,-3.001429736614227295e-01,3.053446412086486816e-01,6.377962976694107056e-02
2.544344186782836914e+00,-3.756429851055145264e-01,6.355248093605041504e-01,8.651515096426010132e-02,1.985199004411697388e-02,-2.635318040847778320e-01,-9.605581760406494141e-01,-2.944906353950500488e-01,-6.713567674160003662e-02,1.888047307729721069e-01,5.196296572685241699e-01,-2.952516973018646240e-01,2.919592261314392090e-01,1.871041357517242432e-01,-8.303758502006530762e-02,-2.784564495086669922e-01,3.820735514163970947e-01,2.726932466030120850e-01,3.439519405364990234e-01,-7.874754071235656738e-02,8.281031847000122070e-01,3.451242670416831970e-02,5.825915932655334473e-01,4.744382202625274658e-01,-2.852987647056579590e-01,-3.080482780933380127e-01,3.002215623855590820e-01,4.336105287075042725e-02
2.574411153793334961e+00,-3.688957095146179199e-01,6.363297104835510254e-01,9.219853579998016357e-02,2.257138676941394806e-02,-2.878523766994476318e-01,-9.529590606689453125e-01,-2.692418098449707031e-01,-7.707323879003524780e-02,1.985339969396591187e-01,4.836913943290710449e-01,-2.940815091133117676e-01,3.083073496818542480e-01,1.429595947265625000e-01,-9.474330395460128784e-02,-2.467272579669952393e-01,5.351431369781494141e-01,2.494716048240661621e-01,3.227966427803039551e-01,-7.794187217950820923e-02,8.562327623367309570e-01,4.633443802595138550e-02,5.982929468154907227e-01,4.398728609085083008e-01,-2.547195553779602051e-01,-3.165690004825592041e-01,2.876958847045898438e-01,4.425253346562385559e-02
2.599454402923583984e+00,-3.614386022090911865e-01,6.312084794044494629e-01,9.645632654428482056e-02,2.403414621949195862e-02,-3.124516904354095459e-01,-9.447181820869445801e-01,-2.699678838253021240e-01,-8.975709974765777588e-02,1.932828873395919800e-01,5.326399803161621094e-01,-3.200009167194366455e-01,3.285528123378753662e-01,6.213055178523063660e-02,-1.214298531413078308e-01,-2.282253056764602661e-01,7.348841428756713867e-01,1.827305704355239868e-01,2.697747051715850830e-01,-7.869695127010345459e-02,8.523172140121459961e-01,7.670388370752334595e-02,6.107266545295715332e-01,3.983877301216125488e-01,-1.920463293790817261e-01,-3.276012241840362549e-01,2.583263218402862549e-01,7.389444857835769653e-02
2.617998600006103516e+00,-3.527839779853820801e-01,6.217342615127563477e-01,9.906842559576034546e-02,2.426636591553688049e-02,-3.395413458347320557e-01,-9.350445270538330078e-01,-2.891962826251983643e-01,-1.086653470993041992e-01,1.682954430580139160e-01,6.287225484848022461e-01,-3.703683614730834961e-01,3.486759066581726074e-01,-4.588718712329864502e-02,-1.520542949438095093e-01,-2.064015418291091919e-01,9.329876303672790527e-01,1.100216209888458252e-01,1.936882436275482178e-01,-8.232751488685607910e-02,8.156923055648803711e-01,1.223047599196434021e-01,6.248293519020080566e-01,3.535817861557006836e-01,-9.769216179847717285e-02,-3.420625030994415283e-01,2.039690464735031128e-01,1.310371011495590210e-01
2.631335735321044922e+00,-3.424573242664337158e-01,6.124943494796752930e-01,1.001219898462295532e-01,2.329385653138160706e-02,-3.692151010036468506e-01,-9.236412644386291504e-01,-3.040732741355895996e-01,-1.339523941278457642e-01,1.262780725955963135e-01,7.131764292716979980e-01,-4.177479445934295654e-01,3.646531701087951660e-01,-1.679825037717819214e-01,-1.707733124494552612e-01,-1.703144162893295288e-01,1.087958574295043945e+00,5.017140507698059082e-02,1.178168579936027527e-01,-9.374278038740158081e-02,7.535287141799926758e-01,1.745392978191375732e-01,6.402190923690795898e-01,3.023281395435333252e-01,1.805182918906211853e-02,-3.558183908462524414e-01,1.321090310811996460e-01,2.028172761201858521e-01
2.642894983291625977e+00,-3.303625583648681641e-01,6.071727275848388672e-01,1.006975024938583374e-01,2.181389741599559784e-02,-4.009080231189727783e-01,-9.103059768676757812e-01,-2.978380024433135986e-01,-1.598167568445205688e-01,7.008177787065505981e-02,7.539374232292175293e-01,-4.428175687789916992e-01,3.738761842250823975e-01,-2.855035960674285889e-01,-1.702908128499984741e-01,-1.291742175817489624e-01,1.175566077232360840e+00,2.205541357398033142e-03,6.749577075242996216e-02,-1.166138648986816406e-01,6.769507527351379395e-01,2.253931164741516113e-01,6.461628079414367676e-01,2.394959628582000732e-01,1.378175765275955200e-01,-3.650360703468322754e-01,5.943337827920913696e-02,2.720452547073364258e-01
2.655191659927368164e+00,-3.165161013603210449e-01,6.062906980514526367e-01,1.014700159430503845e-01,2.027656324207782745e-02,-4.335258603096008301e-01,-8.951804637908935547e-01,-2.689420282840728760e-01,-1.795638352632522583e-01,3.041065763682126999e-03,7.542867660522460938e-01,-4.455612897872924805e-01,3.765603303909301758e-01,-3.820117115974426270e-01,-1.569216996431350708e-01,-9.670057147741317749e-02,1.188597798347473145e+00,-4.118027910590171814e-02,5.274274945259094238e-02,-1.511211842298507690e-01,5.941710472106933594e-01,2.741678655147552490e-01,6.288147568702697754e-01,1.647595018148422241e-01,2.488507330417633057e-01,-3.698579967021942139e-01,-3.239953657612204552e-03,3.276013433933258057e-01
2.669005155563354492e+00,-3.008467257022857666e-01,6.079739928245544434e-01,1.025373861193656921e-01,1.952405460178852081e-02,-4.651971459388732910e-01,-8.790315985679626465e-01,-2.243047505617141724e-01,-1.894016712903976440e-01,-6.906597316265106201e-02,7.321791648864746094e-01,-4.342763721942901611e-01,3.747407495975494385e-01,-4.476930201053619385e-01,-1.380114704370498657e-01,-7.354815304279327393e-02,1.128554701805114746e+00,-7.764504849910736084e-02,6.792265176773071289e-02,-1.899697929620742798e-01,5.086215138435363770e-01,3.215995132923126221e-01,5.787608623504638672e-01,8.636657893657684326e-02,3.443463444709777832e-01,-3.722032904624938965e-01,-5.610990896821022034e-02,3.688142001628875732e-01
2.685589790344238281e+00,-2.819993495941162109e-01,6.103276610374450684e-01,1.036259531974792480e-01,1.970354653894901276e-02,-4.939456284046173096e-01,-8.630707859992980957e-01,-1.702063232660293579e-01,-1.868664175271987915e-01,-1.327492743730545044e-01,7.015114426612854004e-01,-4.087268412113189697e-01,3.701396584510803223e-01,-4.784541428089141846e-01,-1.170346513390541077e-01,-5.497884377837181091e-02,9.995882511138916016e-01,-9.815009683370590210e-02,1.037537604570388794e-01,-2.246319502592086792e-01,4.235937893390655518e-01,3.649462163448333740e-01,4.991353154182434082e-01,1.670103706419467926e-02,4.226358234882354736e-01,-3.746165931224822998e-01,-1.012835800647735596e-01,3.987777531147003174e-01
2.706952095031738281e+00,-2.576850950717926025e-01,6.121107339859008789e-01,1.041191145777702332e-01,2.091092988848686218e-02,-5.189077854156494141e-01,-8.482079505920410156e-01,-1.113982945680618286e-01,-1.700558811426162720e-01,-1.697033941745758057e-01,6.725115180015563965e-01,-3.513840734958648682e-01,3.624179363250732422e-01,-4.756861329078674316e-01,-9.579894691705703735e-02,-3.517562896013259888e-02,8.168310523033142090e-01,-1.017145067453384399e-01,1.525418162345886230e-01,-2.479776293039321899e-01,3.451701402664184570e-01,4.001083374023437500e-01,4.094678163528442383e-01,-3.624634817242622375e-02,4.820948243141174316e-01,-3.792523741722106934e-01,-1.360470205545425415e-01,4.193626344203948975e-01
2.733338356018066406e+00,-2.272002846002578735e-01,6.130884289741516113e-01,1.037373840808868408e-01,2.267817221581935883e-02,-5.411026477813720703e-01,-8.342254757881164551e-01,-5.734461173415184021e-02,-1.401177346706390381e-01,-1.667876094579696655e-01,6.577046513557434082e-01,-2.441224604845046997e-01,3.512297272682189941e-01,-4.501677751541137695e-01,-7.741570472717285156e-02,-1.100658252835273743e-02,6.143130660057067871e-01,-9.828015416860580444e-02,2.021806985139846802e-01,-2.596707344055175781e-01,2.817760109901428223e-01,4.254811704158782959e-01,3.379175364971160889e-01,-7.170861959457397461e-02,5.219030976295471191e-01,-3.871774971485137939e-01,-1.554124355316162109e-01,4.301520287990570068e-01
2.761423587799072266e+00,-1.940507739782333374e-01,6.135036349296569824e-01,1.025387123227119446e-01,2.475639246404170990e-02,-5.621871948242187500e-01,-8.202551603317260742e-01,-1.965618692338466644e-02,-1.006189957261085510e-01,-1.282140016555786133e-01,6.728962063789367676e-01,-9.995368123054504395e-02,3.384664654731750488e-01,-4.165287315845489502e-01,-6.485308706760406494e-02,1.350308861583471298e-02,4.380926489830017090e-01,-9.462383389472961426e-02,2.376217991113662720e-01,-2.635807096958160400e-01,2.396660894155502319e-01,4.405021667480468750e-01,2.996929585933685303e-01,-9.164547175168991089e-02,5.410133600234985352e-01,-3.969410955905914307e-01,-1.554884016513824463e-01,4.301885366439819336e-01
2.787497758865356445e+00,-1.626042276620864868e-01,6.139272451400756836e-01,1.008029133081436157e-01,2.702486887574195862e-02,-5.834201574325561523e-01,-8.054373860359191895e-01,-8.469491265714168549e-03,-5.760587006807327271e-02,-7.435996085405349731e-02,7.328453063964843750e-01,3.634489327669143677e-02,3.271366357803344727e-01,-3.852642774581909180e-01,-5.722481012344360352e-02,2.785876765847206116e-02,3.251022398471832275e-01,-8.779405057430267334e-02,2.513692378997802734e-01,-2.643887102603912354e-01,2.194883972406387329e-01,4.422138035297393799e-01,2.847868800163269043e-01,-9.586276113986968994e-02,5.371521115303039551e-01,-4.056720435619354248e-01,-1.334808468818664551e-01,4.198144972324371338e-01
2.810772418975830078e+00,-1.343130171298980713e-01,6.145042181015014648e-01,9.940943866968154907e-02,2.904169075191020966e-02,-6.051588654518127441e-01,-7.893396615982055664e-01,-3.175272420048713684e-02,-1.750251837074756622e-02,-2.407290600240230560e-02,8.420144915580749512e-01,1.268498301506042480e-01,3.208909034729003906e-01,-3.599875569343566895e-01,-5.115403980016708374e-02,2.098447084426879883e-02,2.924041450023651123e-01,-8.219061791896820068e-02,2.464212477207183838e-01,-2.646292448043823242e-01,2.208708971738815308e-01,4.267242848873138428e-01,2.746518552303314209e-01,-7.800480723381042480e-02,5.050327777862548828e-01,-4.088656604290008545e-01,-8.786661177873611450e-02,4.014397263526916504e-01
2.832437753677368164e+00,-1.081540063023567200e-01,6.143003106117248535e-01,9.850326925516128540e-02,3.068914078176021576e-02,-6.266142725944519043e-01,-7.724699974060058594e-01,-8.974893391132354736e-02,1.156684849411249161e-02,1.373082119971513748e-02,9.851288795471191406e-01,1.653567999601364136e-01,3.271517157554626465e-01,-3.416063487529754639e-01,-4.589968547224998474e-02,-8.593292906880378723e-03,3.349855840206146240e-01,-9.848348796367645264e-02,2.323494404554367065e-01,-2.623245418071746826e-01,2.460740059614181519e-01,3.951545059680938721e-01,2.697587907314300537e-01,-3.143918886780738831e-02,4.396787583827972412e-01,-4.027847051620483398e-01,-2.314652688801288605e-02,3.775466680526733398e-01
2.852060794830322266e+00,-8.278398960828781128e-02,6.131547093391418457e-01,9.792006015777587891e-02,3.172522410750389099e-02,-6.473145484924316406e-01,-7.552410960197448730e-01,-1.748623549938201904e-01,2.497079037129878998e-02,3.826152905821800232e-02,1.131090521812438965e+00,1.654988527297973633e-01,3.485732078552246094e-01,-3.227354884147644043e-01,-4.372319206595420837e-02,-5.191314592957496643e-02,4.163982570171356201e-01,-1.484657078981399536e-01,2.184624224901199341e-01,-2.540042698383331299e-01,2.953006327152252197e-01,3.509787619113922119e-01,2.818163931369781494e-01,4.245946928858757019e-02,3.485319316387176514e-01,-3.855809867382049561e-01,4.151727259159088135e-02,3.478494882583618164e-01
2.866870641708374023e+00,-5.710292235016822815e-02,6.118637323379516602e-01,9.675787389278411865e-02,3.267677873373031616e-02,-6.672134995460510254e-01,-7.378321886062622070e-01,-2.709479629993438721e-01,2.267990447580814362e-02,5.188536643981933594e-02,1.246854305267333984e+00,1.404412388801574707e-01,3.715884685516357422e-01,-2.862119972705841064e-01,-4.666269943118095398e-02,-1.010650098323822021e-01,4.806023836135864258e-01,-2.140184491872787476e-01,2.103656828403472900e-01,-2.372700124979019165e-01,3.617236018180847168e-01,2.992318272590637207e-01,3.099532723426818848e-01,1.320223808288574219e-01,2.480421662330627441e-01,-3.608244359493255615e-01,8.519729971885681152e-02,3.074695169925689697e-01
2.874582767486572266e+00,-3.029777295887470245e-02,6.113681793212890625e-01,9.406546503305435181e-02,3.417178615927696228e-02,-6.862477660179138184e-01,-7.204498052597045898e-01,-3.587768077850341797e-01,9.197912178933620453e-03,5.633777379989624023e-02,1.310941576957702637e+00,9.349681437015533447e-02,3.747895658016204834e-01,-2.195826619863510132e-01,-5.230090767145156860e-02,-1.504818648099899292e-01,4.909459948539733887e-01,-2.625021934509277344e-01,2.113924324512481689e-01,-2.094094008207321167e-01,4.370960295200347900e-01,2.465656995773315430e-01,3.408966660499572754e-01,2.189781218767166138e-01,1.502491980791091919e-01,-3.371847569942474365e-01,1.100005358457565308e-01,2.512406110763549805e-01
2.875899314880371094e+00,-1.755623263306915760e-03,6.119503378868103027e-01,8.956250548362731934e-02,3.669876605272293091e-02,-7.042650580406188965e-01,-7.033082246780395508e-01,-4.228480756282806396e-01,-7.086182944476604462e-03,5.779584869742393494e-02,1.316250324249267578e+00,2.355464734137058258e-02,3.531334996223449707e-01,-1.257555633783340454e-01,-5.763713642954826355e-02,-1.964648067951202393e-01,4.463950991630554199e-01,-2.689294815063476562e-01,2.220151871442794800e-01,-1.719978004693984985e-01,5.172178149223327637e-01,2.002831101417541504e-01,3.678032457828521729e-01,2.879704236984252930e-01,5.792408436536788940e-02,-3.207354247570037842e-01,1.377584636211395264e-01,1.789942234754562378e-01
2.872773647308349609e+00,2.873702347278594971e-02,6.133100986480712891e-01,8.358705788850784302e-02,4.029795899987220764e-02,-7.218108773231506348e-01,-6.858413815498352051e-01,-4.573722779750823975e-01,-1.869191229343414307e-02,6.307526677846908569e-02,1.266571164131164551e+00,-6.580021977424621582e-02,3.209721744060516357e-01,-1.723031140863895416e-02,-5.986483395099639893e-02,-2.359353899955749512e-01,3.654951155185699463e-01,-2.177059352397918701e-01,2.403123974800109863e-01,-1.325059384107589722e-01,5.976102948188781738e-01,1.666324436664581299e-01,3.929672241210937500e-01,3.341229557991027832e-01,-2.640086226165294647e-02,-3.122080266475677490e-01,1.802176386117935181e-01,1.003049015998840332e-01
2.867395877838134766e+00,6.087032333016395569e-02,6.148451566696166992e-01,7.725206017494201660e-02,4.415747150778770447e-02,-7.399915456771850586e-01,-6.667043566703796387e-01,-4.669286310672760010e-01,-2.523009479045867920e-02,7.625412940979003906e-02,1.173126697540283203e+00,-1.628555357456207275e-01,2.963542044162750244e-01,8.867017179727554321e-02,-5.762651562690734863e-02,-2.647168934345245361e-01,2.745600938796997070e-01,-1.037705689668655396e-01,2.632285058498382568e-01,-1.018498688936233521e-01,6.719955205917358398e-01,1.457849889993667603e-01,4.190379679203033447e-01,3.618283271789550781e-01,-9.643130004405975342e-02,-3.094527423381805420e-01,2.253478616476058960e-01,2.873007394373416901e-02
2.861131906509399414e+00,9.389448910951614380e-02,6.165593266487121582e-01,7.161762565374374390e-02,4.829232767224311829e-02,-7.594611048698425293e-01,-6.447926759719848633e-01,-4.581129550933837891e-01,-3.377775102853775024e-02,9.284149110317230225e-02,1.050138950347900391e+00,-2.562740147113800049e-01,2.860436737537384033e-01,1.748177409172058105e-01,-5.250423401594161987e-02,-2.753658890724182129e-01,2.055483758449554443e-01,5.823610723018646240e-02,2.873381972312927246e-01,-8.554270118474960327e-02,7.322347760200500488e-01,1.346293836832046509e-01,4.443222284317016602e-01,3.759685456752777100e-01,-1.477690190076828003e-01,-3.114993870258331299e-01,2.538318932056427002e-01,-2.339344844222068787e-02
2.854831218719482422e+00,1.268347650766372681e-01,6.193351745605468750e-01,6.701595336198806763e-02,5.238451808691024780e-02,-7.793536782264709473e-01,-6.207838654518127441e-01,-4.336397051811218262e-01,-4.974287375807762146e-02,1.028502807021141052e-01,9.103693962097167969e-01,-3.326223492622375488e-01,2.870298624038696289e-01,2.291439324617385864e-01,-4.651675745844841003e-02,-2.600785791873931885e-01,1.831528991460800171e-01,2.312575727701187134e-01,3.066312074661254883e-01,-8.048222213983535767e-02,7.734193205833435059e-01,1.296501457691192627e-01,4.658655524253845215e-01,3.781497180461883545e-01,-1.794595867395401001e-01,-3.185697495937347412e-01,2.620390057563781738e-01,-5.068269371986389160e-02
2.848270893096923828e+00,1.593062579631805420e-01,6.237616539001464844e-01,6.370737403631210327e-02,5.617364868521690369e-02,-7.975679039955139160e-01,-5.972196459770202637e-01,-3.941109776496887207e-01,-6.975620239973068237e-02,1.043218746781349182e-01,7.704821228981018066e-01,-3.778499662876129150e-01,2.933979034423828125e-01,2.492380291223526001e-01,-4.179321601986885071e-02,-2.222570925951004028e-01,2.168277055025100708e-01,3.725610971450805664e-01,3.110001385211944580e-01,-8.008942753076553345e-02,7.930729985237121582e-01,1.286543607711791992e-01,4.809097647666931152e-01,3.693149089813232422e-01,-1.938766390085220337e-01,-3.282952606678009033e-01,2.607517540454864502e-01,-5.292411521077156067e-02
2.840679407119750977e+00,1.903228163719177246e-01,6.280581951141357422e-01,6.148665398359298706e-02,5.934377387166023254e-02,-8.128539919853210449e-01,-5.761650204658508301e-01,-3.445261716842651367e-01,-8.986739069223403931e-02,1.017622128129005432e-01,6.564129590988159180e-01,-3.927926421165466309e-01,3.010674715042114258e-01,2.329052835702896118e-01,-4.258911311626434326e-02,-1.816293448209762573e-01,3.143853247165679932e-01,4.538423120975494385e-01,2.878460288047790527e-01,-8.095178008079528809e-02,7.907102108001708984e-01,1.303034275770187378e-01,4.872756600379943848e-01,3.507190942764282227e-01,-1.904850602149963379e-01,-3.371767103672027588e-01,2.587520778179168701e-01,-3.095308691263198853e-02
2.830856323242187500e+00,2.183835804462432861e-01,6.283496022224426270e-01,6.098160147666931152e-02,6.177212670445442200e-02,-8.258650898933410645e-01,-5.571465492248535156e-01,-3.029369115829467773e-01,-1.092722117900848389e-01,9.636360406875610352e-02,6.044755578041076660e-01,-4.059787392616271973e-01,3.114729225635528564e-01,1.712052822113037109e-01,-5.359505116939544678e-02,-1.602919697761535645e-01,4.865319430828094482e-01,4.670225679874420166e-01,2.323944270610809326e-01,-8.457890897989273071e-02,7.643301486968994141e-01,1.371536105871200562e-01,4.849223196506500244e-01,3.239828646183013916e-01,-1.641291081905364990e-01,-3.445609509944915771e-01,2.512925267219543457e-01,1.525469031184911728e-02
2.817968130111694336e+00,2.422660589218139648e-01,6.221188306808471680e-01,6.194059550762176514e-02,6.286993622779846191e-02,-8.383007645606994629e-01,-5.380172133445739746e-01,-2.835893630981445312e-01,-1.306884288787841797e-01,8.407761901617050171e-02,6.300782561302185059e-01,-4.461278319358825684e-01,3.258284032344818115e-01,6.358922272920608521e-02,-7.545045763254165649e-02,-1.555150002241134644e-01,7.102078199386596680e-01,4.297495186328887939e-01,1.536794453859329224e-01,-9.094434231519699097e-02,7.106700539588928223e-01,1.557950079441070557e-01,4.782683849334716797e-01,2.920683026313781738e-01,-1.059096902608871460e-01,-3.522949814796447754e-01,2.234139889478683472e-01,8.519686013460159302e-02
2.802763223648071289e+00,2.621902823448181152e-01,6.120109558105468750e-01,6.410169601440429688e-02,6.228661537170410156e-02,-8.505786061286926270e-01,-5.181963443756103516e-01,-2.795319855213165283e-01,-1.553039848804473877e-01,6.244507804512977600e-02,6.966579556465148926e-01,-5.049574971199035645e-01,3.419722616672515869e-01,-7.406681776046752930e-02,-9.644862264394760132e-02,-1.435534805059432983e-01,9.218118190765380859e-01,3.764756321907043457e-01,7.272540777921676636e-02,-1.002851873636245728e-01,6.357108950614929199e-01,1.878054291009902954e-01,4.777503609657287598e-01,2.558249831199645996e-01,-1.483426243066787720e-02,-3.610780239105224609e-01,1.693871915340423584e-01,1.693287044763565063e-01
2.787225246429443359e+00,2.800191938877105713e-01,6.045023202896118164e-01,6.671524792909622192e-02,6.032154709100723267e-02,-8.621133565902709961e-01,-4.986692070960998535e-01,-2.603156864643096924e-01,-1.790812462568283081e-01,3.249311074614524841e-02,7.187006473541259766e-01,-5.235999822616577148e-01,3.549990952014923096e-01,-2.187151163816452026e-01,-9.850522130727767944e-02,-1.086177229881286621e-01,1.064998865127563477e+00,3.303066194057464600e-01,2.118427120149135590e-02,-1.155197173357009888e-01,5.536824464797973633e-01,2.279825210571289062e-01,4.850705862045288086e-01,2.104895710945129395e-01,9.458854049444198608e-02,-3.693484365940093994e-01,1.022715941071510315e-01,2.500504851341247559e-01
2.772603273391723633e+00,2.995599806308746338e-01,6.009508371353149414e-01,6.926389038562774658e-02,5.807754024863243103e-02,-8.723439574241638184e-01,-4.804639220237731934e-01,-2.278502434492111206e-01,-1.939869821071624756e-01,1.147663919255137444e-03,7.170735597610473633e-01,-5.235999822616577148e-01,3.609766960144042969e-01,-3.484112024307250977e-01,-7.891031354665756226e-02,-5.927870422601699829e-02,1.131018519401550293e+00,2.773555517196655273e-01,2.000822871923446655e-02,-1.401209682226181030e-01,4.796626269817352295e-01,2.689254283905029297e-01,4.858564436435699463e-01,1.511432528495788574e-01,2.037868350744247437e-01,-3.768963813781738281e-01,4.075955599546432495e-02,3.133085966110229492e-01
2.757525682449340820e+00,3.234725296497344971e-01,5.996667742729187012e-01,7.136972993612289429e-02,5.647113174200057983e-02,-8.811697363853454590e-01,-4.639582931995391846e-01,-1.910720020532608032e-01,-1.970483809709548950e-01,-2.227192372083663940e-02,7.255294919013977051e-01,-5.235999822616577148e-01,3.602379560470581055e-01,-4.492720663547515869e-01,-5.320317298173904419e-02,-1.516405120491981506e-02,1.127646327018737793e+00,2.074050307273864746e-01,5.763271078467369080e-02,-1.716920733451843262e-01,4.161545932292938232e-01,3.068072199821472168e-01,4.595528841018676758e-01,8.407137542963027954e-02,3.010926544666290283e-01,-3.849497437477111816e-01,-7.163950707763433456e-03,3.581906855106353760e-01
2.739274501800537109e+00,3.522628545761108398e-01,6.006134748458862305e-01,7.254643738269805908e-02,5.532693862915039062e-02,-8.887888789176940918e-01,-4.491439163684844971e-01,-1.392233073711395264e-01,-1.903629302978515625e-01,-3.123202733695507050e-02,7.063727378845214844e-01,-4.715575277805328369e-01,3.553279638290405273e-01,-5.127839446067810059e-01,-3.677710145711898804e-02,1.533296983689069748e-02,1.049353718757629395e+00,1.381885111331939697e-01,1.067643463611602783e-01,-2.035157084465026855e-01,3.588407933712005615e-01,3.415207862854003906e-01,4.031368494033813477e-01,2.652171440422534943e-02,3.845463991165161133e-01,-3.936267495155334473e-01,-4.600818827748298645e-02,3.913929164409637451e-01
2.717128276824951172e+00,3.867491185665130615e-01,6.024958491325378418e-01,7.216714322566986084e-02,5.420720204710960388e-02,-8.951948881149291992e-01,-4.364396333694458008e-01,-7.429049909114837646e-02,-1.751296222209930420e-01,-1.823274418711662292e-02,6.639663577079772949e-01,-3.595179319381713867e-01,3.482723534107208252e-01,-5.377342700958251953e-01,-3.121485933661460876e-02,3.937494009733200073e-02,9.071681499481201172e-01,8.292191475629806519e-02,1.516905575990676880e-01,-2.272471487522125244e-01,3.067808151245117188e-01,3.719609081745147705e-01,3.365111351013183594e-01,-7.374163251370191574e-03,4.538350403308868408e-01,-4.023796021938323975e-01,-7.991392165422439575e-02,4.173722863197326660e-01
2.692735910415649414e+00,4.258074760437011719e-01,6.045016646385192871e-01,7.019786536693572998e-02,5.282813683152198792e-02,-9.011309742927551270e-01,-4.245520830154418945e-01,-8.266946300864219666e-03,-1.534045785665512085e-01,1.409917790442705154e-02,6.308510303497314453e-01,-2.181947380304336548e-01,3.385651111602783203e-01,-5.325312614440917969e-01,-3.404648974537849426e-02,6.418591737747192383e-02,7.326882481575012207e-01,4.304584860801696777e-02,1.889587789773941040e-01,-2.406950592994689941e-01,2.632072567939758301e-01,3.968314826488494873e-01,2.818565368652343750e-01,-1.616573706269264221e-02,5.077862739562988281e-01,-4.102619886398315430e-01,-1.078792288899421692e-01,4.367795884609222412e-01
2.667918682098388672e+00,4.655283391475677490e-01,6.072612404823303223e-01,6.705369800329208374e-02,5.090176314115524292e-02,-9.077746868133544922e-01,-4.109232127666473389e-01,4.315390437841415405e-02,-1.267811357975006104e-01,5.273069441318511963e-02,6.371753811836242676e-01,-8.383810520172119141e-02,3.270691037178039551e-01,-5.079606771469116211e-01,-4.385292902588844299e-02,8.798625320196151733e-02,5.640239119529724121e-01,2.254910767078399658e-02,2.166737914085388184e-01,-2.472079396247863770e-01,2.313245236873626709e-01,4.133621752262115479e-01,2.431045770645141602e-01,-6.678808946162462234e-03,5.428727269172668457e-01,-4.158928990364074707e-01,-1.249060034751892090e-01,4.482765495777130127e-01
2.643929004669189453e+00,5.021479725837707520e-01,6.111360788345336914e-01,6.429582089185714722e-02,4.870123416185379028e-02,-9.157583713531494141e-01,-3.935490548610687256e-01,5.816202983260154724e-02,-9.740174561738967896e-02,8.497534692287445068e-02,7.142292857170104980e-01,5.775769706815481186e-03,3.176646232604980469e-01,-4.768221080303192139e-01,-5.834116414189338684e-02,1.013422533869743347e-01,4.444361627101898193e-01,1.963889785110950470e-02,2.317542880773544312e-01,-2.517834007740020752e-01,2.125998884439468384e-01,4.174759685993194580e-01,2.123167365789413452e-01,1.643104292452335358e-02,5.520951151847839355e-01,-4.176283180713653564e-01,-1.221283823251724243e-01,4.519593715667724609e-01
2.620673418045043945e+00,5.353783369064331055e-01,6.149484515190124512e-01,6.321130692958831787e-02,4.660321772098541260e-02,-9.249442815780639648e-01,-3.719012737274169922e-01,2.314333431422710419e-02,-7.065577805042266846e-02,1.073643341660499573e-01,8.655061125755310059e-01,3.603413701057434082e-02,3.197155296802520752e-01,-4.460630714893341064e-01,-7.314356416463851929e-02,9.419105947017669678e-02,4.035899043083190918e-01,1.354909874498844147e-02,2.351547479629516602e-01,-2.554009854793548584e-01,2.104603499174118042e-01,4.060040116310119629e-01,1.853581517934799194e-01,5.611519888043403625e-02,5.283504128456115723e-01,-4.129171371459960938e-01,-9.344834834337234497e-02,4.481374025344848633e-01
2.597689867019653320e+00,5.661063194274902344e-01,6.171473860740661621e-01,6.403853744268417358e-02,4.457611218094825745e-02,-9.346793293952941895e-01,-3.468235731124877930e-01,-6.042853370308876038e-02,-5.399703606963157654e-02,1.236487999558448792e-01,1.059932351112365723e+00,1.943696662783622742e-02,3.439036011695861816e-01,-4.155328869819641113e-01,-8.713395893573760986e-02,6.269514560699462891e-02,4.386141002178192139e-01,-2.545399963855743408e-02,2.309087067842483521e-01,-2.564297020435333252e-01,2.300121933221817017e-01,3.793513178825378418e-01,1.686330288648605347e-01,1.173956990242004395e-01,4.689990878105163574e-01,-3.985350131988525391e-01,-4.323903471231460571e-02,4.362863600254058838e-01
2.573602199554443359e+00,5.942575931549072266e-01,6.172102689743041992e-01,6.589293479919433594e-02,4.287150874733924866e-02,-9.442712068557739258e-01,-3.196437060832977295e-01,-1.765711158514022827e-01,-4.932069778442382812e-02,1.377060711383819580e-01,1.249713182449340820e+00,-2.059116773307323456e-02,3.850727975368499756e-01,-3.752069473266601562e-01,-1.020365878939628601e-01,1.285743899643421173e-02,5.040749311447143555e-01,-9.939235448837280273e-02,2.259134203195571899e-01,-2.511063814163208008e-01,2.761420607566833496e-01,3.409505486488342285e-01,1.714470982551574707e-01,1.969763338565826416e-01,3.807048499584197998e-01,-3.737376630306243896e-01,8.995437994599342346e-03,4.141667783260345459e-01
2.546851634979248047e+00,6.183125972747802734e-01,6.162479519844055176e-01,6.731941550970077515e-02,4.196712002158164978e-02,-9.530556797981262207e-01,-2.922185659408569336e-01,-3.012053072452545166e-01,-5.542563274502754211e-02,1.456385552883148193e-01,1.392348527908325195e+00,-6.989694386720657349e-02,4.166599214076995850e-01,-3.104490041732788086e-01,-1.178296729922294617e-01,-4.427555948495864868e-02,5.395440459251403809e-01,-1.716933697462081909e-01,2.266865968704223633e-01,-2.353264242410659790e-01,3.451379239559173584e-01,2.969513237476348877e-01,1.944353431463241577e-01,2.805804610252380371e-01,2.772448658943176270e-01,-3.458805084228515625e-01,4.703465104103088379e-02,3.778007626533508301e-01
2.515886545181274414e+00,6.375069022178649902e-01,6.156277656555175781e-01,6.687435507774353027e-02,4.133949056267738342e-02,-9.607462286949157715e-01,-2.660555541515350342e-01,-4.113334715366363525e-01,-7.202399522066116333e-02,1.383741647005081177e-01,1.463660001754760742e+00,-1.285209506750106812e-01,4.134624898433685303e-01,-2.154312133789062500e-01,-1.324688941240310669e-01,-1.001179516315460205e-01,5.137867331504821777e-01,-2.013504505157470703e-01,2.373967319726943970e-01,-2.067534923553466797e-01,4.291288256645202637e-01,2.533484697341918945e-01,2.285528779029846191e-01,3.522799909114837646e-01,1.717606335878372192e-01,-3.246461451053619385e-01,7.448846101760864258e-02,3.204306960105895996e-01
2.480855703353881836e+00,6.528075337409973145e-01,6.153882741928100586e-01,6.392890214920043945e-02,4.070899263024330139e-02,-9.677411317825317383e-01,-2.402767986059188843e-01,-4.894210994243621826e-01,-9.538567811250686646e-02,1.148901283740997314e-01,1.457144021987915039e+00,-1.984477937221527100e-01,3.774518668651580811e-01,-9.663240611553192139e-02,-1.442804634571075439e-01,-1.521041989326477051e-01,4.353622794151306152e-01,-1.707133203744888306e-01,2.581047415733337402e-01,-1.700788736343383789e-01,5.189777612686157227e-01,2.158508598804473877e-01,2.634449005126953125e-01,4.023755192756652832e-01,7.340357452630996704e-02,-3.150672614574432373e-01,1.075666844844818115e-01,2.397994846105575562e-01
2.444106340408325195e+00,6.653513908386230469e-01,6.142914295196533203e-01,5.869780480861663818e-02,4.033390432596206665e-02,-9.744888544082641602e-01,-2.128360271453857422e-01,-5.293039083480834961e-01,-1.169891953468322754e-01,8.252298086881637573e-02,1.381816387176513672e+00,-2.733227014541625977e-01,3.314958810806274414e-01,3.068391978740692139e-02,-1.486495882272720337e-01,-2.001356035470962524e-01,3.333614766597747803e-01,-8.635897934436798096e-02,2.855395674705505371e-01,-1.365053057670593262e-01,6.048677563667297363e-01,1.901837736368179321e-01,2.957358360290527344e-01,4.313335418701171875e-01,-9.952307678759098053e-03,-3.142589032649993896e-01,1.491501331329345703e-01,1.482230424880981445e-01
2.407842636108398438e+00,6.757209300994873047e-01,6.123476624488830566e-01,5.252710357308387756e-02,4.094815254211425781e-02,-9.810008406639099121e-01,-1.822126507759094238e-01,-5.377595424652099609e-01,-1.296229064464569092e-01,5.310653150081634521e-02,1.256893754005432129e+00,-3.448053598403930664e-01,2.948299348354339600e-01,1.442547887563705444e-01,-1.429578065872192383e-01,-2.363445311784744263e-01,2.449556887149810791e-01,3.425309434533119202e-02,3.138420879840850830e-01,-1.165478751063346863e-01,6.781089901924133301e-01,1.773362904787063599e-01,3.277278244495391846e-01,4.430946111679077148e-01,-7.118237763643264771e-02,-3.163295686244964600e-01,1.817028671503067017e-01,6.584114581346511841e-02
2.371780395507812500e+00,6.850343346595764160e-01,6.119831204414367676e-01,4.646232351660728455e-02,4.264853894710540771e-02,-9.867558479309082031e-01,-1.494496613740921021e-01,-5.237913727760314941e-01,-1.350702047348022461e-01,3.224398568272590637e-02,1.099726796150207520e+00,-4.036619365215301514e-01,2.730530202388763428e-01,2.250448316335678101e-01,-1.285843402147293091e-01,-2.430682629346847534e-01,2.046243995428085327e-01,1.666353493928909302e-01,3.340642452239990234e-01,-1.116332560777664185e-01,7.305937409400939941e-01,1.743494421243667603e-01,3.575455248355865479e-01,4.395001828670501709e-01,-1.086289063096046448e-01,-3.182628750801086426e-01,1.915314495563507080e-01,5.832749884575605392e-03
2.334187030792236328e+00,6.941701173782348633e-01,6.158723235130310059e-01,4.147275164723396301e-02,4.498049989342689514e-02,-9.910728931427001953e-01,-1.184537783265113831e-01,-4.919697344303131104e-01,-1.386446058750152588e-01,1.820640079677104950e-02,9.267342686653137207e-01,-4.367380142211914062e-01,2.623524665832519531e-01,2.647675275802612305e-01,-1.102751269936561584e-01,-2.121144384145736694e-01,2.293092012405395508e-01,2.814178168773651123e-01,3.376024961471557617e-01,-1.136323511600494385e-01,7.590755820274353027e-01,1.783438771963119507e-01,3.795371651649475098e-01,4.192824661731719971e-01,-1.245140731334686279e-01,-3.178032636642456055e-01,1.834072619676589966e-01,-2.774779312312602997e-02
2.294672250747680664e+00,7.028506994247436523e-01,6.225614547729492188e-01,3.816036507487297058e-02,4.781881719827651978e-02,-9.937731623649597168e-01,-9.312395751476287842e-02,-4.484564960002899170e-01,-1.421896964311599731e-01,8.628055453300476074e-03,7.708855271339416504e-01,-4.400364160537719727e-01,2.584638297557830811e-01,2.604474127292633057e-01,-9.187196940183639526e-02,-1.609252393245697021e-01,3.250622749328613281e-01,3.533090651035308838e-01,3.202903568744659424e-01,-1.156277284026145935e-01,7.628410458564758301e-01,1.874675303697586060e-01,3.924250006675720215e-01,3.804339170455932617e-01,-1.209368854761123657e-01,-3.128994405269622803e-01,1.731627285480499268e-01,-3.486518189311027527e-02
2.253864526748657227e+00,7.096306681632995605e-01,6.264572739601135254e-01,3.695422783493995667e-02,5.095435306429862976e-02,-9.952559471130371094e-01,-7.418674975633621216e-02,-4.062242507934570312e-01,-1.464709788560867310e-01,4.916442092508077621e-03,6.814700961112976074e-01,-4.383733272552490234e-01,2.604912519454956055e-01,2.043247520923614502e-01,-7.739928364753723145e-02,-1.157413274049758911e-01,4.964131116867065430e-01,3.738126158714294434e-01,2.829011976718902588e-01,-1.174219250679016113e-01,7.409360408782958984e-01,2.027008384466171265e-01,4.015435278415679932e-01,3.226250112056732178e-01,-9.312947094440460205e-02,-3.032651543617248535e-01,1.631563007831573486e-01,-1.492234040051698685e-02
2.213075876235961914e+00,7.130827903747558594e-01,6.234839558601379395e-01,3.776315599679946899e-02,5.387944355607032776e-02,-9.960648417472839355e-01,-5.937792360782623291e-02,-3.771008849143981934e-01,-1.540913432836532593e-01,5.663390271365642548e-03,6.816781163215637207e-01,-4.654330611228942871e-01,2.688420712947845459e-01,9.722550213336944580e-02,-6.628704816102981567e-02,-8.400344848632812500e-02,7.196228504180908203e-01,3.596805036067962646e-01,2.320317327976226807e-01,-1.218172982335090637e-01,6.919612288475036621e-01,2.267778366804122925e-01,4.163066446781158447e-01,2.490396499633789062e-01,-3.497333079576492310e-02,-2.918517887592315674e-01,1.408298760652542114e-01,2.928710915148258209e-02
2.174676656723022461e+00,7.135309576988220215e-01,6.155886054039001465e-01,3.988258168101310730e-02,5.612748861312866211e-02,-9.965652227401733398e-01,-4.600865766406059265e-02,-3.563935458660125732e-01,-1.657415330410003662e-01,3.900851821526885033e-03,7.348118424415588379e-01,-5.224072337150573730e-01,2.808814048767089844e-01,-4.057869315147399902e-02,-5.250102281570434570e-02,-5.793556571006774902e-02,9.348189234733581543e-01,3.367325961589813232e-01,1.801502406597137451e-01,-1.321979761123657227e-01,6.221059560775756836e-01,2.604025602340698242e-01,4.417387247085571289e-01,1.685772687196731567e-01,5.277520790696144104e-02,-2.830521464347839355e-01,9.513304382562637329e-02,8.884391933679580688e-02
2.140942335128784180e+00,7.118918895721435547e-01,6.100948452949523926e-01,4.173341393470764160e-02,5.656868219375610352e-02,-9.969694614410400391e-01,-3.332035988569259644e-02,-3.109043240547180176e-01,-1.798328906297683716e-01,-7.147208321839570999e-03,7.237749099731445312e-01,-5.235999822616577148e-01,2.915365397930145264e-01,-1.808985173702239990e-01,-3.528717160224914551e-02,-3.288629651069641113e-02,1.079807877540588379e+00,3.211416006088256836e-01,1.474996507167816162e-01,-1.517350375652313232e-01,5.446654558181762695e-01,2.985344231128692627e-01,4.715213179588317871e-01,8.705429732799530029e-02,1.582638472318649292e-01,-2.799552977085113525e-01,3.144057095050811768e-02,1.507066190242767334e-01
2.109288692474365234e+00,7.114981412887573242e-01,6.068238019943237305e-01,4.190788045525550842e-02,5.620166659355163574e-02,-9.972922801971435547e-01,-2.220748737454414368e-02,-2.584694921970367432e-01,-1.889469772577285767e-01,-1.895307376980781555e-02,7.105216979980468750e-01,-5.235999822616577148e-01,2.973914444446563721e-01,-3.039705753326416016e-01,-2.116313949227333069e-02,-1.452874299138784409e-02,1.152450323104858398e+00,2.874926924705505371e-01,1.429450809955596924e-01,-1.788328289985656738e-01,4.703797399997711182e-01,3.347955942153930664e-01,4.860042929649353027e-01,5.461934953927993774e-03,2.687940895557403564e-01,-2.829090356826782227e-01,-3.932508826255798340e-02,2.055099904537200928e-01
2.076185226440429688e+00,7.136082053184509277e-01,6.053074002265930176e-01,3.983495384454727173e-02,5.555299669504165649e-02,-9.975656270980834961e-01,-1.377983111888170242e-02,-2.051203250885009766e-01,-1.876648664474487305e-01,-1.989513821899890900e-02,7.138379812240600586e-01,-5.235999822616577148e-01,2.956199944019317627e-01,-4.012256860733032227e-01,-1.877698302268981934e-02,-1.200560480356216431e-02,1.157110810279846191e+00,2.320474982261657715e-01,1.514667272567749023e-01,-2.086044251918792725e-01,4.019453525543212891e-01,3.649671673774719238e-01,4.669454097747802734e-01,-7.208941876888275146e-02,3.751346170902252197e-01,-2.924745678901672363e-01,-1.066726222634315491e-01,2.516281306743621826e-01
2.038710832595825195e+00,7.189741134643554688e-01,6.066438555717468262e-01,3.592375293374061584e-02,5.487222224473953247e-02,-9.978036284446716309e-01,-9.299969300627708435e-03,-1.397359073162078857e-01,-1.727248281240463257e-01,-3.094432177022099495e-03,7.008773684501647949e-01,-4.788676500320434570e-01,2.832559347152709961e-01,-4.651406407356262207e-01,-2.626461163163185120e-02,-2.632201649248600006e-02,1.088321208953857422e+00,1.715784072875976562e-01,1.502352803945541382e-01,-2.332914471626281738e-01,3.425265848636627197e-01,3.870980143547058105e-01,4.198461174964904785e-01,-1.345328092575073242e-01,4.677689075469970703e-01,-3.077149391174316406e-01,-1.639568209648132324e-01,2.899577915668487549e-01
1.994940280914306641e+00,7.280078530311584473e-01,6.120892167091369629e-01,3.106045536696910858e-02,5.304324254393577576e-02,-9.980697035789489746e-01,-8.862039074301719666e-03,-4.319547489285469055e-02,-1.468709111213684082e-01,3.121641092002391815e-02,6.198549866676330566e-01,-3.379636108875274658e-01,2.590442597866058350e-01,-4.865975379943847656e-01,-3.122711367905139923e-02,-4.617616161704063416e-02,9.401515722274780273e-01,1.204183995723724365e-01,1.348246783018112183e-01,-2.457166761159896851e-01,2.967962622642517090e-01,4.022624492645263672e-01,3.716461956501007080e-01,-1.733941584825515747e-01,5.395166873931884766e-01,-3.266785442829132080e-01,-2.079758793115615845e-01,3.213435113430023193e-01
1.945718407630920410e+00,7.414131760597229004e-01,6.183323860168457031e-01,2.627860009670257568e-02,4.937544465065002441e-02,-9.983854293823242188e-01,-9.900033473968505859e-03,6.298910081386566162e-02,-1.196030676364898682e-01,7.381450384855270386e-02,5.396664738655090332e-01,-1.679169833660125732e-01,2.280832976102828979e-01,-4.741772711277008057e-01,-2.509262599050998688e-02,-5.589767917990684509e-02,7.525880336761474609e-01,6.901577860116958618e-02,1.161036640405654907e-01,-2.459127753973007202e-01,2.661082148551940918e-01,4.133552312850952148e-01,3.411347270011901855e-01,-1.889209151268005371e-01,5.861645936965942383e-01,-3.447999656200408936e-01,-2.365605533123016357e-01,3.448684811592102051e-01
1.895725011825561523e+00,7.573051452636718750e-01,6.246224045753479004e-01,2.225625887513160706e-02,4.445414617657661438e-02,-9.987316727638244629e-01,-7.969531230628490448e-03,1.483595520257949829e-01,-9.697453677654266357e-02,1.056125089526176453e-01,5.128579735755920410e-01,-2.045636810362339020e-02,1.997720599174499512e-01,-4.406336247920989990e-01,-1.334723643958568573e-02,-5.195382609963417053e-02,5.669188499450683594e-01,2.286531217396259308e-02,1.023796349763870239e-01,-2.400198280811309814e-01,2.473118752241134644e-01,4.187842905521392822e-01,3.216442763805389404e-01,-1.852974444627761841e-01,6.062055826187133789e-01,-3.583588898181915283e-01,-2.462125867605209351e-01,3.586772680282592773e-01
1.848123311996459961e+00,7.743829488754272461e-01,6.307727098464965820e-01,1.921779848635196686e-02,3.926157951354980469e-02,-9.990435838699340820e-01,-1.037018140777945518e-03,1.790095716714859009e-01,-7.842610031366348267e-02,1.190091073513031006e-01,5.826767086982727051e-01,6.869079172611236572e-02,1.837759464979171753e-01,-3.982194960117340088e-01,-3.431787714362144470e-03,-4.317113012075424194e-02,4.241199493408203125e-01,-5.834141746163368225e-03,9.016359597444534302e-02,-2.339376211166381836e-01,2.387616485357284546e-01,4.173807799816131592e-01,2.983366250991821289e-01,-1.630293130874633789e-01,5.973503589630126953e-01,-3.640295565128326416e-01,-2.287184298038482666e-01,3.604600131511688232e-01
1.803235054016113281e+00,7.923983335494995117e-01,6.360918879508972168e-01,1.746053248643875122e-02,3.478565439581871033e-02,-9.991991519927978516e-01,9.283912368118762970e-03,1.450047492980957031e-01,-6.300066411495208740e-02,1.233445703983306885e-01,7.444396615028381348e-01,1.028332933783531189e-01,1.870241910219192505e-01,-3.597742915153503418e-01,4.134870134294033051e-03,-3.950468450784683228e-02,3.554524779319763184e-01,-1.804475113749504089e-02,7.228151708841323853e-02,-2.277762293815612793e-01,2.441971600055694580e-01,4.086292982101440430e-01,2.701348066329956055e-01,-1.187405362725257874e-01,5.545070171356201172e-01,-3.606187403202056885e-01,-1.760346889495849609e-01,3.490963578224182129e-01
1.760408401489257812e+00,8.104460239410400391e-01,6.394968032836914062e-01,1.729256659746170044e-02,3.125267103314399719e-02,-9.991638064384460449e-01,1.989800669252872467e-02,6.413839012384414673e-02,-5.146100372076034546e-02,1.310176849365234375e-01,9.456902742385864258e-01,1.108378395438194275e-01,2.108880281448364258e-01,-3.304606974124908447e-01,1.040737889707088470e-02,-4.467605054378509521e-02,3.660137355327606201e-01,-3.418660163879394531e-02,5.081254243850708008e-02,-2.198012918233871460e-01,2.695074975490570068e-01,3.935657441616058350e-01,2.521664798259735107e-01,-5.136397853493690491e-02,4.747312664985656738e-01,-3.481625318527221680e-01,-9.242121875286102295e-02,3.256186842918395996e-01
1.719164967536926270e+00,8.261662125587463379e-01,6.405822634696960449e-01,1.859397999942302704e-02,2.870582416653633118e-02,-9.989946484565734863e-01,2.898178249597549438e-02,-4.089354351162910461e-02,-4.303147643804550171e-02,1.429718434810638428e-01,1.127041339874267578e+00,1.142983585596084595e-01,2.485430985689163208e-01,-3.035819828510284424e-01,1.470959279686212540e-02,-5.547832325100898743e-02,4.239305853843688965e-01,-7.403377443552017212e-02,3.338681906461715698e-02,-2.077565938234329224e-01,3.174438178539276123e-01,3.716521263122558594e-01,2.572538852691650391e-01,3.268835693597793579e-02,3.670479953289031982e-01,-3.260962665081024170e-01,-2.962833037599921227e-03,2.929939925670623779e-01
1.678936719894409180e+00,8.363358378410339355e-01,6.401428580284118652e-01,2.032509632408618927e-02,2.679754234850406647e-02,-9.987629652023315430e-01,3.662376105785369873e-02,-1.553640365600585938e-01,-4.000617191195487976e-02,1.483279317617416382e-01,1.258939862251281738e+00,1.119906529784202576e-01,2.821056246757507324e-01,-2.636390924453735352e-01,1.585924439132213593e-02,-6.729065626859664917e-02,4.785813987255096436e-01,-1.323008686304092407e-01,2.473378740251064301e-02,-1.895991861820220947e-01,3.817361891269683838e-01,3.423226773738861084e-01,2.800322175025939941e-01,1.217163354158401489e-01,2.499275952577590942e-01,-2.985743582248687744e-01,6.134258955717086792e-02,2.515751719474792480e-01
1.638559699058532715e+00,8.390462398529052734e-01,6.394945383071899414e-01,2.097245678305625916e-02,2.521914429962635040e-02,-9.985363483428955078e-01,4.300310835242271423e-02,-2.684601843357086182e-01,-4.786729067564010620e-02,1.358079761266708374e-01,1.334914565086364746e+00,8.991058170795440674e-02,2.896787822246551514e-01,-2.007851153612136841e-01,1.283618714660406113e-02,-7.512339949607849121e-02,4.941884875297546387e-01,-1.795988231897354126e-01,2.573638595640659332e-02,-1.629625409841537476e-01,4.545915126800537109e-01,3.067211508750915527e-01,3.049116730690002441e-01,2.043879181146621704e-01,1.400274038314819336e-01,-2.733642160892486572e-01,9.364219009876251221e-02,1.957533657550811768e-01
1.597426414489746094e+00,8.347014188766479492e-01,6.391618251800537109e-01,1.970693841576576233e-02,2.348351106047630310e-02,-9.983662366867065430e-01,4.821866750717163086e-02,-3.633844256401062012e-01,-6.501807272434234619e-02,1.064968034625053406e-01,1.351203083992004395e+00,3.849848732352256775e-02,2.635315358638763428e-01,-1.169911399483680725e-01,4.082548432052135468e-03,-7.840882986783981323e-02,4.665876030921936035e-01,-1.903215944766998291e-01,3.610900416970252991e-02,-1.271843165159225464e-01,5.297023057937622070e-01,2.695814967155456543e-01,3.224996626377105713e-01,2.723280489444732666e-01,4.243666678667068481e-02,-2.563977539539337158e-01,1.166063547134399414e-01,1.227363944053649902e-01
1.555956125259399414e+00,8.257533311843872070e-01,6.385429501533508301e-01,1.673712953925132751e-02,2.165772207081317902e-02,-9.982078075408935547e-01,5.321586877107620239e-02,-4.252877235412597656e-01,-7.991813868284225464e-02,7.224356383085250854e-02,1.303715348243713379e+00,-3.754324465990066528e-02,2.182606607675552368e-01,-2.205737866461277008e-02,-1.003251876682043076e-02,-8.156392723321914673e-02,4.101656675338745117e-01,-1.573471873998641968e-01,5.440694093704223633e-02,-8.867141604423522949e-02,6.039694547653198242e-01,2.368650287389755249e-01,3.367878198623657227e-01,3.209728002548217773e-01,-4.191494733095169067e-02,-2.467653751373291016e-01,1.523050963878631592e-01,4.315378889441490173e-02
1.514828205108642578e+00,8.153097629547119141e-01,6.368901729583740234e-01,1.293655764311552048e-02,2.033602073788642883e-02,-9.978983402252197266e-01,6.014932692050933838e-02,-4.525105655193328857e-01,-8.373533189296722412e-02,4.621465876698493958e-02,1.199155569076538086e+00,-1.236976534128189087e-01,1.760634183883666992e-01,7.406285405158996582e-02,-2.378796599805355072e-02,-9.131679683923721313e-02,3.385063111782073975e-01,-7.558486610651016235e-02,7.858202606439590454e-02,-5.817331001162528992e-02,6.743075847625732422e-01,2.114375829696655273e-01,3.559956550598144531e-01,3.505793213844299316e-01,-1.114913150668144226e-01,-2.428281605243682861e-01,1.946682482957839966e-01,-2.561167627573013306e-02
1.473873376846313477e+00,8.065841794013977051e-01,6.346353888511657715e-01,9.140887297689914703e-03,2.027679048478603363e-02,-9.973049163818359375e-01,6.991600990295410156e-02,-4.560562968254089355e-01,-8.047525584697723389e-02,3.212623298168182373e-02,1.056700706481933594e+00,-2.072130143642425537e-01,1.500768214464187622e-01,1.606431454420089722e-01,-3.114549629390239716e-02,-1.047874316573143005e-01,2.650212347507476807e-01,6.425143033266067505e-02,1.083638593554496765e-01,-4.151617363095283508e-02,7.366528511047363281e-01,1.935839653015136719e-01,3.820825517177581787e-01,3.623258173465728760e-01,-1.639660000801086426e-01,-2.441935092210769653e-01,2.233682125806808472e-01,-7.332707196474075317e-02
1.431390881538391113e+00,8.018913269042968750e-01,6.332050561904907227e-01,5.882539320737123489e-03,2.153668180108070374e-02,-9.964593052864074707e-01,8.105820417404174805e-02,-4.462009370326995850e-01,-8.016304671764373779e-02,2.433476969599723816e-02,8.989158868789672852e-01,-2.799866795539855957e-01,1.411744803190231323e-01,2.251219153404235840e-01,-3.151058778166770935e-02,-1.113469228148460388e-01,2.180940359830856323e-01,2.408316284418106079e-01,1.435262411832809448e-01,-3.580115735530853271e-02,7.867237329483032227e-01,1.821757853031158447e-01,4.115613996982574463e-01,3.580734133720397949e-01,-1.993346661329269409e-01,-2.497967034578323364e-01,2.302183061838150024e-01,-1.007316038012504578e-01
1.386455059051513672e+00,8.013561367988586426e-01,6.340689063072204590e-01,3.480875398963689804e-03,2.366736344993114471e-02,-9.956781268119812012e-01,8.973739296197891235e-02,-4.248711168766021729e-01,-8.644066751003265381e-02,1.592424511909484863e-02,7.458566427230834961e-01,-3.319494128227233887e-01,1.439327150583267212e-01,2.600577771663665771e-01,-3.038684092462062836e-02,-1.030070781707763672e-01,2.262319773435592651e-01,3.947717249393463135e-01,1.810947656631469727e-01,-3.280980512499809265e-02,8.209766745567321777e-01,1.768514662981033325e-01,4.368388652801513672e-01,3.395311534404754639e-01,-2.178693413734436035e-01,-2.559223175048828125e-01,2.268939018249511719e-01,-1.114372685551643372e-01
1.340151429176330566e+00,8.025725483894348145e-01,6.368051767349243164e-01,2.103710547089576721e-03,2.593966759741306305e-02,-9.952763915061950684e-01,9.352885931730270386e-02,-3.922398984432220459e-01,-9.526433050632476807e-02,8.396038785576820374e-03,6.216551065444946289e-01,-3.553499877452850342e-01,1.521830260753631592e-01,2.619316577911376953e-01,-3.247582539916038513e-02,-8.173470199108123779e-02,3.010478317737579346e-01,4.763781726360321045e-01,2.122015058994293213e-01,-2.802821807563304901e-02,8.362500071525573730e-01,1.767031103372573853e-01,4.504246711730957031e-01,3.080841004848480225e-01,-2.165539264678955078e-01,-2.599233984947204590e-01,2.244088798761367798e-01,-1.082537844777107239e-01
1.295030117034912109e+00,8.018173575401306152e-01,6.379045248031616211e-01,1.777860103175044060e-03,2.763185277581214905e-02,-9.952945113182067871e-01,9.285574406385421753e-02,-3.581538796424865723e-01,-1.044744178652763367e-01,1.097454782575368881e-02,5.614535212516784668e-01,-3.640902638435363770e-01,1.639384925365447998e-01,2.217349559068679810e-01,-3.750059753656387329e-02,-5.422561615705490112e-02,4.473462998867034912e-01,4.765244126319885254e-01,2.279525995254516602e-01,-2.154109440743923187e-02,8.284342885017395020e-01,1.816428005695343018e-01,4.499596357345581055e-01,2.665449976921081543e-01,-1.910356581211090088e-01,-2.622508704662322998e-01,2.200333476066589355e-01,-8.920746296644210815e-02
1.253998160362243652e+00,7.961863279342651367e-01,6.335878968238830566e-01,2.745840232819318771e-03,2.863707952201366425e-02,-9.955337047576904297e-01,8.991690725088119507e-02,-3.387668430805206299e-01,-1.166161149740219116e-01,2.640518732368946075e-02,5.866750478744506836e-01,-3.905536234378814697e-01,1.802870333194732666e-01,1.359952539205551147e-01,-3.938674554228782654e-02,-2.154860459268093109e-02,6.423867940902709961e-01,4.274778962135314941e-01,2.238738685846328735e-01,-1.496564038097858429e-02,7.943369746208190918e-01,1.927551478147506714e-01,4.432105422019958496e-01,2.212083488702774048e-01,-1.360274404287338257e-01,-2.667213380336761475e-01,2.009840011596679688e-01,-4.944565147161483765e-02
1.217730998992919922e+00,7.852029204368591309e-01,6.245766282081604004e-01,4.819536115974187851e-03,2.903032302856445312e-02,-9.957473874092102051e-01,8.729923516511917114e-02,-3.304217457771301270e-01,-1.333086043596267700e-01,4.529913514852523804e-02,6.641942262649536133e-01,-4.448702633380889893e-01,2.006289362907409668e-01,1.834773086011409760e-02,-3.351078554987907410e-02,1.544638443738222122e-02,8.349015116691589355e-01,3.702741861343383789e-01,2.015890479087829590e-01,-1.178182661533355713e-02,7.358066439628601074e-01,2.104250341653823853e-01,4.451240897178649902e-01,1.790234595537185669e-01,-5.083332955837249756e-02,-2.754687070846557617e-01,1.574593037366867065e-01,1.241714786738157272e-02
1.185183048248291016e+00,7.712460756301879883e-01,6.150019764900207520e-01,6.834241095930337906e-03,2.902013249695301056e-02,-9.957563281059265137e-01,8.706569671630859375e-02,-3.151710033416748047e-01,-1.536064743995666504e-01,5.562284588813781738e-02,7.371097803115844727e-01,-5.066632628440856934e-01,2.214923650026321411e-01,-1.128554195165634155e-01,-2.079498767852783203e-02,5.193194374442100525e-02,9.852614402770996094e-01,3.180195391178131104e-01,1.715383976697921753e-01,-1.794578507542610168e-02,6.623769998550415039e-01,2.318605035543441772e-01,4.642323553562164307e-01,1.393709629774093628e-01,5.674577504396438599e-02,-2.878934741020202637e-01,9.386900067329406738e-02,8.864376693964004517e-02
1.155213832855224609e+00,7.570656538009643555e-01,6.093988418579101562e-01,8.250438608229160309e-03,2.869751863181591034e-02,-9.953624606132507324e-01,9.144374728202819824e-02,-2.750605344772338867e-01,-1.754839867353439331e-01,5.049724131822586060e-02,7.480407953262329102e-01,-5.235999822616577148e-01,2.390849292278289795e-01,-2.378775179386138916e-01,-9.930813685059547424e-03,7.886531949043273926e-02,1.067141532897949219e+00,2.686668038368225098e-01,1.502799540758132935e-01,-4.097863286733627319e-02,5.859308242797851562e-01,2.539083063602447510e-01,4.880330562591552734e-01,9.614491462707519531e-02,1.742547452449798584e-01,-3.026793897151947021e-01,2.204589173197746277e-02,1.643199175596237183e-01
1.124860048294067383e+00,7.447408437728881836e-01,6.069154143333435059e-01,8.219718001782894135e-03,2.879520133137702942e-02,-9.944834113121032715e-01,1.005289182066917419e-01,-2.262521386146545410e-01,-1.914248764514923096e-01,3.477717936038970947e-02,7.466097474098205566e-01,-5.235999822616577148e-01,2.505664527416229248e-01,-3.412178158760070801e-01,-9.089609608054161072e-03,8.786427229642868042e-02,1.082710027694702148e+00,2.097118049860000610e-01,1.429093033075332642e-01,-8.180149644613265991e-02,5.118955373764038086e-01,2.748874425888061523e-01,4.909570515155792236e-01,4.707663506269454956e-02,2.890355587005615234e-01,-3.190650343894958496e-01,-4.895617812871932983e-02,2.265547811985015869e-01
1.091578841209411621e+00,7.351794242858886719e-01,6.083835959434509277e-01,6.970290094614028931e-03,2.920172177255153656e-02,-9.932221174240112305e-01,1.122876927256584167e-01,-1.652492880821228027e-01,-1.958726495504379272e-01,1.618244312703609467e-02,7.227005362510681152e-01,-4.819455444812774658e-01,2.541255354881286621e-01,-4.104709625244140625e-01,-2.183768898248672485e-02,7.754271477460861206e-02,1.027143001556396484e+00,1.509473472833633423e-01,1.421010345220565796e-01,-1.315588355064392090e-01,4.430485963821411133e-01,2.940965294837951660e-01,4.607610404491424561e-01,-3.339675022289156914e-03,3.913203477859497070e-01,-3.370754420757293701e-01,-1.165614575147628784e-01,2.709256112575531006e-01
1.052802085876464844e+00,7.284210920333862305e-01,6.138210892677307129e-01,5.356070585548877716e-03,2.927872724831104279e-02,-9.917479753494262695e-01,1.246999055147171021e-01,-7.992629706859588623e-02,-1.885238438844680786e-01,1.365710515528917313e-03,6.505479812622070312e-01,-3.734973073005676270e-01,2.502906918525695801e-01,-4.392633736133575439e-01,-4.197191819548606873e-02,5.854340642690658569e-02,8.965713381767272949e-01,1.066651716828346252e-01,1.428669989109039307e-01,-1.788401454687118530e-01,3.845403194427490234e-01,3.125568628311157227e-01,4.132383763790130615e-01,-4.893204569816589355e-02,4.772023260593414307e-01,-3.574575483798980713e-01,-1.804163306951522827e-01,3.003021776676177979e-01
1.008632659912109375e+00,7.240519523620605469e-01,6.201857924461364746e-01,3.857954870909452438e-03,2.857402525842189789e-02,-9.901348352432250977e-01,1.371189802885055542e-01,1.978863589465618134e-02,-1.740916371345520020e-01,-3.349356586113572121e-03,5.701230168342590332e-01,-2.409473657608032227e-01,2.431701868772506714e-01,-4.350821375846862793e-01,-6.097826734185218811e-02,4.493186250329017639e-02,7.137201428413391113e-01,7.060310244560241699e-02,1.473568230867385864e-01,-2.177521437406539917e-01,3.420585393905639648e-01,3.342658877372741699e-01,3.779808282852172852e-01,-8.733703196048736572e-02,5.440343022346496582e-01,-3.799837231636047363e-01,-2.376005053520202637e-01,3.171483874320983887e-01
9.628394246101379395e-01,7.212717533111572266e-01,6.251623630523681641e-01,2.998360432684421539e-03,2.714520506560802460e-02,-9.881552457809448242e-01,1.510079801082611084e-01,1.110270321369171143e-01,-1.573724150657653809e-01,3.175180638208985329e-03,5.309619903564453125e-01,-1.298455148935317993e-01,2.350830584764480591e-01,-4.117118120193481445e-01,-7.753304392099380493e-02,4.394843056797981262e-02,5.176663994789123535e-01,3.292269259691238403e-02,1.582353115081787109e-01,-2.475742846727371216e-01,3.160270750522613525e-01,3.594000637531280518e-01,3.677138686180114746e-01,-1.183883398771286011e-01,5.906487107276916504e-01,-4.035448729991912842e-01,-2.839919030666351318e-01,3.223349452018737793e-01
9.190302491188049316e-01,7.199020981788635254e-01,6.282184720039367676e-01,2.469740808010101318e-03,2.585502341389656067e-02,-9.855555891990661621e-01,1.673488914966583252e-01,1.642972379922866821e-01,-1.392402052879333496e-01,1.802378520369529724e-02,5.777022838592529297e-01,-7.214578241109848022e-02,2.269776612520217896e-01,-3.844450712203979492e-01,-9.372004866600036621e-02,4.601406678557395935e-02,3.545905947685241699e-01,-5.112205632030963898e-03,1.706181615591049194e-01,-2.705515325069427490e-01,3.016580641269683838e-01,3.824868202209472656e-01,3.713361024856567383e-01,-1.419371217489242554e-01,6.145646572113037109e-01,-4.248503148555755615e-01,-3.135982155799865723e-01,3.173724710941314697e-01
8.783967494964599609e-01,7.200038433074951172e-01,6.298707723617553711e-01,2.220005029812455177e-03,2.570484578609466553e-02,-9.823663234710693359e-01,1.851776093244552612e-01,1.651945412158966064e-01,-1.207278966903686523e-01,3.826694563031196594e-02,7.159147858619689941e-01,-6.672915071249008179e-02,2.253765910863876343e-01,-3.638161420822143555e-01,-1.067868843674659729e-01,3.732009232044219971e-02,2.594316303730010986e-01,-2.594828605651855469e-02,1.763452738523483276e-01,-2.844227254390716553e-01,2.954445481300354004e-01,3.959961235523223877e-01,3.711009919643402100e-01,-1.563892364501953125e-01,6.103120446205139160e-01,-4.405553042888641357e-01,-3.154129385948181152e-01,3.055329024791717529e-01
8.409705162048339844e-01,7.213015556335449219e-01,6.303418874740600586e-01,2.205502474680542946e-03,2.669918350875377655e-02,-9.789622426033020020e-01,2.022750079631805420e-01,1.199866011738777161e-01,-1.061837375164031982e-01,6.075843423604965210e-02,9.129025936126708984e-01,-8.995752781629562378e-02,2.420425564050674438e-01,-3.561084270477294922e-01,-1.146103143692016602e-01,1.539549138396978378e-02,2.502621114253997803e-01,-2.416660822927951813e-02,1.737642139196395874e-01,-2.860838174819946289e-01,2.994021177291870117e-01,3.951894640922546387e-01,3.620680570602416992e-01,-1.559675186872482300e-01,5.716441273689270020e-01,-4.466071426868438721e-01,-2.780597805976867676e-01,2.887508571147918701e-01
8.070818781852722168e-01,7.221341729164123535e-01,6.296564936637878418e-01,2.477600006386637688e-03,2.871523424983024597e-02,-9.753630757331848145e-01,2.187149226665496826e-01,4.254945367574691772e-02,-9.776007384061813354e-02,8.707301318645477295e-02,1.123675704002380371e+00,-1.186605542898178101e-01,2.833110392093658447e-01,-3.578264117240905762e-01,-1.197466403245925903e-01,-1.466524414718151093e-02,3.158749043941497803e-01,-2.191018313169479370e-02,1.683506816625595093e-01,-2.753233313560485840e-01,3.198671936988830566e-01,3.782552182674407959e-01,3.527158200740814209e-01,-1.311797350645065308e-01,4.952981173992156982e-01,-4.391569495201110840e-01,-2.003911286592483521e-01,2.668519020080566406e-01
7.763863801956176758e-01,7.194697856903076172e-01,6.280465126037597656e-01,2.853701356798410416e-03,3.125955909490585327e-02,-9.712684154510498047e-01,2.359075695276260376e-01,-5.660302564501762390e-02,-9.340619295835494995e-02,1.175439953804016113e-01,1.312382817268371582e+00,-1.454844325780868530e-01,3.392617702484130859e-01,-3.548353314399719238e-01,-1.277605146169662476e-01,-4.883916303515434265e-02,4.160573780536651611e-01,-4.824168235063552856e-02,1.660081297159194946e-01,-2.552230954170227051e-01,3.608902692794799805e-01,3.478035032749176025e-01,3.535087704658508301e-01,-7.725928723812103271e-02,3.884857594966888428e-01,-4.152313768863677979e-01,-1.024971231818199158e-01,2.367485612630844116e-01
7.474268674850463867e-01,7.101902961730957031e-01,6.263882517814636230e-01,3.189046168699860573e-03,3.406621143221855164e-02,-9.662989974021911621e-01,2.551382184028625488e-01,-1.678014397621154785e-01,-9.229756146669387817e-02,1.458187401294708252e-01,1.456646680831909180e+00,-1.778387725353240967e-01,3.856334090232849121e-01,-3.275232911109924316e-01,-1.386910974979400635e-01,-8.771263062953948975e-02,4.983849227428436279e-01,-1.027108505368232727e-01,1.704859882593154907e-01,-2.282797247171401978e-01,4.188356399536132812e-01,3.075602650642395020e-01,3.647133409976959229e-01,-7.475803431589156389e-05,2.650136351585388184e-01,-3.792441487312316895e-01,-1.198822353035211563e-02,1.937642395496368408e-01
7.189538478851318359e-01,6.941135525703430176e-01,6.257017254829406738e-01,3.033370012417435646e-03,3.654642030596733093e-02,-9.603629708290100098e-01,2.763296663761138916e-01,-2.779599726200103760e-01,-9.737883508205413818e-02,1.613762974739074707e-01,1.541673183441162109e+00,-2.250029891729354858e-01,4.013747274875640869e-01,-2.662902474403381348e-01,-1.505920439958572388e-01,-1.316315829753875732e-01,5.282126069068908691e-01,-1.545963734388351440e-01,1.823106259107589722e-01,-1.946036219596862793e-01,4.864417016506195068e-01,2.630472779273986816e-01,3.796916902065277100e-01,8.605769276618957520e-02,1.382302790880203247e-01,-3.409161269664764404e-01,6.075014919042587280e-02,1.340353041887283325e-01
6.910974979400634766e-01,6.733843684196472168e-01,6.264324188232421875e-01,2.151649678125977516e-03,3.842966631054878235e-02,-9.532879590988159180e-01,2.996007800102233887e-01,-3.725452721118927002e-01,-1.098922640085220337e-01,1.579340994358062744e-01,1.559290051460266113e+00,-2.879754304885864258e-01,3.845748901367187500e-01,-1.747642904520034790e-01,-1.595352888107299805e-01,-1.807587146759033203e-01,4.997252523899078369e-01,-1.714296638965606689e-01,2.004297971725463867e-01,-1.567385196685791016e-01,5.572606325149536133e-01,2.212115824222564697e-01,3.928862512111663818e-01,1.673551797866821289e-01,1.875682733952999115e-02,-3.108558058738708496e-01,1.237665340304374695e-01,6.028012186288833618e-02
6.645714640617370605e-01,6.499903798103332520e-01,6.271544098854064941e-01,-4.922632797388359904e-05,4.005710035562515259e-02,-9.442351460456848145e-01,3.268263041973114014e-01,-4.381547272205352783e-01,-1.253772974014282227e-01,1.383252292871475220e-01,1.505258679389953613e+00,-3.596588671207427979e-01,3.524742126464843750e-01,-6.089741364121437073e-02,-1.608241051435470581e-01,-2.388895750045776367e-01,4.278357625007629395e-01,-1.492930650711059570e-01,2.241882979869842529e-01,-1.215971708297729492e-01,6.271951198577880859e-01,1.888424456119537354e-01,4.052596390247344971e-01,2.355068176984786987e-01,-8.550035953521728516e-02,-2.917116880416870117e-01,1.841742694377899170e-01,-1.685092225670814514e-02
6.398776173591613770e-01,6.238970160484313965e-01,6.255454421043395996e-01,-3.895753994584083557e-03,4.266381263732910156e-02,-9.319028854370117188e-01,3.601689040660858154e-01,-4.706375598907470703e-01,-1.386656612157821655e-01,1.101536899805068970e-01,1.379144191741943359e+00,-4.328284263610839844e-01,3.221683800220489502e-01,6.602786481380462646e-02,-1.495826840400695801e-01,-3.086068034172058105e-01,3.380905687808990479e-01,-1.062983870506286621e-01,2.546023130416870117e-01,-9.638305008411407471e-02,6.941979527473449707e-01,1.693444401025772095e-01,4.196804165840148926e-01,2.887026071548461914e-01,-1.701543778181076050e-01,-2.815625369548797607e-01,2.346317470073699951e-01,-8.610001951456069946e-02
6.174138188362121582e-01,5.955417156219482422e-01,6.214427947998046875e-01,-9.182054549455642700e-03,4.658989235758781433e-02,-9.165415763854980469e-01,3.971102833747863770e-01,-4.755568504333496094e-01,-1.474497020244598389e-01,8.426893502473831177e-02,1.196442484855651855e+00,-4.979458451271057129e-01,2.997595071792602539e-01,1.867661923170089722e-01,-1.251939684152603149e-01,-3.756186664104461670e-01,2.581644058227539062e-01,-4.629398137331008911e-02,2.904762327671051025e-01,-8.272770047187805176e-02,7.538843154907226562e-01,1.629095524549484253e-01,4.380540549755096436e-01,3.257579207420349121e-01,-2.337405532598495483e-01,-2.795841097831726074e-01,2.643796801567077637e-01,-1.402764767408370972e-01
5.973340272903442383e-01,5.673823356628417969e-01,6.190677881240844727e-01,-1.451298221945762634e-02,5.098626762628555298e-02,-9.013141989707946777e-01,4.299099147319793701e-01,-4.576143324375152588e-01,-1.496072113513946533e-01,7.052169740200042725e-02,9.785184264183044434e-01,-5.235999822616577148e-01,2.830841541290283203e-01,2.712270021438598633e-01,-9.954566508531570435e-02,-4.065221548080444336e-01,2.118478864431381226e-01,4.934845492243766785e-02,3.250776231288909912e-01,-7.746957242488861084e-02,7.965876460075378418e-01,1.657943725585937500e-01,4.589116275310516357e-01,3.445252776145935059e-01,-2.743050158023834229e-01,-2.840248048305511475e-01,2.731777131557464600e-01,-1.750849187374114990e-01
5.776839256286621094e-01,5.406579971313476562e-01,6.210685968399047852e-01,-1.897557452321052551e-02,5.480312556028366089e-02,-8.898007869720458984e-01,4.526489973068237305e-01,-4.220634400844573975e-01,-1.425879001617431641e-01,7.431897521018981934e-02,7.785720825195312500e-01,-5.235999822616577148e-01,2.704412937164306641e-01,3.043056130409240723e-01,-8.626577258110046387e-02,-3.786302804946899414e-01,2.219151407480239868e-01,1.680328100919723511e-01,3.525565564632415771e-01,-7.554139196872711182e-02,8.147427439689636230e-01,1.723486334085464478e-01,4.756508171558380127e-01,3.447171747684478760e-01,-2.919982373714447021e-01,-2.910034358501434326e-01,2.703739404678344727e-01,-1.914566755294799805e-01
5.567227602005004883e-01,5.139079093933105469e-01,6.261290907859802246e-01,-2.247874066233634949e-02,5.822363868355751038e-02,-8.816112875938415527e-01,4.678314030170440674e-01,-3.818682134151458740e-01,-1.308187395334243774e-01,9.427482634782791138e-02,6.418101191520690918e-01,-5.165033340454101562e-01,2.657390534877777100e-01,2.918057143688201904e-01,-8.313800394535064697e-02,-3.045679032802581787e-01,2.992470264434814453e-01,2.606761753559112549e-01,3.735590577125549316e-01,-7.600102573633193970e-02,8.090956211090087891e-01,1.788221746683120728e-01,4.806379675865173340e-01,3.288718760013580322e-01,-2.910069227218627930e-01,-2.962444126605987549e-01,2.669229209423065186e-01,-1.950964778661727905e-01
5.364190936088562012e-01,4.857379794120788574e-01,6.311665177345275879e-01,-2.528567239642143250e-02,6.088977679610252380e-02,-8.735190629959106445e-01,4.823043644428253174e-01,-3.365578651428222656e-01,-1.262768357992172241e-01,1.171016842126846313e-01,5.386368632316589355e-01,-4.721352458000183105e-01,2.733521461486816406e-01,2.413457334041595459e-01,-8.095093071460723877e-02,-2.200951278209686279e-01,4.434951841831207275e-01,2.921352684497833252e-01,3.872432708740234375e-01,-8.064661175012588501e-02,7.809938192367553711e-01,1.852493733167648315e-01,4.689246118068695068e-01,3.018039762973785400e-01,-2.718073725700378418e-01,-3.016936182975769043e-01,2.614848613739013672e-01,-1.881036907434463501e-01
5.189549326896667480e-01,4.562119245529174805e-01,6.300917863845825195e-01,-2.698594890534877777e-02,6.263036280870437622e-02,-8.635007143020629883e-01,4.997156560420989990e-01,-3.151176571846008301e-01,-1.314330846071243286e-01,1.313152611255645752e-01,5.285658240318298340e-01,-4.518302977085113525e-01,2.905257046222686768e-01,1.548786908388137817e-01,-7.554546743631362915e-02,-1.469401717185974121e-01,6.428428888320922852e-01,2.649908363819122314e-01,3.898678421974182129e-01,-8.918700367212295532e-02,7.281247973442077637e-01,1.982011198997497559e-01,4.484310150146484375e-01,2.685626745223999023e-01,-2.234655767679214478e-01,-3.115754723548889160e-01,2.357418835163116455e-01,-1.625443845987319946e-01
5.065544843673706055e-01,4.280567765235900879e-01,6.226205229759216309e-01,-2.748041786253452301e-02,6.301071494817733765e-02,-8.516938686370849609e-01,5.195113420486450195e-01,-3.207762837409973145e-01,-1.445154249668121338e-01,1.296804696321487427e-01,6.019772887229919434e-01,-4.740650951862335205e-01,3.093428611755371094e-01,4.276899620890617371e-02,-6.664204597473144531e-02,-8.604235202074050903e-02,8.485407829284667969e-01,2.151787281036376953e-01,3.776428401470184326e-01,-9.934791922569274902e-02,6.527276635169982910e-01,2.211162596940994263e-01,4.331733286380767822e-01,2.343975156545639038e-01,-1.398134678602218628e-01,-3.265597522258758545e-01,1.775849014520645142e-01,-1.102341935038566589e-01
4.988746643066406250e-01,4.037365913391113281e-01,6.129994392395019531e-01,-2.707675471901893616e-02,6.192560121417045593e-02,-8.392916917800903320e-01,5.394641160964965820e-01,-3.323554098606109619e-01,-1.643731743097305298e-01,1.135581359267234802e-01,6.956173181533813477e-01,-5.174048542976379395e-01,3.240902125835418701e-01,-7.875192910432815552e-02,-5.593704059720039368e-02,-3.024180233478546143e-02,1.015976071357727051e+00,1.645438671112060547e-01,3.513126373291015625e-01,-1.103102862834930420e-01,5.675356388092041016e-01,2.491258680820465088e-01,4.327444434165954590e-01,1.988382488489151001e-01,-3.225607052445411682e-02,-3.428375422954559326e-01,9.864291548728942871e-02,-3.294433653354644775e-02
4.940200150012969971e-01,3.832866251468658447e-01,6.067858934402465820e-01,-2.643853984773159027e-02,5.967519432306289673e-02,-8.267369866371154785e-01,5.587896108627319336e-01,-3.190771043300628662e-01,-1.885756999254226685e-01,8.554536104202270508e-02,7.259785532951354980e-01,-5.235999822616577148e-01,3.337729871273040771e-01,-1.923995018005371094e-01,-4.786065220832824707e-02,1.960117928683757782e-02,1.113622426986694336e+00,1.203485876321792603e-01,3.220587670803070068e-01,-1.236371323466300964e-01,4.862602055072784424e-01,2.746391594409942627e-01,4.402283728122711182e-01,1.563095450401306152e-01,7.896096259355545044e-02,-3.573584854602813721e-01,2.500650286674499512e-02,5.583268031477928162e-02
4.880113005638122559e-01,3.631143867969512939e-01,6.040821075439453125e-01,-2.631239034235477448e-02,5.687591806054115295e-02,-8.135977387428283691e-01,5.780410766601562500e-01,-2.875501811504364014e-01,-2.084955424070358276e-01,4.937039688229560852e-02,7.320657968521118164e-01,-5.235999822616577148e-01,3.372952044010162354e-01,-2.859577238559722900e-01,-5.002638697624206543e-02,5.457425490021705627e-02,1.140669703483581543e+00,6.971557438373565674e-02,3.012803494930267334e-01,-1.426264643669128418e-01,4.136266410350799561e-01,2.956545650959014893e-01,4.376820921897888184e-01,1.025364324450492859e-01,1.809087395668029785e-01,-3.700641691684722900e-01,-3.113151527941226959e-02,1.421242654323577881e-01
4.790781140327453613e-01,3.402017951011657715e-01,6.043000221252441406e-01,-2.710873819887638092e-02,5.410058051347732544e-02,-7.990282177925109863e-01,5.982409119606018066e-01,-2.431384772062301636e-01,-2.195949107408523560e-01,5.374260712414979935e-03,7.342274188995361328e-01,-5.235999822616577148e-01,3.343060612678527832e-01,-3.521134555339813232e-01,-6.628820300102233887e-02,6.667685508728027344e-02,1.096384644508361816e+00,1.155876182019710541e-02,2.909344732761383057e-01,-1.677266657352447510e-01,3.485045731067657471e-01,3.146332800388336182e-01,4.122501015663146973e-01,4.270010441541671753e-02,2.697620391845703125e-01,-3.805687129497528076e-01,-7.467812299728393555e-02,2.175599634647369385e-01
4.682594835758209229e-01,3.130955696105957031e-01,6.079772710800170898e-01,-2.834935672581195831e-02,5.150228366255760193e-02,-7.824738621711730957e-01,6.199020147323608398e-01,-1.765747517347335815e-01,-2.210305333137512207e-01,-4.400094226002693176e-02,6.982353329658508301e-01,-4.755645990371704102e-01,3.269336223602294922e-01,-3.828879892826080322e-01,-8.928188681602478027e-02,6.303559988737106323e-02,9.725712537765502930e-01,-3.871446102857589722e-02,2.862864136695861816e-01,-1.968110799789428711e-01,2.887928187847137451e-01,3.340247273445129395e-01,3.639949560165405273e-01,-1.335702650249004364e-02,3.460416495800018311e-01,-3.897753059864044189e-01,-1.171731576323509216e-01,2.783504426479339600e-01
4.561445415019989014e-01,2.815550267696380615e-01,6.130214929580688477e-01,-2.934696339070796967e-02,4.872480034828186035e-02,-7.641519904136657715e-01,6.425234079360961914e-01,-9.375065565109252930e-02,-2.121893912553787231e-01,-8.910042792558670044e-02,6.414102911949157715e-01,-3.867461383342742920e-01,3.180760741233825684e-01,-3.803108632564544678e-01,-1.072856709361076355e-01,6.472223252058029175e-02,7.897614240646362305e-01,-7.947976142168045044e-02,2.862290740013122559e-01,-2.254495620727539062e-01,2.364705801010131836e-01,3.555706143379211426e-01,3.075031638145446777e-01,-5.647215992212295532e-02,4.112344682216644287e-01,-3.984890282154083252e-01,-1.628076583147048950e-01,3.221796154975891113e-01
4.428523480892181396e-01,2.472671419382095337e-01,6.172981858253479004e-01,-2.958555333316326141e-02,4.554075375199317932e-02,-7.441115379333496094e-01,6.658444404602050781e-01,-9.619453921914100647e-03,-1.935938596725463867e-01,-1.203639060258865356e-01,5.982285737991333008e-01,-2.837599813938140869e-01,3.082623481750488281e-01,-3.589423298835754395e-01,-1.176549419760704041e-01,8.746555447578430176e-02,5.914250016212463379e-01,-1.165079772472381592e-01,2.916539013385772705e-01,-2.502020895481109619e-01,1.941253095865249634e-01,3.786561489105224609e-01,2.594681382179260254e-01,-8.491323888301849365e-02,4.653661251068115234e-01,-4.072433412075042725e-01,-2.069823294878005981e-01,3.466947376728057861e-01
4.286682903766632080e-01,2.134616076946258545e-01,6.202671527862548828e-01,-2.954166196286678314e-02,4.258144274353981018e-02,-7.224761843681335449e-01,6.894506812095642090e-01,5.294973775744438171e-02,-1.682092845439910889e-01,-1.324849128723144531e-01,6.004567742347717285e-01,-1.908621191978454590e-01,2.978225052356719971e-01,-3.354875445365905762e-01,-1.243797317147254944e-01,1.243906542658805847e-01,4.245374202728271484e-01,-1.489625722169876099e-01,2.977515459060668945e-01,-2.702238261699676514e-01,1.674223393201828003e-01,4.001359343528747559e-01,2.318537533283233643e-01,-1.036589294672012329e-01,5.056836605072021484e-01,-4.176686704158782959e-01,-2.392012476921081543e-01,3.524502515792846680e-01
4.145148098468780518e-01,1.827030330896377563e-01,6.220360994338989258e-01,-2.966673858463764191e-02,4.057950526475906372e-02,-6.998561620712280273e-01,7.125128507614135742e-01,7.463097572326660156e-02,-1.425460129976272583e-01,-1.273082643747329712e-01,6.666284799575805664e-01,-1.224409267306327820e-01,2.853866219520568848e-01,-3.200567960739135742e-01,-1.286378204822540283e-01,1.541967391967773438e-01,3.213026523590087891e-01,-1.689329147338867188e-01,2.971704304218292236e-01,-2.853861153125762939e-01,1.607703864574432373e-01,4.158301651477813721e-01,2.250399589538574219e-01,-1.193359866738319397e-01,5.272446274757385254e-01,-4.295263588428497314e-01,-2.479352653026580811e-01,3.448135554790496826e-01
4.019505679607391357e-01,1.564813107252120972e-01,6.221619844436645508e-01,-3.040128946304321289e-02,3.986276686191558838e-02,-6.780497431755065918e-01,7.333043813705444336e-01,5.421389639377593994e-02,-1.208676472306251526e-01,-1.088253781199455261e-01,7.879400849342346191e-01,-8.458237349987030029e-02,2.703232169151306152e-01,-3.149336278438568115e-01,-1.287074685096740723e-01,1.597605347633361816e-01,2.948828935623168945e-01,-1.777837425470352173e-01,2.885839343070983887e-01,-2.934059202671051025e-01,1.731605678796768188e-01,4.190490245819091797e-01,2.270279377698898315e-01,-1.312109529972076416e-01,5.230466127395629883e-01,-4.411903917789459229e-01,-2.223205864429473877e-01,3.304573297500610352e-01
3.921208381652832031e-01,1.350735276937484741e-01,6.200982332229614258e-01,-3.125963360071182251e-02,4.024181887507438660e-02,-6.585254669189453125e-01,7.508313059806823730e-01,4.565161652863025665e-03,-1.076901406049728394e-01,-8.272572606801986694e-02,9.383473992347717285e-01,-7.854593545198440552e-02,2.570515871047973633e-01,-3.209457695484161377e-01,-1.257037371397018433e-01,1.399807780981063843e-01,3.450562357902526855e-01,-2.004216760396957397e-01,2.743707895278930664e-01,-2.896762490272521973e-01,2.015481293201446533e-01,4.063654541969299316e-01,2.298971116542816162e-01,-1.270019561052322388e-01,4.857034683227539062e-01,-4.481108188629150391e-01,-1.575703620910644531e-01,3.151135742664337158e-01
3.846620321273803711e-01,1.167259067296981812e-01,6.162495017051696777e-01,-3.180116415023803711e-02,4.147996380925178528e-02,-6.404346227645874023e-01,7.662320733070373535e-01,-6.471868604421615601e-02,-1.040423512458801270e-01,-5.026287212967872620e-02,1.095067501068115234e+00,-1.031811758875846863e-01,2.560008168220520020e-01,-3.313170671463012695e-01,-1.230736225843429565e-01,1.017369627952575684e-01,4.463502764701843262e-01,-2.563310861587524414e-01,2.580572664737701416e-01,-2.724348902702331543e-01,2.453493475914001465e-01,3.793624639511108398e-01,2.388131022453308105e-01,-9.402602910995483398e-02,4.154111444950103760e-01,-4.435233771800994873e-01,-6.323269754648208618e-02,3.003934323787689209e-01
3.788172304630279541e-01,9.862786531448364258e-02,6.121951937675476074e-01,-3.209442272782325745e-02,4.360781237483024597e-02,-6.214873790740966797e-01,7.815508246421813965e-01,-1.493423730134963989e-01,-1.057920828461647034e-01,-1.155762933194637299e-02,1.241162776947021484e+00,-1.502864211797714233e-01,2.738603949546813965e-01,-3.305526375770568848e-01,-1.231557950377464294e-01,5.159436538815498352e-02,5.490887165069580078e-01,-3.338365256786346436e-01,2.422320693731307983e-01,-2.465803027153015137e-01,3.032661080360412598e-01,3.440372049808502197e-01,2.619942128658294678e-01,-2.953967638313770294e-02,3.230220377445220947e-01,-4.236574769020080566e-01,3.884514421224594116e-02,2.819844782352447510e-01
3.749905228614807129e-01,7.858920097351074219e-02,6.094450354576110840e-01,-3.218905627727508545e-02,4.593340307474136353e-02,-6.003932356834411621e-01,7.977355122566223145e-01,-2.420154362916946411e-01,-1.071258708834648132e-01,3.187753632664680481e-02,1.362622857093811035e+00,-2.118602246046066284e-01,3.032618463039398193e-01,-3.068692982196807861e-01,-1.256840080022811890e-01,-6.908173207193613052e-03,6.166381239891052246e-01,-4.068710505962371826e-01,2.285934239625930786e-01,-2.165449857711791992e-01,3.717632889747619629e-01,3.040614724159240723e-01,2.957678139209747314e-01,5.729654058814048767e-02,2.207639217376708984e-01,-3.906727135181427002e-01,1.325380653142929077e-01,2.524885535240173340e-01
3.748624324798583984e-01,5.661607161164283752e-02,6.084114313125610352e-01,-3.231950476765632629e-02,4.814980179071426392e-02,-5.767956972122192383e-01,8.148274421691894531e-01,-3.307450711727142334e-01,-1.041735857725143433e-01,7.215064764022827148e-02,1.443048000335693359e+00,-2.822663784027099609e-01,3.256006836891174316e-01,-2.565906643867492676e-01,-1.289380043745040894e-01,-7.022590190172195435e-02,6.360355615615844727e-01,-4.536171257495880127e-01,2.200243175029754639e-01,-1.839670538902282715e-01,4.457536339759826660e-01,2.623153328895568848e-01,3.253408670425415039e-01,1.508659273386001587e-01,1.162438914179801941e-01,-3.521203994750976562e-01,2.133386582136154175e-01,2.065884470939636230e-01
3.802869617938995361e-01,3.485394641757011414e-02,6.091306209564208984e-01,-3.235687315464019775e-02,4.935388639569282532e-02,-5.504856705665588379e-01,8.327561020851135254e-01,-3.999572992324829102e-01,-9.896337240934371948e-02,9.862680733203887939e-02,1.459439992904663086e+00,-3.527029454708099365e-01,3.265344500541687012e-01,-1.820685267448425293e-01,-1.335153132677078247e-01,-1.363944858312606812e-01,6.041092872619628906e-01,-4.556308090686798096e-01,2.204544097185134888e-01,-1.489099115133285522e-01,5.189375877380371094e-01,2.274716645479202271e-01,3.411197364330291748e-01,2.323948740959167480e-01,2.004832215607166290e-02,-3.160053491592407227e-01,2.776539623737335205e-01,1.445146203041076660e-01
3.916276991367340088e-01,1.499200984835624695e-02,6.112862229347229004e-01,-3.287803009152412415e-02,4.976912215352058411e-02,-5.204223394393920898e-01,8.518231511116027832e-01,-4.396340548992156982e-01,-9.328193962574005127e-02,1.074963808059692383e-01,1.399264693260192871e+00,-4.129912555217742920e-01,3.076722323894500732e-01,-8.859470486640930176e-02,-1.364675462245941162e-01,-2.055197805166244507e-01,5.267228484153747559e-01,-4.047075212001800537e-01,2.313508540391921997e-01,-1.156999841332435608e-01,5.853447914123535156e-01,2.081236094236373901e-01,3.451417982578277588e-01,2.917445898056030273e-01,-5.792186036705970764e-02,-2.908116281032562256e-01,3.221065104007720947e-01,7.219030708074569702e-02
4.073053896427154541e-01,-2.965126419439911842e-03,6.139024496078491211e-01,-3.400573506951332092e-02,4.956231638789176941e-02,-4.859227836132049561e-01,8.719324469566345215e-01,-4.503373503684997559e-01,-8.917380869388580322e-02,1.072325035929679871e-01,1.272783398628234863e+00,-4.573139548301696777e-01,2.826473712921142578e-01,1.088871899992227554e-02,-1.338039785623550415e-01,-2.753164172172546387e-01,4.289375543594360352e-01,-3.087897300720214844e-01,2.513399124145507812e-01,-8.947696536779403687e-02,6.441215276718139648e-01,2.037123143672943115e-01,3.478031754493713379e-01,3.334056735038757324e-01,-1.149532273411750793e-01,-2.778379321098327637e-01,3.499803543090820312e-01,-4.564812697935849428e-04
4.247082471847534180e-01,-1.999397017061710358e-02,6.168158650398254395e-01,-3.577252104878425598e-02,4.966703429818153381e-02,-4.480980038642883301e-01,8.918865919113159180e-01,-4.390763044357299805e-01,-9.054914116859436035e-02,1.051988080143928528e-01,1.104368090629577637e+00,-4.851644337177276611e-01,2.597900032997131348e-01,9.894747287034988403e-02,-1.234462782740592957e-01,-3.363447487354278564e-01,3.424830734729766846e-01,-1.808097213506698608e-01,2.776741683483123779e-01,-7.153470814228057861e-02,6.963275671005249023e-01,2.064880132675170898e-01,3.561136722564697266e-01,3.667642474174499512e-01,-1.559847742319107056e-01,-2.750276625156402588e-01,3.664411604404449463e-01,-6.089853122830390930e-02
4.414832592010498047e-01,-3.632836416363716125e-02,6.210237741470336914e-01,-3.809087723493576050e-02,4.965771734714508057e-02,-4.103213846683502197e-01,9.097909331321716309e-01,-4.073244929313659668e-01,-9.883116930723190308e-02,1.004098430275917053e-01,9.126667976379394531e-01,-4.932807683944702148e-01,2.353893369436264038e-01,1.614630669355392456e-01,-1.111080124974250793e-01,-3.723830580711364746e-01,2.910614013671875000e-01,-3.463982045650482178e-02,3.091627061367034912e-01,-6.131821870803833008e-02,7.395167946815490723e-01,2.098697423934936523e-01,3.693064749240875244e-01,3.932753801345825195e-01,-1.841717362403869629e-01,-2.793660759925842285e-01,3.712740540504455566e-01,-1.002108082175254822e-01
4.568012952804565430e-01,-5.259669944643974304e-02,6.270899176597595215e-01,-4.095585644245147705e-02,4.968458786606788635e-02,-3.748461604118347168e-01,9.248483180999755859e-01,-3.572815954685211182e-01,-1.116302832961082458e-01,9.102519601583480835e-02,7.170637249946594238e-01,-4.747495055198669434e-01,2.102346569299697876e-01,1.939260512590408325e-01,-1.034489870071411133e-01,-3.725062906742095947e-01,2.892232537269592285e-01,1.034354567527770996e-01,3.464069068431854248e-01,-5.642387270927429199e-02,7.718623876571655273e-01,2.115756571292877197e-01,3.841304779052734375e-01,4.107821285724639893e-01,-2.016216069459915161e-01,-2.888556122779846191e-01,3.673879206180572510e-01,-1.152637973427772522e-01
4.710937440395355225e-01,-6.983970850706100464e-02,6.339206099510192871e-01,-4.424525424838066101e-02,4.947829619050025940e-02,-3.417774438858032227e-01,9.374339580535888672e-01,-2.969653010368347168e-01,-1.268946081399917603e-01,7.694647461175918579e-02,5.428725481033325195e-01,-4.278351962566375732e-01,1.985145807266235352e-01,1.952845007181167603e-01,-1.034945994615554810e-01,-3.351463973522186279e-01,3.506066799163818359e-01,1.981429755687713623e-01,3.878887593746185303e-01,-5.559978261590003967e-02,7.938470244407653809e-01,2.103274315595626831e-01,3.971210420131683350e-01,4.180732965469360352e-01,-2.097335606813430786e-01,-3.002699315547943115e-01,3.619052171707153320e-01,-1.074099540710449219e-01
4.846462905406951904e-01,-8.776408433914184570e-02,6.390919685363769531e-01,-4.729206487536430359e-02,4.955063387751579285e-02,-3.107524216175079346e-01,9.480195641517639160e-01,-2.415552586317062378e-01,-1.422697454690933228e-01,6.179957464337348938e-02,4.241457879543304443e-01,-3.679343163967132568e-01,2.152064591646194458e-01,1.609960496425628662e-01,-1.096536591649055481e-01,-2.692252099514007568e-01,4.909350872039794922e-01,2.174993455410003662e-01,4.262428283691406250e-01,-5.966716259717941284e-02,8.048881888389587402e-01,2.062298357486724854e-01,4.028111100196838379e-01,4.140311479568481445e-01,-2.100794166326522827e-01,-3.107948899269104004e-01,3.626661002635955811e-01,-8.074097335338592529e-02
4.963194727897644043e-01,-1.038700640201568604e-01,6.403679847717285156e-01,-4.932340979576110840e-02,5.054189264774322510e-02,-2.834498882293701172e-01,9.563832283020019531e-01,-2.077857702970504761e-01,-1.553246825933456421e-01,5.155979096889495850e-02,3.879880607128143311e-01,-3.237064778804779053e-01,2.588564753532409668e-01,9.143029153347015381e-02,-1.167978197336196899e-01,-1.937081366777420044e-01,7.005539536476135254e-01,1.580528318881988525e-01,4.499003291130065918e-01,-6.873413175344467163e-02,8.035915493965148926e-01,2.008619457483291626e-01,3.961440622806549072e-01,3.992534279823303223e-01,-2.019299119710922241e-01,-3.191684186458587646e-01,3.702309131622314453e-01,-4.170178622007369995e-02
5.048107504844665527e-01,-1.145831570029258728e-01,6.371775865554809570e-01,-4.987283796072006226e-02,5.277028307318687439e-02,-2.626762688159942627e-01,9.621481895446777344e-01,-2.027801424264907837e-01,-1.654789149761199951e-01,4.876173660159111023e-02,4.268182218074798584e-01,-3.159198760986328125e-01,3.070172667503356934e-01,8.351978845894336700e-03,-1.194403693079948425e-01,-1.315113306045532227e-01,9.113202095031738281e-01,6.452596932649612427e-02,4.536062180995941162e-01,-7.914968580007553101e-02,7.887732982635498047e-01,1.973485499620437622e-01,3.795276880264282227e-01,3.801859617233276367e-01,-1.852303445339202881e-01,-3.248023986816406250e-01,3.754297792911529541e-01,7.329889340326189995e-04
5.114244222640991211e-01,-1.182565316557884216e-01,6.307531595230102539e-01,-4.907521978020668030e-02,5.626051127910614014e-02,-2.479625344276428223e-01,9.658886790275573730e-01,-2.196436971426010132e-01,-1.759264618158340454e-01,4.437692463397979736e-02,5.004194378852844238e-01,-3.425838649272918701e-01,3.362798392772674561e-01,-7.813870906829833984e-02,-1.217602044343948364e-01,-8.964907377958297729e-02,1.070726394653320312e+00,-1.977336965501308441e-02,4.353841841220855713e-01,-8.763115853071212769e-02,7.538468837738037109e-01,2.011059522628784180e-01,3.620446622371673584e-01,3.609622120857238770e-01,-1.512990295886993408e-01,-3.298158049583435059e-01,3.611452579498291016e-01,4.651989415287971497e-02
5.198292732238769531e-01,-1.166886761784553528e-01,6.227197647094726562e-01,-4.740978404879570007e-02,6.111739203333854675e-02,-2.342842519283294678e-01,9.690861105918884277e-01,-2.419768571853637695e-01,-1.915330588817596436e-01,2.747321873903274536e-02,5.719841718673706055e-01,-3.862776160240173340e-01,3.433521687984466553e-01,-1.872423738241195679e-01,-1.304119378328323364e-01,-5.832260102033615112e-02,1.186583161354064941e+00,-9.564383327960968018e-02,3.904868960380554199e-01,-9.822896122932434082e-02,6.870942711830139160e-01,2.180037200450897217e-01,3.511758744716644287e-01,3.315493762493133545e-01,-8.002338558435440063e-02,-3.385933637619018555e-01,3.111275136470794678e-01,1.069352850317955017e-01
5.340540409088134766e-01,-1.150585636496543884e-01,6.158933639526367188e-01,-4.555540531873703003e-02,6.586851924657821655e-02,-2.153520435094833374e-01,9.732469320297241211e-01,-2.440878748893737793e-01,-2.113471478223800659e-01,-6.979046855121850967e-03,6.116575598716735840e-01,-4.189962446689605713e-01,3.418543636798858643e-01,-3.289088904857635498e-01,-1.458007395267486572e-01,-2.912982553243637085e-02,1.279081225395202637e+00,-1.820880025625228882e-01,3.230886459350585938e-01,-1.194657087326049805e-01,5.860140919685363770e-01,2.493177503347396851e-01,3.415196239948272705e-01,2.724105417728424072e-01,4.092264547944068909e-02,-3.506194949150085449e-01,2.244193255901336670e-01,1.872099190950393677e-01
5.547135472297668457e-01,-1.172332689166069031e-01,6.128088235855102539e-01,-4.439751058816909790e-02,6.823609024286270142e-02,-1.910565793514251709e-01,9.781973361968994141e-01,-2.097205072641372681e-01,-2.281990051269531250e-01,-5.640202760696411133e-02,6.026978492736816406e-01,-4.194346964359283447e-01,3.417295217514038086e-01,-4.699251949787139893e-01,-1.629691123962402344e-01,-1.131766848266124725e-02,1.324591875076293945e+00,-2.743605375289916992e-01,2.539671659469604492e-01,-1.544385552406311035e-01,4.676367044448852539e-01,2.904498279094696045e-01,3.166351616382598877e-01,1.804228127002716064e-01,1.938402056694030762e-01,-3.607639372348785400e-01,1.212305203080177307e-01,2.711206674575805664e-01
5.801736712455749512e-01,-1.241093948483467102e-01,6.130250096321105957e-01,-4.403491318225860596e-02,6.736430525779724121e-02,-1.664351522922515869e-01,9.827625751495361328e-01,-1.435481011867523193e-01,-2.334672212600708008e-01,-1.067225188016891479e-01,5.542815923690795898e-01,-3.858492672443389893e-01,3.416476845741271973e-01,-5.606855154037475586e-01,-1.745258271694183350e-01,-1.623143255710601807e-02,1.285260200500488281e+00,-3.504646122455596924e-01,2.087115049362182617e-01,-1.938973218202590942e-01,3.585904836654663086e-01,3.307742476463317871e-01,2.664939165115356445e-01,8.016040921211242676e-02,3.409502208232879639e-01,-3.671495020389556885e-01,2.911769412457942963e-02,3.363443017005920410e-01
6.096653938293457031e-01,-1.353546082973480225e-01,6.144537925720214844e-01,-4.365042597055435181e-02,6.479437649250030518e-02,-1.455682814121246338e-01,9.862586855888366699e-01,-6.439350545406341553e-02,-2.249254882335662842e-01,-1.375562101602554321e-01,4.945952594280242920e-01,-3.225532770156860352e-01,3.345712423324584961e-01,-5.832977294921875000e-01,-1.701338887214660645e-01,-3.257720172405242920e-02,1.156229138374328613e+00,-3.969730436801910400e-01,1.945320963859558105e-01,-2.249080091714859009e-01,2.748118042945861816e-01,3.621373176574707031e-01,2.037064582109451294e-01,7.268435438163578510e-04,4.562201499938964844e-01,-3.720275759696960449e-01,-3.958867117762565613e-02,3.767678141593933105e-01
6.428508162498474121e-01,-1.496639400720596313e-01,6.167068481445312500e-01,-4.257601872086524963e-02,6.192345172166824341e-02,-1.280439198017120361e-01,9.889173507690429688e-01,8.850915357470512390e-03,-2.074790000915527344e-01,-1.340971738100051880e-01,4.524888694286346436e-01,-2.237295508384704590e-01,3.128777742385864258e-01,-5.539697408676147461e-01,-1.462368369102478027e-01,-3.571210801601409912e-02,9.709045886993408203e-01,-4.176769852638244629e-01,1.965879350900650024e-01,-2.415495961904525757e-01,2.218380123376846313e-01,3.820197284221649170e-01,1.531959474086761475e-01,-4.581505432724952698e-02,5.358447432518005371e-01,-3.743901252746582031e-01,-8.585583418607711792e-02,3.987409174442291260e-01
6.778898239135742188e-01,-1.644797027111053467e-01,6.205767989158630371e-01,-4.036967456340789795e-02,5.874167010188102722e-02,-1.108569800853729248e-01,9.912771582603454590e-01,5.917039886116981506e-02,-1.879100352525711060e-01,-1.003721952438354492e-01,4.554753899574279785e-01,-9.447603672742843628e-02,2.749035060405731201e-01,-4.976086318492889404e-01,-1.138587146997451782e-01,-1.661000400781631470e-02,7.808401584625244141e-01,-4.240018129348754883e-01,1.937675923109054565e-01,-2.472379058599472046e-01,1.971677988767623901e-01,3.898693323135375977e-01,1.278788000345230103e-01,-6.217705830931663513e-02,5.832065939903259277e-01,-3.712575137615203857e-01,-1.112087443470954895e-01,4.080343842506408691e-01
7.129243612289428711e-01,-1.773744076490402222e-01,6.261975169181823730e-01,-3.767147660255432129e-02,5.541330575942993164e-02,-9.133762121200561523e-02,9.935631155967712402e-01,7.252889871597290039e-02,-1.673867404460906982e-01,-5.352063104510307312e-02,5.280082225799560547e-01,3.077011182904243469e-02,2.269101887941360474e-01,-4.298330843448638916e-01,-8.644062280654907227e-02,6.142920814454555511e-03,6.293850541114807129e-01,-4.238457381725311279e-01,1.776431798934936523e-01,-2.492024302482604980e-01,1.951093673706054688e-01,3.834362030029296875e-01,1.210618019104003906e-01,-5.196068063378334045e-02,5.966272354125976562e-01,-3.621180951595306396e-01,-1.103535890579223633e-01,4.066721498966217041e-01
7.485429644584655762e-01,-1.881820410490036011e-01,6.317431926727294922e-01,-3.509896248579025269e-02,5.293658375740051270e-02,-6.873780488967895508e-02,9.956108331680297852e-01,4.253458976745605469e-02,-1.449913233518600464e-01,-8.767471648752689362e-03,6.767621040344238281e-01,1.159084811806678772e-01,1.802884638309478760e-01,-3.606321513652801514e-01,-6.775668263435363770e-02,1.073972880840301514e-02,5.357650518417358398e-01,-4.245331287384033203e-01,1.521288603544235229e-01,-2.530939280986785889e-01,2.090042829513549805e-01,3.640709519386291504e-01,1.188748553395271301e-01,-1.822164282202720642e-02,5.730076432228088379e-01,-3.477661013603210449e-01,-8.022460341453552246e-02,3.971978127956390381e-01
7.836033105850219727e-01,-1.982398331165313721e-01,6.341056823730468750e-01,-3.282970562577247620e-02,5.257711559534072876e-02,-4.554792866110801697e-02,9.970372319221496582e-01,-2.942029386758804321e-02,-1.244964227080345154e-01,2.386980317533016205e-02,8.736217617988586426e-01,1.488679796457290649e-01,1.536675095558166504e-01,-3.027955293655395508e-01,-5.540960654616355896e-02,-7.386756129562854767e-03,5.060330629348754883e-01,-4.435994029045104980e-01,1.264156550168991089e-01,-2.576258182525634766e-01,2.360521852970123291e-01,3.379749953746795654e-01,1.148183792829513550e-01,3.846961632370948792e-02,5.116217136383056641e-01,-3.271793723106384277e-01,-2.722695469856262207e-02,3.801661431789398193e-01
8.151270747184753418e-01,-2.080944776535034180e-01,6.312096714973449707e-01,-3.106786124408245087e-02,5.497677996754646301e-02,-2.516540698707103729e-02,9.976868629455566406e-01,-1.379130780696868896e-01,-1.146763563156127930e-01,4.149602353572845459e-02,1.067111253738403320e+00,1.367898285388946533e-01,1.622037291526794434e-01,-2.633920907974243164e-01,-4.835202544927597046e-02,-3.847439214587211609e-02,5.325887799263000488e-01,-4.942679107189178467e-01,1.078010573983192444e-01,-2.563532888889312744e-01,2.786206901073455811e-01,3.113045394420623779e-01,1.141042038798332214e-01,1.151174008846282959e-01,4.124290347099304199e-01,-3.000376522541046143e-01,3.443525731563568115e-02,3.517272174358367920e-01
8.433845639228820801e-01,-2.168204039335250854e-01,6.261005997657775879e-01,-3.024594485759735107e-02,6.002174690365791321e-02,-9.198508225381374359e-03,9.976963400840759277e-01,-2.765107154846191406e-01,-1.170719340443611145e-01,4.863492026925086975e-02,1.217832684516906738e+00,9.565854072570800781e-02,1.973061710596084595e-01,-2.124817222356796265e-01,-4.429768025875091553e-02,-7.383910566568374634e-02,5.285981297492980957e-01,-5.235999822616577148e-01,9.896762669086456299e-02,-2.401055097579956055e-01,3.421704471111297607e-01,2.869887948036193848e-01,1.247810572385787964e-01,1.998946070671081543e-01,2.825830578804016113e-01,-2.676376402378082275e-01,8.742534369230270386e-02,3.039059638977050781e-01
8.744960427284240723e-01,-2.230760306119918823e-01,6.214874386787414551e-01,-2.987997047603130341e-02,6.532961875200271606e-02,3.794776042923331261e-03,9.974090456962585449e-01,-4.293988645076751709e-01,-1.238499209284782410e-01,5.018169805407524109e-02,1.327334284782409668e+00,2.856322005391120911e-02,2.299844920635223389e-01,-1.356965899467468262e-01,-3.976983577013015747e-02,-1.076064333319664001e-01,4.751064777374267578e-01,-5.235999822616577148e-01,9.826558828353881836e-02,-2.048548161983489990e-01,4.288173019886016846e-01,2.651405930519104004e-01,1.503928750753402710e-01,2.749713063240051270e-01,1.351779103279113770e-01,-2.377110421657562256e-01,1.245547309517860413e-01,2.292811125516891479e-01
9.120843410491943359e-01,-2.260289043188095093e-01,6.172125339508056641e-01,-2.936980314552783966e-02,6.871855258941650391e-02,1.602396182715892792e-02,9.970749020576477051e-01,-5.709112286567687988e-01,-1.275911331176757812e-01,4.560660198330879211e-02,1.400310993194580078e+00,-6.601388007402420044e-02,2.365812957286834717e-01,-5.286917835474014282e-02,-3.607685863971710205e-02,-1.362942755222320557e-01,4.330943226814270020e-01,-5.235999822616577148e-01,1.034014001488685608e-01,-1.548645794391632080e-01,5.334954857826232910e-01,2.444245666265487671e-01,1.872255504131317139e-01,3.291030824184417725e-01,-1.156300213187932968e-02,-2.214669585227966309e-01,1.534174233675003052e-01,1.277431100606918335e-01
9.538293480873107910e-01,-2.254289686679840088e-01,6.145380139350891113e-01,-2.895593270659446716e-02,6.830435991287231445e-02,2.916821651160717010e-02,9.968175888061523438e-01,-6.696832180023193359e-01,-1.267580538988113403e-01,3.213251382112503052e-02,1.406002283096313477e+00,-1.663636863231658936e-01,2.169687300920486450e-01,2.657018229365348816e-02,-3.353754431009292603e-02,-1.602785438299179077e-01,4.071572422981262207e-01,-4.920228421688079834e-01,1.122223958373069763e-01,-1.045204326510429382e-01,6.433861851692199707e-01,2.272596061229705811e-01,2.263304442167282104e-01,3.624099493026733398e-01,-1.359556913375854492e-01,-2.204497009515762329e-01,1.845117956399917603e-01,1.750353537499904633e-02
9.947618842124938965e-01,-2.222644835710525513e-01,6.160231828689575195e-01,-2.978106215596199036e-02,6.419938057661056519e-02,4.413079842925071716e-02,9.965159296989440918e-01,-6.994654536247253418e-01,-1.203232258558273315e-01,7.967852056026458740e-03,1.310863018035888672e+00,-2.390801012516021729e-01,1.841335594654083252e-01,1.271657943725585938e-01,-2.263531647622585297e-02,-1.807667762041091919e-01,3.004741966724395752e-01,-3.354772925376892090e-01,1.221470460295677185e-01,-7.003517448902130127e-02,7.381343245506286621e-01,2.158737629652023315e-01,2.593747079372406006e-01,3.780896365642547607e-01,-2.146641165018081665e-01,-2.275002896785736084e-01,2.111256867647171021e-01,-6.992248445749282837e-02
1.032455444335937500e+00,-2.183247655630111694e-01,6.189624667167663574e-01,-3.190923854708671570e-02,5.787679180502891541e-02,6.037959456443786621e-02,9.959851503372192383e-01,-6.726762652397155762e-01,-1.085205003619194031e-01,-2.375867962837219238e-02,1.146541118621826172e+00,-2.834214270114898682e-01,1.508239358663558960e-01,1.956602483987808228e-01,-1.087128464132547379e-02,-1.934679001569747925e-01,2.422012239694595337e-01,-1.599911004304885864e-01,1.317053884267807007e-01,-5.675891414284706116e-02,8.015330433845520020e-01,2.088125646114349365e-01,2.819439172744750977e-01,3.791183531284332275e-01,-2.404121160507202148e-01,-2.364890128374099731e-01,2.194476276636123657e-01,-1.149158254265785217e-01
1.068673968315124512e+00,-2.144056707620620728e-01,6.246727705001831055e-01,-3.516643494367599487e-02,5.098798871040344238e-02,7.458624243736267090e-02,9.952891469001770020e-01,-6.091583371162414551e-01,-9.186858683824539185e-02,-6.000467389822006226e-02,9.449707865715026855e-01,-3.039267659187316895e-01,1.221545934677124023e-01,2.263962179422378540e-01,-2.220347756519913673e-03,-1.934636682271957397e-01,2.547630071640014648e-01,-1.057699602097272873e-02,1.411640793085098267e-01,-5.561713874340057373e-02,8.319271802902221680e-01,2.020608335733413696e-01,2.953678965568542480e-01,3.709475696086883545e-01,-2.271690219640731812e-01,-2.432770431041717529e-01,2.095180898904800415e-01,-1.188448369503021240e-01
1.105953931808471680e+00,-2.105833441019058228e-01,6.340926289558410645e-01,-3.845310211181640625e-02,4.468189179897308350e-02,8.307509869337081909e-02,9.947981834411621094e-01,-5.259607434272766113e-01,-7.234505563974380493e-02,-9.426095336675643921e-02,7.372774481773376465e-01,-3.056327700614929199e-01,1.005707159638404846e-01,2.246422618627548218e-01,-1.391153899021446705e-03,-1.805478632450103760e-01,3.413743972778320312e-01,8.208475261926651001e-02,1.486064791679382324e-01,-5.422076955437660217e-02,8.379265666007995605e-01,1.945104449987411499e-01,3.039685189723968506e-01,3.587293326854705811e-01,-1.947837471961975098e-01,-2.441255748271942139e-01,1.962569206953048706e-01,-9.300952404737472534e-02
1.143392801284790039e+00,-2.062650620937347412e-01,6.448078155517578125e-01,-4.123194143176078796e-02,3.914948925375938416e-02,8.432725816965103149e-02,9.948146343231201172e-01,-4.369409084320068359e-01,-5.239037796854972839e-02,-1.198503449559211731e-01,5.593821406364440918e-01,-2.873806655406951904e-01,8.662825077772140503e-02,1.870558410882949829e-01,-1.131807360798120499e-02,-1.590855717658996582e-01,5.069335699081420898e-01,1.045032218098640442e-01,1.478127092123031616e-01,-5.162777751684188843e-02,8.242738842964172363e-01,1.863517910242080688e-01,3.079298138618469238e-01,3.400351405143737793e-01,-1.513120979070663452e-01,-2.395309358835220337e-01,1.903583854436874390e-01,-4.247565940022468567e-02
1.178842544555664062e+00,-1.998770833015441895e-01,6.514096856117248535e-01,-4.281901568174362183e-02,3.540954738855361938e-02,8.090137690305709839e-02,9.951722025871276855e-01,-3.655361831188201904e-01,-3.998846188187599182e-02,-1.317014247179031372e-01,4.598702192306518555e-01,-2.640963494777679443e-01,8.287161588668823242e-02,1.044867485761642456e-01,-2.916069701313972473e-02,-1.322641670703887939e-01,7.415816783905029297e-01,7.163503021001815796e-02,1.299653649330139160e-01,-5.416034162044525146e-02,7.878545522689819336e-01,1.800926476716995239e-01,3.042821288108825684e-01,3.097167015075683594e-01,-9.082400053739547729e-02,-2.329193055629730225e-01,1.850057691335678101e-01,2.914999984204769135e-02
1.211862564086914062e+00,-1.899189800024032593e-01,6.508723497390747070e-01,-4.336782172322273254e-02,3.380891308188438416e-02,7.653421163558959961e-02,9.955494403839111328e-01,-3.277799785137176514e-01,-4.285288602113723755e-02,-1.305524259805679321e-01,4.636428952217102051e-01,-2.640694379806518555e-01,9.100639820098876953e-02,-2.219839394092559814e-02,-4.248998314142227173e-02,-9.752019494771957397e-02,1.001310110092163086e+00,2.037861943244934082e-02,9.570870548486709595e-02,-6.747209280729293823e-02,7.212725877761840820e-01,1.813993304967880249e-01,2.935799062252044678e-01,2.658854126930236816e-01,-5.650646984577178955e-03,-2.281934171915054321e-01,1.630138903856277466e-01,1.149620413780212402e-01
1.243675231933593750e+00,-1.764932423830032349e-01,6.450221538543701172e-01,-4.335843026638031006e-02,3.445932641625404358e-02,7.363390177488327026e-02,9.957462549209594727e-01,-3.125809729099273682e-01,-5.808713659644126892e-02,-1.200075820088386536e-01,5.344401001930236816e-01,-2.980353236198425293e-01,1.093105748295783997e-01,-1.800726950168609619e-01,-4.103213176131248474e-02,-5.678363889455795288e-02,1.233985781669616699e+00,-2.628969028592109680e-02,6.128389015793800354e-02,-9.279761463403701782e-02,6.275600194931030273e-01,1.961172521114349365e-01,2.887138426303863525e-01,2.118866294622421265e-01,1.037829741835594177e-01,-2.287220805883407593e-01,1.140382513403892517e-01,2.013211399316787720e-01
1.275196313858032227e+00,-1.614510864019393921e-01,6.382378935813903809e-01,-4.273952543735504150e-02,3.513862565159797668e-02,7.225582748651504517e-02,9.958502650260925293e-01,-2.902796864509582520e-01,-7.737188786268234253e-02,-1.065518334507942200e-01,6.030189394950866699e-01,-3.453702926635742188e-01,1.322235912084579468e-01,-3.422963321208953857e-01,-3.075375407934188843e-02,-2.320598438382148743e-02,1.400767922401428223e+00,-7.485422492027282715e-02,4.406660795211791992e-02,-1.292236447334289551e-01,5.237490534782409668e-01,2.286795377731323242e-01,2.996302545070648193e-01,1.495157331228256226e-01,2.248917222023010254e-01,-2.348332256078720093e-01,4.207987338304519653e-02,2.737237811088562012e-01
1.306811332702636719e+00,-1.471304446458816528e-01,6.338544487953186035e-01,-4.180689901113510132e-02,3.385515883564949036e-02,7.127246260643005371e-02,9.960051178932189941e-01,-2.437607049942016602e-01,-9.388501197099685669e-02,-9.512784332036972046e-02,6.264621019363403320e-01,-3.726905882358551025e-01,1.543262302875518799e-01,-4.801091253757476807e-01,-2.872868254780769348e-02,-1.157585345208644867e-02,1.482324719429016113e+00,-1.385282427072525024e-01,4.099042341113090515e-02,-1.743868738412857056e-01,4.302843511104583740e-01,2.736255228519439697e-01,3.128602504730224609e-01,7.769323885440826416e-02,3.415261507034301758e-01,-2.485058456659317017e-01,-3.807146474719047546e-02,3.239201307296752930e-01
1.339728236198425293e+00,-1.349829733371734619e-01,6.326623558998107910e-01,-4.075638204813003540e-02,3.037662804126739502e-02,6.932506710290908813e-02,9.962982535362243652e-01,-1.759786307811737061e-01,-1.037743166089057922e-01,-8.117937296628952026e-02,6.028863191604614258e-01,-3.509506285190582275e-01,1.716956198215484619e-01,-5.768294930458068848e-01,-4.100050404667854309e-02,-2.531347610056400299e-02,1.477393269538879395e+00,-2.169799059629440308e-01,3.830638900399208069e-02,-2.223743796348571777e-01,3.552925884723663330e-01,3.201629221439361572e-01,3.030835986137390137e-01,2.464459743350744247e-03,4.427326619625091553e-01,-2.688190340995788574e-01,-1.127138361334800720e-01,3.530896008014678955e-01
1.376252770423889160e+00,-1.256836503744125366e-01,6.338299512863159180e-01,-3.934158012270927429e-02,2.564008720219135284e-02,6.409186124801635742e-02,9.968385100364685059e-01,-9.373508393764495850e-02,-1.051743775606155396e-01,-5.243960767984390259e-02,5.435517430305480957e-01,-2.581332921981811523e-01,1.822087913751602173e-01,-6.265445947647094727e-01,-5.280114710330963135e-02,-5.297156795859336853e-02,1.390873193740844727e+00,-2.962620258331298828e-01,3.076521866023540497e-02,-2.619527876377105713e-01,2.986603975296020508e-01,3.605681359767913818e-01,2.691640257835388184e-01,-6.224985420703887939e-02,5.232179760932922363e-01,-2.919020652770996094e-01,-1.736862361431121826e-01,3.669328391551971436e-01
1.418489933013916016e+00,-1.191696003079414368e-01,6.357478499412536621e-01,-3.669381514191627502e-02,2.082635462284088135e-02,5.550860241055488586e-02,9.975663423538208008e-01,3.500251565128564835e-03,-1.014707162976264954e-01,-5.906658712774515152e-03,4.572367668151855469e-01,-9.300582110881805420e-02,1.857670992612838745e-01,-6.309018731117248535e-01,-4.786292463541030884e-02,-7.516510784626007080e-02,1.231846094131469727e+00,-3.620026409626007080e-01,2.437497861683368683e-02,-2.865846157073974609e-01,2.632115781307220459e-01,3.939757049083709717e-01,2.416227459907531738e-01,-1.069770455360412598e-01,5.805943608283996582e-01,-3.140249550342559814e-01,-2.194311767816543579e-01,3.693974316120147705e-01
1.464990377426147461e+00,-1.147968247532844543e-01,6.366251707077026367e-01,-3.214929252862930298e-02,1.647039875388145447e-02,4.700294882059097290e-02,9.982413649559020996e-01,1.086782887578010559e-01,-9.875719249248504639e-02,4.700342565774917603e-02,3.779568374156951904e-01,9.853518754243850708e-02,1.850401759147644043e-01,-5.987368822097778320e-01,-2.847391366958618164e-02,-7.810978591442108154e-02,1.025235056877136230e+00,-4.075811505317687988e-01,2.127830870449542999e-02,-2.993434965610504150e-01,2.505852580070495605e-01,4.202895760536193848e-01,2.433774471282958984e-01,-1.292090862989425659e-01,6.125603318214416504e-01,-3.327897191047668457e-01,-2.504692673683166504e-01,3.622964024543762207e-01
1.511415004730224609e+00,-1.113750338554382324e-01,6.367127299308776855e-01,-2.621957659721374512e-02,1.287203747779130936e-02,4.327376559376716614e-02,9.986361861228942871e-01,1.926684975624084473e-01,-9.791556000709533691e-02,8.946310728788375854e-02,3.644098341464996338e-01,2.468285709619522095e-01,1.827176064252853394e-01,-5.419560670852661133e-01,-8.393484167754650116e-03,-6.513634324073791504e-02,8.112612366676330566e-01,-4.300166964530944824e-01,1.913185231387615204e-02,-3.077247440814971924e-01,2.552665770053863525e-01,4.351939558982849121e-01,2.637842893600463867e-01,-1.291546225547790527e-01,6.175578832626342773e-01,-3.454725742340087891e-01,-2.646321058273315430e-01,3.487000763416290283e-01
1.554690361022949219e+00,-1.084837689995765686e-01,6.374512314796447754e-01,-2.032413892447948456e-02,9.985575452446937561e-03,4.589575529098510742e-02,9.986895322799682617e-01,2.261075228452682495e-01,-9.467115253210067749e-02,1.173702329397201538e-01,4.501532316207885742e-01,3.185535371303558350e-01,1.835792511701583862e-01,-4.756187796592712402e-01,1.494964817538857460e-03,-5.239567905664443970e-02,6.359216570854187012e-01,-4.282299280166625977e-01,1.526118535548448563e-02,-3.135581016540527344e-01,2.682192623615264893e-01,4.344708919525146484e-01,2.773293256759643555e-01,-1.055396199226379395e-01,5.940120220184326172e-01,-3.481791913509368896e-01,-2.534191608428955078e-01,3.320741057395935059e-01
1.594832539558410645e+00,-1.065038815140724182e-01,6.381927132606506348e-01,-1.532309129834175110e-02,7.692911662161350250e-03,5.209822207689285278e-02,9.984947443008422852e-01,1.978970468044281006e-01,-8.747442066669464111e-02,1.427020728588104248e-01,6.291766762733459473e-01,3.268824517726898193e-01,1.986801326274871826e-01,-4.175895154476165771e-01,1.002219505608081818e-03,-5.357133597135543823e-02,5.431345105171203613e-01,-4.146445095539093018e-01,9.453931823372840881e-03,-3.116640150547027588e-01,2.857754528522491455e-01,4.183259010314941406e-01,2.738577425479888916e-01,-5.741136893630027771e-02,5.398122072219848633e-01,-3.380323350429534912e-01,-2.069313228130340576e-01,3.143508732318878174e-01
1.633353233337402344e+00,-1.058769822120666504e-01,6.367062926292419434e-01,-1.128050871193408966e-02,6.255546584725379944e-03,5.810063332319259644e-02,9.982274174690246582e-01,1.179324313998222351e-01,-7.567443698644638062e-02,1.744456589221954346e-01,8.541256785392761230e-01,3.083409965038299561e-01,2.364675104618072510e-01,-3.790439665317535400e-01,-5.507513880729675293e-03,-6.819268316030502319e-02,5.488404631614685059e-01,-4.178398847579956055e-01,4.107212182134389877e-03,-2.974722385406494141e-01,3.132926821708679199e-01,3.896756768226623535e-01,2.636684179306030273e-01,1.379966642707586288e-02,4.529010057449340820e-01,-3.149486780166625977e-01,-1.211338862776756287e-01,2.937243282794952393e-01
1.672483921051025391e+00,-1.052796468138694763e-01,6.324446797370910645e-01,-8.041347377002239227e-03,5.940542556345462799e-03,6.322653591632843018e-02,9.979491233825683594e-01,4.357741214334964752e-03,-5.819714441895484924e-02,2.061433643102645874e-01,1.068793892860412598e+00,2.885101437568664551e-01,2.890997827053070068e-01,-3.473970890045166016e-01,-1.570439524948596954e-02,-8.684508502483367920e-02,6.153621673583984375e-01,-4.575714766979217529e-01,2.591247903183102608e-03,-2.710436284542083740e-01,3.558041751384735107e-01,3.512829840183258057e-01,2.617771923542022705e-01,1.017837524414062500e-01,3.376313149929046631e-01,-2.797163724899291992e-01,-1.505235396325588226e-02,2.653855383396148682e-01
1.713940024375915527e+00,-1.025002747774124146e-01,6.272564530372619629e-01,-5.678389221429824829e-03,6.077392492443323135e-03,6.915560364723205566e-02,9.975712299346923828e-01,-1.293526440858840942e-01,-4.304840043187141418e-02,2.162384539842605591e-01,1.237326860427856445e+00,2.658273875713348389e-01,3.261422216892242432e-01,-2.991502881050109863e-01,-2.804182283580303192e-02,-1.059029325842857361e-01,6.782224774360656738e-01,-5.213022232055664062e-01,7.723651360720396042e-03,-2.351989150047302246e-01,4.133790135383605957e-01,3.069185316562652588e-01,2.739912867546081543e-01,1.933884173631668091e-01,2.106532901525497437e-01,-2.371234446763992310e-01,7.484610378742218018e-02,2.227343469858169556e-01
1.757085442543029785e+00,-9.554201364517211914e-02,6.254532337188720703e-01,-4.626835696399211884e-03,6.060448940843343735e-03,7.720004022121429443e-02,9.969864487648010254e-01,-2.648582458496093750e-01,-4.357760027050971985e-02,1.916149407625198364e-01,1.328760981559753418e+00,2.364753186702728271e-01,3.199324011802673340e-01,-2.060214132070541382e-01,-3.762315213680267334e-02,-1.279640793800354004e-01,6.412404179573059082e-01,-5.235999822616577148e-01,2.069345302879810333e-02,-1.916763633489608765e-01,4.797774553298950195e-01,2.618119418621063232e-01,2.965522110462188721e-01,2.724535167217254639e-01,8.959095180034637451e-02,-1.990891844034194946e-01,1.301530003547668457e-01,1.631802320480346680e-01
1.802717447280883789e+00,-8.491346985101699829e-02,6.233964562416076660e-01,-4.238121677190065384e-03,5.457151681184768677e-03,8.819293975830078125e-02,9.960794448852539062e-01,-3.774861693382263184e-01,-6.270128488540649414e-02,1.417153477668762207e-01,1.350348830223083496e+00,1.749250441789627075e-01,2.732613086700439453e-01,-1.113079711794853210e-01,-5.002329871058464050e-02,-1.554253399372100830e-01,6.142836809158325195e-01,-5.235999822616577148e-01,4.173531755805015564e-02,-1.444268971681594849e-01,5.468449592590332031e-01,2.189219295978546143e-01,3.237877786159515381e-01,3.310984671115875244e-01,-1.799241453409194946e-02,-1.760088652372360229e-01,1.681211590766906738e-01,9.310280531644821167e-02
1.849585413932800293e+00,-7.235898077487945557e-02,6.215617656707763672e-01,-4.300944972783327103e-03,4.242602270096540451e-03,1.020228043198585510e-01,9.947637319564819336e-01,-4.487780034542083740e-01,-8.374909311532974243e-02,8.838592469692230225e-02,1.295056939125061035e+00,9.263969212770462036e-02,2.143371254205703735e-01,-2.159470692276954651e-02,-6.262871623039245605e-02,-1.875501573085784912e-01,5.918545722961425781e-01,-4.820144176483154297e-01,6.858786940574645996e-02,-1.004270091652870178e-01,6.087365746498107910e-01,1.814662665128707886e-01,3.543155491352081299e-01,3.708322942256927490e-01,-1.113380491733551025e-01,-1.667353510856628418e-01,2.112454324960708618e-01,2.755068056285381317e-02
1.896738648414611816e+00,-5.858396738767623901e-02,6.225155591964721680e-01,-5.699275527149438858e-03,2.605685032904148102e-03,1.188460811972618103e-01,9.928929209709167480e-01,-4.742655754089355469e-01,-9.311633557081222534e-02,4.505049437284469604e-02,1.153857946395874023e+00,1.749338023364543915e-02,1.659757792949676514e-01,7.879117876291275024e-02,-6.558058410882949829e-02,-2.248094826936721802e-01,5.112771391868591309e-01,-3.354449570178985596e-01,9.952896088361740112e-02,-6.705460697412490845e-02,6.660238504409790039e-01,1.496004909276962280e-01,3.908706903457641602e-01,3.962498605251312256e-01,-1.896725147962570190e-01,-1.665836572647094727e-01,2.539964020252227783e-01,-2.178331464529037476e-02
1.944153189659118652e+00,-4.334503039717674255e-02,6.248342394828796387e-01,-8.465877734124660492e-03,4.475708701647818089e-04,1.382485777139663696e-01,9.903612732887268066e-01,-4.684799015522003174e-01,-9.337709099054336548e-02,1.255220547318458557e-02,9.506642222404479980e-01,-4.570219293236732483e-02,1.353681683540344238e-01,1.684854030609130859e-01,-6.053383648395538330e-02,-2.606278359889984131e-01,4.342118203639984131e-01,-1.442627012729644775e-01,1.355617642402648926e-01,-4.560689255595207214e-02,7.174018025398254395e-01,1.214098036289215088e-01,4.335321187973022461e-01,4.092918336391448975e-01,-2.548878192901611328e-01,-1.748773306608200073e-01,2.766277492046356201e-01,-5.453822016716003418e-02
1.992180228233337402e+00,-2.661451324820518494e-02,6.294216513633728027e-01,-1.223756279796361923e-02,-1.840740442276000977e-03,1.574983000755310059e-01,9.874417185783386230e-01,-4.435532689094543457e-01,-9.387335926294326782e-02,-1.696285046637058258e-02,7.088786363601684570e-01,-8.986199647188186646e-02,1.174696832895278931e-01,2.369890213012695312e-01,-5.309761688113212585e-02,-2.828030884265899658e-01,3.902268111705780029e-01,4.324251785874366760e-02,1.778044253587722778e-01,-3.094422258436679840e-02,7.623131275177001953e-01,9.685778617858886719e-02,4.800018966197967529e-01,4.088143706321716309e-01,-3.065234124660491943e-01,-1.906507909297943115e-01,2.729536890983581543e-01,-7.690960913896560669e-02
2.038170337677001953e+00,-9.454614482820034027e-03,6.361155509948730469e-01,-1.589110866189002991e-02,-3.933514934033155441e-03,1.720516383647918701e-01,9.849519133567810059e-01,-4.060150682926177979e-01,-9.558200836181640625e-02,-4.635233804583549500e-02,4.800121784210205078e-01,-1.049884036183357239e-01,1.063496023416519165e-01,2.699360251426696777e-01,-5.240479484200477600e-02,-2.820560634136199951e-01,4.131358563899993896e-01,1.617934852838516235e-01,2.204690426588058472e-01,-1.835850439965724945e-02,7.935514450073242188e-01,7.585588097572326660e-02,5.202009081840515137e-01,3.953080773353576660e-01,-3.398361802101135254e-01,-2.080693989992141724e-01,2.572185993194580078e-01,-9.394875913858413696e-02
2.077965497970581055e+00,6.798093207180500031e-03,6.421130299568176270e-01,-1.863866671919822693e-02,-5.160886328667402267e-03,1.784463822841644287e-01,9.837595224380493164e-01,-3.678593039512634277e-01,-9.663077443838119507e-02,-6.500422209501266479e-02,3.339295685291290283e-01,-8.755093812942504883e-02,1.024537310004234314e-01,2.531880438327789307e-01,-6.696878373622894287e-02,-2.673505544662475586e-01,5.237087011337280273e-01,1.735324114561080933e-01,2.513834834098815918e-01,-7.578993681818246841e-03,8.012881278991699219e-01,6.015614420175552368e-02,5.404028296470642090e-01,3.680242300033569336e-01,-3.460176885128021240e-01,-2.176029086112976074e-01,2.455235570669174194e-01,-1.044495701789855957e-01
2.110889196395874023e+00,2.310185693204402924e-02,6.438112258911132812e-01,-2.033760771155357361e-02,-5.472276825457811356e-03,1.780367642641067505e-01,9.837984442710876465e-01,-3.472609221935272217e-01,-1.012699455022811890e-01,-6.382938474416732788e-02,3.144439160823822021e-01,-6.511364877223968506e-02,1.099567040801048279e-01,1.829151660203933716e-01,-9.847995638847351074e-02,-2.498448342084884644e-01,7.118824124336242676e-01,1.030343025922775269e-01,2.604285180568695068e-01,-6.218801718205213547e-04,7.764928340911865234e-01,5.340571328997612000e-02,5.329150557518005371e-01,3.277776837348937988e-01,-3.207867741584777832e-01,-2.160013318061828613e-01,2.390720695257186890e-01,-1.017871126532554626e-01
2.141270160675048828e+00,4.213219508528709412e-02,6.405764222145080566e-01,-2.129927277565002441e-02,-5.047011189162731171e-03,1.759845763444900513e-01,9.841495156288146973e-01,-3.465850353240966797e-01,-1.132423579692840576e-01,-4.789233207702636719e-02,3.907952904701232910e-01,-7.560442388057708740e-02,1.294701844453811646e-01,6.833542883396148682e-02,-1.369116306304931641e-01,-2.252167463302612305e-01,9.270474314689636230e-01,2.126934565603733063e-02,2.440010011196136475e-01,1.423863577656447887e-03,7.149851918220520020e-01,6.282703578472137451e-02,5.035231709480285645e-01,2.788855731487274170e-01,-2.612615227699279785e-01,-2.091755867004394531e-01,2.234184145927429199e-01,-7.578866928815841675e-02
2.171666622161865234e+00,6.400419026613235474e-02,6.347860097885131836e-01,-2.124879136681556702e-02,-4.386757966130971909e-03,1.760705411434173584e-01,9.841384291648864746e-01,-3.496892154216766357e-01,-1.323052644729614258e-01,-3.153542801737785339e-02,4.998102486133575439e-01,-1.308716535568237305e-01,1.544902175664901733e-01,-7.993204891681671143e-02,-1.686460822820663452e-01,-1.854503005743026733e-01,1.123816132545471191e+00,-3.601090982556343079e-02,2.042989581823348999e-01,-1.569753047078847885e-03,6.189101338386535645e-01,9.357675164937973022e-02,4.651274383068084717e-01,2.231756299734115601e-01,-1.680376082658767700e-01,-2.052647471427917480e-01,1.836894452571868896e-01,-2.267137914896011353e-02
2.201033115386962891e+00,8.566688001155853271e-02,6.297459006309509277e-01,-2.047845907509326935e-02,-3.682194044813513756e-03,1.798184663057327271e-01,9.834797382354736328e-01,-3.375993669033050537e-01,-1.545549631118774414e-01,-2.633696235716342926e-02,5.842876434326171875e-01,-1.996139883995056152e-01,1.775371730327606201e-01,-2.430319190025329590e-01,-1.848008781671524048e-01,-1.388105154037475586e-01,1.272335648536682129e+00,-7.630406320095062256e-02,1.552668064832687378e-01,-1.427478250116109848e-02,5.020006299018859863e-01,1.424004584550857544e-01,4.268774092197418213e-01,1.571467220783233643e-01,-5.037648603320121765e-02,-2.086258381605148315e-01,1.207290217280387878e-01,4.678040742874145508e-02
2.228363275527954102e+00,1.043969988822937012e-01,6.277495026588439941e-01,-1.930970139801502228e-02,-3.179443534463644028e-03,1.877254247665405273e-01,9.820265769958496094e-01,-3.030219078063964844e-01,-1.750014424324035645e-01,-3.565496206283569336e-02,6.190093159675598145e-01,-2.442033439874649048e-01,1.949306428432464600e-01,-3.901875317096710205e-01,-1.907808184623718262e-01,-1.069573089480400085e-01,1.353828668594360352e+00,-1.190383583307266235e-01,1.139466539025306702e-01,-4.329321160912513733e-02,3.844797611236572266e-01,2.003597766160964966e-01,3.902473151683807373e-01,7.823052257299423218e-02,7.289072871208190918e-02,-2.191900312900543213e-01,4.675400629639625549e-02,1.140234544873237610e-01
2.255511999130249023e+00,1.203160062432289124e-01,6.286880373954772949e-01,-1.840764656662940979e-02,-3.068099962547421455e-03,2.000210434198379517e-01,9.796138405799865723e-01,-2.489035874605178833e-01,-1.887997388839721680e-01,-5.721284821629524231e-02,6.087378859519958496e-01,-2.542959749698638916e-01,2.061163932085037231e-01,-4.963824450969696045e-01,-1.957391351461410522e-01,-1.031350493431091309e-01,1.358474731445312500e+00,-1.710812002420425415e-01,8.701791614294052124e-02,-8.722828328609466553e-02,2.805663943290710449e-01,2.594839632511138916e-01,3.469353020191192627e-01,-5.653821397572755814e-03,1.870704442262649536e-01,-2.356754243373870850e-01,-2.969339117407798767e-02,1.677109897136688232e-01
2.284854173660278320e+00,1.342251896858215332e-01,6.310638189315795898e-01,-1.777690276503562927e-02,-3.430803539231419563e-03,2.152434438467025757e-01,9.763925671577453613e-01,-1.790579259395599365e-01,-1.929304450750350952e-01,-8.540906757116317749e-02,5.704843401908874512e-01,-2.395666390657424927e-01,2.115025520324707031e-01,-5.507360100746154785e-01,-1.985487639904022217e-01,-1.214266642928123474e-01,1.282651305198669434e+00,-2.261122018098831177e-01,7.567400485277175903e-02,-1.361698061227798462e-01,1.935493946075439453e-01,3.148644268512725830e-01,2.890367805957794189e-01,-7.848105579614639282e-02,2.871753275394439697e-01,-2.551527619361877441e-01,-1.083363741636276245e-01,2.086721211671829224e-01
2.317605495452880859e+00,1.468209475278854370e-01,6.330619454383850098e-01,-1.731741800904273987e-02,-3.985941875725984573e-03,2.311740666627883911e-01,9.727501273155212402e-01,-9.658455848693847656e-02,-1.850373297929763794e-01,-1.083353534340858459e-01,5.194507241249084473e-01,-2.003770470619201660e-01,2.116769999265670776e-01,-5.555590987205505371e-01,-1.914970725774765015e-01,-1.428909599781036377e-01,1.131708979606628418e+00,-2.740470767021179199e-01,7.976732403039932251e-02,-1.756792515516281128e-01,1.220281496644020081e-01,3.642300665378570557e-01,2.227057665586471558e-01,-1.316610574722290039e-01,3.748208880424499512e-01,-2.733702957630157471e-01,-1.906242668628692627e-01,2.408143430948257446e-01
2.352989673614501953e+00,1.590182185173034668e-01,6.336957216262817383e-01,-1.686416007578372955e-02,-4.351678770035505295e-03,2.468010783195495605e-01,9.689096212387084961e-01,-1.196752861142158508e-02,-1.673252880573272705e-01,-1.122749522328376770e-01,4.732739031314849854e-01,-1.184186935424804688e-01,2.074294686317443848e-01,-5.217797756195068359e-01,-1.760447919368743896e-01,-1.539530605077743530e-01,9.312078356742858887e-01,-3.151015341281890869e-01,9.417874366044998169e-02,-1.972179412841796875e-01,6.809095293283462524e-02,4.072342813014984131e-01,1.686149984598159790e-01,-1.676133424043655396e-01,4.491412043571472168e-01,-2.883999645709991455e-01,-2.689316570758819580e-01,2.637913823127746582e-01
2.388978481292724609e+00,1.718721985816955566e-01,6.333348155021667480e-01,-1.667203567922115326e-02,-4.687509033828973770e-03,2.630629539489746094e-01,9.646232128143310547e-01,5.461100488901138306e-02,-1.444498747587203979e-01,-9.281109273433685303e-02,4.622374475002288818e-01,4.435179289430379868e-03,2.018846422433853149e-01,-4.678446650505065918e-01,-1.617427170276641846e-01,-1.573010981082916260e-01,7.275143861770629883e-01,-3.571204245090484619e-01,1.099915727972984314e-01,-2.025607526302337646e-01,3.456544131040573120e-02,4.406468272209167480e-01,1.442013829946517944e-01,-1.927634626626968384e-01,5.049368739128112793e-01,-3.024042546749114990e-01,-3.283261954784393311e-01,2.758230865001678467e-01
2.424060583114624023e+00,1.857309937477111816e-01,6.330766081809997559e-01,-1.720508188009262085e-02,-5.118971690535545349e-03,2.812643349170684814e-01,9.594624042510986328e-01,7.953634858131408691e-02,-1.209752932190895081e-01,-5.872032791376113892e-02,5.213139057159423828e-01,1.237340345978736877e-01,2.006720304489135742e-01,-4.117124378681182861e-01,-1.546603292226791382e-01,-1.670810580253601074e-01,5.644440054893493652e-01,-3.950500786304473877e-01,1.205212399363517761e-01,-2.006162106990814209e-01,2.786621078848838806e-02,4.576933383941650391e-01,1.504326164722442627e-01,-2.080386281013488770e-01,5.322727560997009277e-01,-3.195191323757171631e-01,-3.493719995021820068e-01,2.771974802017211914e-01
2.458737134933471680e+00,1.998765915632247925e-01,6.331219077110290527e-01,-1.915930025279521942e-02,-5.790127441287040710e-03,2.996723651885986328e-01,9.538322091102600098e-01,5.187149718403816223e-02,-9.996157139539718628e-02,-2.134152874350547791e-02,6.663932204246520996e-01,1.915531605482101440e-01,2.134384065866470337e-01,-3.650206625461578369e-01,-1.511161029338836670e-01,-1.905013173818588257e-01,4.672449231147766113e-01,-4.071101546287536621e-01,1.235002204775810242e-01,-1.972507387399673462e-01,5.106537044048309326e-02,4.538056552410125732e-01,1.733003854751586914e-01,-2.067625522613525391e-01,5.191550850868225098e-01,-3.426759839057922363e-01,-3.176729083061218262e-01,2.704672515392303467e-01
2.493589401245117188e+00,2.132254987955093384e-01,6.318699717521667480e-01,-2.205436490476131439e-02,-6.329206284135580063e-03,3.145442605018615723e-01,9.489654898643493652e-01,-1.738191582262516022e-02,-8.346422016620635986e-02,1.577889733016490936e-02,8.665165305137634277e-01,2.077885121107101440e-01,2.477876245975494385e-01,-3.407238125801086426e-01,-1.497620493173599243e-01,-2.187441885471343994e-01,4.537674188613891602e-01,-3.901211917400360107e-01,1.206567808985710144e-01,-1.900264769792556763e-01,1.044044122099876404e-01,4.306831359863281250e-01,2.043646723031997681e-01,-1.773972362279891968e-01,4.579299092292785645e-01,-3.672136366367340088e-01,-2.286905795335769653e-01,2.607895731925964355e-01
2.527687788009643555e+00,2.251358032226562500e-01,6.281096935272216797e-01,-2.456968277692794800e-02,-6.680493708699941635e-03,3.242186307907104492e-01,9.456394314765930176e-01,-1.031159162521362305e-01,-7.098354399204254150e-02,5.115269869565963745e-02,1.061368703842163086e+00,2.050572633743286133e-01,2.980844080448150635e-01,-3.373207151889801025e-01,-1.524152159690856934e-01,-2.421511411666870117e-01,5.114516615867614746e-01,-3.694699704647064209e-01,1.166718080639839172e-01,-1.768734753131866455e-01,1.824128031730651855e-01,3.915245831012725830e-01,2.474179118871688843e-01,-1.116385012865066528e-01,3.532298803329467773e-01,-3.827089965343475342e-01,-9.941110014915466309e-02,2.503321766853332520e-01
2.559058189392089844e+00,2.366748601198196411e-01,6.230399012565612793e-01,-2.570421434938907623e-02,-6.363171152770519257e-03,3.299751281738281250e-01,9.436181783676147461e-01,-1.923578381538391113e-01,-6.417729705572128296e-02,7.757381349802017212e-02,1.212457537651062012e+00,2.003657668828964233e-01,3.434712886810302734e-01,-3.372808396816253662e-01,-1.601513177156448364e-01,-2.589792013168334961e-01,5.988686084747314453e-01,-3.779464662075042725e-01,1.162290498614311218e-01,-1.575710773468017578e-01,2.773082256317138672e-01,3.380290269851684570e-01,3.070650100708007812e-01,-1.092672441154718399e-02,2.239337265491485596e-01,-3.796699941158294678e-01,3.274496644735336304e-02,2.354251593351364136e-01
2.587105512619018555e+00,2.500036358833312988e-01,6.188416481018066406e-01,-2.579500898718833923e-02,-5.450532771646976471e-03,3.347304761409759521e-01,9.419450163841247559e-01,-2.823826968669891357e-01,-6.674105674028396606e-02,8.881624788045883179e-02,1.312237501144409180e+00,1.888188421726226807e-01,3.652105629444122314e-01,-3.199935257434844971e-01,-1.682447195053100586e-01,-2.738247215747833252e-01,6.696540117263793945e-01,-4.186733663082122803e-01,1.216569468379020691e-01,-1.310996562242507935e-01,3.787156939506530762e-01,2.718339264392852783e-01,3.734721541404724121e-01,1.099816188216209412e-01,9.271734207868576050e-02,-3.584297001361846924e-01,1.310729831457138062e-01,2.081707268953323364e-01
2.612933635711669922e+00,2.664655447006225586e-01,6.166471242904663086e-01,-2.525867149233818054e-02,-4.500853363424539566e-03,3.397729992866516113e-01,9.401574730873107910e-01,-3.655962944030761719e-01,-7.916316390037536621e-02,8.839103579521179199e-02,1.357867002487182617e+00,1.624913662672042847e-01,3.584410548210144043e-01,-2.769271433353424072e-01,-1.740805655717849731e-01,-2.900303602218627930e-01,7.000623345375061035e-01,-4.668895602226257324e-01,1.332694292068481445e-01,-9.649139642715454102e-02,4.782359004020690918e-01,2.010373920202255249e-01,4.312175512313842773e-01,2.253787517547607422e-01,-2.713226713240146637e-02,-3.267347514629364014e-01,1.881724447011947632e-01,1.628627032041549683e-01
2.637899398803710938e+00,2.857649624347686768e-01,6.162460446357727051e-01,-2.499478124082088470e-02,-4.230410791933536530e-03,3.457780182361602783e-01,9.379738569259643555e-01,-4.294640719890594482e-01,-9.292337298393249512e-02,8.321025222539901733e-02,1.343691468238830566e+00,1.192146688699722290e-01,3.284068703651428223e-01,-2.110403925180435181e-01,-1.749990433454513550e-01,-3.084644973278045654e-01,6.869566440582275391e-01,-4.926443397998809814e-01,1.495791673660278320e-01,-5.605962127447128296e-02,5.721279382705688477e-01,1.336528956890106201e-01,4.757695794105529785e-01,3.143797218799591064e-01,-1.319052577018737793e-01,-2.923753559589385986e-01,2.269190996885299683e-01,1.035877317190170288e-01
2.662691354751586914e+00,3.071247041225433350e-01,6.172968745231628418e-01,-2.525585331022739410e-02,-4.840440582484006882e-03,3.540227711200714111e-01,9.348831772804260254e-01,-4.669547975063323975e-01,-9.785091876983642578e-02,7.801900804042816162e-02,1.269795298576354980e+00,6.310424208641052246e-02,2.857684791088104248e-01,-1.298540681600570679e-01,-1.712399572134017944e-01,-3.291010260581970215e-01,6.390669941902160645e-01,-4.791947007179260254e-01,1.690530031919479370e-01,-1.710103452205657959e-02,6.577708125114440918e-01,7.576128840446472168e-02,5.096738934516906738e-01,3.715324401855468750e-01,-2.195893377065658569e-01,-2.601447999477386475e-01,2.680822610855102539e-01,4.181075096130371094e-02
2.687584161758422852e+00,3.305176198482513428e-01,6.191244721412658691e-01,-2.652806416153907776e-02,-6.448451895266771317e-03,3.666297197341918945e-01,9.299662709236145020e-01,-4.815073609352111816e-01,-8.907529711723327637e-02,7.885396480560302734e-02,1.147668838500976562e+00,5.889383828616701066e-05,2.462753206491470337e-01,-4.247007146477699280e-02,-1.636284142732620239e-01,-3.527902662754058838e-01,5.709358453750610352e-01,-4.190559089183807373e-01,1.918027549982070923e-01,1.032208837568759918e-02,7.302945256233215332e-01,2.651288919150829315e-02,5.362309217453002930e-01,4.034293293952941895e-01,-2.866793274879455566e-01,-2.330784201622009277e-01,3.084964752197265625e-01,-1.132403407245874405e-02
2.712513685226440430e+00,3.562765717506408691e-01,6.215414404869079590e-01,-2.891057915985584259e-02,-8.990115486085414886e-03,3.851046264171600342e-01,9.223761558532714844e-01,-4.794763326644897461e-01,-7.019276916980743408e-02,9.343925118446350098e-02,9.940450787544250488e-01,-6.411632150411605835e-02,2.220100313425064087e-01,4.190838336944580078e-02,-1.533240228891372681e-01,-3.774002194404602051e-01,5.005465745925903320e-01,-3.147469162940979004e-01,2.182725369930267334e-01,2.014072239398956299e-02,7.846428155899047852e-01,-1.394496671855449677e-02,5.559860467910766602e-01,4.172187149524688721e-01,-3.309808373451232910e-01,-2.145456224679946899e-01,3.333657383918762207e-01,-5.239373072981834412e-02
2.737155914306640625e+00,3.837821781635284424e-01,6.249414682388305664e-01,-3.256160765886306763e-02,-1.233595982193946838e-02,4.081467986106872559e-01,9.122520089149475098e-01,-4.642040431499481201e-01,-5.116975307464599609e-02,1.221965476870536804e-01,8.255907893180847168e-01,-1.153095290064811707e-01,2.129681706428527832e-01,1.131651252508163452e-01,-1.416173279285430908e-01,-3.953041136264801025e-01,4.476723968982696533e-01,-1.853501647710800171e-01,2.475504875183105469e-01,1.465995516628026962e-02,8.182018399238586426e-01,-4.390114545822143555e-02,5.703725218772888184e-01,4.165615439414978027e-01,-3.535436093807220459e-01,-2.054661661386489868e-01,3.377096354961395264e-01,-8.385711163282394409e-02
2.760678291320800781e+00,4.114079773426055908e-01,6.298477053642272949e-01,-3.732494264841079712e-02,-1.602400094270706177e-02,4.310171604156494141e-01,9.014289975166320801e-01,-4.382205605506896973e-01,-3.920295462012290955e-02,1.548531055450439453e-01,6.641111969947814941e-01,-1.321498304605484009e-01,2.111681997776031494e-01,1.590353995561599731e-01,-1.323669105768203735e-01,-3.948254585266113281e-01,4.382672309875488281e-01,-6.657333672046661377e-02,2.757399082183837891e-01,3.475600155070424080e-03,8.319089412689208984e-01,-5.949602648615837097e-02,5.799232125282287598e-01,4.041081070899963379e-01,-3.582538962364196777e-01,-2.034950256347656250e-01,3.306467533111572266e-01,-1.087558418512344360e-01
2.782456874847412109e+00,4.382742643356323242e-01,6.351408958435058594e-01,-4.257248342037200928e-02,-1.950323022902011871e-02,4.498606324195861816e-01,8.918702602386474609e-01,-4.096575975418090820e-01,-3.540559485554695129e-02,1.778387129306793213e-01,5.437983870506286621e-01,-1.155753135681152344e-01,2.126955687999725342e-01,1.693319678306579590e-01,-1.319258362054824829e-01,-3.703047335147857666e-01,4.932632148265838623e-01,9.021861478686332703e-03,2.961823344230651855e-01,-5.456072743982076645e-03,8.252893686294555664e-01,-5.909695848822593689e-02,5.826538801193237305e-01,3.812959194183349609e-01,-3.470737338066101074e-01,-2.049356698989868164e-01,3.218362331390380859e-01,-1.250045001506805420e-01
2.801336765289306641e+00,4.637690484523773193e-01,6.376211047172546387e-01,-4.747476801276206970e-02,-2.216492220759391785e-02,4.649186730384826660e-01,8.838016986846923828e-01,-3.940786719322204590e-01,-3.914221748709678650e-02,1.826620101928710938e-01,5.000060200691223145e-01,-1.014861986041069031e-01,2.179461121559143066e-01,1.388224810361862183e-01,-1.418068557977676392e-01,-3.282729685306549072e-01,6.139001846313476562e-01,3.312575817108154297e-02,3.030532896518707275e-01,-1.024987827986478806e-02,7.959441542625427246e-01,-3.998384252190589905e-02,5.744809508323669434e-01,3.520235121250152588e-01,-3.173761963844299316e-01,-2.075301110744476318e-01,3.104965388774871826e-01,-1.242489591240882874e-01
2.816402673721313477e+00,4.870078265666961670e-01,6.357346773147583008e-01,-5.092915147542953491e-02,-2.359340339899063110e-02,4.783866703510284424e-01,8.763536810874938965e-01,-3.980762660503387451e-01,-4.912603273987770081e-02,1.705753207206726074e-01,5.351678133010864258e-01,-1.227582916617393494e-01,2.258905023336410522e-01,7.191161066293716431e-02,-1.568764150142669678e-01,-2.780934870243072510e-01,7.732150554656982422e-01,2.212835289537906647e-02,2.941937148571014404e-01,-1.191680692136287689e-02,7.393478155136108398e-01,-8.507002494297921658e-04,5.527787208557128906e-01,3.227197825908660889e-01,-2.651565074920654297e-01,-2.125062793493270874e-01,2.875529825687408447e-01,-9.598975628614425659e-02
2.827862024307250977e+00,5.066912174224853516e-01,6.312738656997680664e-01,-5.272342637181282043e-02,-2.369436807930469513e-02,4.924800395965576172e-01,8.684021234512329102e-01,-4.097039699554443359e-01,-6.364522129297256470e-02,1.481109261512756348e-01,6.033101677894592285e-01,-1.692881435155868530e-01,2.329362630844116211e-01,-1.806080900132656097e-02,-1.689869910478591919e-01,-2.261002063751220703e-01,9.269104599952697754e-01,9.221799555234611034e-04,2.746768593788146973e-01,-1.409842632710933685e-02,6.560210585594177246e-01,5.294672772288322449e-02,5.183219313621520996e-01,2.942109405994415283e-01,-1.896969228982925415e-01,-2.205847352743148804e-01,2.471907585859298706e-01,-3.990013897418975830e-02
2.836894035339355469e+00,5.227695703506469727e-01,6.277239322662353516e-01,-5.352685973048210144e-02,-2.335307002067565918e-02,5.082966685295104980e-01,8.591996431350708008e-01,-4.141998589038848877e-01,-7.990173995494842529e-02,1.191350817680358887e-01,6.572369337081909180e-01,-2.116706669330596924e-01,2.365327626466751099e-01,-1.130423396825790405e-01,-1.722851246595382690e-01,-1.802103221416473389e-01,1.036924719810485840e+00,-1.499489136040210724e-02,2.535824179649353027e-01,-2.270932309329509735e-02,5.577850937843322754e-01,1.091800704598426819e-01,4.742349386215209961e-01,2.582212090492248535e-01,-1.011372134089469910e-01,-2.316208332777023315e-01,1.964055001735687256e-01,3.036771155893802643e-02
2.844679832458496094e+00,5.365568399429321289e-01,6.264578700065612793e-01,-5.428938195109367371e-02,-2.297312766313552856e-02,5.269903540611267090e-01,8.478243350982666016e-01,-4.067440330982208252e-01,-9.628815948963165283e-02,8.166327327489852905e-02,6.822721958160400391e-01,-2.361058890819549561e-01,2.374888807535171509e-01,-1.988011002540588379e-01,-1.685362011194229126e-01,-1.497460901737213135e-01,1.084138274192810059e+00,-2.428345382213592529e-02,2.373476773500442505e-01,-4.192768782377243042e-02,4.594649672508239746e-01,1.583162397146224976e-01,4.236887693405151367e-01,2.054162174463272095e-01,-1.034913118928670883e-02,-2.449364215135574341e-01,1.466189771890640259e-01,9.756235033273696899e-02
2.852542638778686523e+00,5.498174428939819336e-01,6.275363564491271973e-01,-5.592170357704162598e-02,-2.340597473084926605e-02,5.489987730979919434e-01,8.336217999458312988e-01,-3.889717161655426025e-01,-1.113663688302040100e-01,3.188512846827507019e-02,6.862534284591674805e-01,-2.455476820468902588e-01,2.353255599737167358e-01,-2.685014307498931885e-01,-1.605067551136016846e-01,-1.363826990127563477e-01,1.063333511352539062e+00,-2.892652153968811035e-02,2.281917035579681396e-01,-7.175967842340469360e-02,3.705478906631469727e-01,1.992948949337005615e-01,3.686050772666931152e-01,1.343692839145660400e-01,7.705219089984893799e-02,-2.603149116039276123e-01,1.041621193289756775e-01,1.537428647279739380e-01
2.861674070358276367e+00,5.634768009185791016e-01,6.303303241729736328e-01,-5.844988673925399780e-02,-2.434726059436798096e-02,5.734383463859558105e-01,8.167982101440429688e-01,-3.649137616157531738e-01,-1.218896731734275818e-01,-2.944996580481529236e-02,6.796778440475463867e-01,-2.435901761054992676e-01,2.293605953454971313e-01,-3.200309872627258301e-01,-1.474015414714813232e-01,-1.311141550540924072e-01,9.734370708465576172e-01,-2.435322478413581848e-02,2.238003462553024292e-01,-1.052591651678085327e-01,2.954668402671813965e-01,2.352929264307022095e-01,3.114707767963409424e-01,5.305960401892662048e-02,1.601794213056564331e-01,-2.758028805255889893e-01,6.829514354467391968e-02,1.996749192476272583e-01
2.872689485549926758e+00,5.782486796379089355e-01,6.340436935424804688e-01,-6.146421656012535095e-02,-2.565372176468372345e-02,5.988288521766662598e-01,7.981027960777282715e-01,-3.403536081314086914e-01,-1.257611215114593506e-01,-9.515613317489624023e-02,6.725451350212097168e-01,-2.278971225023269653e-01,2.201528102159500122e-01,-3.504267930984497070e-01,-1.270037442445755005e-01,-1.170621886849403381e-01,8.196489214897155762e-01,-1.989214448258280754e-03,2.227140665054321289e-01,-1.352992057800292969e-01,2.330326437950134277e-01,2.676930427551269531e-01,2.531872987747192383e-01,-2.538157999515533447e-02,2.375657111406326294e-01,-2.892871201038360596e-01,3.561678528785705566e-02,2.389103770256042480e-01
2.885062217712402344e+00,5.955372452735900879e-01,6.376391649246215820e-01,-6.431765109300613403e-02,-2.693986892700195312e-02,6.246265172958374023e-01,7.778040766716003418e-01,-3.204490840435028076e-01,-1.265918761491775513e-01,-1.579273343086242676e-01,6.732904314994812012e-01,-1.913857311010360718e-01,2.110231071710586548e-01,-3.603224456310272217e-01,-1.038965135812759399e-01,-7.651795446872711182e-02,6.243686676025390625e-01,4.188206419348716736e-02,2.273246198892593384e-01,-1.585943251848220825e-01,1.784684509038925171e-01,2.966189086437225342e-01,1.946088373661041260e-01,-8.879514783620834351e-02,3.057211041450500488e-01,-2.979035079479217529e-01,4.994624294340610504e-03,2.710630297660827637e-01
2.898128747940063477e+00,6.174090504646301270e-01,6.397351026535034180e-01,-6.649582833051681519e-02,-2.789255231618881226e-02,6.520169377326965332e-01,7.547676563262939453e-01,-3.067615330219268799e-01,-1.284978687763214111e-01,-2.130706608295440674e-01,6.899206042289733887e-01,-1.336991339921951294e-01,2.060778737068176270e-01,-3.569580614566802979e-01,-8.937723934650421143e-02,-8.357186801731586456e-03,4.280226528644561768e-01,9.968607127666473389e-02,2.403534948825836182e-01,-1.774507761001586914e-01,1.297330260276794434e-01,3.210196793079376221e-01,1.415631026029586792e-01,-1.328566074371337891e-01,3.628350198268890381e-01,-3.015140593051910400e-01,-2.206138707697391510e-02,2.943161129951477051e-01
2.911359786987304688e+00,6.447686553001403809e-01,6.390115618705749512e-01,-6.840526312589645386e-02,-2.862278558313846588e-02,6.828181147575378418e-01,7.268155813217163086e-01,-2.987573146820068359e-01,-1.335211992263793945e-01,-2.589282095432281494e-01,7.322430610656738281e-01,-7.137714326381683350e-02,2.078073769807815552e-01,-3.504040837287902832e-01,-9.031737595796585083e-02,6.506869941949844360e-02,2.746967673301696777e-01,1.536792367696762085e-01,2.593504488468170166e-01,-1.958355307579040527e-01,8.830565959215164185e-02,3.401310741901397705e-01,1.020227894186973572e-01,-1.615624427795410156e-01,4.075056314468383789e-01,-3.017591834068298340e-01,-4.194840788841247559e-02,3.068371713161468506e-01
2.923762798309326172e+00,6.754623651504516602e-01,6.354171633720397949e-01,-7.041209936141967773e-02,-2.934096753597259521e-02,7.156651616096496582e-01,6.942655444145202637e-01,-2.987352609634399414e-01,-1.387412101030349731e-01,-2.906354665756225586e-01,8.032163977622985840e-01,-2.568187564611434937e-02,2.163242101669311523e-01,-3.432277143001556396e-01,-1.023069992661476135e-01,1.094885766506195068e-01,1.887747794389724731e-01,1.827213168144226074e-01,2.757671177387237549e-01,-2.161781489849090576e-01,5.880281329154968262e-02,3.498353362083435059e-01,8.030784130096435547e-02,-1.797367781400680542e-01,4.346107542514801025e-01,-2.999140322208404541e-01,-4.861426353454589844e-02,3.092639148235321045e-01
2.933303117752075195e+00,7.042899727821350098e-01,6.301943063735961914e-01,-7.313483208417892456e-02,-2.953509613871574402e-02,7.454096674919128418e-01,6.619240045547485352e-01,-3.124487996101379395e-01,-1.416228115558624268e-01,-2.976784110069274902e-01,8.912233710289001465e-01,-4.630436655133962631e-03,2.289446294307708740e-01,-3.325707614421844482e-01,-1.156066283583641052e-01,1.006502136588096619e-01,1.775747835636138916e-01,1.651090830564498901e-01,2.815018892288208008e-01,-2.345140427350997925e-01,5.042058229446411133e-02,3.427063524723052979e-01,7.386068999767303467e-02,-1.826760917901992798e-01,4.341495037078857422e-01,-2.954898476600646973e-01,-3.185189887881278992e-02,3.043127954006195068e-01
2.939754486083984375e+00,7.270818948745727539e-01,6.248521208763122559e-01,-7.688924670219421387e-02,-2.892140857875347137e-02,7.692406177520751953e-01,6.336564421653747559e-01,-3.429136574268341064e-01,-1.403317451477050781e-01,-2.738191187381744385e-01,9.810806512832641602e-01,-4.847575910389423370e-03,2.422634065151214600e-01,-3.244197070598602295e-01,-1.242770701646804810e-01,4.293452203273773193e-02,2.400676906108856201e-01,9.201426059007644653e-02,2.742902040481567383e-01,-2.458736896514892578e-01,7.136078178882598877e-02,3.140342831611633301e-01,7.930735498666763306e-02,-1.584523618221282959e-01,3.976552188396453857e-01,-2.879401445388793945e-01,1.367024518549442291e-02,2.951307892799377441e-01
2.944151878356933594e+00,7.441769838333129883e-01,6.200233101844787598e-01,-8.131115883588790894e-02,-2.759692445397377014e-02,7.899869084358215332e-01,6.070812344551086426e-01,-3.877421319484710693e-01,-1.358029246330261230e-01,-2.254538536071777344e-01,1.068436861038208008e+00,-2.560088597238063812e-02,2.550917565822601318e-01,-3.241056501865386963e-01,-1.314754635095596313e-01,-3.942869976162910461e-02,3.515536487102508545e-01,-1.695201545953750610e-02,2.618069350719451904e-01,-2.468212097883224487e-01,1.249417737126350403e-01,2.672595679759979248e-01,9.792716801166534424e-02,-9.991112351417541504e-02,3.268287479877471924e-01,-2.751626968383789062e-01,8.065956830978393555e-02,2.811412513256072998e-01
2.947065591812133789e+00,7.579860687255859375e-01,6.160746812820434570e-01,-8.541477471590042114e-02,-2.626837044954299927e-02,8.116935491561889648e-01,5.772069692611694336e-01,-4.399911165237426758e-01,-1.300034075975418091e-01,-1.666630059480667114e-01,1.151171922683715820e+00,-7.052976638078689575e-02,2.677969634532928467e-01,-3.171749114990234375e-01,-1.436411589384078979e-01,-1.256811022758483887e-01,4.521967768669128418e-01,-1.174828484654426575e-01,2.537590563297271729e-01,-2.381832152605056763e-01,2.068363577127456665e-01,2.137449383735656738e-01,1.299972385168075562e-01,-1.347423437982797623e-02,2.329136878252029419e-01,-2.567936480045318604e-01,1.540956199169158936e-01,2.558444440364837646e-01
2.947017669677734375e+00,7.699109315872192383e-01,6.138139963150024414e-01,-8.857887983322143555e-02,-2.585706673562526703e-02,8.341956138610839844e-01,5.436937212944030762e-01,-4.884402751922607422e-01,-1.226376220583915710e-01,-1.074771285057067871e-01,1.214373826980590820e+00,-1.383737027645111084e-01,2.782171964645385742e-01,-2.856489717960357666e-01,-1.574949324131011963e-01,-2.095979303121566772e-01,4.987168014049530029e-01,-1.817041188478469849e-01,2.539325058460235596e-01,-2.218397408723831177e-01,3.061237037181854248e-01,1.633636504411697388e-01,1.691645532846450806e-01,8.385939896106719971e-02,1.294865459203720093e-01,-2.375011742115020752e-01,2.228568047285079956e-01,2.120104879140853882e-01
2.943449020385742188e+00,7.801155447959899902e-01,6.135909557342529297e-01,-9.033957123756408691e-02,-2.656930126249790192e-02,8.559119701385498047e-01,5.084757208824157715e-01,-5.215134024620056152e-01,-1.116035133600234985e-01,-5.119683593511581421e-02,1.242692112922668457e+00,-2.227085232734680176e-01,2.821305394172668457e-01,-2.275360524654388428e-01,-1.667307764291763306e-01,-2.921023368835449219e-01,4.891499876976013184e-01,-2.075954824686050415e-01,2.620737850666046143e-01,-2.000062763690948486e-01,4.090305566787719727e-01,1.246060431003570557e-01,2.054476886987686157e-01,1.732658445835113525e-01,3.077723458409309387e-02,-2.214599549770355225e-01,2.811278402805328369e-01,1.496737897396087646e-01
2.936698198318481445e+00,7.887999415397644043e-01,6.145442128181457520e-01,-9.084799140691757202e-02,-2.821894921362400055e-02,8.763781189918518066e-01,4.721352458000183105e-01,-5.326442718505859375e-01,-9.475146234035491943e-02,3.201872343197464943e-03,1.231786251068115234e+00,-3.169182538986206055e-01,2.786588370800018311e-01,-1.503002792596817017e-01,-1.673678606748580933e-01,-3.751712143421173096e-01,4.403929710388183594e-01,-2.033723592758178711e-01,2.764024138450622559e-01,-1.782026439905166626e-01,5.046696066856384277e-01,9.971216320991516113e-02,2.323475182056427002e-01,2.441883236169815063e-01,-5.057417601346969604e-02,-2.128947526216506958e-01,3.236002326011657715e-01,7.720059156417846680e-02
2.927145719528198242e+00,7.965736985206604004e-01,6.153597235679626465e-01,-9.011840820312500000e-02,-3.087264113128185272e-02,8.960695862770080566e-01,4.335722029209136963e-01,-5.227376818656921387e-01,-7.521951943635940552e-02,5.618704855442047119e-02,1.185155153274536133e+00,-4.118568003177642822e-01,2.712154388427734375e-01,-6.415135413408279419e-02,-1.588832288980484009e-01,-4.557293951511383057e-01,3.725359141826629639e-01,-1.730264574289321899e-01,2.961786687374114990e-01,-1.631909906864166260e-01,5.887136459350585938e-01,8.706981688737869263e-02,2.515239417552947998e-01,2.978591620922088623e-01,-1.078032329678535461e-01,-2.135733366012573242e-01,3.473260402679443359e-01,4.823795519769191742e-03
2.915112018585205078e+00,8.041274547576904297e-01,6.156324148178100586e-01,-8.809589594602584839e-02,-3.445961326360702515e-02,9.149144291877746582e-01,3.924070000648498535e-01,-4.963532090187072754e-01,-6.056192517280578613e-02,1.049467250704765320e-01,1.108034253120422363e+00,-4.949445426464080811e-01,2.642497122287750244e-01,1.879333332180976868e-02,-1.449651122093200684e-01,-5.205888152122497559e-01,3.062981963157653809e-01,-1.096185371279716492e-01,3.188786804676055908e-01,-1.566299200057983398e-01,6.588554382324218750e-01,8.164481818675994873e-02,2.665425539016723633e-01,3.393675088882446289e-01,-1.400397568941116333e-01,-2.226825803518295288e-01,3.532188534736633301e-01,-5.772545933723449707e-02
2.902106523513793945e+00,8.115496635437011719e-01,6.169680953025817871e-01,-8.479741215705871582e-02,-3.850129246711730957e-02,9.320213198661804199e-01,3.502332866191864014e-01,-4.540195763111114502e-01,-5.820484086871147156e-02,1.408181786537170410e-01,9.837439656257629395e-01,-5.235999822616577148e-01,2.594111561775207520e-01,8.556208759546279907e-02,-1.323611140251159668e-01,-5.499477982521057129e-01,2.553279101848602295e-01,1.156853046268224716e-03,3.362599015235900879e-01,-1.572873294353485107e-01,7.112433910369873047e-01,7.870393246412277222e-02,2.783847451210021973e-01,3.703366816043853760e-01,-1.495553106069564819e-01,-2.386208623647689819e-01,3.454269766807556152e-01,-9.980145096778869629e-02
2.888173341751098633e+00,8.191516399383544922e-01,6.188820004463195801e-01,-8.139364421367645264e-02,-4.256101697683334351e-02,9.465391039848327637e-01,3.092368245124816895e-01,-4.027509093284606934e-01,-6.709400564432144165e-02,1.570083647966384888e-01,8.496472835540771484e-01,-5.235999822616577148e-01,2.569544613361358643e-01,1.224858239293098450e-01,-1.285474598407745361e-01,-5.262095928192138672e-01,2.430613487958908081e-01,1.439052373170852661e-01,3.407315909862518311e-01,-1.602648347616195679e-01,7.407920956611633301e-01,7.737059146165847778e-02,2.849842607975006104e-01,3.894107639789581299e-01,-1.390380859375000000e-01,-2.573395967483520508e-01,3.279466032981872559e-01,-1.132882386445999146e-01
2.872103452682495117e+00,8.258154988288879395e-01,6.200081706047058105e-01,-8.011036366224288940e-02,-4.613264650106430054e-02,9.582765102386474609e-01,2.704814672470092773e-01,-3.542437851428985596e-01,-8.250108361244201660e-02,1.513200402259826660e-01,7.468747496604919434e-01,-5.235999822616577148e-01,2.573167979717254639e-01,1.190691739320755005e-01,-1.321293413639068604e-01,-4.463416635990142822e-01,2.830561101436614990e-01,2.804724276065826416e-01,3.295164406299591064e-01,-1.639756113290786743e-01,7.410808801651000977e-01,7.782503962516784668e-02,2.828574180603027344e-01,3.936077654361724854e-01,-1.108206138014793396e-01,-2.757013142108917236e-01,3.033837080001831055e-01,-9.293398261070251465e-02
2.853431224822998047e+00,8.294203877449035645e-01,6.192912459373474121e-01,-8.338642120361328125e-02,-4.814484715461730957e-02,9.676344394683837891e-01,2.332646846771240234e-01,-3.150559365749359131e-01,-1.039559394121170044e-01,1.243537068367004395e-01,6.776096820831298828e-01,-5.235999822616577148e-01,2.629809081554412842e-01,6.359497457742691040e-02,-1.333639174699783325e-01,-3.238586485385894775e-01,3.815192878246307373e-01,3.714693188667297363e-01,3.095781505107879639e-01,-1.701671928167343140e-01,7.074065208435058594e-01,8.186750859022140503e-02,2.725772261619567871e-01,3.815986812114715576e-01,-6.504893302917480469e-02,-2.884361743927001953e-01,2.721690833568572998e-01,-3.768312931060791016e-02
2.833605289459228516e+00,8.294739723205566406e-01,6.160325407981872559e-01,-9.179875999689102173e-02,-4.797001555562019348e-02,9.749534726142883301e-01,1.968187987804412842e-01,-2.899199426174163818e-01,-1.311521083116531372e-01,7.958568632602691650e-02,6.346133947372436523e-01,-5.235999822616577148e-01,2.743460834026336670e-01,-4.481214284896850586e-02,-1.211909130215644836e-01,-1.875409930944442749e-01,5.344050526618957520e-01,3.967365920543670654e-01,2.931211292743682861e-01,-1.805347055196762085e-01,6.384451985359191895e-01,9.392580389976501465e-02,2.602016031742095947e-01,3.538759350776672363e-01,-2.092937938868999481e-03,-2.924531400203704834e-01,2.327393144369125366e-01,4.701047390699386597e-02
2.815287351608276367e+00,8.275221586227416992e-01,6.114081144332885742e-01,-1.033075451850891113e-01,-4.624024033546447754e-02,9.802918434143066406e-01,1.619174778461456299e-01,-2.788307070732116699e-01,-1.594254374504089355e-01,2.514165267348289490e-02,6.116957068443298340e-01,-5.235999822616577148e-01,2.880424857139587402e-01,-1.852578222751617432e-01,-9.575747698545455933e-02,-7.184147089719772339e-02,7.115926742553710938e-01,3.676579594612121582e-01,2.858974039554595947e-01,-1.950685977935791016e-01,5.439076423645019531e-01,1.158612146973609924e-01,2.552176713943481445e-01,3.121545612812042236e-01,7.539024949073791504e-02,-2.905965447425842285e-01,1.837466210126876831e-01,1.429104059934616089e-01
2.799232482910156250e+00,8.256226778030395508e-01,6.072158217430114746e-01,-1.142795011401176453e-01,-4.380673170089721680e-02,9.838491082191467285e-01,1.306219846010208130e-01,-2.724060118198394775e-01,-1.838004589080810547e-01,-2.809865958988666534e-02,5.995984077453613281e-01,-5.235999822616577148e-01,2.994989454746246338e-01,-3.304934799671173096e-01,-7.125145196914672852e-02,4.381181206554174423e-03,8.725574016571044922e-01,3.080818653106689453e-01,2.819373011589050293e-01,-2.147129178047180176e-01,4.410218298435211182e-01,1.483847349882125854e-01,2.627259194850921631e-01,2.529927492141723633e-01,1.616171300411224365e-01,-2.880591750144958496e-01,1.250215172767639160e-01,2.264703661203384399e-01
2.783753633499145508e+00,8.246641159057617188e-01,6.043921709060668945e-01,-1.222715824842453003e-01,-4.180556908249855042e-02,9.861136674880981445e-01,1.043157055974006653e-01,-2.608658075332641602e-01,-2.014738172292709351e-01,-7.458563148975372314e-02,5.928030014038085938e-01,-5.235999822616577148e-01,3.077168464660644531e-01,-4.626880586147308350e-01,-5.995569750666618347e-02,4.187676310539245605e-02,9.878044724464416504e-01,2.353447973728179932e-01,2.734825313091278076e-01,-2.394280433654785156e-01,3.441622257232666016e-01,1.916385889053344727e-01,2.717263996601104736e-01,1.707015782594680786e-01,2.525021135807037354e-01,-2.908535897731781006e-01,5.889373272657394409e-02,2.842473387718200684e-01
2.766689062118530273e+00,8.246307373046875000e-01,6.029706001281738281e-01,-1.260563880205154419e-01,-4.127316549420356750e-02,9.876421093940734863e-01,8.348290622234344482e-02,-2.412559539079666138e-01,-2.118503302335739136e-01,-1.095198392868041992e-01,5.941508412361145020e-01,-5.235999822616577148e-01,3.136909902095794678e-01,-5.728766322135925293e-01,-6.377028673887252808e-02,4.761654511094093323e-02,1.044968843460083008e+00,1.570552736520767212e-01,2.581906616687774658e-01,-2.676353752613067627e-01,2.588577568531036377e-01,2.423998415470123291e-01,2.617736458778381348e-01,7.122126966714859009e-02,3.422619104385375977e-01,-2.994368672370910645e-01,-6.915047764778137207e-03,3.179944753646850586e-01
2.745759963989257812e+00,8.262342810630798340e-01,6.021618843078613281e-01,-1.258923113346099854e-01,-4.203981533646583557e-02,9.887789487838745117e-01,6.855662912130355835e-02,-2.186703979969024658e-01,-2.142425030469894409e-01,-1.255253851413726807e-01,6.168999671936035156e-01,-5.235999822616577148e-01,3.176532685756683350e-01,-6.530637741088867188e-01,-7.540997117757797241e-02,2.914338186383247375e-02,1.043656706809997559e+00,7.937031239271163940e-02,2.349015474319458008e-01,-2.947246134281158447e-01,1.881866604089736938e-01,2.940360903739929199e-01,2.256038337945938110e-01,-2.248416654765605927e-02,4.222149252891540527e-01,-3.124042749404907227e-01,-6.033831089735031128e-02,3.369763195514678955e-01
2.717536211013793945e+00,8.301225900650024414e-01,6.051218509674072266e-01,-1.226688101887702942e-01,-4.319275170564651489e-02,9.897080063819885254e-01,5.970584601163864136e-02,-1.605148315429687500e-01,-2.044965773820877075e-01,-1.209383979439735413e-01,5.649475455284118652e-01,-4.258662462234497070e-01,3.177007436752319336e-01,-6.853982210159301758e-01,-8.308282494544982910e-02,-2.522704191505908966e-03,9.659786820411682129e-01,2.083087898790836334e-02,2.056457698345184326e-01,-3.146074116230010986e-01,1.383894681930541992e-01,3.387239873409271240e-01,1.824579536914825439e-01,-8.346878737211227417e-02,4.836946725845336914e-01,-3.282302320003509521e-01,-9.565912187099456787e-02,3.501291573047637939e-01
2.679904222488403320e+00,8.385005593299865723e-01,6.097256541252136230e-01,-1.174321174621582031e-01,-4.381602630019187927e-02,9.905686974525451660e-01,5.534901842474937439e-02,-9.311155229806900024e-02,-1.865081191062927246e-01,-8.707633614540100098e-02,5.096970200538635254e-01,-2.784587144851684570e-01,3.130326569080352783e-01,-6.756910085678100586e-01,-7.434279471635818481e-02,-3.312790021300315857e-02,8.433774113655090332e-01,-2.648394741117954254e-02,1.730854660272598267e-01,-3.256077766418457031e-01,1.162475720047950745e-01,3.727525770664215088e-01,1.591123342514038086e-01,-1.008365601301193237e-01,5.227871537208557129e-01,-3.421533107757568359e-01,-1.134925037622451782e-01,3.604022264480590820e-01
2.635548353195190430e+00,8.501160144805908203e-01,6.158704161643981934e-01,-1.114988476037979126e-01,-4.356601461768150330e-02,9.914804697036743164e-01,5.134649947285652161e-02,-3.474808484315872192e-02,-1.641186922788619995e-01,-3.342524543404579163e-02,4.904917180538177490e-01,-1.206343844532966614e-01,3.055308163166046143e-01,-6.350056529045104980e-01,-4.969583824276924133e-02,-5.222748965024948120e-02,7.038429975509643555e-01,-5.798291042447090149e-02,1.410308182239532471e-01,-3.317501246929168701e-01,1.198617070913314819e-01,3.923958241939544678e-01,1.602526605129241943e-01,-7.803736627101898193e-02,5.385327339172363281e-01,-3.494723141193389893e-01,-1.158499866724014282e-01,3.668658733367919922e-01
2.591287374496459961e+00,8.615602850914001465e-01,6.237988471984863281e-01,-1.052019521594047546e-01,-4.238113760948181152e-02,9.925834536552429199e-01,4.375457391142845154e-02,-7.327604107558727264e-03,-1.406121104955673218e-01,2.192531339824199677e-02,5.424736142158508301e-01,-4.158560186624526978e-03,2.974033355712890625e-01,-5.748285651206970215e-01,-2.200174331665039062e-02,-6.198489665985107422e-02,5.766845941543579102e-01,-6.560128927230834961e-02,1.107895299792289734e-01,-3.378297388553619385e-01,1.398603618144989014e-01,3.929266035556793213e-01,1.660777926445007324e-01,-2.282777987420558929e-02,5.324572920799255371e-01,-3.456406593322753906e-01,-1.028075218200683594e-01,3.667959570884704590e-01
2.551525831222534180e+00,8.712326288223266602e-01,6.317720413208007812e-01,-9.874403476715087891e-02,-4.034189879894256592e-02,9.937950968742370605e-01,3.151986375451087952e-02,-2.636203169822692871e-02,-1.181114763021469116e-01,6.640876084566116333e-02,6.773630380630493164e-01,4.298904538154602051e-02,2.913900911808013916e-01,-5.069720745086669922e-01,-2.458666218444705009e-03,-7.405494898557662964e-02,4.932582080364227295e-01,-6.194726377725601196e-02,8.185987919569015503e-02,-3.434547781944274902e-01,1.691049337387084961e-01,3.714564442634582520e-01,1.584444493055343628e-01,5.796400830149650574e-02,5.043159723281860352e-01,-3.278352320194244385e-01,-7.383520156145095825e-02,3.574373424053192139e-01
2.515893697738647461e+00,8.803117275238037109e-01,6.368721723556518555e-01,-9.211298823356628418e-02,-3.763579204678535461e-02,9.948956370353698730e-01,1.677694730460643768e-02,-9.203252196311950684e-02,-1.004517674446105957e-01,9.867188334465026855e-02,8.694826960563659668e-01,3.339526802301406860e-02,2.950222194194793701e-01,-4.423758387565612793e-01,7.276060990989208221e-03,-9.549424052238464355e-02,4.747557938098907471e-01,-8.084861934185028076e-02,5.638193711638450623e-02,-3.411450684070587158e-01,2.089512348175048828e-01,3.327586650848388672e-01,1.432003974914550781e-01,1.554125547409057617e-01,4.510441422462463379e-01,-2.950609028339385986e-01,-3.191501647233963013e-02,3.360292315483093262e-01
2.481789112091064453e+00,8.902689814567565918e-01,6.376495361328125000e-01,-8.610138297080993652e-02,-3.441368043422698975e-02,9.956893324851989746e-01,2.245493931695818901e-03,-1.946578174829483032e-01,-9.212183952331542969e-02,1.207837536931037903e-01,1.070559740066528320e+00,-2.214170293882489204e-03,3.109554648399353027e-01,-3.824763894081115723e-01,1.037217676639556885e-02,-1.234175041317939758e-01,5.047227144241333008e-01,-1.370783299207687378e-01,3.816956654191017151e-02,-3.273901641368865967e-01,2.674050629138946533e-01,2.857926785945892334e-01,1.429952085018157959e-01,2.549852728843688965e-01,3.720633685588836670e-01,-2.520064115524291992e-01,1.365799270570278168e-02,2.996941506862640381e-01
2.447599887847900391e+00,8.995513319969177246e-01,6.357119679450988770e-01,-8.040220290422439575e-02,-3.137629106640815735e-02,9.962117671966552734e-01,-1.063837110996246338e-02,-3.167468011379241943e-01,-9.235583245754241943e-02,1.315360814332962036e-01,1.237371563911437988e+00,-4.539053514599800110e-02,3.258774876594543457e-01,-3.159271776676177979e-01,1.183989737182855606e-02,-1.502865254878997803e-01,5.350956320762634277e-01,-2.064743638038635254e-01,2.902672439813613892e-02,-3.022617697715759277e-01,3.457300066947937012e-01,2.388327866792678833e-01,1.696507185697555542e-01,3.394396007061004639e-01,2.734141647815704346e-01,-2.090870290994644165e-01,5.092321336269378662e-02,2.454009503126144409e-01
2.412836551666259766e+00,9.052452445030212402e-01,6.338425874710083008e-01,-7.425868511199951172e-02,-2.818648517131805420e-02,9.966140985488891602e-01,-2.124885842204093933e-02,-4.336164295673370361e-01,-9.981874376535415649e-02,1.262235343456268311e-01,1.340334534645080566e+00,-9.624212980270385742e-02,3.177721500396728516e-01,-2.325932532548904419e-01,1.211564429104328156e-02,-1.708676218986511230e-01,5.276620984077453613e-01,-2.543466687202453613e-01,2.889949455857276917e-02,-2.674073874950408936e-01,4.393636286258697510e-01,1.974969506263732910e-01,2.154730260372161865e-01,3.964844942092895508e-01,1.678696125745773315e-01,-1.767410784959793091e-01,7.671478390693664551e-02,1.702300757169723511e-01
2.377923488616943359e+00,9.059771299362182617e-01,6.330568790435791016e-01,-6.685678660869598389e-02,-2.438911981880664825e-02,9.970093369483947754e-01,-3.012749180197715759e-02,-5.205634236335754395e-01,-1.092090606689453125e-01,1.066320538520812988e-01,1.366707324981689453e+00,-1.613954454660415649e-01,2.818676829338073730e-01,-1.319215595722198486e-01,9.859339334070682526e-03,-1.852103024721145630e-01,4.770225286483764648e-01,-2.651268839836120605e-01,3.677640855312347412e-02,-2.244696170091629028e-01,5.386003851890563965e-01,1.663857549428939819e-01,2.647718787193298340e-01,4.256844222545623779e-01,6.766862422227859497e-02,-1.619397103786468506e-01,9.912727773189544678e-02,7.870072871446609497e-02
2.343606472015380859e+00,9.025049805641174316e-01,6.323218941688537598e-01,-5.838171020150184631e-02,-1.987350545823574066e-02,9.973347783088684082e-01,-3.898654133081436157e-02,-5.643853545188903809e-01,-1.132657900452613831e-01,8.346854150295257568e-02,1.317584514617919922e+00,-2.374391108751296997e-01,2.343053519725799561e-01,-2.372782118618488312e-02,3.939347341656684875e-03,-1.991560906171798706e-01,4.030371010303497314e-01,-2.415475845336914062e-01,5.112208798527717590e-02,-1.819968968629837036e-01,6.343923211097717285e-01,1.469806730747222900e-01,3.086035549640655518e-01,4.349655508995056152e-01,-1.766147837042808533e-02,-1.627662330865859985e-01,1.289784163236618042e-01,-1.392586901783943176e-02
2.310264587402343750e+00,8.966158628463745117e-01,6.310353279113769531e-01,-4.916214942932128906e-02,-1.583225652575492859e-02,9.974322319030761719e-01,-4.961160197854042053e-02,-5.700268745422363281e-01,-1.105312183499336243e-01,6.139073893427848816e-02,1.206897377967834473e+00,-3.122714459896087646e-01,1.912608146667480469e-01,7.702054828405380249e-02,-2.126091159880161285e-03,-2.157437354326248169e-01,3.309513330459594727e-01,-1.752918660640716553e-01,6.835728138685226440e-02,-1.510832607746124268e-01,7.186903953552246094e-01,1.359728872776031494e-01,3.457862436771392822e-01,4.323616623878479004e-01,-8.276686072349548340e-02,-1.733849197626113892e-01,1.626941859722137451e-01,-8.900026977062225342e-02
2.276876211166381836e+00,8.900888562202453613e-01,6.301451325416564941e-01,-4.009138792753219604e-02,-1.362566929310560226e-02,9.971938133239746094e-01,-6.173748895525932312e-02,-5.487765669822692871e-01,-1.061744019389152527e-01,3.514259681105613708e-02,1.053374528884887695e+00,-3.696131408214569092e-01,1.554981768131256104e-01,1.543224751949310303e-01,-4.412925802171230316e-03,-2.277867496013641357e-01,2.822389304637908936e-01,-4.631295427680015564e-02,8.391167968511581421e-02,-1.368411034345626831e-01,7.844673395156860352e-01,1.277658641338348389e-01,3.789027035236358643e-01,4.213626086711883545e-01,-1.241874322295188904e-01,-1.891190111637115479e-01,1.849839240312576294e-01,-1.365418732166290283e-01
2.241830110549926758e+00,8.843069076538085938e-01,6.311972141265869141e-01,-3.219644725322723389e-02,-1.343068573623895645e-02,9.967844486236572266e-01,-7.213754951953887939e-02,-5.098624825477600098e-01,-1.021113768219947815e-01,-2.804396441206336021e-03,8.828473091125488281e-01,-3.984814584255218506e-01,1.243389099836349487e-01,1.969640702009201050e-01,-3.321498399600386620e-03,-2.236985266208648682e-01,2.737836539745330811e-01,1.381391286849975586e-01,9.541671723127365112e-02,-1.328946799039840698e-01,8.245961666107177734e-01,1.203010082244873047e-01,4.053719043731689453e-01,4.024665057659149170e-01,-1.412547230720520020e-01,-2.074400782585144043e-01,1.881385892629623413e-01,-1.585315763950347900e-01
2.203875780105590820e+00,8.791251182556152344e-01,6.347334384918212891e-01,-2.592827193439006805e-02,-1.390709448605775833e-02,9.965431094169616699e-01,-7.769243419170379639e-02,-4.578222036361694336e-01,-9.771973639726638794e-02,-4.631629586219787598e-02,7.248526811599731445e-01,-3.944552838802337646e-01,1.001518517732620239e-01,2.029418498277664185e-01,-3.330464940518140793e-03,-2.001899629831314087e-01,3.207916021347045898e-01,3.210332393646240234e-01,1.041382104158401489e-01,-1.313358247280120850e-01,8.348665833473205566e-01,1.150487139821052551e-01,4.201694130897521973e-01,3.735142350196838379e-01,-1.324285566806793213e-01,-2.246998697519302368e-01,1.787945479154586792e-01,-1.582834273576736450e-01
2.162999153137207031e+00,8.728223443031311035e-01,6.386761069297790527e-01,-2.188144065439701080e-02,-1.411216054111719131e-02,9.965828657150268555e-01,-7.838792353868484497e-02,-4.008654654026031494e-01,-9.451808780431747437e-02,-8.049628138542175293e-02,6.110263466835021973e-01,-3.690415620803833008e-01,8.771822601556777954e-02,1.693906784057617188e-01,-6.799178663641214371e-03,-1.653085947036743164e-01,4.364359676837921143e-01,4.412690401077270508e-01,1.078732907772064209e-01,-1.305232942104339600e-01,8.150568008422851562e-01,1.134588941931724548e-01,4.174001514911651611e-01,3.310009539127349854e-01,-9.689623117446899414e-02,-2.378136515617370605e-01,1.649824827909469604e-01,-1.310506612062454224e-01
2.121242284774780273e+00,8.632192015647888184e-01,6.391064524650573730e-01,-1.973567903041839600e-02,-1.372112613171339035e-02,9.967522621154785156e-01,-7.685769349336624146e-02,-3.525366783142089844e-01,-9.862703830003738403e-02,-9.444390982389450073e-02,5.698097348213195801e-01,-3.538378179073333740e-01,9.062760323286056519e-02,8.902781456708908081e-02,-1.211304962635040283e-02,-1.307582259178161621e-01,6.223255991935729980e-01,4.797173440456390381e-01,9.639832377433776855e-02,-1.337869912385940552e-01,7.628675699234008789e-01,1.194415390491485596e-01,4.002757072448730469e-01,2.758500874042510986e-01,-3.302172198891639709e-02,-2.451599836349487305e-01,1.450552791357040405e-01,-6.809235364198684692e-02
2.082428216934204102e+00,8.496435880661010742e-01,6.341808438301086426e-01,-1.948740333318710327e-02,-1.320186629891395569e-02,9.968783259391784668e-01,-7.536281645298004150e-02,-3.221250474452972412e-01,-1.135042086243629456e-01,-9.132779389619827271e-02,6.014435887336730957e-01,-3.765006363391876221e-01,1.073003187775611877e-01,-3.264203295111656189e-02,-1.561386883258819580e-02,-1.024892926216125488e-01,8.378091454505920410e-01,4.665412604808807373e-01,6.404199451208114624e-02,-1.433670818805694580e-01,6.797510981559753418e-01,1.363161355257034302e-01,3.832072913646697998e-01,2.133134007453918457e-01,5.973547697067260742e-02,-2.480970174074172974e-01,1.093287318944931030e-01,2.882432751357555389e-02
2.047811746597290039e+00,8.340080976486206055e-01,6.265969872474670410e-01,-1.998764835298061371e-02,-1.236951537430286407e-02,9.969413280487060547e-01,-7.453531026840209961e-02,-2.963523268699645996e-01,-1.341330111026763916e-01,-8.283556252717971802e-02,6.580598950386047363e-01,-4.277883172035217285e-01,1.305126249790191650e-01,-1.749706715345382690e-01,-1.716113835573196411e-02,-8.074597269296646118e-02,1.024411678314208984e+00,4.356380403041839600e-01,2.389732375741004944e-02,-1.607162207365036011e-01,5.760678648948669434e-01,1.654895991086959839e-01,3.831588029861450195e-01,1.453408151865005493e-01,1.763494759798049927e-01,-2.516173422336578369e-01,5.114808306097984314e-02,1.393207311630249023e-01
2.016077756881713867e+00,8.197438120841979980e-01,6.205536127090454102e-01,-2.020313218235969543e-02,-1.098237093538045883e-02,9.969723224639892578e-01,-7.427897304296493530e-02,-2.557566165924072266e-01,-1.539982855319976807e-01,-7.815904915332794189e-02,6.867146492004394531e-01,-4.733724594116210938e-01,1.523864716291427612e-01,-3.147875964641571045e-01,-1.912500895559787750e-02,-6.296146661043167114e-02,1.146677732467651367e+00,3.940306305885314941e-01,2.570570504758507013e-04,-1.899810433387756348e-01,4.717243909835815430e-01,2.051043957471847534e-01,3.983819782733917236e-01,6.769265234470367432e-02,3.055994510650634766e-01,-2.620235085487365723e-01,-2.883826754987239838e-02,2.363806068897247314e-01
1.985300421714782715e+00,8.087708353996276855e-01,6.179590821266174316e-01,-1.929098740220069885e-02,-9.130227379500865936e-03,9.970307946205139160e-01,-7.398674637079238892e-02,-1.962741762399673462e-01,-1.675676107406616211e-01,-7.840288430452346802e-02,6.728152036666870117e-01,-4.865463376045227051e-01,1.682077348232269287e-01,-4.312928915023803711e-01,-2.653289213776588440e-02,-5.353108793497085571e-02,1.193013429641723633e+00,3.394804000854492188e-01,6.762756966054439545e-04,-2.306499034166336060e-01,3.801804482936859131e-01,2.483171522617340088e-01,4.014437198638916016e-01,-1.754518039524555206e-02,4.328977465629577637e-01,-2.809060215950012207e-01,-1.214963272213935852e-01,3.039909005165100098e-01
1.953953027725219727e+00,8.016234636306762695e-01,6.187123060226440430e-01,-1.745183765888214111e-02,-7.488081697374582291e-03,9.971777796745300293e-01,-7.263480871915817261e-02,-1.287150084972381592e-01,-1.712408810853958130e-01,-7.520987093448638916e-02,6.311686038970947266e-01,-4.524098634719848633e-01,1.760038137435913086e-01,-5.098971724510192871e-01,-4.329078271985054016e-02,-6.064246222376823425e-02,1.164228439331054688e+00,2.766958773136138916e-01,9.600644931197166443e-03,-2.754485309123992920e-01,3.053976297378540039e-01,2.884068191051483154e-01,3.706871271133422852e-01,-9.459082782268524170e-02,5.450811982154846191e-01,-3.033208549022674561e-01,-2.106172293424606323e-01,3.433725833892822266e-01
1.919137954711914062e+00,7.989442348480224609e-01,6.219335198402404785e-01,-1.545631792396306992e-02,-6.234393455088138580e-03,9.974460601806640625e-01,-6.945219635963439941e-02,-6.168643385171890259e-02,-1.632393300533294678e-01,-6.043413653969764709e-02,5.777300596237182617e-01,-3.611093461513519287e-01,1.740421503782272339e-01,-5.426819920539855957e-01,-6.461348384618759155e-02,-8.673406392335891724e-02,1.062361359596252441e+00,2.137554734945297241e-01,1.124128326773643494e-02,-3.143028914928436279e-01,2.499739229679107666e-01,3.235165178775787354e-01,3.201989233493804932e-01,-1.475743651390075684e-01,6.349216699600219727e-01,-3.220874965190887451e-01,-2.811278402805328369e-01,3.638433218002319336e-01
1.877374887466430664e+00,8.005476593971252441e-01,6.266383528709411621e-01,-1.341613568365573883e-02,-4.546092823147773743e-03,9.977815747261047363e-01,-6.504813581705093384e-02,5.443938076496124268e-03,-1.459804475307464600e-01,-3.314151242375373840e-02,5.242688655853271484e-01,-2.138605117797851562e-01,1.631722897291183472e-01,-5.283097028732299805e-01,-7.838371396064758301e-02,-1.229766309261322021e-01,8.951499462127685547e-01,1.542025357484817505e-01,3.469739807769656181e-03,-3.416458368301391602e-01,2.169370353221893311e-01,3.538089394569396973e-01,2.834165096282958984e-01,-1.753086298704147339e-01,6.987631320953369141e-01,-3.336747288703918457e-01,-3.301529288291931152e-01,3.712707161903381348e-01
1.829739332199096680e+00,8.042953014373779297e-01,6.320438385009765625e-01,-1.157055608928203583e-02,-1.783631043508648872e-03,9.979991316795349121e-01,-6.213397532701492310e-02,6.877613067626953125e-02,-1.263515502214431763e-01,-2.558351028710603714e-03,4.919724464416503906e-01,-4.187142103910446167e-02,1.479454785585403442e-01,-4.788862168788909912e-01,-7.824437320232391357e-02,-1.561637371778488159e-01,6.929022669792175293e-01,1.014700755476951599e-01,-7.515925448387861252e-03,-3.590857982635498047e-01,2.038202285766601562e-01,3.760636746883392334e-01,2.735195755958557129e-01,-1.855474561452865601e-01,7.360413074493408203e-01,-3.365052342414855957e-01,-3.620086908340454102e-01,3.689237833023071289e-01
1.781591415405273438e+00,8.075937032699584961e-01,6.380414366722106934e-01,-9.745948947966098785e-03,1.711096963845193386e-03,9.979768395423889160e-01,-6.280422955751419067e-02,1.127566695213317871e-01,-1.095217093825340271e-01,2.233777940273284912e-02,5.145730972290039062e-01,9.977261722087860107e-02,1.344348490238189697e-01,-4.137911796569824219e-01,-6.780944764614105225e-02,-1.796636432409286499e-01,5.029175877571105957e-01,6.616222113370895386e-02,-1.820093765854835510e-02,-3.699505925178527832e-01,2.038011103868484497e-01,3.836706876754760742e-01,2.745879292488098145e-01,-1.836654692888259888e-01,7.444848418235778809e-01,-3.311147093772888184e-01,-3.763465881347656250e-01,3.609313368797302246e-01
1.736510038375854492e+00,8.092704415321350098e-01,6.443749070167541504e-01,-8.304192684590816498e-03,4.932492040097713470e-03,9.977561831474304199e-01,-6.625146418809890747e-02,1.213696226477622986e-01,-9.703243523836135864e-02,4.233921319246292114e-02,6.116426587104797363e-01,1.762059926986694336e-01,1.279740482568740845e-01,-3.513630330562591553e-01,-5.497920885682106018e-02,-1.949725449085235596e-01,3.692598938941955566e-01,5.390177294611930847e-02,-2.725863642990589142e-02,-3.734534978866577148e-01,2.131605893373489380e-01,3.733691275119781494e-01,2.701804339885711670e-01,-1.663963496685028076e-01,7.201963663101196289e-01,-3.183189034461975098e-01,-3.635227978229522705e-01,3.518340587615966797e-01
1.693410277366638184e+00,8.103018403053283691e-01,6.494029760360717773e-01,-7.346071302890777588e-03,7.565571926534175873e-03,9.975624680519104004e-01,-6.897789239883422852e-02,9.159448742866516113e-02,-8.949360251426696777e-02,6.356427073478698730e-02,7.659551501274108887e-01,2.002597302198410034e-01,1.357212960720062256e-01,-3.036609292030334473e-01,-4.440290480852127075e-02,-2.054382562637329102e-01,3.214477300643920898e-01,4.534068331122398376e-02,-3.450465202331542969e-02,-3.662203550338745117e-01,2.339467108249664307e-01,3.467977344989776611e-01,2.613589167594909668e-01,-1.217066124081611633e-01,6.600412726402282715e-01,-2.997297644615173340e-01,-3.129744827747344971e-01,3.438642024993896484e-01
1.650359511375427246e+00,8.119356036186218262e-01,6.516756415367126465e-01,-7.012903224676847458e-03,9.717864915728569031e-03,9.975160956382751465e-01,-6.941224634647369385e-02,3.303419426083564758e-02,-8.546954393386840820e-02,8.761742711067199707e-02,9.298878908157348633e-01,2.127511650323867798e-01,1.643085032701492310e-01,-2.707784771919250488e-01,-3.730069473385810852e-02,-2.131787538528442383e-01,3.544869124889373779e-01,8.798808790743350983e-03,-3.948745131492614746e-02,-3.479303419589996338e-01,2.698629498481750488e-01,3.091728985309600830e-01,2.610841989517211914e-01,-3.799989074468612671e-02,5.641840100288391113e-01,-2.746710479259490967e-01,-2.269191592931747437e-01,3.348628580570220947e-01
1.607480406761169434e+00,8.139638304710388184e-01,6.510119438171386719e-01,-7.316598668694496155e-03,1.143310405313968658e-02,9.975151419639587402e-01,-6.913208961486816406e-02,-4.391872882843017578e-02,-8.370694518089294434e-02,1.074512302875518799e-01,1.061566710472106934e+00,2.353933453559875488e-01,2.081150561571121216e-01,-2.389191687107086182e-01,-3.306120261549949646e-02,-2.200383245944976807e-01,4.237577319145202637e-01,-6.329926103353500366e-02,-4.120483994483947754e-02,-3.235173821449279785e-01,3.215307295322418213e-01,2.649917602539062500e-01,2.770925164222717285e-01,8.322997391223907471e-02,4.429453611373901367e-01,-2.425784021615982056e-01,-1.299002915620803833e-01,3.188291192054748535e-01
1.565615534782409668e+00,8.148570060729980469e-01,6.491245627403259277e-01,-8.035061880946159363e-03,1.278193015605211258e-02,9.973843693733215332e-01,-7.068616151809692383e-02,-1.326842904090881348e-01,-8.718174695968627930e-02,1.118657737970352173e-01,1.146795988082885742e+00,2.545518577098846436e-01,2.450167685747146606e-01,-1.907235980033874512e-01,-2.913235686719417572e-02,-2.277809977531433105e-01,4.715837538242340088e-01,-1.409535259008407593e-01,-3.792705386877059937e-02,-2.954539656639099121e-01,3.847749829292297363e-01,2.185703516006469727e-01,3.055700063705444336e-01,2.247311919927597046e-01,3.135841488838195801e-01,-2.074437737464904785e-01,-5.167371034622192383e-02,2.882946729660034180e-01
1.524685263633728027e+00,8.131228089332580566e-01,6.478230953216552734e-01,-8.282856084406375885e-03,1.373679563403129578e-02,9.970950484275817871e-01,-7.445902377367019653e-02,-2.244019508361816406e-01,-9.999247640371322632e-02,9.617149084806442261e-02,1.187238574028015137e+00,2.430189698934555054e-01,2.503266930580139160e-01,-1.192837357521057129e-01,-2.446888387203216553e-02,-2.365465015172958374e-01,4.695533215999603271e-01,-1.885576695203781128e-01,-2.918261289596557617e-02,-2.620252668857574463e-01,4.502147436141967773e-01,1.746331453323364258e-01,3.346385061740875244e-01,3.608018159866333008e-01,1.916123479604721069e-01,-1.764801740646362305e-01,1.034567481838166714e-03,2.384273260831832886e-01
1.484452605247497559e+00,8.092427849769592285e-01,6.469799280166625977e-01,-7.863728329539299011e-03,1.439243182539939880e-02,9.967207312583923340e-01,-7.923883199691772461e-02,-3.041332960128784180e-01,-1.185784637928009033e-01,6.602986156940460205e-02,1.179808616638183594e+00,1.907442063093185425e-01,2.200978696346282959e-01,-3.242037445306777954e-02,-1.889025978744029999e-02,-2.454044967889785767e-01,4.273799955844879150e-01,-1.958643496036529541e-01,-1.573393307626247406e-02,-2.227200716733932495e-01,5.108953714370727539e-01,1.388921290636062622e-01,3.570983707904815674e-01,4.709721505641937256e-01,8.426170796155929565e-02,-1.553254425525665283e-01,4.665827751159667969e-02,1.721805185079574585e-01
1.444912552833557129e+00,8.042034506797790527e-01,6.453772783279418945e-01,-6.941962055861949921e-03,1.447656285017728806e-02,9.962953925132751465e-01,-8.448512852191925049e-02,-3.568542003631591797e-01,-1.311618238687515259e-01,3.111073933541774750e-02,1.114832401275634766e+00,1.126498505473136902e-01,1.719301491975784302e-01,5.772760137915611267e-02,-1.229450851678848267e-02,-2.569782733917236328e-01,3.682088851928710938e-01,-1.672325730323791504e-01,2.323411899851635098e-04,-1.829245686531066895e-01,5.636745691299438477e-01,1.118861287832260132e-01,3.745713233947753906e-01,5.483571887016296387e-01,-7.292721420526504517e-03,-1.451215296983718872e-01,9.935224801301956177e-02,1.022730246186256409e-01
1.405690193176269531e+00,7.982734441757202148e-01,6.429251432418823242e-01,-5.502208136022090912e-03,1.376200187951326370e-02,9.957695603370666504e-01,-9.068222343921661377e-02,-3.781098723411560059e-01,-1.326483339071273804e-01,-5.130599718540906906e-03,9.889985918998718262e-01,3.146134689450263977e-02,1.251693069934844971e-01,1.405552327632904053e-01,-3.923562821000814438e-03,-2.729425430297851562e-01,3.081598281860351562e-01,-9.008184820413589478e-02,1.786429248750209808e-02,-1.516705155372619629e-01,6.099885702133178711e-01,9.086504578590393066e-02,3.935186862945556641e-01,5.961140394210815430e-01,-8.313193172216415405e-02,-1.445819288492202759e-01,1.491538435220718384e-01,4.454581066966056824e-02
1.366454005241394043e+00,7.917302250862121582e-01,6.409518718719482422e-01,-4.036400932818651199e-03,1.208552904427051544e-02,9.952125549316406250e-01,-9.689974039793014526e-02,-3.742538988590240479e-01,-1.272682100534439087e-01,-4.497601091861724854e-02,8.198817372322082520e-01,-4.053561389446258545e-02,8.766834437847137451e-02,2.051189392805099487e-01,4.669900052249431610e-03,-2.882919609546661377e-01,2.601478993892669678e-01,5.158550292253494263e-02,3.685072436928749084e-02,-1.326672583818435669e-01,6.516546607017517090e-01,7.316379249095916748e-02,4.200065433979034424e-01,6.191949248313903809e-01,-1.432955116033554077e-01,-1.530190706253051758e-01,1.817064434289932251e-01,6.854653358459472656e-03
1.327327251434326172e+00,7.848439216613769531e-01,6.409111022949218750e-01,-2.697196323424577713e-03,1.023701392114162445e-02,9.948979616165161133e-01,-1.003291755914688110e-01,-3.558205068111419678e-01,-1.190985441207885742e-01,-8.851788938045501709e-02,6.454298496246337891e-01,-9.929084777832031250e-02,5.988086387515068054e-02,2.439731955528259277e-01,9.125941433012485504e-03,-2.943428754806518555e-01,2.431478202342987061e-01,2.322257906198501587e-01,5.652284994721412659e-02,-1.211627125740051270e-01,6.886525154113769531e-01,5.802759900689125061e-02,4.539845883846282959e-01,6.213849186897277832e-01,-1.872202157974243164e-01,-1.677441298961639404e-01,1.973223537206649780e-01,-1.182507723569869995e-02
1.288487195968627930e+00,7.776634097099304199e-01,6.425428986549377441e-01,-2.087146509438753128e-03,8.729561232030391693e-03,9.951174855232238770e-01,-9.828827530145645142e-02,-3.300019204616546631e-01,-1.096779331564903259e-01,-1.270172446966171265e-01,5.062454938888549805e-01,-1.391019523143768311e-01,4.175757616758346558e-02,2.534008026123046875e-01,5.336102563887834549e-03,-2.869840264320373535e-01,2.759308815002441406e-01,3.928793072700500488e-01,7.527245581150054932e-02,-1.109071820974349976e-01,7.192875146865844727e-01,4.818698763847351074e-02,4.876449406147003174e-01,6.043111085891723633e-01,-2.105841636657714844e-01,-1.832271963357925415e-01,2.056580781936645508e-01,-1.414489280432462692e-02
1.249162197113037109e+00,7.689984440803527832e-01,6.437308192253112793e-01,-2.241550246253609657e-03,7.486698683351278305e-03,9.958123564720153809e-01,-9.108589589595794678e-02,-3.046103715896606445e-01,-1.028763875365257263e-01,-1.491742730140686035e-01,4.368005096912384033e-01,-1.664287298917770386e-01,3.575740754604339600e-02,2.288799434900283813e-01,-7.316885050386190414e-03,-2.684051990509033203e-01,3.674024045467376709e-01,4.946258068084716797e-01,8.616010844707489014e-02,-1.000922024250030518e-01,7.362211346626281738e-01,4.524687677621841431e-02,5.066680312156677246e-01,5.678935050964355469e-01,-2.066724151372909546e-01,-1.950676739215850830e-01,2.102229148149490356e-01,3.724223235622048378e-03
1.209386944770812988e+00,7.572843432426452637e-01,6.409455537796020508e-01,-3.111893078312277794e-03,6.714345421642065048e-03,9.966454505920410156e-01,-8.150481432676315308e-02,-2.901481091976165771e-01,-1.070142686367034912e-01,-1.503205597400665283e-01,4.583623409271240234e-01,-2.100608497858047485e-01,4.458766803145408630e-02,1.574277728796005249e-01,-2.753783389925956726e-02,-2.425359189510345459e-01,5.311314463615417480e-01,5.235999822616577148e-01,7.731115072965621948e-02,-9.031687676906585693e-02,7.281083464622497559e-01,5.227287486195564270e-02,5.016048550605773926e-01,5.144219994544982910e-01,-1.675930023193359375e-01,-2.009890377521514893e-01,2.064624875783920288e-01,5.057877302169799805e-02
1.171103954315185547e+00,7.425351142883300781e-01,6.343463063240051270e-01,-4.701298195868730545e-03,6.378538906574249268e-03,9.973580837249755859e-01,-7.220814377069473267e-02,-2.835324704647064209e-01,-1.221279576420783997e-01,-1.365611404180526733e-01,5.412048697471618652e-01,-2.813709080219268799e-01,6.550580263137817383e-02,5.241534113883972168e-02,-4.457407817244529724e-02,-2.096552997827529907e-01,7.069941163063049316e-01,5.235999822616577148e-01,4.488464817404747009e-02,-8.517406135797500610e-02,6.869853138923645020e-01,7.290948927402496338e-02,4.791347384452819824e-01,4.514600634574890137e-01,-9.058035165071487427e-02,-2.050477713346481323e-01,1.858423650264739990e-01,1.263925433158874512e-01
1.136569142341613770e+00,7.276669740676879883e-01,6.275373697280883789e-01,-6.284147500991821289e-03,6.614296697080135345e-03,9.978817701339721680e-01,-6.441073119640350342e-02,-2.674046456813812256e-01,-1.403819173574447632e-01,-1.195771694183349609e-01,6.184918880462646484e-01,-3.568333983421325684e-01,9.035119414329528809e-02,-6.561037898063659668e-02,-5.225873365998268127e-02,-1.734220087528228760e-01,8.393945097923278809e-01,5.235999822616577148e-01,4.368328955024480820e-03,-8.933196961879730225e-02,6.178623437881469727e-01,1.054728254675865173e-01,4.594730734825134277e-01,3.848955631256103516e-01,1.824926584959030151e-02,-2.112673223018646240e-01,1.409311294555664062e-01,2.149373441934585571e-01
1.105697751045227051e+00,7.159986495971679688e-01,6.227578520774841309e-01,-7.399505004286766052e-03,7.590934168547391891e-03,9.982216358184814453e-01,-5.866179615259170532e-02,-2.359094023704528809e-01,-1.550605744123458862e-01,-1.068297624588012695e-01,6.594554185867309570e-01,-4.115434587001800537e-01,1.106033027172088623e-01,-1.859995871782302856e-01,-5.522240325808525085e-02,-1.421375572681427002e-01,9.322733283042907715e-01,4.926446676254272461e-01,-2.056547440588474274e-02,-1.083947047591209412e-01,5.370075106620788574e-01,1.441721916198730469e-01,4.526893794536590576e-01,3.092178106307983398e-01,1.469453424215316772e-01,-2.233037799596786499e-01,6.770085543394088745e-02,2.945513427257537842e-01
1.076455354690551758e+00,7.089806795120239258e-01,6.212347149848937988e-01,-7.657042704522609711e-03,8.946914225816726685e-03,9.984076619148254395e-01,-5.516722798347473145e-02,-1.904870718717575073e-01,-1.617337614297866821e-01,-9.838886559009552002e-02,6.600742340087890625e-01,-4.243994355201721191e-01,1.225106045603752136e-01,-2.877450883388519287e-01,-6.230898946523666382e-02,-1.288364231586456299e-01,9.688125252723693848e-01,4.329299926757812500e-01,-2.299220860004425049e-02,-1.455428600311279297e-01,4.620092511177062988e-01,1.817285716533660889e-01,4.487772881984710693e-01,2.176694422960281372e-01,2.814066708087921143e-01,-2.393191009759902954e-01,-2.724177017807960510e-02,3.545848429203033447e-01
1.045899152755737305e+00,7.063048481941223145e-01,6.233094930648803711e-01,-6.973040290176868439e-03,1.043256837874650955e-02,9.985458850860595703e-01,-5.242748185992240906e-02,-1.360380053520202637e-01,-1.592434048652648926e-01,-8.812130987644195557e-02,6.289786100387573242e-01,-3.772858083248138428e-01,1.257606893777847290e-01,-3.564053773880004883e-01,-7.803578674793243408e-02,-1.404873877763748169e-01,9.397026896476745605e-01,3.619165718555450439e-01,-1.742477901279926300e-02,-1.922127008438110352e-01,3.989611566066741943e-01,2.152046561241149902e-01,4.315333962440490723e-01,1.183353513479232788e-01,4.051277339458465576e-01,-2.565952837467193604e-01,-1.262282580137252808e-01,3.954517841339111328e-01
1.011756658554077148e+00,7.070259451866149902e-01,6.286317110061645508e-01,-5.612846463918685913e-03,1.220446079969406128e-02,9.987652301788330078e-01,-4.782804101705551147e-02,-7.522606849670410156e-02,-1.481225788593292236e-01,-6.869697570800781250e-02,5.691636800765991211e-01,-2.546484172344207764e-01,1.216920688748359680e-01,-3.887182474136352539e-01,-9.487923234701156616e-02,-1.713861525058746338e-01,8.455602526664733887e-01,2.952262759208679199e-01,-1.896898448467254639e-02,-2.360329031944274902e-01,3.485326468944549561e-01,2.439536452293395996e-01,4.007772803306579590e-01,2.865723147988319397e-02,5.092548727989196777e-01,-2.747811377048492432e-01,-2.157848477363586426e-01,4.199447929859161377e-01
9.735909104347229004e-01,7.091316580772399902e-01,6.358264088630676270e-01,-3.779929596930742264e-03,1.491915713995695114e-02,9.990788698196411133e-01,-4.005613178014755249e-02,-2.799490699544548988e-03,-1.334729045629501343e-01,-3.806252405047416687e-02,4.830546975135803223e-01,-7.042826712131500244e-02,1.130317747592926025e-01,-3.905627131462097168e-01,-1.008961796760559082e-01,-2.045728862285614014e-01,6.981507539749145508e-01,2.362893223762512207e-01,-3.001196309924125671e-02,-2.691900432109832764e-01,3.092504441738128662e-01,2.717788815498352051e-01,3.751805722713470459e-01,-4.122785851359367371e-02,5.900092124938964844e-01,-2.945791184902191162e-01,-2.908329367637634277e-01,4.297294318675994873e-01
9.336141943931579590e-01,7.102392315864562988e-01,6.422423720359802246e-01,-2.096827607601881027e-03,1.846295408904552460e-02,9.993712902069091797e-01,-3.019540756940841675e-02,7.764960825443267822e-02,-1.213417202234268188e-01,-1.204028143547475338e-03,4.010899364948272705e-01,1.120986789464950562e-01,1.009448096156120300e-01,-3.757767081260681152e-01,-9.092527627944946289e-02,-2.226446717977523804e-01,5.282458662986755371e-01,1.789407730102539062e-01,-4.320035502314567566e-02,-2.915781140327453613e-01,2.811662554740905762e-01,2.991952300071716309e-01,3.695310950279235840e-01,-9.114045649766921997e-02,6.470840573310852051e-01,-3.153843879699707031e-01,-3.494316041469573975e-01,4.268780946731567383e-01
8.944812417030334473e-01,7.094424962997436523e-01,6.461756229400634766e-01,-4.856455198023468256e-04,2.213366329669952393e-02,9.995351433753967285e-01,-2.096067368984222412e-02,1.507478058338165283e-01,-1.137852743268013000e-01,3.605085983872413635e-02,3.696438968181610107e-01,2.252853959798812866e-01,8.328056335449218750e-02,-3.545558154582977295e-01,-7.097751647233963013e-02,-2.192215919494628906e-01,3.728256523609161377e-01,1.267015039920806885e-01,-5.278826132416725159e-02,-3.075696229934692383e-01,2.614815533161163330e-01,3.223145604133605957e-01,3.788853883743286133e-01,-1.252984553575515747e-01,6.766095757484436035e-01,-3.340905010700225830e-01,-3.871907293796539307e-01,4.148261249065399170e-01
8.570089340209960938e-01,7.078118920326232910e-01,6.480318307876586914e-01,7.184501737356185913e-04,2.537471428513526917e-02,9.995776414871215820e-01,-1.414855197072029114e-02,1.991283893585205078e-01,-1.095854863524436951e-01,7.104118168354034424e-02,4.118541181087493896e-01,2.564026415348052979e-01,6.071758642792701721e-02,-3.340683281421661377e-01,-5.190629512071609497e-02,-2.034549266099929810e-01,2.645085453987121582e-01,9.515029191970825195e-02,-6.049411371350288391e-02,-3.201996386051177979e-01,2.469106912612915039e-01,3.370103240013122559e-01,3.849880993366241455e-01,-1.453356593847274780e-01,6.749962568283081055e-01,-3.478191494941711426e-01,-3.968557119369506836e-01,3.984046280384063721e-01
8.205012679100036621e-01,7.070844173431396484e-01,6.485869884490966797e-01,1.524771680124104023e-03,2.779631875455379486e-02,9.995682239532470703e-01,-9.400101378560066223e-03,2.079843729734420776e-01,-1.069343611598014832e-01,1.038734987378120422e-01,5.266543030738830566e-01,2.362708300352096558e-01,4.231024533510208130e-02,-3.262574076652526855e-01,-3.944787383079528809e-02,-1.910124272108078003e-01,2.364513128995895386e-01,8.329064399003982544e-02,-7.009349763393402100e-02,-3.295770585536956787e-01,2.375384420156478882e-01,3.398764133453369141e-01,3.781534731388092041e-01,-1.470862478017807007e-01,6.401622295379638672e-01,-3.527422547340393066e-01,-3.710228502750396729e-01,3.824427723884582520e-01
7.846385836601257324e-01,7.086096405982971191e-01,6.483233571052551270e-01,2.120931632816791534e-03,2.925419807434082031e-02,9.995499849319458008e-01,-6.285327486693859100e-03,1.753295361995697021e-01,-1.052764281630516052e-01,1.319309324026107788e-01,6.910198330879211426e-01,2.029750347137451172e-01,4.215807840228080750e-02,-3.336522877216339111e-01,-3.469416499137878418e-02,-1.910507977008819580e-01,2.951130568981170654e-01,6.800953298807144165e-02,-8.163934201002120972e-02,-3.362455964088439941e-01,2.390001118183135986e-01,3.304938077926635742e-01,3.681429028511047363e-01,-1.211709305644035339e-01,5.704066157341003418e-01,-3.477058112621307373e-01,-3.061374127864837646e-01,3.681991398334503174e-01
7.495723962783813477e-01,7.121597528457641602e-01,6.469478011131286621e-01,2.275378210470080376e-03,2.954321727156639099e-02,9.995493292808532715e-01,-4.817979875952005386e-03,1.114893257617950439e-01,-1.038430035114288330e-01,1.502748131752014160e-01,8.670691847801208496e-01,1.787570863962173462e-01,6.896685808897018433e-02,-3.453882038593292236e-01,-3.512455150485038757e-02,-2.004547268152236938e-01,4.049884676933288574e-01,2.630754373967647552e-02,-9.053763002157211304e-02,-3.409391045570373535e-01,2.569536566734313965e-01,3.098182976245880127e-01,3.699129819869995117e-01,-5.715007707476615906e-02,4.705317318439483643e-01,-3.305187523365020752e-01,-2.130189538002014160e-01,3.518999516963958740e-01
7.157143950462341309e-01,7.163890600204467773e-01,6.445887684822082520e-01,1.984912203624844551e-03,2.836165577173233032e-02,9.995813965797424316e-01,-5.358245689421892166e-03,2.993867173790931702e-02,-1.025356724858283997e-01,1.567394435405731201e-01,1.021704316139221191e+00,1.638273149728775024e-01,1.166566982865333557e-01,-3.461939692497253418e-01,-3.558755293488502502e-02,-2.115122377872467041e-01,5.154555439949035645e-01,-4.035211727023124695e-02,-9.372942894697189331e-02,-3.424794077873229980e-01,2.900521457195281982e-01,2.799318432807922363e-01,3.860556781291961670e-01,4.658924415707588196e-02,3.533196747303009033e-01,-3.003223538398742676e-01,-1.143420487642288208e-01,3.256038725376129150e-01
6.832844018936157227e-01,7.198393344879150391e-01,6.425503492355346680e-01,1.420259475708007812e-03,2.611127682030200958e-02,9.996373057365417480e-01,-6.437051575630903244e-03,-6.188241764903068542e-02,-1.035351008176803589e-01,1.520981490612030029e-01,1.137131094932556152e+00,1.438013613224029541e-01,1.642988324165344238e-01,-3.273438811302185059e-01,-3.204378858208656311e-02,-2.192803621292114258e-01,5.899742245674133301e-01,-1.056984961032867432e-01,-9.168210625648498535e-02,-3.351563513278961182e-01,3.318006396293640137e-01,2.447101324796676636e-01,4.046857059001922607e-01,1.772816479206085205e-01,2.317919433116912842e-01,-2.610754966735839844e-01,-2.360530011355876923e-02,2.817611694335937500e-01
6.517917513847351074e-01,7.219249010086059570e-01,6.420722603797912598e-01,6.665970431640744209e-04,2.362542785704135895e-02,9.997000694274902344e-01,-6.414767354726791382e-03,-1.597083359956741333e-01,-1.093248203396797180e-01,1.364529728889465332e-01,1.208975911140441895e+00,1.029819697141647339e-01,1.888222992420196533e-01,-2.899712920188903809e-01,-2.584441006183624268e-02,-2.224027961492538452e-01,6.199036240577697754e-01,-1.474028676748275757e-01,-8.552345633506774902e-02,-3.163813650608062744e-01,3.771772086620330811e-01,2.071064859628677368e-01,4.137306511402130127e-01,3.128444254398345947e-01,1.137211844325065613e-01,-2.203246504068374634e-01,6.283521652221679688e-02,2.200254946947097778e-01
6.212939023971557617e-01,7.225569486618041992e-01,6.434045433998107910e-01,-7.149398879846557975e-05,2.145870961248874664e-02,9.997566342353820801e-01,-5.116977728903293610e-03,-2.550065517425537109e-01,-1.173585355281829834e-01,1.109774485230445862e-01,1.237082481384277344e+00,3.646786510944366455e-02,1.831839084625244141e-01,-2.385126650333404541e-01,-1.911062374711036682e-02,-2.213766276836395264e-01,6.125059127807617188e-01,-1.644732952117919922e-01,-7.649318128824234009e-02,-2.898282110691070557e-01,4.228151738643646240e-01,1.693318188190460205e-01,4.114469587802886963e-01,4.335514605045318604e-01,3.540256991982460022e-03,-1.838266402482986450e-01,1.492637544870376587e-01,1.503146141767501831e-01
5.925187468528747559e-01,7.217866778373718262e-01,6.451693177223205566e-01,-5.712516140192747116e-04,1.917405612766742706e-02,9.998086094856262207e-01,-3.849309869110584259e-03,-3.349735140800476074e-01,-1.196164563298225403e-01,7.989568263292312622e-02,1.216707110404968262e+00,-4.641151055693626404e-02,1.571322679519653320e-01,-1.777958273887634277e-01,-1.228591520339250565e-02,-2.178952842950820923e-01,5.813193917274475098e-01,-1.731173396110534668e-01,-6.522314995527267456e-02,-2.624647021293640137e-01,4.691608548164367676e-01,1.329045146703720093e-01,4.046489298343658447e-01,5.299272537231445312e-01,-9.387535601854324341e-02,-1.549617648124694824e-01,2.299206256866455078e-01,8.607906848192214966e-02
5.655441880226135254e-01,7.197014093399047852e-01,6.458408832550048828e-01,-7.729608332738280296e-04,1.666080951690673828e-02,9.998554587364196777e-01,-3.295432543382048607e-03,-3.895829916000366211e-01,-1.116708591580390930e-01,4.962492361664772034e-02,1.138796925544738770e+00,-1.290497928857803345e-01,1.228942945599555969e-01,-1.119776666164398193e-01,-5.165333859622478485e-03,-2.138201296329498291e-01,5.399857759475708008e-01,-1.895522475242614746e-01,-5.264791101217269897e-02,-2.396780550479888916e-01,5.179296731948852539e-01,9.915142506361007690e-02,4.007935822010040283e-01,5.998450517654418945e-01,-1.767634451389312744e-01,-1.359686702489852905e-01,2.964046895503997803e-01,3.636851534247398376e-02
5.391440391540527344e-01,7.172780632972717285e-01,6.451628804206848145e-01,-8.829017169773578644e-04,1.372120156884193420e-02,9.999017119407653809e-01,-2.747482620179653168e-03,-4.151793420314788818e-01,-9.503818303346633911e-02,2.456989698112010956e-02,1.002488136291503906e+00,-1.959307044744491577e-01,8.846441656351089478e-02,-4.493499174714088440e-02,1.927846809849143028e-03,-2.102033048868179321e-01,4.946537911891937256e-01,-2.035292685031890869e-01,-3.972828388214111328e-02,-2.226640135049819946e-01,5.694839954376220703e-01,6.954994052648544312e-02,4.043693244457244873e-01,6.441376209259033203e-01,-2.470084875822067261e-01,-1.264791041612625122e-01,3.479380905628204346e-01,3.424270544201135635e-03
5.105657577514648438e-01,7.155416607856750488e-01,6.445535421371459961e-01,-7.118355133570730686e-04,1.081472355872392654e-02,9.999406337738037109e-01,-1.139501458965241909e-03,-4.158147573471069336e-01,-7.617362588644027710e-02,3.016599919646978378e-03,8.233183622360229492e-01,-2.376225888729095459e-01,5.760563910007476807e-02,1.952948234975337982e-02,8.671207353472709656e-03,-2.073696106672286987e-01,4.450773000717163086e-01,-1.760581135749816895e-01,-2.719110995531082153e-02,-2.106999754905700684e-01,6.204884648323059082e-01,4.599456861615180969e-02,4.165322482585906982e-01,6.662070751190185547e-01,-3.067426979541778564e-01,-1.240239366888999939e-01,3.877221941947937012e-01,-1.538995560258626938e-02
4.782404899597167969e-01,7.151897549629211426e-01,6.448854804039001465e-01,-5.382295348681509495e-04,8.218652568757534027e-03,9.999635815620422363e-01,2.245687181130051613e-03,-4.012295305728912354e-01,-6.152758747339248657e-02,-2.216317690908908844e-02,6.333983540534973145e-01,-2.501980662345886230e-01,3.285225480794906616e-02,7.606803625822067261e-02,1.293591409921646118e-02,-2.051786929368972778e-01,3.966659009456634521e-01,-7.990562915802001953e-02,-1.469233632087707520e-02,-2.016510665416717529e-01,6.678085923194885254e-01,2.961853146553039551e-02,4.350348711013793945e-01,6.718230843544006348e-01,-3.561612665653228760e-01,-1.271306872367858887e-01,4.182004034519195557e-01,-2.598660252988338470e-02
4.439506530761718750e-01,7.159239053726196289e-01,6.455734372138977051e-01,-2.411917230347171426e-04,6.379988975822925568e-03,9.999500513076782227e-01,7.691091857850551605e-03,-3.822979032993316650e-01,-5.264394730329513550e-02,-5.390964075922966003e-02,4.702363610267639160e-01,-2.296951264142990112e-01,1.525072008371353149e-02,1.201369389891624451e-01,1.227822247892618179e-02,-2.035421729087829590e-01,3.648238778114318848e-01,6.709084659814834595e-02,4.169463063590228558e-04,-1.942472755908966064e-01,7.071201205253601074e-01,2.017567120492458344e-02,4.554843008518218994e-01,6.660169363021850586e-01,-3.934361934661865234e-01,-1.338242739439010620e-01,4.401547312736511230e-01,-3.218168020248413086e-02
4.109297096729278564e-01,7.168467044830322266e-01,6.451767086982727051e-01,-3.309763997094705701e-06,5.297466646879911423e-03,9.998731017112731934e-01,1.502342335879802704e-02,-3.686768710613250732e-01,-4.893187060952186584e-02,-8.577944338321685791e-02,3.661511242389678955e-01,-1.777963042259216309e-01,4.484065342694520950e-03,1.460693478584289551e-01,4.275770392268896103e-03,-2.031356543302536011e-01,3.668022155761718750e-01,2.226476669311523438e-01,2.304679900407791138e-02,-1.874337792396545410e-01,7.333633303642272949e-01,1.794304512441158295e-02,4.726402759552001953e-01,6.542062163352966309e-01,-4.129495322704315186e-01,-1.413353234529495239e-01,4.511709213256835938e-01,-3.358346968889236450e-02
3.801214396953582764e-01,7.162397503852844238e-01,6.425150632858276367e-01,1.511935806774999946e-05,5.037218797951936722e-03,9.997151494026184082e-01,2.332875691354274750e-02,-3.676445186138153076e-01,-5.222187936305999756e-02,-1.064065396785736084e-01,3.412930071353912354e-01,-1.209418103098869324e-01,1.728137372992932796e-03,1.481097638607025146e-01,-1.054330263286828995e-02,-2.019570320844650269e-01,4.099935889244079590e-01,3.596489727497100830e-01,5.569395422935485840e-02,-1.811205446720123291e-01,7.385514974594116211e-01,2.540203556418418884e-02,4.821425676345825195e-01,6.437679529190063477e-01,-4.085542559623718262e-01,-1.474219560623168945e-01,4.468189775943756104e-01,-2.179077826440334320e-02
3.515577316284179688e-01,7.124227285385131836e-01,6.380310058593750000e-01,-2.713559078983962536e-04,5.371076520532369614e-03,9.994733333587646484e-01,3.200211748480796814e-02,-3.783251345157623291e-01,-6.369327008724212646e-02,-1.084790155291557312e-01,3.883948326110839844e-01,-9.824132174253463745e-02,9.333371184766292572e-03,1.201890408992767334e-01,-2.965427376329898834e-02,-1.936328858137130737e-01,4.932037889957427979e-01,4.652837812900543213e-01,9.372243285179138184e-02,-1.765204668045043945e-01,7.154774665832519531e-01,4.320711269974708557e-02,4.841151535511016846e-01,6.425464153289794922e-01,-3.750207424163818359e-01,-1.516645550727844238e-01,4.209744632244110107e-01,1.579299755394458771e-02
3.262643814086914062e-01,7.063331007957458496e-01,6.336433291435241699e-01,-4.918272024951875210e-04,6.627769675105810165e-03,9.991405606269836426e-01,4.091359674930572510e-02,-3.900422155857086182e-01,-7.897046208381652832e-02,-9.467498958110809326e-02,4.665579795837402344e-01,-1.195611432194709778e-01,2.421049773693084717e-02,5.779174715280532837e-02,-4.875518009066581726e-02,-1.724894195795059204e-01,6.116003990173339844e-01,5.235999822616577148e-01,1.229291111230850220e-01,-1.749405860900878906e-01,6.649259924888610840e-01,6.868007034063339233e-02,4.818578362464904785e-01,6.539657711982727051e-01,-3.142313659191131592e-01,-1.542636007070541382e-01,3.725212216377258301e-01,8.876528590917587280e-02
3.054694235324859619e-01,7.011952996253967285e-01,6.310902833938598633e-01,-6.171663990244269371e-04,8.540951646864414215e-03,9.986859560012817383e-01,5.052798241376876831e-02,-3.896422982215881348e-01,-8.965788781642913818e-02,-7.403115928173065186e-02,5.275009870529174805e-01,-1.588429808616638184e-01,3.815398737788200378e-02,-3.597587719559669495e-02,-6.394694000482559204e-02,-1.416217684745788574e-01,7.521095275878906250e-01,5.235999822616577148e-01,1.265278160572052002e-01,-1.777049303054809570e-01,5.936091542243957520e-01,9.469384700059890747e-02,4.776757955551147461e-01,6.756017208099365234e-01,-2.360178232192993164e-01,-1.565872430801391602e-01,3.102276921272277832e-01,1.955890357494354248e-01
2.888778746128082275e-01,6.994146704673767090e-01,6.318195462226867676e-01,-6.607361137866973877e-04,1.046790089458227158e-02,9.981422424316406250e-01,6.001664698123931885e-02,-3.681837320327758789e-01,-9.244650602340698242e-02,-5.525728315114974976e-02,5.400816202163696289e-01,-1.837934255599975586e-01,4.599881917238235474e-02,-1.379490941762924194e-01,-7.216438651084899902e-02,-1.140232905745506287e-01,8.600266575813293457e-01,5.039378404617309570e-01,1.023987457156181335e-01,-1.869883239269256592e-01,5.118925571441650391e-01,1.181579679250717163e-01,4.698624610900878906e-01,7.019796967506408691e-01,-1.511041820049285889e-01,-1.596682518720626831e-01,2.468284964561462402e-01,3.230112493038177490e-01
2.743864953517913818e-01,7.007489204406738281e-01,6.342889070510864258e-01,-6.618740735575556755e-04,1.174339465796947479e-02,9.976076483726501465e-01,6.812205165624618530e-02,-3.329476714134216309e-01,-8.969048410654067993e-02,-4.174159467220306396e-02,5.208035111427307129e-01,-1.950458437204360962e-01,4.798546433448791504e-02,-2.386697381734848022e-01,-7.879919558763504028e-02,-1.013233810663223267e-01,9.350162148475646973e-01,4.625160694122314453e-01,6.858379393815994263e-02,-2.044290453195571899e-01,4.289567470550537109e-01,1.406402438879013062e-01,4.527606070041656494e-01,7.273012995719909668e-01,-6.642496585845947266e-02,-1.649145632982254028e-01,1.905235946178436279e-01,4.516490399837493896e-01
2.600308656692504883e-01,7.039939761161804199e-01,6.381226778030395508e-01,-9.251786395907402039e-04,1.230006292462348938e-02,9.971565008163452148e-01,7.434256374835968018e-02,-2.857587933540344238e-01,-8.383667469024658203e-02,-3.387040272355079651e-02,4.766233563423156738e-01,-1.961260735988616943e-01,4.678155481815338135e-02,-3.207830190658569336e-01,-9.093408286571502686e-02,-1.108372956514358521e-01,9.523424506187438965e-01,4.216732978820800781e-01,4.343026876449584961e-02,-2.271813601255416870e-01,3.516839742660522461e-01,1.665560752153396606e-01,4.202861785888671875e-01,7.448532581329345703e-01,1.487796381115913391e-02,-1.741368174552917480e-01,1.420083194971084595e-01,5.645959377288818359e-01
2.448601871728897095e-01,7.081828713417053223e-01,6.424735784530639648e-01,-1.244601095095276833e-03,1.228924654424190521e-02,9.967481493949890137e-01,7.962740957736968994e-02,-2.281420230865478516e-01,-7.714178413152694702e-02,-2.866582386195659637e-02,4.141997992992401123e-01,-1.907934248447418213e-01,4.462518915534019470e-02,-3.775666058063507080e-01,-1.115822941064834595e-01,-1.403450071811676025e-01,9.109882712364196777e-01,3.847216367721557617e-01,3.007778152823448181e-02,-2.505833506584167480e-01,2.829787135124206543e-01,1.973640918731689453e-01,3.709218204021453857e-01,7.501367926597595215e-01,9.115295112133026123e-02,-1.887040734291076660e-01,9.582977741956710815e-02,6.547597050666809082e-01
2.291459292173385620e-01,7.120176553726196289e-01,6.464219093322753906e-01,-1.658111345022916794e-03,1.231757178902626038e-02,9.963029026985168457e-01,8.500645309686660767e-02,-1.660781204700469971e-01,-7.216548174619674683e-02,-2.333655953407287598e-02,3.441176712512969971e-01,-1.833376884460449219e-01,4.321049153804779053e-02,-4.099174141883850098e-01,-1.336549371480941772e-01,-1.803531795740127563e-01,8.200218677520751953e-01,3.536407053470611572e-01,2.121047489345073700e-02,-2.711741626262664795e-01,2.229821532964706421e-01,2.318584769964218140e-01,3.086303770542144775e-01,7.432761788368225098e-01,1.600115597248077393e-01,-2.084855884313583374e-01,4.961165785789489746e-02,7.230367660522460938e-01
2.135938704013824463e-01,7.148742079734802246e-01,6.491513252258300781e-01,-2.235607011243700981e-03,1.226229779422283173e-02,9.958211183547973633e-01,9.047073125839233398e-02,-1.079193800687789917e-01,-6.990971416234970093e-02,-1.681542024016380310e-02,2.815479934215545654e-01,-1.802103370428085327e-01,4.390841722488403320e-02,-4.220481812953948975e-01,-1.467002481222152710e-01,-2.180412709712982178e-01,6.930663585662841797e-01,3.283923864364624023e-01,1.251097396016120911e-02,-2.879346013069152832e-01,1.701077073812484741e-01,2.681331634521484375e-01,2.424021661281585693e-01,7.295047044754028320e-01,2.193056195974349976e-01,-2.311963438987731934e-01,3.828271524980664253e-03,7.751060724258422852e-01
1.982220262289047241e-01,7.176830768585205078e-01,6.501997113227844238e-01,-2.844215370714664459e-03,1.209415215998888016e-02,9.953694343566894531e-01,9.531684219837188721e-02,-5.966011434793472290e-02,-6.891314685344696045e-02,-1.061834208667278290e-02,2.399602532386779785e-01,-1.890201121568679810e-01,4.483628645539283752e-02,-4.190267622470855713e-01,-1.463461518287658691e-01,-2.430435270071029663e-01,5.447219014167785645e-01,3.092283904552459717e-01,4.623735323548316956e-03,-3.031467497348785400e-01,1.228832527995109558e-01,3.061686456203460693e-01,1.810177266597747803e-01,7.151772975921630859e-01,2.667118310928344727e-01,-2.538679242134094238e-01,-4.047591239213943481e-02,8.186731934547424316e-01
1.825920492410659790e-01,7.212780117988586426e-01,6.496019363403320312e-01,-3.481006482616066933e-03,1.140782516449689865e-02,9.949967265129089355e-01,9.919303655624389648e-02,-2.333783917129039764e-02,-6.669226288795471191e-02,-5.387929268181324005e-03,2.279271483421325684e-01,-2.146949619054794312e-01,4.444798827171325684e-02,-4.046143591403961182e-01,-1.352729052305221558e-01,-2.530237138271331787e-01,3.911524415016174316e-01,3.009534180164337158e-01,-9.980648756027221680e-04,-3.196143805980682373e-01,7.916761934757232666e-02,3.443250358104705811e-01,1.300109922885894775e-01,7.079869508743286133e-01,3.005626797676086426e-01,-2.727399170398712158e-01,-8.403847366571426392e-02,8.608943819999694824e-01
1.662718951702117920e-01,7.258523702621459961e-01,6.477081179618835449e-01,-3.896717447787523270e-03,9.857422672212123871e-03,9.945753216743469238e-01,1.034772843122482300e-01,1.012845197692513466e-03,-6.161205843091011047e-02,1.474490622058510780e-03,2.482682913541793823e-01,-2.575512528419494629e-01,4.271106794476509094e-02,-3.865064680576324463e-01,-1.183277443051338196e-01,-2.503108680248260498e-01,2.584857344627380371e-01,3.078044652938842773e-01,-4.863254725933074951e-03,-3.326359391212463379e-01,3.953863680362701416e-02,3.807086944580078125e-01,9.224021434783935547e-02,7.137147784233093262e-01,3.209074139595031738e-01,-2.845051884651184082e-01,-1.271303743124008179e-01,9.057054519653320312e-01
1.496211886405944824e-01,7.307989597320556641e-01,6.451189517974853516e-01,-4.122296348214149475e-03,7.601833902299404144e-03,9.936988949775695801e-01,1.117484793066978455e-01,1.571543887257575989e-02,-5.489066615700721741e-02,1.748223975300788879e-02,2.928819060325622559e-01,-3.040607869625091553e-01,4.012884944677352905e-02,-3.767734169960021973e-01,-1.000551804900169373e-01,-2.357572913169860840e-01,1.784682869911193848e-01,3.192614018917083740e-01,-8.143594488501548767e-03,-3.317022025585174561e-01,3.133149584755301476e-03,4.127816557884216309e-01,6.587903201580047607e-02,7.358223795890808105e-01,3.282288610935211182e-01,-2.850149273872375488e-01,-1.658319532871246338e-01,9.546500444412231445e-01
1.330533772706985474e-01,7.360543012619018555e-01,6.426576375961303711e-01,-4.204010590910911560e-03,5.412291269749403000e-03,9.920914173126220703e-01,1.253299415111541748e-01,2.141713351011276245e-02,-4.762251302599906921e-02,4.546941816806793213e-02,3.497665226459503174e-01,-3.264450132846832275e-01,3.632824122905731201e-02,-3.804016113281250000e-01,-8.228024840354919434e-02,-2.118690758943557739e-01,1.635775268077850342e-01,3.140820264816284180e-01,-1.160116400569677353e-02,-3.088839352130889893e-01,-2.991916425526142120e-02,4.348301589488983154e-01,5.148689448833465576e-02,7.759131789207458496e-01,3.227759599685668945e-01,-2.741923034191131592e-01,-1.912466436624526978e-01,1.008710145950317383e+00
1.166594922542572021e-01,7.418730258941650391e-01,6.411616802215576172e-01,-4.219273570924997330e-03,4.217199515551328659e-03,9.901359677314758301e-01,1.399829387664794922e-01,1.558929122984409332e-02,-3.980991244316101074e-02,7.891055196523666382e-02,4.120341241359710693e-01,-2.981071770191192627e-01,3.036420606076717377e-02,-3.910648524761199951e-01,-6.782532483339309692e-02,-1.861472278833389282e-01,1.996314674615859985e-01,2.794205546379089355e-01,-1.436022855341434479e-02,-2.746062278747558594e-01,-5.609140172600746155e-02,4.422373771667480469e-01,5.676881223917007446e-02,8.350900411605834961e-01,3.009026646614074707e-01,-2.563207745552062988e-01,-1.917484998703002930e-01,1.069283485412597656e+00
1.007728278636932373e-01,7.480821609497070312e-01,6.412934660911560059e-01,-4.241375718265771866e-03,4.070437513291835785e-03,9.886313080787658691e-01,1.502451896667480469e-01,-7.756238919682800770e-04,-3.044075705111026764e-02,1.080462336540222168e-01,4.746233820915222168e-01,-2.130675911903381348e-01,2.211910672485828400e-02,-3.961881697177886963e-01,-5.968137085437774658e-02,-1.681326627731323242e-01,2.512486577033996582e-01,2.259607762098312378e-01,-1.540157757699489594e-02,-2.470633387565612793e-01,-7.113201916217803955e-02,4.336481690406799316e-01,8.599907159805297852e-02,9.148450493812561035e-01,2.601855099201202393e-01,-2.362984418869018555e-01,-1.623272001743316650e-01,1.135318398475646973e+00
8.643195778131484985e-02,7.542065978050231934e-01,6.430599689483642578e-01,-3.747686278074979782e-03,4.416824318468570709e-03,9.879028201103210449e-01,1.549659818410873413e-01,-2.113820426166057587e-02,-2.063221670687198639e-02,1.302370578050613403e-01,5.308697223663330078e-01,-9.403575211763381958e-02,1.396349631249904633e-02,-3.853892683982849121e-01,-5.533894523978233337e-02,-1.609361469745635986e-01,2.810665369033813477e-01,1.806882917881011963e-01,-1.566749811172485352e-02,-2.345628440380096436e-01,-7.765986770391464233e-02,4.106348454952239990e-01,1.279859095811843872e-01,1.013843536376953125e+00,2.038907706737518311e-01,-2.153998911380767822e-01,-1.110168695449829102e-01,1.202573180198669434e+00
7.418587803840637207e-02,7.602300047874450684e-01,6.460464000701904297e-01,-2.886862726882100105e-03,5.438592750579118729e-03,9.874578118324279785e-01,1.577631086111068726e-01,-4.240479692816734314e-02,-1.298039592802524567e-02,1.500426828861236572e-01,5.782966613769531250e-01,2.101119793951511383e-02,8.858271874487400055e-03,-3.599731326103210449e-01,-5.127721652388572693e-02,-1.585063487291336060e-01,2.779889404773712158e-01,1.568604111671447754e-01,-1.657988503575325012e-02,-2.318886369466781616e-01,-7.949267327785491943e-02,3.763843476772308350e-01,1.638066470623016357e-01,1.123890757560729980e+00,1.396025121212005615e-01,-1.915069520473480225e-01,-5.281440913677215576e-02,1.266178607940673828e+00
6.356867402791976929e-02,7.665303945541381836e-01,6.497247219085693359e-01,-1.796977361664175987e-03,7.279615849256515503e-03,9.867467284202575684e-01,1.620945632457733154e-01,-6.675019115209579468e-02,-9.248824790120124817e-03,1.702070981264114380e-01,6.222262382507324219e-01,9.813505411148071289e-02,7.154955528676509857e-03,-3.277451694011688232e-01,-4.564783722162246704e-02,-1.533131152391433716e-01,2.530024647712707520e-01,1.495625972747802734e-01,-1.912129856646060944e-02,-2.309819012880325317e-01,-7.627084851264953613e-02,3.337491154670715332e-01,1.842658817768096924e-01,1.229788303375244141e+00,7.295117527246475220e-02,-1.637897342443466187e-01,3.402256639674305916e-03,1.322041392326354980e+00
5.360343679785728455e-02,7.730640172958374023e-01,6.536036729812622070e-01,-5.692179547622799873e-04,1.026713568717241287e-02,9.855468869209289551e-01,1.690904796123504639e-01,-9.477365761995315552e-02,-9.475608356297016144e-03,1.881475746631622314e-01,6.650919914245605469e-01,1.200741976499557495e-01,8.030811324715614319e-03,-2.935250103473663330e-01,-4.023283720016479492e-02,-1.423193514347076416e-01,2.192021608352661133e-01,1.492240577936172485e-01,-2.216610684990882874e-02,-2.286825031042098999e-01,-6.231319531798362732e-02,2.849429547786712646e-01,1.967166960239410400e-01,1.318943858146667480e+00,7.387956604361534119e-03,-1.322888880968093872e-01,5.490232259035110474e-02,1.365945339202880859e+00
4.410167410969734192e-02,7.793102860450744629e-01,6.573213338851928711e-01,7.657262030988931656e-04,1.375648472458124161e-02,9.840174317359924316e-01,1.775382757186889648e-01,-1.237369179725646973e-01,-1.381113380193710327e-02,1.984294205904006958e-01,7.002133727073669434e-01,9.126859903335571289e-02,1.053238846361637115e-02,-2.595584094524383545e-01,-3.613646700978279114e-02,-1.276425421237945557e-01,1.833298504352569580e-01,1.494589596986770630e-01,-2.495825663208961487e-02,-2.262098193168640137e-01,-3.626916185021400452e-02,2.328337430953979492e-01,2.121483087539672852e-01,1.388840913772583008e+00,-5.361108109354972839e-02,-9.872552007436752319e-02,1.020235940814018250e-01,1.392425060272216797e+00
3.538738191127777100e-02,7.849294543266296387e-01,6.603791713714599609e-01,2.053579082712531090e-03,1.705546490848064423e-02,9.823247790336608887e-01,1.863943785429000854e-01,-1.506933420896530151e-01,-2.091732993721961975e-02,1.963077485561370850e-01,7.194550037384033203e-01,2.852029167115688324e-02,1.397599373012781143e-02,-2.270029783248901367e-01,-3.312471881508827209e-02,-1.124021634459495544e-01,1.478781700134277344e-01,1.490247100591659546e-01,-2.704536542296409607e-02,-2.244465649127960205e-01,-2.499616704881191254e-03,1.801922619342803955e-01,2.363433539867401123e-01,1.444428801536560059e+00,-1.080951541662216187e-01,-6.532182544469833374e-02,1.439796835184097290e-01,1.399081110954284668e+00
2.759242616593837738e-02,7.896209359169006348e-01,6.627817153930664062e-01,3.218626836314797401e-03,1.955615542829036713e-02,9.806429743766784668e-01,1.947987973690032959e-01,-1.727546453475952148e-01,-2.850619889795780182e-02,1.827760189771652222e-01,7.156646847724914551e-01,-4.992447420954704285e-02,1.592063717544078827e-02,-1.967780143022537231e-01,-3.068694472312927246e-02,-9.768049418926239014e-02,1.142774000763893127e-01,1.481705009937286377e-01,-2.876378782093524933e-02,-2.237419486045837402e-01,3.178845345973968506e-02,1.293921023607254028e-01,2.669461369514465332e-01,1.489828824996948242e+00,-1.554240584373474121e-01,-3.406884893774986267e-02,1.801695227622985840e-01,1.388550162315368652e+00
2.065096981823444366e-02,7.933130860328674316e-01,6.644682288169860840e-01,4.288864787667989731e-03,2.109317854046821594e-02,9.790474176406860352e-01,2.024915516376495361e-01,-1.871120035648345947e-01,-3.384412452578544617e-02,1.609157472848892212e-01,6.856680512428283691e-01,-1.298410296440124512e-01,1.413852907717227936e-02,-1.698548644781112671e-01,-2.872348017990589142e-02,-8.415676653385162354e-02,8.399337530136108398e-02,1.475042998790740967e-01,-2.922674827277660370e-02,-2.251411378383636475e-01,6.245967373251914978e-02,8.016473799943923950e-02,2.995003461837768555e-01,1.525128722190856934e+00,-1.964732557535171509e-01,-5.671140272170305252e-03,2.141105085611343384e-01,1.366692423820495605e+00
1.425680704414844513e-02,7.961614131927490234e-01,6.655218005180358887e-01,5.036237649619579315e-03,2.178414538502693176e-02,9.775376319885253906e-01,2.095715254545211792e-01,-1.920233219861984253e-01,-3.525590524077415466e-02,1.334433555603027344e-01,6.287479996681213379e-01,-1.945795565843582153e-01,8.268916979432106018e-03,-1.461782008409500122e-01,-2.659874409437179565e-02,-7.118276506662368774e-02,5.752725154161453247e-02,1.465360522270202637e-01,-2.894182689487934113e-02,-2.275904864072799683e-01,8.680005371570587158e-02,3.341588005423545837e-02,3.299034833908081055e-01,1.549075126647949219e+00,-2.326435893774032593e-01,1.969763822853565216e-02,2.487552613019943237e-01,1.339328765869140625e+00
8.094886317849159241e-03,7.986713647842407227e-01,6.661411523818969727e-01,5.471173673868179321e-03,2.177881449460983276e-02,9.761441349983215332e-01,2.159592211246490479e-01,-1.885437369346618652e-01,-3.319896385073661804e-02,1.021104604005813599e-01,5.487193465232849121e-01,-2.250132113695144653e-01,3.547501983121037483e-04,-1.237877309322357178e-01,-2.444688603281974792e-02,-5.930233374238014221e-02,3.250959888100624084e-02,1.454252749681472778e-01,-2.817181870341300964e-02,-2.312507033348083496e-01,1.061265319585800171e-01,-9.117726236581802368e-03,3.570815920829772949e-01,1.562192440032958984e+00,-2.641061842441558838e-01,4.274835437536239624e-02,2.843717038631439209e-01,1.311176776885986328e+00
1.793845673091709614e-03,8.009192347526550293e-01,6.663365960121154785e-01,5.799245089292526245e-03,2.103084698319435120e-02,9.750902056694030762e-01,2.207333147525787354e-01,-1.794163733720779419e-01,-2.995870821177959442e-02,6.957732141017913818e-02,4.612144231796264648e-01,-2.165407836437225342e-01,-6.614202633500099182e-03,-9.919855743646621704e-02,-2.242680080235004425e-02,-5.048805847764015198e-02,4.099915735423564911e-03,1.459242254495620728e-01,-2.658564969897270203e-02,-2.361132055521011353e-01,1.198610290884971619e-01,-4.504428058862686157e-02,3.802359700202941895e-01,1.567814469337463379e+00,-2.904514372348785400e-01,6.315476447343826294e-02,3.153720498085021973e-01,1.285874724388122559e+00
-4.472086206078529358e-03,8.026000857353210449e-01,6.661444902420043945e-01,5.813019350171089172e-03,1.969861052930355072e-02,9.747388362884521484e-01,2.224014550447463989e-01,-1.671847999095916748e-01,-2.791145071387290955e-02,4.036827385425567627e-02,3.872395753860473633e-01,-1.882978230714797974e-01,-9.727560915052890778e-03,-8.418129384517669678e-02,-2.109009213745594025e-02,-4.771485552191734314e-02,-4.495778328013989977e-18,1.310003548860549927e-01,-2.428261563181877136e-02,-2.440300434827804565e-01,1.276797205209732056e-01,-7.174903154373168945e-02,3.970479369163513184e-01,1.569985628128051758e+00,-3.096991479396820068e-01,7.990106940269470215e-02,3.357804715633392334e-01,1.266257166862487793e+00
-1.020804699510335922e-02,8.035487532615661621e-01,6.657180190086364746e-01,5.498356651514768600e-03,1.795647852122783661e-02,9.751853942871093750e-01,2.205920070409774780e-01,-1.525394469499588013e-01,-2.795877493917942047e-02,1.722781918942928314e-02,3.371542692184448242e-01,-1.650597304105758667e-01,-8.931746706366539001e-03,-7.109812647104263306e-02,-2.012537419795989990e-02,-5.170484632253646851e-02,-2.548045504547121344e-18,1.134652867913246155e-01,-2.128956653177738190e-02,-2.543733716011047363e-01,1.302539855241775513e-01,-8.835040777921676636e-02,4.045079052448272705e-01,1.570437073707580566e+00,-3.194305002689361572e-01,9.256496280431747437e-02,3.422454595565795898e-01,1.253757238388061523e+00
-1.490695867687463760e-02,8.040083646774291992e-01,6.652286052703857422e-01,5.018490832298994064e-03,1.583477295935153961e-02,9.759961962699890137e-01,2.171531021595001221e-01,-1.361999362707138062e-01,-2.800178714096546173e-02,1.001988654024899006e-03,3.051357567310333252e-01,-1.543632149696350098e-01,-6.483294069766998291e-03,-5.944910645484924316e-02,-1.869043149054050446e-02,-5.946501344442367554e-02,1.452847951051194534e-17,9.764106571674346924e-02,-1.831177994608879089e-02,-2.622941136360168457e-01,1.290858238935470581e-01,-9.631965309381484985e-02,4.037885069847106934e-01,1.569810748100280762e+00,-3.196280002593994141e-01,1.008901223540306091e-01,3.391968905925750732e-01,1.250950932502746582e+00
-1.824963651597499847e-02,8.042497634887695312e-01,6.648802161216735840e-01,4.148789215832948685e-03,1.406237576156854630e-02,9.766226410865783691e-01,2.144603878259658813e-01,-1.207339242100715637e-01,-2.659299969673156738e-02,-8.540497161448001862e-03,2.792085409164428711e-01,-1.474182456731796265e-01,-4.520816262811422348e-03,-5.200889706611633301e-02,-1.669154502451419830e-02,-6.491648405790328979e-02,1.045216488471390197e-17,8.584080636501312256e-02,-1.606047526001930237e-02,-2.637917399406433105e-01,1.264261305332183838e-01,-9.724277257919311523e-02,3.990614414215087891e-01,1.567776679992675781e+00,-3.135652542114257812e-01,1.052312478423118591e-01,3.351534903049468994e-01,1.260179162025451660e+00
-2.020393125712871552e-02,8.042955398559570312e-01,6.646392345428466797e-01,3.468883922323584557e-03,1.248115487396717072e-02,9.769793152809143066e-01,2.129403948783874512e-01,-1.087357550859451294e-01,-2.435315214097499847e-02,-1.408771798014640808e-02,2.559079229831695557e-01,-1.387807428836822510e-01,-3.401078283786773682e-03,-4.777376353740692139e-02,-1.455480698496103287e-02,-6.796750426292419434e-02,4.551279086548031688e-17,7.807535678148269653e-02,-1.457820460200309753e-02,-2.586940824985504150e-01,1.207695528864860535e-01,-9.253095090389251709e-02,3.931190669536590576e-01,1.564440369606018066e+00,-3.064237534999847412e-01,1.061373874545097351e-01,3.345419466495513916e-01,1.282956957817077637e+00
-2.083049528300762177e-02,8.038390874862670898e-01,6.644852757453918457e-01,2.882504835724830627e-03,1.111110672354698181e-02,9.774776101112365723e-01,2.107267528772354126e-01,-1.013229340314865112e-01,-2.279937453567981720e-02,-2.053398452699184418e-02,2.357974499464035034e-01,-1.283567398786544800e-01,-2.656997879967093468e-03,-4.595843330025672913e-02,-1.281425449997186661e-02,-7.200598716735839844e-02,1.337469821362093043e-17,7.350543886423110962e-02,-1.336786802858114243e-02,-2.529187202453613281e-01,1.120335385203361511e-01,-8.248170465230941772e-02,3.857239186763763428e-01,1.560894727706909180e+00,-2.988513708114624023e-01,1.040757745504379272e-01,3.345378935337066650e-01,1.317887663841247559e+00
-2.053494565188884735e-02,8.028562664985656738e-01,6.642294526100158691e-01,2.253557322546839714e-03,9.533033706247806549e-03,9.784961342811584473e-01,2.060323208570480347e-01,-9.856427460908889771e-02,-2.151185087859630585e-02,-3.135505691170692444e-02,2.199612557888031006e-01,-1.175928115844726562e-01,-1.346296281553804874e-03,-4.497289657592773438e-02,-1.116337161511182785e-02,-8.115313947200775146e-02,-4.724616107397498722e-17,6.958815455436706543e-02,-1.204154547303915024e-02,-2.504710555076599121e-01,9.977491945028305054e-02,-6.759940832853317261e-02,3.743612468242645264e-01,1.558106422424316406e+00,-2.896108329296112061e-01,9.920980036258697510e-02,3.305918872356414795e-01,1.361288428306579590e+00
-1.972297020256519318e-02,8.015103936195373535e-01,6.638940572738647461e-01,1.644099480472505093e-03,7.811244577169418335e-03,9.800140261650085449e-01,1.987681388854980469e-01,-9.876111894845962524e-02,-2.066956274211406708e-02,-4.723607003688812256e-02,2.059996128082275391e-01,-1.055618599057197571e-01,-1.855687332863453776e-05,-4.364328086376190186e-02,-9.671435691416263580e-03,-9.485957771539688110e-02,1.700020436866124903e-17,6.525974720716476440e-02,-1.046970393508672714e-02,-2.518634498119354248e-01,8.471107482910156250e-02,-4.921222105622291565e-02,3.574621975421905518e-01,1.555366992950439453e+00,-2.771418094635009766e-01,9.223037213087081909e-02,3.212656080722808838e-01,1.407907485961914062e+00
-1.879544556140899658e-02,8.001522421836853027e-01,6.635106205940246582e-01,9.635448222979903221e-04,6.179437041282653809e-03,9.817898869514465332e-01,1.898670941591262817e-01,-9.953580796718597412e-02,-2.012052014470100403e-02,-6.513469666242599487e-02,1.914096176624298096e-01,-9.205155819654464722e-02,1.115409890189766884e-03,-4.174007102847099304e-02,-8.265911601483821869e-03,-1.116993650794029236e-01,5.716939027907553096e-17,5.931767448782920837e-02,-8.797585964202880859e-03,-2.560481727123260498e-01,6.733591109514236450e-02,-2.963306754827499390e-02,3.347580134868621826e-01,1.552454590797424316e+00,-2.611521184444427490e-01,8.366005867719650269e-02,3.087508678436279297e-01,1.452502489089965820e+00
-1.786456629633903503e-02,7.989642024040222168e-01,6.630818247795104980e-01,3.760861000046133995e-04,4.656057339161634445e-03,9.835598468780517578e-01,1.805222034454345703e-01,-9.944264590740203857e-02,-1.947397179901599884e-02,-8.394284546375274658e-02,1.744988709688186646e-01,-7.719942927360534668e-02,1.696958090178668499e-03,-3.938438370823860168e-02,-6.834660191088914871e-03,-1.287224888801574707e-01,-1.835971375570032745e-17,5.235717073082923889e-02,-7.138052023947238922e-03,-2.605791389942169189e-01,4.762829095125198364e-02,-9.840832091867923737e-03,3.074813187122344971e-01,1.549468278884887695e+00,-2.423088103532791138e-01,7.235386967658996582e-02,2.959229052066802979e-01,1.491723299026489258e+00
-1.715664751827716827e-02,7.981270551681518555e-01,6.625071763992309570e-01,-1.351757382508367300e-04,3.324119141325354576e-03,9.852067232131958008e-01,1.713377088308334351e-01,-9.689366072416305542e-02,-1.844112761318683624e-02,-1.017986834049224854e-01,1.543297171592712402e-01,-6.162261962890625000e-02,2.045041881501674652e-03,-3.629842773079872131e-02,-5.527220200747251511e-03,-1.455160528421401978e-01,1.740784393761105639e-17,4.457871988415718079e-02,-5.936705972999334335e-03,-2.638786137104034424e-01,2.559961937367916107e-02,8.961845189332962036e-03,2.773227989673614502e-01,1.546349287033081055e+00,-2.213100492954254150e-01,5.888308584690093994e-02,2.836449444293975830e-01,1.523821353912353516e+00
-1.690518483519554138e-02,7.975246310234069824e-01,6.619670987129211426e-01,-4.652106727007776499e-04,2.231820253655314445e-03,9.866507649421691895e-01,1.628345549106597900e-01,-9.205589443445205688e-02,-1.743298768997192383e-02,-1.186745911836624146e-01,1.326959580183029175e-01,-4.719961434602737427e-02,2.470208331942558289e-03,-3.221643716096878052e-02,-4.461559932678937912e-03,-1.611315011978149414e-01,-2.326316267193709553e-17,3.621979430317878723e-02,-4.595872014760971069e-03,-2.666403055191040039e-01,3.576882882043719292e-03,2.565004304051399231e-02,2.469469904899597168e-01,1.542122244834899902e+00,-1.992542296648025513e-01,4.498820379376411438e-02,2.725208401679992676e-01,1.546691775321960449e+00
-1.717474311590194702e-02,7.970372438430786133e-01,6.614546775817871094e-01,-8.031003526411950588e-04,1.269304077140986919e-03,9.878163337707519531e-01,1.556167602539062500e-01,-8.676075935363769531e-02,-1.659792289137840271e-02,-1.334015429019927979e-01,1.135226637125015259e-01,-3.570621088147163391e-02,2.802391303703188896e-03,-2.804522216320037842e-02,-3.623600816354155540e-03,-1.743546724319458008e-01,-5.402045678933212628e-18,2.801362611353397369e-02,-3.085937350988388062e-03,-2.679966092109680176e-01,-1.609132252633571625e-02,3.812940418720245361e-02,2.189779728651046753e-01,1.535977363586425781e+00,-1.785516142845153809e-01,3.174861147999763489e-02,2.646523416042327881e-01,1.560471653938293457e+00
-1.780110411345958710e-02,7.964914441108703613e-01,6.611446142196655273e-01,-1.000112621113657951e-03,6.630122079513967037e-04,9.885891675949096680e-01,1.506318747997283936e-01,-8.209300786256790161e-02,-1.659705303609371185e-02,-1.436704844236373901e-01,1.000282913446426392e-01,-2.825367636978626251e-02,3.866819432005286217e-03,-2.408920042216777802e-02,-3.623933298513293266e-03,-1.838970333337783813e-01,-3.238907413895900100e-17,2.087356150150299072e-02,-1.380508067086338997e-03,-2.688345313072204590e-01,-3.137733042240142822e-02,4.606441780924797058e-02,1.966853141784667969e-01,1.528370141983032227e+00,-1.611066609621047974e-01,2.082728594541549683e-02,2.601800262928009033e-01,1.567935466766357422e+00
-1.867617852985858917e-02,7.959458231925964355e-01,6.610766053199768066e-01,-9.693657048046588898e-04,3.313172492198646069e-04,9.889788031578063965e-01,1.480537354946136475e-01,-7.810062915086746216e-02,-1.700852066278457642e-02,-1.488133966922760010e-01,9.124837815761566162e-02,-2.384633757174015045e-02,5.147807765752077103e-03,-2.096874825656414032e-02,-4.308094270527362823e-03,-1.888704597949981689e-01,-2.829860976160262554e-18,1.530694961547851562e-02,2.659964084159582853e-04,-2.691611051559448242e-01,-4.193812608718872070e-02,4.909889027476310730e-02,1.818873882293701172e-01,1.520516991615295410e+00,-1.487043946981430054e-01,1.280963886529207230e-02,2.576517164707183838e-01,1.570799946784973145e+00
-1.967840269207954407e-02,7.955198884010314941e-01,6.610636115074157715e-01,-9.122483897954225540e-04,3.110824327450245619e-04,9.889911413192749023e-01,1.479716002941131592e-01,-7.350657880306243896e-02,-1.778816245496273041e-02,-1.489384025335311890e-01,8.470562845468521118e-02,-2.192289568483829498e-02,6.603186484426259995e-03,-1.875125244259834290e-02,-5.334611050784587860e-03,-1.893269568681716919e-01,-1.789534944906408367e-17,1.164280902594327927e-02,1.572478562593460083e-03,-2.693266570568084717e-01,-4.723421111702919006e-02,4.769341647624969482e-02,1.758489757776260376e-01,1.514819860458374023e+00,-1.411740332841873169e-01,6.710384506732225418e-03,2.547552585601806641e-01,1.570799946784973145e+00
-2.080206014215946198e-02,7.952736616134643555e-01,6.610500812530517578e-01,-6.564333452843129635e-04,5.384722608141601086e-04,9.887313246726989746e-01,1.496985554695129395e-01,-6.790280342102050781e-02,-1.860670559108257294e-02,-1.452454030513763428e-01,7.914480566978454590e-02,-2.156084962189197540e-02,7.811754476279020309e-03,-1.695491559803485870e-02,-6.660552695393562317e-03,-1.860269457101821899e-01,1.786049536677354930e-17,9.218651801347732544e-03,2.757444046437740326e-03,-2.700221240520477295e-01,-4.861113801598548889e-02,4.243107140064239502e-02,1.770753115415573120e-01,1.512574434280395508e+00,-1.381167173385620117e-01,3.097967943176627159e-03,2.507309913635253906e-01,1.570799946784973145e+00
-2.204541489481925964e-02,7.951480746269226074e-01,6.610456109046936035e-01,-2.493503852747380733e-04,8.304599905386567116e-04,9.882428646087646484e-01,1.528897136449813843e-01,-6.216330453753471375e-02,-1.951170712709426880e-02,-1.389483511447906494e-01,7.550966739654541016e-02,-2.324957773089408875e-02,9.401499293744564056e-03,-1.567745395004749298e-02,-8.306137286126613617e-03,-1.800650805234909058e-01,6.102911427892146446e-17,8.591044694185256958e-03,3.846341976895928383e-03,-2.715939581394195557e-01,-4.718978703022003174e-02,3.341290727257728577e-02,1.814925372600555420e-01,1.514688491821289062e+00,-1.388214230537414551e-01,1.730361371301114559e-03,2.467003166675567627e-01,1.570799946784973145e+00
-2.346678636968135834e-02,7.949590682983398438e-01,6.610387563705444336e-01,-1.834621616580989212e-05,1.164673245511949062e-03,9.875800013542175293e-01,1.571125835180282593e-01,-5.675205215811729431e-02,-2.051011472940444946e-02,-1.307054609060287476e-01,7.359626889228820801e-02,-2.651555649936199188e-02,1.085970457643270493e-02,-1.508819498121738434e-02,-9.872483089566230774e-03,-1.723150908946990967e-01,-2.059198802448900580e-17,8.940241299569606781e-03,4.922555293887853622e-03,-2.738656699657440186e-01,-4.384085163474082947e-02,2.097376808524131775e-02,1.856496483087539673e-01,1.520903348922729492e+00,-1.417249739170074463e-01,2.407309366390109062e-03,2.434440106153488159e-01,1.570799946784973145e+00
-2.482655830681324005e-02,7.948911786079406738e-01,6.609726548194885254e-01,3.158655890729278326e-04,1.457157544791698456e-03,9.868144392967224121e-01,1.618486642837524414e-01,-5.093590915203094482e-02,-2.155314758419990540e-02,-1.213210672140121460e-01,7.242485135793685913e-02,-3.020870126783847809e-02,1.223803590983152390e-02,-1.455565448850393295e-02,-1.147535070776939392e-02,-1.635286509990692139e-01,3.539213680922051691e-17,9.719001129269599915e-03,5.875668954104185104e-03,-2.764882147312164307e-01,-4.045787826180458069e-02,5.771276075392961502e-03,1.881105005741119385e-01,1.530676364898681641e+00,-1.460179984569549561e-01,5.430446937680244446e-03,2.408005893230438232e-01,1.570799946784973145e+00
-2.618842758238315582e-02,7.948205471038818359e-01,6.609621644020080566e-01,5.328780971467494965e-04,1.670400961302220821e-03,9.859245419502258301e-01,1.671817004680633545e-01,-4.530254006385803223e-02,-2.207779884338378906e-02,-1.109189316630363464e-01,7.096527516841888428e-02,-3.406688570976257324e-02,1.347454637289047241e-02,-1.457207091152667999e-02,-1.262600906193256378e-02,-1.533845812082290649e-01,-4.254678257793872639e-17,1.112081110477447510e-02,6.722170859575271606e-03,-2.792875170707702637e-01,-3.668330609798431396e-02,-1.142012700438499451e-02,1.887016594409942627e-01,1.542852520942687988e+00,-1.504589915275573730e-01,9.943940676748752594e-03,2.383831888437271118e-01,1.570799946784973145e+00
-2.749056555330753326e-02,7.949303984642028809e-01,6.608904004096984863e-01,8.363663218915462494e-04,1.858072588220238686e-03,9.849756956100463867e-01,1.726811230182647705e-01,-3.929050639271736145e-02,-2.257644198834896088e-02,-1.001125648617744446e-01,6.920620799064636230e-02,-3.768695145845413208e-02,1.449946686625480652e-02,-1.478531956672668457e-02,-1.349206361919641495e-02,-1.428804993629455566e-01,-2.341163001136178825e-17,1.217453461140394211e-02,7.331726141273975372e-03,-2.813902497291564941e-01,-3.252615034580230713e-02,-2.925096824765205383e-02,1.892505735158920288e-01,1.554861783981323242e+00,-1.546621918678283691e-01,1.609045080840587616e-02,2.362051755189895630e-01,1.568730711936950684e+00
-2.867223136126995087e-02,7.951571941375732422e-01,6.608257293701171875e-01,1.016322639770805836e-03,1.936434418894350529e-03,9.839963316917419434e-01,1.781752407550811768e-01,-3.352068364620208740e-02,-2.262382395565509796e-02,-8.910854905843734741e-02,6.760198622941970825e-02,-4.132090881466865540e-02,1.532715279608964920e-02,-1.510724425315856934e-02,-1.395907532423734665e-02,-1.322495788335800171e-01,1.211145858781261103e-17,1.293373573571443558e-02,7.680410053580999374e-03,-2.841916084289550781e-01,-2.822485379874706268e-02,-4.700081795454025269e-02,1.904825717210769653e-01,1.564440727233886719e+00,-1.583026200532913208e-01,2.340582199394702911e-02,2.346447408199310303e-01,1.558834552764892578e+00
-2.991433069109916687e-02,7.953847646713256836e-01,6.608199477195739746e-01,1.201566425152122974e-03,1.967923250049352646e-03,9.830822944641113281e-01,1.831498593091964722e-01,-2.804833650588989258e-02,-2.287064865231513977e-02,-7.940911501646041870e-02,6.613072752952575684e-02,-4.479115083813667297e-02,1.601344160735607147e-02,-1.493239216506481171e-02,-1.449197996407747269e-02,-1.226247027516365051e-01,7.964782324749582020e-18,1.341759413480758667e-02,8.078870363533496857e-03,-2.864673733711242676e-01,-2.325650118291378021e-02,-6.272846460342407227e-02,1.935070008039474487e-01,1.570632815361022949e+00,-1.615982651710510254e-01,3.176256641745567322e-02,2.337207645177841187e-01,1.545312404632568359e+00
-3.115609288215637207e-02,7.956723570823669434e-01,6.608268022537231445e-01,1.392293605022132397e-03,2.043091924861073494e-03,9.823065996170043945e-01,1.872635334730148315e-01,-2.281307987868785858e-02,-2.305868826806545258e-02,-7.112761586904525757e-02,6.463932991027832031e-02,-4.797917604446411133e-02,1.677281595766544342e-02,-1.447414979338645935e-02,-1.500772964209318161e-02,-1.145017519593238831e-01,-3.184190408992252383e-17,1.293972041457891464e-02,8.347478695213794708e-03,-2.892640829086303711e-01,-1.835239678621292114e-02,-7.491315156221389771e-02,1.985327303409576416e-01,1.570799946784973145e+00,-1.640889644622802734e-01,4.058890417218208313e-02,2.328270226716995239e-01,1.530750870704650879e+00
-3.240345418453216553e-02,7.960830330848693848e-01,6.608138084411621094e-01,1.560596632771193981e-03,2.166225342079997063e-03,9.817134141921997070e-01,1.903460025787353516e-01,-1.816076226532459259e-02,-2.338282205164432526e-02,-6.527668982744216919e-02,6.296238303184509277e-02,-5.062058568000793457e-02,1.708687841892242432e-02,-1.323704421520233154e-02,-1.533439103513956070e-02,-1.085683256387710571e-01,2.196000082822512935e-17,1.214309222996234894e-02,8.569666184484958649e-03,-2.922361195087432861e-01,-1.412895321846008301e-02,-8.124751597642898560e-02,2.043867111206054688e-01,1.570799946784973145e+00,-1.657215058803558350e-01,5.010211095213890076e-02,2.313956469297409058e-01,1.518618345260620117e+00
-3.353818506002426147e-02,7.964974045753479004e-01,6.607925891876220703e-01,1.666225143708288670e-03,2.096854383125901222e-03,9.813467860221862793e-01,1.922273635864257812e-01,-1.415237598121166229e-02,-2.317280136048793793e-02,-6.153697147965431213e-02,6.141836568713188171e-02,-5.279530957341194153e-02,1.748028956353664398e-02,-1.173502393066883087e-02,-1.516244094818830490e-02,-1.048612445592880249e-01,6.230728037888330325e-18,1.083595026284456253e-02,8.726782165467739105e-03,-2.948601245880126953e-01,-1.228883955627679825e-02,-8.145190030336380005e-02,2.070304751396179199e-01,1.570799946784973145e+00,-1.665571928024291992e-01,5.882512405514717102e-02,2.295451015233993530e-01,1.511295437812805176e+00
-3.461971879005432129e-02,7.967966794967651367e-01,6.607469320297241211e-01,1.586343161761760712e-03,1.858907402493059635e-03,9.811798334121704102e-01,1.930808424949645996e-01,-1.142517011612653732e-02,-2.285629324615001678e-02,-6.013221293687820435e-02,6.043426692485809326e-02,-5.456282943487167358e-02,1.780056580901145935e-02,-1.020552869886159897e-02,-1.470673736184835434e-02,-1.034451872110366821e-01,-7.654652460768750672e-18,9.200630709528923035e-03,9.178436361253261566e-03,-2.973107993602752686e-01,-1.293323282152414322e-02,-7.587578147649765015e-02,2.016797363758087158e-01,1.570799946784973145e+00,-1.673785895109176636e-01,6.618544459342956543e-02,2.280777692794799805e-01,1.510187268257141113e+00
-3.570676222443580627e-02,7.969766259193420410e-01,6.607455015182495117e-01,1.379844034090638161e-03,1.502418774180114269e-03,9.812148809432983398e-01,1.929071843624114990e-01,-9.645917452871799469e-03,-2.254785969853401184e-02,-6.052212789654731750e-02,6.013505905866622925e-02,-5.591929331421852112e-02,1.830301806330680847e-02,-8.615989238023757935e-03,-1.438276097178459167e-02,-1.041998118162155151e-01,2.842491362369457244e-17,7.861848920583724976e-03,9.816344827413558960e-03,-2.988877296447753906e-01,-1.601549051702022552e-02,-6.785792857408523560e-02,1.878726482391357422e-01,1.570799946784973145e+00,-1.678586900234222412e-01,7.065436244010925293e-02,2.266438156366348267e-01,1.513677477836608887e+00
-3.691462799906730652e-02,7.969170212745666504e-01,6.607407331466674805e-01,1.212889910675585270e-03,8.207915234379470348e-04,9.814510345458984375e-01,1.917074024677276611e-01,-8.490240201354026794e-03,-2.191716246306896210e-02,-6.291992962360382080e-02,6.055799871683120728e-02,-5.732806399464607239e-02,1.916825212538242340e-02,-6.241914816200733185e-03,-1.382549665868282318e-02,-1.071326062083244324e-01,-5.940152723588252551e-17,6.645642220973968506e-03,1.079210638999938965e-02,-3.009848892688751221e-01,-2.078016474843025208e-02,-5.965491011738777161e-02,1.702994853258132935e-01,1.570799946784973145e+00,-1.683003455400466919e-01,7.180450856685638428e-02,2.255600541830062866e-01,1.519614815711975098e+00
-3.835693746805191040e-02,7.968534827232360840e-01,6.607428193092346191e-01,8.218914153985679150e-04,1.636874367250129580e-04,9.818176627159118652e-01,1.898245364427566528e-01,-7.744562346488237381e-03,-2.153701707720756531e-02,-6.664083153009414673e-02,6.126000359654426575e-02,-5.900464951992034912e-02,2.023924514651298523e-02,-3.697837004438042641e-03,-1.338958181440830231e-02,-1.113267019391059875e-01,-1.179742774006297960e-17,5.011225584894418716e-03,1.221610326319932938e-02,-3.029034137725830078e-01,-2.573527954518795013e-02,-5.253678187727928162e-02,1.551068127155303955e-01,1.570799946784973145e+00,-1.668345183134078979e-01,7.042506337165832520e-02,2.236534506082534790e-01,1.525111913681030273e+00
-3.991334885358810425e-02,7.967281341552734375e-01,6.606982946395874023e-01,3.973738348577171564e-04,-6.135746953077614307e-04,9.821797013282775879e-01,1.879428029060363770e-01,-6.902162916958332062e-03,-2.112531475722789764e-02,-7.055693119764328003e-02,6.223826482892036438e-02,-6.087258085608482361e-02,2.139416709542274475e-02,-8.920442778617143631e-04,-1.294571533799171448e-02,-1.158440038561820984e-01,1.055723894958952228e-18,3.269872628152370453e-03,1.360280159860849380e-02,-3.048174083232879639e-01,-2.960336394608020782e-02,-4.657166451215744019e-02,1.458941400051116943e-01,1.570799946784973145e+00,-1.634348481893539429e-01,6.806348264217376709e-02,2.205725312232971191e-01,1.529513597488403320e+00
-4.152534902095794678e-02,7.966611385345458984e-01,6.607344150543212891e-01,6.604135705856606364e-05,-1.254661707207560539e-03,9.825049638748168945e-01,1.862322986125946045e-01,-5.784316454082727432e-03,-2.079110220074653625e-02,-7.364971935749053955e-02,6.319714337587356567e-02,-6.322805583477020264e-02,2.275457419455051422e-02,2.049427013844251633e-03,-1.278584171086549759e-02,-1.193995848298072815e-01,1.475245685933415375e-17,1.185921719297766685e-03,1.506498083472251892e-02,-3.062069416046142578e-01,-3.196763619780540466e-02,-4.153269901871681213e-02,1.419659852981567383e-01,1.570799946784973145e+00,-1.588234007358551025e-01,6.594851613044738770e-02,2.169104665517807007e-01,1.532905697822570801e+00
-4.319481551647186279e-02,7.966530919075012207e-01,6.607041358947753906e-01,-2.594073885120451450e-04,-1.812803442589938641e-03,9.827138185501098633e-01,1.851221024990081787e-01,-4.277484957128763199e-03,-2.064944803714752197e-02,-7.625500112771987915e-02,6.399712711572647095e-02,-6.543362885713577271e-02,2.396018989384174347e-02,4.776468966156244278e-03,-1.242507249116897583e-02,-1.222299337387084961e-01,-3.273047473881678701e-17,-9.115446591749787331e-04,1.661313138902187347e-02,-3.072460591793060303e-01,-3.283802419900894165e-02,-3.789623454213142395e-02,1.410680264234542847e-01,1.570799946784973145e+00,-1.538603305816650391e-01,6.445542722940444946e-02,2.128077298402786255e-01,1.536393046379089355e+00
-4.468611255288124084e-02,7.966445684432983398e-01,6.606160998344421387e-01,-5.332987057045102119e-04,-2.384917577728629112e-03,9.828568696975708008e-01,1.843538582324981689e-01,-2.543946029618382454e-03,-2.034792117774486542e-02,-7.785429805517196655e-02,6.442606449127197266e-02,-6.778211891651153564e-02,2.495912835001945496e-02,7.222205866128206253e-03,-1.203690096735954285e-02,-1.240248978137969971e-01,2.925654115922068520e-17,-2.801559865474700928e-03,1.780496537685394287e-02,-3.082861304283142090e-01,-3.312838450074195862e-02,-3.567156940698623657e-02,1.410562545061111450e-01,1.570799946784973145e+00,-1.494595110416412354e-01,6.476639956235885620e-02,2.095954269170761108e-01,1.540969371795654297e+00
-4.611928015947341919e-02,7.965770363807678223e-01,6.605771780014038086e-01,-9.157977183349430561e-04,-3.028342034667730331e-03,9.828865528106689453e-01,1.841847449541091919e-01,-8.459235541522502899e-04,-1.993221230804920197e-02,-7.832068204879760742e-02,6.514092534780502319e-02,-7.004444301128387451e-02,2.591215260326862335e-02,9.112481027841567993e-03,-1.149019971489906311e-02,-1.246663779020309448e-01,-1.206577505694253241e-17,-3.999042790383100510e-03,1.891294866800308228e-02,-3.089792728424072266e-01,-3.297594189643859863e-02,-3.430266678333282471e-02,1.403240263462066650e-01,1.570799946784973145e+00,-1.458530873060226440e-01,6.659813225269317627e-02,2.071186155080795288e-01,1.546963453292846680e+00
-4.725823551416397095e-02,7.964528203010559082e-01,6.605988740921020508e-01,-1.197619712911546230e-03,-3.638521768152713776e-03,9.828035831451416016e-01,1.846144199371337891e-01,1.765438064467161894e-04,-1.937309466302394867e-02,-7.797231525182723999e-02,6.647131592035293579e-02,-7.281625270843505859e-02,2.697900682687759399e-02,1.030277740210294724e-02,-1.114893797785043716e-02,-1.242313832044601440e-01,2.876841733025977452e-18,-4.830119200050830841e-03,2.000737935304641724e-02,-3.093264400959014893e-01,-3.300262987613677979e-02,-3.378649055957794189e-02,1.385009139776229858e-01,1.570799946784973145e+00,-1.426736861467361450e-01,6.953012198209762573e-02,2.041352391242980957e-01,1.553121805191040039e+00
-4.828008264303207397e-02,7.963331341743469238e-01,6.605487465858459473e-01,-1.670972211286425591e-03,-4.336951766163110733e-03,9.826064109802246094e-01,1.856423318386077881e-01,6.642313674092292786e-04,-1.885164342820644379e-02,-7.577960938215255737e-02,6.866550445556640625e-02,-7.594835013151168823e-02,2.808531187474727631e-02,1.057588588446378708e-02,-1.052849367260932922e-02,-1.222241893410682678e-01,-7.896235521748537722e-18,-5.331423599272966385e-03,2.093318104743957520e-02,-3.084565401077270508e-01,-3.294075280427932739e-02,-3.432202711701393127e-02,1.361299008131027222e-01,1.570799946784973145e+00,-1.397438347339630127e-01,7.302453368902206421e-02,2.001809477806091309e-01,1.557996988296508789e+00
-4.912734031677246094e-02,7.960962057113647461e-01,6.605488657951354980e-01,-1.965399365872144699e-03,-4.986178129911422729e-03,9.822942018508911133e-01,1.872682720422744751e-01,8.226945064961910248e-04,-1.838030293583869934e-02,-7.275789231061935425e-02,7.201068103313446045e-02,-7.955853641033172607e-02,2.910270541906356812e-02,1.069898437708616257e-02,-9.949741885066032410e-03,-1.191142722964286804e-01,3.254797222590798741e-17,-5.527690518647432327e-03,2.195150591433048248e-02,-3.075892031192779541e-01,-3.310600295662879944e-02,-3.551277890801429749e-02,1.339237540960311890e-01,1.570799946784973145e+00,-1.371475756168365479e-01,7.603263854980468750e-02,1.957377791404724121e-01,1.560516119003295898e+00
-4.985698312520980835e-02,7.958027720451354980e-01,6.604872345924377441e-01,-2.308306051418185234e-03,-5.536352284252643585e-03,9.818968772888183594e-01,1.893211454153060913e-01,5.345880053937435150e-04,-1.816325075924396515e-02,-6.890384852886199951e-02,7.579366862773895264e-02,-8.346374332904815674e-02,3.032039850950241089e-02,1.016407273709774017e-02,-9.679312817752361298e-03,-1.150911971926689148e-01,-2.118441147047703401e-17,-5.354268942028284073e-03,2.291894704103469849e-02,-3.060278296470642090e-01,-3.268392384052276611e-02,-3.766855224967002869e-02,1.318766176700592041e-01,1.570799946784973145e+00,-1.347740888595581055e-01,7.874086499214172363e-02,1.925478279590606689e-01,1.561102747917175293e+00
-5.046767368912696838e-02,7.953904271125793457e-01,6.604183316230773926e-01,-2.701612189412117004e-03,-6.121976766735315323e-03,9.814447760581970215e-01,1.916282176971435547e-01,3.128293028566986322e-04,-1.806228235363960266e-02,-6.436009705066680908e-02,7.963468879461288452e-02,-8.740984648466110229e-02,3.137437254190444946e-02,9.120183996856212616e-03,-9.451474063098430634e-03,-1.102547422051429749e-01,9.420641089153377691e-19,-4.924224689602851868e-03,2.379068732261657715e-02,-3.041187226772308350e-01,-3.215480223298072815e-02,-4.079731926321983337e-02,1.296356469392776489e-01,1.570799946784973145e+00,-1.334315091371536255e-01,8.045391738414764404e-02,1.913612335920333862e-01,1.560761690139770508e+00
-5.102063342928886414e-02,7.949189543724060059e-01,6.604009270668029785e-01,-3.114406252279877663e-03,-6.731664761900901794e-03,9.809355735778808594e-01,1.941915303468704224e-01,9.984087228076532483e-05,-1.795133017003536224e-02,-5.925577878952026367e-02,8.293908089399337769e-02,-9.103580564260482788e-02,3.252565115690231323e-02,7.804484572261571884e-03,-9.249481372535228729e-03,-1.053988263010978699e-01,-1.218666750346715741e-17,-4.413316491991281509e-03,2.493364736437797546e-02,-3.022112250328063965e-01,-3.127793967723846436e-02,-4.432099685072898865e-02,1.266859769821166992e-01,1.570799946784973145e+00,-1.327048242092132568e-01,8.145321905612945557e-02,1.914209276437759399e-01,1.560164809226989746e+00
-5.157688632607460022e-02,7.944499850273132324e-01,6.603193879127502441e-01,-3.420689841732382774e-03,-7.474872283637523651e-03,9.804360866546630859e-01,1.966660171747207642e-01,6.384304288076236844e-05,-1.766417175531387329e-02,-5.428837239742279053e-02,8.592183142900466919e-02,-9.428407251834869385e-02,3.383976593613624573e-02,6.745946127921342850e-03,-8.964075706899166107e-03,-1.002200767397880554e-01,-1.098738465544082555e-17,-3.377667395398020744e-03,2.591149136424064636e-02,-2.999562621116638184e-01,-3.078182041645050049e-02,-4.770283401012420654e-02,1.230137571692466736e-01,1.570799946784973145e+00,-1.323454082012176514e-01,8.194289356470108032e-02,1.923953294754028320e-01,1.560111165046691895e+00
-5.213495716452598572e-02,7.939209342002868652e-01,6.602933406829833984e-01,-3.795399330556392670e-03,-8.095676079392433167e-03,9.799303412437438965e-01,1.991394907236099243e-01,-3.269208536949008703e-05,-1.739598996937274933e-02,-4.964958503842353821e-02,8.875852823257446289e-02,-9.750512987375259399e-02,3.497136011719703674e-02,5.438977852463722229e-03,-8.665362372994422913e-03,-9.554768353700637817e-02,-1.535822603732511251e-17,-2.615079050883650780e-03,2.703331224620342255e-02,-2.977022528648376465e-01,-3.018273785710334778e-02,-5.047151818871498108e-02,1.184668168425559998e-01,1.570799946784973145e+00,-1.318071037530899048e-01,8.227544277906417847e-02,1.933931410312652588e-01,1.560754656791687012e+00
-5.269195511937141418e-02,7.935134172439575195e-01,6.602721214294433594e-01,-4.302592016756534576e-03,-8.685635402798652649e-03,9.795055389404296875e-01,2.011838406324386597e-01,-1.085598269128240645e-04,-1.712669618427753448e-02,-4.532049596309661865e-02,9.116658568382263184e-02,-1.002505049109458923e-01,3.607754036784172058e-02,4.082507919520139694e-03,-8.463399484753608704e-03,-9.117705374956130981e-02,-7.169239716265482547e-18,-1.885681762360036373e-03,2.791589684784412384e-02,-2.952733933925628662e-01,-2.967861294746398926e-02,-5.275062471628189087e-02,1.133835092186927795e-01,1.570799946784973145e+00,-1.306670755147933960e-01,8.322489261627197266e-02,1.939681917428970337e-01,1.561717152595520020e+00
-5.318995192646980286e-02,7.931636571884155273e-01,6.601874232292175293e-01,-4.675577860325574875e-03,-9.371584281325340271e-03,9.791113138198852539e-01,2.030550241470336914e-01,-1.765367487678304315e-04,-1.660393178462982178e-02,-4.164757579565048218e-02,9.335589408874511719e-02,-1.028117090463638306e-01,3.697573766112327576e-02,3.294740105047821999e-03,-7.833712734282016754e-03,-8.750084042549133301e-02,-2.949747901932268089e-17,-1.435324316844344139e-03,2.873929962515830994e-02,-2.930173277854919434e-01,-2.968614175915718079e-02,-5.441401153802871704e-02,1.079719886183738708e-01,1.570799946784973145e+00,-1.293306648731231689e-01,8.428322523832321167e-02,1.945544481277465820e-01,1.562805414199829102e+00
-5.368809774518013000e-02,7.928747534751892090e-01,6.601669788360595703e-01,-5.208383314311504364e-03,-9.990663267672061920e-03,9.787660837173461914e-01,2.046705931425094604e-01,-3.891141677740961313e-04,-1.580923609435558319e-02,-3.844553232192993164e-02,9.501212835311889648e-02,-1.051022484898567200e-01,3.784627467393875122e-02,2.046535257250070572e-03,-7.195905316621065140e-03,-8.416523784399032593e-02,5.410949864637039694e-18,-1.048651291057467461e-03,2.967206574976444244e-02,-2.907622158527374268e-01,-2.974348887801170349e-02,-5.488969385623931885e-02,1.023640185594558716e-01,1.570799946784973145e+00,-1.275414377450942993e-01,8.556123822927474976e-02,1.956572383642196655e-01,1.564038991928100586e+00
-5.412526428699493408e-02,7.925835251808166504e-01,6.601488590240478516e-01,-5.796990823000669479e-03,-1.064868643879890442e-02,9.784529805183410645e-01,2.061133980751037598e-01,-3.874038811773061752e-04,-1.499503478407859802e-02,-3.551423177123069763e-02,9.584668278694152832e-02,-1.067098379135131836e-01,3.860021010041236877e-02,1.031305291689932346e-03,-6.366120185703039169e-03,-8.136654645204544067e-02,2.674739961324315785e-17,-8.083989378064870834e-04,3.017777390778064728e-02,-2.879829108715057373e-01,-3.002674132585525513e-02,-5.465028434991836548e-02,9.571383893489837646e-02,1.570799946784973145e+00,-1.252735257148742676e-01,8.689879626035690308e-02,1.965885609388351440e-01,1.565252184867858887e+00
-5.450215563178062439e-02,7.922928333282470703e-01,6.601234078407287598e-01,-6.271102000027894974e-03,-1.138301752507686615e-02,9.781729578971862793e-01,2.073855102062225342e-01,-1.825606595957651734e-04,-1.406555064022541046e-02,-3.272841498255729675e-02,9.646001458168029785e-02,-1.078649759292602539e-01,3.914932906627655029e-02,8.989825437311083078e-05,-5.343867931514978409e-03,-7.873169332742691040e-02,-4.181374835398403412e-17,-4.052830336149781942e-04,3.077644295990467072e-02,-2.850286960601806641e-01,-3.068632259964942932e-02,-5.311692506074905396e-02,8.869268000125885010e-02,1.570799946784973145e+00,-1.234977915883064270e-01,8.800008147954940796e-02,1.975259184837341309e-01,1.566438436508178711e+00
-5.475768446922302246e-02,7.919990420341491699e-01,6.601069569587707520e-01,-6.849735975265502930e-03,-1.205136068165302277e-02,9.778907895088195801e-01,2.086563706398010254e-01,-3.578488249331712723e-04,-1.318063680082559586e-02,-3.023818694055080414e-02,9.683224558830261230e-02,-1.085835024714469910e-01,3.974708914756774902e-02,-1.230829977430403233e-03,-4.529234953224658966e-03,-7.621470093727111816e-02,6.129258205736756696e-18,-1.478074991609901190e-04,3.125142678618431091e-02,-2.818980515003204346e-01,-3.121015988290309906e-02,-5.079876631498336792e-02,8.203230053186416626e-02,1.570799946784973145e+00,-1.217779815196990967e-01,8.867487311363220215e-02,1.984946131706237793e-01,1.567618012428283691e+00
-5.495097115635871887e-02,7.917058467864990234e-01,6.600872874259948730e-01,-7.333082612603902817e-03,-1.260018255561590195e-02,9.776446223258972168e-01,2.097581624984741211e-01,-7.143014227040112019e-04,-1.241058297455310822e-02,-2.798401005566120148e-02,9.701798856258392334e-02,-1.092815026640892029e-01,4.034581780433654785e-02,-2.531566424295306206e-03,-3.755999961867928505e-03,-7.403169572353363037e-02,9.216913742111926814e-18,5.604839534498751163e-04,3.180799260735511780e-02,-2.794669270515441895e-01,-3.149186819791793823e-02,-4.774575307965278625e-02,7.696408033370971680e-02,1.570799946784973145e+00,-1.203686743974685669e-01,8.893848210573196411e-02,2.000114172697067261e-01,1.568623185157775879e+00
-5.502153187990188599e-02,7.913506031036376953e-01,6.600697636604309082e-01,-7.752659264951944351e-03,-1.308416016399860382e-02,9.774346947669982910e-01,2.106894999742507935e-01,-9.825186571106314659e-04,-1.194961927831172943e-02,-2.617969363927841187e-02,9.720598161220550537e-02,-1.094247624278068542e-01,4.090680554509162903e-02,-3.714292543008923531e-03,-3.292100504040718079e-03,-7.181384414434432983e-02,9.386101955881072883e-18,1.289343344978988171e-03,3.232720494270324707e-02,-2.772089838981628418e-01,-3.166840597987174988e-02,-4.398716613650321960e-02,7.347472757101058960e-02,1.570799946784973145e+00,-1.192867383360862732e-01,8.904964476823806763e-02,2.017179131507873535e-01,1.569297075271606445e+00
-5.509177595376968384e-02,7.911141514778137207e-01,6.601127386093139648e-01,-7.951225154101848602e-03,-1.358498912304639816e-02,9.772799611091613770e-01,2.113673090934753418e-01,-1.327805919572710991e-03,-1.147564314305782318e-02,-2.457688003778457642e-02,9.725512564182281494e-02,-1.095767840743064880e-01,4.137388616800308228e-02,-4.718075506389141083e-03,-2.815307350829243660e-03,-7.044799625873565674e-02,8.208308432988256132e-18,2.109056571498513222e-03,3.275676071643829346e-02,-2.759976983070373535e-01,-3.222685307264328003e-02,-3.998531028628349304e-02,7.124621421098709106e-02,1.570799946784973145e+00,-1.186083033680915833e-01,8.896781504154205322e-02,2.031010985374450684e-01,1.569617509841918945e+00
-5.509901046752929688e-02,7.908763289451599121e-01,6.601552367210388184e-01,-8.321978151798248291e-03,-1.389341522008180618e-02,9.771438837051391602e-01,2.119611650705337524e-01,-1.899027382023632526e-03,-1.093351654708385468e-02,-2.351025864481925964e-02,9.771592915058135986e-02,-1.096690371632575989e-01,4.168411716818809509e-02,-5.659122951328754425e-03,-2.230768790468573570e-03,-6.959024071693420410e-02,8.908821223979813573e-18,2.597602782770991325e-03,3.328806534409523010e-02,-2.756583690643310547e-01,-3.200417384505271912e-02,-3.607074171304702759e-02,6.992075592279434204e-02,1.570799946784973145e+00,-1.176208481192588806e-01,8.907029777765274048e-02,2.044840753078460693e-01,1.569594740867614746e+00
-5.510577186942100525e-02,7.906990051269531250e-01,6.601542234420776367e-01,-8.488323539495468140e-03,-1.424955017864704132e-02,9.770262837409973145e-01,2.124724984169006348e-01,-2.414520131424069405e-03,-1.028746180236339569e-02,-2.248669601976871490e-02,9.824616461992263794e-02,-1.099899485707283020e-01,4.209770634770393372e-02,-6.363191176205873489e-03,-1.778705744072794914e-03,-6.855372339487075806e-02,1.495510287451984468e-17,2.941528102383017540e-03,3.344637155532836914e-02,-2.754921615123748779e-01,-3.249848634004592896e-02,-3.170935064554214478e-02,6.878241896629333496e-02,1.570799946784973145e+00,-1.165545955300331116e-01,8.951131999492645264e-02,2.054930627346038818e-01,1.569427132606506348e+00
-5.511195957660675049e-02,7.905201911926269531e-01,6.601421236991882324e-01,-8.851065300405025482e-03,-1.477438583970069885e-02,9.769228100776672363e-01,2.128972560167312622e-01,-3.122501075267791748e-03,-9.470283053815364838e-03,-2.127726189792156219e-02,9.926987439393997192e-02,-1.103982925415039062e-01,4.224933311343193054e-02,-7.239376660436391830e-03,-9.081400930881500244e-04,-6.754004210233688354e-02,9.511835063350358195e-18,3.459064755588769913e-03,3.360382840037345886e-02,-2.754989564418792725e-01,-3.268975391983985901e-02,-2.766376547515392303e-02,6.802516430616378784e-02,1.570799946784973145e+00,-1.151289343833923340e-01,8.928534388542175293e-02,2.065776586532592773e-01,1.569087147712707520e+00
-5.505741015076637268e-02,7.903410196304321289e-01,6.601266860961914062e-01,-9.077036753296852112e-03,-1.511804293841123581e-02,9.768042564392089844e-01,2.134069800376892090e-01,-3.779844380915164948e-03,-8.938010782003402710e-03,-2.040438540279865265e-02,1.003746911883354187e-01,-1.109220087528228760e-01,4.239068180322647095e-02,-7.788181770592927933e-03,-2.238669112557545304e-04,-6.637141108512878418e-02,-1.109297508781383209e-17,4.026070237159729004e-03,3.394391760230064392e-02,-2.762025892734527588e-01,-3.331215307116508484e-02,-2.397476509213447571e-02,6.782828271389007568e-02,1.570799946784973145e+00,-1.137821078300476074e-01,8.939146250486373901e-02,2.076366245746612549e-01,1.568423032760620117e+00
-5.506226047873497009e-02,7.901628613471984863e-01,6.601223945617675781e-01,-9.217235259711742401e-03,-1.545110624283552170e-02,9.766485095024108887e-01,2.140887826681137085e-01,-4.351624287664890289e-03,-8.350905030965805054e-03,-1.889295130968093872e-02,1.014425829052925110e-01,-1.115066632628440857e-01,4.265052825212478638e-02,-8.623584173619747162e-03,2.286198141518980265e-04,-6.536460667848587036e-02,-4.365523851316489815e-18,4.552041180431842804e-03,3.410322591662406921e-02,-2.765536010265350342e-01,-3.392783552408218384e-02,-2.092452906072139740e-02,6.781101226806640625e-02,1.570799946784973145e+00,-1.123958751559257507e-01,8.911087363958358765e-02,2.092498540878295898e-01,1.567581653594970703e+00
-5.506566166877746582e-02,7.899240851402282715e-01,6.600577831268310547e-01,-9.417876601219177246e-03,-1.572228781878948212e-02,9.764553904533386230e-01,2.149395942687988281e-01,-4.723223391920328140e-03,-8.277356624603271484e-03,-1.718317344784736633e-02,1.022984087467193604e-01,-1.122030168771743774e-01,4.299687966704368591e-02,-9.416935965418815613e-03,3.643547534011304379e-04,-6.368400901556015015e-02,-9.865118112707468444e-18,5.098211579024791718e-03,3.434307128190994263e-02,-2.770809829235076904e-01,-3.478306531906127930e-02,-1.820837706327438354e-02,6.832429021596908569e-02,1.570799946784973145e+00,-1.107336059212684631e-01,8.865862339735031128e-02,2.103491574525833130e-01,1.566565871238708496e+00
-5.513095483183860779e-02,7.896255254745483398e-01,6.600511074066162109e-01,-9.466511197388172150e-03,-1.591785065829753876e-02,9.762261509895324707e-01,2.159618288278579712e-01,-4.619757179170846939e-03,-8.169734850525856018e-03,-1.496167387813329697e-02,1.029348447918891907e-01,-1.127204149961471558e-01,4.336194321513175964e-02,-1.006443891674280167e-02,5.058706738054752350e-04,-6.131926178932189941e-02,1.469111810819089653e-17,5.938228685408830643e-03,3.458102047443389893e-02,-2.776049673557281494e-01,-3.552109748125076294e-02,-1.664669252932071686e-02,6.939210742712020874e-02,1.570799946784973145e+00,-1.088673621416091919e-01,8.774760365486145020e-02,2.106094658374786377e-01,1.565195441246032715e+00
