-8.463927544653415680e-03,1.029949635267257690e-02,6.543724536895751953e-01,4.933473840355873108e-02,2.616772241890430450e-02,9.981945157051086426e-01,-2.211424149572849274e-02,6.514197587966918945e-02,-6.499908119440078735e-02,-8.524609729647636414e-04,1.511412709951400757e-01,-1.162203326821327209e-01,-5.163765046745538712e-03,7.482127845287322998e-02,3.095000423491001129e-02,-2.525860369205474854e-01,1.905267089605331421e-01,-1.694383770227432251e-01,-9.373803436756134033e-02,-2.934067510068416595e-02,1.996190520003437996e-03,-4.373128060251474380e-03,-1.018268615007400513e-01,1.392462015151977539e+00,8.156301826238632202e-02,7.464499026536941528e-02,-4.965898394584655762e-02,1.348354816436767578e+00
-8.425847627222537994e-03,9.092924185097217560e-03,6.545920372009277344e-01,4.829867556691169739e-02,2.519794367253780365e-02,9.982351064682006836e-01,-2.364174462854862213e-02,6.352214515209197998e-02,-6.576418131589889526e-02,-6.110204383730888367e-03,1.492290496826171875e-01,-1.146814301609992981e-01,-2.583065070211887360e-03,7.276808470487594604e-02,2.998531982302665710e-02,-2.543082833290100098e-01,1.902408599853515625e-01,-1.692224293947219849e-01,-9.092280268669128418e-02,-3.097037225961685181e-02,-5.970666185021400452e-03,-1.268238667398691177e-02,-1.068617552518844604e-01,1.385552048683166504e+00,7.872457802295684814e-02,7.178689539432525635e-02,-3.654940798878669739e-02,1.365756511688232422e+00
-8.412712253630161285e-03,7.756049279123544693e-03,6.550452709197998047e-01,4.675280675292015076e-02,2.348850481212139130e-02,9.983868598937988281e-01,-2.204964496195316315e-02,6.300693005323410034e-02,-6.721306592226028442e-02,-8.963426575064659119e-03,1.447925418615341187e-01,-1.140261292457580566e-01,2.336579374969005585e-03,7.616401463747024536e-02,3.488815948367118835e-02,-2.612636685371398926e-01,1.798388808965682983e-01,-1.669776886701583862e-01,-9.133064746856689453e-02,-2.965780347585678101e-02,-1.728466711938381195e-02,-2.841558679938316345e-02,-1.131274551153182983e-01,1.371819972991943359e+00,5.818596109747886658e-02,5.594485998153686523e-02,-1.327076368033885956e-02,1.405267477035522461e+00
-8.849475532770156860e-03,6.218293216079473495e-03,6.550250053405761719e-01,4.316152632236480713e-02,2.254692651331424713e-02,9.986219406127929688e-01,-1.956883259117603302e-02,6.033634394407272339e-02,-6.958431750535964966e-02,-8.370089344680309296e-03,1.410074830055236816e-01,-1.168765872716903687e-01,5.750551819801330566e-03,6.988169997930526733e-02,3.386560454964637756e-02,-2.625240385532379150e-01,1.770380586385726929e-01,-1.678497195243835449e-01,-8.857787400484085083e-02,-2.581913210451602936e-02,-2.521162852644920349e-02,-4.297085478901863098e-02,-1.292434483766555786e-01,1.350794196128845215e+00,2.718823216855525970e-02,3.485970944166183472e-02,4.058078676462173462e-02,1.425881624221801758e+00
-9.249785915017127991e-03,5.290514789521694183e-03,6.549472808837890625e-01,4.090603440999984741e-02,2.201579511165618896e-02,9.987338781356811523e-01,-1.930523291230201721e-02,5.756624042987823486e-02,-7.061858475208282471e-02,-1.111436076462268829e-02,1.409251242876052856e-01,-1.197335273027420044e-01,6.754857487976551056e-03,6.719268113374710083e-02,3.408226743340492249e-02,-2.620067000389099121e-01,1.742965281009674072e-01,-1.690188646316528320e-01,-8.737900853157043457e-02,-2.567668072879314423e-02,-2.905352227389812469e-02,-4.823048040270805359e-02,-1.427619755268096924e-01,1.339077472686767578e+00,1.101749204099178314e-02,2.384656108915805817e-02,7.844234257936477661e-02,1.426578998565673828e+00
-9.783481247723102570e-03,4.476572386920452118e-03,6.546017527580261230e-01,3.755725920200347900e-02,2.115866169333457947e-02,9.989157915115356445e-01,-1.757705770432949066e-02,5.203459784388542175e-02,-7.206054031848907471e-02,-1.458907220512628555e-02,1.445088982582092285e-01,-1.267334669828414917e-01,8.387205190956592560e-03,6.330770999193191528e-02,3.481551632285118103e-02,-2.576591372489929199e-01,1.699256002902984619e-01,-1.707779765129089355e-01,-8.558481931686401367e-02,-2.754764258861541748e-02,-3.698474913835525513e-02,-5.329047515988349915e-02,-1.697090864181518555e-01,1.323028206825256348e+00,-1.055608317255973816e-02,6.764585617929697037e-03,1.131011620163917542e-01,1.434864640235900879e+00
-1.026785466820001602e-02,4.165936727076768875e-03,6.544746756553649902e-01,3.509187698364257812e-02,2.058506943285465240e-02,9.990420937538146973e-01,-1.611653715372085571e-02,4.550613462924957275e-02,-7.285843044519424438e-02,-1.451043318957090378e-02,1.533242762088775635e-01,-1.352054029703140259e-01,1.018209941685199738e-02,5.938318744301795959e-02,3.346252813935279846e-02,-2.597454488277435303e-01,1.678166389465332031e-01,-1.708336919546127319e-01,-8.244433254003524780e-02,-3.166149556636810303e-02,-4.475420340895652771e-02,-5.527174100279808044e-02,-1.911455243825912476e-01,1.321443438529968262e+00,-2.252124622464179993e-02,-7.393966428935527802e-03,1.128761842846870422e-01,1.444280982017517090e+00
-1.051751989871263504e-02,4.085716325789690018e-03,6.544259786605834961e-01,3.318801149725914001e-02,2.026942558586597443e-02,9.991303086280822754e-01,-1.504542026668787003e-02,4.018428176641464233e-02,-7.282183319330215454e-02,-1.264997664839029312e-02,1.586228013038635254e-01,-1.389173865318298340e-01,1.133716106414794922e-02,5.642331764101982117e-02,3.348832577466964722e-02,-2.602416276931762695e-01,1.661199927330017090e-01,-1.699162870645523071e-01,-8.138673752546310425e-02,-3.206418454647064209e-02,-4.863305389881134033e-02,-5.575636029243469238e-02,-2.004246264696121216e-01,1.324481844902038574e+00,-2.676573954522609711e-02,-1.293949503451585770e-02,1.121143847703933716e-01,1.445521712303161621e+00
-1.120917126536369324e-02,3.642712021246552467e-03,6.541996002197265625e-01,2.848549000918865204e-02,2.019478939473628998e-02,9.993047118186950684e-01,-1.307060383260250092e-02,2.947496250271797180e-02,-7.419398427009582520e-02,-9.840866550803184509e-03,1.673281043767929077e-01,-1.458557248115539551e-01,1.372337806969881058e-02,4.919302091002464294e-02,3.171756863594055176e-02,-2.606832385063171387e-01,1.626255214214324951e-01,-1.684437245130538940e-01,-7.706585526466369629e-02,-3.151956945657730103e-02,-5.407078936696052551e-02,-5.673537403345108032e-02,-2.157793343067169189e-01,1.332923889160156250e+00,-3.361689299345016479e-02,-2.277754433453083038e-02,1.120721623301506042e-01,1.443215966224670410e+00
-1.264679618179798126e-02,3.121565794572234154e-03,6.539694070816040039e-01,2.454749681055545807e-02,2.048616670072078705e-02,9.994357824325561523e-01,-1.028828695416450500e-02,2.428352087736129761e-02,-7.586831599473953247e-02,-7.258288562297821045e-03,1.718476861715316772e-01,-1.530739516019821167e-01,1.393250189721584320e-02,4.430769756436347961e-02,2.908044867217540741e-02,-2.595559954643249512e-01,1.597453057765960693e-01,-1.693875193595886230e-01,-7.232414186000823975e-02,-3.006168641149997711e-02,-5.310054495930671692e-02,-5.649403110146522522e-02,-2.210195213556289673e-01,1.342468738555908203e+00,-3.652346879243850708e-02,-3.123785741627216339e-02,1.080365255475044250e-01,1.437377452850341797e+00
-1.358325593173503876e-02,2.787787932902574539e-03,6.538296341896057129e-01,2.257188595831394196e-02,2.072533406317234039e-02,9.994897246360778809e-01,-9.011941961944103241e-03,2.319290302693843842e-02,-7.694920897483825684e-02,-6.666291505098342896e-03,1.723911762237548828e-01,-1.565518081188201904e-01,1.377431210130453110e-02,4.214642196893692017e-02,2.726159058511257172e-02,-2.591310441493988037e-01,1.581200361251831055e-01,-1.702247560024261475e-01,-6.900152564048767090e-02,-2.981366775929927826e-02,-5.056196078658103943e-02,-5.614935979247093201e-02,-2.184536457061767578e-01,1.347597479820251465e+00,-3.709769994020462036e-02,-3.494757041335105896e-02,1.040767729282379150e-01,1.433231234550476074e+00
-1.558062527328729630e-02,1.894189743325114250e-03,6.534665822982788086e-01,1.703229360282421112e-02,2.109820395708084106e-02,9.996109604835510254e-01,-6.537670269608497620e-03,1.856437884271144867e-02,-7.883649319410324097e-02,-5.661096423864364624e-03,1.724637150764465332e-01,-1.652208566665649414e-01,1.130424346774816513e-02,3.632852062582969666e-02,2.232708036899566650e-02,-2.601880729198455811e-01,1.537648290395736694e-01,-1.735477000474929810e-01,-5.816045776009559631e-02,-2.928785979747772217e-02,-4.283571615815162659e-02,-5.503500998020172119e-02,-2.045509368181228638e-01,1.357492089271545410e+00,-4.244346171617507935e-02,-4.078853130340576172e-02,9.992121160030364990e-02,1.425748229026794434e+00
-1.801224425435066223e-02,9.454087703488767147e-04,6.530005335807800293e-01,1.028856821358203888e-02,2.139279432594776154e-02,9.997099637985229492e-01,-4.066758789122104645e-03,1.180330477654933929e-02,-8.009642362594604492e-02,-3.054001834243535995e-03,1.752853244543075562e-01,-1.881477832794189453e-01,3.177477279677987099e-03,3.350889682769775391e-02,1.934985443949699402e-02,-2.615295052528381348e-01,1.458988785743713379e-01,-1.814027279615402222e-01,-4.475904256105422974e-02,-2.702380903065204620e-02,-3.192270547151565552e-02,-5.426321923732757568e-02,-1.862338781356811523e-01,1.367308378219604492e+00,-4.875847697257995605e-02,-4.548870027065277100e-02,9.804223477840423584e-02,1.418583393096923828e+00
-1.979509741067886353e-02,3.132198180537670851e-04,6.528946757316589355e-01,7.588759530335664749e-03,2.187638357281684875e-02,9.997259378433227539e-01,-3.453303361311554909e-03,9.012981317937374115e-03,-8.126411586999893188e-02,-3.545673098415136337e-03,1.833884119987487793e-01,-2.125971615314483643e-01,7.669181795790791512e-04,3.464918956160545349e-02,1.716297678649425507e-02,-2.633620798587799072e-01,1.419379711151123047e-01,-1.881646066904067993e-01,-3.597294166684150696e-02,-2.536192908883094788e-02,-2.471020258963108063e-02,-5.465739965438842773e-02,-1.783871650695800781e-01,1.372334599494934082e+00,-4.744771867990493774e-02,-4.849264025688171387e-02,9.301041066646575928e-02,1.414378046989440918e+00
-2.404384128749370575e-02,-8.808170678094029427e-04,6.523464918136596680e-01,1.070480095222592354e-03,2.230817638337612152e-02,9.997505545616149902e-01,-5.766120739281177521e-05,-3.876928938552737236e-03,-8.374214172363281250e-02,-4.645949520636349916e-04,2.130236625671386719e-01,-2.680816352367401123e-01,4.375224467366933823e-03,2.900266274809837341e-02,1.242967322468757629e-02,-2.615908980369567871e-01,1.465085595846176147e-01,-2.061937600374221802e-01,-2.151496708393096924e-02,-1.676599681377410889e-02,-1.012400165200233459e-02,-5.337050184607505798e-02,-1.651950329542160034e-01,1.381461381912231445e+00,-3.850553184747695923e-02,-5.020963400602340698e-02,7.800311595201492310e-02,1.406945824623107910e+00
-2.888889051973819733e-02,-2.391687361523509026e-03,6.511564254760742188e-01,-6.790659856051206589e-03,2.167179621756076813e-02,9.997302889823913574e-01,4.858193919062614441e-03,-2.195530943572521210e-02,-8.381794393062591553e-02,7.250845432281494141e-03,2.447766810655593872e-01,-3.088428080081939697e-01,7.203448563814163208e-03,5.302085541188716888e-03,4.644999280571937561e-03,-2.570903003215789795e-01,1.918761879205703735e-01,-2.461030334234237671e-01,-9.153310209512710571e-03,-6.059500854462385178e-03,5.380810471251606941e-04,-4.910856112837791443e-02,-1.564552336931228638e-01,1.392742395401000977e+00,-2.775373682379722595e-02,-4.856350272893905640e-02,6.396985054016113281e-02,1.403946995735168457e+00
-3.157800063490867615e-02,-3.075321670621633530e-03,6.504670381546020508e-01,-1.002683490514755249e-02,2.114794217050075531e-02,9.997015595436096191e-01,7.002828177064657211e-03,-2.909910865128040314e-02,-8.308041840791702271e-02,1.151804439723491669e-02,2.604103982448577881e-01,-3.286584615707397461e-01,6.990568246692419052e-03,-1.527303736656904221e-02,-1.065081567503511906e-03,-2.587358653545379639e-01,2.384245246648788452e-01,-2.762919664382934570e-01,-5.590246990323066711e-03,-5.652499748975969851e-05,8.451513014733791351e-03,-4.707838222384452820e-02,-1.483720988035202026e-01,1.394396901130676270e+00,-1.936515793204307556e-02,-4.647674784064292908e-02,5.712155625224113464e-02,1.404124975204467773e+00
-3.732756897807121277e-02,-5.085162352770566940e-03,6.484754681587219238e-01,-1.471389178186655045e-02,1.993824914097785950e-02,9.996181130409240723e-01,1.223070733249187469e-02,-3.302475810050964355e-02,-8.376193791627883911e-02,1.867932081222534180e-02,2.785752713680267334e-01,-3.606952428817749023e-01,5.594662856310606003e-03,-7.942233979701995850e-02,-1.827926374971866608e-02,-2.544215023517608643e-01,3.894163370132446289e-01,-3.458254039287567139e-01,-1.840464305132627487e-03,7.694713771343231201e-03,2.650591917335987091e-02,-4.703514650464057922e-02,-1.203244403004646301e-01,1.384850144386291504e+00,3.341885516420006752e-03,-4.063994064927101135e-02,4.607975482940673828e-02,1.407430648803710938e+00
-4.372264072299003601e-02,-9.223422035574913025e-03,6.439549922943115234e-01,-1.781396940350532532e-02,2.115568146109580994e-02,9.995347261428833008e-01,1.286200433969497681e-02,-3.106372803449630737e-02,-9.418532997369766235e-02,4.951020237058401108e-03,2.895376086235046387e-01,-3.868844509124755859e-01,6.175772286951541901e-03,-1.703591048717498779e-01,-4.509510844945907593e-02,-2.436269223690032959e-01,5.671166181564331055e-01,-3.777793049812316895e-01,6.717856973409652710e-03,3.807690809480845928e-04,4.948258399963378906e-02,-5.391339957714080811e-02,-8.576195687055587769e-02,1.294261097908020020e+00,4.136279970407485962e-02,-4.449611902236938477e-02,3.098115324974060059e-02,1.406630992889404297e+00
-4.751133173704147339e-02,-1.182815618813037872e-02,6.410552263259887695e-01,-1.903834939002990723e-02,2.238882891833782196e-02,9.995030164718627930e-01,1.139950472861528397e-02,-2.930673211812973022e-02,-1.015405654907226562e-01,-3.230663482099771500e-03,2.953892052173614502e-01,-3.988036811351776123e-01,6.764936726540327072e-03,-2.077800929546356201e-01,-6.240165606141090393e-02,-2.481773942708969116e-01,6.432858705520629883e-01,-3.777407407760620117e-01,2.066424489021301270e-02,-5.382331088185310364e-03,5.183162167668342590e-02,-5.817620828747749329e-02,-7.597162574529647827e-02,1.212702155113220215e+00,6.756056845188140869e-02,-4.956794902682304382e-02,2.103023417294025421e-02,1.403087139129638672e+00
-5.532945320010185242e-02,-1.567391306161880493e-02,6.357681751251220703e-01,-2.986139617860317230e-02,2.433768846094608307e-02,9.992551803588867188e-01,2.249551238492131233e-03,-4.133687168359756470e-02,-1.130641773343086243e-01,-2.139482274651527405e-02,3.049623668193817139e-01,-4.133555591106414795e-01,1.029195450246334076e-02,-2.880644500255584717e-01,-1.063325330615043640e-01,-2.919259667396545410e-01,7.827677726745605469e-01,-3.738791942596435547e-01,5.092103779315948486e-02,-2.285817079246044159e-02,7.409655023366212845e-03,-6.181292235851287842e-02,-1.040191352367401123e-01,9.773193597793579102e-01,1.259485036134719849e-01,-5.337518826127052307e-02,-3.738520434126257896e-03,1.380895733833312988e+00
-6.513001769781112671e-02,-1.652822270989418030e-02,6.342031359672546387e-01,-4.168090969324111938e-02,2.382923103868961334e-02,9.988107681274414062e-01,-8.482412435114383698e-03,-4.750897735357284546e-02,-1.144097968935966492e-01,-3.198621794581413269e-02,3.029416799545288086e-01,-4.162503480911254883e-01,1.059531979262828827e-02,-3.662584125995635986e-01,-1.337489634752273560e-01,-3.156912922859191895e-01,8.926209807395935059e-01,-3.857694566249847412e-01,6.618352234363555908e-02,-3.132160753011703491e-02,-7.055682688951492310e-02,-7.112378627061843872e-02,-1.411891430616378784e-01,7.089566588401794434e-01,1.973100751638412476e-01,-4.561740159988403320e-02,-1.531903445720672607e-02,1.349787354469299316e+00
-7.081122696399688721e-02,-1.656245067715644836e-02,6.342543363571166992e-01,-4.689836502075195312e-02,2.352117933332920074e-02,9.984971880912780762e-01,-1.583286374807357788e-02,-4.887033626437187195e-02,-1.138617768883705139e-01,-3.879428654909133911e-02,3.002651929855346680e-01,-4.163151681423187256e-01,1.023530866950750351e-02,-3.986282050609588623e-01,-1.429362893104553223e-01,-3.204103112220764160e-01,9.252629280090332031e-01,-3.911736011505126953e-01,7.171078026294708252e-02,-4.021039977669715881e-02,-1.208461225032806396e-01,-8.122675120830535889e-02,-1.588898152112960815e-01,5.728489756584167480e-01,2.353353351354598999e-01,-4.365988075733184814e-02,-2.136917039752006531e-02,1.336352109909057617e+00
-8.344680070877075195e-02,-1.411173492670059204e-02,6.358032226562500000e-01,-5.763468146324157715e-02,2.357675135135650635e-02,9.974059462547302246e-01,-3.610732033848762512e-02,-5.795697122812271118e-02,-1.058600619435310364e-01,-4.711923375725746155e-02,2.959820926189422607e-01,-3.931948542594909668e-01,5.114693660289049149e-03,-4.477236866950988770e-01,-1.567879319190979004e-01,-3.375987708568572998e-01,9.430585503578186035e-01,-4.020194113254547119e-01,7.240258157253265381e-02,-8.038175851106643677e-02,-2.370357960462570190e-01,-9.400571137666702271e-02,-2.016431540250778198e-01,3.073670268058776855e-01,3.157224655151367188e-01,-4.954596981406211853e-02,-2.948701940476894379e-02,1.309252977371215820e+00
-9.802895784378051758e-02,-8.336888626217842102e-03,6.386922001838684082e-01,-6.327322125434875488e-02,2.595968171954154968e-02,9.958290457725524902e-01,-6.039078533649444580e-02,-6.038140878081321716e-02,-9.304764121770858765e-02,-5.611630156636238098e-02,3.002471923828125000e-01,-3.639733791351318359e-01,6.680469959974288940e-03,-4.572342336177825928e-01,-1.593042016029357910e-01,-3.620809018611907959e-01,8.867712020874023438e-01,-4.145740568637847900e-01,7.847496122121810913e-02,-1.524952501058578491e-01,-3.313614130020141602e-01,-7.203049957752227783e-02,-2.314953655004501343e-01,7.227401435375213623e-02,4.147064685821533203e-01,-4.256998002529144287e-02,-8.581333607435226440e-02,1.247633457183837891e+00
-1.060464307665824890e-01,-4.102759528905153275e-03,6.402807831764221191e-01,-6.453789770603179932e-02,2.667108550667762756e-02,9.952883720397949219e-01,-6.726468354463577271e-02,-5.776045098900794983e-02,-8.451849967241287231e-02,-5.737944319844245911e-02,3.066601753234863281e-01,-3.618192076683044434e-01,-1.104195369407534599e-03,-4.509176015853881836e-01,-1.473934650421142578e-01,-3.622647523880004883e-01,8.336888551712036133e-01,-4.207608103752136230e-01,8.576478809118270874e-02,-1.861104518175125122e-01,-3.584842979907989502e-01,-4.396226257085800171e-02,-2.329723685979843140e-01,-2.765300497412681580e-02,4.634741246700286865e-01,-2.359182387590408325e-02,-1.340011507272720337e-01,1.211912155151367188e+00
-1.237504333257675171e-01,4.551363177597522736e-03,6.423663496971130371e-01,-6.483816355466842651e-02,2.685359679162502289e-02,9.952443242073059082e-01,-6.755499541759490967e-02,-4.903900623321533203e-02,-6.372502446174621582e-02,-4.899868741631507874e-02,3.345062434673309326e-01,-3.568510115146636963e-01,-2.564398199319839478e-02,-4.185199439525604248e-01,-1.001041978597640991e-01,-3.340068757534027100e-01,6.890360713005065918e-01,-4.203330874443054199e-01,1.307994723320007324e-01,-2.269065231084823608e-01,-3.619047403335571289e-01,1.941606029868125916e-02,-1.861561387777328491e-01,-1.856555044651031494e-01,5.405738353729248047e-01,4.755710437893867493e-02,-2.464692145586013794e-01,1.144616127014160156e+00
-1.460324972867965698e-01,9.558467194437980652e-03,6.414259076118469238e-01,-6.190266087651252747e-02,2.739311940968036652e-02,9.962148070335388184e-01,-5.453223735094070435e-02,-4.378923773765563965e-02,-4.828884825110435486e-02,-2.716092392802238464e-02,3.996249139308929443e-01,-3.275542557239532471e-01,-5.870020017027854919e-02,-3.558132648468017578e-01,-5.811091512441635132e-02,-3.058903515338897705e-01,5.315971374511718750e-01,-4.043070375919342041e-01,2.100088596343994141e-01,-2.204795181751251221e-01,-2.874680757522583008e-01,1.463395357131958008e-02,-1.465408056974411011e-01,-2.453918308019638062e-01,5.587325096130371094e-01,1.153054386377334595e-01,-2.696928977966308594e-01,1.060586452484130859e+00
-1.583240032196044922e-01,1.184624806046485901e-02,6.400404572486877441e-01,-5.871877074241638184e-02,2.631832100450992584e-02,9.969449043273925781e-01,-4.427549615502357483e-02,-5.364371463656425476e-02,-3.722953051328659058e-02,-1.029531471431255341e-02,4.663464128971099854e-01,-3.065213859081268311e-01,-7.923965156078338623e-02,-3.247322142124176025e-01,-4.308544844388961792e-02,-3.036625683307647705e-01,4.848466515541076660e-01,-3.340160846710205078e-01,1.666269302368164062e-01,-2.020254135131835938e-01,-2.281457483768463135e-01,-4.390321671962738037e-03,-1.381526887416839600e-01,-2.263788133859634399e-01,5.396370291709899902e-01,1.406728178262710571e-01,-2.599731385707855225e-01,1.023782849311828613e+00
-1.804038435220718384e-01,1.739749312400817871e-02,6.338324546813964844e-01,-5.285222083330154419e-02,2.497456967830657959e-02,9.980389475822448730e-01,-2.238574996590614319e-02,-1.299493014812469482e-01,-4.619771149009466171e-03,3.016417473554611206e-02,6.784772872924804688e-01,-2.017717063426971436e-01,-1.310977488756179810e-01,-2.850464284420013428e-01,-2.508810721337795258e-02,-3.120421469211578369e-01,5.086653828620910645e-01,-3.839648067951202393e-01,9.919539839029312134e-02,-1.487703174352645874e-01,-9.559429436922073364e-02,-5.224262550473213196e-02,-1.089965328574180603e-01,-9.782008826732635498e-02,4.581018686294555664e-01,1.897186934947967529e-01,-2.407004088163375854e-01,9.558478593826293945e-01
-2.051346004009246826e-01,2.235994115471839905e-02,6.230084300041198730e-01,-5.226226150989532471e-02,2.098817005753517151e-02,9.983924627304077148e-01,-6.375528872013092041e-03,-2.477949112653732300e-01,4.485876113176345825e-02,5.838256701827049255e-02,8.965393304824829102e-01,1.608525961637496948e-02,-1.624869704246520996e-01,-2.821149528026580811e-01,-5.171195603907108307e-03,-2.766811549663543701e-01,6.075150966644287109e-01,-4.569526016712188721e-01,3.656928241252899170e-02,-8.155056834220886230e-02,2.382477372884750366e-02,-1.115050092339515686e-01,-7.018576562404632568e-02,1.537044346332550049e-01,3.753765821456909180e-01,1.868062019348144531e-01,-1.765904128551483154e-01,7.892476320266723633e-01
-2.163829952478408813e-01,2.409445866942405701e-02,6.146888136863708496e-01,-4.754883423447608948e-02,2.462407201528549194e-02,9.985629320144653320e-01,-2.188955666497349739e-03,-2.923974394798278809e-01,6.350374221801757812e-02,8.043052256107330322e-02,9.826422929763793945e-01,1.215643063187599182e-01,-1.540150791406631470e-01,-2.990339994430541992e-01,-1.428891252726316452e-02,-2.644984424114227295e-01,6.944388151168823242e-01,-5.122316479682922363e-01,2.324953861534595490e-02,-6.517147272825241089e-02,9.491430222988128662e-02,-1.401924043893814087e-01,-1.972349733114242554e-02,2.874684035778045654e-01,3.326601684093475342e-01,2.257063537836074829e-01,-1.679230332374572754e-01,7.355918884277343750e-01
-2.410085648298263550e-01,2.920790947973728180e-02,6.059541702270507812e-01,-4.393852874636650085e-02,3.103785030543804169e-02,9.984394907951354980e-01,1.498796325176954269e-02,-3.845289647579193115e-01,1.121387258172035217e-01,1.505642384290695190e-01,1.169872283935546875e+00,1.015924662351608276e-01,-9.785556048154830933e-02,-2.477588504552841187e-01,-1.760158874094486237e-02,-2.632658481597900391e-01,7.026754617691040039e-01,-5.235999822616577148e-01,1.647315174341201782e-02,-2.014765329658985138e-02,2.845351099967956543e-01,-1.586977690458297729e-01,7.964674383401870728e-02,4.411037862300872803e-01,1.763645410537719727e-01,2.426698207855224609e-01,-7.959752529859542847e-02,5.982452034950256348e-01
-2.704238891601562500e-01,3.145831078290939331e-02,6.116564869880676270e-01,-4.946793615818023682e-02,2.666833065450191498e-02,9.981250166893005371e-01,2.425204403698444366e-02,-4.852090477943420410e-01,1.834592819213867188e-01,1.948065459728240967e-01,1.286626696586608887e+00,3.286817669868469238e-02,-9.181089699268341064e-03,-1.857546418905258179e-01,3.718629712238907814e-03,-2.502317428588867188e-01,6.377579569816589355e-01,-5.235999822616577148e-01,1.963212527334690094e-02,2.411146648228168488e-02,4.635512828826904297e-01,-1.583912223577499390e-01,1.341461539268493652e-01,4.680621922016143799e-01,-2.310388721525669098e-02,1.793461292982101440e-01,6.688973400741815567e-03,3.505435585975646973e-01
-2.866130173206329346e-01,3.196685016155242920e-02,6.166658997535705566e-01,-5.057685449719429016e-02,2.477169223129749298e-02,9.979572296142578125e-01,3.016203455626964569e-02,-5.189783573150634766e-01,2.050386816263198853e-01,2.187134623527526855e-01,1.286518812179565430e+00,1.575308479368686676e-02,1.463903952389955521e-02,-1.404287964105606079e-01,1.587644591927528381e-02,-2.359479516744613647e-01,5.884134769439697266e-01,-5.235999822616577148e-01,2.462184801697731018e-02,5.306633561849594116e-02,5.378589630126953125e-01,-1.408209204673767090e-01,1.350143849849700928e-01,4.575375914573669434e-01,-8.706220239400863647e-02,1.573505699634552002e-01,4.178031533956527710e-02,2.155207395553588867e-01
-3.216664791107177734e-01,3.118843212723731995e-02,6.302869319915771484e-01,-5.249853804707527161e-02,2.135439589619636536e-02,9.978198409080505371e-01,3.381491452455520630e-02,-5.592599511146545410e-01,1.949153393507003784e-01,2.305454462766647339e-01,1.183899283409118652e+00,-2.343905903398990631e-02,-5.901463795453310013e-03,-4.831162840127944946e-02,2.871650271117687225e-02,-2.240244150161743164e-01,4.496650397777557373e-01,-3.724204301834106445e-01,5.012692138552665710e-02,9.998396039009094238e-02,6.511184573173522949e-01,-8.550823479890823364e-02,9.867278486490249634e-02,4.004285037517547607e-01,-1.492197662591934204e-01,1.056244000792503357e-01,1.314051747322082520e-01,-4.823917150497436523e-02
-3.560679554939270020e-01,2.660999633371829987e-02,6.449854969978332520e-01,-5.183438956737518311e-02,1.954609155654907227e-02,9.979768991470336914e-01,3.119724988937377930e-02,-5.567919015884399414e-01,1.199961826205253601e-01,1.981830298900604248e-01,9.739476442337036133e-01,-8.182673901319503784e-02,-1.017019152641296387e-01,-1.625549863092601299e-03,1.753921806812286377e-02,-2.250586152076721191e-01,3.797498643398284912e-01,-1.362107098102569580e-01,6.406433135271072388e-02,1.239299029111862183e-01,6.899544000625610352e-01,-6.519668549299240112e-02,7.380998134613037109e-02,3.820458054542541504e-01,-1.815773844718933105e-01,6.225413829088211060e-02,1.797897815704345703e-01,-1.778487563133239746e-01
-3.733947873115539551e-01,2.322036027908325195e-02,6.513954997062683105e-01,-5.065796896815299988e-02,2.088876999914646149e-02,9.981889724731445312e-01,2.482415921986103058e-02,-5.233210325241088867e-01,7.892844825983047485e-02,1.864066720008850098e-01,8.364574909210205078e-01,-1.355025768280029297e-01,-1.561520248651504517e-01,1.261426717974245548e-03,1.669502584263682365e-03,-2.363880723714828491e-01,3.910205960273742676e-01,-2.335747703909873962e-02,5.870604515075683594e-02,1.173528954386711121e-01,6.738412976264953613e-01,-7.146608829498291016e-02,6.001735478639602661e-02,3.910337388515472412e-01,-1.883871704339981079e-01,5.331212282180786133e-02,1.872977167367935181e-01,-1.836041063070297241e-01
-4.075316190719604492e-01,1.848126202821731567e-02,6.573208570480346680e-01,-5.248089134693145752e-02,2.519315294921398163e-02,9.982501268386840820e-01,1.038257870823144913e-02,-4.370048344135284424e-01,2.054757624864578247e-02,1.705801188945770264e-01,5.729845762252807617e-01,-2.714457213878631592e-01,-2.524907588958740234e-01,-4.503988474607467651e-02,-3.637232258915901184e-02,-2.527422606945037842e-01,5.100221633911132812e-01,1.450906395912170410e-01,3.852235153317451477e-02,8.355887979269027710e-02,5.912960767745971680e-01,-9.819353371858596802e-02,4.122115299105644226e-02,4.210053980350494385e-01,-1.925203800201416016e-01,8.566047996282577515e-02,2.085512727499008179e-01,-8.827041834592819214e-02
-4.426800012588500977e-01,1.507220510393381119e-02,6.497262716293334961e-01,-5.599669739603996277e-02,2.935512363910675049e-02,9.979992508888244629e-01,3.711692697834223509e-04,-3.858225643634796143e-01,-2.058464288711547852e-02,1.339887827634811401e-01,4.442406892776489258e-01,-2.739520967006683350e-01,-2.118699401617050171e-01,-1.302899420261383057e-01,-8.201844990253448486e-02,-2.591683268547058105e-01,7.334386706352233887e-01,2.199201732873916626e-01,7.210972253233194351e-03,4.486857727169990540e-02,4.805052280426025391e-01,-1.247588768601417542e-01,1.625456288456916809e-02,4.586986899375915527e-01,-1.529695391654968262e-01,1.403082758188247681e-01,2.440677136182785034e-01,3.904748335480690002e-02
-4.606937468051910400e-01,1.118730381131172180e-02,6.401808857917785645e-01,-5.281615629792213440e-02,3.179382532835006714e-02,9.980977773666381836e-01,-6.410989444702863693e-04,-3.766154348850250244e-01,-4.834529012441635132e-02,1.199760437011718750e-01,4.845953285694122314e-01,-2.679178118705749512e-01,-6.961740553379058838e-02,-1.681189686059951782e-01,-1.203457489609718323e-01,-2.680084705352783203e-01,8.692998886108398438e-01,1.985821425914764404e-01,9.478895924985408783e-03,2.850428782403469086e-02,4.230137765407562256e-01,-1.374473422765731812e-01,-1.084038242697715759e-02,4.753398597240447998e-01,-1.120155230164527893e-01,1.428104043006896973e-01,2.572185695171356201e-01,7.492595911026000977e-02
-4.920063316822052002e-01,-1.797373173758387566e-03,6.199320554733276367e-01,-3.850522637367248535e-02,3.264603763818740845e-02,9.983050823211669922e-01,-2.895690873265266418e-02,-3.694967925548553467e-01,-1.043621450662612915e-01,6.532525271177291870e-02,6.341413855552673340e-01,-3.326825499534606934e-01,5.181652307510375977e-02,-2.302966415882110596e-01,-2.224178612232208252e-01,-3.367058634757995605e-01,1.153150320053100586e+00,8.046158403158187866e-02,6.739039439707994461e-03,-7.117984443902969360e-02,3.144451081752777100e-01,-1.419879198074340820e-01,-1.021568253636360168e-01,4.215948283672332764e-01,-1.655152812600135803e-02,1.133856028318405151e-01,2.362346202135086060e-01,1.509820520877838135e-01
-5.256936550140380859e-01,-5.022446159273386002e-03,6.067567467689514160e-01,-2.474933490157127380e-02,3.092041984200477600e-02,9.980589151382446289e-01,-4.806095734238624573e-02,-3.568769395351409912e-01,-1.101227924227714539e-01,6.080896034836769104e-02,7.938467264175415039e-01,-4.625996351242065430e-01,7.817698270082473755e-02,-3.369080722332000732e-01,-2.752738296985626221e-01,-3.203044235706329346e-01,1.366705775260925293e+00,-1.813787035644054413e-03,-6.476294994354248047e-02,-1.686873584985733032e-01,1.353960633277893066e-01,-1.167570278048515320e-01,-1.544135957956314087e-01,3.228796720504760742e-01,1.367930024862289429e-01,1.169734001159667969e-01,1.019252315163612366e-01,3.648179471492767334e-01
-5.424337983131408691e-01,-4.216962959617376328e-03,6.057711839675903320e-01,-2.260412089526653290e-02,3.136849775910377502e-02,9.975897669792175293e-01,-5.761748552322387695e-02,-3.196127414703369141e-01,-1.101779639720916748e-01,5.677784979343414307e-02,7.947494387626647949e-01,-4.874530732631683350e-01,7.611066848039627075e-02,-3.996559679508209229e-01,-2.886574268341064453e-01,-3.072606623172760010e-01,1.436328768730163574e+00,-5.110469460487365723e-02,-8.405488729476928711e-02,-2.114394456148147583e-01,2.497690916061401367e-02,-9.047843515872955322e-02,-1.538918465375900269e-01,2.433827221393585205e-01,2.232920974493026733e-01,1.268929541110992432e-01,1.557327061891555786e-02,4.794697761535644531e-01
-5.788142681121826172e-01,-3.449665615335106850e-03,6.143074035644531250e-01,-1.547413598746061325e-02,2.867878042161464691e-02,9.970512390136718750e-01,-6.947629898786544800e-02,-2.302992939949035645e-01,-1.030886694788932800e-01,2.595198154449462891e-02,7.558650970458984375e-01,-5.002586841583251953e-01,5.642452090978622437e-02,-4.791447818279266357e-01,-2.807696759700775146e-01,-2.909499704837799072e-01,1.452246546745300293e+00,-1.370540857315063477e-01,-7.708322256803512573e-02,-2.725259661674499512e-01,-1.217154487967491150e-01,-5.949719250202178955e-02,-1.467811316251754761e-01,6.950149685144424438e-02,3.916361629962921143e-01,9.547846764326095581e-02,-1.169691979885101318e-01,5.802744626998901367e-01
-6.159655451774597168e-01,-1.078335917554795742e-03,6.298046112060546875e-01,-1.696602441370487213e-02,2.506207115948200226e-02,9.970825314521789551e-01,-7.007484883069992065e-02,-1.475071758031845093e-01,-9.183967113494873047e-02,1.159988902509212494e-02,6.622055172920227051e-01,-4.074357151985168457e-01,2.247937582433223724e-02,-5.290911793708801270e-01,-2.378531396389007568e-01,-2.821313142776489258e-01,1.339808106422424316e+00,-2.232514768838882446e-01,-5.059906840324401855e-02,-3.060145378112792969e-01,-1.964593827724456787e-01,-5.250016599893569946e-02,-1.428523510694503784e-01,-4.268864169716835022e-02,5.026066899299621582e-01,8.081287145614624023e-02,-1.958651095628738403e-01,6.047145724296569824e-01
-6.348167657852172852e-01,7.702076691202819347e-04,6.382131576538085938e-01,-1.835965365171432495e-02,2.327353879809379578e-02,9.973021745681762695e-01,-6.715346127748489380e-02,-1.248061954975128174e-01,-8.300291746854782104e-02,4.145647399127483368e-03,6.334331035614013672e-01,-3.162139058113098145e-01,-4.670324269682168961e-03,-5.299031138420104980e-01,-2.101197093725204468e-01,-2.853201329708099365e-01,1.229912400245666504e+00,-2.499546557664871216e-01,-2.653946727514266968e-02,-3.100135922431945801e-01,-2.108997553586959839e-01,-4.472278803586959839e-02,-1.461922079324722290e-01,-8.835225552320480347e-02,5.462855696678161621e-01,7.142616808414459229e-02,-2.011274993419647217e-01,5.682529211044311523e-01
-6.735512614250183105e-01,7.535729557275772095e-03,6.528776884078979492e-01,-2.421494759619235992e-02,1.525096409022808075e-02,9.979642629623413086e-01,-5.699463188648223877e-02,-1.181259155273437500e-01,-3.691664710640907288e-02,2.221646346151828766e-02,6.277458667755126953e-01,-8.495531231164932251e-02,-7.974081486463546753e-02,-4.914546608924865723e-01,-1.139810979366302490e-01,-3.022871017456054688e-01,9.285685420036315918e-01,-3.153978586196899414e-01,9.149981662631034851e-03,-2.954422831535339355e-01,-2.035636901855468750e-01,-2.642882242798805237e-02,-1.764216423034667969e-01,-1.356999725103378296e-01,5.827224254608154297e-01,5.492263659834861755e-02,-1.773675382137298584e-01,4.866348206996917725e-01
-7.126627564430236816e-01,1.545549184083938599e-02,6.578133106231689453e-01,-3.006365895271301270e-02,8.359163999557495117e-03,9.984694123268127441e-01,-4.566327109932899475e-02,-1.465893834829330444e-01,1.243435405194759369e-02,4.247175157070159912e-02,6.819838285446166992e-01,1.434806287288665771e-01,-1.479835808277130127e-01,-4.028929471969604492e-01,-2.042390033602714539e-02,-2.873744368553161621e-01,5.792617201805114746e-01,-3.632419705390930176e-01,9.221758693456649780e-02,-2.739203870296478271e-01,-1.474094688892364502e-01,-2.847072854638099670e-02,-2.169338762760162354e-01,-1.116697043180465698e-01,5.479766130447387695e-01,7.322496920824050903e-02,-1.363337486982345581e-01,4.661338031291961670e-01
-7.323099970817565918e-01,1.752944663166999817e-02,6.552484035491943359e-01,-3.044159710407257080e-02,8.559513837099075317e-03,9.985783696174621582e-01,-4.290989413857460022e-02,-1.687792986631393433e-01,2.251286245882511139e-02,3.725939989089965820e-02,7.332633137702941895e-01,2.341470122337341309e-01,-1.721920371055603027e-01,-3.694742918014526367e-01,-6.212931126356124878e-03,-2.770856618881225586e-01,4.556838870048522949e-01,-3.614265620708465576e-01,1.549234688282012939e-01,-2.621480524539947510e-01,-1.112786382436752319e-01,-4.127714037895202637e-02,-2.305194735527038574e-01,-7.970409095287322998e-02,5.156243443489074707e-01,8.912356197834014893e-02,-1.244930252432823181e-01,4.735024273395538330e-01
-7.717104554176330566e-01,2.105644717812538147e-02,6.420323848724365234e-01,-2.602929249405860901e-02,1.401398424059152603e-02,9.987701177597045898e-01,-3.980316221714019775e-02,-2.322304248809814453e-01,3.874752670526504517e-02,3.254279121756553650e-02,9.169946312904357910e-01,2.408383786678314209e-01,-2.116041034460067749e-01,-3.092734217643737793e-01,1.329580787569284439e-02,-2.898667454719543457e-01,3.686288893222808838e-01,-3.255670666694641113e-01,1.133406907320022583e-01,-2.304544448852539062e-01,-3.331689164042472839e-02,-8.606920391321182251e-02,-2.401339709758758545e-01,3.526069596409797668e-02,4.368257224559783936e-01,1.155849173665046692e-01,-1.098516210913658142e-01,4.859279990196228027e-01
-8.122426271438598633e-01,2.696742117404937744e-02,6.174518465995788574e-01,-1.410843525081872940e-02,2.059727162122726440e-02,9.992296695709228516e-01,-3.027775138616561890e-02,-2.994558513164520264e-01,7.304704189300537109e-02,5.439357459545135498e-02,1.123046875000000000e+00,1.597397625446319580e-01,-2.143570333719253540e-01,-3.070693910121917725e-01,2.170222252607345581e-02,-2.424416989088058472e-01,5.187039375305175781e-01,-3.309646248817443848e-01,1.455523725599050522e-02,-1.795886158943176270e-01,8.256278932094573975e-02,-1.254147440195083618e-01,-1.963761597871780396e-01,1.622346639633178711e-01,3.511580526828765869e-01,1.442888081073760986e-01,-6.982361525297164917e-02,4.884226918220520020e-01
-8.333622217178344727e-01,2.746952511370182037e-02,6.054203510284423828e-01,-7.904521189630031586e-03,1.838326081633567810e-02,9.995022416114807129e-01,-2.438978664577007294e-02,-3.372801840305328369e-01,9.187950193881988525e-02,6.015689671039581299e-02,1.190462231636047363e+00,1.651266962289810181e-01,-1.900619119405746460e-01,-3.500626981258392334e-01,2.423915639519691467e-02,-2.249959409236907959e-01,6.818249821662902832e-01,-3.817004561424255371e-01,-3.157105296850204468e-02,-1.546462476253509521e-01,1.580296903848648071e-01,-1.308448612689971924e-01,-1.359884887933731079e-01,2.267313152551651001e-01,2.988804578781127930e-01,1.737812757492065430e-01,-2.469287626445293427e-02,4.923491477966308594e-01
-8.762263655662536621e-01,2.938774786889553070e-02,5.964497923851013184e-01,-7.678312715142965317e-03,2.170302532613277435e-02,9.997349977493286133e-01,5.334423985914327204e-05,-4.426681399345397949e-01,1.117116808891296387e-01,8.770827949047088623e-02,1.292149782180786133e+00,1.270294934511184692e-01,-1.241971179842948914e-01,-3.246327936649322510e-01,2.222281694412231445e-02,-2.265760600566864014e-01,7.962517142295837402e-01,-5.153883695602416992e-01,-5.236196517944335938e-02,-6.678503751754760742e-02,3.333906829357147217e-01,-1.530935913324356079e-01,-3.698506206274032593e-02,3.002023696899414062e-01,1.378368884325027466e-01,1.696022301912307739e-01,7.729483395814895630e-02,4.068029522895812988e-01
-9.206091761589050293e-01,2.723167091608047485e-02,6.009824872016906738e-01,-1.200517080724239349e-02,2.245222777128219604e-02,9.996174573898315430e-01,1.080603338778018951e-02,-5.180110931396484375e-01,1.206361204385757446e-01,1.085333824157714844e-01,1.283497571945190430e+00,6.496725231409072876e-02,-8.264847844839096069e-02,-2.516879141330718994e-01,2.516613155603408813e-02,-2.126810103654861450e-01,7.588264942169189453e-01,-5.235999822616577148e-01,-4.008695855736732483e-02,-2.254508435726165771e-03,4.902312159538269043e-01,-1.039177477359771729e-01,-1.119503472000360489e-02,2.322502136230468750e-01,-8.451506146229803562e-04,1.655931621789932251e-01,1.546155661344528198e-01,2.354635894298553467e-01
-9.435702562332153320e-01,2.614021860063076019e-02,6.072736382484436035e-01,-1.490505132824182510e-02,2.233152277767658234e-02,9.994621276855468750e-01,1.882940158247947693e-02,-5.401414632797241211e-01,1.187355965375900269e-01,1.307952702045440674e-01,1.233607292175292969e+00,3.610430285334587097e-02,-6.780057400465011597e-02,-1.994070857763290405e-01,3.282481804490089417e-02,-1.945364922285079956e-01,7.064768075942993164e-01,-5.235999822616577148e-01,-2.840119041502475739e-02,3.853702917695045471e-02,5.408325791358947754e-01,-6.901145726442337036e-02,1.969927689060568810e-03,2.030108720064163208e-01,-4.465365782380104065e-02,1.695542186498641968e-01,1.819495856761932373e-01,1.549686640501022339e-01
-9.897782206535339355e-01,2.329607866704463959e-02,6.240504384040832520e-01,-2.316070534288883209e-02,2.051353827118873596e-02,9.993136525154113770e-01,2.037059888243675232e-02,-5.659201741218566895e-01,8.476672321557998657e-02,1.479585021734237671e-01,1.067609429359436035e+00,-3.066499158740043640e-02,-6.146631017327308655e-02,-7.620874792337417603e-02,4.058236628770828247e-02,-2.023499757051467896e-01,5.268692970275878906e-01,-4.065549671649932861e-01,9.885186329483985901e-03,9.443438798189163208e-02,5.947068333625793457e-01,-1.641029864549636841e-02,-5.711240373784676194e-05,1.669822484254837036e-01,-8.976596593856811523e-02,1.702264547348022461e-01,2.250172346830368042e-01,1.244760584086179733e-02
-1.033704876899719238e+00,1.962776854634284973e-02,6.407165527343750000e-01,-3.027447126805782318e-02,1.789345405995845795e-02,9.990257024765014648e-01,2.666219323873519897e-02,-5.232537388801574707e-01,4.931251332163810730e-02,1.772941946983337402e-01,8.092001080513000488e-01,-1.125001534819602966e-01,-1.189150735735893250e-01,-1.779347285628318787e-02,4.129714146256446838e-02,-1.791528612375259399e-01,4.133290648460388184e-01,-1.603860855102539062e-01,2.576760947704315186e-02,1.401378363370895386e-01,6.066196560859680176e-01,-3.621172625571489334e-03,-9.063356555998325348e-03,1.473941951990127563e-01,-1.128514856100082397e-01,1.567583978176116943e-01,2.589562833309173584e-01,-6.033447757363319397e-02
-1.055568099021911621e+00,1.537234522402286530e-02,6.474518775939941406e-01,-3.044839575886726379e-02,1.950714550912380219e-02,9.990544319152832031e-01,2.413697727024555206e-02,-4.787403345108032227e-01,2.207853831350803375e-02,1.869145780801773071e-01,6.642759442329406738e-01,-1.653723418712615967e-01,-1.507721394300460815e-01,-8.200556039810180664e-03,2.601747773587703705e-02,-1.892617493867874146e-01,4.112498462200164795e-01,-4.035193473100662231e-02,2.824138291180133820e-02,1.417704224586486816e-01,5.981865525245666504e-01,-1.172879431396722794e-02,-6.606374867260456085e-03,1.524064242839813232e-01,-1.156024262309074402e-01,1.455895602703094482e-01,2.667807042598724365e-01,-6.163541600108146667e-02
-1.098889589309692383e+00,7.217969745397567749e-03,6.532446146011352539e-01,-2.641916275024414062e-02,2.308969013392925262e-02,9.992865920066833496e-01,1.397241838276386261e-02,-3.864806294441223145e-01,-2.551148645579814911e-02,1.662755757570266724e-01,4.377563893795013428e-01,-2.879779636859893799e-01,-2.061395347118377686e-01,-1.901178993284702301e-02,-1.915032230317592621e-02,-2.307311147451400757e-01,5.055959224700927734e-01,1.368888020515441895e-01,3.679461404681205750e-02,1.133253872394561768e-01,5.585820078849792480e-01,-4.336538165807723999e-02,-3.534768242388963699e-03,1.760794669389724731e-01,-1.071538627147674561e-01,1.327190697193145752e-01,2.604148983955383301e-01,1.482336781919002533e-03
-1.142427802085876465e+00,1.359342364594340324e-03,6.449909806251525879e-01,-1.975741051137447357e-02,2.501785755157470703e-02,9.993737339973449707e-01,1.535981334745883942e-02,-3.346960842609405518e-01,-5.843727290630340576e-02,1.462687849998474121e-01,4.079388976097106934e-01,-2.631382346153259277e-01,-7.991711050271987915e-02,-6.539077311754226685e-02,-7.061973959207534790e-02,-2.293014973402023315e-01,6.982200741767883301e-01,2.329309731721878052e-01,3.776005655527114868e-02,8.482564985752105713e-02,4.936502575874328613e-01,-7.510707527399063110e-02,-1.995219662785530090e-02,1.934581249952316284e-01,-6.557737290859222412e-02,1.392129808664321899e-01,2.341190725564956665e-01,1.109708920121192932e-01
-1.163392186164855957e+00,-3.164310008287429810e-03,6.339007019996643066e-01,-1.567733846604824066e-02,2.766273915767669678e-02,9.993858337402343750e-01,1.472824905067682266e-02,-3.371735513210296631e-01,-8.543217927217483521e-02,1.360498666763305664e-01,4.912920594215393066e-01,-3.204611837863922119e-01,2.407167293131351471e-02,-9.088353067636489868e-02,-1.089753657579421997e-01,-2.373813092708587646e-01,8.137006163597106934e-01,2.429213672876358032e-01,5.854357033967971802e-02,6.227362900972366333e-02,4.517534077167510986e-01,-9.266690164804458618e-02,-3.943989053368568420e-02,2.010476291179656982e-01,-3.014907427132129669e-02,1.401851028203964233e-01,2.148124426603317261e-01,1.704299300909042358e-01
-1.207607746124267578e+00,-1.268458925187587738e-02,6.131390929222106934e-01,3.055239503737539053e-04,2.592388167977333069e-02,9.996502399444580078e-01,5.222168285399675369e-03,-3.290370404720306396e-01,-9.748242050409317017e-02,9.656798839569091797e-02,6.335241198539733887e-01,-3.035961091518402100e-01,7.198655605316162109e-02,-1.340018361806869507e-01,-1.844759136438369751e-01,-2.750709056854248047e-01,1.075054764747619629e+00,1.090293154120445251e-01,6.243824958801269531e-02,-5.338794086128473282e-03,3.644983470439910889e-01,-1.237092539668083191e-01,-8.846932649612426758e-02,2.183642983436584473e-01,6.985516101121902466e-02,1.418851464986801147e-01,1.586218029260635376e-01,3.016308248043060303e-01
-1.252235770225524902e+00,-1.730686984956264496e-02,6.015781164169311523e-01,8.292276412248611450e-03,2.003342285752296448e-02,9.996737241744995117e-01,-1.350209489464759827e-02,-3.076676130294799805e-01,-9.208858758211135864e-02,9.549374133348464966e-02,7.849975228309631348e-01,-4.288508892059326172e-01,9.617901593446731567e-02,-2.369616478681564331e-01,-2.187653779983520508e-01,-2.710558772087097168e-01,1.287081599235534668e+00,6.073423195630311966e-03,-3.429814428091049194e-02,-1.021574661135673523e-01,2.290121167898178101e-01,-1.194353997707366943e-01,-1.588732302188873291e-01,2.081810981035232544e-01,1.458781808614730835e-01,1.141432076692581177e-01,7.792128622531890869e-02,4.433871507644653320e-01
-1.273919105529785156e+00,-1.716857403516769409e-02,5.998445749282836914e-01,7.916212081909179688e-03,1.486901007592678070e-02,9.996184110641479492e-01,-2.189150638878345490e-02,-2.750610411167144775e-01,-8.464077115058898926e-02,9.440520405769348145e-02,8.045179843902587891e-01,-4.708878397941589355e-01,9.970671683549880981e-02,-2.883971631526947021e-01,-2.226911932229995728e-01,-2.729350924491882324e-01,1.342832565307617188e+00,-3.548607975244522095e-02,-7.357441633939743042e-02,-1.464070826768875122e-01,1.463773101568222046e-01,-9.986790269613265991e-02,-1.881786286830902100e-01,1.842821538448333740e-01,1.932934224605560303e-01,1.047328487038612366e-01,4.924744367599487305e-02,4.723274111747741699e-01
-1.317196249961853027e+00,-1.467704679816961288e-02,6.041548252105712891e-01,1.196165382862091064e-02,1.428995281457901001e-02,9.994259476661682129e-01,-2.829262986779212952e-02,-2.020428031682968140e-01,-9.238664060831069946e-02,6.834617257118225098e-02,7.975766062736511230e-01,-5.018395185470581055e-01,9.310388565063476562e-02,-3.696443438529968262e-01,-2.227407991886138916e-01,-2.604332864284515381e-01,1.364260077476501465e+00,-1.108141839504241943e-01,-9.797988831996917725e-02,-2.161961942911148071e-01,1.120109576731920242e-02,-8.018074929714202881e-02,-2.089653164148330688e-01,9.570134431123733521e-02,3.009902238845825195e-01,8.231291919946670532e-02,2.982233883813023567e-03,4.797272086143493652e-01
-1.360037088394165039e+00,-1.399835199117660522e-02,6.160968542098999023e-01,1.459842268377542496e-02,1.342559978365898132e-02,9.993079304695129395e-01,-3.146919980645179749e-02,-1.084256246685981750e-01,-9.434950351715087891e-02,4.962126910686492920e-02,7.183852195739746094e-01,-4.263086915016174316e-01,6.528344005346298218e-02,-4.338165819644927979e-01,-1.908351778984069824e-01,-2.432263493537902832e-01,1.272011637687683105e+00,-1.680732220411300659e-01,-8.021961897611618042e-02,-2.708147466182708740e-01,-7.271401584148406982e-02,-7.361298054456710815e-02,-2.084537893533706665e-01,-1.541441958397626877e-02,3.744384944438934326e-01,4.595591127872467041e-02,-4.095898568630218506e-02,4.719771146774291992e-01
-1.381747484207153320e+00,-1.356726232916116714e-02,6.235488653182983398e-01,1.371527649462223053e-02,1.112612523138523102e-02,9.994755983352661133e-01,-2.714126370847225189e-02,-7.399553805589675903e-02,-8.539878576993942261e-02,5.399596318602561951e-02,6.811195015907287598e-01,-3.405724465847015381e-01,3.806957975029945374e-02,-4.506433904170989990e-01,-1.623148769140243530e-01,-2.350849509239196777e-01,1.177677512168884277e+00,-1.847394257783889771e-01,-6.224240735173225403e-02,-2.793200612068176270e-01,-1.039613857865333557e-01,-7.491424679756164551e-02,-2.091025710105895996e-01,-5.517298728227615356e-02,4.090710580348968506e-01,2.563822641968727112e-02,-5.263134837150573730e-02,4.512963294982910156e-01
-1.426386833190917969e+00,-1.101708691567182541e-02,6.386138796806335449e-01,1.260988693684339523e-02,3.334200242534279823e-03,9.997202754020690918e-01,-1.972785778343677521e-02,-3.132948651909828186e-02,-5.199954286217689514e-02,6.693176180124282837e-02,6.319884657859802246e-01,-8.696370571851730347e-02,-3.318518400192260742e-02,-4.259636998176574707e-01,-8.546386659145355225e-02,-2.487985789775848389e-01,8.978582620620727539e-01,-2.152941823005676270e-01,-2.610633708536624908e-02,-2.812128067016601562e-01,-1.468412727117538452e-01,-7.711835950613021851e-02,-2.236553579568862915e-01,-1.112850904464721680e-01,4.700121879577636719e-01,5.452960729598999023e-03,-6.733312457799911499e-02,4.087146222591400146e-01
-1.471221804618835449e+00,-6.540218368172645569e-03,6.479130387306213379e-01,7.978624664247035980e-03,-4.549330100417137146e-03,9.998720884323120117e-01,-1.309367548674345016e-02,-3.643773496150970459e-02,-1.471131574362516403e-02,7.700360566377639771e-02,6.228625774383544922e-01,2.308810353279113770e-01,-1.006793677806854248e-01,-3.525809943675994873e-01,-1.628851634450256824e-03,-2.560741901397705078e-01,5.578799843788146973e-01,-2.607189416885375977e-01,3.963558003306388855e-02,-2.683152854442596436e-01,-1.741452068090438843e-01,-8.123981952667236328e-02,-2.611149847507476807e-01,-1.288584321737289429e-01,4.828360080718994141e-01,8.802356198430061340e-03,-6.904328614473342896e-02,4.073219299316406250e-01
-1.493414163589477539e+00,-5.672618281096220016e-03,6.487022638320922852e-01,4.180008545517921448e-03,-5.651030223816633224e-03,9.998745918273925781e-01,-1.418971270322799683e-02,-5.507155880331993103e-02,-1.471114926971495152e-03,7.047018408775329590e-02,6.407421231269836426e-01,3.738423585891723633e-01,-1.401626467704772949e-01,-3.237993121147155762e-01,1.595899835228919983e-02,-2.404768913984298706e-01,4.216806590557098389e-01,-2.885183393955230713e-01,1.040794476866722107e-01,-2.640506327152252197e-01,-1.790440678596496582e-01,-8.893870562314987183e-02,-2.826357483863830566e-01,-1.249960139393806458e-01,4.732595384120941162e-01,9.772351011633872986e-03,-5.963877215981483459e-02,4.120368063449859619e-01
-1.539538264274597168e+00,-3.861097618937492371e-03,6.424736976623535156e-01,3.813354298472404480e-03,-6.039290223270654678e-03,9.998121261596679688e-01,-1.802039146423339844e-02,-1.047186851501464844e-01,2.805282548069953918e-02,5.780885741114616394e-02,7.534751892089843750e-01,5.235999822616577148e-01,-2.247603684663772583e-01,-2.869164347648620605e-01,4.702258855104446411e-02,-2.327168136835098267e-01,3.262656927108764648e-01,-3.095814883708953857e-01,1.005313098430633545e-01,-2.491928339004516602e-01,-1.466839909553527832e-01,-1.198839172720909119e-01,-3.299720585346221924e-01,-9.401994198560714722e-02,4.509105086326599121e-01,1.852191169746220112e-03,-1.946712471544742584e-02,4.080955684185028076e-01
-1.585412621498107910e+00,-8.621450979262590408e-04,6.254539489746093750e-01,6.832119077444076538e-03,-2.634881529957056046e-03,9.997307658195495605e-01,-2.201691642403602600e-02,-1.798533350229263306e-01,7.479482144117355347e-02,8.747883141040802002e-02,9.199284911155700684e-01,5.103393793106079102e-01,-2.489268034696578979e-01,-3.076696991920471191e-01,5.784253031015396118e-02,-1.816948950290679932e-01,4.762083888053894043e-01,-3.088234364986419678e-01,6.904301047325134277e-02,-2.250120937824249268e-01,-8.570899814367294312e-02,-1.557301878929138184e-01,-3.375680744647979736e-01,-1.681897602975368500e-02,4.035950899124145508e-01,2.418693155050277710e-03,3.148227185010910034e-02,4.127071797847747803e-01
-1.608681201934814453e+00,-4.456351161934435368e-04,6.155065894126892090e-01,8.790913969278335571e-03,-1.000529155135154724e-03,9.997496008872985840e-01,-2.055368758738040924e-02,-2.408692240715026855e-01,9.731845557689666748e-02,9.714194387197494507e-02,1.036152243614196777e+00,4.171799123287200928e-01,-1.987348198890686035e-01,-3.300676345825195312e-01,5.139837041497230530e-02,-1.572809219360351562e-01,5.966027379035949707e-01,-3.219904303550720215e-01,2.579749375581741333e-02,-2.048047333955764771e-01,-3.735270351171493530e-02,-1.742419749498367310e-01,-3.181285262107849121e-01,3.346430882811546326e-02,3.701167702674865723e-01,1.230860035866498947e-02,5.758817121386528015e-02,4.265079796314239502e-01
-1.658514618873596191e+00,-4.056978039443492889e-03,6.023268699645996094e-01,1.891904138028621674e-02,6.000977591611444950e-04,9.996594786643981934e-01,-1.796130836009979248e-02,-3.536318838596343994e-01,1.135464236140251160e-01,8.915989100933074951e-02,1.209435701370239258e+00,2.643151283264160156e-01,-9.951923787593841553e-02,-3.111549317836761475e-01,3.709373995661735535e-02,-1.965401172637939453e-01,7.797558307647705078e-01,-4.472267031669616699e-01,-4.317589476704597473e-02,-1.532840281724929810e-01,1.008544415235519409e-01,-1.892265826463699341e-01,-2.673966288566589355e-01,1.417164206504821777e-01,2.994150221347808838e-01,5.450076237320899963e-02,1.059276014566421509e-01,4.455289840698242188e-01
-1.705567955970764160e+00,-6.281138863414525986e-03,5.995076894760131836e-01,1.920378766953945160e-02,3.794411430135369301e-03,9.997558593750000000e-01,-1.025156211107969284e-02,-4.555776715278625488e-01,1.380926072597503662e-01,1.164523065090179443e-01,1.270660996437072754e+00,1.449977010488510132e-01,-3.889672458171844482e-02,-2.442978471517562866e-01,3.011843003332614899e-02,-1.985637098550796509e-01,8.134092688560485840e-01,-5.235999822616577148e-01,-4.907287657260894775e-02,-8.573816716670989990e-02,2.400826513767242432e-01,-1.598843634128570557e-01,-2.147035896778106689e-01,1.755261570215225220e-01,2.169150263071060181e-01,1.005895733833312988e-01,1.614977121353149414e-01,3.536951243877410889e-01
-1.728901505470275879e+00,-8.994897827506065369e-03,6.028420329093933105e-01,1.992532238364219666e-02,4.359603859484195709e-03,9.997625946998596191e-01,-7.664343807846307755e-03,-4.863967895507812500e-01,1.422875821590423584e-01,1.320926547050476074e-01,1.252765297889709473e+00,8.909169584512710571e-02,-1.318576745688915253e-02,-1.971890628337860107e-01,3.780518472194671631e-02,-1.764784306287765503e-01,7.864494323730468750e-01,-5.235999822616577148e-01,-4.707565531134605408e-02,-5.268300324678421021e-02,3.041092157363891602e-01,-1.290169954299926758e-01,-1.778223365545272827e-01,1.646022200584411621e-01,1.661773771047592163e-01,1.134761497378349304e-01,1.839959621429443359e-01,2.848830819129943848e-01
-1.776708841323852539e+00,-1.657889597117900848e-02,6.155964732170104980e-01,2.020805887877941132e-02,4.155653063207864761e-03,9.997601509094238281e-01,-7.347416132688522339e-03,-5.136678218841552734e-01,1.259690225124359131e-01,1.581308692693710327e-01,1.120095014572143555e+00,1.913697272539138794e-02,-9.330141358077526093e-03,-8.212246000766754150e-02,4.050600901246070862e-02,-1.607008874416351318e-01,6.758290529251098633e-01,-4.682120382785797119e-01,-2.361710369586944580e-02,1.961071509867906570e-03,4.115313589572906494e-01,-6.919682025909423828e-02,-1.060652360320091248e-01,1.281353384256362915e-01,7.985310256481170654e-02,1.153201609849929810e-01,2.163040339946746826e-01,1.203610897064208984e-01
-1.823875188827514648e+00,-2.533557638525962830e-02,6.310902237892150879e-01,1.453325711190700531e-02,3.108891658484935760e-03,9.998491406440734863e-01,-8.987196721136569977e-03,-4.985594749450683594e-01,9.006530046463012695e-02,1.992114186286926270e-01,8.822992444038391113e-01,-2.849528566002845764e-02,-3.435790166258811951e-02,-1.033277064561843872e-02,3.037060238420963287e-02,-1.588055789470672607e-01,5.729450583457946777e-01,-2.465542703866958618e-01,4.095059819519519806e-03,5.219624564051628113e-02,4.823240637779235840e-01,-5.025684833526611328e-02,-5.887087807059288025e-02,1.197538971900939941e-01,2.316723577678203583e-02,1.225495487451553345e-01,2.483809292316436768e-01,-3.415060695260763168e-03
-1.846572160720825195e+00,-3.111975453794002533e-02,6.387413144111633301e-01,1.104780379682779312e-02,4.775774665176868439e-03,9.998649358749389648e-01,-1.119179185479879379e-02,-4.685195684432983398e-01,6.112666800618171692e-02,2.245545387268066406e-01,7.389222979545593262e-01,-7.102303206920623779e-02,-5.217413976788520813e-02,4.586595576256513596e-03,1.732375845313072205e-02,-1.652545779943466187e-01,5.412689447402954102e-01,-9.496989846229553223e-02,2.455515787005424500e-03,6.834498047828674316e-02,5.019433498382568359e-01,-5.696524679660797119e-02,-4.096443206071853638e-02,1.184566989541053772e-01,1.466398942284286022e-03,1.259601414203643799e-01,2.633067667484283447e-01,-2.992615289986133575e-02
-1.890763521194458008e+00,-4.321604594588279724e-02,6.499955654144287109e-01,7.483310531824827194e-03,1.137070078402757645e-02,9.995943903923034668e-01,-2.501490898430347443e-02,-3.790431916713714600e-01,-4.051159601658582687e-03,2.615573406219482422e-01,4.500091671943664551e-01,-1.837740689516067505e-01,-1.203003749251365662e-01,1.213798671960830688e-02,-2.535786293447017670e-02,-2.093198001384735107e-01,5.331537127494812012e-01,2.089320868253707886e-01,-8.927618153393268585e-03,6.513080745935440063e-02,5.059947967529296875e-01,-5.871142074465751648e-02,-1.981896162033081055e-02,1.114233285188674927e-01,-2.458107285201549530e-02,1.284488439559936523e-01,2.797217667102813721e-01,-2.409924007952213287e-02
-1.935211896896362305e+00,-5.389300733804702759e-02,6.502075195312500000e-01,9.123882278800010681e-03,1.457930728793144226e-02,9.991915822029113770e-01,-3.633766993880271912e-02,-3.016550838947296143e-01,-3.421139344573020935e-02,2.750598490238189697e-01,2.976362705230712891e-01,-2.918393909931182861e-01,-1.894104182720184326e-01,-5.487852264195680618e-03,-7.496786117553710938e-02,-2.488908618688583374e-01,6.221791505813598633e-01,4.246295988559722900e-01,7.479832042008638382e-03,4.302391782402992249e-02,4.783726632595062256e-01,-6.559520214796066284e-02,-2.143262512981891632e-02,1.342698633670806885e-01,-2.920978143811225891e-02,1.352441459894180298e-01,2.795465886592864990e-01,3.983640298247337341e-02
-1.957491397857666016e+00,-5.972428992390632629e-02,6.461368799209594727e-01,1.104971580207347870e-02,1.499337516725063324e-02,9.991917610168457031e-01,-3.562256321310997009e-02,-2.827489972114562988e-01,-5.301098525524139404e-02,2.654267549514770508e-01,2.991821169853210449e-01,-2.943033576011657715e-01,-1.167836859822273254e-01,-2.663677930831909180e-02,-1.023183092474937439e-01,-2.516734004020690918e-01,7.056696414947509766e-01,4.661065340042114258e-01,2.330412529408931732e-02,3.562569990754127502e-02,4.577248096466064453e-01,-7.796406000852584839e-02,-3.212346881628036499e-02,1.595983207225799561e-01,-2.279765903949737549e-02,1.393592059612274170e-01,2.735044360160827637e-01,8.470170199871063232e-02
-2.003307104110717773e+00,-7.481411099433898926e-02,6.298764944076538086e-01,1.822838559746742249e-02,1.496700476855039597e-02,9.988374114036560059e-01,-4.204218089580535889e-02,-3.106551766395568848e-01,-7.723300904035568237e-02,2.044534087181091309e-01,4.287627935409545898e-01,-2.047190815210342407e-01,4.475062713027000427e-02,-8.781774342060089111e-02,-1.879278421401977539e-01,-2.886088192462921143e-01,9.597614407539367676e-01,3.411037027835845947e-01,6.394405663013458252e-02,-6.496081128716468811e-03,4.112645685672760010e-01,-1.155820712447166443e-01,-7.418420165777206421e-02,2.231766432523727417e-01,2.284103631973266602e-02,1.456559598445892334e-01,2.499155849218368530e-01,1.889756470918655396e-01
-2.044289588928222656e+00,-8.859492093324661255e-02,6.120774149894714355e-01,3.231938555836677551e-02,1.481960155069828033e-02,9.973343610763549805e-01,-6.371863931417465210e-02,-3.328538239002227783e-01,-9.809707105159759521e-02,1.743752062320709229e-01,6.425450444221496582e-01,-2.443936765193939209e-01,1.161515712738037109e-01,-1.591674238443374634e-01,-2.628808617591857910e-01,-3.138455450534820557e-01,1.174387693405151367e+00,2.006110399961471558e-01,2.097884938120841980e-02,-8.473801612854003906e-02,3.510518968105316162e-01,-1.496809273958206177e-01,-1.474405974149703979e-01,3.007308840751647949e-01,1.080621406435966492e-01,1.545909941196441650e-01,1.723218411207199097e-01,3.591373860836029053e-01
-2.066191911697387695e+00,-9.319315105676651001e-02,6.078076958656311035e-01,3.211840614676475525e-02,1.393065880984067917e-02,9.966684579849243164e-01,-7.366332411766052246e-02,-3.326200246810913086e-01,-9.105783700942993164e-02,1.724084764719009399e-01,7.279703021049499512e-01,-3.152907490730285645e-01,1.222572177648544312e-01,-2.356731891632080078e-01,-2.838017344474792480e-01,-2.952246963977813721e-01,1.265345931053161621e+00,1.422194093465805054e-01,-1.977848261594772339e-02,-1.273855268955230713e-01,2.943538725376129150e-01,-1.560694128274917603e-01,-1.717910915613174438e-01,3.243322372436523438e-01,1.472537219524383545e-01,1.572134494781494141e-01,1.197209358215332031e-01,4.601154625415802002e-01
-2.106775283813476562e+00,-1.002003774046897888e-01,6.075443029403686523e-01,2.509678155183792114e-02,1.124440971761941910e-02,9.958372712135314941e-01,-8.690115809440612793e-02,-2.803398966789245605e-01,-9.269686043262481689e-02,1.761132925748825073e-01,7.684832215309143066e-01,-4.017439186573028564e-01,1.250759214162826538e-01,-3.767459988594055176e-01,-2.969853281974792480e-01,-2.657967209815979004e-01,1.340112090110778809e+00,3.216046839952468872e-02,-8.080397546291351318e-02,-1.842079609632492065e-01,1.841834038496017456e-01,-1.608485579490661621e-01,-1.913812905550003052e-01,2.527428269386291504e-01,2.382191717624664307e-01,1.431678533554077148e-01,7.316122204065322876e-02,5.494890809059143066e-01
-2.145980119705200195e+00,-1.063111796975135803e-01,6.171837449073791504e-01,2.569168619811534882e-02,8.789534680545330048e-03,9.942877888679504395e-01,-1.032206788659095764e-01,-2.207663357257843018e-01,-1.012236773967742920e-01,1.268710643053054810e-01,7.639566659927368164e-01,-4.269683063030242920e-01,1.079424694180488586e-01,-4.507117867469787598e-01,-2.875599563121795654e-01,-2.718117237091064453e-01,1.277042746543884277e+00,-5.970504507422447205e-02,-9.476874023675918579e-02,-2.334162890911102295e-01,9.804180264472961426e-02,-1.598949283361434937e-01,-1.875489354133605957e-01,1.185976415872573853e-01,3.240806162357330322e-01,7.913406938314437866e-02,2.532528899610042572e-02,5.340534448623657227e-01
-2.165207147598266602e+00,-1.097604632377624512e-01,6.241008639335632324e-01,2.396231330931186676e-02,6.049030460417270660e-03,9.935162067413330078e-01,-1.109718307852745056e-01,-1.812744438648223877e-01,-1.017575934529304504e-01,1.082602739334106445e-01,7.302299737930297852e-01,-4.119674861431121826e-01,9.791135787963867188e-02,-4.752498865127563477e-01,-2.724845111370086670e-01,-2.841476202011108398e-01,1.200879812240600586e+00,-9.598059952259063721e-02,-9.392306208610534668e-02,-2.507954537868499756e-01,6.050575524568557739e-02,-1.573939770460128784e-01,-1.804122179746627808e-01,5.098989233374595642e-02,3.565797805786132812e-01,3.082169778645038605e-02,5.590457003563642502e-04,5.020241141319274902e-01
-2.203690767288208008e+00,-1.176355555653572083e-01,6.383736729621887207e-01,1.805920898914337158e-02,-8.256888831965625286e-04,9.931661486625671387e-01,-1.153005063533782959e-01,-1.076652929186820984e-01,-9.537027031183242798e-02,9.768165647983551025e-02,6.500731706619262695e-01,-3.245428204536437988e-01,6.836228072643280029e-02,-4.881119430065155029e-01,-2.180936038494110107e-01,-3.038246929645538330e-01,9.547485709190368652e-01,-1.401113271713256836e-01,-6.484858691692352295e-02,-2.525151073932647705e-01,1.729823462665081024e-02,-1.498241871595382690e-01,-1.778196245431900024e-01,-4.908872395753860474e-02,4.235114753246307373e-01,-4.291160404682159424e-02,-3.247527033090591431e-02,4.352062940597534180e-01
-2.243020534515380859e+00,-1.237920299172401428e-01,6.498938798904418945e-01,1.330417674034833908e-02,-5.781571380794048309e-03,9.923981428146362305e-01,-1.222106367349624634e-01,-6.220927089452743530e-02,-7.365712523460388184e-02,9.934476017951965332e-02,6.083391904830932617e-01,-1.787334680557250977e-01,2.264415472745895386e-02,-4.396950006484985352e-01,-1.263463199138641357e-01,-2.856134772300720215e-01,6.117358803749084473e-01,-2.139887511730194092e-01,4.731365479528903961e-03,-2.430760264396667480e-01,2.952674403786659241e-03,-1.336349546909332275e-01,-1.854383200407028198e-01,-1.040336042642593384e-01,4.638902544975280762e-01,-4.675836861133575439e-02,-5.256769433617591858e-02,4.285680949687957764e-01
-2.263508796691894531e+00,-1.268726736307144165e-01,6.535316109657287598e-01,1.101947482675313950e-02,-7.198947947472333908e-03,9.918336272239685059e-01,-1.268572658300399780e-01,-5.190987884998321533e-02,-6.048688292503356934e-02,1.060051396489143372e-01,6.097878217697143555e-01,-9.538226574659347534e-02,1.564197125844657421e-03,-4.003061652183532715e-01,-9.461883455514907837e-02,-2.475580424070358276e-01,4.252944290637969971e-01,-2.398532629013061523e-01,8.593426644802093506e-02,-2.354713231325149536e-01,4.646064713597297668e-03,-1.235201284289360046e-01,-1.881523728370666504e-01,-1.116113662719726562e-01,4.659473598003387451e-01,-3.268461301922798157e-02,-6.255038082599639893e-02,4.470849633216857910e-01
-2.304939031600952148e+00,-1.346853524446487427e-01,6.544042229652404785e-01,9.003725834190845490e-03,-9.481131099164485931e-03,9.893490672111511230e-01,-1.449740380048751831e-01,-5.536366626620292664e-02,-2.619040012359619141e-02,1.117239445447921753e-01,6.682592630386352539e-01,7.351016998291015625e-02,-2.733539044857025146e-02,-3.291732966899871826e-01,-7.698902487754821777e-02,-1.827051788568496704e-01,1.700688749551773071e-01,-2.860464751720428467e-01,2.131199091672897339e-01,-2.269916683435440063e-01,2.900807932019233704e-02,-1.123974695801734924e-01,-1.925782561302185059e-01,-9.316071122884750366e-02,4.550748169422149658e-01,-9.924445301294326782e-03,-5.946245789527893066e-02,4.596759378910064697e-01
-2.347846746444702148e+00,-1.412281095981597900e-01,6.409342885017395020e-01,8.339010179042816162e-03,-9.249313734471797943e-03,9.853860139846801758e-01,-1.698802560567855835e-01,-1.016260460019111633e-01,1.045048143714666367e-02,1.100266724824905396e-01,8.131253719329833984e-01,2.202623635530471802e-01,-6.024349108338356018e-02,-3.168932199478149414e-01,-5.719003453850746155e-02,-1.892434060573577881e-01,2.099172323942184448e-01,-3.569738268852233887e-01,3.213565945625305176e-01,-2.119650244712829590e-01,7.700092345476150513e-02,-1.132438927888870239e-01,-2.067862600088119507e-01,-4.832024127244949341e-02,4.348925948143005371e-01,4.180093295872211456e-03,-1.834244094789028168e-02,4.334492385387420654e-01
-2.369114398956298828e+00,-1.436702311038970947e-01,6.304484009742736816e-01,6.025759968906641006e-03,-9.362261742353439331e-03,9.834782481193542480e-01,-1.806837767362594604e-01,-1.385996341705322266e-01,3.485839441418647766e-02,1.172717809677124023e-01,9.017960429191589355e-01,2.722478806972503662e-01,-6.624913215637207031e-02,-3.373255729675292969e-01,-6.284867227077484131e-02,-2.050667554140090942e-01,2.990470826625823975e-01,-3.441895842552185059e-01,3.292215466499328613e-01,-1.927468329668045044e-01,1.021881848573684692e-01,-1.166726350784301758e-01,-2.081005424261093140e-01,-9.608827531337738037e-03,4.102130532264709473e-01,1.727963238954544067e-02,1.443962287157773972e-02,4.308297634124755859e-01
-2.414296627044677734e+00,-1.498984545469284058e-01,6.098055839538574219e-01,9.262257255613803864e-03,-7.159613072872161865e-03,9.789633154869079590e-01,-2.037002593278884888e-01,-2.115164697170257568e-01,1.006981730461120605e-01,1.539832949638366699e-01,1.143406629562377930e+00,1.408506482839584351e-01,-2.407340891659259796e-02,-3.981553614139556885e-01,-7.824196666479110718e-02,-1.698406934738159180e-01,5.236814022064208984e-01,-2.326338142156600952e-01,2.262703180313110352e-01,-1.502115130424499512e-01,1.905160248279571533e-01,-1.438889205455780029e-01,-1.931482255458831787e-01,8.942816406488418579e-02,3.614475429058074951e-01,3.353312611579895020e-02,1.075288876891136169e-01,4.346523880958557129e-01
-2.454570531845092773e+00,-1.608112454414367676e-01,5.991716384887695312e-01,9.751230478286743164e-03,-8.170486427843570709e-03,9.762147068977355957e-01,-2.164323478937149048e-01,-3.160845935344696045e-01,1.328118890523910522e-01,1.682424098253250122e-01,1.317028641700744629e+00,8.788999170064926147e-03,7.497949898242950439e-02,-4.475165903568267822e-01,-8.120881021022796631e-02,-1.952071040868759155e-01,7.854763865470886230e-01,-3.558421432971954346e-01,8.940332382917404175e-02,-7.249676436185836792e-02,2.721868753433227539e-01,-1.688948273658752441e-01,-1.319633275270462036e-01,2.251929342746734619e-01,2.566993832588195801e-01,3.312358632683753967e-02,2.057898938655853271e-01,4.631391167640686035e-01
-2.472493886947631836e+00,-1.680768132209777832e-01,5.982708334922790527e-01,7.144427392631769180e-03,-9.375853464007377625e-03,9.742251634597778320e-01,-2.252696603536605835e-01,-3.683628737926483154e-01,1.373766064643859863e-01,1.683448255062103271e-01,1.350746273994445801e+00,-2.897513285279273987e-02,7.004096359014511108e-02,-4.121580123901367188e-01,-8.235947042703628540e-02,-2.233074903488159180e-01,7.959584593772888184e-01,-3.989933431148529053e-01,6.311022490262985229e-02,-4.035170003771781921e-02,3.223275542259216309e-01,-1.682061105966567993e-01,-1.232742667198181152e-01,2.322655171155929565e-01,1.994279175996780396e-01,4.294422641396522522e-02,2.443406283855438232e-01,4.600138664245605469e-01
-2.507723331451416016e+00,-1.843172311782836914e-01,6.032358407974243164e-01,4.359879530966281891e-03,-1.575012691318988800e-02,9.661994576454162598e-01,-2.572770714759826660e-01,-4.685287475585937500e-01,1.110239699482917786e-01,1.381085067987442017e-01,1.343098998069763184e+00,-1.050971299409866333e-01,5.818465724587440491e-02,-3.375639915466308594e-01,-7.136780023574829102e-02,-2.451864331960678101e-01,8.020169138908386230e-01,-4.664089977741241455e-01,4.985957965254783630e-02,1.036161370575428009e-02,3.957821726799011230e-01,-1.388350576162338257e-01,-1.175277084112167358e-01,1.870427876710891724e-01,1.148790270090103149e-01,6.471988558769226074e-02,2.955369353294372559e-01,3.781776130199432373e-01
-2.538619041442871094e+00,-2.050198614597320557e-01,6.143310666084289551e-01,2.718116855248808861e-03,-1.962320506572723389e-02,9.574983716011047363e-01,-2.877576351165771484e-01,-5.318755507469177246e-01,6.190581619739532471e-02,1.419335901737213135e-01,1.233205199241638184e+00,-1.670788973569869995e-01,3.716916963458061218e-02,-2.229630053043365479e-01,-6.318474560976028442e-02,-2.813994586467742920e-01,7.111817002296447754e-01,-4.422439336776733398e-01,6.919858604669570923e-02,7.158937305212020874e-02,4.297777414321899414e-01,-1.191866025328636169e-01,-1.032650396227836609e-01,1.609409004449844360e-01,3.740294650197029114e-02,6.902617216110229492e-02,3.268366754055023193e-01,2.605349421501159668e-01
-2.554046630859375000e+00,-2.153362035751342773e-01,6.209442019462585449e-01,2.200697548687458038e-03,-2.168663591146469116e-02,9.514089226722717285e-01,-3.071577847003936768e-01,-5.441628694534301758e-01,4.267393797636032104e-02,1.548590064048767090e-01,1.146017432212829590e+00,-1.904848366975784302e-01,3.616250306367874146e-02,-1.644129008054733276e-01,-5.661739408969879150e-02,-3.109546005725860596e-01,6.527573466300964355e-01,-3.912321925163269043e-01,8.424258232116699219e-02,8.982899785041809082e-02,4.468821585178375244e-01,-1.187011599540710449e-01,-1.002726405858993530e-01,1.485702991485595703e-01,1.827032887376844883e-03,6.683725863695144653e-02,3.388453423976898193e-01,2.032937407493591309e-01
-2.584081411361694336e+00,-2.349839508533477783e-01,6.332172751426696777e-01,-4.936593468300998211e-04,-2.899232320487499237e-02,9.381160140037536621e-01,-3.451051414012908936e-01,-5.254716277122497559e-01,1.541169360280036926e-02,2.236243188381195068e-01,9.026434421539306641e-01,-2.258923500776290894e-01,3.888573870062828064e-02,-7.674614340066909790e-02,-3.035126999020576477e-02,-3.602912127971649170e-01,5.526453852653503418e-01,-2.446836978197097778e-01,1.053924709558486938e-01,1.225975230336189270e-01,4.652164578437805176e-01,-1.297078877687454224e-01,-9.029836207628250122e-02,1.314649432897567749e-01,-6.029793620109558105e-02,5.955201759934425354e-02,3.708219826221466064e-01,1.087925061583518982e-01
-2.611633300781250000e+00,-2.560932338237762451e-01,6.394177675247192383e-01,-4.417836666107177734e-03,-3.606842085719108582e-02,9.235308170318603516e-01,-3.817988336086273193e-01,-4.541138708591461182e-01,-3.659915179014205933e-02,3.040245473384857178e-01,6.023814678192138672e-01,-2.640616297721862793e-01,-2.040788158774375916e-02,-3.265663236379623413e-02,-2.018220163881778717e-02,-3.981144726276397705e-01,5.216795802116394043e-01,-7.044960558414459229e-02,1.336877197027206421e-01,1.417496055364608765e-01,4.592613279819488525e-01,-1.654104739427566528e-01,-5.818831920623779297e-02,1.425465643405914307e-01,-1.253181695938110352e-01,4.058504104614257812e-02,4.165477454662322998e-01,5.442775413393974304e-02
-2.625335454940795898e+00,-2.671088874340057373e-01,6.388501524925231934e-01,-4.004366695880889893e-03,-3.851089999079704285e-02,9.162952899932861328e-01,-3.986274302005767822e-01,-4.093779027462005615e-01,-5.483607575297355652e-02,3.471995890140533447e-01,4.795063734054565430e-01,-2.950789034366607666e-01,-8.816184103488922119e-02,-2.765488438308238983e-02,-2.663268335163593292e-02,-4.025340676307678223e-01,5.474266409873962402e-01,2.345006354153156281e-02,1.691517531871795654e-01,1.471450179815292358e-01,4.577698111534118652e-01,-1.914064586162567139e-01,-4.476478695869445801e-02,1.523698419332504272e-01,-1.548022776842117310e-01,3.220941871404647827e-02,4.380469918251037598e-01,4.652899503707885742e-02
-2.651082038879394531e+00,-2.916615903377532959e-01,6.310620903968811035e-01,2.924363594502210617e-03,-3.585215657949447632e-02,9.013710021972656250e-01,-4.315510988235473633e-01,-3.409296572208404541e-01,-1.109355390071868896e-01,3.793396949768066406e-01,3.670241534709930420e-01,-3.357694745063781738e-01,-3.978571295738220215e-02,-2.581888809800148010e-02,-6.362624466419219971e-02,-3.955428302288055420e-01,6.424096226692199707e-01,2.235961705446243286e-01,2.807721495628356934e-01,1.498346328735351562e-01,4.570001065731048584e-01,-2.400251328945159912e-01,-3.035999089479446411e-02,1.693397462368011475e-01,-1.922472715377807617e-01,2.000033482909202576e-02,4.498113691806793213e-01,7.915798574686050415e-02
-2.677541494369506836e+00,-3.164592683315277100e-01,6.128281354904174805e-01,1.118324324488639832e-02,-3.330522403120994568e-02,8.868229389190673828e-01,-4.607719779014587402e-01,-3.889620006084442139e-01,-1.352258473634719849e-01,2.699878215789794922e-01,5.051863789558410645e-01,-2.542507648468017578e-01,2.186382859945297241e-01,-5.830895528197288513e-02,-1.064415723085403442e-01,-3.564890921115875244e-01,7.805437445640563965e-01,3.866698145866394043e-01,3.195295035839080811e-01,1.543904542922973633e-01,4.418857991695404053e-01,-2.547391057014465332e-01,-2.408877387642860413e-02,1.716948598623275757e-01,-1.878809034824371338e-01,1.917581073939800262e-02,4.414632916450500488e-01,1.297395974397659302e-01
-2.691282987594604492e+00,-3.287621438503265381e-01,6.029349565505981445e-01,1.880438625812530518e-02,-3.601729497313499451e-02,8.758003115653991699e-01,-4.809604287147521973e-01,-4.199500381946563721e-01,-1.347800344228744507e-01,2.040768563747406006e-01,6.168112158775329590e-01,-2.544486820697784424e-01,2.259460687637329102e-01,-7.943705469369888306e-02,-1.220519691705703735e-01,-3.545744419097900391e-01,8.796239495277404785e-01,3.959763348102569580e-01,3.178493976593017578e-01,1.411900371313095093e-01,4.330497682094573975e-01,-2.465009093284606934e-01,-2.396411262452602386e-02,1.706410944461822510e-01,-1.593630164861679077e-01,2.929054200649261475e-02,4.314602315425872803e-01,1.614862531423568726e-01
-2.715257406234741211e+00,-3.581078052520751953e-01,5.921259522438049316e-01,3.129537403583526611e-02,-2.714840508997440338e-02,8.527806997299194336e-01,-5.206233263015747070e-01,-4.347476661205291748e-01,-1.271267980337142944e-01,1.747676879167556763e-01,8.215383291244506836e-01,-3.482151329517364502e-01,2.423275262117385864e-01,-1.406795978546142578e-01,-2.066791951656341553e-01,-3.456940650939941406e-01,1.106424331665039062e+00,2.687669694423675537e-01,2.919718921184539795e-01,1.121827363967895508e-01,3.881216049194335938e-01,-2.636548578739166260e-01,-2.527312375605106354e-02,2.228460907936096191e-01,-7.319705188274383545e-02,2.689792588353157043e-02,3.502589762210845947e-01,3.085394203662872314e-01
-2.729865312576293945e+00,-3.848074078559875488e-01,5.895026326179504395e-01,3.102873824536800385e-02,-2.440970018506050110e-02,8.264359831809997559e-01,-5.616449117660522461e-01,-3.745934665203094482e-01,-1.540065556764602661e-01,1.399864554405212402e-01,8.469230532646179199e-01,-3.925026059150695801e-01,2.604665756225585938e-01,-2.528629302978515625e-01,-3.065764009952545166e-01,-3.442051708698272705e-01,1.270131349563598633e+00,1.283404976129531860e-01,1.421439945697784424e-01,7.259527593851089478e-02,3.334760069847106934e-01,-3.117748200893402100e-01,-2.540135569870471954e-02,2.143617272377014160e-01,2.130299434065818787e-02,2.935275807976722717e-02,2.604539394378662109e-01,4.700215160846710205e-01
-2.737929582595825195e+00,-3.962307274341583252e-01,5.924180746078491211e-01,3.342339023947715759e-02,-2.451493777334690094e-02,8.113975524902343750e-01,-5.830230712890625000e-01,-3.671642243862152100e-01,-1.634980142116546631e-01,8.578314632177352905e-02,8.727784156799316406e-01,-4.010413587093353271e-01,2.524423897266387939e-01,-2.946417927742004395e-01,-3.337527513504028320e-01,-3.547827899456024170e-01,1.306498765945434570e+00,3.584779798984527588e-02,2.503421716392040253e-02,5.324767157435417175e-02,3.099610805511474609e-01,-3.376338779926300049e-01,-2.052967995405197144e-02,1.918144226074218750e-01,7.448834925889968872e-02,1.806542836129665375e-02,2.258175909519195557e-01,5.010030269622802734e-01
-2.755044221878051758e+00,-4.169036448001861572e-01,6.045346260070800781e-01,3.996384888887405396e-02,-2.227704226970672607e-02,7.793974876403808594e-01,-6.248568892478942871e-01,-3.178156316280364990e-01,-1.707958728075027466e-01,-9.422410279512405396e-03,8.642559647560119629e-01,-3.860732316970825195e-01,2.251681536436080933e-01,-3.371168971061706543e-01,-3.554535210132598877e-01,-3.901729881763458252e-01,1.282179236412048340e+00,-1.373831480741500854e-01,-1.339401900768280029e-01,1.527763158082962036e-02,2.627655565738677979e-01,-3.541294038295745850e-01,-1.145800808444619179e-03,1.298276335000991821e-01,1.854330003261566162e-01,-1.147581450641155243e-02,1.349595636129379272e-01,5.063785910606384277e-01
-2.770021915435791016e+00,-4.356575012207031250e-01,6.181479096412658691e-01,3.674362599849700928e-02,-2.809334360063076019e-02,7.507926821708679199e-01,-6.589165329933166504e-01,-2.770321071147918701e-01,-1.578145772218704224e-01,-6.701216846704483032e-02,8.212558031082153320e-01,-3.409585654735565186e-01,1.943640261888504028e-01,-3.811893165111541748e-01,-3.237200677394866943e-01,-3.868533372879028320e-01,1.138014912605285645e+00,-2.751235067844390869e-01,-1.669991761445999146e-01,-9.637204930186271667e-03,2.203458845615386963e-01,-3.231171965599060059e-01,-4.915190860629081726e-03,2.483937889337539673e-02,2.715887725353240967e-01,-2.408473193645477295e-02,3.706433624029159546e-02,4.991011321544647217e-01
-2.778294324874877930e+00,-4.457120299339294434e-01,6.247478723526000977e-01,3.555903583765029907e-02,-3.180861100554466248e-02,7.378819584846496582e-01,-6.732414364814758301e-01,-2.635519504547119141e-01,-1.437309831380844116e-01,-8.656371384859085083e-02,8.047275543212890625e-01,-3.075616955757141113e-01,1.756224483251571655e-01,-3.946742117404937744e-01,-2.815586328506469727e-01,-3.520640730857849121e-01,1.024251222610473633e+00,-3.142137825489044189e-01,-1.659907847642898560e-01,-1.383119262754917145e-02,2.081084251403808594e-01,-3.031944334506988525e-01,-1.127197034657001495e-02,-2.002257294952869415e-02,3.135545253753662109e-01,-2.310992591083049774e-02,4.181614145636558533e-03,4.933790564537048340e-01
-2.794941663742065430e+00,-4.681049585342407227e-01,6.359744668006896973e-01,3.361517190933227539e-02,-4.038767144083976746e-02,7.139104008674621582e-01,-6.982626914978027344e-01,-2.495398968458175659e-01,-1.048913449048995972e-01,-1.121891289949417114e-01,7.877525091171264648e-01,-2.322479933500289917e-01,1.344489157199859619e-01,-3.855914175510406494e-01,-1.759041547775268555e-01,-2.099927663803100586e-01,7.406349778175354004e-01,-4.127683043479919434e-01,-1.196174547076225281e-01,-9.891629219055175781e-03,1.966052651405334473e-01,-2.662557959556579590e-01,-2.656564116477966309e-02,-7.270539551973342896e-02,3.713605999946594238e-01,-6.256020627915859222e-03,-3.045798279345035553e-02,4.996981620788574219e-01
-2.806588411331176758e+00,-4.919756948947906494e-01,6.403933763504028320e-01,2.741604484617710114e-02,-4.883145168423652649e-02,6.846953034400939941e-01,-7.266747355461120605e-01,-2.644348740577697754e-01,-7.348174601793289185e-02,-1.263079196214675903e-01,8.089469671249389648e-01,-1.435252130031585693e-01,9.823731333017349243e-02,-3.490113317966461182e-01,-1.460836380720138550e-01,-4.262099042534828186e-02,4.656964838504791260e-01,-4.459026455879211426e-01,-4.969739541411399841e-02,-1.037657074630260468e-02,1.944450289011001587e-01,-2.449629306793212891e-01,-4.989003390073776245e-02,-7.944878190755844116e-02,3.817234635353088379e-01,6.352477706968784332e-03,-4.156183451414108276e-02,5.313459038734436035e-01
-2.811362504959106445e+00,-5.036250352859497070e-01,6.379173994064331055e-01,2.368769794702529907e-02,-5.004236102104187012e-02,6.679323911666870117e-01,-7.421596646308898926e-01,-2.837990522384643555e-01,-5.965360254049301147e-02,-1.147632896900177002e-01,8.465920090675354004e-01,-8.598081022500991821e-02,7.594227790832519531e-02,-3.425696790218353271e-01,-1.561626046895980835e-01,2.149537764489650726e-02,4.069367647171020508e-01,-4.625858366489410400e-01,6.233063992112874985e-03,-8.798452094197273254e-03,1.984290778636932373e-01,-2.418113648891448975e-01,-6.336947530508041382e-02,-6.346648186445236206e-02,3.842407464981079102e-01,4.477004986256361008e-03,-3.958080708980560303e-02,5.421305894851684570e-01
-2.822788238525390625e+00,-5.267044305801391602e-01,6.211990714073181152e-01,1.484252698719501495e-02,-4.766985774040222168e-02,6.327803730964660645e-01,-7.727200388908386230e-01,-3.503574728965759277e-01,-1.369928102940320969e-02,-4.457603767514228821e-02,9.829454421997070312e-01,3.112248145043849945e-02,-5.102534778416156769e-04,-3.534836769104003906e-01,-1.806766390800476074e-01,-1.130166091024875641e-02,4.633124768733978271e-01,-4.567842781543731689e-01,2.472748309373855591e-01,8.180931210517883301e-03,2.060197293758392334e-01,-2.407804578542709351e-01,-9.610915929079055786e-02,3.770360955968499184e-03,3.940100073814392090e-01,-1.066291611641645432e-02,-2.775212377309799194e-02,5.380687117576599121e-01
-2.839568853378295898e+00,-5.477382540702819824e-01,6.044818758964538574e-01,1.166932657361030579e-02,-4.091534018516540527e-02,5.920802354812622070e-01,-8.047550916671752930e-01,-4.079489707946777344e-01,5.802128091454505920e-02,4.640411585569381714e-02,1.124974012374877930e+00,9.070863574743270874e-02,-8.078902214765548706e-02,-3.217477202415466309e-01,-2.300711721181869507e-01,-1.837964355945587158e-01,5.637995600700378418e-01,-3.954938650131225586e-01,2.620900571346282959e-01,2.507223375141620636e-02,2.417105138301849365e-01,-2.429129034280776978e-01,-8.731061220169067383e-02,8.860414475202560425e-02,3.833865523338317871e-01,-1.572222262620925903e-02,-5.307612475007772446e-03,5.469810366630554199e-01
-2.846879720687866211e+00,-5.594307780265808105e-01,5.992383956909179688e-01,9.810208342969417572e-03,-4.379725828766822815e-02,5.752826333045959473e-01,-8.167223930358886719e-01,-4.419398903846740723e-01,9.083962440490722656e-02,9.140894562005996704e-02,1.192404031753540039e+00,3.726160526275634766e-02,-8.715367317199707031e-02,-3.634659349918365479e-01,-2.522516548633575439e-01,-2.597612440586090088e-01,7.067587375640869141e-01,-4.589270949363708496e-01,2.374403327703475952e-01,3.512821346521377563e-02,2.672036290168762207e-01,-2.457112222909927368e-01,-6.425626575946807861e-02,1.262970268726348877e-01,3.351145386695861816e-01,-9.261081926524639130e-03,1.658157072961330414e-02,5.854093432426452637e-01
-2.848005533218383789e+00,-5.791406035423278809e-01,5.956422686576843262e-01,-4.041038919240236282e-03,-4.803781211376190186e-02,5.433742403984069824e-01,-8.381052613258361816e-01,-5.409194231033325195e-01,9.124755114316940308e-02,1.462419480085372925e-01,1.295693755149841309e+00,-6.896921247243881226e-02,-2.688221260905265808e-02,-3.566027581691741943e-01,-2.772924005985260010e-01,-2.982364296913146973e-01,8.058662414550781250e-01,-5.235999822616577148e-01,2.083684056997299194e-01,7.575305551290512085e-02,3.131992816925048828e-01,-2.851932942867279053e-01,-4.636467248201370239e-02,1.932864338159561157e-01,2.220030575990676880e-01,-3.058002702891826630e-02,6.628263741731643677e-02,5.893629789352416992e-01
-2.850402116775512695e+00,-5.987687110900878906e-01,5.989242196083068848e-01,-3.963403403759002686e-03,-5.967340618371963501e-02,5.020365715026855469e-01,-8.627761006355285645e-01,-6.029924750328063965e-01,9.309820085763931274e-02,1.735525131225585938e-01,1.266970157623291016e+00,-1.208171173930168152e-01,-6.275453418493270874e-02,-2.840323746204376221e-01,-2.318965047597885132e-01,-3.311256766319274902e-01,7.680084109306335449e-01,-5.235999822616577148e-01,1.587946116924285889e-01,1.059020981192588806e-01,3.448370397090911865e-01,-2.661485671997070312e-01,-4.332520440220832825e-02,1.983105838298797607e-01,1.396304368972778320e-01,-1.300431881099939346e-02,9.693813323974609375e-02,4.786004722118377686e-01
-2.850210905075073242e+00,-6.087381839752197266e-01,6.030284762382507324e-01,-3.554898547008633614e-03,-6.631021946668624878e-02,4.790978133678436279e-01,-8.752460479736328125e-01,-6.335097551345825195e-01,8.687497675418853760e-02,1.793425679206848145e-01,1.234309315681457520e+00,-1.648870557546615601e-01,-7.203659415245056152e-02,-2.392971962690353394e-01,-2.047658413648605347e-01,-3.537809848785400391e-01,7.250348925590515137e-01,-5.235999822616577148e-01,1.437304913997650146e-01,1.207191199064254761e-01,3.481056988239288330e-01,-2.355920076370239258e-01,-4.402153193950653076e-02,1.922076940536499023e-01,1.015758290886878967e-01,4.068011767230927944e-04,1.096646115183830261e-01,4.215175807476043701e-01
-2.845352411270141602e+00,-6.289459466934204102e-01,6.129459738731384277e-01,-5.130734294652938843e-03,-7.844067364931106567e-02,4.314835667610168457e-01,-8.986894488334655762e-01,-6.556776165962219238e-01,6.720491498708724976e-02,2.268282324075698853e-01,1.111432313919067383e+00,-2.389795035123825073e-01,-6.385409832000732422e-02,-1.378786265850067139e-01,-1.610696166753768921e-01,-4.195953905582427979e-01,6.136519312858581543e-01,-5.019816756248474121e-01,1.510526090860366821e-01,1.464861035346984863e-01,3.501933217048645020e-01,-1.769231706857681274e-01,-6.205988675355911255e-02,1.724596619606018066e-01,3.287985548377037048e-02,2.013569884002208710e-02,1.346013844013214111e-01,3.141614794731140137e-01
-2.834352493286132812e+00,-6.478630900382995605e-01,6.239079833030700684e-01,-8.820410817861557007e-03,-8.965294808149337769e-02,3.800503015518188477e-01,-9.205684661865234375e-01,-6.243802905082702637e-01,3.448010981082916260e-02,3.039720356464385986e-01,9.199396967887878418e-01,-2.976902425289154053e-01,-3.314001858234405518e-02,-6.127831339836120605e-02,-1.252409815788269043e-01,-4.675018489360809326e-01,4.972654879093170166e-01,-3.364509046077728271e-01,1.724901050329208374e-01,1.606844961643218994e-01,3.357073068618774414e-01,-1.480218321084976196e-01,-8.245681226253509521e-02,1.835470199584960938e-01,-8.425732143223285675e-03,1.771328225731849670e-02,1.655716449022293091e-01,2.128583937883377075e-01
-2.826575279235839844e+00,-6.565294265747070312e-01,6.282450556755065918e-01,-9.693284519016742706e-03,-9.424333274364471436e-02,3.568852543830871582e-01,-9.293315410614013672e-01,-5.874450802803039551e-01,1.151183620095252991e-02,3.431596457958221436e-01,8.069784045219421387e-01,-3.198888599872589111e-01,-4.680725932121276855e-02,-3.763645514845848083e-02,-1.122172847390174866e-01,-4.777441620826721191e-01,4.612106382846832275e-01,-2.441917061805725098e-01,1.785891503095626831e-01,1.678512543439865112e-01,3.272422254085540771e-01,-1.428118795156478882e-01,-8.691355586051940918e-02,2.005292177200317383e-01,-1.999698393046855927e-02,1.488120667636394501e-02,1.820998489856719971e-01,1.733818203210830688e-01
-2.808609962463378906e+00,-6.738865971565246582e-01,6.327205300331115723e-01,-9.441139176487922668e-03,-9.956909716129302979e-02,3.155544698238372803e-01,-9.436218738555908203e-01,-5.143461823463439941e-01,-3.430607914924621582e-02,4.140264391899108887e-01,6.151311993598937988e-01,-3.276166617870330811e-01,-5.378790199756622314e-02,-1.136202272027730942e-02,-9.826931357383728027e-02,-4.759311378002166748e-01,4.534698426723480225e-01,-7.978321611881256104e-02,1.720670610666275024e-01,1.745553165674209595e-01,3.193920254707336426e-01,-1.543148308992385864e-01,-9.401954710483551025e-02,2.499198615550994873e-01,-4.278431087732315063e-02,1.989728771150112152e-02,1.998799443244934082e-01,1.471950709819793701e-01
-2.789206981658935547e+00,-6.902498006820678711e-01,6.302302479743957520e-01,-9.533080272376537323e-03,-1.012951508164405823e-01,2.725750505924224854e-01,-9.567399024963378906e-01,-4.709300398826599121e-01,-6.583771854639053345e-02,4.557722210884094238e-01,5.901325345039367676e-01,-3.494322896003723145e-01,6.330060213804244995e-02,-2.224545553326606750e-02,-1.125533729791641235e-01,-4.675196409225463867e-01,5.527615547180175781e-01,4.087166488170623779e-02,1.544821709394454956e-01,1.557036042213439941e-01,3.140159547328948975e-01,-1.790442913770675659e-01,-1.024800166487693787e-01,3.053404688835144043e-01,-6.608337163925170898e-02,3.756386786699295044e-02,1.979462355375289917e-01,1.934319436550140381e-01
-2.777517318725585938e+00,-6.983537673950195312e-01,6.253553628921508789e-01,-1.032359432429075241e-02,-9.800285845994949341e-02,2.504803836345672607e-01,-9.630931615829467773e-01,-4.544326961040496826e-01,-8.917930722236633301e-02,4.173955321311950684e-01,6.073127388954162598e-01,-3.734819889068603516e-01,1.353181153535842896e-01,-3.666220977902412415e-02,-1.322397589683532715e-01,-4.588313102722167969e-01,6.368240714073181152e-01,9.462092071771621704e-02,1.389961838722229004e-01,1.365466266870498657e-01,3.192325532436370850e-01,-1.864015012979507446e-01,-1.109186112880706787e-01,3.160352110862731934e-01,-6.554652750492095947e-02,4.682206362485885620e-02,1.897168904542922974e-01,2.356534600257873535e-01
-2.753799676895141602e+00,-7.135135531425476074e-01,6.089563369750976562e-01,-1.396246068179607391e-02,-8.908826112747192383e-02,1.898783147335052490e-01,-9.776576757431030273e-01,-4.276827275753021240e-01,-1.505372226238250732e-01,2.935165166854858398e-01,6.675838828086853027e-01,-4.455575048923492432e-01,2.030847966670989990e-01,-7.614582777023315430e-02,-1.911360025405883789e-01,-4.645899534225463867e-01,8.315081596374511719e-01,2.233657538890838623e-01,7.220310717821121216e-02,5.442770943045616150e-02,3.256608545780181885e-01,-2.000548690557479858e-01,-1.355268508195877075e-01,3.102479875087738037e-01,-2.849858626723289490e-02,6.110489368438720703e-02,1.669200211763381958e-01,3.228147625923156738e-01
-2.732604980468750000e+00,-7.285755276679992676e-01,5.941202044486999512e-01,-1.655334047973155975e-02,-8.164681494235992432e-02,1.374112069606781006e-01,-9.870045185089111328e-01,-4.294768869876861572e-01,-1.544822156429290771e-01,2.476837038993835449e-01,7.983207702636718750e-01,-5.235999822616577148e-01,1.998589783906936646e-01,-1.445663571357727051e-01,-2.423332631587982178e-01,-4.443521797657012939e-01,1.048452019691467285e+00,1.975107342004776001e-01,3.737052902579307556e-02,-2.200654521584510803e-02,2.944559752941131592e-01,-2.089810818433761597e-01,-1.738950163125991821e-01,2.908841073513031006e-01,4.192367941141128540e-02,6.291977316141128540e-02,1.181824654340744019e-01,4.267120957374572754e-01
-2.721338510513305664e+00,-7.344502806663513184e-01,5.912120342254638672e-01,-1.884882152080535889e-02,-8.260282874107360840e-02,1.118845194578170776e-01,-9.901027083396911621e-01,-4.037985801696777344e-01,-1.614558696746826172e-01,2.343403398990631104e-01,7.984108328819274902e-01,-5.235999822616577148e-01,1.970802545547485352e-01,-1.964796930551528931e-01,-2.811481058597564697e-01,-4.400463998317718506e-01,1.164478778839111328e+00,1.134953424334526062e-01,3.432482108473777771e-02,-6.235239654779434204e-02,2.545567154884338379e-01,-2.078379094600677490e-01,-2.016775608062744141e-01,2.609162926673889160e-01,8.472255617380142212e-02,5.670293420553207397e-02,1.000768914818763733e-01,4.551059603691101074e-01
-2.697071552276611328e+00,-7.479380369186401367e-01,5.916437506675720215e-01,-2.068464830517768860e-02,-8.521909266710281372e-02,7.461630553007125854e-02,-9.933490157127380371e-01,-3.663020431995391846e-01,-1.758004575967788696e-01,1.708511561155319214e-01,7.826967239379882812e-01,-5.235999822616577148e-01,1.923522800207138062e-01,-3.024428486824035645e-01,-3.487117588520050049e-01,-4.301269054412841797e-01,1.315331459045410156e+00,-3.080587089061737061e-02,-3.533121943473815918e-02,-1.180702298879623413e-01,1.587980836629867554e-01,-1.824889630079269409e-01,-2.671226263046264648e-01,1.392333358526229858e-01,1.932095587253570557e-01,3.338572755455970764e-02,8.437386155128479004e-02,4.295997023582458496e-01
-2.669955253601074219e+00,-7.629051208496093750e-01,6.005587577819824219e-01,-1.999194547533988953e-02,-8.039335161447525024e-02,4.680576547980308533e-02,-9.954629540443420410e-01,-2.919313311576843262e-01,-1.754579842090606689e-01,1.008828803896903992e-01,7.263299822807312012e-01,-5.235999822616577148e-01,1.758179366588592529e-01,-4.017850458621978760e-01,-3.626293241977691650e-01,-3.929305374622344971e-01,1.359165072441101074e+00,-1.862844079732894897e-01,-1.294883042573928833e-01,-1.778427660465240479e-01,6.268931180238723755e-02,-1.440004557371139526e-01,-2.798611223697662354e-01,2.212952077388763428e-02,2.689547836780548096e-01,1.486731134355068207e-02,5.068257451057434082e-02,4.362246096134185791e-01
-2.656133174896240234e+00,-7.699835896492004395e-01,6.065500974655151367e-01,-1.796369440853595734e-02,-8.134323358535766602e-02,4.478906467556953430e-02,-9.955171942710876465e-01,-2.508482336997985840e-01,-1.653025448322296143e-01,9.152584522962570190e-02,6.820224523544311523e-01,-5.235999822616577148e-01,1.644104868173599243e-01,-4.598714411258697510e-01,-3.495600521564483643e-01,-3.575865328311920166e-01,1.335546851158142090e+00,-2.411133199930191040e-01,-1.456790417432785034e-01,-1.882984936237335205e-01,1.768155582249164581e-02,-1.261793076992034912e-01,-2.695775032043457031e-01,-2.870692685246467590e-02,2.900756895542144775e-01,2.906081965193152428e-03,4.533466324210166931e-02,4.319446384906768799e-01
-2.627748727798461914e+00,-7.834997177124023438e-01,6.201636195182800293e-01,-1.262555271387100220e-02,-8.563487976789474487e-02,5.059474334120750427e-02,-9.949610233306884766e-01,-1.643360406160354614e-01,-1.366304308176040649e-01,9.979467093944549561e-02,5.631794333457946777e-01,-4.484759867191314697e-01,1.242890432476997375e-01,-5.545051097869873047e-01,-2.861303985118865967e-01,-2.866150736808776855e-01,1.196423649787902832e+00,-2.959495782852172852e-01,-1.370261609554290771e-01,-1.964362263679504395e-01,-3.371481224894523621e-02,-1.078398153185844421e-01,-2.588180601596832275e-01,-1.126924678683280945e-01,3.180983066558837891e-01,-1.661850884556770325e-02,5.464470386505126953e-02,4.034736752510070801e-01
-2.596915721893310547e+00,-8.007892966270446777e-01,6.343927383422851562e-01,-2.933128504082560539e-03,-8.524356037378311157e-02,6.173891201615333557e-02,-9.944411516189575195e-01,-1.014324724674224854e-01,-9.024917334318161011e-02,1.136763691902160645e-01,4.879534542560577393e-01,-2.981177866458892822e-01,5.781356617808341980e-02,-5.779471993446350098e-01,-1.654130369424819946e-01,-2.104725837707519531e-01,9.549130201339721680e-01,-3.283817172050476074e-01,-1.289960891008377075e-01,-1.968523561954498291e-01,-3.918822482228279114e-02,-8.379857242107391357e-02,-2.453512102365493774e-01,-1.575187444686889648e-01,3.218359053134918213e-01,-1.870993524789810181e-02,6.127084419131278992e-02,3.914034664630889893e-01
-2.580929517745971680e+00,-8.097593188285827637e-01,6.399227976799011230e-01,1.348680350929498672e-03,-8.598885685205459595e-02,6.756851077079772949e-02,-9.940013289451599121e-01,-8.542602509260177612e-02,-6.649437546730041504e-02,1.290384083986282349e-01,4.777880012989044189e-01,-2.142023593187332153e-01,2.511045336723327637e-02,-5.614218115806579590e-01,-1.094186902046203613e-01,-1.649644970893859863e-01,8.070989251136779785e-01,-3.391292095184326172e-01,-8.764249086380004883e-02,-1.908100545406341553e-01,-3.530133515596389771e-02,-6.641788780689239502e-02,-2.366441190242767334e-01,-1.710068285465240479e-01,3.140610158443450928e-01,-1.341641694307327271e-02,6.150926277041435242e-02,3.881863951683044434e-01
-2.547598123550415039e+00,-8.230397701263427734e-01,6.431049108505249023e-01,2.691846573725342751e-03,-8.810898661613464355e-02,7.427188754081726074e-02,-9.933344125747680664e-01,-9.875981509685516357e-02,-2.574860304594039917e-02,1.697378605604171753e-01,5.477345585823059082e-01,-4.152539744973182678e-02,-2.547726966440677643e-02,-5.563419461250305176e-01,-5.552991852164268494e-02,-5.506573989987373352e-02,6.216769218444824219e-01,-3.424340784549713135e-01,2.402241341769695282e-02,-1.678540855646133423e-01,-1.629215851426124573e-02,-4.613849893212318420e-02,-2.352228462696075439e-01,-1.733250319957733154e-01,2.962643504142761230e-01,2.928636269643902779e-03,4.977427050471305847e-02,3.909203708171844482e-01
-2.513433694839477539e+00,-8.363183140754699707e-01,6.332695484161376953e-01,2.505306038074195385e-04,-8.812204748392105103e-02,6.995224207639694214e-02,-9.936503767967224121e-01,-1.727750152349472046e-01,1.922929100692272186e-02,1.741852611303329468e-01,7.377117872238159180e-01,1.151168122887611389e-01,-6.636771559715270996e-02,-5.579280257225036621e-01,-2.505396120250225067e-02,-6.904450058937072754e-02,6.468915939331054688e-01,-3.821630179882049561e-01,2.141594700515270233e-02,-1.285533308982849121e-01,8.770661428570747375e-03,-6.969834119081497192e-02,-2.673468291759490967e-01,-1.088671684265136719e-01,2.899806499481201172e-01,3.684210032224655151e-02,4.617430642247200012e-02,3.986708223819732666e-01
-2.494131565093994141e+00,-8.428665995597839355e-01,6.219748258590698242e-01,-1.067205448634922504e-03,-8.369853347539901733e-02,6.134445592761039734e-02,-9.946005344390869141e-01,-2.132967710494995117e-01,3.798125311732292175e-02,1.648321747779846191e-01,8.497288227081298828e-01,1.916426569223403931e-01,-4.375164955854415894e-02,-5.374867320060729980e-01,-3.259355574846267700e-02,-9.116643667221069336e-02,6.770220994949340820e-01,-3.494308292865753174e-01,-1.930335722863674164e-02,-1.079540401697158813e-01,3.381326422095298767e-02,-8.901020884513854980e-02,-2.863551676273345947e-01,-6.238589063286781311e-02,2.922140359878540039e-01,5.228133499622344971e-02,5.716583877801895142e-02,3.983389437198638916e-01
-2.460621356964111328e+00,-8.644345998764038086e-01,6.037838459014892578e-01,3.525890642777085304e-03,-7.337222248315811157e-02,6.399828195571899414e-02,-9.952428340911865234e-01,-2.855003774166107178e-01,1.221871376037597656e-01,2.085738927125930786e-01,1.069851994514465332e+00,1.997824162244796753e-01,-3.242186456918716431e-02,-5.065300464630126953e-01,-5.951334722340106964e-03,-9.083509445190429688e-02,8.495329022407531738e-01,-5.053844451904296875e-01,-6.339366734027862549e-02,-2.775830775499343872e-02,1.081502288579940796e-01,-1.096359714865684509e-01,-2.652310431003570557e-01,3.262755274772644043e-02,2.623689174652099609e-01,7.522360980510711670e-02,1.223048269748687744e-01,3.965085446834564209e-01
-2.424181699752807617e+00,-8.736681938171386719e-01,5.980084538459777832e-01,4.193888511508703232e-03,-6.681426614522933960e-02,5.449632555246353149e-02,-9.962672591209411621e-01,-3.982016742229461670e-01,1.699999123811721802e-01,2.051863521337509155e-01,1.244330048561096191e+00,1.185267642140388489e-01,3.938069194555282593e-02,-4.445516169071197510e-01,-7.040647324174642563e-03,-1.186538264155387878e-01,8.853181600570678711e-01,-5.235999822616577148e-01,-7.809038460254669189e-02,4.098739475011825562e-02,2.154755443334579468e-01,-1.293171197175979614e-01,-1.973761022090911865e-01,1.035286113619804382e-01,1.703511327505111694e-01,5.319371819496154785e-02,1.762593537569046021e-01,3.692017793655395508e-01
-2.405261993408203125e+00,-8.765476942062377930e-01,5.992926359176635742e-01,4.511327017098665237e-03,-6.355663388967514038e-02,4.898343607783317566e-02,-9.967651963233947754e-01,-4.488550722599029541e-01,1.804557293653488159e-01,1.985429674386978149e-01,1.278435349464416504e+00,1.056861132383346558e-01,6.090383231639862061e-02,-3.877546489238739014e-01,-8.335420861840248108e-03,-1.324448287487030029e-01,8.619477152824401855e-01,-5.235999822616577148e-01,-7.554795593023300171e-02,7.024096697568893433e-02,2.716132700443267822e-01,-1.371918618679046631e-01,-1.652885079383850098e-01,1.280754357576370239e-01,1.232200190424919128e-01,4.151146113872528076e-02,1.892710924148559570e-01,3.317471146583557129e-01
-2.365064859390258789e+00,-8.789618015289306641e-01,6.080156564712524414e-01,5.796073470264673233e-03,-5.633841082453727722e-02,3.471970185637474060e-02,-9.977910518646240234e-01,-5.268409252166748047e-01,1.640362590551376343e-01,1.773137897253036499e-01,1.266601920127868652e+00,3.611814603209495544e-02,3.508870303630828857e-02,-2.571140527725219727e-01,2.961269638035446405e-04,-1.408229619264602661e-01,7.678071856498718262e-01,-5.235999822616577148e-01,-6.437565386295318604e-02,1.227717325091362000e-01,3.690943717956542969e-01,-1.216613799333572388e-01,-1.150361075997352600e-01,1.407520920038223267e-01,7.210709899663925171e-02,1.920914091169834137e-02,2.082224786281585693e-01,2.102237343788146973e-01
-2.324043989181518555e+00,-8.796913027763366699e-01,6.218202710151672363e-01,4.846452269703149796e-03,-5.230559781193733215e-02,1.971710100769996643e-02,-9.984247088432312012e-01,-5.825569629669189453e-01,1.149891838431358337e-01,1.451672315597534180e-01,1.166521549224853516e+00,-3.932764753699302673e-02,-1.298414263874292374e-02,-1.311932057142257690e-01,3.073452739045023918e-03,-1.585654765367507935e-01,6.464303731918334961e-01,-4.820145070552825928e-01,-3.728764876723289490e-02,1.665328890085220337e-01,4.265387058258056641e-01,-8.933218568563461304e-02,-7.099212706089019775e-02,1.483905315399169922e-01,4.302596300840377808e-02,1.894557150080800056e-03,2.024734169244766235e-01,1.087859049439430237e-01
-2.304340839385986328e+00,-8.799157142639160156e-01,6.305049061775207520e-01,5.181606858968734741e-03,-5.197594687342643738e-02,1.529924105852842331e-02,-9.985176920890808105e-01,-5.911821126937866211e-01,9.447380900382995605e-02,1.406614035367965698e-01,1.072876095771789551e+00,-6.270986050367355347e-02,-3.557028621435165405e-02,-7.727351039648056030e-02,6.099171005189418793e-03,-1.622245162725448608e-01,5.665621161460876465e-01,-3.678951561450958252e-01,-2.719478309154510498e-02,1.892639547586441040e-01,4.428457915782928467e-01,-7.604803889989852905e-02,-5.483479797840118408e-02,1.598536521196365356e-01,3.399608284235000610e-02,-1.302161836065351963e-03,1.954545527696609497e-01,7.474198937416076660e-02
-2.264120340347290039e+00,-8.769863247871398926e-01,6.468032598495483398e-01,3.315543057397007942e-03,-5.319475755095481873e-02,9.497166611254215240e-03,-9.985334873199462891e-01,-5.595842599868774414e-01,5.264654010534286499e-02,1.772210299968719482e-01,8.160963058471679688e-01,-1.020471826195716858e-01,-5.629920959472656250e-02,-3.465329064056277275e-03,4.671658854931592941e-03,-1.621943116188049316e-01,4.369470179080963135e-01,-9.020280092954635620e-02,-2.917275018990039825e-02,2.270862907171249390e-01,4.641194939613342285e-01,-6.748929619789123535e-02,-3.684490174055099487e-02,1.959210932254791260e-01,3.347668051719665527e-02,-9.965147823095321655e-03,1.990041285753250122e-01,2.928378432989120483e-02
-2.223710060119628906e+00,-8.709660172462463379e-01,6.568882465362548828e-01,-1.006182399578392506e-03,-5.689353868365287781e-02,-1.099324668757617474e-03,-9.983791112899780273e-01,-4.863804578781127930e-01,1.697305357083678246e-03,2.139089405536651611e-01,5.463561415672302246e-01,-1.993037164211273193e-01,-9.612900018692016602e-02,3.105206787586212158e-02,-5.288263782858848572e-03,-1.705830693244934082e-01,3.852470219135284424e-01,1.521701812744140625e-01,-3.856359049677848816e-02,2.356271296739578247e-01,4.719223082065582275e-01,-8.238756656646728516e-02,-3.874291852116584778e-02,2.339575141668319702e-01,3.940588608384132385e-02,-2.781922183930873871e-02,2.177051752805709839e-01,1.639879308640956879e-02
-2.203709840774536133e+00,-8.687288165092468262e-01,6.576092243194580078e-01,-1.154362224042415619e-03,-5.808863043785095215e-02,-7.309284992516040802e-03,-9.982839822769165039e-01,-4.602191448211669922e-01,-1.338942721486091614e-02,2.096718400716781616e-01,4.548675417900085449e-01,-2.496808022260665894e-01,-1.254181563854217529e-01,3.109152428805828094e-02,-1.147507969290018082e-02,-1.830325275659561157e-01,4.103661775588989258e-01,2.298351079225540161e-01,-3.400948271155357361e-02,2.268969714641571045e-01,4.711584746837615967e-01,-9.202793240547180176e-02,-4.396761208772659302e-02,2.438883185386657715e-01,3.725516051054000854e-02,-3.869498521089553833e-02,2.248175740242004395e-01,2.206505648791790009e-02
-2.163323402404785156e+00,-8.646651506423950195e-01,6.491972804069519043e-01,3.277299692854285240e-04,-5.616018176078796387e-02,-1.448929682374000549e-02,-9.983165860176086426e-01,-4.403029680252075195e-01,-4.010289907455444336e-02,2.017655223608016968e-01,4.287203550338745117e-01,-2.270668745040893555e-01,7.212463766336441040e-03,1.105481176637113094e-03,-3.490852192044258118e-02,-1.993916928768157959e-01,5.482298731803894043e-01,3.337101638317108154e-01,-2.232698164880275726e-02,2.009989768266677856e-01,4.608385860919952393e-01,-1.019406467676162720e-01,-5.395193397998809814e-02,2.414095997810363770e-01,4.918225482106208801e-02,-4.710482433438301086e-02,2.339548170566558838e-01,5.608481541275978088e-02
-2.123777389526367188e+00,-8.570304512977600098e-01,6.299021244049072266e-01,3.626445250120013952e-04,-4.489529505372047424e-02,-1.552747003734111786e-02,-9.988709688186645508e-01,-4.350371956825256348e-01,-4.184557870030403137e-02,1.706120073795318604e-01,5.588249564170837402e-01,-2.345216721296310425e-01,6.608388572931289673e-02,-3.854040056467056274e-02,-9.009758383035659790e-02,-2.279692739248275757e-01,7.676384449005126953e-01,3.392239511013031006e-01,4.062069207429885864e-02,1.626031845808029175e-01,4.437036514282226562e-01,-9.805787354707717896e-02,-6.662150472402572632e-02,2.339927405118942261e-01,9.517039358615875244e-02,-2.949051000177860260e-02,2.382838129997253418e-01,1.394481956958770752e-01
-2.103973865509033203e+00,-8.519251346588134766e-01,6.187432408332824707e-01,-2.473864937201142311e-03,-3.895466402173042297e-02,-2.276827022433280945e-02,-9.989784955978393555e-01,-4.342259168624877930e-01,-5.708524957299232483e-02,1.550640165805816650e-01,6.504554748535156250e-01,-2.811308205127716064e-01,8.917960524559020996e-02,-6.197347491979598999e-02,-1.342782378196716309e-01,-2.691711187362670898e-01,8.878657221794128418e-01,2.686962485313415527e-01,5.416456237435340881e-02,1.249272748827934265e-01,4.240663349628448486e-01,-1.028992086648941040e-01,-8.077083528041839600e-02,2.413275837898254395e-01,1.242182701826095581e-01,-1.976556330919265747e-02,2.184159606695175171e-01,2.070898264646530151e-01
-2.064537525177001953e+00,-8.443524241447448730e-01,6.051521301269531250e-01,-8.609404787421226501e-03,-3.391874954104423523e-02,-3.578739613294601440e-02,-9.987465143203735352e-01,-3.928440511226654053e-01,-6.510020792484283447e-02,1.828343272209167480e-01,7.603769898414611816e-01,-3.959036171436309814e-01,1.035715639591217041e-01,-1.675295233726501465e-01,-2.259789854288101196e-01,-3.068464994430541992e-01,1.141519427299499512e+00,1.107091829180717468e-01,6.597525905817747116e-03,4.402276873588562012e-02,3.418836295604705811e-01,-1.164148151874542236e-01,-1.191968321800231934e-01,2.671691179275512695e-01,1.969302892684936523e-01,-1.231876760721206665e-02,1.570147722959518433e-01,3.289942741394042969e-01
-2.022945165634155273e+00,-8.426969051361083984e-01,6.020004749298095703e-01,-7.825218141078948975e-03,-3.626702353358268738e-02,-4.665816575288772583e-02,-9.982216358184814453e-01,-3.399008512496948242e-01,-7.189603149890899658e-02,1.727947592735290527e-01,7.860207557678222656e-01,-4.642266333103179932e-01,1.074058115482330322e-01,-2.910560071468353271e-01,-2.717196345329284668e-01,-3.241680562496185303e-01,1.291712880134582520e+00,-3.054896928369998932e-02,-9.373704344034194946e-02,-4.083828255534172058e-02,2.356908023357391357e-01,-1.145262643694877625e-01,-1.637479662895202637e-01,2.326906621456146240e-01,2.675619721412658691e-01,-2.726023085415363312e-04,1.056779772043228149e-01,3.890183866024017334e-01
-2.001346588134765625e+00,-8.426852226257324219e-01,6.040585041046142578e-01,-7.948648184537887573e-03,-3.314112871885299683e-02,-5.615157634019851685e-02,-9.978404045104980469e-01,-2.965649664402008057e-01,-8.187855035066604614e-02,1.436997056007385254e-01,7.710133194923400879e-01,-4.782153069972991943e-01,1.054209023714065552e-01,-3.374265730381011963e-01,-2.742443978786468506e-01,-3.288195729255676270e-01,1.320306658744812012e+00,-9.514559805393218994e-02,-1.366400569677352905e-01,-9.577712416648864746e-02,1.960697919130325317e-01,-1.084317862987518311e-01,-1.840628236532211304e-01,1.891235858201980591e-01,3.077375292778015137e-01,-3.066049190238118172e-03,8.039931952953338623e-02,3.988834619522094727e-01
-1.959092736244201660e+00,-8.429200053215026855e-01,6.128225326538085938e-01,-8.431875146925449371e-03,-3.431554511189460754e-02,-5.908056348562240601e-02,-9.976276159286499023e-01,-1.945208758115768433e-01,-9.007319062948226929e-02,1.306858360767364502e-01,6.777476072311401367e-01,-4.599954485893249512e-01,9.239272028207778931e-02,-4.464839994907379150e-01,-2.413686662912368774e-01,-2.962948083877563477e-01,1.280537247657775879e+00,-1.709646582603454590e-01,-1.471495926380157471e-01,-1.702491492033004761e-01,1.097277775406837463e-01,-9.609423577785491943e-02,-1.998099535703659058e-01,1.020649075508117676e-01,3.690723180770874023e-01,-2.433660253882408142e-02,2.402940951287746429e-02,4.005037248134613037e-01
-1.917572855949401855e+00,-8.419715166091918945e-01,6.258944272994995117e-01,-8.071352727711200714e-03,-4.054782912135124207e-02,-4.970732703804969788e-02,-9.979077577590942383e-01,-9.475275874137878418e-02,-8.839143067598342896e-02,1.412646621465682983e-01,5.448805093765258789e-01,-3.405258953571319580e-01,4.609597846865653992e-02,-5.227994322776794434e-01,-1.767890155315399170e-01,-2.636985778808593750e-01,1.108187198638916016e+00,-1.948029100894927979e-01,-1.398378759622573853e-01,-2.085161805152893066e-01,4.055353999137878418e-02,-7.614560425281524658e-02,-2.140970379114151001e-01,1.627886295318603516e-02,4.153183698654174805e-01,-4.237300530076026917e-02,-2.367611415684223175e-02,3.920350372791290283e-01
-1.895477175712585449e+00,-8.425559401512145996e-01,6.333671808242797852e-01,-6.508266087621450424e-03,-4.145558923482894897e-02,-4.531347006559371948e-02,-9.980910420417785645e-01,-4.821492359042167664e-02,-7.992478460073471069e-02,1.470583677291870117e-01,4.845857322216033936e-01,-2.480842620134353638e-01,1.214504893869161606e-02,-5.278101563453674316e-01,-1.345406323671340942e-01,-2.588759362697601318e-01,9.822595715522766113e-01,-1.989416927099227905e-01,-1.392191052436828613e-01,-2.245406061410903931e-01,2.261316031217575073e-02,-6.130847707390785217e-02,-2.223797887563705444e-01,-2.173835411667823792e-02,4.338539540767669678e-01,-4.521276056766510010e-02,-4.288788139820098877e-02,3.919055759906768799e-01
-1.849893212318420410e+00,-8.466593623161315918e-01,6.459882259368896484e-01,-7.608755258843302727e-04,-4.612956196069717407e-02,-2.772017382085323334e-02,-9.985504746437072754e-01,2.352152951061725616e-02,-5.580050125718116760e-02,1.741460114717483521e-01,3.814373612403869629e-01,-2.731922082602977753e-02,-6.497037410736083984e-02,-4.891815185546875000e-01,-2.089641615748405457e-02,-2.323687672615051270e-01,6.415143609046936035e-01,-1.941249817609786987e-01,-1.137099191546440125e-01,-2.284409552812576294e-01,5.013192421756684780e-04,-2.792326919734477997e-02,-2.327681481838226318e-01,-7.193263620138168335e-02,4.428199529647827148e-01,-2.972767502069473267e-02,-6.927392631769180298e-02,4.032635092735290527e-01
-1.803615331649780273e+00,-8.452290296554565430e-01,6.508222222328186035e-01,2.734502777457237244e-04,-5.176746845245361328e-02,-2.088575437664985657e-02,-9.984406828880310059e-01,5.900871381163597107e-02,-4.456076398491859436e-02,1.581528931856155396e-01,3.391837775707244873e-01,1.845429837703704834e-01,-1.352893412113189697e-01,-4.441188275814056396e-01,2.527519129216670990e-02,-1.808248907327651978e-01,3.553863167762756348e-01,-2.042202800512313843e-01,-7.391223218291997910e-03,-2.299858182668685913e-01,-9.614190086722373962e-03,-9.871208108961582184e-03,-2.494506686925888062e-01,-8.877214044332504272e-02,4.274159371852874756e-01,-9.868672350421547890e-04,-7.556559890508651733e-02,4.081785082817077637e-01
-1.780141115188598633e+00,-8.432860970497131348e-01,6.493071317672729492e-01,-1.616272609680891037e-03,-5.137996375560760498e-02,-2.046343870460987091e-02,-9.984682202339172363e-01,5.877873301506042480e-02,-4.249466583132743835e-02,1.393862813711166382e-01,3.682047426700592041e-01,2.653827667236328125e-01,-1.632097065448760986e-01,-4.248158335685729980e-01,3.263518214225769043e-02,-1.759653538465499878e-01,2.940466403961181641e-01,-2.329522222280502319e-01,3.166037797927856445e-02,-2.274966686964035034e-01,-3.974559716880321503e-03,-1.227817684412002563e-02,-2.604475915431976318e-01,-8.425656706094741821e-02,4.179411828517913818e-01,1.144797820597887039e-02,-7.086683064699172974e-02,4.066137969493865967e-01
-1.731831908226013184e+00,-8.411950469017028809e-01,6.370892524719238281e-01,-7.135944440960884094e-03,-4.852052778005599976e-02,-2.822561934590339661e-02,-9.983977675437927246e-01,2.711858041584491730e-02,-2.695055864751338959e-02,1.131322607398033142e-01,4.992659389972686768e-01,4.182021617889404297e-01,-1.832502931356430054e-01,-4.280494153499603271e-01,4.470044001936912537e-02,-2.039014101028442383e-01,3.853143155574798584e-01,-2.185874283313751221e-01,-8.326048403978347778e-02,-2.194925546646118164e-01,1.942794397473335266e-02,-3.850208222866058350e-02,-2.833337485790252686e-01,-4.401293769478797913e-02,3.876971006393432617e-01,3.635775670409202576e-02,-4.990493133664131165e-02,4.062187671661376953e-01
-1.684023380279541016e+00,-8.444449305534362793e-01,6.164490580558776855e-01,-1.230919081717729568e-02,-4.129016771912574768e-02,-3.158696740865707397e-02,-9.985719323158264160e-01,-1.355329435318708420e-02,2.078672498464584351e-02,1.612781882286071777e-01,6.812349557876586914e-01,4.976845681667327881e-01,-2.144808918237686157e-01,-4.470582306385040283e-01,3.368530049920082092e-02,-1.631401330232620239e-01,5.972053408622741699e-01,-2.581620216369628906e-01,-1.532112509012222290e-01,-1.824877262115478516e-01,7.381679862737655640e-02,-8.578878641128540039e-02,-2.861550450325012207e-01,3.561875224113464355e-02,3.438111245632171631e-01,5.223995074629783630e-02,6.918585277162492275e-04,4.107728302478790283e-01
-1.658574700355529785e+00,-8.464529514312744141e-01,6.088624000549316406e-01,-1.020086556673049927e-02,-3.392340615391731262e-02,-2.908613160252571106e-02,-9.989489912986755371e-01,-4.323812201619148254e-02,6.229516491293907166e-02,2.006661891937255859e-01,7.999137639999389648e-01,4.385478794574737549e-01,-2.288239598274230957e-01,-4.641905128955841064e-01,4.536865279078483582e-02,-1.506185531616210938e-01,7.399181127548217773e-01,-3.516576290130615234e-01,-1.795336902141571045e-01,-1.488591879606246948e-01,1.235547587275505066e-01,-9.951927512884140015e-02,-2.549709975719451904e-01,9.056198596954345703e-02,3.119820356369018555e-01,6.313168257474899292e-02,4.410145431756973267e-02,4.312833845615386963e-01
-1.605730056762695312e+00,-8.463554382324218750e-01,6.053466200828552246e-01,-1.038221456110477448e-02,-3.356326371431350708e-02,-1.973588950932025909e-02,-9.991877675056457520e-01,-1.668630987405776978e-01,1.338575631380081177e-01,2.349981516599655151e-01,1.035548448562622070e+00,2.652124166488647461e-01,-1.500535309314727783e-01,-3.745655715465545654e-01,3.686362877488136292e-02,-1.891604512929916382e-01,7.815217971801757812e-01,-4.616532027721405029e-01,-1.808166950941085815e-01,-6.545209884643554688e-02,2.327217906713485718e-01,-1.038286164402961731e-01,-1.939991861581802368e-01,1.305889040231704712e-01,1.693876087665557861e-01,4.361423850059509277e-02,1.392921060323715210e-01,4.749353229999542236e-01
-1.554998040199279785e+00,-8.408944606781005859e-01,6.098500490188598633e-01,-8.115350268781185150e-03,-3.799032419919967651e-02,-2.202279679477214813e-02,-9.990024566650390625e-01,-2.938000857830047607e-01,1.772952824831008911e-01,2.467983514070510864e-01,1.144224166870117188e+00,1.352333277463912964e-01,-3.745526075363159180e-02,-2.970336377620697021e-01,4.063720256090164185e-02,-1.819822192192077637e-01,7.570357322692871094e-01,-4.902890622615814209e-01,-1.620039790868759155e-01,1.530669350177049637e-02,3.337528109550476074e-01,-7.148440182209014893e-02,-1.524132192134857178e-01,9.531526267528533936e-02,7.811531424522399902e-02,-6.695864722132682800e-03,2.365827560424804688e-01,3.640321493148803711e-01
-1.529325723648071289e+00,-8.377873897552490234e-01,6.148874759674072266e-01,-7.737733423709869385e-03,-3.762195259332656860e-02,-1.742843724787235260e-02,-9.991101026535034180e-01,-3.401753604412078857e-01,1.848269701004028320e-01,2.583255767822265625e-01,1.146372795104980469e+00,6.994713842868804932e-02,-1.130964979529380798e-02,-2.374053746461868286e-01,4.535119980573654175e-02,-1.666795760393142700e-01,7.054095268249511719e-01,-4.646648168563842773e-01,-1.477500945329666138e-01,7.021970301866531372e-02,3.757669031620025635e-01,-4.155114665627479553e-02,-1.221400797367095947e-01,7.741880416870117188e-02,6.123099848628044128e-02,-2.726442366838455200e-02,2.646977007389068604e-01,2.964774370193481445e-01
-1.479128003120422363e+00,-8.325763344764709473e-01,6.272493600845336914e-01,-9.388937614858150482e-03,-4.047497361898422241e-02,-2.130493521690368652e-02,-9.989092946052551270e-01,-4.331613481044769287e-01,1.644050329923629761e-01,2.494414597749710083e-01,1.065833091735839844e+00,-3.310513123869895935e-02,-1.478451490402221680e-02,-1.346625536680221558e-01,4.043074697256088257e-02,-1.647521853446960449e-01,5.900362730026245117e-01,-3.346528112888336182e-01,-1.210139319300651550e-01,1.354475319385528564e-01,4.487046897411346436e-01,8.572766557335853577e-03,-5.873788893222808838e-02,5.119645595550537109e-02,3.342714905738830566e-02,-1.210811268538236618e-02,2.642582654953002930e-01,2.569184303283691406e-01
-1.429810762405395508e+00,-8.264762163162231445e-01,6.395379900932312012e-01,-1.154718641191720963e-02,-4.592978954315185547e-02,-3.477333858609199524e-02,-9.982724785804748535e-01,-4.943537712097167969e-01,1.179283186793327332e-01,2.398118227720260620e-01,8.649928569793701172e-01,-6.140035763382911682e-02,-5.079291388392448425e-02,-4.010428860783576965e-02,3.325543180108070374e-02,-1.849190741777420044e-01,4.645057320594787598e-01,-1.298483163118362427e-01,-1.147533133625984192e-01,1.707291007041931152e-01,4.956545531749725342e-01,2.529691532254219055e-02,-3.674098476767539978e-02,4.507211223244667053e-02,3.680293262004852295e-02,1.671752333641052246e-02,2.587713897228240967e-01,2.339491099119186401e-01
-1.404952287673950195e+00,-8.209835886955261230e-01,6.449933052062988281e-01,-1.404184661805629730e-02,-4.695227742195129395e-02,-4.406604543328285217e-02,-9.978258609771728516e-01,-4.986598193645477295e-01,7.930108159780502319e-02,2.342983186244964600e-01,7.271424531936645508e-01,-6.563373655080795288e-02,-5.360548198223114014e-02,5.052197724580764771e-03,2.768175117671489716e-02,-1.969798207283020020e-01,4.040155410766601562e-01,-1.177249010652303696e-02,-1.153195574879646301e-01,1.769434213638305664e-01,5.079233050346374512e-01,1.829331740736961365e-02,-3.493538871407508850e-02,5.369415879249572754e-02,4.500802606344223022e-02,2.063510566949844360e-02,2.594943940639495850e-01,2.156386524438858032e-01
-1.356310248374938965e+00,-8.085517287254333496e-01,6.518027186393737793e-01,-1.866356283426284790e-02,-5.280976742506027222e-02,-6.143321469426155090e-02,-9.965384006500244141e-01,-4.650044441223144531e-01,-2.174546942114830017e-03,2.115357071161270142e-01,4.236989319324493408e-01,-1.194679886102676392e-01,-9.329120814800262451e-02,6.861131638288497925e-02,1.591556519269943237e-02,-2.209745943546295166e-01,3.216535747051239014e-01,2.032807618379592896e-01,-1.145186573266983032e-01,1.718658804893493652e-01,5.071817636489868164e-01,-9.616409428417682648e-03,-4.348953068256378174e-02,6.498370319604873657e-02,4.202517867088317871e-02,7.639743387699127197e-03,2.556707859039306641e-01,1.779940277338027954e-01
-1.307874560356140137e+00,-7.982261776924133301e-01,6.493217349052429199e-01,-1.839385181665420532e-02,-5.396287515759468079e-02,-6.468258053064346313e-02,-9.962759613990783691e-01,-4.360150098800659180e-01,-2.210506983101367950e-02,1.512329429388046265e-01,2.572108507156372070e-01,-2.060122191905975342e-01,-1.670888960361480713e-01,8.457004278898239136e-02,-5.393690895289182663e-03,-2.201422601938247681e-01,3.730285167694091797e-01,3.272716701030731201e-01,-9.789478033781051636e-02,1.689921170473098755e-01,4.959049820899963379e-01,-4.022946581244468689e-02,-6.642881035804748535e-02,6.295208632946014404e-02,4.686702787876129150e-02,2.724175283219665289e-04,2.610509097576141357e-01,1.461734622716903687e-01
-1.282858371734619141e+00,-7.917355895042419434e-01,6.433916091918945312e-01,-1.897941343486309052e-02,-5.000121146440505981e-02,-6.128155067563056946e-02,-9.966866374015808105e-01,-4.283389449119567871e-01,-4.310709983110427856e-02,1.381846219301223755e-01,2.595667839050292969e-01,-1.732423752546310425e-01,-1.044756919145584106e-01,7.629754394292831421e-02,-2.365782484412193298e-02,-2.145452648401260376e-01,4.493872821331024170e-01,3.756555020809173584e-01,-9.685254096984863281e-02,1.685747057199478149e-01,4.858494699001312256e-01,-5.599366128444671631e-02,-7.974357903003692627e-02,6.692084670066833496e-02,5.904406309127807617e-02,6.123524624854326248e-03,2.613584399223327637e-01,1.509798765182495117e-01
-1.234382033348083496e+00,-7.784563899040222168e-01,6.205387115478515625e-01,-2.212803252041339874e-02,-3.784127160906791687e-02,-5.707438662648200989e-02,-9.974070787429809570e-01,-4.687226712703704834e-01,-2.530653029680252075e-02,1.445318460464477539e-01,4.763926565647125244e-01,-1.334247738122940063e-01,-3.538065776228904724e-02,5.401103198528289795e-02,-8.036305010318756104e-02,-2.334160804748535156e-01,6.455282568931579590e-01,4.403230249881744385e-01,-3.600650653243064880e-02,1.473602652549743652e-01,4.519506692886352539e-01,-9.445141255855560303e-02,-1.081493049860000610e-01,8.898038417100906372e-02,1.015964150428771973e-01,2.760031074285507202e-02,2.415758669376373291e-01,2.036950290203094482e-01
-1.187646985054016113e+00,-7.658609151840209961e-01,6.032002568244934082e-01,-3.085562400519847870e-02,-2.347632683813571930e-02,-6.207661703228950500e-02,-9.973180294036865234e-01,-4.721143245697021484e-01,-4.866304993629455566e-02,1.664624363183975220e-01,7.123656868934631348e-01,-2.474625855684280396e-01,3.741916269063949585e-02,9.926423430442810059e-03,-1.624049097299575806e-01,-2.861688733100891113e-01,8.910914063453674316e-01,3.287319839000701904e-01,-6.125745363533496857e-03,8.121304959058761597e-02,3.844369649887084961e-01,-1.381307691335678101e-01,-1.455303430557250977e-01,1.343451589345932007e-01,1.659988909959793091e-01,4.174015671014785767e-02,1.712914854288101196e-01,3.209076225757598877e-01
-1.163151860237121582e+00,-7.608001232147216797e-01,5.991533994674682617e-01,-3.159041330218315125e-02,-2.075541019439697266e-02,-6.572756171226501465e-02,-9.971214532852172852e-01,-4.468654692173004150e-01,-5.133824050426483154e-02,1.671630740165710449e-01,7.682664990425109863e-01,-3.088587820529937744e-01,4.331018775701522827e-02,-4.324150830507278442e-02,-1.965891122817993164e-01,-2.980853617191314697e-01,1.026142001152038574e+00,2.382024973630905151e-01,-3.786543011665344238e-02,3.890674188733100891e-02,3.340880572795867920e-01,-1.434770077466964722e-01,-1.627665013074874878e-01,1.460741609334945679e-01,1.967906802892684937e-01,5.041049048304557800e-02,1.386416852474212646e-01,3.823140263557434082e-01
-1.116938591003417969e+00,-7.531675100326538086e-01,5.967185497283935547e-01,-3.328333050012588501e-02,-2.256244979798793793e-02,-6.903343647718429565e-02,-9.968036413192749023e-01,-3.884836435317993164e-01,-7.038084417581558228e-02,1.503670662641525269e-01,8.084784150123596191e-01,-3.922145068645477295e-01,5.748950317502021790e-02,-1.752246022224426270e-01,-2.517165839672088623e-01,-3.137859106063842773e-01,1.219835519790649414e+00,8.368422836065292358e-02,-1.160266995429992676e-01,-5.088366195559501648e-02,2.367873340845108032e-01,-1.436735987663269043e-01,-1.990303993225097656e-01,1.163477599620819092e-01,2.495184987783432007e-01,5.031765252351760864e-02,1.006559133529663086e-01,4.542022049427032471e-01
-1.070320248603820801e+00,-7.483313679695129395e-01,6.042863726615905762e-01,-3.449841216206550598e-02,-1.696056313812732697e-02,-7.368360459804534912e-02,-9.965404868125915527e-01,-2.873045504093170166e-01,-8.791134506464004517e-02,1.149182915687561035e-01,7.687305808067321777e-01,-4.176095426082611084e-01,5.355595424771308899e-02,-2.904247641563415527e-01,-2.671826779842376709e-01,-3.135791420936584473e-01,1.290497660636901855e+00,-5.936647206544876099e-02,-1.654036790132522583e-01,-1.431811600923538208e-01,1.584450453519821167e-01,-1.359372735023498535e-01,-2.112859785556793213e-01,7.038783282041549683e-02,3.094939887523651123e-01,1.482681836932897568e-02,5.525270849466323853e-02,4.440317451953887939e-01
-1.047802209854125977e+00,-7.471450567245483398e-01,6.101330518722534180e-01,-3.261912614107131958e-02,-1.851595193147659302e-02,-6.968478113412857056e-02,-9.968636631965637207e-01,-2.415021359920501709e-01,-8.553349971771240234e-02,1.137172654271125793e-01,7.288219332695007324e-01,-3.962447643280029297e-01,4.193424060940742493e-02,-3.564592897891998291e-01,-2.519076168537139893e-01,-3.002028763294219971e-01,1.282323718070983887e+00,-1.146229133009910583e-01,-1.746119558811187744e-01,-1.745216548442840576e-01,1.230603605508804321e-01,-1.264559775590896606e-01,-2.064357101917266846e-01,4.473978281021118164e-02,3.279910087585449219e-01,-4.101556725800037384e-03,3.349447250366210938e-02,4.282747209072113037e-01
-1.003503680229187012e+00,-7.455090880393981934e-01,6.246381402015686035e-01,-2.827602624893188477e-02,-2.577236853539943695e-02,-5.391776561737060547e-02,-9.978121519088745117e-01,-1.592179387807846069e-01,-7.237454503774642944e-02,1.320266574621200562e-01,6.360597610473632812e-01,-2.841092348098754883e-01,3.547603730112314224e-03,-4.649963378906250000e-01,-1.994860023260116577e-01,-2.756210267543792725e-01,1.166917681694030762e+00,-1.772363483905792236e-01,-1.626925319433212280e-01,-2.071425765752792358e-01,7.272490113973617554e-02,-9.853737801313400269e-02,-2.121476978063583374e-01,-1.641950011253356934e-02,3.711278736591339111e-01,-1.922390982508659363e-02,-1.234707422554492950e-03,3.917473554611206055e-01
-9.572000503540039062e-01,-7.460567355155944824e-01,6.404877901077270508e-01,-2.182499505579471588e-02,-2.618748880922794342e-02,-3.739728778600692749e-02,-9.987188577651977539e-01,-6.942512840032577515e-02,-5.064380541443824768e-02,1.527693569660186768e-01,5.350930094718933105e-01,-1.014464572072029114e-01,-5.085017904639244080e-02,-4.839259088039398193e-01,-1.195391118526458740e-01,-2.833677232265472412e-01,9.200394153594970703e-01,-2.162371724843978882e-01,-1.430727392435073853e-01,-2.222325950860977173e-01,5.289024114608764648e-02,-6.994000077247619629e-02,-2.195858061313629150e-01,-5.628439038991928101e-02,4.222002625465393066e-01,-7.920845411717891693e-03,-4.015745222568511963e-02,3.739686906337738037e-01
-9.341632723808288574e-01,-7.473917603492736816e-01,6.468769311904907227e-01,-1.717342622578144073e-02,-2.753629349172115326e-02,-2.731304429471492767e-02,-9.991000294685363770e-01,-3.776561096310615540e-02,-3.691853582859039307e-02,1.614502966403961182e-01,4.915792346000671387e-01,1.234365347772836685e-02,-7.956663519144058228e-02,-4.667844772338867188e-01,-6.244222447276115417e-02,-2.797676622867584229e-01,7.541085481643676758e-01,-2.447348535060882568e-01,-1.230941489338874817e-01,-2.207647711038589478e-01,4.844897240400314331e-02,-5.362236872315406799e-02,-2.212874144315719604e-01,-6.828076392412185669e-02,4.386271834373474121e-01,5.402773618698120117e-03,-5.790886282920837402e-02,3.707749247550964355e-01
-8.871731162071228027e-01,-7.471527457237243652e-01,6.535011529922485352e-01,-1.252272445708513260e-02,-3.279317542910575867e-02,-1.828085631132125854e-02,-9.992164969444274902e-01,-4.723193589597940445e-03,-2.239073440432548523e-02,1.519805938005447388e-01,4.423060417175292969e-01,2.401749789714813232e-01,-1.342746764421463013e-01,-4.134012162685394287e-01,1.066964119672775269e-02,-2.289738208055496216e-01,4.160088002681732178e-01,-2.880313396453857422e-01,1.372773782350122929e-03,-2.241113185882568359e-01,4.342832416296005249e-02,-3.550639003515243530e-02,-2.333140075206756592e-01,-6.879474222660064697e-02,4.589016437530517578e-01,3.054327890276908875e-02,-8.319764584302902222e-02,3.607799708843231201e-01
-8.378539085388183594e-01,-7.436768412590026855e-01,6.491408348083496094e-01,-1.409495156258344650e-02,-3.210058063268661499e-02,-2.168874442577362061e-02,-9.991498589515686035e-01,1.029685977846384048e-02,-6.743829697370529175e-03,1.365051567554473877e-01,4.795728921890258789e-01,4.197346866130828857e-01,-1.898514479398727417e-01,-3.734055757522583008e-01,3.538396954536437988e-02,-1.828666478395462036e-01,2.655958533287048340e-01,-3.286470174789428711e-01,8.150874823331832886e-02,-2.310321331024169922e-01,5.227814987301826477e-02,-5.192620307207107544e-02,-2.564666271209716797e-01,-2.536021918058395386e-02,4.666912555694580078e-01,4.071024805307388306e-02,-8.794936537742614746e-02,3.503687977790832520e-01
-8.121050000190734863e-01,-7.423087358474731445e-01,6.419489383697509766e-01,-1.594222150743007660e-02,-2.826303616166114807e-02,-2.721290104091167450e-02,-9.991028308868408203e-01,1.057647261768579483e-02,6.528159603476524353e-03,1.305675059556961060e-01,5.278719663619995117e-01,4.941624701023101807e-01,-2.030963450670242310e-01,-3.692968189716339111e-01,4.389680922031402588e-02,-1.827171444892883301e-01,2.914478480815887451e-01,-3.264999687671661377e-01,8.142571151256561279e-02,-2.352846860885620117e-01,6.635846197605133057e-02,-6.984658539295196533e-02,-2.666181623935699463e-01,8.500874973833560944e-03,4.616405069828033447e-01,4.067948460578918457e-02,-8.213362842798233032e-02,3.503599166870117188e-01
-7.608637809753417969e-01,-7.418443560600280762e-01,6.216797828674316406e-01,-1.889472082257270813e-02,-2.144372835755348206e-02,-3.619129210710525513e-02,-9.989361166954040527e-01,-2.535237185657024384e-02,5.531957745552062988e-02,1.388095468282699585e-01,7.088510394096374512e-01,5.235999822616577148e-01,-2.591738402843475342e-01,-4.043230116367340088e-01,4.173060134053230286e-02,-1.703496575355529785e-01,4.841929078102111816e-01,-2.695393264293670654e-01,-4.682963341474533081e-02,-2.222927361726760864e-01,1.008685380220413208e-01,-9.807427972555160522e-02,-2.798360288143157959e-01,8.148157596588134766e-02,4.252083003520965576e-01,4.949520528316497803e-02,-6.623990088701248169e-02,3.715443611145019531e-01
-7.129574418067932129e-01,-7.477030754089355469e-01,6.031119227409362793e-01,-1.788130216300487518e-02,-1.068733353167772293e-02,-4.070304334163665771e-02,-9.989541172981262207e-01,-9.140267223119735718e-02,1.154474541544914246e-01,1.584790199995040894e-01,8.887574076652526855e-01,4.989964663982391357e-01,-2.198806554079055786e-01,-4.339901804924011230e-01,6.273818016052246094e-02,-1.555786430835723877e-01,7.616302371025085449e-01,-3.692010641098022461e-01,-1.692012399435043335e-01,-1.901336014270782471e-01,1.649354845285415649e-01,-1.197458133101463318e-01,-2.336660623550415039e-01,1.735716462135314941e-01,3.615028858184814453e-01,8.079625666141510010e-02,-4.402228444814682007e-02,4.487285017967224121e-01
-6.877896189689636230e-01,-7.462220191955566406e-01,5.986851453781127930e-01,-2.169063687324523926e-02,-8.191175758838653564e-03,-3.867332637310028076e-02,-9.989829063415527344e-01,-1.524319499731063843e-01,1.266308873891830444e-01,1.499058008193969727e-01,9.865509271621704102e-01,4.376187920570373535e-01,-1.665056794881820679e-01,-4.196938574314117432e-01,5.457318574190139771e-02,-1.599633097648620605e-01,8.416751027107238770e-01,-4.383913576602935791e-01,-1.815473288297653198e-01,-1.541426181793212891e-01,2.054153382778167725e-01,-1.304267644882202148e-01,-2.058802545070648193e-01,1.982521265745162964e-01,3.167587518692016602e-01,8.365985751152038574e-02,-2.526209875941276550e-02,4.758538305759429932e-01
-6.372742056846618652e-01,-7.426419258117675781e-01,5.971021652221679688e-01,-2.765232883393764496e-02,-1.377524249255657196e-02,-2.718880958855152130e-02,-9.991528391838073730e-01,-2.737694084644317627e-01,1.487128138542175293e-01,1.761186867952346802e-01,1.111865758895874023e+00,3.088652789592742920e-01,-9.189406037330627441e-02,-3.513171076774597168e-01,4.128485918045043945e-02,-1.569630354642868042e-01,8.791895508766174316e-01,-5.235999822616577148e-01,-1.821280121803283691e-01,-5.556188896298408508e-02,2.810465991497039795e-01,-1.320261359214782715e-01,-1.762233823537826538e-01,1.717899888753890991e-01,2.376264333724975586e-01,8.201978355646133423e-02,5.896843224763870239e-02,4.139473736286163330e-01
-5.874847173690795898e-01,-7.386872768402099609e-01,6.058433651924133301e-01,-2.946111559867858887e-02,-1.392042450606822968e-02,-1.924102008342742920e-02,-9.992837905883789062e-01,-3.698747456073760986e-01,1.616654694080352783e-01,2.012704759836196899e-01,1.137913584709167480e+00,1.743616461753845215e-01,-6.414014101028442383e-02,-2.409447431564331055e-01,4.655461758375167847e-02,-1.323686838150024414e-01,8.103895783424377441e-01,-5.235999822616577148e-01,-1.683294028043746948e-01,4.250441491603851318e-02,3.478905856609344482e-01,-1.090271770954132080e-01,-1.256378591060638428e-01,1.431001871824264526e-01,1.689896434545516968e-01,7.277349382638931274e-02,1.052026003599166870e-01,3.256902098655700684e-01
-5.629951953887939453e-01,-7.358992695808410645e-01,6.126282811164855957e-01,-3.054924309253692627e-02,-1.571577787399291992e-02,-2.149340696632862091e-02,-9.991785287857055664e-01,-4.215680956840515137e-01,1.522343456745147705e-01,1.984800994396209717e-01,1.123974204063415527e+00,1.110431849956512451e-01,-4.647555574774742126e-02,-1.830870807170867920e-01,4.005613550543785095e-02,-1.376074701547622681e-01,7.557913064956665039e-01,-5.043333768844604492e-01,-1.486492305994033813e-01,7.472279667854309082e-02,3.712478578090667725e-01,-9.267399460077285767e-02,-9.767248481512069702e-02,1.349177211523056030e-01,1.343954652547836304e-01,6.598249822854995728e-02,1.183837652206420898e-01,2.845406830310821533e-01
-5.148813128471374512e-01,-7.312719225883483887e-01,6.287174224853515625e-01,-3.089053183794021606e-02,-2.385047264397144318e-02,-2.758679166436195374e-02,-9.988573193550109863e-01,-4.942363202571868896e-01,1.164430379867553711e-01,1.988607794046401978e-01,9.864075183868408203e-01,3.212747722864151001e-02,-5.021820217370986938e-02,-8.280789852142333984e-02,3.017144650220870972e-02,-1.530742347240447998e-01,6.174054145812988281e-01,-3.280577063560485840e-01,-1.130640879273414612e-01,1.262812167406082153e-01,4.090277552604675293e-01,-5.848790332674980164e-02,-7.059178501367568970e-02,1.045175567269325256e-01,8.410027623176574707e-02,5.277483910322189331e-02,1.609344035387039185e-01,1.893972754478454590e-01
-4.662204682826995850e-01,-7.227085232734680176e-01,6.446431875228881836e-01,-3.372454270720481873e-02,-2.818620949983596802e-02,-3.333139419555664062e-02,-9.984774589538574219e-01,-4.890783429145812988e-01,5.767673626542091370e-02,2.314179390668869019e-01,7.206903100013732910e-01,-2.335886098444461823e-02,-8.387989550828933716e-02,2.634323434904217720e-03,1.191313844174146652e-02,-1.783064305782318115e-01,4.866653382778167725e-01,-5.643595755100250244e-02,-9.562850743532180786e-02,1.647924631834030151e-01,4.290021955966949463e-01,-3.664319589734077454e-02,-6.384693086147308350e-02,8.903397619724273682e-02,5.964992940425872803e-02,3.420787304639816284e-02,1.979504376649856567e-01,1.202421039342880249e-01
-4.423624277114868164e-01,-7.167859673500061035e-01,6.506671905517578125e-01,-3.639741241931915283e-02,-3.073943033814430237e-02,-3.887806087732315063e-02,-9.981076121330261230e-01,-4.614613950252532959e-01,1.820424012839794159e-02,2.428823411464691162e-01,5.618865489959716797e-01,-6.623099744319915771e-02,-1.197053417563438416e-01,3.193581476807594299e-02,2.501255366951227188e-04,-1.943245977163314819e-01,4.371513724327087402e-01,8.590495586395263672e-02,-8.934915065765380859e-02,1.716159731149673462e-01,4.288268685340881348e-01,-3.436611965298652649e-02,-6.754644960165023804e-02,8.859825879335403442e-02,4.759946465492248535e-02,2.298661135137081146e-02,2.056338638067245483e-01,1.045800149440765381e-01
-3.950219750404357910e-01,-7.069594264030456543e-01,6.560540199279785156e-01,-3.897393867373466492e-02,-3.725407645106315613e-02,-4.102661833167076111e-02,-9.977023601531982422e-01,-4.021461606025695801e-01,-2.556122839450836182e-02,2.352168709039688110e-01,2.922074794769287109e-01,-1.890526264905929565e-01,-2.050739675760269165e-01,6.100959703326225281e-02,-1.900379732251167297e-02,-1.885567605495452881e-01,4.043607413768768311e-01,3.104639947414398193e-01,-5.462189018726348877e-02,1.840455830097198486e-01,4.152460694313049316e-01,-3.954456001520156860e-02,-8.536608517169952393e-02,9.061329811811447144e-02,2.526752464473247528e-02,8.592562749981880188e-03,2.197848409414291382e-01,9.641987085342407227e-02
-3.456386923789978027e-01,-6.979394555091857910e-01,6.486768722534179688e-01,-4.001540690660476685e-02,-3.415381163358688354e-02,-4.388504475355148315e-02,-9.976504445075988770e-01,-3.706600964069366455e-01,-5.904538184404373169e-02,1.804784387350082397e-01,2.149188965559005737e-01,-2.509583830833435059e-01,-1.779934763908386230e-01,5.451529845595359802e-02,-4.439985007047653198e-02,-1.764190047979354858e-01,5.078455209732055664e-01,4.394613504409790039e-01,-2.216477692127227783e-02,1.717987954616546631e-01,4.071348011493682861e-01,-4.997007176280021667e-02,-1.073328331112861633e-01,9.385105967521667480e-02,3.668548166751861572e-02,1.954546198248863220e-02,2.310310453176498413e-01,1.196855753660202026e-01
-3.203460276126861572e-01,-6.927969455718994141e-01,6.391332745552062988e-01,-3.988302871584892273e-02,-3.055677376687526703e-02,-4.142985865473747253e-02,-9.978773593902587891e-01,-3.807400166988372803e-01,-7.551734894514083862e-02,1.612018197774887085e-01,2.883926033973693848e-01,-2.101295590400695801e-01,-1.025798320770263672e-01,4.143038764595985413e-02,-6.291396170854568481e-02,-1.736816167831420898e-01,5.955582857131958008e-01,4.625800251960754395e-01,1.916849985718727112e-02,1.619007140398025513e-01,4.059756100177764893e-01,-5.876449868083000183e-02,-1.155219599604606628e-01,9.579140692949295044e-02,5.118963494896888733e-02,3.411885350942611694e-02,2.291149199008941650e-01,1.476539969444274902e-01
-2.734134197235107422e-01,-6.807095408439636230e-01,6.178737878799438477e-01,-3.864889591932296753e-02,-1.604017056524753571e-02,-5.052324756979942322e-02,-9.978458881378173828e-01,-4.315393865108489990e-01,-6.899589300155639648e-02,1.104377284646034241e-01,5.154280066490173340e-01,-1.688170880079269409e-01,-3.592494875192642212e-02,1.305551826953887939e-02,-1.265077590942382812e-01,-2.352493852376937866e-01,8.400707244873046875e-01,3.510056734085083008e-01,8.481949567794799805e-02,9.690789133310317993e-02,4.042306542396545410e-01,-8.517370373010635376e-02,-1.397269666194915771e-01,1.169919446110725403e-01,1.138096675276756287e-01,6.900945305824279785e-02,1.921557784080505371e-01,2.305103093385696411e-01
-2.260606288909912109e-01,-6.693617105484008789e-01,6.034322381019592285e-01,-4.534624144434928894e-02,-4.012050572782754898e-03,-6.117681786417961121e-02,-9.970882534980773926e-01,-4.243246912956237793e-01,-7.906289398670196533e-02,1.603169739246368408e-01,7.347516417503356934e-01,-2.946500480175018311e-01,3.384757414460182190e-02,-7.796373218297958374e-02,-2.197359055280685425e-01,-2.744001150131225586e-01,1.098215937614440918e+00,2.057582587003707886e-01,1.209543924778699875e-02,4.910774528980255127e-03,3.423928916454315186e-01,-1.413232833147048950e-01,-1.720098853111267090e-01,2.019249945878982544e-01,2.020289301872253418e-01,7.820468395948410034e-02,1.030181795358657837e-01,3.607643544673919678e-01
-2.022962421178817749e-01,-6.655450463294982910e-01,5.999300479888916016e-01,-4.383986070752143860e-02,-4.041534382849931717e-03,-6.586297601461410522e-02,-9.968569874763488770e-01,-3.908311724662780762e-01,-7.672718912363052368e-02,1.675765663385391235e-01,7.651516199111938477e-01,-3.472597897052764893e-01,4.258697852492332458e-02,-1.420992165803909302e-01,-2.549616694450378418e-01,-2.894066870212554932e-01,1.200810313224792480e+00,1.393731534481048584e-01,-2.820593677461147308e-02,-4.427363723516464233e-02,2.899695336818695068e-01,-1.526674479246139526e-01,-1.917705684900283813e-01,2.239597290754318237e-01,2.460421919822692871e-01,9.706939756870269775e-02,5.867247283458709717e-02,4.236387610435485840e-01
-1.557963043451309204e-01,-6.620282530784606934e-01,6.017777323722839355e-01,-4.388841986656188965e-02,1.670794677920639515e-03,-6.478292495012283325e-02,-9.969323873519897461e-01,-3.196250200271606445e-01,-8.692224323749542236e-02,1.419931948184967041e-01,7.960506677627563477e-01,-4.185101389884948730e-01,4.551178961992263794e-02,-2.530874311923980713e-01,-3.070786595344543457e-01,-3.045693635940551758e-01,1.308364391326904297e+00,1.252736616879701614e-02,-1.166462674736976624e-01,-1.331250816583633423e-01,2.000741511583328247e-01,-1.583561748266220093e-01,-2.384952455759048462e-01,1.622426509857177734e-01,3.326084911823272705e-01,1.193197816610336304e-01,-2.645211480557918549e-02,5.127032995223999023e-01
-1.086683943867683411e-01,-6.606104969978332520e-01,6.135302782058715820e-01,-4.094923287630081177e-02,7.131633348762989044e-03,-6.875764578580856323e-02,-9.967671036720275879e-01,-2.071105986833572388e-01,-9.306960552930831909e-02,1.064294204115867615e-01,7.281228899955749512e-01,-4.234720766544342041e-01,3.659758344292640686e-02,-3.502604961395263672e-01,-3.002730309963226318e-01,-3.094584643840789795e-01,1.294628620147705078e+00,-9.275641292333602905e-02,-1.504374146461486816e-01,-2.250258922576904297e-01,9.331635385751724243e-02,-1.482939571142196655e-01,-2.473429441452026367e-01,7.774265110492706299e-02,3.998647332191467285e-01,8.438746631145477295e-02,-9.402957558631896973e-02,4.867258369922637939e-01
-8.631638437509536743e-02,-6.606361269950866699e-01,6.208052635192871094e-01,-3.878060355782508850e-02,3.184716450050473213e-03,-5.801554024219512939e-02,-9.975571036338806152e-01,-1.556633412837982178e-01,-8.944592624902725220e-02,1.174895018339157104e-01,6.675008535385131836e-01,-3.850094377994537354e-01,2.227352559566497803e-02,-4.073331356048583984e-01,-2.764140963554382324e-01,-2.932402789592742920e-01,1.242580056190490723e+00,-1.303530484437942505e-01,-1.455396562814712524e-01,-2.393556833267211914e-01,4.126610606908798218e-02,-1.379738450050354004e-01,-2.487729042768478394e-01,3.100390359759330750e-02,4.214256107807159424e-01,6.893273442983627319e-02,-1.189151108264923096e-01,4.683589935302734375e-01
-4.122684523463249207e-02,-6.615025401115417480e-01,6.374464631080627441e-01,-3.347331285476684570e-02,-1.285835634917020798e-03,-3.851990401744842529e-02,-9.986962080001831055e-01,-6.064127013087272644e-02,-7.373663783073425293e-02,1.348275244235992432e-01,5.555723309516906738e-01,-2.364987730979919434e-01,-3.290885314345359802e-02,-4.598796367645263672e-01,-2.090032845735549927e-01,-2.967151105403900146e-01,1.040362000465393066e+00,-1.725888699293136597e-01,-1.321688443422317505e-01,-2.599004507064819336e-01,-2.254901453852653503e-02,-1.237275153398513794e-01,-2.605585455894470215e-01,-4.416233301162719727e-02,4.661419987678527832e-01,5.459398403763771057e-02,-1.480988860130310059e-01,4.466411769390106201e-01
5.745007656514644623e-03,-6.671407818794250488e-01,6.520534753799438477e-01,-2.560859359800815582e-02,-3.339541377499699593e-03,-2.031265944242477417e-02,-9.994601011276245117e-01,1.980273798108100891e-02,-4.341530054807662964e-02,1.570754200220108032e-01,4.607730805873870850e-01,-3.661287203431129456e-02,-1.024837791919708252e-01,-4.307860136032104492e-01,-9.255836904048919678e-02,-3.012703955173492432e-01,7.198234796524047852e-01,-2.098457217216491699e-01,-1.093237847089767456e-01,-2.704857289791107178e-01,-5.107235535979270935e-02,-1.033046841621398926e-01,-2.575676739215850830e-01,-7.657644152641296387e-02,4.809950888156890869e-01,5.524230003356933594e-02,-1.634742915630340576e-01,4.670184254646301270e-01
2.954962104558944702e-02,-6.696076989173889160e-01,6.566303968429565430e-01,-2.235430665314197540e-02,-6.450399756431579590e-03,-1.182000059634447098e-02,-9.996594190597534180e-01,4.795138910412788391e-02,-3.281924128532409668e-02,1.640315353870391846e-01,4.242697954177856445e-01,6.817433238029479980e-02,-1.301962286233901978e-01,-3.993988335132598877e-01,-4.035938531160354614e-02,-2.771440148353576660e-01,5.436190962791442871e-01,-2.341908067464828491e-01,-6.338496506214141846e-02,-2.683380246162414551e-01,-5.787532031536102295e-02,-8.622208982706069946e-02,-2.564934194087982178e-01,-8.855761587619781494e-02,4.763450622558593750e-01,6.203442811965942383e-02,-1.682767719030380249e-01,4.834412038326263428e-01
7.849857211112976074e-02,-6.689262986183166504e-01,6.576931476593017578e-01,-2.303651347756385803e-02,-7.376478984951972961e-03,-7.436966057866811752e-03,-9.996797442436218262e-01,8.116626739501953125e-02,-2.707168459892272949e-02,1.395980715751647949e-01,4.224283099174499512e-01,2.358166724443435669e-01,-1.753493547439575195e-01,-3.414799869060516357e-01,-8.762227371335029602e-03,-2.387091666460037231e-01,2.882913649082183838e-01,-2.684251666069030762e-01,7.069525122642517090e-02,-2.714406847953796387e-01,-4.390015825629234314e-02,-7.577765733003616333e-02,-2.596912086009979248e-01,-8.888506889343261719e-02,4.692420065402984619e-01,7.360629737377166748e-02,-1.690476238727569580e-01,4.947458803653717041e-01
1.291943341493606567e-01,-6.688376069068908691e-01,6.459157466888427734e-01,-2.650390565395355225e-02,-9.478080901317298412e-04,-9.242820553481578827e-03,-9.996055364608764648e-01,7.164837419986724854e-02,-1.208188943564891815e-02,1.203888207674026489e-01,5.453557968139648438e-01,3.506181240081787109e-01,-1.848794966936111450e-01,-3.093634545803070068e-01,1.470728591084480286e-02,-2.457833439111709595e-01,2.979946136474609375e-01,-2.730413675308227539e-01,-6.823244970291852951e-03,-2.600246071815490723e-01,-3.304558340460062027e-03,-9.713759273290634155e-02,-2.602340579032897949e-01,-3.186304867267608643e-02,4.581735134124755859e-01,9.061091393232345581e-02,-1.665478497743606567e-01,4.917034506797790527e-01
1.541594117879867554e-01,-6.690269708633422852e-01,6.350079774856567383e-01,-2.962364070117473602e-02,6.747880834154784679e-04,-1.275861542671918869e-02,-9.994794726371765137e-01,5.378283932805061340e-02,6.478076800704002380e-03,1.324771642684936523e-01,6.364860534667968750e-01,3.880502283573150635e-01,-1.861959695816040039e-01,-3.259497284889221191e-01,8.289766497910022736e-03,-2.438372373580932617e-01,3.930574357509613037e-01,-2.733061313629150391e-01,-3.496740758419036865e-02,-2.503975033760070801e-01,2.304076030850410461e-02,-1.138511225581169128e-01,-2.590778768062591553e-01,6.099289748817682266e-03,4.451288282871246338e-01,9.750561416149139404e-02,-1.619056910276412964e-01,4.833796024322509766e-01
2.004803866147994995e-01,-6.752671003341674805e-01,6.129018664360046387e-01,-2.658331580460071564e-02,8.049727417528629303e-03,-1.762468554079532623e-02,-9.994587898254394531e-01,-2.975139766931533813e-03,7.942806929349899292e-02,1.794192492961883545e-01,8.698596358299255371e-01,3.171237707138061523e-01,-1.898472011089324951e-01,-3.776780366897583008e-01,5.811466369777917862e-03,-2.082747220993041992e-01,6.831344962120056152e-01,-3.189012706279754639e-01,-1.098938062787055969e-01,-2.272410243749618530e-01,1.130309104919433594e-01,-1.466813385486602783e-01,-2.280484884977340698e-01,1.047561019659042358e-01,4.080755710601806641e-01,1.271736472845077515e-01,-1.207049936056137085e-01,4.886742532253265381e-01
2.466016262769699097e-01,-6.789144277572631836e-01,5.992863178253173828e-01,-2.435796521604061127e-02,6.401572376489639282e-03,-1.318441331386566162e-02,-9.995958805084228516e-01,-1.296318322420120239e-01,1.316092312335968018e-01,1.853955537080764771e-01,1.083718776702880859e+00,2.363626509904861450e-01,-1.246722117066383362e-01,-3.677208721637725830e-01,-2.872516401112079620e-03,-2.400967627763748169e-01,8.528946042060852051e-01,-4.690733850002288818e-01,-1.474272906780242920e-01,-1.655418872833251953e-01,1.848150491714477539e-01,-1.730128973722457886e-01,-1.792767345905303955e-01,2.461341172456741333e-01,3.106915056705474854e-01,1.527868062257766724e-01,-7.264327257871627808e-02,5.269046425819396973e-01
2.692971825599670410e-01,-6.790124773979187012e-01,5.958345532417297363e-01,-2.562669292092323303e-02,4.501003131736069918e-04,-1.485022902488708496e-02,-9.995611906051635742e-01,-2.023177444934844971e-01,1.458523869514465332e-01,1.871552318334579468e-01,1.152128338813781738e+00,1.985169500112533569e-01,-8.965532481670379639e-02,-3.380924761295318604e-01,-1.003186777234077454e-02,-2.524882555007934570e-01,8.785513639450073242e-01,-5.235791206359863281e-01,-1.495326757431030273e-01,-1.307490915060043335e-01,2.085610926151275635e-01,-1.827501803636550903e-01,-1.884336024522781372e-01,2.922123968601226807e-01,2.669066488742828369e-01,1.596143394708633423e-01,-3.459628298878669739e-02,4.897907674312591553e-01
3.173152506351470947e-01,-6.776931881904602051e-01,5.984286665916442871e-01,-2.179419808089733124e-02,-5.508831702172756195e-03,-1.676602847874164581e-02,-9.996067285537719727e-01,-3.282389342784881592e-01,1.617685556411743164e-01,1.835115849971771240e-01,1.225781202316284180e+00,7.226495444774627686e-02,-4.856947064399719238e-02,-2.686193287372589111e-01,1.724005118012428284e-02,-2.212361991405487061e-01,8.536193370819091797e-01,-5.235999822616577148e-01,-1.501819491386413574e-01,-5.282794311642646790e-02,2.757367789745330811e-01,-1.617865711450576782e-01,-2.079109847545623779e-01,3.084226548671722412e-01,1.998605877161026001e-01,1.457301229238510132e-01,5.632633343338966370e-02,3.532454669475555420e-01
3.654067218303680420e-01,-6.754552125930786133e-01,6.091167926788330078e-01,-1.952159404754638672e-02,-1.111699733883142471e-02,-1.943353936076164246e-02,-9.995587468147277832e-01,-4.304775893688201904e-01,1.485836356878280640e-01,1.917701512575149536e-01,1.186654090881347656e+00,-1.461928896605968475e-02,-2.305960096418857574e-02,-1.573668718338012695e-01,2.857578173279762268e-02,-2.206389307975769043e-01,7.613304257392883301e-01,-5.235999822616577148e-01,-1.253345310688018799e-01,2.301942743360996246e-02,3.161349296569824219e-01,-1.063971295952796936e-01,-1.992184370756149292e-01,2.866618335247039795e-01,1.386059373617172241e-01,1.115054413676261902e-01,1.007898971438407898e-01,2.179128974676132202e-01
3.882054388523101807e-01,-6.745706200599670410e-01,6.160602569580078125e-01,-1.831451803445816040e-02,-1.733245514333248138e-02,-2.370778471231460571e-02,-9.994008541107177734e-01,-4.749473333358764648e-01,1.363891959190368652e-01,1.981755048036575317e-01,1.121212601661682129e+00,-4.060200974345207214e-02,-2.093513123691082001e-02,-1.150941699743270874e-01,3.319009765982627869e-02,-2.253919392824172974e-01,7.036868333816528320e-01,-4.577517211437225342e-01,-1.094358935952186584e-01,5.181540176272392273e-02,3.275901079177856445e-01,-8.114114403724670410e-02,-1.974306851625442505e-01,2.689151763916015625e-01,1.147562190890312195e-01,9.230872243642807007e-02,1.238490641117095947e-01,1.479025930166244507e-01
4.347675144672393799e-01,-6.701858043670654297e-01,6.317784190177917480e-01,-1.713327132165431976e-02,-2.440490387380123138e-02,-2.923682518303394318e-02,-9.991276264190673828e-01,-5.082264542579650879e-01,1.012738421559333801e-01,2.352283596992492676e-01,9.068104028701782227e-01,-7.632422447204589844e-02,-2.019862644374370575e-02,-2.969738468527793884e-02,3.211607784032821655e-02,-2.412047535181045532e-01,5.843264460563659668e-01,-2.518699765205383301e-01,-8.238506317138671875e-02,1.016150712966918945e-01,3.610748052597045898e-01,-4.609340056777000427e-02,-1.875407397747039795e-01,2.354118078947067261e-01,8.799215406179428101e-02,6.819510459899902344e-02,1.617976427078247070e-01,6.180970370769500732e-02
4.811659455299377441e-01,-6.626062989234924316e-01,6.431269645690917969e-01,-2.057168073952198029e-02,-3.298531100153923035e-02,-3.736575692892074585e-02,-9.985452294349670410e-01,-4.815655350685119629e-01,2.157395891845226288e-02,2.612236440181732178e-01,5.958058834075927734e-01,-9.706339985132217407e-02,-4.881384968757629395e-02,2.943940646946430206e-02,1.473188865929841995e-02,-2.679910659790039062e-01,4.867561161518096924e-01,5.409047473222017288e-03,-6.616317480802536011e-02,1.276956498622894287e-01,3.797470033168792725e-01,-4.189801961183547974e-02,-1.727694720029830933e-01,2.194720506668090820e-01,6.202002242207527161e-02,5.326299741864204407e-02,1.755087375640869141e-01,4.520385339856147766e-02
5.044386386871337891e-01,-6.595398187637329102e-01,6.459400057792663574e-01,-2.191635780036449432e-02,-3.686185181140899658e-02,-3.829344362020492554e-02,-9.983458518981933594e-01,-4.569957852363586426e-01,-7.419572211802005768e-03,2.589172124862670898e-01,4.465997517108917236e-01,-1.316760778427124023e-01,-1.048642024397850037e-01,4.390868544578552246e-02,5.812919232994318008e-03,-2.658557891845703125e-01,4.661047756671905518e-01,1.303336322307586670e-01,-5.618941411375999451e-02,1.359353214502334595e-01,3.877035677433013916e-01,-4.931478947401046753e-02,-1.631766259670257568e-01,2.162968069314956665e-01,5.155925452709197998e-02,5.013553053140640259e-02,1.851836293935775757e-01,4.794630780816078186e-02
5.520991683006286621e-01,-6.541592478752136230e-01,6.434042453765869141e-01,-2.357332780957221985e-02,-3.684563934803009033e-02,-4.398381337523460388e-02,-9.980742335319519043e-01,-4.426036775112152100e-01,-3.510593250393867493e-02,1.998520195484161377e-01,2.959183752536773682e-01,-2.091713696718215942e-01,-1.820176839828491211e-01,4.529350996017456055e-02,-1.767023466527462006e-02,-2.494962215423583984e-01,5.227172374725341797e-01,3.320928514003753662e-01,-2.093686163425445557e-02,1.276137381792068481e-01,4.066602587699890137e-01,-7.640835642814636230e-02,-1.525495052337646484e-01,2.188456505537033081e-01,2.930375933647155762e-02,5.643554404377937317e-02,2.016248404979705811e-01,8.448898047208786011e-02
6.024419665336608887e-01,-6.472933292388916016e-01,6.270610690116882324e-01,-2.433407120406627655e-02,-2.416724339127540588e-02,-4.263377934694290161e-02,-9.985019564628601074e-01,-4.498936533927917480e-01,-6.532952189445495605e-02,1.683212220668792725e-01,4.099407792091369629e-01,-1.551105678081512451e-01,-1.811393909156322479e-02,2.032030746340751648e-02,-5.386547371745109558e-02,-2.252154797315597534e-01,6.945078372955322266e-01,4.463463425636291504e-01,-1.253865566104650497e-02,1.046551764011383057e-01,4.252835810184478760e-01,-1.130021363496780396e-01,-1.441887021064758301e-01,2.318793088197708130e-01,2.814721129834651947e-02,7.414366304874420166e-02,1.943797320127487183e-01,1.525483429431915283e-01
6.277487874031066895e-01,-6.415055394172668457e-01,6.171568036079406738e-01,-2.478761970996856689e-02,-1.469401735812425613e-02,-4.666812717914581299e-02,-9.984947443008422852e-01,-4.684543311595916748e-01,-5.997873842716217041e-02,1.331073194742202759e-01,5.271286368370056152e-01,-1.673632711172103882e-01,2.405183389782905579e-03,7.474528159946203232e-03,-9.219623357057571411e-02,-2.460197806358337402e-01,8.172017931938171387e-01,4.195497632026672363e-01,3.361653536558151245e-02,7.770020514726638794e-02,4.290186166763305664e-01,-1.339944452047348022e-01,-1.492940187454223633e-01,2.407943457365036011e-01,5.129791423678398132e-02,8.273252844810485840e-02,1.871886849403381348e-01,1.819574683904647827e-01
6.779786348342895508e-01,-6.299124360084533691e-01,6.015226840972900391e-01,-3.341867402195930481e-02,3.253686241805553436e-03,-5.325939133763313293e-02,-9.980160593986511230e-01,-4.416144192218780518e-01,-8.233241736888885498e-02,1.552286744117736816e-01,7.290414571762084961e-01,-2.618971467018127441e-01,6.707848608493804932e-02,-5.635047331452369690e-02,-2.022341638803482056e-01,-2.851942479610443115e-01,1.083922505378723145e+00,2.422260493040084839e-01,2.650963328778743744e-02,8.107424713671207428e-03,4.003401994705200195e-01,-1.835683435201644897e-01,-1.769909709692001343e-01,2.732360661029815674e-01,1.219102814793586731e-01,1.010716035962104797e-01,1.282159090042114258e-01,3.084818422794342041e-01
7.244635224342346191e-01,-6.248684525489807129e-01,5.950275659561157227e-01,-3.378201276063919067e-02,3.611475927755236626e-03,-4.800907522439956665e-02,-9.982689619064331055e-01,-3.848634958267211914e-01,-6.970125436782836914e-02,1.828449070453643799e-01,8.162239789962768555e-01,-3.795982301235198975e-01,7.466731965541839600e-02,-2.112550139427185059e-01,-2.804679572582244873e-01,-2.606236934661865234e-01,1.302487134933471680e+00,8.813810348510742188e-02,-7.144922763109207153e-02,-4.015253856778144836e-02,3.005815148353576660e-01,-1.825493276119232178e-01,-1.953123360872268677e-01,2.842786610126495361e-01,1.818128973245620728e-01,1.289666742086410522e-01,5.105037242174148560e-02,4.582631886005401611e-01
7.473413944244384766e-01,-6.247840523719787598e-01,5.953109860420227051e-01,-3.311783447861671448e-02,4.724612459540367126e-03,-4.578306898474693298e-02,-9.983910918235778809e-01,-3.598804175853729248e-01,-7.197078317403793335e-02,1.694015264511108398e-01,8.473482728004455566e-01,-4.229361414909362793e-01,7.284689694643020630e-02,-2.782611250877380371e-01,-2.989436686038970947e-01,-2.520754635334014893e-01,1.355088949203491211e+00,2.381387911736965179e-02,-1.207225620746612549e-01,-6.822212040424346924e-02,2.631065249443054199e-01,-1.803963184356689453e-01,-2.054238468408584595e-01,2.476788312196731567e-01,2.174243927001953125e-01,1.269722431898117065e-01,3.096281550824642181e-02,4.941147267818450928e-01
7.947099208831787109e-01,-6.247572898864746094e-01,6.022130846977233887e-01,-3.019009530544281006e-02,1.441428903490304947e-02,-6.234146282076835632e-02,-9.974940419197082520e-01,-2.630572021007537842e-01,-8.187443763017654419e-02,1.138393133878707886e-01,8.306591510772705078e-01,-4.601539969444274902e-01,6.513077765703201294e-02,-3.593336641788482666e-01,-3.034954369068145752e-01,-2.633512020111083984e-01,1.351254820823669434e+00,-6.901916861534118652e-02,-1.570834219455718994e-01,-1.611959487199783325e-01,2.007513940334320068e-01,-1.827343702316284180e-01,-1.913634836673736572e-01,1.581577211618423462e-01,2.921717762947082520e-01,8.252889662981033325e-02,-1.017767656594514847e-02,5.009190440177917480e-01
8.401128053665161133e-01,-6.251164674758911133e-01,6.129992008209228516e-01,-2.458341792225837708e-02,1.249805185943841934e-02,-5.668484792113304138e-02,-9.980111718177795410e-01,-1.668140441179275513e-01,-6.818617135286331177e-02,1.196732819080352783e-01,7.601843476295471191e-01,-4.279424250125885010e-01,3.980882838368415833e-02,-4.617518484592437744e-01,-2.577182054519653320e-01,-2.229744195938110352e-01,1.246612191200256348e+00,-1.222952157258987427e-01,-1.457993388175964355e-01,-1.929313391447067261e-01,1.336225718259811401e-01,-1.774078607559204102e-01,-1.455459892749786377e-01,7.691823691129684448e-02,3.268116414546966553e-01,4.147031158208847046e-02,-4.289305582642555237e-02,4.922274053096771240e-01
8.628197908401489258e-01,-6.252738833427429199e-01,6.194185018539428711e-01,-2.094061672687530518e-02,1.228263974189758301e-02,-5.128846317529678345e-02,-9.983887672424316406e-01,-1.175860017538070679e-01,-5.575113371014595032e-02,1.275669932365417480e-01,7.193841338157653809e-01,-3.812793493270874023e-01,1.724489964544773102e-02,-4.923055171966552734e-01,-2.241154015064239502e-01,-2.086264491081237793e-01,1.151546716690063477e+00,-1.361698955297470093e-01,-1.381900906562805176e-01,-1.990908086299896240e-01,1.134875416755676270e-01,-1.693858057260513306e-01,-1.309971958398818970e-01,4.065787419676780701e-02,3.409498035907745361e-01,3.352539986371994019e-02,-4.855976253747940063e-02,4.816442131996154785e-01
9.097024798393249512e-01,-6.275708675384521484e-01,6.323705911636352539e-01,-1.319224294275045395e-02,1.425497885793447495e-02,-4.263454675674438477e-02,-9.989019036293029785e-01,-2.314502559602260590e-02,-2.802615612745285034e-02,1.366856396198272705e-01,6.341987252235412598e-01,-2.407590597867965698e-01,-3.294103965163230896e-02,-4.943746626377105713e-01,-1.433699578046798706e-01,-1.953213065862655640e-01,8.751385211944580078e-01,-1.479157507419586182e-01,-1.193483993411064148e-01,-2.077770978212356567e-01,9.405674040317535400e-02,-1.506569981575012207e-01,-1.094886362552642822e-01,2.460522577166557312e-03,3.514218926429748535e-01,3.353322297334671021e-02,-6.046164408326148987e-02,4.719285368919372559e-01
9.572801589965820312e-01,-6.316298246383666992e-01,6.416264176368713379e-01,-5.251463036984205246e-03,1.091110892593860626e-02,-3.241616487503051758e-02,-9.994010925292968750e-01,4.829996451735496521e-02,-4.803986754268407822e-03,1.446810662746429443e-01,5.575826168060302734e-01,-7.523674517869949341e-02,-6.937724351882934570e-02,-4.436627924442291260e-01,-5.089564621448516846e-02,-1.524511128664016724e-01,5.209024548530578613e-01,-1.634381264448165894e-01,-8.817163854837417603e-02,-2.010902464389801025e-01,8.792264759540557861e-02,-1.271068304777145386e-01,-1.002194285392761230e-01,6.120437290519475937e-03,3.334997296333312988e-01,3.853920102119445801e-02,-6.023753806948661804e-02,4.619263708591461182e-01
9.809462428092956543e-01,-6.314035654067993164e-01,6.437044143676757812e-01,-3.155930899083614349e-03,7.745135109871625900e-03,-3.232559934258460999e-02,-9.994423985481262207e-01,6.950656324625015259e-02,-2.257948362966999412e-04,1.386769413948059082e-01,5.385571718215942383e-01,3.159224521368741989e-03,-7.225006073713302612e-02,-4.145635068416595459e-01,-3.772711008787155151e-02,-1.204230412840843201e-01,3.660954236984252930e-01,-1.867231279611587524e-01,-4.550877958536148071e-02,-1.994389742612838745e-01,8.521588146686553955e-02,-1.210002899169921875e-01,-1.038681715726852417e-01,2.061521261930465698e-02,3.199414908885955811e-01,3.773412853479385376e-02,-5.530466139316558838e-02,4.503905177116394043e-01
1.028877496719360352e+00,-6.280935406684875488e-01,6.378850340843200684e-01,-4.179881885647773743e-03,4.958149511367082596e-03,-4.391089454293251038e-02,-9.990143775939941406e-01,7.270161807537078857e-02,9.585754945874214172e-03,1.230618208646774292e-01,6.043238639831542969e-01,1.266422271728515625e-01,-6.603506207466125488e-02,-3.838009536266326904e-01,-5.073531717061996460e-02,-1.178533807396888733e-01,2.494649440050125122e-01,-2.272182703018188477e-01,1.669425517320632935e-02,-1.984553635120391846e-01,9.287539869546890259e-02,-1.257459372282028198e-01,-1.231658682227134705e-01,5.931662023067474365e-02,3.037427365779876709e-01,2.996117435395717621e-02,-4.080606624484062195e-02,4.154995679855346680e-01
1.079318165779113770e+00,-6.293908357620239258e-01,6.182167530059814453e-01,-7.776200771331787109e-03,6.867131683975458145e-03,-6.117515265941619873e-02,-9.980731010437011719e-01,2.345415018498897552e-02,4.976909235119819641e-02,1.357570439577102661e-01,8.020858168601989746e-01,2.219477295875549316e-01,-4.008810967206954956e-02,-4.118764400482177734e-01,-5.168334394693374634e-02,-1.359786093235015869e-01,4.241846799850463867e-01,-1.833005547523498535e-01,4.604239016771316528e-02,-1.740957498550415039e-01,1.285097301006317139e-01,-1.426362991333007812e-01,-1.539629697799682617e-01,1.086079254746437073e-01,3.026268184185028076e-01,3.301770985126495361e-02,-2.966578863561153412e-02,3.939611315727233887e-01
1.101292014122009277e+00,-6.339938640594482422e-01,6.075034141540527344e-01,-8.691199123859405518e-03,1.159192901104688644e-02,-6.981571018695831299e-02,-9.974547028541564941e-01,-7.379255723208189011e-03,8.115293085575103760e-02,1.542314738035202026e-01,9.240512847900390625e-01,2.032791823148727417e-01,-3.869707882404327393e-02,-4.464544951915740967e-01,-6.028825417160987854e-02,-1.110033690929412842e-01,5.778980851173400879e-01,-1.853987723588943481e-01,3.528334945440292358e-02,-1.550400406122207642e-01,1.580916643142700195e-01,-1.488146483898162842e-01,-1.539414823055267334e-01,1.473313868045806885e-01,2.975647449493408203e-01,4.230721667408943176e-02,-2.150753885507583618e-02,4.143846929073333740e-01
1.147036075592041016e+00,-6.390399336814880371e-01,5.965775251388549805e-01,-4.209458362311124802e-03,1.129933819174766541e-02,-8.919245004653930664e-02,-9.959414005279541016e-01,-1.387170404195785522e-01,1.385502070188522339e-01,1.513561010360717773e-01,1.165673851966857910e+00,7.897490262985229492e-02,5.619578063488006592e-02,-4.699580073356628418e-01,-5.204075947403907776e-02,-1.685641855001449585e-01,8.140906691551208496e-01,-3.340367972850799561e-01,-5.945524945855140686e-02,-1.071187928318977356e-01,2.115028053522109985e-01,-1.410241723060607910e-01,-1.407051384449005127e-01,2.343852967023849487e-01,2.260920256376266479e-01,4.303631559014320374e-02,7.870202884078025818e-03,4.970239102840423584e-01
1.189330458641052246e+00,-6.367090940475463867e-01,5.979363322257995605e-01,-9.831824572756886482e-04,1.530962908873334527e-04,-1.163027733564376831e-01,-9.932132959365844727e-01,-2.811465561389923096e-01,1.728324890136718750e-01,1.645326763391494751e-01,1.289656400680541992e+00,-9.704804047942161560e-03,1.187427565455436707e-01,-4.061248898506164551e-01,-7.040105015039443970e-02,-2.266595363616943359e-01,8.560159802436828613e-01,-4.305454492568969727e-01,-5.554623156785964966e-02,-4.598412662744522095e-02,2.533559501171112061e-01,-1.346534639596939087e-01,-1.488991379737854004e-01,2.401106506586074829e-01,1.345682144165039062e-01,-2.151955291628837585e-02,8.795782923698425293e-02,4.518247842788696289e-01
1.209781169891357422e+00,-6.319885253906250000e-01,6.016817688941955566e-01,1.426867791451513767e-03,-1.459748018532991409e-03,-1.303955912590026855e-01,-9.914599657058715820e-01,-3.380023837089538574e-01,1.662826091051101685e-01,1.675430089235305786e-01,1.305041193962097168e+00,-5.082681402564048767e-02,1.221928074955940247e-01,-3.694923520088195801e-01,-6.838864833116531372e-02,-2.368563264608383179e-01,8.583548069000244141e-01,-4.611408412456512451e-01,-4.752423986792564392e-02,-7.088046055287122726e-03,2.782793343067169189e-01,-1.260288655757904053e-01,-1.372428238391876221e-01,2.252170592546463013e-01,1.020571440458297729e-01,-5.689677596092224121e-02,1.293446868658065796e-01,3.934885859489440918e-01
1.252442479133605957e+00,-6.225247979164123535e-01,6.127341389656066895e-01,7.833926007151603699e-03,1.337636029347777367e-03,-1.428953260183334351e-01,-9.897059202194213867e-01,-4.253520965576171875e-01,1.317134201526641846e-01,1.782506257295608521e-01,1.263814687728881836e+00,-1.280665099620819092e-01,7.533671706914901733e-02,-2.468781024217605591e-01,-4.706547409296035767e-02,-2.568504214286804199e-01,7.798562049865722656e-01,-4.586030840873718262e-01,-2.860095724463462830e-02,9.611283242702484131e-02,3.322266936302185059e-01,-9.002172201871871948e-02,-1.179247573018074036e-01,1.823502182960510254e-01,3.575592115521430969e-02,-1.147738918662071228e-01,1.787127852439880371e-01,2.989607155323028564e-01
1.291393876075744629e+00,-6.144400835037231445e-01,6.253352165222167969e-01,1.492316462099552155e-02,-1.507640816271305084e-03,-1.684188544750213623e-01,-9.856014251708984375e-01,-5.012702345848083496e-01,8.229356259107589722e-02,1.794665604829788208e-01,1.129060268402099609e+00,-1.837965846061706543e-01,3.569502010941505432e-02,-1.397648453712463379e-01,-1.942064613103866577e-02,-2.905806303024291992e-01,6.719011664390563965e-01,-3.820933699607849121e-01,-6.373922806233167648e-03,1.586221307516098022e-01,3.662606179714202881e-01,-6.511688232421875000e-02,-9.257768094539642334e-02,1.541511714458465576e-01,-3.262811154127120972e-02,-1.562766432762145996e-01,2.194226235151290894e-01,2.146229147911071777e-01
1.310689210891723633e+00,-6.097652316093444824e-01,6.322669982910156250e-01,1.776843145489692688e-02,-5.983348237350583076e-04,-1.797745972871780396e-01,-9.835471510887145996e-01,-5.099694132804870605e-01,6.596600264310836792e-02,2.064644694328308105e-01,1.020638704299926758e+00,-1.963982731103897095e-01,2.567463368177413940e-02,-8.577430993318557739e-02,-3.656045068055391312e-03,-3.008995056152343750e-01,6.170987486839294434e-01,-3.236296176910400391e-01,1.875315676443278790e-03,1.883084475994110107e-01,3.799774050712585449e-01,-5.685130506753921509e-02,-7.634486258029937744e-02,1.508218348026275635e-01,-5.796558409929275513e-02,-1.689963638782501221e-01,2.382595241069793701e-01,1.770614087581634521e-01
1.348494648933410645e+00,-5.977077484130859375e-01,6.429713964462280273e-01,2.065319567918777466e-02,1.719288702588528395e-04,-2.061292678117752075e-01,-9.783067703247070312e-01,-4.766855239868164062e-01,1.672690361738204956e-02,2.917025089263916016e-01,7.255015373229980469e-01,-2.012622356414794922e-01,-3.595390822738409042e-03,5.920010153204202652e-04,1.829216070473194122e-02,-3.245967924594879150e-01,5.329095721244812012e-01,-1.703822016716003418e-01,1.245346013456583023e-02,2.275805324316024780e-01,3.955950438976287842e-01,-5.818943306803703308e-02,-5.376377701759338379e-02,1.571365445852279663e-01,-9.836593270301818848e-02,-1.764159053564071655e-01,2.683326900005340576e-01,1.186469867825508118e-01
1.385866641998291016e+00,-5.842021703720092773e-01,6.462146043777465820e-01,2.461805380880832672e-02,-2.380867954343557358e-03,-2.266853153705596924e-01,-9.736539721488952637e-01,-4.014065563678741455e-01,-4.346744716167449951e-02,3.746856749057769775e-01,4.138469696044921875e-01,-2.447183579206466675e-01,-1.004137545824050903e-01,2.327270805835723877e-02,2.128337137401103973e-02,-3.296709954738616943e-01,5.330753326416015625e-01,4.458451643586158752e-02,2.747024595737457275e-02,2.522914111614227295e-01,3.970762789249420166e-01,-8.417446166276931763e-02,-4.426369071006774902e-02,1.660180985927581787e-01,-1.383678913116455078e-01,-1.564632803201675415e-01,2.959261238574981689e-01,9.301793575286865234e-02
1.404385685920715332e+00,-5.764511227607727051e-01,6.447690129280090332e-01,2.538603171706199646e-02,-2.030540024861693382e-03,-2.382850348949432373e-01,-9.708613157272338867e-01,-3.789696693420410156e-01,-5.921722576022148132e-02,3.869273364543914795e-01,3.206725418567657471e-01,-2.677950561046600342e-01,-1.322801113128662109e-01,2.137024514377117157e-02,8.598688058555126190e-03,-3.405191004276275635e-01,5.689224004745483398e-01,1.536740511655807495e-01,4.768769070506095886e-02,2.544088065624237061e-01,3.947448432445526123e-01,-1.018658354878425598e-01,-4.143176227807998657e-02,1.730469018220901489e-01,-1.485850065946578979e-01,-1.393512636423110962e-01,3.097691833972930908e-01,9.103024005889892578e-02
1.439798593521118164e+00,-5.577165484428405762e-01,6.359409093856811523e-01,2.040331624448299408e-02,1.809676061384379864e-03,-2.622129321098327637e-01,-9.647926092147827148e-01,-3.806930482387542725e-01,-1.249711364507675171e-01,3.637566268444061279e-01,2.999094426631927490e-01,-1.808018982410430908e-01,1.382874548435211182e-01,-7.829137146472930908e-03,-5.160151794552803040e-02,-3.665973246097564697e-01,6.927401423454284668e-01,3.921206593513488770e-01,9.188197553157806396e-02,2.419734299182891846e-01,3.866067230701446533e-01,-1.483160406351089478e-01,-3.572886809706687927e-02,1.891256123781204224e-01,-1.567869335412979126e-01,-1.082718521356582642e-01,3.378185927867889404e-01,1.124425008893013000e-01
1.476638674736022949e+00,-5.392473936080932617e-01,6.186877489089965820e-01,1.867466978728771210e-02,1.910038664937019348e-02,-2.803113162517547607e-01,-9.595373868942260742e-01,-4.319741427898406982e-01,-1.042239442467689514e-01,2.457540035247802734e-01,4.992668628692626953e-01,-1.123449057340621948e-01,1.971197128295898438e-01,-4.284145310521125793e-02,-1.215269118547439575e-01,-3.879845142364501953e-01,9.103478193283081055e-01,4.142110943794250488e-01,1.463935226202011108e-01,2.171495705842971802e-01,4.259213507175445557e-01,-1.852464973926544189e-01,-2.344804583117365837e-03,1.558008342981338501e-01,-1.477887481451034546e-01,-8.268006891012191772e-02,3.840388357639312744e-01,1.485555320978164673e-01
1.492948532104492188e+00,-5.283902883529663086e-01,6.100412607192993164e-01,1.544853858649730682e-02,2.518879063427448273e-02,-2.976785302162170410e-01,-9.542087912559509277e-01,-4.656383395195007324e-01,-1.037479937076568604e-01,2.127196043729782104e-01,6.390295624732971191e-01,-1.593588143587112427e-01,1.982326656579971313e-01,-7.143107056617736816e-02,-1.686795800924301147e-01,-4.018644690513610840e-01,1.025622367858886719e+00,3.219802975654602051e-01,1.552612930536270142e-01,1.952050328254699707e-01,4.405446350574493408e-01,-1.999693363904953003e-01,-2.982863457873463631e-03,1.440191566944122314e-01,-1.278997063636779785e-01,-9.153555333614349365e-02,4.014736711978912354e-01,1.769787371158599854e-01
1.522886633872985840e+00,-5.078721642494201660e-01,6.037818789482116699e-01,1.325437519699335098e-02,1.904276758432388306e-02,-3.221719861030578613e-01,-9.463968276977539062e-01,-4.509710371494293213e-01,-1.072729825973510742e-01,2.263312041759490967e-01,7.577466964721679688e-01,-2.635046541690826416e-01,2.223269045352935791e-01,-2.474085837602615356e-01,-2.633724212646484375e-01,-3.426976501941680908e-01,1.241397142410278320e+00,1.779927164316177368e-01,9.312675148248672485e-02,1.743212491273880005e-01,3.925846219062805176e-01,-2.163911759853363037e-01,9.036550298333168030e-03,1.392928063869476318e-01,-9.708049148321151733e-02,-1.239621490240097046e-01,4.259479641914367676e-01,2.648004591464996338e-01
1.553502559661865234e+00,-4.925613403320312500e-01,6.077657341957092285e-01,1.809745468199253082e-02,1.752636209130287170e-02,-3.458612263202667236e-01,-9.379473924636840820e-01,-4.263828098773956299e-01,-1.095427423715591431e-01,1.830857396125793457e-01,8.048356175422668457e-01,-3.095631599426269531e-01,2.133860141038894653e-01,-3.890373110771179199e-01,-2.941823601722717285e-01,-2.944637537002563477e-01,1.305515766143798828e+00,2.636101096868515015e-02,-1.864407584071159363e-02,1.717199534177780151e-01,3.574919104576110840e-01,-1.975095868110656738e-01,-1.794636808335781097e-02,5.325001478195190430e-02,-1.928868517279624939e-02,-1.375448554754257202e-01,4.048818945884704590e-01,3.279246389865875244e-01
1.568299770355224609e+00,-4.862669408321380615e-01,6.118816137313842773e-01,1.845105923712253571e-02,1.928075402975082397e-02,-3.681037127971649170e-01,-9.294016957283020020e-01,-4.138374626636505127e-01,-1.193494796752929688e-01,1.310660094022750854e-01,8.192152380943298340e-01,-3.157177269458770752e-01,1.972614824771881104e-01,-4.240344166755676270e-01,-2.980865240097045898e-01,-2.920806109905242920e-01,1.287556052207946777e+00,-5.164324492216110229e-02,-4.552608728408813477e-02,1.542606502771377563e-01,3.353255093097686768e-01,-1.894291192293167114e-01,-2.090615592896938324e-02,2.142841741442680359e-02,3.328105434775352478e-02,-1.503691077232360840e-01,3.691755831241607666e-01,3.454996943473815918e-01
1.596911907196044922e+00,-4.732142984867095947e-01,6.223991513252258301e-01,2.027285099029541016e-02,1.868223957717418671e-02,-4.129422605037689209e-01,-9.103398919105529785e-01,-3.758987486362457275e-01,-1.246437355875968933e-01,6.608057022094726562e-02,8.122606277465820312e-01,-2.990953922271728516e-01,1.694015115499496460e-01,-4.695217907428741455e-01,-2.835898995399475098e-01,-2.813642323017120361e-01,1.156066894531250000e+00,-1.470540165901184082e-01,-7.955368608236312866e-02,1.203475147485733032e-01,2.933877706527709961e-01,-1.798039823770523071e-01,-4.320107027888298035e-02,-4.859727621078491211e-02,1.469904184341430664e-01,-1.698582768440246582e-01,2.732054889202117920e-01,3.698121011257171631e-01
1.624970078468322754e+00,-4.594041407108306885e-01,6.335827112197875977e-01,2.552589587867259979e-02,1.731827296316623688e-02,-4.591735005378723145e-01,-8.878108859062194824e-01,-3.425750732421875000e-01,-1.138968914747238159e-01,1.222758553922176361e-02,7.986850142478942871e-01,-2.533580958843231201e-01,1.420949697494506836e-01,-4.737053215503692627e-01,-2.286521941423416138e-01,-2.314112037420272827e-01,9.256014823913574219e-01,-2.225876599550247192e-01,-8.248879015445709229e-02,9.268181771039962769e-02,2.569410502910614014e-01,-1.743148267269134521e-01,-7.615277916193008423e-02,-1.019741371273994446e-01,2.473715990781784058e-01,-1.627379953861236572e-01,1.714899092912673950e-01,4.097700119018554688e-01
1.639887213706970215e+00,-4.518750607967376709e-01,6.388749480247497559e-01,2.916667796671390533e-02,1.790959946811199188e-02,-4.807062745094299316e-01,-8.762134313583374023e-01,-3.318578898906707764e-01,-1.002548784017562866e-01,-1.143985055387020111e-02,8.009306192398071289e-01,-2.271474748849868774e-01,1.279263645410537720e-01,-4.547180831432342529e-01,-1.851658821105957031e-01,-1.747585088014602661e-01,7.837393879890441895e-01,-2.613015770912170410e-01,-7.510533183813095093e-02,8.511605113744735718e-02,2.428927272558212280e-01,-1.728010773658752441e-01,-8.877360075712203979e-02,-1.145647615194320679e-01,2.852233052253723145e-01,-1.519339531660079956e-01,1.306267976760864258e-01,4.330180287361145020e-01
1.666961908340454102e+00,-4.334227740764617920e-01,6.450636386871337891e-01,3.511071205139160156e-02,1.845451630651950836e-02,-5.193553566932678223e-01,-8.536373376846313477e-01,-3.270396888256072998e-01,-7.490642368793487549e-02,-4.344854503870010376e-02,8.374025821685791016e-01,-1.817371249198913574e-01,1.071489155292510986e-01,-4.011085927486419678e-01,-1.346981823444366455e-01,1.107819378376007080e-02,5.065960884094238281e-01,-3.292191028594970703e-01,1.143361814320087433e-02,8.533236384391784668e-02,2.247143536806106567e-01,-1.727354228496551514e-01,-1.089682430028915405e-01,-1.234350353479385376e-01,3.286123871803283691e-01,-1.379216015338897705e-01,8.009497821331024170e-02,4.811834096908569336e-01
1.692590117454528809e+00,-4.133445918560028076e-01,6.377409696578979492e-01,3.674081712961196899e-02,1.527212187647819519e-02,-5.619179606437683105e-01,-8.262354731559753418e-01,-3.654002845287322998e-01,-5.696313828229904175e-02,-6.114485114812850952e-02,9.511240124702453613e-01,-1.241358593106269836e-01,9.826837480068206787e-02,-3.517577052116394043e-01,-1.353971362113952637e-01,6.070234254002571106e-02,3.588602840900421143e-01,-3.550621569156646729e-01,1.950611621141433716e-01,8.728953450918197632e-02,2.301934510469436646e-01,-1.679833382368087769e-01,-1.284384876489639282e-01,-1.290419101715087891e-01,3.368886113166809082e-01,-1.364227533340454102e-01,7.652361690998077393e-02,5.168926119804382324e-01
1.706371903419494629e+00,-4.042361676692962646e-01,6.292331218719482422e-01,3.841119259595870972e-02,1.206899713724851608e-02,-5.813160538673400879e-01,-8.126811385154724121e-01,-4.025083780288696289e-01,-4.044779017567634583e-02,-5.288834869861602783e-02,1.026875615119934082e+00,-7.673650234937667847e-02,1.044241264462471008e-01,-3.495877087116241455e-01,-1.384370923042297363e-01,4.888125229626893997e-03,4.006576538085937500e-01,-3.483357727527618408e-01,2.492715716361999512e-01,9.722935408353805542e-02,2.395632565021514893e-01,-1.652866005897521973e-01,-1.394370347261428833e-01,-1.261327266693115234e-01,3.304297327995300293e-01,-1.388679146766662598e-01,8.773925155401229858e-02,5.216720700263977051e-01
1.734211206436157227e+00,-3.897809684276580811e-01,6.084199547767639160e-01,4.575379192829132080e-02,5.909647326916456223e-03,-6.126639246940612793e-01,-7.889959216117858887e-01,-4.987585842609405518e-01,1.351422537118196487e-02,-1.251982245594263077e-02,1.181261539459228516e+00,3.608165308833122253e-02,1.471888422966003418e-01,-3.938109874725341797e-01,-1.499835550785064697e-01,-1.177654191851615906e-01,5.629957318305969238e-01,-3.108307123184204102e-01,2.497181892395019531e-01,1.393167078495025635e-01,2.676235735416412354e-01,-1.669229716062545776e-01,-1.511929035186767578e-01,-8.331824094057083130e-02,2.882358431816101074e-01,-1.353880167007446289e-01,1.361232697963714600e-01,5.346704125404357910e-01
1.754686355590820312e+00,-3.754403889179229736e-01,5.966356992721557617e-01,5.017644912004470825e-02,-5.978264845907688141e-03,-6.471604108810424805e-01,-7.606773376464843750e-01,-5.869700908660888672e-01,4.961875826120376587e-02,3.818242624402046204e-02,1.308672666549682617e+00,4.488936439156532288e-02,1.910600662231445312e-01,-4.373627007007598877e-01,-2.001100331544876099e-01,-2.466361969709396362e-01,7.681859731674194336e-01,-4.227678775787353516e-01,2.122365385293960571e-01,1.701921224594116211e-01,2.972445189952850342e-01,-1.952609121799468994e-01,-1.160131692886352539e-01,4.793991148471832275e-02,1.881933063268661499e-01,-1.191353201866149902e-01,1.775035113096237183e-01,6.318594217300415039e-01
1.763303399085998535e+00,-3.672476708889007568e-01,5.947335958480834961e-01,5.225542187690734863e-02,-8.995482698082923889e-03,-6.624563932418823242e-01,-7.472215294837951660e-01,-6.198604702949523926e-01,7.216977328062057495e-02,6.334760040044784546e-02,1.360768318176269531e+00,-1.285028294660151005e-03,2.097634226083755493e-01,-4.195703864097595215e-01,-2.049597501754760742e-01,-2.787536084651947021e-01,7.945165634155273438e-01,-4.582776427268981934e-01,2.069190740585327148e-01,1.927122175693511963e-01,3.222581148147583008e-01,-2.021669298410415649e-01,-1.049308478832244873e-01,1.024336367845535278e-01,1.383583992719650269e-01,-1.046464890241622925e-01,2.111163288354873657e-01,6.496505141258239746e-01
1.777555942535400391e+00,-3.491152226924896240e-01,5.957245826721191406e-01,6.635970622301101685e-02,-1.284179929643869400e-02,-6.940204501152038574e-01,-7.167754769325256348e-01,-6.734825968742370605e-01,9.575515240430831909e-02,8.600151538848876953e-02,1.367280960083007812e+00,-6.127572059631347656e-02,1.766530275344848633e-01,-3.766347169876098633e-01,-1.789012998342514038e-01,-3.151729702949523926e-01,7.966542840003967285e-01,-4.938242733478546143e-01,1.892945170402526855e-01,2.465366274118423462e-01,3.689177036285400391e-01,-1.679540723562240601e-01,-9.941869229078292847e-02,1.115151047706604004e-01,6.054534018039703369e-02,-6.878993660211563110e-02,2.832038104534149170e-01,5.577805638313293457e-01
1.785339951515197754e+00,-3.310737013816833496e-01,6.034118533134460449e-01,7.934866845607757568e-02,-1.499702502042055130e-02,-7.258278727531433105e-01,-6.831198930740356445e-01,-7.082064151763916016e-01,7.376264035701751709e-02,9.289946407079696655e-02,1.299358725547790527e+00,-1.461602449417114258e-01,1.004541367292404175e-01,-3.052287399768829346e-01,-1.463429927825927734e-01,-3.621995747089385986e-01,7.208276391029357910e-01,-4.754909873008728027e-01,1.787987947463989258e-01,2.914895117282867432e-01,3.984050154685974121e-01,-1.339862942695617676e-01,-7.493622601032257080e-02,9.775311499834060669e-02,-2.716092951595783234e-02,-2.803732641041278839e-02,3.108430802822113037e-01,4.609005451202392578e-01
1.788034439086914062e+00,-3.218341171741485596e-01,6.093475818634033203e-01,8.530397713184356689e-02,-1.695646531879901886e-02,-7.431334257125854492e-01,-6.634669899940490723e-01,-7.116441726684570312e-01,6.431733071804046631e-02,1.103783398866653442e-01,1.247267723083496094e+00,-2.023779749870300293e-01,7.201682776212692261e-02,-2.566559612751007080e-01,-1.280748248100280762e-01,-3.954272866249084473e-01,6.522957086563110352e-01,-4.436252415180206299e-01,1.810998916625976562e-01,3.066061139106750488e-01,4.110297858715057373e-01,-1.260305196046829224e-01,-6.899362802505493164e-02,9.051396697759628296e-02,-6.185351684689521790e-02,-1.394725497812032700e-02,3.240503668785095215e-01,4.087535440921783447e-01
1.791195154190063477e+00,-3.026321232318878174e-01,6.234468817710876465e-01,9.689793735742568970e-02,-2.006204053759574890e-02,-7.796204686164855957e-01,-6.183851361274719238e-01,-6.853460669517517090e-01,6.775417923927307129e-02,2.023607045412063599e-01,1.094268321990966797e+00,-2.855894565582275391e-01,7.105208188295364380e-02,-1.570182293653488159e-01,-7.927238941192626953e-02,-4.548009932041168213e-01,4.878955185413360596e-01,-3.138382434844970703e-01,1.968813687562942505e-01,3.200291991233825684e-01,4.266283214092254639e-01,-1.065289601683616638e-01,-5.555817112326622009e-02,7.265371084213256836e-02,-1.137974783778190613e-01,-1.005708519369363785e-02,3.680369555950164795e-01,2.868519127368927002e-01
1.789972305297851562e+00,-2.831942141056060791e-01,6.358206272125244141e-01,1.044397801160812378e-01,-2.365715801715850830e-02,-8.156030774116516113e-01,-5.686160922050476074e-01,-6.055952310562133789e-01,5.342495813965797424e-02,3.505586981773376465e-01,8.788797855377197266e-01,-3.361712992191314697e-01,5.975473299622535706e-02,-8.739996701478958130e-02,-4.677191749215126038e-02,-4.844271242618560791e-01,3.743363916873931885e-01,-1.576268374919891357e-01,2.057105898857116699e-01,3.079992234706878662e-01,4.335477948188781738e-01,-9.318618476390838623e-02,-3.605682402849197388e-02,6.459777057170867920e-02,-1.511030048131942749e-01,-1.482066977769136429e-02,3.961124420166015625e-01,2.123230993747711182e-01
1.787582278251647949e+00,-2.731221020221710205e-01,6.397848725318908691e-01,1.071670353412628174e-01,-2.518558315932750702e-02,-8.316466808319091797e-01,-5.442836284637451172e-01,-5.538558363914489746e-01,2.814659476280212402e-02,4.242086112499237061e-01,7.615582346916198730e-01,-3.387189805507659912e-01,3.704858198761940002e-02,-6.992629170417785645e-02,-4.203524440526962280e-02,-4.733789563179016113e-01,3.569152653217315674e-01,-8.928632736206054688e-02,2.038078755140304565e-01,2.978049218654632568e-01,4.358685016632080078e-01,-9.602873027324676514e-02,-3.259496763348579407e-02,6.910326331853866577e-02,-1.607798784971237183e-01,-1.073154434561729431e-02,4.001544713973999023e-01,2.013970911502838135e-01
1.779132246971130371e+00,-2.518565654754638672e-01,6.416831016540527344e-01,1.092677116394042969e-01,-2.701439149677753448e-02,-8.614556193351745605e-01,-4.952019453048706055e-01,-4.731537997722625732e-01,-2.872852236032485962e-02,5.190241932868957520e-01,5.907998085021972656e-01,-3.231250345706939697e-01,1.475840545026585460e-04,-6.035481393337249756e-02,-5.245864018797874451e-02,-4.211378395557403564e-01,3.989954590797424316e-01,2.102680876851081848e-02,1.975291669368743896e-01,2.707710564136505127e-01,4.360951781272888184e-01,-1.066688820719718933e-01,-3.722758963704109192e-02,8.944310247898101807e-02,-1.586102545261383057e-01,5.232559982687234879e-03,3.911859095096588135e-01,2.136260569095611572e-01
1.767453789710998535e+00,-2.298984527587890625e-01,6.355826854705810547e-01,1.054058000445365906e-01,-2.926892973482608795e-02,-8.901862502098083496e-01,-4.422684311866760254e-01,-4.199222326278686523e-01,-8.513145893812179565e-02,5.402241349220275879e-01,5.597786307334899902e-01,-3.447394371032714844e-01,1.162221655249595642e-01,-7.487574964761734009e-02,-7.817970216274261475e-02,-3.740185499191284180e-01,5.215836167335510254e-01,1.051135882735252380e-01,1.716088652610778809e-01,2.274948060512542725e-01,4.263827204704284668e-01,-1.140824705362319946e-01,-5.284479260444641113e-02,1.126857772469520569e-01,-1.222530752420425415e-01,2.054427750408649445e-02,3.605062067508697510e-01,2.460649758577346802e-01
1.761935472488403320e+00,-2.189451903104782104e-01,6.288411617279052734e-01,1.042934209108352661e-01,-2.908667922019958496e-02,-9.021043181419372559e-01,-4.177135825157165527e-01,-4.104882180690765381e-01,-9.789631515741348267e-02,4.941029250621795654e-01,5.948802828788757324e-01,-4.191801846027374268e-01,1.603046059608459473e-01,-9.459868818521499634e-02,-8.981775492429733276e-02,-3.577605485916137695e-01,6.017862558364868164e-01,1.491064727306365967e-01,1.577587872743606567e-01,2.066426873207092285e-01,4.162091612815856934e-01,-1.197716295719146729e-01,-6.339425593614578247e-02,1.237003877758979797e-01,-9.383253008127212524e-02,2.798165008425712585e-02,3.413784801959991455e-01,2.642236948013305664e-01
1.750139951705932617e+00,-1.972383260726928711e-01,6.093062162399291992e-01,9.627547115087509155e-02,-2.736819721758365631e-02,-9.273974895477294922e-01,-3.604384362697601318e-01,-3.995952606201171875e-01,-1.311522573232650757e-01,3.642899692058563232e-01,6.751774549484252930e-01,-5.031240582466125488e-01,2.019294649362564087e-01,-1.293678134679794312e-01,-1.258804500102996826e-01,-3.699097335338592529e-01,7.733481526374816895e-01,2.612322866916656494e-01,1.309795677661895752e-01,1.397268921136856079e-01,3.945187926292419434e-01,-1.325122714042663574e-01,-9.018956869840621948e-02,1.453815400600433350e-01,-9.053038433194160461e-03,4.428363218903541565e-02,2.879132628440856934e-01,3.323707878589630127e-01
1.738435387611389160e+00,-1.795274913311004639e-01,5.956471562385559082e-01,8.616711944341659546e-02,-3.500974178314208984e-02,-9.476512670516967773e-01,-3.054614067077636719e-01,-4.074578583240509033e-01,-1.413583159446716309e-01,3.135747313499450684e-01,7.854149937629699707e-01,-5.235999822616577148e-01,1.896193325519561768e-01,-1.863864511251449585e-01,-1.904886960983276367e-01,-3.800043463706970215e-01,9.634100794792175293e-01,2.859532237052917480e-01,1.472453176975250244e-01,5.673002079129219055e-02,3.301863670349121094e-01,-1.502806693315505981e-01,-1.233427822589874268e-01,1.610184609889984131e-01,7.736504822969436646e-02,6.710162013769149780e-02,1.627783924341201782e-01,5.116276741027832031e-01
1.731234908103942871e+00,-1.715290546417236328e-01,5.927056670188903809e-01,8.550449460744857788e-02,-3.650793805718421936e-02,-9.550262689590454102e-01,-2.815687656402587891e-01,-3.802635967731475830e-01,-1.500606536865234375e-01,2.958916127681732178e-01,7.790812849998474121e-01,-5.235999822616577148e-01,1.875732392072677612e-01,-2.347964495420455933e-01,-2.316188961267471313e-01,-3.844708204269409180e-01,1.084591388702392578e+00,2.036600559949874878e-01,1.428504586219787598e-01,1.837032847106456757e-02,2.799006998538970947e-01,-1.539968252182006836e-01,-1.420377641916275024e-01,1.514078676700592041e-01,1.214096844196319580e-01,8.158954977989196777e-02,1.020528301596641541e-01,5.852557420730590820e-01
1.714362263679504395e+00,-1.531910598278045654e-01,5.933434963226318359e-01,8.278799802064895630e-02,-3.241969272494316101e-02,-9.651910066604614258e-01,-2.459703981876373291e-01,-3.392180502414703369e-01,-1.574434787034988403e-01,2.254297286272048950e-01,7.646328806877136230e-01,-5.235999822616577148e-01,1.860676109790802002e-01,-3.242764472961425781e-01,-2.983487546443939209e-01,-3.846347928047180176e-01,1.244261145591735840e+00,6.095888838171958923e-02,4.784693941473960876e-02,-3.520141169428825378e-02,1.844388991594314575e-01,-1.511460095643997192e-01,-1.801096200942993164e-01,9.008752554655075073e-02,2.185916453599929810e-01,7.120043784379959106e-02,4.437069222331047058e-02,5.882744789123535156e-01
1.695910811424255371e+00,-1.330266743898391724e-01,6.021627187728881836e-01,7.950100302696228027e-02,-2.769353426992893219e-02,-9.728971719741821289e-01,-2.153687477111816406e-01,-2.736069262027740479e-01,-1.525228768587112427e-01,1.559655368328094482e-01,7.122321128845214844e-01,-5.235999822616577148e-01,1.693218350410461426e-01,-4.148899912834167480e-01,-3.184948563575744629e-01,-3.638282418251037598e-01,1.294956803321838379e+00,-9.585975110530853271e-02,-8.492796123027801514e-02,-9.901727735996246338e-02,9.894588589668273926e-02,-1.589150428771972656e-01,-1.863051503896713257e-01,2.158980257809162140e-02,2.804251611232757568e-01,3.639409318566322327e-02,-6.782891578041017056e-04,5.592588186264038086e-01
1.686215162277221680e+00,-1.236800700426101685e-01,6.080502867698669434e-01,8.115051686763763428e-02,-2.583719231188297272e-02,-9.744973778724670410e-01,-2.076099365949630737e-01,-2.359694242477416992e-01,-1.453679949045181274e-01,1.393835544586181641e-01,6.689432263374328613e-01,-5.235999822616577148e-01,1.577844321727752686e-01,-4.664593636989593506e-01,-3.125556707382202148e-01,-3.381809592247009277e-01,1.276679992675781250e+00,-1.502027362585067749e-01,-1.221634298563003540e-01,-1.206268146634101868e-01,6.667512655258178711e-02,-1.588077396154403687e-01,-1.912878453731536865e-01,-2.220339700579643250e-02,3.003483712673187256e-01,2.283030375838279724e-02,-1.319636590778827667e-02,5.461219549179077148e-01
1.666114330291748047e+00,-1.059121787548065186e-01,6.210821866989135742e-01,8.635938912630081177e-02,-2.328123897314071655e-02,-9.754455089569091797e-01,-2.012612968683242798e-01,-1.587244272232055664e-01,-1.280025243759155273e-01,1.283149719238281250e-01,5.603794455528259277e-01,-4.784387946128845215e-01,1.226543560624122620e-01,-5.512401461601257324e-01,-2.792623043060302734e-01,-2.812290787696838379e-01,1.163334369659423828e+00,-2.216130942106246948e-01,-9.914959222078323364e-02,-1.430583745241165161e-01,2.227912098169326782e-02,-1.539157330989837646e-01,-2.128869444131851196e-01,-1.017992720007896423e-01,3.362516760826110840e-01,-6.311319768428802490e-03,-1.610176451504230499e-02,4.955085217952728271e-01
1.646052360534667969e+00,-8.532896637916564941e-02,6.344846487045288086e-01,8.905936032533645630e-02,-1.726744696497917175e-02,-9.752210974693298340e-01,-2.017773985862731934e-01,-9.947308152914047241e-02,-9.240461885929107666e-02,1.287419050931930542e-01,4.722892343997955322e-01,-3.413060903549194336e-01,6.587854027748107910e-02,-5.857737660408020020e-01,-1.987698823213577271e-01,-2.190719395875930786e-01,9.537047147750854492e-01,-2.619345188140869141e-01,-6.686177104711532593e-02,-1.487827599048614502e-01,4.014086734969168901e-04,-1.338443756103515625e-01,-2.150444537401199341e-01,-1.394386142492294312e-01,3.545221686363220215e-01,-1.533978059887886047e-02,-2.224711515009403229e-02,4.749286174774169922e-01
1.635715842247009277e+00,-7.386778295040130615e-02,6.400991678237915039e-01,9.116536378860473633e-02,-1.419484894722700119e-02,-9.749479293823242188e-01,-2.023955285549163818e-01,-8.497147262096405029e-02,-7.033614069223403931e-02,1.305899024009704590e-01,4.550995826721191406e-01,-2.688290476799011230e-01,3.675940632820129395e-02,-5.790613889694213867e-01,-1.483071893453598022e-01,-1.796491593122482300e-01,8.166072964668273926e-01,-2.783507704734802246e-01,-3.658051788806915283e-02,-1.484356075525283813e-01,-3.230543370591476560e-05,-1.180887371301651001e-01,-2.152423858642578125e-01,-1.514522731304168701e-01,3.517365157604217529e-01,-7.063235621899366379e-03,-2.798182331025600433e-02,4.836127758026123047e-01
1.611898541450500488e+00,-5.338424816727638245e-02,6.457678675651550293e-01,9.486718475818634033e-02,-1.225893199443817139e-02,-9.753485918045043945e-01,-1.988593935966491699e-01,-8.485051244497299194e-02,-3.558083251118659973e-02,1.335640400648117065e-01,4.870544075965881348e-01,-1.389544606208801270e-01,-1.739653525874018669e-03,-5.556136369705200195e-01,-9.517529606819152832e-02,-8.203752338886260986e-02,5.846847295761108398e-01,-3.210428357124328613e-01,8.416579663753509521e-02,-1.450708359479904175e-01,1.737434044480323792e-02,-9.653786569833755493e-02,-2.233456820249557495e-01,-1.549020111560821533e-01,3.333428502082824707e-01,1.705043390393257141e-02,-3.359145671129226685e-02,5.099294781684875488e-01
1.586308360099792480e+00,-3.361859545111656189e-02,6.404482722282409668e-01,9.268164634704589844e-02,-1.245320308953523636e-02,-9.770939946174621582e-01,-1.911604404449462891e-01,-1.332005262374877930e-01,-3.791108727455139160e-03,1.388568133115768433e-01,6.423705816268920898e-01,-2.272399328649044037e-02,-2.020553871989250183e-02,-5.284636020660400391e-01,-8.058993518352508545e-02,-9.671916067600250244e-02,5.147612094879150391e-01,-3.574378490447998047e-01,1.230418831110000610e-01,-1.227931752800941467e-01,5.144523456692695618e-02,-1.103423759341239929e-01,-2.350365221500396729e-01,-9.898616373538970947e-02,3.152408003807067871e-01,4.173371940851211548e-02,-2.719585783779621124e-02,5.203822255134582520e-01
1.572122097015380859e+00,-2.190951257944107056e-02,6.321634054183959961e-01,8.721013367176055908e-02,-1.265329401940107346e-02,-9.793293476104736328e-01,-1.820669323205947876e-01,-1.638431549072265625e-01,1.853561028838157654e-02,1.394588947296142578e-01,7.504863142967224121e-01,3.895138204097747803e-02,-2.630537562072277069e-02,-5.109726786613464355e-01,-7.455936074256896973e-02,-1.281289756298065186e-01,5.329903960227966309e-01,-2.757386267185211182e-01,9.789800643920898438e-02,-1.128940954804420471e-01,7.754369080066680908e-02,-1.282230466604232788e-01,-2.406447529792785645e-01,-5.377975106239318848e-02,3.112966120243072510e-01,5.274596810340881348e-02,-2.001390047371387482e-02,5.184600353240966797e-01
1.547121882438659668e+00,1.671284902840852737e-03,6.153441071510314941e-01,7.440008223056793213e-02,-6.095016840845346451e-03,-9.810653924942016602e-01,-1.787123978137969971e-01,-2.141378968954086304e-01,9.587334841489791870e-02,1.938223540782928467e-01,9.434164166450500488e-01,1.839904487133026123e-01,2.700914628803730011e-02,-5.035960674285888672e-01,-4.706172645092010498e-02,-1.132577434182167053e-01,7.220737934112548828e-01,-3.954207301139831543e-01,1.170270610600709915e-02,-5.482582002878189087e-02,1.356897652149200439e-01,-1.649835258722305298e-01,-2.021581530570983887e-01,5.280525982379913330e-02,2.878361046314239502e-01,7.139256596565246582e-02,1.954102329909801483e-02,5.030449032783508301e-01
1.518504142761230469e+00,2.306391857564449310e-02,6.049951910972595215e-01,6.496209651231765747e-02,3.195054130628705025e-03,-9.836511611938476562e-01,-1.679289937019348145e-01,-2.898307740688323975e-01,1.727696061134338379e-01,2.249728888273239136e-01,1.148047447204589844e+00,9.032861143350601196e-02,6.398574262857437134e-02,-4.576260447502136230e-01,-2.523036673665046692e-02,-1.522255688905715942e-01,8.335137367248535156e-01,-5.212598443031311035e-01,-1.386877056211233139e-02,3.707400057464838028e-03,2.229899466037750244e-01,-1.783170253038406372e-01,-1.278638243675231934e-01,1.160307228565216064e-01,2.286840975284576416e-01,7.795663923025131226e-02,7.453197240829467773e-02,4.715103507041931152e-01
1.504030585289001465e+00,3.194181248545646667e-02,6.043007373809814453e-01,6.798743456602096558e-02,2.793694147840142250e-03,-9.838047623634338379e-01,-1.658255159854888916e-01,-3.511876463890075684e-01,1.957126408815383911e-01,2.333349883556365967e-01,1.220844268798828125e+00,5.358416959643363953e-02,9.106515347957611084e-02,-4.234587848186492920e-01,-2.330850251019001007e-02,-1.687360107898712158e-01,8.219726085662841797e-01,-5.235999822616577148e-01,-1.419808249920606613e-02,4.192080721259117126e-02,2.609200179576873779e-01,-1.881129592657089233e-01,-1.129962131381034851e-01,1.177166104316711426e-01,1.794042885303497314e-01,7.168507575988769531e-02,9.932761639356613159e-02,4.419462382793426514e-01
1.472000360488891602e+00,4.422475397586822510e-02,6.087879538536071777e-01,6.965718418359756470e-02,5.042977165430784225e-03,-9.863754510879516602e-01,-1.489492505788803101e-01,-4.572651088237762451e-01,1.947843581438064575e-01,2.201311737298965454e-01,1.261790037155151367e+00,1.400887407362461090e-02,8.670911937952041626e-02,-3.446558713912963867e-01,-1.259441487491130829e-02,-1.883879899978637695e-01,7.758143544197082520e-01,-5.235999822616577148e-01,-1.172720827162265778e-02,9.585569798946380615e-02,3.267095685005187988e-01,-1.848115772008895874e-01,-9.118866175413131714e-02,1.135369986295700073e-01,1.157958358526229858e-01,6.197612732648849487e-02,1.466020047664642334e-01,3.497386872768402100e-01
1.436940550804138184e+00,5.675363913178443909e-02,6.182258725166320801e-01,7.211076468229293823e-02,8.056527934968471527e-03,-9.878908991813659668e-01,-1.371373683214187622e-01,-5.537331104278564453e-01,1.593770086765289307e-01,1.908126771450042725e-01,1.225283384323120117e+00,-6.350569427013397217e-02,2.529208920896053314e-02,-2.493069916963577271e-01,1.744756242260336876e-03,-2.032325863838195801e-01,6.761180758476257324e-01,-4.758506119251251221e-01,8.974975906312465668e-03,1.545923203229904175e-01,3.781526684761047363e-01,-1.543131619691848755e-01,-8.791621774435043335e-02,9.635265916585922241e-02,7.663241773843765259e-02,5.419001728296279907e-02,1.753311008214950562e-01,2.547297775745391846e-01
1.420675516128540039e+00,6.167047843337059021e-02,6.246956586837768555e-01,7.626684755086898804e-02,9.120864793658256531e-03,-9.886867403984069824e-01,-1.288361102342605591e-01,-5.977148413658142090e-01,1.353120505809783936e-01,1.753388345241546631e-01,1.169908404350280762e+00,-8.555743098258972168e-02,2.804033225402235985e-03,-2.075047194957733154e-01,8.341678418219089508e-03,-2.142969369888305664e-01,6.106822490692138672e-01,-3.979559242725372314e-01,1.894731819629669189e-02,1.737944036722183228e-01,3.930592834949493408e-01,-1.388047635555267334e-01,-8.677574992179870605e-02,9.105160832405090332e-02,5.727822706103324890e-02,4.937892034649848938e-02,1.850378513336181641e-01,2.123019993305206299e-01
1.387188076972961426e+00,7.013367116451263428e-02,6.393008828163146973e-01,8.222457766532897949e-02,9.847464039921760559e-03,-9.903265833854675293e-01,-1.113345399498939514e-01,-6.361557245254516602e-01,9.005737304687500000e-02,1.775433272123336792e-01,9.840081334114074707e-01,-1.209281608462333679e-01,-2.156436070799827576e-02,-1.268226951360702515e-01,2.342968806624412537e-02,-2.281046062707901001e-01,4.798920452594757080e-01,-2.069341689348220825e-01,2.475174143910408020e-02,1.971908360719680786e-01,4.206115305423736572e-01,-1.142660006880760193e-01,-8.277582377195358276e-02,8.850163221359252930e-02,3.252818062901496887e-02,3.837090358138084412e-02,2.055328488349914551e-01,1.456089168787002563e-01
1.352216958999633789e+00,7.513274252414703369e-02,6.514838933944702148e-01,8.876219391822814941e-02,5.379870068281888962e-03,-9.922279715538024902e-01,-8.703999221324920654e-02,-6.075585484504699707e-01,2.717747911810874939e-02,2.085276544094085693e-01,7.159709334373474121e-01,-1.620025932788848877e-01,-2.933898568153381348e-02,-6.332012265920639038e-02,2.968614920973777771e-02,-2.532100379467010498e-01,3.705881536006927490e-01,-3.334576962515711784e-03,1.110741123557090759e-02,1.901185214519500732e-01,4.298859834671020508e-01,-1.130200251936912537e-01,-8.087705820798873901e-02,1.083744764328002930e-01,1.852931454777717590e-02,2.089835330843925476e-02,2.179201394319534302e-01,1.079020202159881592e-01
1.334697604179382324e+00,7.773697376251220703e-02,6.553283333778381348e-01,9.199058264493942261e-02,3.274994436651468277e-03,-9.927399754524230957e-01,-7.742336392402648926e-02,-5.734959840774536133e-01,-1.342396019026637077e-03,2.193647474050521851e-01,5.789947509765625000e-01,-1.962330639362335205e-01,-4.692842811346054077e-02,-3.886361420154571533e-02,3.142457827925682068e-02,-2.589969933032989502e-01,3.368464708328247070e-01,8.362634479999542236e-02,7.204785943031311035e-03,1.840381771326065063e-01,4.287729859352111816e-01,-1.174209266901016235e-01,-8.475818485021591187e-02,1.175273433327674866e-01,1.442964002490043640e-02,1.337318774312734604e-02,2.192348539829254150e-01,1.008376106619834900e-01
1.298631787300109863e+00,8.458393067121505737e-02,6.554216742515563965e-01,9.203074872493743896e-02,2.957643475383520126e-03,-9.937658905982971191e-01,-6.285700201988220215e-02,-5.285046100616455078e-01,-3.400049358606338501e-02,2.126635462045669556e-01,4.335281848907470703e-01,-2.508376836776733398e-01,-7.280039787292480469e-02,-2.462243661284446716e-02,2.591170184314250946e-02,-2.599570453166961670e-01,3.838706314563751221e-01,1.926119774580001831e-01,7.583649829030036926e-03,1.682552397251129150e-01,4.207258224487304688e-01,-1.259861290454864502e-01,-9.585573524236679077e-02,1.358987987041473389e-01,2.392754703760147095e-02,1.736996881663799286e-02,2.117070406675338745e-01,1.194045245647430420e-01
1.259833812713623047e+00,8.945889025926589966e-02,6.437468528747558594e-01,8.125516772270202637e-02,2.819218672811985016e-03,-9.948263764381408691e-01,-6.091056391596794128e-02,-5.232992172241210938e-01,-5.160323530435562134e-02,2.188964337110519409e-01,5.314464569091796875e-01,-2.362953275442123413e-01,8.945565670728683472e-02,-3.823229670524597168e-02,-6.499618291854858398e-03,-2.541953027248382568e-01,5.421694517135620117e-01,2.691594362258911133e-01,4.439342767000198364e-02,1.559423804283142090e-01,4.069458246231079102e-01,-1.347015649080276489e-01,-1.070285513997077942e-01,1.527927517890930176e-01,5.701451003551483154e-02,3.043718449771404266e-02,1.905509680509567261e-01,1.825111210346221924e-01
1.239462256431579590e+00,9.128877520561218262e-02,6.333443522453308105e-01,7.175814360380172729e-02,1.786249107681214809e-03,-9.958753585815429688e-01,-5.549681559205055237e-02,-5.113606452941894531e-01,-4.853584989905357361e-02,1.870680600404739380e-01,5.868453979492187500e-01,-2.348924130201339722e-01,8.689001947641372681e-02,-4.344845190644264221e-02,-3.458093851804733276e-02,-2.713990509510040283e-01,6.366965174674987793e-01,3.158382773399353027e-01,7.097962498664855957e-02,1.337593197822570801e-01,4.022389650344848633e-01,-1.364125311374664307e-01,-1.150525137782096863e-01,1.565656960010528564e-01,8.863705396652221680e-02,3.375094756484031677e-02,1.754283159971237183e-01,2.205946892499923706e-01
1.200990557670593262e+00,9.186229854822158813e-02,6.123879551887512207e-01,5.378178134560585022e-02,-6.681412458419799805e-03,-9.978966116905212402e-01,-3.557032346725463867e-02,-5.132175087928771973e-01,-7.702481746673583984e-02,1.581228822469711304e-01,7.753438949584960938e-01,-3.348572552204132080e-01,1.146720796823501587e-01,-7.252377271652221680e-02,-1.016152277588844299e-01,-3.123217225074768066e-01,8.264031410217285156e-01,3.991819620132446289e-01,9.295255690813064575e-02,6.241706386208534241e-02,3.684112727642059326e-01,-1.523075699806213379e-01,-1.425600498914718628e-01,1.836061179637908936e-01,1.621935963630676270e-01,2.910022437572479248e-02,1.164701208472251892e-01,3.373323678970336914e-01
1.163177728652954102e+00,9.469974786043167114e-02,6.034978628158569336e-01,4.772288352251052856e-02,-1.003718469291925430e-02,-9.986298084259033203e-01,-1.898040436208248138e-02,-4.401536881923675537e-01,-7.971550524234771729e-02,1.778130680322647095e-01,8.220970630645751953e-01,-4.212576746940612793e-01,1.200099363923072815e-01,-1.720038503408432007e-01,-1.676098853349685669e-01,-3.261194527149200439e-01,1.063217401504516602e+00,2.709071338176727295e-01,7.756599783897399902e-02,-1.691382378339767456e-02,2.902220487594604492e-01,-1.550621539354324341e-01,-1.678385138511657715e-01,2.041392922401428223e-01,2.227730304002761841e-01,4.013581946492195129e-02,4.423220083117485046e-02,4.828654825687408447e-01
1.144558191299438477e+00,9.723379462957382202e-02,6.024293303489685059e-01,4.634029790759086609e-02,-1.069995481520891190e-02,-9.987509250640869141e-01,-1.531929150223731995e-02,-4.139855802059173584e-01,-8.428744971752166748e-02,1.695996820926666260e-01,8.361430168151855469e-01,-4.495011568069458008e-01,1.188241168856620789e-01,-2.329063415527343750e-01,-1.957707405090332031e-01,-3.223149478435516357e-01,1.152488231658935547e+00,2.073266208171844482e-01,4.807956889271736145e-02,-4.988030344247817993e-02,2.527081966400146484e-01,-1.458183974027633667e-01,-1.851919591426849365e-01,1.806551814079284668e-01,2.563290596008300781e-01,4.438081756234169006e-02,2.042259648442268372e-02,5.223621726036071777e-01
1.106759786605834961e+00,1.030538976192474365e-01,6.068807244300842285e-01,4.074521735310554504e-02,-1.259583886712789536e-02,-9.990900754928588867e-01,4.846203955821692944e-04,-3.284505009651184082e-01,-1.015401482582092285e-01,1.257596015930175781e-01,7.998598814010620117e-01,-4.678497314453125000e-01,1.110750585794448853e-01,-3.391507565975189209e-01,-2.268560528755187988e-01,-3.206971287727355957e-01,1.236886620521545410e+00,9.253437817096710205e-02,-1.822623796761035919e-02,-1.324322223663330078e-01,1.821959614753723145e-01,-1.238807737827301025e-01,-1.932040899991989136e-01,1.151956245303153992e-01,3.291519284248352051e-01,3.004276566207408905e-02,-1.439634710550308228e-02,5.206024050712585449e-01
1.070154190063476562e+00,1.092212274670600891e-01,6.184143424034118652e-01,4.174486920237541199e-02,-1.315383519977331161e-02,-9.990401864051818848e-01,-1.759459963068366051e-03,-2.304492443799972534e-01,-9.949747473001480103e-02,1.261677592992782593e-01,6.987372636795043945e-01,-4.228673875331878662e-01,8.769831061363220215e-02,-4.566968977451324463e-01,-2.196807414293289185e-01,-2.850174605846405029e-01,1.223198413848876953e+00,-3.538556024432182312e-02,-7.075913995504379272e-02,-1.741464287042617798e-01,1.200851872563362122e-01,-1.032176092267036438e-01,-1.786516159772872925e-01,4.218308255076408386e-02,3.714560568332672119e-01,7.507486268877983093e-03,-4.868360608816146851e-02,4.996550381183624268e-01
1.052182435989379883e+00,1.117792353034019470e-01,6.254300475120544434e-01,4.419039189815521240e-02,-1.291885506361722946e-02,-9.989221096038818359e-01,-5.907566752284765244e-03,-1.847398579120635986e-01,-9.582343697547912598e-02,1.310536414384841919e-01,6.395017504692077637e-01,-3.678224384784698486e-01,6.735555827617645264e-02,-5.057941079139709473e-01,-2.043026685714721680e-01,-2.686188220977783203e-01,1.172365069389343262e+00,-8.061729371547698975e-02,-8.062499761581420898e-02,-1.858260631561279297e-01,9.925695508718490601e-02,-9.202383458614349365e-02,-1.776549965143203735e-01,1.869679312221705914e-03,3.889608681201934814e-01,-4.003423382528126240e-04,-5.653624981641769409e-02,4.847621023654937744e-01
1.015275597572326660e+00,1.195387467741966248e-01,6.409358382225036621e-01,4.619403183460235596e-02,-9.032964706420898438e-03,-9.987046718597412109e-01,-1.932734809815883636e-02,-9.677283465862274170e-02,-7.334605604410171509e-02,1.555462330579757690e-01,5.268015265464782715e-01,-2.107242941856384277e-01,1.032199803739786148e-02,-5.436335206031799316e-01,-1.457934975624084473e-01,-2.605186402797698975e-01,9.710044264793395996e-01,-1.526285111904144287e-01,-8.749153465032577515e-02,-1.914793699979782104e-01,7.535076886415481567e-02,-6.727712601423263550e-02,-1.744246482849121094e-01,-5.651856213808059692e-02,4.182355403900146484e-01,-3.928881138563156128e-03,-6.640032678842544556e-02,4.646649062633514404e-01
9.774501919746398926e-01,1.297698765993118286e-01,6.534857153892517090e-01,5.109568685293197632e-02,-1.747874892316758633e-03,-9.980733990669250488e-01,-3.515150770545005798e-02,-4.203203320503234863e-02,-4.431837052106857300e-02,1.782224923372268677e-01,4.461601674556732178e-01,-1.631718128919601440e-02,-4.303077980875968933e-02,-5.026181936264038086e-01,-4.152933135628700256e-02,-2.467706948518753052e-01,6.441867351531982422e-01,-2.206620872020721436e-01,-6.233859434723854065e-02,-1.814573854207992554e-01,6.218662858009338379e-02,-3.636771440505981445e-02,-1.678928434848785400e-01,-8.903695642948150635e-02,4.207549989223480225e-01,9.901585057377815247e-03,-7.531500607728958130e-02,4.661703109741210938e-01
9.572334885597229004e-01,1.333412826061248779e-01,6.568045616149902344e-01,5.325649678707122803e-02,6.887481868034228683e-05,-9.977896809577941895e-01,-3.974327817559242249e-02,-2.670337818562984467e-02,-3.689006343483924866e-02,1.812539249658584595e-01,4.288409054279327393e-01,8.082379400730133057e-02,-6.208444386720657349e-02,-4.718798100948333740e-01,-1.073366310447454453e-02,-2.196018844842910767e-01,4.837320446968078613e-01,-2.487178891897201538e-01,2.798101166263222694e-03,-1.775100231170654297e-01,6.139937788248062134e-02,-2.613963559269905090e-02,-1.688618957996368408e-01,-9.941762685775756836e-02,4.151423275470733643e-01,1.726600155234336853e-02,-7.820118218660354614e-02,4.710589647293090820e-01
9.144119024276733398e-01,1.369500309228897095e-01,6.539847254753112793e-01,5.220342427492141724e-02,-2.535694278776645660e-03,-9.977804422378540039e-01,-4.126191511750221252e-02,-1.579622738063335419e-02,-2.337219193577766418e-02,1.850756704807281494e-01,4.811076819896697998e-01,2.266894727945327759e-01,-1.055802330374717712e-01,-4.231483638286590576e-01,4.877700470387935638e-03,-1.939021646976470947e-01,2.995767295360565186e-01,-2.895167171955108643e-01,1.668508201837539673e-01,-1.706558614969253540e-01,7.273085415363311768e-02,-3.401230275630950928e-02,-1.826226562261581421e-01,-9.766383469104766846e-02,4.059311747550964355e-01,2.208035998046398163e-02,-7.443406432867050171e-02,4.721280336380004883e-01
8.710014224052429199e-01,1.444568634033203125e-01,6.406620144844055176e-01,4.514553770422935486e-02,-3.592213150113821030e-03,-9.983566999435424805e-01,-3.511198982596397400e-02,-4.078692942857742310e-02,1.877276226878166199e-02,1.868365257978439331e-01,6.267959475517272949e-01,3.625222444534301758e-01,-1.418811082839965820e-01,-4.035394489765167236e-01,3.383864834904670715e-02,-2.229790389537811279e-01,3.792770802974700928e-01,-3.023965656757354736e-01,3.014606982469558716e-02,-1.584181487560272217e-01,9.422995150089263916e-02,-6.628796458244323730e-02,-1.988008171319961548e-01,-5.470870807766914368e-02,3.898828923702239990e-01,3.141908720135688782e-02,-5.205884203314781189e-02,4.736761152744293213e-01
8.488454818725585938e-01,1.491414606571197510e-01,6.291145086288452148e-01,4.075608402490615845e-02,-4.519436042755842209e-03,-9.985705018043518066e-01,-3.428595513105392456e-02,-6.266292184591293335e-02,4.695616662502288818e-02,1.991737335920333862e-01,7.175010442733764648e-01,4.273846149444580078e-01,-1.414176672697067261e-01,-4.143734276294708252e-01,3.327942639589309692e-02,-1.959504783153533936e-01,4.459362626075744629e-01,-2.640450000762939453e-01,4.794419743120670319e-03,-1.390319466590881348e-01,1.092878952622413635e-01,-8.630587160587310791e-02,-2.032292783260345459e-01,-2.420884929597377777e-02,3.797459304332733154e-01,3.589490056037902832e-02,-3.860949724912643433e-02,4.748737514019012451e-01
8.066379427909851074e-01,1.625405400991439819e-01,6.101461648941040039e-01,2.966798283159732819e-02,8.144632447510957718e-04,-9.988671541213989258e-01,-3.719689324498176575e-02,-1.249827593564987183e-01,1.196123585104942322e-01,2.325775623321533203e-01,9.169992208480834961e-01,4.216640293598175049e-01,-1.506202816963195801e-01,-4.655707478523254395e-01,6.249105557799339294e-02,-1.561336219310760498e-01,7.275585532188415527e-01,-3.518922328948974609e-01,-1.027568131685256958e-01,-9.262128919363021851e-02,1.597470045089721680e-01,-1.271983087062835693e-01,-1.609490662813186646e-01,7.363169640302658081e-02,3.343451619148254395e-01,6.093444302678108215e-02,1.875777845270931721e-03,5.222684144973754883e-01
7.629342675209045410e-01,1.696525961160659790e-01,6.014819145202636719e-01,2.783956378698348999e-02,-3.134753787890076637e-03,-9.985498189926147461e-01,-4.597152397036552429e-02,-2.476559430360794067e-01,1.707028448581695557e-01,2.426149249076843262e-01,1.120860457420349121e+00,2.895900309085845947e-01,-7.648788392543792725e-02,-4.165701568126678467e-01,5.202853307127952576e-02,-1.805470585823059082e-01,8.282310366630554199e-01,-4.800174832344055176e-01,-1.299625188112258911e-01,-2.062158845365047455e-02,2.226968407630920410e-01,-1.732339113950729370e-01,-1.097276285290718079e-01,1.481988728046417236e-01,2.399303615093231201e-01,6.061760336160659790e-02,4.897153005003929138e-02,5.646445751190185547e-01
7.401558756828308105e-01,1.712266504764556885e-01,6.004090905189514160e-01,2.810265682637691498e-02,-4.094218369573354721e-03,-9.985063076019287109e-01,-4.667580872774124146e-02,-3.046454489231109619e-01,1.920764297246932983e-01,2.515007853507995605e-01,1.175948977470397949e+00,2.326583862304687500e-01,-3.844832628965377808e-02,-3.820089399814605713e-01,4.772438481450080872e-02,-1.868670582771301270e-01,8.430899977684020996e-01,-5.235986113548278809e-01,-1.306724250316619873e-01,1.405603718012571335e-02,2.590409815311431885e-01,-1.831410229206085205e-01,-1.013448908925056458e-01,1.538278013467788696e-01,1.999387294054031372e-01,5.864639580249786377e-02,7.843836396932601929e-02,5.477814674377441406e-01
6.957846283912658691e-01,1.726035475730895996e-01,6.053922772407531738e-01,2.752801589667797089e-02,-3.861498087644577026e-03,-9.983810186386108398e-01,-4.962510615587234497e-02,-4.132256209850311279e-01,2.032533138990402222e-01,2.520080506801605225e-01,1.211493492126464844e+00,9.975209087133407593e-02,5.867842701263725758e-04,-2.969326972961425781e-01,6.305031478404998779e-02,-1.557012200355529785e-01,7.990416884422302246e-01,-5.235999822616577148e-01,-1.268273293972015381e-01,9.207153320312500000e-02,3.281699717044830322e-01,-1.727713644504547119e-01,-7.007279992103576660e-02,1.423918157815933228e-01,1.287330538034439087e-01,5.364738777279853821e-02,1.085363999009132385e-01,5.032644271850585938e-01
6.517572999000549316e-01,1.730924844741821289e-01,6.151968836784362793e-01,3.298686444759368896e-02,-5.389995872974395752e-03,-9.984606504440307617e-01,-4.426182061433792114e-02,-5.182995200157165527e-01,1.717273443937301636e-01,2.234807759523391724e-01,1.137581229209899902e+00,4.914775025099515915e-03,-5.217454861849546432e-03,-1.907859891653060913e-01,6.018339842557907104e-02,-1.608357280492782593e-01,6.958172917366027832e-01,-5.111884474754333496e-01,-1.047310009598731995e-01,1.526290327310562134e-01,3.772393763065338135e-01,-1.433758437633514404e-01,-4.657228663563728333e-02,1.303662955760955811e-01,8.599028736352920532e-02,4.624988138675689697e-02,1.179062053561210632e-01,4.485848844051361084e-01
6.299126744270324707e-01,1.735523492097854614e-01,6.214089989662170410e-01,3.753392398357391357e-02,-4.938527941703796387e-03,-9.984517693519592285e-01,-4.075401648879051208e-02,-5.580488443374633789e-01,1.528765708208084106e-01,2.131733000278472900e-01,1.054595232009887695e+00,-1.587622798979282379e-02,-1.861754246056079865e-02,-1.425945609807968140e-01,6.198303773999214172e-02,-1.625510603189468384e-01,6.296220421791076660e-01,-4.495701789855957031e-01,-9.086103737354278564e-02,1.798845976591110229e-01,4.003651738166809082e-01,-1.259218901395797729e-01,-4.571146517992019653e-02,1.213006228208541870e-01,7.748202979564666748e-02,4.213293269276618958e-02,1.348575353622436523e-01,4.084953367710113525e-01
5.856111645698547363e-01,1.707407981157302856e-01,6.340766549110412598e-01,4.690661281347274780e-02,-6.206574849784374237e-03,-9.984274506568908691e-01,-3.006463870406150818e-02,-5.812860727310180664e-01,9.506948292255401611e-02,2.180210351943969727e-01,8.043150901794433594e-01,-3.854559734463691711e-02,-2.888685464859008789e-02,-5.568074807524681091e-02,5.867492780089378357e-02,-1.717089563608169556e-01,4.953433275222778320e-01,-2.755566239356994629e-01,-6.862518191337585449e-02,2.180667221546173096e-01,4.370405673980712891e-01,-9.881373494863510132e-02,-5.143788084387779236e-02,1.109339818358421326e-01,6.266285479068756104e-02,1.866987720131874084e-02,1.669918745756149292e-01,3.408100008964538574e-01
5.413636565208435059e-01,1.669063419103622437e-01,6.438121199607849121e-01,5.810880288481712341e-02,-8.683260530233383179e-03,-9.981297850608825684e-01,-1.687737368047237396e-02,-5.410251021385192871e-01,3.708880767226219177e-02,2.229898422956466675e-01,5.139756202697753906e-01,-1.001325026154518127e-01,-7.365167140960693359e-02,1.663284376263618469e-02,5.851007625460624695e-02,-1.794955581426620483e-01,3.766930401325225830e-01,-7.732670754194259644e-02,-6.596443057060241699e-02,2.335649728775024414e-01,4.495416879653930664e-01,-8.331589400768280029e-02,-6.031526997685432434e-02,1.120450422167778015e-01,4.334874823689460754e-02,-1.587853021919727325e-02,1.890588253736495972e-01,2.957333922386169434e-01
5.193588137626647949e-01,1.663001775741577148e-01,6.459277272224426270e-01,6.169968843460083008e-02,-8.292327634990215302e-03,-9.979904890060424805e-01,-1.180444005876779556e-02,-5.220368504524230957e-01,2.586831897497177124e-02,2.107302695512771606e-01,4.205752313137054443e-01,-1.560589522123336792e-01,-1.123957931995391846e-01,3.228326141834259033e-02,5.834484845399856567e-02,-1.788915544748306274e-01,3.719007968902587891e-01,-1.418333267793059349e-03,-6.721006333827972412e-02,2.371113896369934082e-01,4.525500237941741943e-01,-7.776428014039993286e-02,-6.900736689567565918e-02,1.122927069664001465e-01,3.917193785309791565e-02,-2.697664126753807068e-02,2.052071690559387207e-01,2.765071094036102295e-01
4.733151793479919434e-01,1.628076285123825073e-01,6.423235535621643066e-01,5.833969265222549438e-02,-8.315212093293666840e-03,-9.982430338859558105e-01,-6.177139002829790115e-03,-4.962397515773773193e-01,1.982263522222638130e-03,2.091163247823715210e-01,4.060026407241821289e-01,-1.515701562166213989e-01,-2.900004386901855469e-02,2.358588762581348419e-02,3.835424780845642090e-02,-1.873627603054046631e-01,4.895122945308685303e-01,1.136182546615600586e-01,-6.395288556814193726e-02,2.282813638448715210e-01,4.589814841747283936e-01,-7.840813696384429932e-02,-8.541376143693923950e-02,1.194438710808753967e-01,3.927598893642425537e-02,-3.517190739512443542e-02,2.302890717983245850e-01,2.717933654785156250e-01
4.296590685844421387e-01,1.539191007614135742e-01,6.274357438087463379e-01,4.614802822470664978e-02,-1.281740143895149231e-02,-9.988505244255065918e-01,-1.914936117827892303e-03,-4.929108917713165283e-01,-4.373427014797925949e-03,1.835549026727676392e-01,5.566883683204650879e-01,-1.655263900756835938e-01,2.226207405328750610e-02,3.442994784563779831e-03,-2.212410606443881989e-02,-2.345066219568252563e-01,6.762244105339050293e-01,2.404996901750564575e-01,-3.395761549472808838e-02,1.943350136280059814e-01,4.515968263149261475e-01,-9.595915675163269043e-02,-9.764454513788223267e-02,1.491822898387908936e-01,6.086237728595733643e-02,-3.311478719115257263e-02,2.149535119533538818e-01,3.152257204055786133e-01
4.072260856628417969e-01,1.492616534233093262e-01,6.174299716949462891e-01,4.192105308175086975e-02,-1.873630471527576447e-02,-9.989258050918579102e-01,6.233169231563806534e-03,-5.079778432846069336e-01,-2.490364573895931244e-02,1.713166385889053345e-01,6.647666692733764648e-01,-2.158624976873397827e-01,5.262540653347969055e-02,-1.167600508779287338e-02,-6.033165007829666138e-02,-2.719312906265258789e-01,7.583158016204833984e-01,3.191716670989990234e-01,-2.000410668551921844e-02,1.621747016906738281e-01,4.316050708293914795e-01,-1.085338890552520752e-01,-1.231985315680503845e-01,1.735953092575073242e-01,8.389434963464736938e-02,-3.529540821909904480e-02,1.914633661508560181e-01,3.454295396804809570e-01
3.636046051979064941e-01,1.416544318199157715e-01,6.051605939865112305e-01,3.748363628983497620e-02,-2.900027856230735779e-02,-9.986056685447692871e-01,2.325236983597278595e-02,-4.761911630630493164e-01,-4.461009427905082703e-02,1.932892501354217529e-01,8.024226427078247070e-01,-3.541122972965240479e-01,6.669186800718307495e-02,-7.451732456684112549e-02,-1.401806473731994629e-01,-3.246871531009674072e-01,9.616077542304992676e-01,3.458029627799987793e-01,3.421953320503234863e-02,6.891413033008575439e-02,3.490549921989440918e-01,-1.287585049867630005e-01,-1.949557662010192871e-01,2.284083068370819092e-01,1.319799870252609253e-01,-3.407933190464973450e-02,1.370094269514083862e-01,4.345582425594329834e-01
3.206656873226165771e-01,1.382452398538589478e-01,6.032949090003967285e-01,3.457785770297050476e-02,-2.883367612957954407e-02,-9.979156255722045898e-01,4.623191431164741516e-02,-4.195818305015563965e-01,-6.048882752656936646e-02,1.634576916694641113e-01,8.472297787666320801e-01,-4.331392943859100342e-01,7.082036137580871582e-02,-1.841193735599517822e-01,-1.985704451799392700e-01,-3.611758351325988770e-01,1.181717634201049805e+00,1.686785817146301270e-01,-1.709435321390628815e-02,-4.366344213485717773e-02,2.330428957939147949e-01,-1.027925536036491394e-01,-2.940599620342254639e-01,2.549667060375213623e-01,1.851590126752853394e-01,-1.242437027394771576e-02,6.220447272062301636e-02,5.236999988555908203e-01
2.995623648166656494e-01,1.384226828813552856e-01,6.046102643013000488e-01,3.248790279030799866e-02,-2.914603985846042633e-02,-9.975499510765075684e-01,5.467290803790092468e-02,-3.858057558536529541e-01,-6.878308951854705811e-02,1.390394568443298340e-01,8.471201658248901367e-01,-4.549385011196136475e-01,6.864017248153686523e-02,-2.421573847532272339e-01,-2.135446220636367798e-01,-3.607768118381500244e-01,1.244041442871093750e+00,1.101200357079505920e-01,-5.593851208686828613e-02,-9.400801360607147217e-02,1.682204753160476685e-01,-7.612515240907669067e-02,-3.496049940586090088e-01,2.483571171760559082e-01,2.221739441156387329e-01,-1.234781113453209400e-03,2.119187079370021820e-02,5.489471554756164551e-01
2.573265135288238525e-01,1.411020755767822266e-01,6.126886010169982910e-01,3.264294192194938660e-02,-3.011602722108364105e-02,-9.969279170036315918e-01,6.451534479856491089e-02,-2.937653660774230957e-01,-7.190724462270736694e-02,1.195124834775924683e-01,7.898066639900207520e-01,-4.620768129825592041e-01,5.343461781740188599e-02,-3.691433966159820557e-01,-2.193242013454437256e-01,-3.372356891632080078e-01,1.283721804618835449e+00,8.203964680433273315e-03,-9.484148770570755005e-02,-1.815936714410781860e-01,4.696452990174293518e-02,-2.611633203923702240e-02,-4.250742495059967041e-01,2.115443646907806396e-01,2.843445241451263428e-01,1.595175266265869141e-02,-3.899999707937240601e-02,5.674561262130737305e-01
2.151602655649185181e-01,1.447778046131134033e-01,6.258269548416137695e-01,3.757803514599800110e-02,-2.892936952412128448e-02,-9.971269369125366211e-01,5.906681343913078308e-02,-1.994893550872802734e-01,-6.004790216684341431e-02,1.286003887653350830e-01,6.874257326126098633e-01,-3.832401335239410400e-01,1.389263290911912918e-02,-4.840416908264160156e-01,-1.826769262552261353e-01,-2.926420271396636963e-01,1.213202357292175293e+00,-7.971689105033874512e-02,-1.087290197610855103e-01,-2.310374230146408081e-01,-3.198810294270515442e-02,1.394934579730033875e-02,-4.638497233390808105e-01,1.460440158843994141e-01,3.202358484268188477e-01,1.468165218830108643e-02,-5.705433338880538940e-02,5.519546866416931152e-01
1.935180574655532837e-01,1.471404582262039185e-01,6.335809230804443359e-01,3.937635198235511780e-02,-2.692416869103908539e-02,-9.974272847175598145e-01,5.351050198078155518e-02,-1.528162658214569092e-01,-4.752786830067634583e-02,1.377746164798736572e-01,6.314435601234436035e-01,-3.109826147556304932e-01,-1.521508675068616867e-02,-5.156471729278564453e-01,-1.561130583286285400e-01,-2.800459861755371094e-01,1.130983233451843262e+00,-1.130104064941406250e-01,-1.087777465581893921e-01,-2.459664344787597656e-01,-5.947051197290420532e-02,2.423722296953201294e-02,-4.637181162834167480e-01,1.260346770286560059e-01,3.320878446102142334e-01,7.481409236788749695e-03,-5.720142647624015808e-02,5.388749241828918457e-01
1.494779139757156372e-01,1.534253507852554321e-01,6.483618021011352539e-01,4.224944859743118286e-02,-1.877083070576190948e-02,-9.984120726585388184e-01,3.218642249703407288e-02,-6.849780678749084473e-02,-1.253232453018426895e-02,1.689546108245849609e-01,5.272680521011352539e-01,-1.259604841470718384e-01,-7.835686206817626953e-02,-5.268188118934631348e-01,-7.826395332813262939e-02,-2.628112435340881348e-01,8.725520372390747070e-01,-1.655038148164749146e-01,-1.093406379222869873e-01,-2.442725002765655518e-01,-9.196309000253677368e-02,3.750049695372581482e-02,-4.435728490352630615e-01,9.589583426713943481e-02,3.479439318180084229e-01,-1.660273526795208454e-03,-4.829983413219451904e-02,5.103875398635864258e-01
1.056239679455757141e-01,1.605104207992553711e-01,6.570636630058288574e-01,4.732096195220947266e-02,-1.115552801638841629e-02,-9.987772107124328613e-01,8.964940905570983887e-03,-1.454953849315643311e-02,1.163730770349502563e-02,1.817499399185180664e-01,4.519242644309997559e-01,8.709814399480819702e-02,-1.312337964773178101e-01,-4.740235209465026855e-01,1.806326024234294891e-02,-2.303524613380432129e-01,5.303232669830322266e-01,-2.330453693866729736e-01,-5.917775258421897888e-02,-2.238476425409317017e-01,-1.080142036080360413e-01,5.042286589741706848e-02,-4.255953729152679443e-01,5.701675266027450562e-02,3.467665910720825195e-01,9.690443985164165497e-03,-4.344099760055541992e-02,4.991532564163208008e-01
8.300422877073287964e-02,1.616768389940261841e-01,6.574608087539672852e-01,4.906219989061355591e-02,-1.146232616156339645e-02,-9.987296462059020996e-01,8.094272343441843987e-04,1.155213336460292339e-03,1.324414741247892380e-02,1.778736710548400879e-01,4.432438910007476807e-01,1.766796112060546875e-01,-1.547097712755203247e-01,-4.604517221450805664e-01,2.675815112888813019e-02,-1.940612643957138062e-01,3.998089730739593506e-01,-2.488225251436233521e-01,1.205849181860685349e-02,-2.144693732261657715e-01,-1.114777401089668274e-01,4.505345597863197327e-02,-4.142626523971557617e-01,4.040249437093734741e-02,3.422581851482391357e-01,1.803422719240188599e-02,-4.789763316512107849e-02,5.048133134841918945e-01
3.664025291800498962e-02,1.620847731828689575e-01,6.488012671470642090e-01,4.862443730235099792e-02,-1.771045848727226257e-02,-9.986414313316345215e-01,-6.103022955358028412e-03,7.762238848954439163e-03,2.001857385039329529e-02,1.676637083292007446e-01,5.148923993110656738e-01,3.126585185527801514e-01,-2.004795521497726440e-01,-4.315910339355468750e-01,3.001269698143005371e-02,-1.963040828704833984e-01,3.013935685157775879e-01,-2.470485866069793701e-01,3.884983807802200317e-02,-2.016766071319580078e-01,-1.020359247922897339e-01,1.381057593971490860e-02,-3.864995539188385010e-01,1.691129989922046661e-02,3.302197754383087158e-01,3.166553005576133728e-02,-5.250782147049903870e-02,5.204703807830810547e-01
-1.187549158930778503e-02,1.664552092552185059e-01,6.255102157592773438e-01,4.206071421504020691e-02,-2.207807265222072601e-02,-9.988104104995727539e-01,-1.100888568907976151e-02,-2.791314385831356049e-02,4.666481912136077881e-02,1.711503118276596069e-01,6.857206225395202637e-01,4.273658990859985352e-01,-1.809965223073959351e-01,-4.388485550880432129e-01,3.842758387327194214e-02,-2.031138241291046143e-01,4.363165795803070068e-01,-2.076382935047149658e-01,-6.342887133359909058e-02,-1.711132377386093140e-01,-5.898438766598701477e-02,-2.637319453060626984e-02,-3.662768602371215820e-01,1.774414815008640289e-02,3.197906613349914551e-01,5.610757693648338318e-02,-3.791894763708114624e-02,5.329874157905578613e-01
-3.538360819220542908e-02,1.710047870874404907e-01,6.151983737945556641e-01,4.042772576212882996e-02,-2.042527124285697937e-02,-9.987098574638366699e-01,-2.295595221221446991e-02,-6.041013076901435852e-02,7.259050756692886353e-02,1.987198889255523682e-01,7.902233004570007324e-01,4.198209643363952637e-01,-1.937117427587509155e-01,-4.597426652908325195e-01,4.640620574355125427e-02,-1.784611046314239502e-01,5.909351706504821777e-01,-2.695785462856292725e-01,-1.172417476773262024e-01,-1.340371668338775635e-01,-2.488131634891033173e-02,-4.648167267441749573e-02,-3.460507392883300781e-01,4.168898612260818481e-02,3.046119511127471924e-01,7.531031966209411621e-02,-1.769253797829151154e-02,5.404007434844970703e-01
-8.518849313259124756e-02,1.777768582105636597e-01,6.010672450065612793e-01,4.199922084808349609e-02,-1.674440130591392517e-02,-9.983374476432800293e-01,-3.574880957603454590e-02,-1.850848793983459473e-01,1.158231273293495178e-01,1.936490833759307861e-01,1.021437764167785645e+00,3.125929534435272217e-01,-1.549842059612274170e-01,-4.940536320209503174e-01,6.110277771949768066e-02,-1.865572631359100342e-01,8.222615718841552734e-01,-4.235011935234069824e-01,-1.610014736652374268e-01,-6.909239292144775391e-02,6.363675743341445923e-02,-8.300530910491943359e-02,-2.816646993160247803e-01,1.180769130587577820e-01,2.395972460508346558e-01,1.028882116079330444e-01,3.645257651805877686e-02,5.381641983985900879e-01
-1.338196694850921631e-01,1.798018068075180054e-01,5.962569713592529297e-01,4.654973372817039490e-02,-1.843057200312614441e-02,-9.978205561637878418e-01,-4.298277944326400757e-02,-3.107896149158477783e-01,1.630819141864776611e-01,2.220742404460906982e-01,1.157312154769897461e+00,2.338920384645462036e-01,-6.600151956081390381e-02,-4.274587035179138184e-01,4.955444484949111938e-02,-1.964019685983657837e-01,8.570540547370910645e-01,-5.127887129783630371e-01,-1.565392166376113892e-01,2.376953605562448502e-03,1.607220172882080078e-01,-1.180166453123092651e-01,-2.473813444375991821e-01,1.419462859630584717e-01,1.664989292621612549e-01,1.069973707199096680e-01,1.004508137702941895e-01,4.512019753456115723e-01
-1.589172035455703735e-01,1.806467175483703613e-01,5.980777740478515625e-01,4.597052559256553650e-02,-1.565515808761119843e-02,-9.977089762687683105e-01,-4.710033535957336426e-02,-3.643246591091156006e-01,1.822427809238433838e-01,2.326032817363739014e-01,1.185651063919067383e+00,1.808567047119140625e-01,-3.341363742947578430e-02,-3.837235569953918457e-01,6.264273077249526978e-02,-1.774179637432098389e-01,8.445109128952026367e-01,-5.235999822616577148e-01,-1.532541066408157349e-01,4.347027465701103210e-02,2.158409804105758667e-01,-1.213613152503967285e-01,-2.254923731088638306e-01,1.259368807077407837e-01,1.363269835710525513e-01,1.013047471642494202e-01,1.376948505640029907e-01,3.793093264102935791e-01
-2.096942961215972900e-01,1.816899329423904419e-01,6.067913174629211426e-01,4.253257066011428833e-02,-1.192239206284284592e-02,-9.976394176483154297e-01,-5.257755890488624573e-02,-4.656679332256317139e-01,1.825675219297409058e-01,2.252921015024185181e-01,1.172860264778137207e+00,7.807094603776931763e-02,1.262152800336480141e-03,-2.559398114681243896e-01,7.233263552188873291e-02,-1.655395328998565674e-01,7.503702044486999512e-01,-5.116593837738037109e-01,-1.310300976037979126e-01,1.217940002679824829e-01,3.139105737209320068e-01,-1.205019429326057434e-01,-1.585985571146011353e-01,8.739585429430007935e-02,8.465632051229476929e-02,7.178754359483718872e-02,1.771700978279113770e-01,2.386898696422576904e-01
-2.587768137454986572e-01,1.828697323799133301e-01,6.194561719894409180e-01,4.536733776330947876e-02,-9.434913285076618195e-03,-9.979418516159057617e-01,-4.432698711752891541e-02,-5.534318089485168457e-01,1.487594693899154663e-01,1.931656897068023682e-01,1.045707702636718750e+00,1.439308747649192810e-02,-2.217780053615570068e-02,-1.462386995553970337e-01,7.266645878553390503e-02,-1.744346320629119873e-01,6.215239167213439941e-01,-3.754084110260009766e-01,-9.980851411819458008e-02,1.698756664991378784e-01,3.854125738143920898e-01,-1.247639954090118408e-01,-1.007324904203414917e-01,4.704731330275535583e-02,5.555503070354461670e-02,4.291559010744094849e-02,2.097027301788330078e-01,1.125500798225402832e-01
-2.841509282588958740e-01,1.823236942291259766e-01,6.267252564430236816e-01,4.517592489719390869e-02,-8.652323856949806213e-03,-9.981319904327392578e-01,-4.020929709076881409e-02,-5.677495598793029785e-01,1.255956739187240601e-01,1.909384280443191528e-01,9.355302453041076660e-01,-3.648812649771571159e-03,-3.363578021526336670e-02,-9.115694463253021240e-02,7.091056555509567261e-02,-1.795731335878372192e-01,5.544775128364562988e-01,-2.769290208816528320e-01,-8.695866912603378296e-02,1.925030946731567383e-01,4.147953391075134277e-01,-1.320597678422927856e-01,-8.180233836174011230e-02,3.271821886301040649e-02,5.315015837550163269e-02,2.557035163044929504e-02,2.253669351339340210e-01,5.907530337572097778e-02
-3.341283500194549561e-01,1.781774610280990601e-01,6.386144757270812988e-01,4.741408303380012512e-02,-1.028945948928594589e-02,-9.984730482101440430e-01,-2.641271986067295074e-02,-5.449841022491455078e-01,5.600511655211448669e-02,2.061914950609207153e-01,6.397034525871276855e-01,-3.729327023029327393e-02,-4.482887312769889832e-02,-2.708886284381151199e-03,6.314244866371154785e-02,-2.010020613670349121e-01,4.329682290554046631e-01,-4.441645368933677673e-02,-7.346741855144500732e-02,2.180683463811874390e-01,4.414702355861663818e-01,-1.665266603231430054e-01,-5.335025116801261902e-02,2.967409230768680573e-02,4.736565053462982178e-02,-1.201703771948814392e-02,2.376237511634826660e-01,-1.162348687648773193e-02
-3.825526535511016846e-01,1.754760891199111938e-01,6.436409354209899902e-01,5.148976296186447144e-02,-1.286076754331588745e-02,-9.985028505325317383e-01,-1.324741542339324951e-02,-4.908179640769958496e-01,7.698571775108575821e-03,2.103239595890045166e-01,3.634401559829711914e-01,-1.216919198632240295e-01,-1.199385449290275574e-01,5.123896896839141846e-02,5.762058496475219727e-02,-2.125569432973861694e-01,3.724577426910400391e-01,1.713431179523468018e-01,-6.142011284828186035e-02,2.230438739061355591e-01,4.368498027324676514e-01,-1.968168020248413086e-01,-4.214674979448318481e-02,3.278079628944396973e-02,3.785001859068870544e-02,-3.734625130891799927e-02,2.432056069374084473e-01,-3.555481508374214172e-02
-4.070323705673217773e-01,1.754802018404006958e-01,6.414518356323242188e-01,5.080904066562652588e-02,-1.258989796042442322e-02,-9.986124634742736816e-01,-5.747276823967695236e-03,-4.756721854209899902e-01,-5.670854006893932819e-04,1.988302618265151978e-01,2.992770671844482422e-01,-1.838261187076568604e-01,-1.795129030942916870e-01,5.973428487777709961e-02,5.479793623089790344e-02,-2.117184996604919434e-01,3.998416364192962646e-01,2.447234839200973511e-01,-4.930871725082397461e-02,2.154530733823776245e-01,4.314047992229461670e-01,-2.008966654539108276e-01,-3.903022035956382751e-02,3.272221982479095459e-02,4.021126404404640198e-02,-3.771962597966194153e-02,2.480165511369705200e-01,-3.063524514436721802e-02
-4.589330255985260010e-01,1.734358072280883789e-01,6.289439797401428223e-01,4.209581390023231506e-02,-1.224073860794305801e-02,-9.990274906158447266e-01,-4.706324078142642975e-03,-4.444034099578857422e-01,-3.184632956981658936e-02,2.124705314636230469e-01,3.214190602302551270e-01,-2.001195996999740601e-01,-1.036601886153221130e-01,5.250521749258041382e-02,2.594524249434471130e-02,-2.121251672506332397e-01,5.397320985794067383e-01,3.709083795547485352e-01,-2.179098129272460938e-02,2.107764333486557007e-01,4.193850159645080566e-01,-2.003278285264968872e-01,-3.533538430929183960e-02,3.495400026440620422e-02,6.616838276386260986e-02,-1.783809065818786621e-02,2.443145513534545898e-01,2.784431725740432739e-02
-5.112367272377014160e-01,1.655358374118804932e-01,6.093733310699462891e-01,2.571893669664859772e-02,-1.757699251174926758e-02,-9.994957447052001953e-01,6.147543899714946747e-03,-4.575255513191223145e-01,-5.637715384364128113e-02,1.547351479530334473e-01,5.003571510314941406e-01,-1.369060724973678589e-01,4.047213494777679443e-02,5.144852027297019958e-02,-4.557611420750617981e-02,-2.791654169559478760e-01,7.301452159881591797e-01,4.054174125194549561e-01,8.373967558145523071e-02,1.600065380334854126e-01,4.100419878959655762e-01,-2.104892134666442871e-01,-5.271801352500915527e-02,3.863338753581047058e-02,1.268442571163177490e-01,7.251212373375892639e-03,2.118018716573715210e-01,1.384830623865127563e-01
-5.358942747116088867e-01,1.606750488281250000e-01,6.015266776084899902e-01,1.632528007030487061e-02,-2.604819647967815399e-02,-9.993290305137634277e-01,1.991137862205505371e-02,-4.929096102714538574e-01,-7.717972248792648315e-02,1.448401361703872681e-01,6.503825783729553223e-01,-1.826931983232498169e-01,7.647459954023361206e-02,3.589195385575294495e-02,-9.295384585857391357e-02,-3.193344473838806152e-01,8.492787480354309082e-01,3.354138135910034180e-01,1.009605973958969116e-01,1.148818731307983398e-01,3.965767621994018555e-01,-2.309061884880065918e-01,-7.939447462558746338e-02,5.765288695693016052e-02,1.742220968008041382e-01,1.217854674905538559e-02,1.627386659383773804e-01,2.172973304986953735e-01
-5.830064415931701660e-01,1.581983715295791626e-01,5.941221117973327637e-01,1.583338342607021332e-02,-2.792508527636528015e-02,-9.990246891975402832e-01,3.031848743557929993e-02,-4.567176103591918945e-01,-7.510299235582351685e-02,1.627920418977737427e-01,7.855592370033264160e-01,-3.279484212398529053e-01,9.643477201461791992e-02,-1.035540178418159485e-01,-1.621325761079788208e-01,-3.150776028633117676e-01,1.112635493278503418e+00,1.914403140544891357e-01,4.701085016131401062e-02,3.095048107206821442e-02,3.080123364925384521e-01,-2.320581078529357910e-01,-1.078018397092819214e-01,1.016830429434776306e-01,2.323406636714935303e-01,4.321257025003433228e-02,6.831382215023040771e-02,3.921024501323699951e-01
-6.291776299476623535e-01,1.585470736026763916e-01,5.958317518234252930e-01,1.497537735849618912e-02,-2.799673192203044891e-02,-9.991476535797119141e-01,2.638062089681625366e-02,-3.792692720890045166e-01,-7.069358229637145996e-02,1.694397479295730591e-01,8.133543133735656738e-01,-4.102030396461486816e-01,9.226505458354949951e-02,-2.464901655912399292e-01,-2.185385227203369141e-01,-3.040257394313812256e-01,1.255759000778198242e+00,8.976712822914123535e-02,-3.382989764213562012e-02,-3.656445816159248352e-02,2.425427585840225220e-01,-2.051775008440017700e-01,-1.525714695453643799e-01,4.651262611150741577e-02,2.938680946826934814e-01,5.305875092744827271e-02,3.093224205076694489e-02,4.681183993816375732e-01
-6.522679328918457031e-01,1.592274904251098633e-01,5.995146632194519043e-01,1.141230296343564987e-02,-2.858522348105907440e-02,-9.990385174751281738e-01,3.122059814631938934e-02,-3.277193605899810791e-01,-7.810577750205993652e-02,1.490612477064132690e-01,7.972088456153869629e-01,-4.278321862220764160e-01,8.580138534307479858e-02,-3.047943115234375000e-01,-2.388847619295120239e-01,-3.062140643596649170e-01,1.285279154777526855e+00,3.350324183702468872e-02,-6.708191335201263428e-02,-8.199474215507507324e-02,2.140370011329650879e-01,-1.939626783132553101e-01,-1.683468967676162720e-01,1.305126678198575974e-02,3.294372558593750000e-01,4.327708110213279724e-02,1.702212356030941010e-02,4.617025852203369141e-01
-6.964533329010009766e-01,1.624974459409713745e-01,6.106186509132385254e-01,1.242259889841079712e-02,-2.723080851137638092e-02,-9.993487596511840820e-01,2.015622332692146301e-02,-2.210603505373001099e-01,-7.417847961187362671e-02,1.609295159578323364e-01,7.151949405670166016e-01,-4.091430902481079102e-01,6.335481256246566772e-02,-4.390533864498138428e-01,-2.331421822309494019e-01,-2.680101692676544189e-01,1.268051743507385254e+00,-6.229023635387420654e-02,-1.119783744215965271e-01,-1.292538642883300781e-01,1.498028039932250977e-01,-1.647147387266159058e-01,-1.824820488691329956e-01,-4.941115900874137878e-02,3.656592965126037598e-01,2.395110949873924255e-02,-1.699410937726497650e-02,4.406554400920867920e-01
-7.395609021186828613e-01,1.652961522340774536e-01,6.244417428970336914e-01,1.734697446227073669e-02,-2.396764233708381653e-02,-9.995595216751098633e-01,2.317588310688734055e-03,-1.277946084737777710e-01,-6.707569956779479980e-02,1.753122657537460327e-01,6.156369447708129883e-01,-3.020157814025878906e-01,1.778023503720760345e-02,-5.257703065872192383e-01,-1.939109861850738525e-01,-2.509526014328002930e-01,1.123329639434814453e+00,-1.289903521537780762e-01,-1.081883087754249573e-01,-1.513956636190414429e-01,1.042246297001838684e-01,-1.246196106076240540e-01,-2.074645161628723145e-01,-1.171159967780113220e-01,3.923699855804443359e-01,2.213390357792377472e-02,-2.897018007934093475e-02,4.102807641029357910e-01
-7.614771723747253418e-01,1.686723977327346802e-01,6.314158439636230469e-01,1.823427528142929077e-02,-2.134898304939270020e-02,-9.995788931846618652e-01,-7.329569198191165924e-03,-8.342251181602478027e-02,-5.743671953678131104e-02,1.874412596225738525e-01,5.693145990371704102e-01,-2.243389785289764404e-01,-1.269710622727870941e-02,-5.371253490447998047e-01,-1.582827568054199219e-01,-2.549712657928466797e-01,9.994933605194091797e-01,-1.522187143564224243e-01,-1.006071195006370544e-01,-1.562738418579101562e-01,8.817911893129348755e-02,-1.054786741733551025e-01,-2.178736776113510132e-01,-1.396350115537643433e-01,4.045331478118896484e-01,2.770560421049594879e-02,-3.305253386497497559e-02,3.991819322109222412e-01
-8.060539364814758301e-01,1.778941154479980469e-01,6.425559520721435547e-01,2.290491387248039246e-02,-1.424578856676816940e-02,-9.992225766181945801e-01,-2.875159308314323425e-02,-2.182277105748653412e-02,-2.987481094896793365e-02,2.181244790554046631e-01,5.030438899993896484e-01,-3.061359561979770660e-02,-7.356835156679153442e-02,-5.029502511024475098e-01,-4.921071603894233704e-02,-2.356801480054855347e-01,6.741638183593750000e-01,-2.124890685081481934e-01,-5.550491437315940857e-02,-1.512106209993362427e-01,5.972819775342941284e-02,-7.245220243930816650e-02,-2.312661111354827881e-01,-1.620534956455230713e-01,4.030285775661468506e-01,4.947269335389137268e-02,-3.981238603591918945e-02,3.931802809238433838e-01
-8.527532815933227539e-01,1.813422441482543945e-01,6.444792747497558594e-01,2.820049598813056946e-02,-1.176652964204549789e-02,-9.988906383514404297e-01,-3.582898527383804321e-02,-7.746890652924776077e-03,-9.826658293604850769e-03,2.216083258390426636e-01,5.123691558837890625e-01,1.733013391494750977e-01,-1.227030605077743530e-01,-4.621931314468383789e-01,-3.425995120778679848e-03,-1.608241945505142212e-01,3.947041332721710205e-01,-2.499574422836303711e-01,1.156975328922271729e-01,-1.541185677051544189e-01,5.089359730482101440e-02,-6.892891228199005127e-02,-2.494713068008422852e-01,-1.593702435493469238e-01,3.819506466388702393e-01,6.591146439313888550e-02,-3.831383958458900452e-02,3.877515494823455811e-01
-8.768277168273925781e-01,1.821116209030151367e-01,6.410721540451049805e-01,2.699062041938304901e-02,-1.200997922569513321e-02,-9.990003705024719238e-01,-3.354850783944129944e-02,-9.826007299125194550e-03,3.092819359153509140e-03,2.170319557189941406e-01,5.566411614418029785e-01,2.634989321231842041e-01,-1.537089794874191284e-01,-4.320569932460784912e-01,6.780975032597780228e-03,-1.609994918107986450e-01,3.264026939868927002e-01,-2.814546823501586914e-01,1.795722246170043945e-01,-1.592920124530792236e-01,6.148810684680938721e-02,-7.932160794734954834e-02,-2.586133182048797607e-01,-1.466784626245498657e-01,3.714047968387603760e-01,7.220207154750823975e-02,-3.177988156676292419e-02,3.846560418605804443e-01
-9.254798293113708496e-01,1.859392970800399780e-01,6.254376173019409180e-01,2.206721715629100800e-02,-1.181983295828104019e-02,-9.993957877159118652e-01,-2.411167696118354797e-02,-4.037249833345413208e-02,5.128623172640800476e-02,2.141795009374618530e-01,7.028301358222961426e-01,4.327082037925720215e-01,-1.795859187841415405e-01,-4.180461466312408447e-01,2.521919272840023041e-02,-1.986844986677169800e-01,3.966334164142608643e-01,-2.907085418701171875e-01,1.159119382500648499e-01,-1.591826975345611572e-01,9.224983304738998413e-02,-1.108670383691787720e-01,-2.629332840442657471e-01,-8.856061100959777832e-02,3.393261730670928955e-01,8.840348571538925171e-02,-6.892002187669277191e-03,3.812524080276489258e-01
-9.733811020851135254e-01,1.967930048704147339e-01,6.066519021987915039e-01,1.186391059309244156e-02,-8.516485802829265594e-03,-9.994797706604003906e-01,-2.875574305653572083e-02,-7.946637272834777832e-02,1.344324350357055664e-01,2.680537998676300049e-01,8.888489603996276855e-01,4.884448647499084473e-01,-1.684923768043518066e-01,-4.262611865997314453e-01,5.374249070882797241e-02,-1.582290828227996826e-01,5.880796313285827637e-01,-2.884368896484375000e-01,-1.402471493929624557e-02,-1.090921983122825623e-01,1.532805562019348145e-01,-1.362167000770568848e-01,-2.246263921260833740e-01,-1.233651116490364075e-02,3.010840117931365967e-01,1.183181405067443848e-01,3.671679273247718811e-02,3.885334432125091553e-01
-9.980934858322143555e-01,2.023826688528060913e-01,5.990463495254516602e-01,3.195806173607707024e-03,-3.351873252540826797e-03,-9.993335008621215820e-01,-3.620985522866249084e-02,-1.118802204728126526e-01,1.767754554748535156e-01,2.821058034896850586e-01,9.948642253875732422e-01,4.326647222042083740e-01,-1.310848891735076904e-01,-4.605693519115447998e-01,7.359159737825393677e-02,-1.472299396991729736e-01,7.461434006690979004e-01,-3.353484869003295898e-01,-8.158925175666809082e-02,-6.736552715301513672e-02,2.000194489955902100e-01,-1.359480768442153931e-01,-1.768510341644287109e-01,2.752756886184215546e-02,2.773301899433135986e-01,1.416816711425781250e-01,6.521754711866378784e-02,4.082957208156585693e-01
-1.047380924224853516e+00,2.070863544940948486e-01,5.960128903388977051e-01,3.831836627796292305e-03,-9.760719723999500275e-03,-9.983472228050231934e-01,-5.650599300861358643e-02,-2.352139949798583984e-01,2.079218178987503052e-01,2.849583625793457031e-01,1.172930240631103516e+00,3.058247566223144531e-01,-2.960420586168766022e-02,-4.096930027008056641e-01,7.086328417062759399e-02,-1.333418339490890503e-01,8.361772298812866211e-01,-4.449329972267150879e-01,-1.140787377953529358e-01,3.605812788009643555e-02,2.687579691410064697e-01,-1.211429089307785034e-01,-1.084911674261093140e-01,4.174827039241790771e-02,1.686093956232070923e-01,1.353252679109573364e-01,1.132797375321388245e-01,4.300082921981811523e-01
-1.096183300018310547e+00,2.069588005542755127e-01,6.018449664115905762e-01,7.348939310759305954e-03,-9.543087333440780640e-03,-9.986588954925537109e-01,-5.035157874226570129e-02,-3.607377111911773682e-01,2.140463441610336304e-01,2.620364427566528320e-01,1.225882530212402344e+00,2.020259797573089600e-01,2.617477811872959137e-02,-3.302738070487976074e-01,6.542589515447616577e-02,-1.274963170289993286e-01,8.367166519165039062e-01,-5.105001330375671387e-01,-1.074422374367713928e-01,1.050382629036903381e-01,3.323381245136260986e-01,-7.722291350364685059e-02,-9.191731363534927368e-02,3.545105457305908203e-03,1.060050949454307556e-01,1.137466058135032654e-01,1.823701262474060059e-01,3.044448494911193848e-01
-1.120151162147521973e+00,2.060865163803100586e-01,6.076117157936096191e-01,7.714095525443553925e-03,-6.682212464511394501e-03,-9.987675547599792480e-01,-4.857212305068969727e-02,-4.176932573318481445e-01,2.046575844287872314e-01,2.467098832130432129e-01,1.218831658363342285e+00,1.486989408731460571e-01,3.507828339934349060e-02,-2.646833062171936035e-01,7.035542279481887817e-02,-1.219763755798339844e-01,7.869369387626647949e-01,-5.121971964836120605e-01,-1.006250828504562378e-01,1.452924311161041260e-01,3.544872701168060303e-01,-6.087467819452285767e-02,-8.257862925529479980e-02,-2.788770478218793869e-03,8.575508743524551392e-02,9.846890717744827271e-02,1.998728513717651367e-01,2.232681363821029663e-01
-1.167157292366027832e+00,2.035640478134155273e-01,6.218895912170410156e-01,9.167014621198177338e-03,-1.337430905550718307e-03,-9.993419051170349121e-01,-3.507097437977790833e-02,-5.106356143951416016e-01,1.620271652936935425e-01,2.074237018823623657e-01,1.119275212287902832e+00,6.158309057354927063e-02,2.199017442762851715e-02,-1.344390511512756348e-01,7.210151106119155884e-02,-1.334128230810165405e-01,6.439924240112304688e-01,-4.216574430465698242e-01,-7.052408158779144287e-02,1.930933892726898193e-01,3.772716820240020752e-01,-2.505799010396003723e-02,-6.676657497882843018e-02,-8.179351687431335449e-03,5.101016536355018616e-02,7.001216709613800049e-02,1.920244842767715454e-01,8.214218169450759888e-02
-1.213480710983276367e+00,2.005546987056732178e-01,6.371613144874572754e-01,1.219537947326898575e-02,-5.220258608460426331e-04,-9.997178912162780762e-01,-2.037393860518932343e-02,-5.344530940055847168e-01,9.961999952793121338e-02,2.043813318014144897e-01,8.909997344017028809e-01,1.043913699686527252e-02,8.860452100634574890e-03,-3.046222403645515442e-02,6.734298169612884521e-02,-1.454158425331115723e-01,5.102787613868713379e-01,-2.321874201297760010e-01,-4.036973416805267334e-02,2.217044383287429810e-01,3.966419398784637451e-01,5.913524422794580460e-03,-6.510987877845764160e-02,-3.188015893101692200e-02,4.438488557934761047e-02,5.360383540391921997e-02,1.868560314178466797e-01,-2.361607551574707031e-02
-1.237055897712707520e+00,1.971520781517028809e-01,6.436946392059326172e-01,1.453535165637731552e-02,-2.517555840313434601e-03,-9.998275041580200195e-01,-1.128476299345493317e-02,-5.161404013633728027e-01,5.627523362636566162e-02,2.166970968246459961e-01,7.359096407890319824e-01,-1.073476765304803848e-02,2.409660723060369492e-03,1.024603750556707382e-02,5.786802619695663452e-02,-1.608354449272155762e-01,4.525347054004669189e-01,-1.125238910317420959e-01,-2.599508129060268402e-02,2.265970706939697266e-01,4.022326767444610596e-01,8.232610300183296204e-03,-6.427764147520065308e-02,-3.641727194190025330e-02,4.417355731129646301e-02,5.063991993665695190e-02,1.897739768028259277e-01,-5.121548846364021301e-02
-1.284014701843261719e+00,1.907368004322052002e-01,6.517482995986938477e-01,1.893900893628597260e-02,-6.112741772085428238e-03,-9.998019337654113770e-01,2.520879497751593590e-04,-4.370212852954864502e-01,-2.330037066712975502e-03,2.577351331710815430e-01,4.203116595745086670e-01,-9.706085920333862305e-02,-8.888071775436401367e-02,6.573423743247985840e-02,3.247624635696411133e-02,-1.836743652820587158e-01,3.828458487987518311e-01,1.265801787376403809e-01,1.491554826498031616e-02,2.376978546380996704e-01,3.993980586528778076e-01,-1.158105581998825073e-02,-6.993008404970169067e-02,-2.016668953001499176e-02,3.962359577417373657e-02,5.513111501932144165e-02,1.909398287534713745e-01,-5.688341334462165833e-02
-1.330766081809997559e+00,1.863279193639755249e-01,6.486314535140991211e-01,1.617759652435779572e-02,-5.913120694458484650e-03,-9.998326301574707031e-01,6.166305858641862869e-03,-3.684672415256500244e-01,-2.211613021790981293e-02,3.064516782760620117e-01,2.707574665546417236e-01,-2.161017209291458130e-01,-1.921052783727645874e-01,7.055290043354034424e-02,4.865209106355905533e-03,-1.679156124591827393e-01,4.532895088195800781e-01,2.900209426879882812e-01,8.943489938974380493e-02,2.322385460138320923e-01,3.958514630794525146e-01,-4.165068641304969788e-02,-7.560824602842330933e-02,1.730418996885418892e-03,4.089615866541862488e-02,6.621033698320388794e-02,1.935132294893264771e-01,-2.312391623854637146e-02
-1.354561686515808105e+00,1.823687553405761719e-01,6.431777477264404297e-01,1.257274299860000610e-02,-7.206036243587732315e-03,-9.998843073844909668e-01,4.622229840606451035e-03,-3.598690927028656006e-01,-3.933632746338844299e-02,3.341600298881530762e-01,2.928818166255950928e-01,-1.622762829065322876e-01,-4.847517982125282288e-02,5.999599769711494446e-02,-1.577695831656455994e-02,-1.456830054521560669e-01,5.196007490158081055e-01,3.592557311058044434e-01,1.369818598031997681e-01,2.287097871303558350e-01,3.907659947872161865e-01,-6.120523810386657715e-02,-7.931714504957199097e-02,1.315647177398204803e-02,4.831133410334587097e-02,6.791708618402481079e-02,1.954042762517929077e-01,3.616618458181619644e-03
-1.400219798088073730e+00,1.704780310392379761e-01,6.248447895050048828e-01,1.720488071441650391e-03,-9.342922829091548920e-03,-9.997650384902954102e-01,1.948408037424087524e-02,-3.845663666725158691e-01,-4.614802077412605286e-02,2.833380103111267090e-01,4.706386923789978027e-01,-1.243206933140754700e-01,9.449157863855361938e-02,3.355659544467926025e-02,-5.741974711418151855e-02,-1.514021754264831543e-01,6.966436505317687988e-01,4.363141953945159912e-01,2.384904921054840088e-01,1.732598096132278442e-01,3.783576488494873047e-01,-1.010273545980453491e-01,-9.372825920581817627e-02,3.423161432147026062e-02,9.252011775970458984e-02,7.188094407320022583e-02,1.866140514612197876e-01,7.500631362199783325e-02
-1.446227431297302246e+00,1.616610884666442871e-01,6.095524430274963379e-01,-1.094860583543777466e-02,-1.528756599873304367e-02,-9.988154172897338867e-01,4.487952589988708496e-02,-4.117691814899444580e-01,-6.411191821098327637e-02,2.371286004781723022e-01,7.233014106750488281e-01,-2.742888927459716797e-01,1.258207261562347412e-01,-3.135083988308906555e-02,-1.228113994002342224e-01,-1.861900091171264648e-01,9.350783824920654297e-01,3.185587525367736816e-01,2.526421248912811279e-01,8.285607397556304932e-02,3.277830183506011963e-01,-1.373312920331954956e-01,-1.318847388029098511e-01,8.354470878839492798e-02,1.628331243991851807e-01,7.545649260282516479e-02,1.301643699407577515e-01,2.219851762056350708e-01
-1.468465328216552734e+00,1.579305827617645264e-01,6.072420477867126465e-01,-1.293423771858215332e-02,-1.328366156667470932e-02,-9.982915520668029785e-01,5.540961772203445435e-02,-3.726784884929656982e-01,-6.012541055679321289e-02,2.408974319696426392e-01,7.647847533226013184e-01,-3.399306237697601318e-01,1.260522902011871338e-01,-9.534952044486999512e-02,-1.497881114482879639e-01,-1.919164359569549561e-01,1.048434734344482422e+00,2.557311654090881348e-01,2.278204411268234253e-01,3.486452251672744751e-02,2.799443900585174561e-01,-1.358803212642669678e-01,-1.429280936717987061e-01,9.898770600557327271e-02,1.953929215669631958e-01,7.824279367923736572e-02,9.253273159265518188e-02,3.069840967655181885e-01
-1.513042092323303223e+00,1.524102836847305298e-01,6.081241965293884277e-01,-1.054861117154359818e-02,-7.519730832427740097e-03,-9.979553818702697754e-01,6.258802115917205811e-02,-3.086867928504943848e-01,-5.560136213898658752e-02,2.430212795734405518e-01,7.982141971588134766e-01,-4.257998764514923096e-01,1.271791458129882812e-01,-2.341567724943161011e-01,-1.984340548515319824e-01,-1.982908844947814941e-01,1.182094812393188477e+00,1.525966972112655640e-01,1.370807290077209473e-01,-2.477939240634441376e-02,1.988058388233184814e-01,-1.199980005621910095e-01,-1.684550046920776367e-01,4.891075193881988525e-02,2.732010781764984131e-01,5.742927640676498413e-02,5.526042729616165161e-02,3.758341372013092041e-01
-1.557600259780883789e+00,1.477139592170715332e-01,6.174184679985046387e-01,-1.852191239595413208e-02,-3.328440245240926743e-03,-9.968748092651367188e-01,7.672362029552459717e-02,-2.129616886377334595e-01,-6.819318979978561401e-02,1.893922537565231323e-01,7.644070982933044434e-01,-4.505262672901153564e-01,1.193417385220527649e-01,-3.244120776653289795e-01,-2.242849916219711304e-01,-2.196112275123596191e-01,1.208332896232604980e+00,2.186197973787784576e-02,5.383548513054847717e-02,-9.521043300628662109e-02,1.471535861492156982e-01,-1.194119974970817566e-01,-1.577236652374267578e-01,-1.558277755975723267e-02,3.751465678215026855e-01,1.409611757844686508e-02,-2.369774272665381432e-03,3.672005832195281982e-01
-1.579172134399414062e+00,1.456041336059570312e-01,6.233767867088317871e-01,-2.075866237282752991e-02,-2.495017135515809059e-03,-9.968342781066894531e-01,7.670936733484268188e-02,-1.597184538841247559e-01,-7.219531387090682983e-02,1.809763908386230469e-01,7.248479723930358887e-01,-4.364192187786102295e-01,1.105135902762413025e-01,-3.696078658103942871e-01,-2.235418707132339478e-01,-2.177956849336624146e-01,1.185819387435913086e+00,-3.616484999656677246e-02,1.911891624331474304e-02,-1.184260398149490356e-01,1.241105124354362488e-01,-1.246371567249298096e-01,-1.372350752353668213e-01,-4.353876039385795593e-02,4.121915996074676514e-01,1.133549120277166367e-02,-4.796256497502326965e-02,3.814091384410858154e-01
-1.620474815368652344e+00,1.415221989154815674e-01,6.356312036514282227e-01,-2.061722800135612488e-02,2.130860812030732632e-04,-9.974347352981567383e-01,6.854826211929321289e-02,-7.151183485984802246e-02,-7.203560322523117065e-02,1.781814247369766235e-01,6.467341780662536621e-01,-3.526997268199920654e-01,7.679925113916397095e-02,-4.380136728286743164e-01,-1.990294456481933594e-01,-2.167328745126724243e-01,1.045553445816040039e+00,-1.130129471421241760e-01,-1.998821645975112915e-02,-1.420412212610244751e-01,9.798437356948852539e-02,-1.160272732377052307e-01,-1.166028454899787903e-01,-1.216442957520484924e-01,4.617383480072021484e-01,2.022591233253479004e-02,-1.094675362110137939e-01,3.976363241672515869e-01
-1.663731694221496582e+00,1.408285498619079590e-01,6.474301815032958984e-01,-2.256892062723636627e-02,6.874793674796819687e-03,-9.978764653205871582e-01,6.071222946047782898e-02,4.171060863882303238e-03,-4.748760163784027100e-02,1.935820579528808594e-01,5.906879305839538574e-01,-2.167917340993881226e-01,2.954471111297607422e-02,-4.295129179954528809e-01,-1.281938999891281128e-01,-2.234364300966262817e-01,7.618581056594848633e-01,-1.424640268087387085e-01,-2.204985171556472778e-02,-1.515704095363616943e-01,9.071050584316253662e-02,-9.195178002119064331e-02,-1.101022660732269287e-01,-1.787078827619552612e-01,4.896989762783050537e-01,3.510652482509613037e-02,-1.377281248569488525e-01,3.975740075111389160e-01
-1.686370134353637695e+00,1.412316560745239258e-01,6.517242193222045898e-01,-2.257165499031543732e-02,1.128604076802730560e-02,-9.980835318565368652e-01,5.650187283754348755e-02,3.053790144622325897e-02,-3.011046163737773895e-02,2.060577124357223511e-01,5.768980979919433594e-01,-1.375734955072402954e-01,7.689740508794784546e-03,-4.035653173923492432e-01,-7.473430037498474121e-02,-2.010074704885482788e-01,5.836324691772460938e-01,-1.624230146408081055e-01,-5.677034612745046616e-03,-1.502581983804702759e-01,8.628271520137786865e-02,-7.905174791812896729e-02,-1.080374792218208313e-01,-1.905003786087036133e-01,4.909098744392395020e-01,4.340686276555061340e-02,-1.439428180456161499e-01,3.952988088130950928e-01
-1.733005404472351074e+00,1.381300687789916992e-01,6.539872884750366211e-01,-1.917500421404838562e-02,1.668338291347026825e-02,-9.980163574218750000e-01,5.759626254439353943e-02,5.250977352261543274e-02,-1.141922431997954845e-03,2.159589976072311401e-01,5.946369171142578125e-01,2.622472867369651794e-02,-1.563913375139236450e-02,-3.551588058471679688e-01,-2.354210242629051208e-02,-8.798935264348983765e-02,2.670259475708007812e-01,-2.131092995405197144e-01,1.264117062091827393e-01,-1.510797441005706787e-01,7.578152418136596680e-02,-6.732274591922760010e-02,-1.165331900119781494e-01,-1.915494650602340698e-01,4.759175181388854980e-01,5.076891183853149414e-02,-1.424008458852767944e-01,3.801892697811126709e-01
-1.780482053756713867e+00,1.332941949367523193e-01,6.443992257118225098e-01,-2.382854372262954712e-02,1.927216909825801849e-02,-9.969977140426635742e-01,7.110773026943206787e-02,4.927698895335197449e-02,3.688699752092361450e-02,2.098507583141326904e-01,7.038861513137817383e-01,1.743875443935394287e-01,-3.922181576490402222e-02,-3.196348547935485840e-01,-8.809168823063373566e-03,-7.304034382104873657e-02,1.683270335197448730e-01,-3.047751188278198242e-01,2.378346771001815796e-01,-1.588942259550094604e-01,9.460653364658355713e-02,-8.148822933435440063e-02,-1.387475281953811646e-01,-1.712930202484130859e-01,4.626912772655487061e-01,4.742275923490524292e-02,-1.182795539498329163e-01,3.577666580677032471e-01
-1.804607152938842773e+00,1.326731443405151367e-01,6.343700289726257324e-01,-2.616466954350471497e-02,2.188649214804172516e-02,-9.964612722396850586e-01,7.681981474161148071e-02,2.879522182047367096e-02,6.435908377170562744e-02,2.085631489753723145e-01,7.879472374916076660e-01,2.543815374374389648e-01,-2.874891087412834167e-02,-3.246816694736480713e-01,7.981568574905395508e-03,-1.236320436000823975e-01,2.216343581676483154e-01,-3.163193762302398682e-01,2.401562780141830444e-01,-1.541106700897216797e-01,1.051130071282386780e-01,-9.084615111351013184e-02,-1.490970849990844727e-01,-1.464488357305526733e-01,4.437894523143768311e-01,4.613276571035385132e-02,-1.028921529650688171e-01,3.534713089466094971e-01
-1.854911804199218750e+00,1.301185637712478638e-01,6.086727380752563477e-01,-3.179721161723136902e-02,2.472298033535480499e-02,-9.942774176597595215e-01,9.894508868455886841e-02,-3.349095210433006287e-02,1.356016844511032104e-01,2.092014700174331665e-01,1.015231251716613770e+00,2.838071584701538086e-01,-1.436439808458089828e-02,-3.611667156219482422e-01,-7.333141285926103592e-03,-1.576880067586898804e-01,3.807172179222106934e-01,-1.102614179253578186e-01,1.882857084274291992e-01,-1.386501044034957886e-01,1.327054947614669800e-01,-1.134291961789131165e-01,-1.516314297914505005e-01,-7.655035704374313354e-02,4.049040675163269043e-01,5.576768144965171814e-02,-8.046108484268188477e-02,3.532925546169281006e-01
-1.903794646263122559e+00,1.308815628290176392e-01,5.948941111564636230e-01,-4.333544895052909851e-02,3.370387852191925049e-02,-9.929892420768737793e-01,1.046828329563140869e-01,-1.211571618914604187e-01,2.073586583137512207e-01,2.195975333452224731e-01,1.228593945503234863e+00,1.566682755947113037e-01,1.001832634210586548e-01,-4.317801892757415771e-01,2.433292381465435028e-02,-1.441033184528350830e-01,7.120689749717712402e-01,-2.412755042314529419e-01,2.969916537404060364e-02,-7.714740931987762451e-02,1.964206993579864502e-01,-1.522385776042938232e-01,-1.028341650962829590e-01,4.739395156502723694e-02,3.384460806846618652e-01,1.003724709153175354e-01,-2.542991936206817627e-02,4.116717278957366943e-01
-1.924997687339782715e+00,1.270412206649780273e-01,5.924863219261169434e-01,-4.058368504047393799e-02,3.023903630673885345e-02,-9.935243129730224609e-01,1.017251908779144287e-01,-1.911624222993850708e-01,1.972564607858657837e-01,2.129539698362350464e-01,1.304312109947204590e+00,1.004275307059288025e-01,1.410173624753952026e-01,-4.282291531562805176e-01,1.748235709965229034e-02,-1.534510403871536255e-01,7.854424118995666504e-01,-3.051225543022155762e-01,7.018316537141799927e-03,-2.016412653028964996e-02,2.223993688821792603e-01,-1.798871606588363647e-01,-8.994115144014358521e-02,9.461239725351333618e-02,2.855641245841979980e-01,1.078601405024528503e-01,3.581702942028641701e-03,4.347743988037109375e-01
-1.964385628700256348e+00,1.143133938312530518e-01,5.936763286590576172e-01,-3.086302801966667175e-02,2.997007220983505249e-02,-9.915542602539062500e-01,1.223497316241264343e-01,-3.400157094001770020e-01,1.728243380784988403e-01,1.693665832281112671e-01,1.370610356330871582e+00,2.442664233967661858e-03,1.168081313371658325e-01,-3.731702268123626709e-01,-1.299851574003696442e-02,-1.989901661872863770e-01,8.233273029327392578e-01,-3.970552086830139160e-01,-2.165929763577878475e-04,5.095481872558593750e-02,2.868027985095977783e-01,-1.871948093175888062e-01,-9.450586140155792236e-02,7.333219051361083984e-02,1.977643221616744995e-01,1.045382171869277954e-01,7.362254709005355835e-02,3.930616378784179688e-01
-2.001161098480224609e+00,9.703584760427474976e-02,6.028187274932861328e-01,-3.003982640802860260e-02,3.314609825611114502e-02,-9.879074692726135254e-01,1.484511643648147583e-01,-4.543546438217163086e-01,1.452026814222335815e-01,1.586926728487014771e-01,1.347266554832458496e+00,-7.543557137250900269e-02,1.071370318531990051e-01,-2.810624837875366211e-01,-1.263796258717775345e-02,-2.156944423913955688e-01,7.875182628631591797e-01,-4.307213127613067627e-01,3.229274414479732513e-03,1.258651316165924072e-01,3.314951062202453613e-01,-1.609100550413131714e-01,-6.079814210534095764e-02,3.894274681806564331e-02,1.327481716871261597e-01,8.181250095367431641e-02,1.128321662545204163e-01,3.236986398696899414e-01
-2.018524408340454102e+00,8.918190002441406250e-02,6.082583665847778320e-01,-2.693648077547550201e-02,3.588771447539329529e-02,-9.855200648307800293e-01,1.635136306285858154e-01,-5.024693608283996582e-01,1.371138542890548706e-01,1.671873629093170166e-01,1.298626780509948730e+00,-1.095627099275588989e-01,9.140051901340484619e-02,-2.272160649299621582e-01,-1.212719827890396118e-02,-2.394288331270217896e-01,7.351425886154174805e-01,-4.134361445903778076e-01,1.209233328700065613e-02,1.579458266496658325e-01,3.449785411357879639e-01,-1.480631679296493530e-01,-4.201178997755050659e-02,2.549840509891510010e-02,1.049737185239791870e-01,7.635445147752761841e-02,1.230690330266952515e-01,2.941718995571136475e-01
-2.054028987884521484e+00,7.610516250133514404e-02,6.204518675804138184e-01,-1.941897906363010406e-02,4.398281499743461609e-02,-9.800080657005310059e-01,1.930610090494155884e-01,-5.518236160278320312e-01,1.403915435075759888e-01,2.286580950021743774e-01,1.121480703353881836e+00,-1.594406813383102417e-01,7.136551290750503540e-02,-1.276750862598419189e-01,1.008140295743942261e-02,-2.658842206001281738e-01,6.169570088386535645e-01,-3.236557841300964355e-01,3.249984607100486755e-02,2.142574489116668701e-01,3.717301189899444580e-01,-1.165803521871566772e-01,-1.566293835639953613e-02,-5.822484847158193588e-03,7.238852232694625854e-02,6.595448404550552368e-02,1.552921533584594727e-01,2.319930195808410645e-01
-2.087416410446166992e+00,5.776102468371391296e-02,6.311459541320800781e-01,-1.396455802023410797e-02,4.876481369137763977e-02,-9.712209105491638184e-01,2.327164262533187866e-01,-5.217577815055847168e-01,1.078912243247032166e-01,3.441995680332183838e-01,8.469330072402954102e-01,-2.108345925807952881e-01,4.747355356812477112e-02,-4.453488811850547791e-02,2.449529431760311127e-02,-3.004618883132934570e-01,5.170077681541442871e-01,-1.788403540849685669e-01,5.537054315209388733e-02,2.312898039817810059e-01,3.884479403495788574e-01,-1.099863052368164062e-01,1.427841372787952423e-02,-2.072122180834412575e-03,5.272089689970016479e-02,4.845425486564636230e-02,1.765713095664978027e-01,1.954024732112884521e-01
-2.102930068969726562e+00,4.692654684185981750e-02,6.345884799957275391e-01,-1.090155914425849915e-02,4.981275275349617004e-02,-9.660024046897888184e-01,2.534545361995697021e-01,-4.831979870796203613e-01,7.966215908527374268e-02,4.142726063728332520e-01,6.900590062141418457e-01,-2.337367534637451172e-01,1.573026739060878754e-02,-1.318801194429397583e-02,2.603553235530853271e-02,-3.166928589344024658e-01,4.836725294589996338e-01,-9.240733832120895386e-02,6.827510893344879150e-02,2.290818989276885986e-01,3.907659649848937988e-01,-1.182148605585098267e-01,2.891238406300544739e-02,9.796204045414924622e-03,4.170795902609825134e-02,3.573082387447357178e-02,1.780218780040740967e-01,1.881357431411743164e-01
-2.135129928588867188e+00,2.407778054475784302e-02,6.366888880729675293e-01,-1.010399591177701950e-02,5.134314298629760742e-02,-9.564045071601867676e-01,2.873189151287078857e-01,-4.016176462173461914e-01,3.930411860346794128e-02,5.319112539291381836e-01,4.471607804298400879e-01,-2.796246409416198730e-01,-7.700653374195098877e-02,2.014104276895523071e-02,1.790804229676723480e-02,-3.147889077663421631e-01,4.918856918811798096e-01,8.755107969045639038e-02,1.128477528691291809e-01,2.228777557611465454e-01,3.964217901229858398e-01,-1.367192864418029785e-01,4.135822504758834839e-02,3.393486142158508301e-02,3.001390583813190460e-02,2.536807395517826080e-02,1.753203868865966797e-01,1.994458138942718506e-01
-2.165874481201171875e+00,-2.839956898242235184e-03,6.303547620773315430e-01,-1.429230440407991409e-02,4.901580512523651123e-02,-9.465807676315307617e-01,3.183991312980651855e-01,-3.517104387283325195e-01,-3.331384062767028809e-02,5.560424923896789551e-01,3.702958822250366211e-01,-2.706478834152221680e-01,6.915463507175445557e-02,1.093074865639209747e-02,-2.236095629632472992e-02,-3.155419528484344482e-01,6.019664406776428223e-01,2.710890769958496094e-01,1.470046788454055786e-01,2.050747424364089966e-01,3.942390382289886475e-01,-1.591875404119491577e-01,2.492035739123821259e-02,5.344767495989799500e-02,3.356094285845756531e-02,2.434531599283218384e-02,1.718916296958923340e-01,2.410933226346969604e-01
-2.181481599807739258e+00,-1.692044921219348907e-02,6.231459975242614746e-01,-1.771315932273864746e-02,4.647284373641014099e-02,-9.426411986351013184e-01,3.300819396972656250e-01,-3.682399392127990723e-01,-4.914185404777526855e-02,5.006196498870849609e-01,4.416870772838592529e-01,-2.490034401416778564e-01,2.035697996616363525e-01,-3.889693878591060638e-03,-5.337731912732124329e-02,-3.158793151378631592e-01,6.734316349029541016e-01,3.758424222469329834e-01,1.447541564702987671e-01,1.973491311073303223e-01,3.881789445877075195e-01,-1.714488565921783447e-01,1.240952126681804657e-02,6.376829743385314941e-02,4.090194404125213623e-02,2.428769320249557495e-02,1.681939512491226196e-01,2.738557755947113037e-01
-2.209157466888427734e+00,-4.609983786940574646e-02,6.038979887962341309e-01,-3.294500708580017090e-02,4.036706686019897461e-02,-9.307484626770019531e-01,3.619287908077239990e-01,-3.961602747440338135e-01,-4.860449954867362976e-02,3.806837499141693115e-01,6.342121958732604980e-01,-2.848592400550842285e-01,2.557370960712432861e-01,-2.206525579094886780e-02,-1.140284538269042969e-01,-3.347543179988861084e-01,8.283970952033996582e-01,5.235999822616577148e-01,1.486657112836837769e-01,1.573231816291809082e-01,3.828848302364349365e-01,-1.849254518747329712e-01,-1.911320723593235016e-02,7.909005135297775269e-02,9.962074458599090576e-02,2.564576268196105957e-02,1.438619047403335571e-01,3.591481447219848633e-01
-2.234292745590209961e+00,-7.876511663198471069e-02,5.942983031272888184e-01,-4.030945524573326111e-02,2.842743322253227234e-02,-9.143187999725341797e-01,4.019803404808044434e-01,-3.713704049587249756e-01,-6.120470166206359863e-02,3.641907274723052979e-01,7.909104824066162109e-01,-4.135946631431579590e-01,2.703950405120849609e-01,-1.096804589033126831e-01,-2.005436122417449951e-01,-3.244158327579498291e-01,1.069759845733642578e+00,3.609324693679809570e-01,1.507232785224914551e-01,1.019753441214561462e-01,3.321165442466735840e-01,-2.049878686666488647e-01,-5.538569018244743347e-02,1.156418249011039734e-01,1.952679902315139771e-01,-6.431517656892538071e-03,4.876586422324180603e-02,5.221697688102722168e-01
-2.244987010955810547e+00,-9.302764385938644409e-02,5.930275321006774902e-01,-3.588139638304710388e-02,2.988277189433574677e-02,-9.052600860595703125e-01,4.222838878631591797e-01,-3.441077470779418945e-01,-7.826331257820129395e-02,3.513187468051910400e-01,7.951121926307678223e-01,-4.406462013721466064e-01,2.745944261550903320e-01,-1.877359151840209961e-01,-2.414682507514953613e-01,-3.176695704460144043e-01,1.177916049957275391e+00,2.653002142906188965e-01,1.056826636195182800e-01,7.319580018520355225e-02,2.931500673294067383e-01,-1.959327012300491333e-01,-7.336653769016265869e-02,8.801927417516708374e-02,2.506054341793060303e-01,-9.045861661434173584e-03,1.689643412828445435e-02,5.892561674118041992e-01
-2.268296003341674805e+00,-1.177109256386756897e-01,5.986739993095397949e-01,-3.682541102170944214e-02,2.959445677697658539e-02,-8.874764442443847656e-01,4.584251940250396729e-01,-3.086681962013244629e-01,-9.872018545866012573e-02,2.779640853404998779e-01,8.213335275650024414e-01,-4.686391353607177734e-01,2.628335058689117432e-01,-2.925101518630981445e-01,-2.849357426166534424e-01,-3.119553625583648682e-01,1.257461190223693848e+00,1.008206531405448914e-01,-1.158910430967807770e-02,2.520443312823772430e-02,2.458939850330352783e-01,-1.632925271987915039e-01,-1.004822403192520142e-01,-2.640238590538501740e-02,3.766235709190368652e-01,-1.478892937302589417e-02,-5.965485051274299622e-02,6.848047375679016113e-01
-2.287806034088134766e+00,-1.431955546140670776e-01,6.091827750205993652e-01,-4.072022810578346252e-02,2.967358753085136414e-02,-8.636074662208557129e-01,5.016407966613769531e-01,-2.433542162179946899e-01,-1.160657182335853577e-01,1.929313093423843384e-01,7.933685779571533203e-01,-4.625324308872222900e-01,2.472212463617324829e-01,-3.561264574527740479e-01,-2.823076844215393066e-01,-3.115579187870025635e-01,1.200897097587585449e+00,-2.138641104102134705e-02,-4.768595099449157715e-02,-3.647204488515853882e-02,1.915468126535415649e-01,-1.768828332424163818e-01,-8.107761293649673462e-02,-9.381455183029174805e-02,4.867264628410339355e-01,-4.098115488886833191e-02,-1.457114070653915405e-01,7.065576314926147461e-01
-2.295602798461914062e+00,-1.562510728836059570e-01,6.147721409797668457e-01,-3.905698657035827637e-02,3.228252381086349487e-02,-8.546983003616333008e-01,5.166460871696472168e-01,-2.127424776554107666e-01,-1.197431012988090515e-01,1.667145788669586182e-01,7.659918665885925293e-01,-4.497337341308593750e-01,2.386896908283233643e-01,-3.951198458671569824e-01,-2.620164752006530762e-01,-2.912930846214294434e-01,1.137150049209594727e+00,-6.619407236576080322e-02,-5.591044574975967407e-02,-5.126446485519409180e-02,1.647360920906066895e-01,-1.876521408557891846e-01,-7.586270570755004883e-02,-1.287464201450347900e-01,5.249345302581787109e-01,-5.858250707387924194e-02,-1.718791425228118896e-01,6.937811970710754395e-01
-2.310501337051391602e+00,-1.826141923666000366e-01,6.255358457565307617e-01,-3.581349551677703857e-02,3.773812949657440186e-02,-8.366557955741882324e-01,5.452525019645690918e-01,-1.565203070640563965e-01,-1.152240186929702759e-01,1.240165531635284424e-01,7.149519324302673340e-01,-4.000392854213714600e-01,2.108652740716934204e-01,-4.336006343364715576e-01,-2.084740400314331055e-01,-2.585330307483673096e-01,9.287790656089782715e-01,-1.309403330087661743e-01,-4.045136272907257080e-02,-7.071869820356369019e-02,1.259738951921463013e-01,-1.966310888528823853e-01,-8.479259163141250610e-02,-1.990707069635391235e-01,5.864359736442565918e-01,-6.363616138696670532e-02,-1.978215128183364868e-01,6.526609659194946289e-01
-2.328297853469848633e+00,-2.099957019090652466e-01,6.355164647102355957e-01,-3.668079897761344910e-02,4.408914223313331604e-02,-8.230132460594177246e-01,5.651193261146545410e-01,-1.094662919640541077e-01,-8.933265507221221924e-02,1.041670441627502441e-01,6.842108964920043945e-01,-3.229866623878479004e-01,1.733228266239166260e-01,-3.909869194030761719e-01,-1.193755567073822021e-01,-1.998236924409866333e-01,6.002239584922790527e-01,-1.954081803560256958e-01,4.012077301740646362e-02,-7.036812603473663330e-02,1.046276241540908813e-01,-1.895946264266967773e-01,-9.645162522792816162e-02,-2.328827679157257080e-01,5.939963459968566895e-01,-4.889433085918426514e-02,-2.033757567405700684e-01,6.401816606521606445e-01
-2.336580753326416016e+00,-2.251153141260147095e-01,6.388574838638305664e-01,-3.680982813239097595e-02,4.661802947521209717e-02,-8.175192475318908691e-01,5.728299021720886230e-01,-9.305201470851898193e-02,-7.692826539278030396e-02,9.913440048694610596e-02,6.821020245552062988e-01,-2.815430164337158203e-01,1.574160754680633545e-01,-3.618704974651336670e-01,-8.639384806156158447e-02,-1.284264922142028809e-01,4.219638407230377197e-01,-2.170687019824981689e-01,9.233947098255157471e-02,-6.493837386369705200e-02,1.009065806865692139e-01,-1.837782561779022217e-01,-1.002387478947639465e-01,-2.397000938653945923e-01,5.808945894241333008e-01,-4.274216294288635254e-02,-1.976447403430938721e-01,6.407006382942199707e-01
-2.350444555282592773e+00,-2.568747997283935547e-01,6.377897858619689941e-01,-3.305933997035026550e-02,4.721985012292861938e-02,-8.041172027587890625e-01,5.916695594787597656e-01,-9.351657330989837646e-02,-5.970370769500732422e-02,9.168970584869384766e-02,7.415040135383605957e-01,-1.898311674594879150e-01,1.330683380365371704e-01,-3.228297233581542969e-01,-7.395978271961212158e-02,-2.340298960916697979e-04,2.046165168285369873e-01,-2.655383646488189697e-01,2.269470393657684326e-01,-5.211228504776954651e-02,1.116584539413452148e-01,-1.676215827465057373e-01,-1.107842400670051575e-01,-2.473035752773284912e-01,5.520460009574890137e-01,-4.492110759019851685e-02,-1.645331233739852905e-01,6.162348985671997070e-01
-2.366614580154418945e+00,-2.883196175098419189e-01,6.241640448570251465e-01,-2.958853170275688171e-02,4.477607831358909607e-02,-7.851576805114746094e-01,6.169660091400146484e-01,-1.472970545291900635e-01,-2.770252153277397156e-02,8.913090825080871582e-02,8.958684802055358887e-01,-5.174272507429122925e-02,9.499765187501907349e-02,-3.461233973503112793e-01,-5.336386337876319885e-02,-3.457708656787872314e-02,2.905731797218322754e-01,-2.271845042705535889e-01,2.753694057464599609e-01,-3.165249526500701904e-02,1.383801996707916260e-01,-1.668021380901336670e-01,-1.392004042863845825e-01,-2.109501212835311890e-01,5.297577381134033203e-01,-5.990125238895416260e-02,-1.177451461553573608e-01,5.748398900032043457e-01
-2.375983715057373047e+00,-3.026823103427886963e-01,6.144715547561645508e-01,-2.956076152622699738e-02,4.545240476727485657e-02,-7.773851156234741211e-01,6.266838312149047852e-01,-1.860160678625106812e-01,6.838972214609384537e-03,1.047479733824729919e-01,9.832066297531127930e-01,3.720113262534141541e-02,6.759408116340637207e-02,-3.724215328693389893e-01,-5.844966322183609009e-02,-5.841666832566261292e-02,3.782226741313934326e-01,-1.859420686960220337e-01,2.724050879478454590e-01,-5.478797480463981628e-03,1.503658294677734375e-01,-1.736039221286773682e-01,-1.553097218275070190e-01,-1.674629747867584229e-01,5.114440321922302246e-01,-6.228187680244445801e-02,-9.264686703681945801e-02,5.660778880119323730e-01
-2.391411066055297852e+00,-3.286563754081726074e-01,5.974779725074768066e-01,-3.064239770174026489e-02,4.600262269377708435e-02,-7.552119493484497070e-01,6.531460285186767578e-01,-2.598344683647155762e-01,8.372302353382110596e-02,1.492917835712432861e-01,1.126608371734619141e+00,1.834497302770614624e-01,4.731993749737739563e-02,-4.571380913257598877e-01,-7.539148628711700439e-02,-1.074027717113494873e-01,6.922134757041931152e-01,-3.016809523105621338e-01,1.715385913848876953e-01,3.552837669849395752e-02,1.832823157310485840e-01,-2.011639326810836792e-01,-1.369175165891647339e-01,-3.428816422820091248e-02,4.418597221374511719e-01,-5.312818661332130432e-02,-3.881401941180229187e-02,6.126285791397094727e-01
-2.400186061859130859e+00,-3.588602840900421143e-01,5.928927063941955566e-01,-2.305505052208900452e-02,4.884938523173332214e-02,-7.335320115089416504e-01,6.775049567222595215e-01,-3.741826117038726807e-01,1.560671329498291016e-01,1.975445300340652466e-01,1.323601007461547852e+00,3.605648502707481384e-02,9.466017782688140869e-02,-4.284223318099975586e-01,-1.055485531687736511e-01,-1.774428039789199829e-01,7.917748689651489258e-01,-4.210888445377349854e-01,1.363828927278518677e-01,9.370492398738861084e-02,2.456706613302230835e-01,-2.307292073965072632e-01,-1.256456673145294189e-01,3.668339550495147705e-02,3.628977239131927490e-01,-2.967200614511966705e-02,3.802984580397605896e-02,6.149371862411499023e-01
-2.401499986648559570e+00,-3.735450506210327148e-01,5.932272672653198242e-01,-2.085506543517112732e-02,4.996614903211593628e-02,-7.185934782028198242e-01,6.933194398880004883e-01,-4.238996505737304688e-01,1.687731593847274780e-01,2.076538801193237305e-01,1.368004679679870605e+00,-2.555644838139414787e-03,1.432707756757736206e-01,-3.980737030506134033e-01,-1.154675111174583435e-01,-2.047696560621261597e-01,8.136498928070068359e-01,-4.639683365821838379e-01,1.246003732085227966e-01,1.181376352906227112e-01,2.805826663970947266e-01,-2.294758409261703491e-01,-1.236981377005577087e-01,3.638646006584167480e-02,3.341028094291687012e-01,-1.671854406595230103e-02,7.222318649291992188e-02,5.767972469329833984e-01
-2.399499416351318359e+00,-4.003756940364837646e-01,5.992416739463806152e-01,-1.645885594189167023e-02,5.222231149673461914e-02,-6.843393445014953613e-01,7.271049618721008301e-01,-5.171120762825012207e-01,1.513020843267440796e-01,2.065974324941635132e-01,1.363330483436584473e+00,-8.323748409748077393e-02,9.693515300750732422e-02,-3.190980553627014160e-01,-1.212525293231010437e-01,-2.398305386304855347e-01,7.925648689270019531e-01,-4.904029369354248047e-01,1.107650771737098694e-01,1.567262858152389526e-01,3.239025175571441650e-01,-1.992377787828445435e-01,-8.754108101129531860e-02,3.006397373974323273e-02,2.435995489358901978e-01,8.988296613097190857e-03,1.039783135056495667e-01,5.107381343841552734e-01
-2.396309614181518555e+00,-4.276565313339233398e-01,6.098539829254150391e-01,-1.228904165327548981e-02,5.802130326628684998e-02,-6.444806456565856934e-01,7.623170018196105957e-01,-5.895021557807922363e-01,1.186210811138153076e-01,2.068987637758255005e-01,1.283083677291870117e+00,-1.782469600439071655e-01,4.851249232888221741e-02,-2.086160629987716675e-01,-1.121205613017082214e-01,-3.054164052009582520e-01,6.821010708808898926e-01,-4.180817604064941406e-01,1.163859888911247253e-01,1.892269849777221680e-01,3.636581003665924072e-01,-1.607318073511123657e-01,-7.441855967044830322e-02,6.894750520586967468e-03,1.775628924369812012e-01,4.836567118763923645e-02,1.461787372827529907e-01,4.032275378704071045e-01
-2.394146442413330078e+00,-4.416645765304565430e-01,6.163963675498962402e-01,-1.010114513337612152e-02,6.209251284599304199e-02,-6.229445934295654297e-01,7.797323465347290039e-01,-6.016049385070800781e-01,1.087734773755073547e-01,2.316862791776657104e-01,1.205493807792663574e+00,-2.186819016933441162e-01,3.639348968863487244e-02,-1.541506350040435791e-01,-9.907373040914535522e-02,-3.358341455459594727e-01,6.130573749542236328e-01,-3.503678739070892334e-01,1.243503019213676453e-01,2.051681280136108398e-01,3.766957223415374756e-01,-1.436483561992645264e-01,-7.108681648969650269e-02,3.820272104348987341e-04,1.507997065782546997e-01,6.508447974920272827e-02,1.744608432054519653e-01,3.397699594497680664e-01
-2.385875940322875977e+00,-4.687825143337249756e-01,6.285981535911560059e-01,-2.743756165727972984e-03,7.110501080751419067e-02,-5.759376883506774902e-01,8.143907785415649414e-01,-5.806328654289245605e-01,7.755318284034729004e-02,3.353591263294219971e-01,9.775599241256713867e-01,-2.812254428863525391e-01,4.652688279747962952e-02,-5.897674709558486938e-02,-7.526500523090362549e-02,-3.954097330570220947e-01,4.706982374191284180e-01,-1.685287207365036011e-01,1.440705955028533936e-01,2.240840196609497070e-01,3.854951560497283936e-01,-1.196572259068489075e-01,-6.745815277099609375e-02,6.009624339640140533e-03,9.005466103553771973e-02,1.080657094717025757e-01,2.159651666879653931e-01,2.592100799083709717e-01
-2.373490333557128906e+00,-4.960996806621551514e-01,6.360338926315307617e-01,5.999880842864513397e-03,8.069103956222534180e-02,-5.294520854949951172e-01,8.444722890853881836e-01,-5.090187788009643555e-01,-2.952591516077518463e-03,4.559146761894226074e-01,6.796495318412780762e-01,-3.240354061126708984e-01,-3.748873481526970863e-03,-1.807237626053392887e-03,-5.638969689607620239e-02,-3.986283540725708008e-01,3.832501769065856934e-01,1.718585565686225891e-02,1.664362549781799316e-01,2.283893376588821411e-01,3.972588479518890381e-01,-1.147741898894309998e-01,-7.010166347026824951e-02,1.625920273363590240e-02,2.379676699638366699e-02,1.681168675422668457e-01,2.511212825775146484e-01,2.403853237628936768e-01
-2.366366863250732422e+00,-5.103507637977600098e-01,6.368271708488464355e-01,8.181974291801452637e-03,8.608158677816390991e-02,-5.111736655235290527e-01,8.551166653633117676e-01,-4.691147506237030029e-01,-4.263987019658088684e-02,5.012599229812622070e-01,5.474973917007446289e-01,-3.443224728107452393e-01,-6.153898686170578003e-02,7.070401683449745178e-03,-4.944561421871185303e-02,-3.700829744338989258e-01,3.755109906196594238e-01,1.001405864953994751e-01,1.755145937204360962e-01,2.366614937782287598e-01,4.075520634651184082e-01,-1.183793917298316956e-01,-6.944113224744796753e-02,2.353845164179801941e-02,-6.877271924167871475e-03,1.903158426284790039e-01,2.747606933116912842e-01,2.252118289470672607e-01
-2.347870826721191406e+00,-5.382580757141113281e-01,6.319856643676757812e-01,8.261750452220439911e-03,8.782654255628585815e-02,-4.717255532741546631e-01,8.773216605186462402e-01,-4.141865074634552002e-01,-1.116559281945228577e-01,5.304672122001647949e-01,4.189747869968414307e-01,-3.555971384048461914e-01,-6.334148347377777100e-02,2.033470571041107178e-02,-5.491829290986061096e-02,-3.180240094661712646e-01,4.248341917991638184e-01,2.391216456890106201e-01,1.965952366590499878e-01,2.418088763952255249e-01,4.319368600845336914e-01,-1.499027758836746216e-01,-6.184052675962448120e-02,6.766804307699203491e-02,-4.137876257300376892e-02,2.033863067626953125e-01,3.105113208293914795e-01,1.714253574609756470e-01
-2.329329967498779297e+00,-5.632684826850891113e-01,6.182671785354614258e-01,1.055883150547742844e-02,8.470797538757324219e-02,-4.319982528686523438e-01,8.978254795074462891e-01,-4.426294267177581787e-01,-1.555086225271224976e-01,4.497527778148651123e-01,5.326647162437438965e-01,-3.544257581233978271e-01,1.977670490741729736e-01,6.272632163017988205e-03,-8.414429426193237305e-02,-2.800611555576324463e-01,5.333693623542785645e-01,3.703951239585876465e-01,2.409515976905822754e-01,2.319389432668685913e-01,4.356315732002258301e-01,-1.967427879571914673e-01,-4.161384329199790955e-02,1.171522662043571472e-01,-6.243870034813880920e-02,1.853039711713790894e-01,3.139831423759460449e-01,1.433866173028945923e-01
-2.322276353836059570e+00,-5.781163573265075684e-01,6.087624430656433105e-01,8.669127710163593292e-03,8.295404911041259766e-02,-4.150647819042205811e-01,9.059606790542602539e-01,-4.736542105674743652e-01,-1.519996821880340576e-01,3.925109803676605225e-01,6.192403435707092285e-01,-3.665790557861328125e-01,2.552111446857452393e-01,-5.990910809487104416e-03,-9.564041346311569214e-02,-2.659165263175964355e-01,5.987149477005004883e-01,4.312511682510375977e-01,2.659209072589874268e-01,2.232099026441574097e-01,4.358915388584136963e-01,-2.042004317045211792e-01,-3.018218465149402618e-02,1.233844682574272156e-01,-5.528377369046211243e-02,1.800795048475265503e-01,3.113078176975250244e-01,1.449508816003799438e-01
-2.304517984390258789e+00,-6.041525602340698242e-01,5.890918970108032227e-01,7.192201446741819382e-03,7.485854625701904297e-02,-3.699433207511901855e-01,9.260056018829345703e-01,-4.835728704929351807e-01,-1.517402231693267822e-01,3.342297673225402832e-01,8.082847595214843750e-01,-4.821398854255676270e-01,2.565436661243438721e-01,-2.794598042964935303e-02,-1.340098381042480469e-01,-2.826780080795288086e-01,7.489449977874755859e-01,4.792143106460571289e-01,3.071859478950500488e-01,1.784611344337463379e-01,4.214950203895568848e-01,-2.069442719221115112e-01,-3.647325932979583740e-02,1.407264918088912964e-01,1.405471656471490860e-02,1.636073589324951172e-01,2.842316031455993652e-01,1.854258775711059570e-01
-2.281673908233642578e+00,-6.263014078140258789e-01,5.806452035903930664e-01,1.169971842318773270e-02,7.257565110921859741e-02,-3.232384324073791504e-01,9.434579014778137207e-01,-4.206345677375793457e-01,-1.751152575016021729e-01,3.145860731601715088e-01,8.390542864799499512e-01,-5.235999822616577148e-01,2.553798556327819824e-01,-1.141233891248703003e-01,-2.187721878290176392e-01,-2.969024181365966797e-01,9.913918375968933105e-01,3.205393850803375244e-01,2.775379121303558350e-01,1.096824333071708679e-01,3.606092035770416260e-01,-2.232602685689926147e-01,-4.773110151290893555e-02,1.814901530742645264e-01,9.614231437444686890e-02,1.571999639272689819e-01,2.036375552415847778e-01,3.318240046501159668e-01
-2.270043134689331055e+00,-6.370084881782531738e-01,5.802704691886901855e-01,1.186279021203517914e-02,7.158504426479339600e-02,-3.010391891002655029e-01,9.508471488952636719e-01,-3.983364701271057129e-01,-1.873702108860015869e-01,2.794675230979919434e-01,8.422589302062988281e-01,-5.235999822616577148e-01,2.535758018493652344e-01,-1.649608016014099121e-01,-2.605241537094116211e-01,-3.000552058219909668e-01,1.092560529708862305e+00,2.343953102827072144e-01,2.140516638755798340e-01,6.766296923160552979e-02,3.353073298931121826e-01,-2.218797802925109863e-01,-6.197900325059890747e-02,1.612241417169570923e-01,1.346092224121093750e-01,1.550206840038299561e-01,1.643376797437667847e-01,4.046940505504608154e-01
-2.245903730392456055e+00,-6.594417691230773926e-01,5.873385667800903320e-01,1.073745358735322952e-02,6.564188003540039062e-02,-2.523673474788665771e-01,9.653427004814147949e-01,-3.239084482192993164e-01,-2.044811546802520752e-01,1.873526126146316528e-01,8.106679916381835938e-01,-5.235999822616577148e-01,2.378787100315093994e-01,-2.551521956920623779e-01,-3.074101805686950684e-01,-3.089296221733093262e-01,1.217281818389892578e+00,3.795308247208595276e-02,3.224890679121017456e-02,-3.205298632383346558e-02,2.781451642513275146e-01,-2.185261845588684082e-01,-7.755205780267715454e-02,8.897240459918975830e-02,2.210216969251632690e-01,1.232209131121635437e-01,1.031145676970481873e-01,4.396468102931976318e-01
-2.222240686416625977e+00,-6.808536052703857422e-01,6.013675928115844727e-01,9.109213016927242279e-03,6.614152342081069946e-02,-2.229179590940475464e-01,9.725481271743774414e-01,-2.359468191862106323e-01,-1.963387131690979004e-01,1.405873149633407593e-01,7.223502397537231445e-01,-4.932092130184173584e-01,2.088005542755126953e-01,-3.626953363418579102e-01,-3.107407391071319580e-01,-2.874126732349395752e-01,1.228835940361022949e+00,-1.313137710094451904e-01,-9.957012534141540527e-02,-1.001687720417976379e-01,2.050259262323379517e-01,-2.111375033855438232e-01,-7.210419327020645142e-02,1.614976860582828522e-02,2.784081697463989258e-01,8.436240255832672119e-02,4.271300509572029114e-02,4.226945936679840088e-01
-2.210712432861328125e+00,-6.906147003173828125e-01,6.093139648437500000e-01,7.889845408499240875e-03,6.968548893928527832e-02,-2.159889638423919678e-01,9.738739132881164551e-01,-1.998182386159896851e-01,-1.848368346691131592e-01,1.298982053995132446e-01,6.676689982414245605e-01,-4.438925683498382568e-01,1.856814622879028320e-01,-4.146069288253784180e-01,-2.955829501152038574e-01,-2.678940296173095703e-01,1.182025194168090820e+00,-1.773547530174255371e-01,-1.115125641226768494e-01,-1.200282871723175049e-01,1.760882437229156494e-01,-2.010589987039566040e-01,-7.759267836809158325e-02,-2.855000644922256470e-02,2.959421873092651367e-01,6.988686323165893555e-02,2.034429274499416351e-02,4.151776134967803955e-01
-2.185755968093872070e+00,-7.109610438346862793e-01,6.256251335144042969e-01,3.129640361294150352e-03,7.466701418161392212e-02,-2.070163339376449585e-01,9.754790067672729492e-01,-1.318535804748535156e-01,-1.505333185195922852e-01,1.244035288691520691e-01,5.650442838668823242e-01,-2.982011437416076660e-01,1.321097165346145630e-01,-4.810594618320465088e-01,-2.306252419948577881e-01,-2.195539921522140503e-01,1.004932761192321777e+00,-2.302260547876358032e-01,-8.633361011743545532e-02,-1.450544893741607666e-01,1.389397084712982178e-01,-1.735510975122451782e-01,-9.526037424802780151e-02,-9.490308910608291626e-02,3.292969465255737305e-01,5.192046239972114563e-02,-5.524319596588611603e-03,3.954654932022094727e-01
-2.158696413040161133e+00,-7.329812645912170410e-01,6.389377117156982422e-01,-2.804156392812728882e-03,7.991657406091690063e-02,-2.063624113798141479e-01,9.752025604248046875e-01,-7.884132862091064453e-02,-1.094517856836318970e-01,1.392228603363037109e-01,4.866133630275726318e-01,-1.233608052134513855e-01,7.543689757585525513e-02,-5.014645457267761230e-01,-1.321460753679275513e-01,-1.280821859836578369e-01,7.383835315704345703e-01,-2.556424140930175781e-01,-1.977688819169998169e-02,-1.488136053085327148e-01,1.183490455150604248e-01,-1.403339952230453491e-01,-1.026040241122245789e-01,-1.201660931110382080e-01,3.425084650516510010e-01,4.504388943314552307e-02,-1.380996592342853546e-02,3.841163516044616699e-01
-2.144544124603271484e+00,-7.436688542366027832e-01,6.432039141654968262e-01,-4.491311963647603989e-03,8.329528570175170898e-02,-2.078787684440612793e-01,9.745912551879882812e-01,-6.465950608253479004e-02,-9.239362925291061401e-02,1.470747590065002441e-01,4.666217863559722900e-01,-3.586439415812492371e-02,5.006920173764228821e-02,-4.907146692276000977e-01,-8.946771919727325439e-02,-8.307961374521255493e-02,5.781080126762390137e-01,-2.620663046836853027e-01,5.013833940029144287e-02,-1.450069844722747803e-01,1.138188540935516357e-01,-1.252867579460144043e-01,-1.059379726648330688e-01,-1.227842345833778381e-01,3.363999724388122559e-01,4.369283840060234070e-02,-1.390441972762346268e-02,3.892122805118560791e-01
-2.114046335220336914e+00,-7.616617679595947266e-01,6.424756050109863281e-01,-2.304229186847805977e-03,8.657485991716384888e-02,-2.074625641107559204e-01,9.744017720222473145e-01,-7.003830373287200928e-02,-7.122437655925750732e-02,1.522892564535140991e-01,5.077199935913085938e-01,1.187201887369155884e-01,7.965462282299995422e-04,-4.838671386241912842e-01,-6.730751693248748779e-02,-1.772295683622360229e-02,3.662644028663635254e-01,-2.698063850402832031e-01,2.482466250658035278e-01,-1.308815628290176392e-01,1.195517405867576599e-01,-1.199651658535003662e-01,-1.232059821486473083e-01,-1.061913669109344482e-01,3.203154802322387695e-01,4.027322307229042053e-02,-9.394647553563117981e-03,4.049836695194244385e-01
-2.082993268966674805e+00,-7.808012962341308594e-01,6.300477385520935059e-01,1.359639107249677181e-03,8.213415741920471191e-02,-1.941968947649002075e-01,9.775171279907226562e-01,-1.153378337621688843e-01,-4.749243706464767456e-02,1.428402811288833618e-01,6.545305252075195312e-01,2.712199687957763672e-01,-3.089726343750953674e-02,-4.718331396579742432e-01,-4.813815653324127197e-02,-1.218156144022941589e-01,3.742479681968688965e-01,-2.676248550415039062e-01,2.357679307460784912e-01,-1.141726225614547729e-01,1.432532966136932373e-01,-1.428298503160476685e-01,-1.424192339181900024e-01,-5.361828207969665527e-02,3.112908005714416504e-01,5.770381912589073181e-02,-5.275854840874671936e-03,4.442363679409027100e-01
-2.067137241363525391e+00,-7.912506461143493652e-01,6.201145052909851074e-01,1.570243271999061108e-03,7.746852934360504150e-02,-1.874081045389175415e-01,9.792212843894958496e-01,-1.412487477064132690e-01,-2.490582689642906189e-02,1.515480577945709229e-01,7.399400472640991211e-01,3.642777204513549805e-01,-2.914685197174549103e-02,-4.780515134334564209e-01,-5.589388310909271240e-02,-1.526471674442291260e-01,4.750281870365142822e-01,-2.790712416172027588e-01,1.771084666252136230e-01,-9.368738532066345215e-02,1.573279649019241333e-01,-1.563627868890762329e-01,-1.391998231410980225e-01,-1.250526681542396545e-02,3.115615844726562500e-01,7.764152437448501587e-02,-2.370479196542873979e-04,4.712829589843750000e-01
-2.039486646652221680e+00,-8.171147704124450684e-01,5.997456908226013184e-01,-4.375308053568005562e-04,6.223788857460021973e-02,-1.805680841207504272e-01,9.815912842750549316e-01,-1.596248000860214233e-01,5.554523319005966187e-02,2.300178408622741699e-01,8.812421560287475586e-01,4.776170849800109863e-01,-7.962952554225921631e-02,-4.991342127323150635e-01,-4.870597645640373230e-02,-1.260347366333007812e-01,7.343980669975280762e-01,-3.819087445735931396e-01,6.179786846041679382e-02,-2.330654673278331757e-02,2.261160165071487427e-01,-1.917819380760192871e-01,-8.329615741968154907e-02,6.160787492990493774e-02,3.288878202438354492e-01,1.261883080005645752e-01,3.284873068332672119e-02,5.147494673728942871e-01
-2.003111600875854492e+00,-8.373361825942993164e-01,5.927110314369201660e-01,3.130560973659157753e-03,6.069530919194221497e-02,-1.764640510082244873e-01,9.824289679527282715e-01,-2.595269381999969482e-01,1.451836824417114258e-01,2.945066690444946289e-01,1.090750217437744141e+00,3.295229077339172363e-01,-5.790133029222488403e-03,-4.725762307643890381e-01,-4.810114577412605286e-02,-1.392021775245666504e-01,8.595938682556152344e-01,-5.086807608604431152e-01,1.417743507772684097e-02,6.782012432813644409e-02,3.072069287300109863e-01,-2.053111791610717773e-01,-3.455306962132453918e-02,1.031384617090225220e-01,2.901939451694488525e-01,1.532296985387802124e-01,8.551985770463943481e-02,5.373347401618957520e-01
-1.984776020050048828e+00,-8.460684418678283691e-01,5.931243896484375000e-01,5.340754985809326172e-03,6.202670931816101074e-02,-1.692294776439666748e-01,9.836084246635437012e-01,-3.261980116367340088e-01,1.751739531755447388e-01,3.035500347614288330e-01,1.173473477363586426e+00,2.467444390058517456e-01,7.759286463260650635e-02,-4.210583567619323730e-01,-5.393521860241889954e-02,-1.591563373804092407e-01,8.456292152404785156e-01,-5.235999822616577148e-01,9.027097374200820923e-03,1.045524552464485168e-01,3.405451178550720215e-01,-1.999901533126831055e-01,-2.519246749579906464e-02,1.041636466979980469e-01,2.606923282146453857e-01,1.633074134588241577e-01,1.104539409279823303e-01,5.156518220901489258e-01
-1.946011066436767578e+00,-8.589916229248046875e-01,6.000499725341796875e-01,6.593696307390928268e-03,6.334128975868225098e-02,-1.349139362573623657e-01,9.888086915016174316e-01,-4.544204771518707275e-01,1.774264127016067505e-01,2.742582559585571289e-01,1.234811663627624512e+00,9.090824425220489502e-02,1.220916584134101868e-01,-3.102816939353942871e-01,-5.421429127454757690e-02,-1.905567348003387451e-01,7.781479954719543457e-01,-5.235999822616577148e-01,6.665145047008991241e-03,1.381805241107940674e-01,3.984370827674865723e-01,-1.565653681755065918e-01,-1.582605391740798950e-02,8.012533187866210938e-02,2.101132124662399292e-01,1.745249032974243164e-01,1.448975801467895508e-01,4.081685245037078857e-01
-1.906460642814636230e+00,-8.668854236602783203e-01,6.112784147262573242e-01,4.812057595700025558e-03,6.693851947784423828e-02,-1.075177639722824097e-01,9.919354915618896484e-01,-5.561200976371765137e-01,1.374118775129318237e-01,2.399349808692932129e-01,1.181611061096191406e+00,-2.188576199114322662e-02,7.027988135814666748e-02,-1.962929368019104004e-01,-4.599002003669738770e-02,-2.267275452613830566e-01,6.662104129791259766e-01,-4.544565677642822266e-01,2.831788919866085052e-02,1.831377744674682617e-01,4.369202554225921631e-01,-1.123785302042961121e-01,-3.023999929428100586e-02,7.381464540958404541e-02,1.686778664588928223e-01,1.788043677806854248e-01,1.700535565614700317e-01,2.654114663600921631e-01
-1.886752247810363770e+00,-8.703487515449523926e-01,6.180620193481445312e-01,3.132778452709317207e-03,7.098798453807830811e-02,-9.407070279121398926e-02,9.930264949798583984e-01,-5.928477644920349121e-01,1.063817739486694336e-01,2.226313054561614990e-01,1.106954336166381836e+00,-5.320523306727409363e-02,5.048731714487075806e-02,-1.475210040807723999e-01,-3.687812015414237976e-02,-2.413068860769271851e-01,5.987633466720581055e-01,-3.606982827186584473e-01,4.043965786695480347e-02,2.009356170892715454e-01,4.521476924419403076e-01,-9.772292524576187134e-02,-4.249761626124382019e-02,7.429131865501403809e-02,1.513084173202514648e-01,1.772420406341552734e-01,1.846018582582473755e-01,1.948634088039398193e-01
-1.846780061721801758e+00,-8.752346038818359375e-01,6.319449543952941895e-01,4.391356778796762228e-04,7.750548422336578369e-02,-7.072151452302932739e-02,9.944803714752197266e-01,-6.181172132492065430e-01,4.390027746558189392e-02,2.211383879184722900e-01,8.905298113822937012e-01,-1.002827137708663940e-01,1.808356121182441711e-02,-5.906195938587188721e-02,-1.744006387889385223e-02,-2.601338326930999756e-01,4.612949788570404053e-01,-1.273797303438186646e-01,5.326443538069725037e-02,2.299402207136154175e-01,4.737954735755920410e-01,-8.926621824502944946e-02,-5.971704795956611633e-02,9.775354713201522827e-02,1.254061460494995117e-01,1.656749397516250610e-01,2.150948494672775269e-01,9.165211021900177002e-02
-1.806659579277038574e+00,-8.767190575599670410e-01,6.422615647315979004e-01,2.656868426129221916e-03,8.348703384399414062e-02,-4.475079849362373352e-02,9.954999685287475586e-01,-5.766826868057250977e-01,-2.787412516772747040e-02,2.602995336055755615e-01,6.084455847740173340e-01,-1.565330922603607178e-01,-1.221134979277849197e-02,7.669902872294187546e-03,-7.734034676104784012e-03,-2.707141339778900146e-01,3.491618037223815918e-01,1.122216433286666870e-01,5.908065289258956909e-02,2.345876395702362061e-01,4.737455844879150391e-01,-1.070573404431343079e-01,-6.830517202615737915e-02,1.309422552585601807e-01,1.036668717861175537e-01,1.371652334928512573e-01,2.294088900089263916e-01,4.850953444838523865e-02
-1.786381840705871582e+00,-8.783807754516601562e-01,6.447635889053344727e-01,3.413021098822355270e-03,8.677525073289871216e-02,-3.595803305506706238e-02,9.955729246139526367e-01,-5.493735671043395996e-01,-5.012780055403709412e-02,2.695895135402679443e-01,4.858806431293487549e-01,-1.875016987323760986e-01,-3.876556456089019775e-02,2.339941635727882385e-02,-4.062349908053874969e-03,-2.519672811031341553e-01,3.286153674125671387e-01,2.094142287969589233e-01,6.135880947113037109e-02,2.342616915702819824e-01,4.688546657562255859e-01,-1.104982346296310425e-01,-7.278135418891906738e-02,1.301667243242263794e-01,9.731473028659820557e-02,1.216786429286003113e-01,2.347466349601745605e-01,4.601445421576499939e-02
-1.744101166725158691e+00,-8.822777271270751953e-01,6.416974067687988281e-01,3.172273980453610420e-03,8.529397845268249512e-02,-2.536972053349018097e-02,9.960277080535888672e-01,-5.270122289657592773e-01,-8.189406991004943848e-02,2.506724596023559570e-01,4.120189249515533447e-01,-1.912088841199874878e-01,1.516016107052564621e-02,2.487101219594478607e-02,-1.116432622075080872e-02,-2.015877664089202881e-01,3.970249593257904053e-01,3.433403670787811279e-01,7.380358874797821045e-02,2.285465300083160400e-01,4.593320190906524658e-01,-1.159654632210731506e-01,-7.632347941398620605e-02,1.223747134208679199e-01,1.074482277035713196e-01,1.068888679146766663e-01,2.333361208438873291e-01,9.334300458431243896e-02
-1.702159166336059570e+00,-8.851522207260131836e-01,6.256694197654724121e-01,1.244991668500006199e-03,7.115852832794189453e-02,-2.056257426738739014e-02,9.972522854804992676e-01,-5.403164625167846680e-01,-7.022841274738311768e-02,2.261527776718139648e-01,5.834730267524719238e-01,-2.324153482913970947e-01,9.135825932025909424e-02,7.135003339499235153e-03,-3.588658198714256287e-02,-1.877219527959823608e-01,5.578201413154602051e-01,4.588555693626403809e-01,6.846114993095397949e-02,2.040087133646011353e-01,4.541644752025604248e-01,-1.283473223447799683e-01,-6.611801683902740479e-02,1.232232749462127686e-01,1.460418105125427246e-01,1.093633994460105896e-01,2.053167074918746948e-01,1.981106251478195190e-01
-1.680184125900268555e+00,-8.862217664718627930e-01,6.144711971282958984e-01,8.534744847565889359e-04,6.259478628635406494e-02,-1.416852232068777084e-02,9.979380965232849121e-01,-5.379003286361694336e-01,-7.453103363513946533e-02,1.964715123176574707e-01,6.798225045204162598e-01,-2.600803375244140625e-01,1.129545941948890686e-01,1.310973428189754486e-03,-5.775529891252517700e-02,-2.138743549585342407e-01,6.458323597908020020e-01,4.914570748805999756e-01,1.074377596378326416e-01,1.775294244289398193e-01,4.491606652736663818e-01,-1.376912146806716919e-01,-6.558775156736373901e-02,1.283035278320312500e-01,1.796432733535766602e-01,1.109441220760345459e-01,1.801279336214065552e-01,2.585162818431854248e-01
-1.635578870773315430e+00,-8.851087093353271484e-01,6.004428863525390625e-01,6.613333709537982941e-03,4.479947686195373535e-02,-9.906778577715158463e-04,9.989736080169677734e-01,-4.828816056251525879e-01,-8.561060577630996704e-02,2.130477428436279297e-01,8.238181471824645996e-01,-4.003205895423889160e-01,1.420345455408096313e-01,-4.818097501993179321e-02,-1.387908756732940674e-01,-2.691564559936523438e-01,8.892952203750610352e-01,3.896646201610565186e-01,1.412754803895950317e-01,1.070878878235816956e-01,4.103653728961944580e-01,-1.781533360481262207e-01,-6.892128288745880127e-02,1.876284182071685791e-01,2.531248629093170166e-01,1.042653620243072510e-01,9.953521192073822021e-02,4.196177423000335693e-01
-1.592304229736328125e+00,-8.842222094535827637e-01,5.963162779808044434e-01,6.298212334513664246e-03,3.930344432592391968e-02,7.842735387384891510e-03,9.991766810417175293e-01,-4.012780785560607910e-01,-9.355547279119491577e-02,2.065632343292236328e-01,8.434519171714782715e-01,-4.684968292713165283e-01,1.466369032859802246e-01,-1.722109019756317139e-01,-2.130021303892135620e-01,-2.903794944286346436e-01,1.127103209495544434e+00,2.311845272779464722e-01,6.789233535528182983e-02,2.613506093621253967e-02,3.549495637416839600e-01,-1.978476196527481079e-01,-9.207385033369064331e-02,1.885924339294433594e-01,3.071001470088958740e-01,1.058528646826744080e-01,3.773719444870948792e-02,5.278340578079223633e-01
-1.570689439773559570e+00,-8.853661417961120605e-01,5.978258252143859863e-01,5.506253335624933243e-03,3.782472014427185059e-02,8.395690470933914185e-03,9.992339611053466797e-01,-3.620928823947906494e-01,-9.785179793834686279e-02,1.901072263717651367e-01,8.345339894294738770e-01,-4.850037693977355957e-01,1.421126127243041992e-01,-2.429271489381790161e-01,-2.296616435050964355e-01,-2.811345458030700684e-01,1.201585888862609863e+00,1.560323387384414673e-01,1.843335665762424469e-02,-1.124382205307483673e-02,3.344767391681671143e-01,-1.952529996633529663e-01,-1.169291064143180847e-01,1.454506665468215942e-01,3.337135612964630127e-01,9.181621670722961426e-02,2.815361134707927704e-02,5.181198120117187500e-01
-1.526775836944580078e+00,-8.888947367668151855e-01,6.073918342590332031e-01,4.186266567558050156e-03,3.242025524377822876e-02,1.478369161486625671e-02,9.993562102317810059e-01,-2.450376451015472412e-01,-1.038898229598999023e-01,1.687629669904708862e-01,7.513044476509094238e-01,-4.720196425914764404e-01,1.220847740769386292e-01,-3.642773926258087158e-01,-2.314630150794982910e-01,-2.721377313137054443e-01,1.249406695365905762e+00,2.149511873722076416e-02,-6.165713071823120117e-02,-9.844747185707092285e-02,2.852497100830078125e-01,-1.837117820978164673e-01,-1.277336925268173218e-01,6.261968612670898438e-02,3.707462847232818604e-01,5.983702093362808228e-02,3.276842879131436348e-03,4.762464463710784912e-01
-1.484007358551025391e+00,-8.932487964630126953e-01,6.208457946777343750e-01,2.298680599778890610e-03,3.639938309788703918e-02,3.017497481778264046e-03,9.993301033973693848e-01,-1.401407271623611450e-01,-9.861505031585693359e-02,1.837662011384963989e-01,6.230702996253967285e-01,-3.635428547859191895e-01,7.382411509752273560e-02,-4.840610325336456299e-01,-1.866466999053955078e-01,-2.360717654228210449e-01,1.181137204170227051e+00,-8.659890294075012207e-02,-7.047213613986968994e-02,-1.405347585678100586e-01,2.318653315305709839e-01,-1.600855290889739990e-01,-1.393703520298004150e-01,-3.022090531885623932e-02,3.852131664752960205e-01,3.666040301322937012e-02,-4.970596171915531158e-03,4.281846880912780762e-01
-1.462659478187561035e+00,-8.950819373130798340e-01,6.283604502677917480e-01,2.051796298474073410e-03,3.957033157348632812e-02,-3.448988310992717743e-03,9.992087483406066895e-01,-9.307207167148590088e-02,-9.395090490579605103e-02,1.959084123373031616e-01,5.574986338615417480e-01,-2.787865996360778809e-01,4.193994775414466858e-02,-5.237242579460144043e-01,-1.568484306335449219e-01,-2.257022261619567871e-01,1.100442051887512207e+00,-1.310103088617324829e-01,-6.301862746477127075e-02,-1.543419212102890015e-01,2.087523043155670166e-01,-1.464848369359970093e-01,-1.519242525100708008e-01,-7.059432566165924072e-02,3.902373015880584717e-01,2.822037599980831146e-02,-5.263649392873048782e-03,4.053606390953063965e-01
-1.419518709182739258e+00,-9.000551700592041016e-01,6.425746083259582520e-01,-1.118516316637396812e-03,4.403544217348098755e-02,-1.656550541520118713e-02,9.988920092582702637e-01,-1.405130233615636826e-02,-7.698740810155868530e-02,2.170379906892776489e-01,4.460393786430358887e-01,-7.815229892730712891e-02,-2.433628775179386139e-02,-5.352523922920227051e-01,-6.903631240129470825e-02,-2.140116542577743530e-01,8.341537714004516602e-01,-2.079115957021713257e-01,-5.107603594660758972e-02,-1.730939894914627075e-01,1.767099052667617798e-01,-1.123382300138473511e-01,-1.678686589002609253e-01,-1.213028728961944580e-01,3.882977664470672607e-01,2.581414207816123962e-02,-1.545865274965763092e-02,3.915781378746032715e-01
-1.375208497047424316e+00,-9.047824144363403320e-01,6.505826711654663086e-01,-5.278652068227529526e-03,5.059880763292312622e-02,-2.763795666396617889e-02,9.983226060867309570e-01,3.150554001331329346e-02,-6.114109233021736145e-02,2.250604182481765747e-01,3.832476735115051270e-01,1.230838149785995483e-01,-7.918175309896469116e-02,-4.906062483787536621e-01,1.334816031157970428e-02,-1.639377176761627197e-01,5.023409724235534668e-01,-2.729617953300476074e-01,3.154848515987396240e-02,-1.768435835838317871e-01,1.578945070505142212e-01,-7.399871945381164551e-02,-1.788186877965927124e-01,-1.432448327541351318e-01,3.683910071849822998e-01,3.762774914503097534e-02,-2.610704489052295685e-02,3.989216387271881104e-01
-1.352375388145446777e+00,-9.047672748565673828e-01,6.507218480110168457e-01,-5.030821077525615692e-03,5.200022086501121521e-02,-2.877029404044151306e-02,9.982199072837829590e-01,4.230339080095291138e-02,-5.569176375865936279e-02,2.202201336622238159e-01,3.911842405796051025e-01,1.991712003946304321e-01,-1.057185456156730652e-01,-4.750222861766815186e-01,2.069026045501232147e-02,-1.325064152479171753e-01,3.906876444816589355e-01,-3.026871085166931152e-01,9.051699936389923096e-02,-1.768682450056076050e-01,1.539926081895828247e-01,-6.490299105644226074e-02,-1.861734390258789062e-01,-1.402000486850738525e-01,3.607681393623352051e-01,4.129755869507789612e-02,-2.979398518800735474e-02,4.000294804573059082e-01
-1.306139230728149414e+00,-9.061093926429748535e-01,6.406385898590087891e-01,-1.537812640890479088e-03,4.915989562869071960e-02,-2.620878815650939941e-02,9.984458088874816895e-01,2.633356302976608276e-02,-3.238426893949508667e-02,2.149900048971176147e-01,5.096881985664367676e-01,3.296992182731628418e-01,-1.465658694505691528e-01,-4.558975994586944580e-01,3.962393477559089661e-02,-1.416430324316024780e-01,3.673454225063323975e-01,-3.184806704521179199e-01,2.407877519726753235e-02,-1.662067025899887085e-01,1.639298647642135620e-01,-7.604658603668212891e-02,-2.066242545843124390e-01,-1.012201234698295593e-01,3.459033668041229248e-01,5.415825173258781433e-02,-2.456518635153770447e-02,4.035975635051727295e-01
-1.256370902061462402e+00,-9.101599454879760742e-01,6.173686981201171875e-01,3.720486536622047424e-03,3.876566886901855469e-02,-1.682313904166221619e-02,9.990997910499572754e-01,5.941178649663925171e-03,2.114649675786495209e-02,2.465160042047500610e-01,6.925132274627685547e-01,4.323368370532989502e-01,-2.048727571964263916e-01,-4.597638547420501709e-01,2.526752837002277374e-02,-1.370460987091064453e-01,5.133606791496276855e-01,-2.367095202207565308e-01,-3.639555722475051880e-02,-1.390020251274108887e-01,2.036059945821762085e-01,-1.040156632661819458e-01,-2.203937917947769165e-01,-2.274928987026214600e-02,3.239493668079376221e-01,7.036215811967849731e-02,1.360570173710584641e-02,3.991913199424743652e-01
-1.232562422752380371e+00,-9.170435070991516113e-01,6.070250272750854492e-01,-2.279054751852527261e-05,3.144294396042823792e-02,-2.244517579674720764e-02,9.992535114288330078e-01,-7.588407490402460098e-03,7.139213383197784424e-02,2.936930954456329346e-01,8.045712709426879883e-01,4.105125367641448975e-01,-2.484075576066970825e-01,-4.830752015113830566e-01,5.186073482036590576e-02,-1.196620687842369080e-01,6.707820296287536621e-01,-2.915931046009063721e-01,-1.032348647713661194e-01,-1.029261872172355652e-01,2.436568439006805420e-01,-1.083645522594451904e-01,-1.943094730377197266e-01,3.577036410570144653e-02,2.983382642269134521e-01,8.885280787944793701e-02,5.732921138405799866e-02,4.020533263683319092e-01
-1.182690739631652832e+00,-9.236525893211364746e-01,5.964564085006713867e-01,-4.712882451713085175e-03,2.986582741141319275e-02,-4.039982706308364868e-02,9.987260103225708008e-01,-1.130995973944664001e-01,1.679256707429885864e-01,3.397365808486938477e-01,1.041422247886657715e+00,3.044674992561340332e-01,-1.936605572700500488e-01,-4.750335812568664551e-01,6.534667313098907471e-02,-1.381385326385498047e-01,8.506455421447753906e-01,-4.486575722694396973e-01,-1.278188675642013550e-01,-1.140062115155160427e-03,3.264401853084564209e-01,-1.101227030158042908e-01,-1.309700906276702881e-01,1.431177109479904175e-01,1.850734949111938477e-01,1.021848469972610474e-01,1.396368145942687988e-01,4.026062786579132080e-01
-1.134250640869140625e+00,-9.242828488349914551e-01,5.944564342498779297e-01,-3.829671302810311317e-03,3.495710343122482300e-02,-3.666657581925392151e-02,9.987086057662963867e-01,-2.590392231941223145e-01,2.336411923170089722e-01,3.355030715465545654e-01,1.191195130348205566e+00,2.073033601045608521e-01,-4.777942225337028503e-02,-4.002214968204498291e-01,5.281160771846771240e-02,-1.475570946931838989e-01,8.635085225105285645e-01,-5.235999822616577148e-01,-1.188686192035675049e-01,6.704901158809661865e-02,4.093251824378967285e-01,-1.031538993120193481e-01,-1.110107526183128357e-01,1.525331735610961914e-01,8.302219212055206299e-02,9.159348160028457642e-02,2.210109978914260864e-01,3.144368231296539307e-01
-1.110387563705444336e+00,-9.235665798187255859e-01,5.971568822860717773e-01,-5.943036638200283051e-03,3.584122285246849060e-02,-3.383411094546318054e-02,9.987668991088867188e-01,-3.259820044040679932e-01,2.528435289859771729e-01,3.280601501464843750e-01,1.216492414474487305e+00,1.577102541923522949e-01,-5.158005747944116592e-03,-3.530741930007934570e-01,6.158267706632614136e-02,-1.320635825395584106e-01,8.379080295562744141e-01,-5.235999822616577148e-01,-1.140350326895713806e-01,1.031727492809295654e-01,4.390415251255035400e-01,-8.335950225591659546e-02,-9.331426769495010376e-02,1.455555260181427002e-01,4.730641841888427734e-02,9.214113652706146240e-02,2.458825260400772095e-01,2.617228925228118896e-01
-1.062531590461730957e+00,-9.205495715141296387e-01,6.065413951873779297e-01,-9.045942686498165131e-03,3.700385987758636475e-02,-2.603774517774581909e-02,9.989348649978637695e-01,-4.523822665214538574e-01,2.467439323663711548e-01,2.952477037906646729e-01,1.197249174118041992e+00,5.593157559633255005e-02,1.912637613713741302e-02,-2.315805405378341675e-01,6.068346276879310608e-02,-1.326747685670852661e-01,7.347536087036132812e-01,-5.016793608665466309e-01,-8.480478078126907349e-02,1.708817034959793091e-01,4.777450263500213623e-01,-5.259576067328453064e-02,-6.714842468500137329e-02,1.357022523880004883e-01,-3.703932743519544601e-03,9.397709369659423828e-02,2.539588510990142822e-01,1.763127744197845459e-01
-1.016335606575012207e+00,-9.168152809143066406e-01,6.200712919235229492e-01,-1.278836000710725784e-02,4.216318204998970032e-02,-4.315900616347789764e-03,9.990195631980895996e-01,-5.611301660537719727e-01,2.026340365409851074e-01,2.480923235416412354e-01,1.071262240409851074e+00,-1.706403680145740509e-02,9.017056785523891449e-03,-1.191406473517417908e-01,5.867133662104606628e-02,-1.611743867397308350e-01,5.894220471382141113e-01,-3.445539474487304688e-01,-5.052409693598747253e-02,1.988735795021057129e-01,5.000278949737548828e-01,-4.732972756028175354e-02,-6.293655931949615479e-02,1.237993165850639343e-01,-2.871711924672126770e-02,7.277078926563262939e-02,2.705682814121246338e-01,7.090379297733306885e-02
-9.932292699813842773e-01,-9.130473732948303223e-01,6.271278858184814453e-01,-1.381161902099847794e-02,4.382602870464324951e-02,6.476914975792169571e-03,9.989227056503295898e-01,-5.853807330131530762e-01,1.701836585998535156e-01,2.407755404710769653e-01,9.581121206283569336e-01,-3.344819322228431702e-02,9.490197524428367615e-03,-6.688141822814941406e-02,5.621023848652839661e-02,-1.766007095575332642e-01,5.196899771690368652e-01,-2.424772083759307861e-01,-3.731647878885269165e-02,2.041835784912109375e-01,5.064023733139038086e-01,-5.535012856125831604e-02,-5.762542411684989929e-02,1.253875941038131714e-01,-3.342150524258613586e-02,6.018613278865814209e-02,2.816193401813507080e-01,2.987952902913093567e-02
-9.478524327278137207e-01,-9.028383493423461914e-01,6.384240388870239258e-01,-1.346164196729660034e-02,4.970492422580718994e-02,2.852347120642662048e-02,9.982658028602600098e-01,-5.772472620010375977e-01,8.913360536098480225e-02,2.296817302703857422e-01,6.764822006225585938e-01,-9.276083856821060181e-02,-1.909667067229747772e-02,9.611211717128753662e-03,5.323607847094535828e-02,-2.015213072299957275e-01,4.054657220840454102e-01,-1.806907355785369873e-02,-2.833002060651779175e-02,1.972048133611679077e-01,5.028892755508422852e-01,-8.590666949748992920e-02,-5.597723275423049927e-02,1.356531679630279541e-01,-4.527662694454193115e-02,3.946081176400184631e-02,2.867555916309356689e-01,-2.723609213717281818e-04
-9.035725593566894531e-01,-8.961478471755981445e-01,6.421217918395996094e-01,-1.671583391726016998e-02,5.719969421625137329e-02,4.255282133817672729e-02,9.973154067993164062e-01,-5.522812604904174805e-01,5.177127942442893982e-02,1.872780919075012207e-01,4.695755243301391602e-01,-2.078753560781478882e-01,-1.041687726974487305e-01,2.979577705264091492e-02,5.655303969979286194e-02,-1.896533966064453125e-01,3.975167274475097656e-01,1.559584140777587891e-01,-2.259143069386482239e-02,1.721474379301071167e-01,4.871705770492553711e-01,-1.083890274167060852e-01,-7.306553423404693604e-02,1.294344216585159302e-01,-4.706780239939689636e-02,3.439299017190933228e-02,2.914109230041503906e-01,5.079642403870820999e-03
-8.797655701637268066e-01,-8.928226232528686523e-01,6.396961808204650879e-01,-1.810898631811141968e-02,5.460090190172195435e-02,4.598116502165794373e-02,9.972845911979675293e-01,-5.267009735107421875e-01,4.470545426011085510e-02,1.811169385910034180e-01,4.315456449985504150e-01,-2.411793768405914307e-01,-1.238215714693069458e-01,2.684172615408897400e-02,4.955953732132911682e-02,-1.854945868253707886e-01,4.530990719795227051e-01,2.184611707925796509e-01,-1.812927611172199249e-02,1.564056277275085449e-01,4.785638153553009033e-01,-1.097058579325675964e-01,-8.234132081270217896e-02,1.298168152570724487e-01,-3.129446133971214294e-02,3.674122691154479980e-02,2.938525378704071045e-01,1.901859231293201447e-02
-8.302120566368103027e-01,-8.849029541015625000e-01,6.250429749488830566e-01,-1.545298378914594650e-02,4.011997580528259277e-02,4.245707020163536072e-02,9.981728196144104004e-01,-5.141276717185974121e-01,4.170567169785499573e-02,1.990370154380798340e-01,5.558871626853942871e-01,-2.093297541141510010e-01,1.050200444296933711e-05,1.245399657636880875e-02,3.805644228123128414e-04,-2.082634270191192627e-01,6.271691918373107910e-01,3.387106359004974365e-01,-2.575816400349140167e-02,1.245910301804542542e-01,4.571668803691864014e-01,-1.039473637938499451e-01,-1.090209335088729858e-01,1.334191858768463135e-01,2.037193439900875092e-02,5.004640296101570129e-02,2.620577514171600342e-01,1.023151725530624390e-01
-7.831332683563232422e-01,-8.722951412200927734e-01,6.051351428031921387e-01,-8.062950335443019867e-03,2.279766276478767395e-02,4.661763831973075867e-02,9.986200928688049316e-01,-5.056868195533752441e-01,2.369854412972927094e-02,1.799091845750808716e-01,7.512616515159606934e-01,-2.743218839168548584e-01,5.782397836446762085e-02,-3.015068825334310532e-03,-8.319436758756637573e-02,-2.813011407852172852e-01,8.288623094558715820e-01,3.726096451282501221e-01,1.701495796442031860e-02,6.347935646772384644e-02,4.086047708988189697e-01,-1.013340279459953308e-01,-1.669023036956787109e-01,1.512104272842407227e-01,1.090498343110084534e-01,5.747743323445320129e-02,1.886082440614700317e-01,2.156452089548110962e-01
-7.588497996330261230e-01,-8.665247559547424316e-01,5.995246767997741699e-01,-1.760261482559144497e-03,1.657150685787200928e-02,4.784411936998367310e-02,9.987158179283142090e-01,-4.821990430355072021e-01,1.035924162715673447e-02,1.976408511400222778e-01,8.298538923263549805e-01,-3.493092060089111328e-01,7.437548786401748657e-02,-4.209399223327636719e-02,-1.339481770992279053e-01,-3.004710674285888672e-01,9.644954204559326172e-01,2.974485158920288086e-01,1.732550747692584991e-02,2.458232641220092773e-02,3.596914410591125488e-01,-1.063038930296897888e-01,-1.930819600820541382e-01,1.751170009374618530e-01,1.562736183404922485e-01,5.591218918561935425e-02,1.463170647621154785e-01,2.863670885562896729e-01
-7.133571505546569824e-01,-8.578469157218933105e-01,5.943002700805664062e-01,1.839092699810862541e-03,1.362198218703269958e-02,4.787346348166465759e-02,9.987588524818420410e-01,-3.952632546424865723e-01,1.746279885992407799e-03,2.210824191570281982e-01,8.686510324478149414e-01,-4.510463774204254150e-01,7.513472437858581543e-02,-1.709495484828948975e-01,-2.035005092620849609e-01,-3.144256472587585449e-01,1.187260270118713379e+00,1.686985939741134644e-01,-5.705201625823974609e-02,-4.992033541202545166e-02,2.427654862403869629e-01,-8.333238959312438965e-02,-2.289663553237915039e-01,1.810222566127777100e-01,2.284965962171554565e-01,6.145292893052101135e-02,7.456047832965850830e-02,4.030598700046539307e-01
-6.688517928123474121e-01,-8.539735078811645508e-01,5.970634222030639648e-01,4.652512725442647934e-03,7.658054586499929428e-03,4.477345570921897888e-02,9.989569783210754395e-01,-3.040826022624969482e-01,-1.443272642791271210e-02,2.095526903867721558e-01,8.575320839881896973e-01,-5.028383731842041016e-01,6.402643769979476929e-02,-3.002317249774932861e-01,-2.123675644397735596e-01,-2.890078127384185791e-01,1.275195360183715820e+00,7.323250174522399902e-02,-1.307347267866134644e-01,-1.279887259006500244e-01,1.682824194431304932e-01,-5.559047311544418335e-02,-2.300346195697784424e-01,1.094472780823707581e-01,2.842989563941955566e-01,3.635631501674652100e-02,3.903324529528617859e-02,4.294736087322235107e-01
-6.462078094482421875e-01,-8.528118729591369629e-01,6.013284921646118164e-01,4.648474510759115219e-03,4.737264942377805710e-03,4.495554417371749878e-02,9.989669322967529297e-01,-2.453083992004394531e-01,-2.165403030812740326e-02,2.064300924539566040e-01,8.207258582115173340e-01,-5.061956048011779785e-01,5.771629139780998230e-02,-3.589194715023040771e-01,-1.944431066513061523e-01,-2.732079029083251953e-01,1.275350809097290039e+00,3.052000142633914948e-02,-1.443948149681091309e-01,-1.713048964738845825e-01,1.389316618442535400e-01,-5.233326181769371033e-02,-2.123315930366516113e-01,8.186428993940353394e-02,3.044624030590057373e-01,1.820879802107810974e-02,2.636322006583213806e-02,4.203173518180847168e-01
-6.023221015930175781e-01,-8.495731353759765625e-01,6.129909753799438477e-01,3.078906796872615814e-03,7.620118558406829834e-03,2.967342548072338104e-02,9.995258450508117676e-01,-1.372437924146652222e-01,-3.383508697152137756e-02,2.244538664817810059e-01,7.080006003379821777e-01,-4.404758810997009277e-01,2.721231430768966675e-02,-4.719353616237640381e-01,-1.274256408214569092e-01,-2.228632718324661255e-01,1.196674585342407227e+00,-5.786990374326705933e-02,-1.508817523717880249e-01,-2.162952423095703125e-01,8.340765535831451416e-02,-5.343567952513694763e-02,-1.749949306249618530e-01,3.887630254030227661e-02,3.191333115100860596e-01,-2.343727275729179382e-03,1.758413156494498253e-03,4.029060602188110352e-01
-5.582777261734008789e-01,-8.455777168273925781e-01,6.273540854454040527e-01,1.816063537262380123e-03,9.836317971348762512e-03,1.495171897113323212e-02,9.998381733894348145e-01,-3.498933836817741394e-02,-4.044803231954574585e-02,2.416474074125289917e-01,5.819295048713684082e-01,-2.791034877300262451e-01,-3.350211679935455322e-02,-5.079692006111145020e-01,-5.799987167119979858e-02,-2.135488837957382202e-01,9.865971803665161133e-01,-1.218013912439346313e-01,-1.459994018077850342e-01,-2.448560893535614014e-01,5.038299039006233215e-02,-4.575106874108314514e-02,-1.565823405981063843e-01,-5.489462055265903473e-03,3.389933705329895020e-01,-3.578568110242486000e-03,-2.532540448009967804e-02,3.859466910362243652e-01
-5.360893607139587402e-01,-8.446667194366455078e-01,6.340183615684509277e-01,-1.475414610467851162e-04,1.114592049270868301e-02,5.795936565846204758e-03,9.999210834503173828e-01,1.116875652223825455e-02,-3.837767988443374634e-02,2.557426095008850098e-01,5.203817486763000488e-01,-1.745146065950393677e-01,-7.162421941757202148e-02,-4.950301349163055420e-01,-1.040198933333158493e-02,-2.143067717552185059e-01,8.296699523925781250e-01,-1.436171829700469971e-01,-1.425369828939437866e-01,-2.502247989177703857e-01,3.999019786715507507e-02,-3.392930328845977783e-02,-1.474526971578598022e-01,-2.354020625352859497e-02,3.466888964176177979e-01,4.793797153979539871e-03,-3.687467798590660095e-02,3.796343207359313965e-01
-4.907789230346679688e-01,-8.424997329711914062e-01,6.429693102836608887e-01,-2.577039413154125214e-03,1.733371242880821228e-02,-8.398506790399551392e-03,9.998111724853515625e-01,7.235465198755264282e-02,-3.759837895631790161e-02,2.651008069515228271e-01,4.261066317558288574e-01,5.756051093339920044e-02,-1.431963294744491577e-01,-4.254840314388275146e-01,8.326229453086853027e-02,-1.868736743927001953e-01,4.675533473491668701e-01,-2.038975954055786133e-01,-6.954936683177947998e-02,-2.537932395935058594e-01,2.608665451407432556e-02,-9.375304915010929108e-03,-1.394013464450836182e-01,-4.782374203205108643e-02,3.427609205245971680e-01,3.069922327995300293e-02,-5.276568233966827393e-02,3.749431669712066650e-01
-4.427620172500610352e-01,-8.341765403747558594e-01,6.414594054222106934e-01,2.801259048283100128e-03,1.900942623615264893e-02,-7.064409554004669189e-03,9.997904300689697266e-01,9.912881255149841309e-02,-4.888117313385009766e-02,2.134820520877838135e-01,4.229323267936706543e-01,2.398835271596908569e-01,-2.137603759765625000e-01,-3.723705708980560303e-01,9.432242810726165771e-02,-1.743639111518859863e-01,2.344176173210144043e-01,-2.492636293172836304e-01,1.221275925636291504e-01,-2.659040987491607666e-01,3.442941978573799133e-02,-1.140808220952749252e-02,-1.581300348043441772e-01,-5.753283947706222534e-02,3.313303291797637939e-01,4.651173576712608337e-02,-5.804781988263130188e-02,3.765413165092468262e-01
-4.182170629501342773e-01,-8.306113481521606445e-01,6.369778513908386230e-01,5.175472702831029892e-03,1.609260216355323792e-02,-4.635586868971586227e-03,9.998463392257690430e-01,9.634450823068618774e-02,-4.801962152123451233e-02,1.836842298507690430e-01,4.693047702312469482e-01,3.185769319534301758e-01,-2.336058616638183594e-01,-3.495666384696960449e-01,9.934749454259872437e-02,-1.884700059890747070e-01,2.141323387622833252e-01,-2.564380764961242676e-01,1.211091801524162292e-01,-2.654715776443481445e-01,4.675348475575447083e-02,-1.954328082501888275e-02,-1.706135571002960205e-01,-5.002801865339279175e-02,3.271594643592834473e-01,5.419199541211128235e-02,-5.210810527205467224e-02,3.784857094287872314e-01
-3.709311485290527344e-01,-8.261858224868774414e-01,6.208528280258178711e-01,8.857046253979206085e-03,1.315518189221620560e-02,-2.497616223990917206e-03,9.998711347579956055e-01,6.473011523485183716e-02,-1.677093096077442169e-02,1.797970980405807495e-01,6.058788895606994629e-01,4.564410746097564697e-01,-2.598673403263092041e-01,-3.741808533668518066e-01,1.112483143806457520e-01,-1.824013441801071167e-01,3.669886887073516846e-01,-2.511706650257110596e-01,-5.571845918893814087e-02,-2.372652888298034668e-01,6.654239445924758911e-02,-4.310550540685653687e-02,-1.853515803813934326e-01,-4.035570193082094193e-03,2.985995709896087646e-01,7.071142643690109253e-02,-2.618567273020744324e-02,3.901447355747222900e-01
-3.199983239173889160e-01,-8.274379968643188477e-01,6.022533178329467773e-01,6.940698716789484024e-03,1.765963243087753654e-04,-9.772469289600849152e-03,9.999281167984008789e-01,4.467787221074104309e-02,7.590489834547042847e-02,2.752029895782470703e-01,7.941910028457641602e-01,4.574686884880065918e-01,-3.144745528697967529e-01,-4.235819280147552490e-01,1.233027577400207520e-01,-1.369017511606216431e-01,6.321317553520202637e-01,-2.505761682987213135e-01,-1.695107519626617432e-01,-1.764819771051406860e-01,1.442786753177642822e-01,-7.573206722736358643e-02,-1.648930609226226807e-01,6.617984920740127563e-02,2.704424262046813965e-01,9.757039695978164673e-02,2.402628026902675629e-02,4.401851594448089600e-01
-2.944292128086090088e-01,-8.280938267707824707e-01,5.978766679763793945e-01,5.523113533854484558e-03,3.954307176172733307e-03,-2.011888287961483002e-02,9.997745156288146973e-01,-1.838786154985427856e-02,1.292998492717742920e-01,3.017839491367340088e-01,9.184995889663696289e-01,3.925975263118743896e-01,-2.695298194885253906e-01,-4.443114101886749268e-01,1.263349205255508423e-01,-1.367240399122238159e-01,7.565699219703674316e-01,-3.426961898803710938e-01,-1.871412694454193115e-01,-1.211008951067924500e-01,1.737146824598312378e-01,-8.761066943407058716e-02,-1.376743167638778687e-01,1.185601055622100830e-01,2.200642526149749756e-01,1.131010055541992188e-01,5.005852505564689636e-02,4.919886589050292969e-01
-2.447846084833145142e-01,-8.241063952445983887e-01,5.954595804214477539e-01,1.131894998252391815e-02,1.254884898662567139e-02,-2.632142603397369385e-02,9.995106458663940430e-01,-1.871603578329086304e-01,2.005434483289718628e-01,3.093481361865997314e-01,1.141133904457092285e+00,2.569900453090667725e-01,-5.076349526643753052e-02,-3.741420209407806396e-01,9.620209038257598877e-02,-1.634330004453659058e-01,7.975471019744873047e-01,-4.394161701202392578e-01,-1.866692155599594116e-01,-3.752842545509338379e-02,2.652705311775207520e-01,-1.390094608068466187e-01,-1.016024053096771240e-01,1.667739748954772949e-01,1.112451031804084778e-01,9.539744257926940918e-02,1.533401161432266235e-01,5.241779685020446777e-01
-1.972455531358718872e-01,-8.164367675781250000e-01,6.006323695182800293e-01,9.203037247061729431e-03,2.005464211106300354e-02,-1.385471597313880920e-02,9.996605515480041504e-01,-3.410464227199554443e-01,2.410043478012084961e-01,2.870740890502929688e-01,1.222097277641296387e+00,1.320424824953079224e-01,6.155577301979064941e-02,-3.006439805030822754e-01,9.336285293102264404e-02,-1.522165238857269287e-01,7.785313129425048828e-01,-4.907225072383880615e-01,-1.698800772428512573e-01,2.874855510890483856e-02,3.380831778049468994e-01,-1.489965766668319702e-01,-7.296639680862426758e-02,1.619178950786590576e-01,4.894914105534553528e-02,6.802652031183242798e-02,2.454626262187957764e-01,4.236900210380554199e-01
-1.742458492517471313e-01,-8.119549155235290527e-01,6.056787967681884766e-01,8.021591231226921082e-03,2.151355333626270294e-02,-1.092137861996889114e-02,9.996767044067382812e-01,-4.046961963176727295e-01,2.387508004903793335e-01,2.727720439434051514e-01,1.212771177291870117e+00,8.009026944637298584e-02,7.021668553352355957e-02,-2.456362992525100708e-01,8.927137404680252075e-02,-1.532482802867889404e-01,7.326884865760803223e-01,-4.803204834461212158e-01,-1.549044102430343628e-01,6.955295801162719727e-02,3.621692061424255371e-01,-1.448420882225036621e-01,-5.802347138524055481e-02,1.626709401607513428e-01,2.456572651863098145e-02,6.728037446737289429e-02,2.473239749670028687e-01,3.907673060894012451e-01
-1.289839744567871094e-01,-8.033694028854370117e-01,6.166421771049499512e-01,5.848260596394538879e-03,2.871515043079853058e-02,1.965269213542342186e-03,9.995685815811157227e-01,-5.208321213722229004e-01,1.994845271110534668e-01,2.243141382932662964e-01,1.099963903427124023e+00,2.100768685340881348e-02,4.232354834675788879e-02,-1.438711881637573242e-01,7.926785200834274292e-02,-1.717624515295028687e-01,6.142241954803466797e-01,-3.816977441310882568e-01,-1.142080798745155334e-01,1.326953470706939697e-01,3.991020023822784424e-01,-1.339006125926971436e-01,-4.377258569002151489e-02,1.576481014490127563e-01,4.415473667904734612e-04,7.680635154247283936e-02,2.413031160831451416e-01,3.285658359527587891e-01
-8.262302726507186890e-02,-7.937114834785461426e-01,6.291346549987792969e-01,6.168163847178220749e-03,3.628174588084220886e-02,1.667225919663906097e-02,9.991834759712219238e-01,-5.752148032188415527e-01,1.281793713569641113e-01,1.873833686113357544e-01,8.740663528442382812e-01,-1.372834667563438416e-02,2.774731023237109184e-03,-5.629276484251022339e-02,7.179979234933853149e-02,-1.870728880167007446e-01,4.986288547515869141e-01,-2.173795402050018311e-01,-9.111926704645156860e-02,1.840817779302597046e-01,4.249487817287445068e-01,-1.256747096776962280e-01,-4.324071481823921204e-02,1.554657816886901855e-01,1.415462791919708252e-02,7.986959069967269897e-02,2.608442902565002441e-01,2.527905106544494629e-01
-5.934621766209602356e-02,-7.877335548400878906e-01,6.348714232444763184e-01,8.194281719624996185e-03,3.956107422709465027e-02,2.605575881898403168e-02,9.988437891006469727e-01,-5.683844685554504395e-01,8.186078071594238281e-02,1.756626367568969727e-01,7.258681654930114746e-01,-4.377230629324913025e-02,-1.908471621572971344e-02,-1.714641414582729340e-02,6.695162504911422729e-02,-1.964892596006393433e-01,4.438599050045013428e-01,-1.163405999541282654e-01,-8.561235666275024414e-02,1.977754533290863037e-01,4.288569390773773193e-01,-1.253033429384231567e-01,-4.335508123040199280e-02,1.613807082176208496e-01,1.654696278274059296e-02,7.650683820247650146e-02,2.609093785285949707e-01,2.335750013589859009e-01
-1.353810913860797882e-02,-7.779928445816040039e-01,6.421596407890319824e-01,1.066251751035451889e-02,4.691742733120918274e-02,4.078071191906929016e-02,9.980090260505676270e-01,-5.125606656074523926e-01,2.263017557561397552e-02,1.519976258277893066e-01,4.291467964649200439e-01,-1.499806940555572510e-01,-1.147613301873207092e-01,4.075906425714492798e-02,6.169488653540611267e-02,-2.008130252361297607e-01,3.701719939708709717e-01,7.950272411108016968e-02,-7.689822465181350708e-02,2.095980197191238403e-01,4.259811639785766602e-01,-1.314120292663574219e-01,-5.282608792185783386e-02,1.671815514564514160e-01,1.034071203321218491e-02,6.516343355178833008e-02,2.561587989330291748e-01,2.150023877620697021e-01
3.372667729854583740e-02,-7.692283987998962402e-01,6.382890343666076660e-01,8.859829045832157135e-03,4.504264518618583679e-02,5.130529403686523438e-02,9.976273775100708008e-01,-4.555671513080596924e-01,5.740064196288585663e-03,1.655744612216949463e-01,2.983084022998809814e-01,-2.383895814418792725e-01,-2.081482559442520142e-01,4.627300426363945007e-02,4.796170815825462341e-02,-1.917890310287475586e-01,4.531841278076171875e-01,2.090419381856918335e-01,-5.530055239796638489e-02,2.052550017833709717e-01,4.254907667636871338e-01,-1.355760842561721802e-01,-7.561233639717102051e-02,1.628554910421371460e-01,3.003190085291862488e-02,5.879161134362220764e-02,2.640037536621093750e-01,1.950798630714416504e-01
5.723942816257476807e-02,-7.628291845321655273e-01,6.326200962066650391e-01,1.041515823453664780e-02,4.145279899239540100e-02,5.300725623965263367e-02,9.976789951324462891e-01,-4.568696916103363037e-01,-1.165157835930585861e-02,1.941184699535369873e-01,3.460842370986938477e-01,-1.932499408721923828e-01,-8.574048429727554321e-02,3.448916226625442505e-02,2.459608390927314758e-02,-1.985005587339401245e-01,5.334587693214416504e-01,2.743640244007110596e-01,-4.358856379985809326e-02,1.979416310787200928e-01,4.200353920459747314e-01,-1.407898366451263428e-01,-8.772917091846466064e-02,1.649085879325866699e-01,4.260125011205673218e-02,5.482098460197448730e-02,2.592673301696777344e-01,2.036455571651458740e-01
1.054090410470962524e-01,-7.487947940826416016e-01,6.138601303100585938e-01,1.444320287555456161e-02,2.586627006530761719e-02,6.335984170436859131e-02,9.975509047508239746e-01,-4.490851461887359619e-01,-2.396197989583015442e-02,1.734798401594161987e-01,4.991836249828338623e-01,-1.651502996683120728e-01,-3.598602721467614174e-03,2.267360500991344452e-02,-3.891514986753463745e-02,-2.544729113578796387e-01,7.141650915145874023e-01,3.876499831676483154e-01,-1.174520142376422882e-02,1.514305770397186279e-01,4.102111160755157471e-01,-1.442617028951644897e-01,-1.134542599320411682e-01,1.744239926338195801e-01,9.971125423908233643e-02,5.338406190276145935e-02,2.213413715362548828e-01,2.464182227849960327e-01
1.518577784299850464e-01,-7.326415181159973145e-01,6.012521982192993164e-01,2.588597685098648071e-02,1.476578135043382645e-02,8.430474251508712769e-02,9.959942698478698730e-01,-4.769646227359771729e-01,-5.593664199113845825e-02,1.647459119558334351e-01,7.286086678504943848e-01,-2.718839943408966064e-01,4.614591971039772034e-02,-2.749235741794109344e-02,-1.303514242172241211e-01,-3.190522789955139160e-01,9.441266059875488281e-01,3.191275000572204590e-01,4.138476029038429260e-02,6.771945953369140625e-02,3.612994551658630371e-01,-1.647306084632873535e-01,-1.606227606534957886e-01,2.273086905479431152e-01,1.775604039430618286e-01,4.432810097932815552e-02,1.389250308275222778e-01,3.403653502464294434e-01
1.743887513875961304e-01,-7.266221046447753906e-01,5.989116430282592773e-01,2.556583471596240997e-02,1.433367375284433365e-02,9.296735376119613647e-02,9.952376484870910645e-01,-4.385423660278320312e-01,-5.905371159315109253e-02,1.680572628974914551e-01,7.605652213096618652e-01,-3.289690017700195312e-01,4.898888617753982544e-02,-8.959999680519104004e-02,-1.668491661548614502e-01,-3.327569067478179932e-01,1.070119500160217285e+00,2.432442158460617065e-01,1.884097233414649963e-02,2.148823626339435577e-02,3.167583644390106201e-01,-1.579156666994094849e-01,-1.852860599756240845e-01,2.496885508298873901e-01,2.081837803125381470e-01,5.116480216383934021e-02,1.040680781006813049e-01,3.898468613624572754e-01
2.189091593027114868e-01,-7.193582653999328613e-01,5.997073054313659668e-01,2.729811705648899078e-02,1.314594689756631851e-02,9.248434752225875854e-02,9.952530264854431152e-01,-3.645054101943969727e-01,-6.534034013748168945e-02,1.721093207597732544e-01,7.818648219108581543e-01,-4.007134139537811279e-01,5.251684784889221191e-02,-2.281969040632247925e-01,-2.155764251947402954e-01,-3.110235929489135742e-01,1.225299000740051270e+00,1.386730223894119263e-01,-5.454443767666816711e-02,-4.969555884599685669e-02,2.477653324604034424e-01,-1.311527043581008911e-01,-2.414167672395706177e-01,1.880921870470046997e-01,2.676349282264709473e-01,5.125482007861137390e-02,5.608901754021644592e-02,4.353801310062408447e-01
2.635132074356079102e-01,-7.158595919609069824e-01,6.074708104133605957e-01,2.850862778723239899e-02,5.481400992721319199e-03,9.720758348703384399e-02,9.948406219482421875e-01,-2.581188976764678955e-01,-7.778763025999069214e-02,1.436188071966171265e-01,7.318050265312194824e-01,-4.196383953094482422e-01,4.558323323726654053e-02,-3.487321436405181885e-01,-2.163515985012054443e-01,-2.771554887294769287e-01,1.264610528945922852e+00,4.055448621511459351e-02,-1.041601449251174927e-01,-1.427984386682510376e-01,1.900832802057266235e-01,-1.195220947265625000e-01,-2.370438724756240845e-01,9.935495257377624512e-02,3.127791881561279297e-01,3.703393042087554932e-02,1.352502126246690750e-02,4.427193999290466309e-01
2.853532135486602783e-01,-7.143627405166625977e-01,6.128738522529602051e-01,2.747257426381111145e-02,6.070347502827644348e-03,9.041438996791839600e-02,9.955067038536071777e-01,-2.033872157335281372e-01,-7.612004876136779785e-02,1.542151868343353271e-01,6.827728748321533203e-01,-4.035965502262115479e-01,3.676352649927139282e-02,-4.146201312541961670e-01,-1.972654908895492554e-01,-2.439003437757492065e-01,1.249213576316833496e+00,-8.200725540518760681e-03,-1.177473217248916626e-01,-1.674798280000686646e-01,1.580851227045059204e-01,-1.177033632993698120e-01,-2.235521674156188965e-01,5.703192949295043945e-02,3.252045810222625732e-01,3.073636814951896667e-02,5.135082756169140339e-04,4.303448796272277832e-01
3.277361094951629639e-01,-7.091470956802368164e-01,6.259223222732543945e-01,2.471236139535903931e-02,9.049742482602596283e-03,7.595296204090118408e-02,9.967640638351440430e-01,-1.029754504561424255e-01,-7.478847354650497437e-02,1.692234724760055542e-01,5.725464820861816406e-01,-2.988729774951934814e-01,6.274183397181332111e-05,-5.001406073570251465e-01,-1.526087671518325806e-01,-2.027268558740615845e-01,1.128927946090698242e+00,-1.036781370639801025e-01,-1.138282269239425659e-01,-2.049074023962020874e-01,1.104769185185432434e-01,-1.120598614215850830e-01,-2.177249789237976074e-01,-4.383249580860137939e-02,3.514653742313385010e-01,2.378469705581665039e-02,-3.148020058870315552e-02,3.919933438301086426e-01
3.701909780502319336e-01,-7.071148753166198730e-01,6.394884586334228516e-01,1.769520528614521027e-02,7.915883325040340424e-03,5.790059641003608704e-02,9.981341361999511719e-01,-1.657236739993095398e-02,-5.284026637673377991e-02,1.989094763994216919e-01,4.835505485534667969e-01,-1.337223947048187256e-01,-6.028108671307563782e-02,-4.983498156070709229e-01,-7.705590128898620605e-02,-1.987915635108947754e-01,8.687265515327453613e-01,-1.657667160034179688e-01,-1.122399568557739258e-01,-2.246944755315780640e-01,7.573989033699035645e-02,-1.006907448172569275e-01,-2.050803750753402710e-01,-1.076189503073692322e-01,3.734737038612365723e-01,3.789874538779258728e-02,-8.122666925191879272e-02,3.788954913616180420e-01
3.914081156253814697e-01,-7.069985270500183105e-01,6.447889804840087891e-01,1.346297562122344971e-02,7.858148775994777679e-03,4.950696974992752075e-02,9.986521005630493164e-01,1.360952761024236679e-02,-3.694259002804756165e-02,2.165394723415374756e-01,4.556867182254791260e-01,-4.198736324906349182e-02,-9.161396324634552002e-02,-4.671570360660552979e-01,-2.435726486146450043e-02,-1.904018521308898926e-01,6.927156448364257812e-01,-1.951682716608047485e-01,-1.061098799109458923e-01,-2.321534007787704468e-01,6.200738251209259033e-02,-9.650992602109909058e-02,-1.945418566465377808e-01,-1.204652041196823120e-01,3.761278390884399414e-01,5.008174106478691101e-02,-1.042962595820426941e-01,3.809438347816467285e-01
4.363188743591308594e-01,-7.032484412193298340e-01,6.498679518699645996e-01,9.026623331010341644e-03,5.356063600629568100e-03,4.490625485777854919e-02,9.989360570907592773e-01,6.219601631164550781e-02,-1.247829757630825043e-02,2.300221025943756104e-01,4.358286261558532715e-01,1.315647959709167480e-01,-1.458773910999298096e-01,-3.880477547645568848e-01,3.313246369361877441e-02,-1.209543868899345398e-01,3.663474917411804199e-01,-2.503261268138885498e-01,4.012948833405971527e-03,-2.618858516216278076e-01,5.178093165159225464e-02,-1.071560978889465332e-01,-1.859433799982070923e-01,-1.214174106717109680e-01,3.689244091510772705e-01,6.911680102348327637e-02,-1.428259015083312988e-01,3.975345790386199951e-01
4.850329756736755371e-01,-6.969162821769714355e-01,6.433768272399902344e-01,9.937150403857231140e-03,-5.325317848473787308e-03,5.100736021995544434e-02,9.986346364021301270e-01,9.619114547967910767e-02,3.986010327935218811e-03,2.003230750560760498e-01,4.950923025608062744e-01,2.605366110801696777e-01,-1.996753066778182983e-01,-3.203742802143096924e-01,4.917334392666816711e-02,-1.088450774550437927e-01,2.367250770330429077e-01,-2.785596251487731934e-01,8.825941383838653564e-02,-2.941246330738067627e-01,6.983207911252975464e-02,-1.310958415269851685e-01,-1.985165774822235107e-01,-1.071503311395645142e-01,3.598787784576416016e-01,9.008557349443435669e-02,-1.745468080043792725e-01,4.292454123497009277e-01
5.096659660339355469e-01,-6.952729225158691406e-01,6.359938383102416992e-01,9.919186122715473175e-03,-1.196517143398523331e-02,5.368998646736145020e-02,9.984366893768310547e-01,9.800280630588531494e-02,1.710704341530799866e-02,1.796694546937942505e-01,5.565999746322631836e-01,3.218885064125061035e-01,-2.263989001512527466e-01,-3.139827549457550049e-01,6.322817504405975342e-02,-1.375981569290161133e-01,2.989983856678009033e-01,-2.619810998439788818e-01,5.424403119832277298e-03,-3.019263148307800293e-01,8.522377163171768188e-02,-1.428067237138748169e-01,-2.052627205848693848e-01,-8.947149664163589478e-02,3.517867028713226318e-01,1.057458966970443726e-01,-1.829232275485992432e-01,4.497894048690795898e-01
5.550705790519714355e-01,-6.947311162948608398e-01,6.129320859909057617e-01,1.544983126223087311e-02,-1.960428431630134583e-02,5.059428885579109192e-02,9.984073042869567871e-01,7.264455407857894897e-02,4.292549937963485718e-02,1.750262975692749023e-01,7.118556499481201172e-01,4.388725161552429199e-01,-2.716378867626190186e-01,-3.749753832817077637e-01,4.955476149916648865e-02,-1.374786794185638428e-01,5.584996938705444336e-01,-2.461728006601333618e-01,-6.564111262559890747e-02,-2.824959456920623779e-01,1.225753650069236755e-01,-1.693580299615859985e-01,-2.016551792621612549e-01,-2.840996533632278442e-02,3.205932676792144775e-01,1.321540176868438721e-01,-1.799074113368988037e-01,4.827883839607238770e-01
6.033892035484313965e-01,-6.925968527793884277e-01,5.970234870910644531e-01,1.715656183660030365e-02,-3.105389699339866638e-02,4.918808117508888245e-02,9.981592297554016113e-01,1.148220151662826538e-02,8.962664008140563965e-02,1.816082298755645752e-01,9.027275443077087402e-01,4.155160188674926758e-01,-2.481361627578735352e-01,-4.017100632190704346e-01,5.514033883810043335e-02,-1.575981080532073975e-01,8.287450075149536133e-01,-3.941373527050018311e-01,-1.565085649490356445e-01,-2.426821887493133545e-01,1.932522058486938477e-01,-1.812146753072738647e-01,-1.594024449586868286e-01,9.379548579454421997e-02,2.679418921470642090e-01,1.742807179689407349e-01,-1.441298425197601318e-01,5.368825197219848633e-01
6.276897788047790527e-01,-6.940753459930419922e-01,5.950511097908020020e-01,2.080681361258029938e-02,-3.203150629997253418e-02,3.822949901223182678e-02,9.985387325286865234e-01,-3.581483662128448486e-02,1.148781552910804749e-01,2.117829024791717529e-01,1.000683665275573730e+00,3.543932437896728516e-01,-1.888646483421325684e-01,-3.551888763904571533e-01,5.341767519712448120e-02,-1.495345681905746460e-01,8.519594073295593262e-01,-4.469046294689178467e-01,-1.634388864040374756e-01,-1.927134096622467041e-01,2.292217612266540527e-01,-1.838021576404571533e-01,-1.498986631631851196e-01,1.493900716304779053e-01,2.322064042091369629e-01,1.841857284307479858e-01,-1.025815084576606750e-01,5.326341986656188965e-01
6.733394861221313477e-01,-6.931988596916198730e-01,5.975274443626403809e-01,2.400151081383228302e-02,-2.559329196810722351e-02,3.767134249210357666e-02,9.986740350723266602e-01,-1.493763029575347900e-01,1.724451035261154175e-01,2.568225562572479248e-01,1.123827099800109863e+00,2.329738289117813110e-01,-5.207935348153114319e-02,-2.931220531463623047e-01,5.341735854744911194e-02,-1.409863084554672241e-01,8.727969527244567871e-01,-5.165253877639770508e-01,-1.656399220228195190e-01,-1.100397184491157532e-01,2.948486208915710449e-01,-1.512840837240219116e-01,-1.477918624877929688e-01,1.921332627534866333e-01,1.527607142925262451e-01,1.942913234233856201e-01,-1.246772124432027340e-03,4.536707401275634766e-01
7.200343608856201172e-01,-6.881761550903320312e-01,6.087226867675781250e-01,2.366743050515651703e-02,-2.492612414062023163e-02,3.598756343126296997e-02,9.987609386444091797e-01,-2.470236569643020630e-01,1.961959302425384521e-01,2.854518890380859375e-01,1.148893952369689941e+00,1.047949343919754028e-01,2.889843471348285675e-02,-1.765840500593185425e-01,6.139791756868362427e-02,-1.317723095417022705e-01,7.810791730880737305e-01,-4.983902871608734131e-01,-1.565680801868438721e-01,-7.278317119926214218e-03,3.631962239742279053e-01,-1.062751561403274536e-01,-1.205332279205322266e-01,1.809266060590744019e-01,8.180753141641616821e-02,1.893691569566726685e-01,7.463929057121276855e-02,3.554770946502685547e-01
7.419927716255187988e-01,-6.847013831138610840e-01,6.156768798828125000e-01,2.203482389450073242e-02,-2.188439853489398956e-02,3.877589851617813110e-02,9.987652301788330078e-01,-3.003149032592773438e-01,1.876808255910873413e-01,2.821080684661865234e-01,1.123816967010498047e+00,5.639600008726119995e-02,4.023819416761398315e-02,-1.251473873853683472e-01,6.251209974288940430e-02,-1.366434395313262939e-01,7.183189988136291504e-01,-4.437296986579895020e-01,-1.419923305511474609e-01,3.746954351663589478e-02,3.900005221366882324e-01,-1.024007797241210938e-01,-1.082484200596809387e-01,1.805821955204010010e-01,5.173303186893463135e-02,1.856780648231506348e-01,1.037280187010765076e-01,3.008131384849548340e-01
7.846063375473022461e-01,-6.773855686187744141e-01,6.302293539047241211e-01,1.595459878444671631e-02,-1.349753420799970627e-02,4.207330569624900818e-02,9.988959431648254395e-01,-3.859750330448150635e-01,1.490522325038909912e-01,2.670731246471405029e-01,9.860070943832397461e-01,-1.672077196417376399e-04,4.241116403136402369e-04,-4.208469390869140625e-02,6.892066448926925659e-02,-1.383563727140426636e-01,5.973349213600158691e-01,-2.701187729835510254e-01,-1.170880421996116638e-01,1.247089877724647522e-01,4.371558725833892822e-01,-1.086677610874176025e-01,-9.102651476860046387e-02,1.767394542694091797e-01,1.365319360047578812e-02,1.734157353639602661e-01,1.692653149366378784e-01,1.853905022144317627e-01
8.272048234939575195e-01,-6.672513484954833984e-01,6.440210938453674316e-01,1.440371945500373840e-02,-8.633432909846305847e-03,5.285294726490974426e-02,9.984610676765441895e-01,-4.146870970726013184e-01,8.403167873620986938e-02,2.621465027332305908e-01,7.451428174972534180e-01,-2.361589670181274414e-02,-2.920586429536342621e-02,4.274122789502143860e-02,6.336891651153564453e-02,-1.634111553430557251e-01,4.724122881889343262e-01,-4.910078644752502441e-02,-1.043723523616790771e-01,1.856117695569992065e-01,4.644530415534973145e-01,-1.155350580811500549e-01,-7.074252516031265259e-02,1.761234849691390991e-01,-6.762735079973936081e-03,1.534421741962432861e-01,2.074682265520095825e-01,1.203360781073570251e-01
8.476248383522033691e-01,-6.618298292160034180e-01,6.490482687950134277e-01,1.522670406848192215e-02,-4.432545974850654602e-03,6.021264567971229553e-02,9.980595707893371582e-01,-4.025300145149230957e-01,4.308232665061950684e-02,2.714430689811706543e-01,5.937522649765014648e-01,-5.198817327618598938e-02,-5.406537652015686035e-02,7.430595159530639648e-02,5.864392593502998352e-02,-1.740513443946838379e-01,4.170790016651153564e-01,6.560922414064407349e-02,-9.568165987730026245e-02,2.049213796854019165e-01,4.659516811370849609e-01,-1.209217309951782227e-01,-6.389452517032623291e-02,1.750633716583251953e-01,-1.821447163820266724e-02,1.394511908292770386e-01,2.160609364509582520e-01,1.062804087996482849e-01
8.887507915496826172e-01,-6.535117626190185547e-01,6.531122326850891113e-01,1.444801874458789825e-02,2.713390626013278961e-03,6.709881871938705444e-02,9.976380467414855957e-01,-3.611540496349334717e-01,-1.470943796448409557e-03,2.857225239276885986e-01,3.370590806007385254e-01,-1.662560403347015381e-01,-1.762993931770324707e-01,1.031946465373039246e-01,5.443643033504486084e-02,-1.551063358783721924e-01,3.859454095363616943e-01,2.506815195083618164e-01,-6.524499505758285522e-02,2.356624007225036621e-01,4.609189331531524658e-01,-1.317644417285919189e-01,-5.570490658283233643e-02,1.757739186286926270e-01,-2.873937785625457764e-02,1.207309886813163757e-01,2.325296103954315186e-01,9.817924350500106812e-02
9.316610097885131836e-01,-6.434319615364074707e-01,6.451487541198730469e-01,1.389520801603794098e-02,-5.286376690492033958e-04,7.200193405151367188e-02,9.973075389862060547e-01,-3.287472128868103027e-01,-3.421197086572647095e-02,2.831255495548248291e-01,2.642088234424591064e-01,-2.767620682716369629e-01,-2.251753658056259155e-01,8.619521558284759521e-02,3.523804619908332825e-02,-1.321220397949218750e-01,4.964536428451538086e-01,3.855880498886108398e-01,-1.744389161467552185e-02,2.390565872192382812e-01,4.641863107681274414e-01,-1.517550945281982422e-01,-4.556851461529731750e-02,1.882324218750000000e-01,-1.080421451479196548e-02,1.252508312463760376e-01,2.422051876783370972e-01,1.333668380975723267e-01
9.530363678932189941e-01,-6.371361613273620605e-01,6.362084746360778809e-01,1.605605706572532654e-02,-3.737608669325709343e-03,6.701352447271347046e-02,9.976158738136291504e-01,-3.430490493774414062e-01,-4.197787865996360779e-02,2.851206064224243164e-01,3.226548433303833008e-01,-2.314772456884384155e-01,-1.258978992700576782e-01,6.844134628772735596e-02,9.630001150071620941e-03,-1.240644752979278564e-01,5.735784769058227539e-01,4.506901800632476807e-01,2.351848222315311432e-02,2.436353117227554321e-01,4.652893841266632080e-01,-1.726797968149185181e-01,-3.854877501726150513e-02,1.987115591764450073e-01,2.293221652507781982e-03,1.273992955684661865e-01,2.387390136718750000e-01,1.672077029943466187e-01
9.960943460464477539e-01,-6.213954091072082520e-01,6.156364083290100098e-01,2.080835588276386261e-02,-1.940708979964256287e-02,6.679524481296539307e-02,9.973608851432800293e-01,-3.684744238853454590e-01,-6.017553806304931641e-02,2.303743064403533936e-01,4.787216782569885254e-01,-1.024863943457603455e-01,7.163817435503005981e-02,4.401939734816551208e-02,-6.575314700603485107e-02,-1.570570021867752075e-01,7.647245526313781738e-01,4.927601218223571777e-01,1.677584648132324219e-01,2.099121212959289551e-01,4.719831645488739014e-01,-2.050290405750274658e-01,-2.260101214051246643e-02,2.135227024555206299e-01,5.458516627550125122e-02,1.349309086799621582e-01,2.104075551033020020e-01,2.527340054512023926e-01
1.037068724632263184e+00,-6.062771677970886230e-01,6.019926667213439941e-01,2.962435781955718994e-02,-3.333797678351402283e-02,7.985694706439971924e-02,9.958081245422363281e-01,-4.130161106586456299e-01,-6.477578729391098022e-02,2.206282317638397217e-01,7.451129555702209473e-01,-2.443690001964569092e-01,9.988689422607421875e-02,-4.881472513079643250e-02,-1.711387634277343750e-01,-1.887170225381851196e-01,1.032634735107421875e+00,3.388304114341735840e-01,1.489698588848114014e-01,1.342491805553436279e-01,4.236573874950408936e-01,-2.203841060400009155e-01,-3.536830842494964600e-02,2.536311447620391846e-01,1.207102239131927490e-01,1.208877786993980408e-01,1.188136935234069824e-01,3.781024217605590820e-01
1.055721402168273926e+00,-6.004397869110107422e-01,5.995690822601318359e-01,2.782133221626281738e-02,-3.172908350825309753e-02,8.541183918714523315e-02,9.954516887664794922e-01,-3.840068876743316650e-01,-6.039103493094444275e-02,2.343984693288803101e-01,7.868645787239074707e-01,-3.084009289741516113e-01,1.010896414518356323e-01,-1.394871026277542114e-01,-2.039058506488800049e-01,-1.791684329509735107e-01,1.157781004905700684e+00,2.615379393100738525e-01,9.887734800577163696e-02,9.510805457830429077e-02,3.663771748542785645e-01,-2.055775225162506104e-01,-4.615854099392890930e-02,2.539357542991638184e-01,1.476416736841201782e-01,1.133701577782630920e-01,8.021453768014907837e-02,4.258225858211517334e-01
1.094995617866516113e+00,-5.932899713516235352e-01,6.024895906448364258e-01,2.474034577608108521e-02,-2.993703261017799377e-02,8.647788316011428833e-02,9.954965114593505859e-01,-3.236281871795654297e-01,-5.731913074851036072e-02,2.444717437028884888e-01,8.155982494354248047e-01,-3.840315937995910645e-01,9.567858278751373291e-02,-2.918914556503295898e-01,-2.466628104448318481e-01,-1.655266582965850830e-01,1.290410399436950684e+00,1.242402791976928711e-01,-1.468133181333541870e-02,3.957211598753929138e-02,2.836105823516845703e-01,-1.611554622650146484e-01,-7.990453392267227173e-02,1.402741372585296631e-01,2.169175446033477783e-01,8.807363361120223999e-02,6.032270938158035278e-02,4.314403831958770752e-01
1.133287072181701660e+00,-5.867106914520263672e-01,6.122499704360961914e-01,2.348984591662883759e-02,-3.781290352344512939e-02,1.053763777017593384e-01,9.934355616569519043e-01,-2.442031800746917725e-01,-7.388981431722640991e-02,1.920379996299743652e-01,7.935543060302734375e-01,-4.071680009365081787e-01,8.224915713071823120e-02,-3.861130475997924805e-01,-2.647512555122375488e-01,-1.778370738029479980e-01,1.296788930892944336e+00,-7.781208492815494537e-03,-7.967267185449600220e-02,-4.158446565270423889e-02,2.151011973619461060e-01,-1.609082669019699097e-01,-9.052577614784240723e-02,5.120069161057472229e-02,2.765485644340515137e-01,5.231026560068130493e-02,-1.022765762172639370e-03,4.382880628108978271e-01
1.151115179061889648e+00,-5.836074352264404297e-01,6.183912158012390137e-01,2.105257846415042877e-02,-3.680079057812690735e-02,1.020711585879325867e-01,9.938732385635375977e-01,-2.053620070219039917e-01,-7.317341119050979614e-02,1.939152181148529053e-01,7.629303336143493652e-01,-3.990662395954132080e-01,7.285813987255096436e-02,-4.397298693656921387e-01,-2.470008432865142822e-01,-1.584993153810501099e-01,1.256850242614746094e+00,-5.959235876798629761e-02,-9.713964164257049561e-02,-5.597298964858055115e-02,1.805877089500427246e-01,-1.742364615201950073e-01,-9.015735983848571777e-02,1.927608624100685120e-02,2.866984009742736816e-01,2.949132397770881653e-02,-2.895634621381759644e-02,4.443953037261962891e-01
1.185726642608642578e+00,-5.755627751350402832e-01,6.314302682876586914e-01,1.499898359179496765e-02,-3.124449029564857483e-02,9.637320786714553833e-02,9.947416782379150391e-01,-1.387132555246353149e-01,-6.618466973304748535e-02,1.956674158573150635e-01,6.981962919235229492e-01,-3.361906111240386963e-01,3.737220168113708496e-02,-5.030305385589599609e-01,-2.054554820060729980e-01,-1.493280977010726929e-01,1.071524024009704590e+00,-1.200542077422142029e-01,-9.054711461067199707e-02,-7.115697860717773438e-02,1.294454187154769897e-01,-1.935002505779266357e-01,-1.117334216833114624e-01,-3.978981077671051025e-02,3.162200450897216797e-01,-9.352175518870353699e-03,-4.804334044456481934e-02,4.179850220680236816e-01
1.223213791847229004e+00,-5.720620155334472656e-01,6.444678306579589844e-01,7.520921528339385986e-03,-2.942392975091934204e-02,9.238041192293167114e-02,9.952605366706848145e-01,-7.965520769357681274e-02,-4.198780655860900879e-02,2.017891705036163330e-01,6.503329277038574219e-01,-2.371212244033813477e-01,-1.092993840575218201e-02,-4.778459370136260986e-01,-1.250951588153839111e-01,-1.413412243127822876e-01,7.634406685829162598e-01,-1.759560853242874146e-01,-6.672707945108413696e-02,-7.139465212821960449e-02,1.015417277812957764e-01,-1.818765252828598022e-01,-1.313313394784927368e-01,-7.630787044763565063e-02,3.434500992298126221e-01,-1.977332308888435364e-02,-6.850929558277130127e-02,4.022033214569091797e-01
1.242781400680541992e+00,-5.703651309013366699e-01,6.493836641311645508e-01,3.775165183469653130e-03,-2.754425257444381714e-02,9.042894095182418823e-02,9.955147504806518555e-01,-5.812223628163337708e-02,-2.943432144820690155e-02,2.068594694137573242e-01,6.376643180847167969e-01,-1.825897097587585449e-01,-3.021845594048500061e-02,-4.484689533710479736e-01,-8.568319678306579590e-02,-9.629945456981658936e-02,5.966576933860778809e-01,-2.174010276794433594e-01,-2.421500906348228455e-02,-6.624280661344528198e-02,9.222137182950973511e-02,-1.673229038715362549e-01,-1.397617012262344360e-01,-9.052325785160064697e-02,3.471931219100952148e-01,-1.883932575583457947e-02,-8.021123707294464111e-02,4.018261432647705078e-01
1.281371355056762695e+00,-5.622214674949645996e-01,6.522548198699951172e-01,-2.489753569534514099e-05,-2.409742213785648346e-02,1.002468541264533997e-01,9.946707487106323242e-01,-5.018237605690956116e-02,-9.465589188039302826e-03,1.977891772985458374e-01,6.759160757064819336e-01,-6.673087179660797119e-02,-4.899819195270538330e-02,-4.062276184558868408e-01,-6.404645740985870361e-02,3.414944931864738464e-02,3.372328281402587891e-01,-2.688620090484619141e-01,8.158188313245773315e-02,-6.714013963937759399e-02,8.716835826635360718e-02,-1.481414586305618286e-01,-1.636614054441452026e-01,-1.035451889038085938e-01,3.503033816814422607e-01,-1.920835487544536591e-02,-9.206010401248931885e-02,3.938046395778656006e-01
1.323426365852355957e+00,-5.546926259994506836e-01,6.412072181701660156e-01,-7.013424765318632126e-04,-3.062571026384830475e-02,1.342220455408096313e-01,9.904776811599731445e-01,-8.426171541213989258e-02,2.560363151133060455e-02,1.625480204820632935e-01,8.296772837638854980e-01,6.067993119359016418e-02,-5.568771809339523315e-02,-3.503388166427612305e-01,-5.539986118674278259e-02,8.941967971622943878e-03,3.060322105884552002e-01,-3.100042939186096191e-01,1.610446870326995850e-01,-8.763501048088073730e-02,1.116697415709495544e-01,-1.557257771492004395e-01,-1.968573331832885742e-01,-7.616230100393295288e-02,3.702019751071929932e-01,-1.882639899849891663e-02,-9.305573999881744385e-02,3.792786002159118652e-01
1.345173239707946777e+00,-5.535398721694946289e-01,6.303526163101196289e-01,-2.321128733456134796e-03,-3.365629911422729492e-02,1.483148187398910522e-01,9.883645772933959961e-01,-1.117241978645324707e-01,5.733559280633926392e-02,1.614442914724349976e-01,9.215501546859741211e-01,1.341878473758697510e-01,-5.384315550327301025e-02,-3.548279404640197754e-01,-5.244329571723937988e-02,-3.030150942504405975e-02,3.810876905918121338e-01,-2.703644037246704102e-01,1.715126633644104004e-01,-8.235563337802886963e-02,1.291808784008026123e-01,-1.615244746208190918e-01,-2.067336887121200562e-01,-4.991903156042098999e-02,3.747328519821166992e-01,-1.309949159622192383e-02,-8.994209766387939453e-02,3.796439468860626221e-01
1.386265277862548828e+00,-5.550061464309692383e-01,6.074803471565246582e-01,-7.900922559201717377e-03,-3.801364451646804810e-02,1.612601280212402344e-01,9.861479401588439941e-01,-1.716314703226089478e-01,1.394697576761245728e-01,2.077724933624267578e-01,1.102175951004028320e+00,2.201339602470397949e-01,-2.499510766938328743e-03,-4.338158369064331055e-01,-3.258385136723518372e-02,-4.293694347143173218e-02,6.194590926170349121e-01,-1.941732913255691528e-01,6.684611737728118896e-02,-3.105249628424644470e-02,1.797870248556137085e-01,-1.615490317344665527e-01,-1.870865374803543091e-01,1.563534885644912720e-02,3.595770597457885742e-01,1.027686055749654770e-02,-5.938133969902992249e-02,4.095416069030761719e-01
1.423439741134643555e+00,-5.474462509155273438e-01,5.984218716621398926e-01,-4.671650473028421402e-03,-3.945410251617431641e-02,1.790433675050735474e-01,9.830386638641357422e-01,-2.750546634197235107e-01,1.790346354246139526e-01,2.197024971246719360e-01,1.302764534950256348e+00,8.626202493906021118e-02,1.009517312049865723e-01,-4.491063952445983887e-01,-5.333172529935836792e-02,-1.141529828310012817e-01,8.307954668998718262e-01,-3.550941646099090576e-01,-4.924985114485025406e-04,2.961590886116027832e-02,2.373685687780380249e-01,-1.849167943000793457e-01,-1.433904618024826050e-01,1.232354566454887390e-01,2.871483862400054932e-01,1.557025499641895294e-02,-1.719789020717144012e-02,4.926619529724121094e-01
1.440280556678771973e+00,-5.424151420593261719e-01,5.972606539726257324e-01,-5.872245412319898605e-03,-3.710902854800224304e-02,1.887371689081192017e-01,9.813086986541748047e-01,-3.261033296585083008e-01,1.906518489122390747e-01,2.278030365705490112e-01,1.355772137641906738e+00,3.814044967293739319e-02,1.438771337270736694e-01,-4.235767722129821777e-01,-6.248435005545616150e-02,-1.363160759210586548e-01,8.587810993194580078e-01,-4.063535630702972412e-01,-6.717525422573089600e-03,6.338584423065185547e-02,2.608435451984405518e-01,-2.008945941925048828e-01,-1.415836960077285767e-01,1.680089533329010010e-01,2.384721040725708008e-01,1.287963893264532089e-02,2.817340008914470673e-02,4.966488480567932129e-01
1.469701528549194336e+00,-5.285645127296447754e-01,6.007318496704101562e-01,-1.263961382210254669e-02,-3.335009887814521790e-02,2.245370000600814819e-01,9.738126993179321289e-01,-4.242455959320068359e-01,1.656447947025299072e-01,2.067228555679321289e-01,1.366320848464965820e+00,-5.860728770494461060e-02,1.096383333206176758e-01,-3.669435679912567139e-01,-6.319179385900497437e-02,-1.639953702688217163e-01,8.880191445350646973e-01,-4.784375727176666260e-01,-6.222038995474576950e-03,1.099054440855979919e-01,2.925876975059509277e-01,-2.115743309259414673e-01,-1.335002779960632324e-01,2.083985805511474609e-01,1.354667842388153076e-01,-1.922755851410329342e-03,1.311181783676147461e-01,4.296265840530395508e-01
1.496497392654418945e+00,-5.132545232772827148e-01,6.106557846069335938e-01,-1.635231077671051025e-02,-3.237484768033027649e-02,2.600790560245513916e-01,9.649058580398559570e-01,-4.916784167289733887e-01,1.097788065671920776e-01,1.908929646015167236e-01,1.279014110565185547e+00,-1.407055258750915527e-01,5.753848701715469360e-02,-2.686272859573364258e-01,-6.394401192665100098e-02,-2.026106417179107666e-01,8.220360875129699707e-01,-4.750334024429321289e-01,1.536308787763118744e-03,1.602295190095901489e-01,3.047369420528411865e-01,-1.653269976377487183e-01,-1.311469674110412598e-01,1.721850782632827759e-01,3.430613502860069275e-02,-1.964606717228889465e-02,1.884553283452987671e-01,3.472047448158264160e-01
1.510059237480163574e+00,-5.064001679420471191e-01,6.166780591011047363e-01,-1.858529821038246155e-02,-3.188578039407730103e-02,2.800459563732147217e-01,9.592769145965576172e-01,-5.035228729248046875e-01,9.264879673719406128e-02,2.031953036785125732e-01,1.197780966758728027e+00,-1.714077740907669067e-01,3.973737731575965881e-02,-2.140419930219650269e-01,-5.658125877380371094e-02,-2.242607772350311279e-01,7.699053883552551270e-01,-4.464682042598724365e-01,6.978213321417570114e-03,1.806703954935073853e-01,3.037694096565246582e-01,-1.430206298828125000e-01,-1.366322636604309082e-01,1.517210751771926880e-01,-5.289206281304359436e-03,-1.964971236884593964e-02,2.042087763547897339e-01,3.094708919525146484e-01
1.535665035247802734e+00,-4.902971386909484863e-01,6.285651326179504395e-01,-2.314887009561061859e-02,-3.097885102033615112e-02,3.253668248653411865e-01,9.447967410087585449e-01,-4.767281711101531982e-01,6.889265030622482300e-02,2.854173481464385986e-01,9.642238616943359375e-01,-2.235096096992492676e-01,2.420071698725223541e-02,-1.055045798420906067e-01,-3.816496580839157104e-02,-2.816335558891296387e-01,6.548818945884704590e-01,-3.481490015983581543e-01,2.401188574731349945e-02,2.135879993438720703e-01,2.901598811149597168e-01,-1.199731752276420593e-01,-1.565130203962326050e-01,1.352669000625610352e-01,-4.853447526693344116e-02,-8.184166625142097473e-03,2.296629846096038818e-01,2.449777722358703613e-01
1.557913899421691895e+00,-4.711065590381622314e-01,6.371442079544067383e-01,-2.683275751769542694e-02,-2.963070198893547058e-02,3.759870827198028564e-01,9.257622361183166504e-01,-3.895568847656250000e-01,1.752533018589019775e-02,4.202491939067840576e-01,6.624151468276977539e-01,-2.606474459171295166e-01,1.447754038963466883e-04,-8.728639222681522369e-03,-2.281864732503890991e-02,-3.559363782405853271e-01,5.483561754226684570e-01,-2.124705910682678223e-01,4.926994815468788147e-02,2.223446071147918701e-01,2.720846831798553467e-01,-1.222499087452888489e-01,-1.706913709640502930e-01,1.373015493154525757e-01,-7.656736671924591064e-02,8.178688585758209229e-03,2.364911586046218872e-01,2.167562544345855713e-01
1.569012522697448730e+00,-4.616085290908813477e-01,6.391166448593139648e-01,-2.993133850395679474e-02,-2.988689951598644257e-02,3.984113335609436035e-01,9.162310361862182617e-01,-3.359006643295288086e-01,-1.212600897997617722e-02,5.085487365722656250e-01,5.066844820976257324e-01,-2.674471437931060791e-01,-3.665247187018394470e-02,2.859520167112350464e-02,-1.045058481395244598e-02,-3.796003758907318115e-01,5.125718712806701660e-01,-1.345952302217483521e-01,6.234890967607498169e-02,2.233884483575820923e-01,2.647980153560638428e-01,-1.289557218551635742e-01,-1.744107156991958618e-01,1.433486640453338623e-01,-9.040993452072143555e-02,1.434567291289567947e-02,2.370105981826782227e-01,2.085625529289245605e-01
1.589868783950805664e+00,-4.419247806072235107e-01,6.374800205230712891e-01,-3.792664408683776855e-02,-3.202027827501296997e-02,4.421713054180145264e-01,8.955561518669128418e-01,-2.517707943916320801e-01,-4.873188585042953491e-02,6.811335086822509766e-01,3.220779001712799072e-01,-2.844785749912261963e-01,-8.636119216680526733e-02,6.078209728002548218e-02,6.766778416931629181e-03,-3.877215683460235596e-01,5.260272026062011719e-01,-1.029359409585595131e-03,1.087942048907279968e-01,2.127360850572586060e-01,2.515493929386138916e-01,-1.468157470226287842e-01,-1.803953498601913452e-01,1.613262146711349487e-01,-1.083626151084899902e-01,1.696989312767982483e-02,2.448499649763107300e-01,1.838849782943725586e-01
1.604954957962036133e+00,-4.163313210010528564e-01,6.293336153030395508e-01,-3.727783262729644775e-02,-3.398003429174423218e-02,4.836823940277099609e-01,8.737888932228088379e-01,-2.258957922458648682e-01,-1.079831868410110474e-01,6.826562285423278809e-01,3.139105439186096191e-01,-2.474630922079086304e-01,1.628254354000091553e-01,4.047097265720367432e-02,-2.396599203348159790e-02,-3.835746943950653076e-01,6.476281881332397461e-01,1.438970565795898438e-01,1.467717885971069336e-01,1.912123262882232666e-01,2.432508468627929688e-01,-1.759665608406066895e-01,-1.886243373155593872e-01,1.807276904582977295e-01,-1.110671907663345337e-01,5.876621697098016739e-03,2.485343068838119507e-01,1.832522898912429810e-01
1.613086342811584473e+00,-4.027168452739715576e-01,6.219838857650756836e-01,-3.386386111378669739e-02,-3.791518881916999817e-02,5.012512207031250000e-01,8.638072013854980469e-01,-2.545702755451202393e-01,-1.065205931663513184e-01,5.954954028129577637e-01,3.929588496685028076e-01,-2.495529502630233765e-01,2.664486169815063477e-01,2.377908863127231598e-02,-5.542935058474540710e-02,-3.875789642333984375e-01,7.296379804611206055e-01,2.347062677145004272e-01,1.471797078847885132e-01,1.824727654457092285e-01,2.466056197881698608e-01,-1.895102262496948242e-01,-1.938033699989318848e-01,1.889999508857727051e-01,-9.800031036138534546e-02,7.911958964541554451e-04,2.458249479532241821e-01,1.935950368642807007e-01
1.629078269004821777e+00,-3.750639855861663818e-01,6.053603291511535645e-01,-1.963109150528907776e-02,-5.554642155766487122e-02,5.486899614334106445e-01,8.339475393295288086e-01,-2.736476957798004150e-01,-1.081583276391029358e-01,4.449236392974853516e-01,5.924651622772216797e-01,-3.426091969013214111e-01,2.975935637950897217e-01,1.191355939954519272e-02,-1.238687783479690552e-01,-4.243175685405731201e-01,8.883539438247680664e-01,3.865357339382171631e-01,1.134415119886398315e-01,1.331165134906768799e-01,2.745259404182434082e-01,-2.075252830982208252e-01,-2.130054831504821777e-01,2.097495645284652710e-01,-2.261209674179553986e-02,1.588374725542962551e-03,2.224864512681961060e-01,2.495540380477905273e-01
1.636091709136962891e+00,-3.498177528381347656e-01,5.966377258300781250e-01,-1.716764271259307861e-02,-4.812285676598548889e-02,5.901333093643188477e-01,8.056873679161071777e-01,-2.672122418880462646e-01,-1.082604378461837769e-01,4.395046532154083252e-01,7.108348608016967773e-01,-4.304487407207489014e-01,2.891497313976287842e-01,-1.199627742171287537e-01,-2.130436897277832031e-01,-3.879220485687255859e-01,1.132651448249816895e+00,2.775975465774536133e-01,9.815964847803115845e-02,8.461877703666687012e-02,2.226966172456741333e-01,-2.335713952779769897e-01,-2.223073393106460571e-01,2.532208859920501709e-01,2.603726089000701904e-02,-4.426925443112850189e-03,1.506444662809371948e-01,3.815337717533111572e-01
1.640194177627563477e+00,-3.393343985080718994e-01,5.959458947181701660e-01,-2.104064263403415680e-02,-4.453779757022857666e-02,6.054338812828063965e-01,7.943698763847351074e-01,-2.503129839897155762e-01,-1.145715788006782532e-01,4.301474392414093018e-01,7.117541432380676270e-01,-4.451730549335479736e-01,2.880313694477081299e-01,-2.007023245096206665e-01,-2.519312202930450439e-01,-3.586336374282836914e-01,1.238052606582641602e+00,1.988013982772827148e-01,5.631297081708908081e-02,7.575364410877227783e-02,2.000523656606674194e-01,-2.355968207120895386e-01,-2.333159744739532471e-01,2.353507429361343384e-01,5.926716327667236328e-02,1.966549607459455729e-04,1.315456479787826538e-01,4.289853274822235107e-01
1.649807810783386230e+00,-3.179046213626861572e-01,6.015133857727050781e-01,-2.120878361165523529e-02,-4.526826739311218262e-02,6.428598165512084961e-01,7.643508911132812500e-01,-2.320527434349060059e-01,-1.353756934404373169e-01,3.277498483657836914e-01,7.186912894248962402e-01,-4.458704888820648193e-01,2.835918068885803223e-01,-3.020883202552795410e-01,-2.868885099887847900e-01,-3.216869533061981201e-01,1.327907085418701172e+00,4.325103387236595154e-02,-7.654736936092376709e-02,4.963187128305435181e-02,1.742707788944244385e-01,-2.333170920610427856e-01,-2.559956014156341553e-01,1.606692671775817871e-01,1.577736735343933105e-01,-1.464511547237634659e-02,9.947232902050018311e-02,4.490126669406890869e-01
1.656965970993041992e+00,-2.985017001628875732e-01,6.118382811546325684e-01,-1.945193670690059662e-02,-4.499926045536994934e-02,6.859003305435180664e-01,7.260422706604003906e-01,-1.892114728689193726e-01,-1.565024554729461670e-01,2.264016121625900269e-01,6.813483238220214844e-01,-4.177738428115844727e-01,2.733551859855651855e-01,-3.676609694957733154e-01,-2.804127335548400879e-01,-2.856538891792297363e-01,1.287747383117675781e+00,-8.453983068466186523e-02,-1.352539956569671631e-01,-3.258879296481609344e-04,1.320967674255371094e-01,-2.415869981050491333e-01,-2.446037977933883667e-01,1.032849177718162537e-01,2.294323146343231201e-01,-4.966037347912788391e-02,3.371373191475868225e-02,4.672140479087829590e-01
1.658834457397460938e+00,-2.899199128150939941e-01,6.172322034835815430e-01,-2.237713150680065155e-02,-4.121848940849304199e-02,7.067668437957763672e-01,7.058901786804199219e-01,-1.717191934585571289e-01,-1.623232364654541016e-01,1.856105625629425049e-01,6.533441543579101562e-01,-3.961654901504516602e-01,2.652365267276763916e-01,-3.949750065803527832e-01,-2.645169794559478760e-01,-2.667810022830963135e-01,1.226384282112121582e+00,-1.304096728563308716e-01,-1.440658420324325562e-01,-2.590525522828102112e-02,1.113249361515045166e-01,-2.397469431161880493e-01,-2.464453577995300293e-01,6.074476987123489380e-02,2.546820938587188721e-01,-6.345286965370178223e-02,1.015144749544560909e-03,4.741167724132537842e-01
1.663161396980285645e+00,-2.707627713680267334e-01,6.291990876197814941e-01,-2.820089645683765411e-02,-3.796608373522758484e-02,7.464385032653808594e-01,6.637716889381408691e-01,-1.282041668891906738e-01,-1.549714803695678711e-01,1.208253726363182068e-01,5.974279046058654785e-01,-3.396256566047668457e-01,2.388034462928771973e-01,-4.042595028877258301e-01,-2.122446149587631226e-01,-2.307587414979934692e-01,1.034884572029113770e+00,-2.062243074178695679e-01,-1.247138008475303650e-01,-6.469854712486267090e-02,8.411134034395217896e-02,-2.197754830121994019e-01,-2.684525847434997559e-01,-2.311667241156101227e-02,3.168422281742095947e-01,-6.784285604953765869e-02,-4.479616507887840271e-02,4.687735438346862793e-01
1.667384386062622070e+00,-2.467031180858612061e-01,6.403026580810546875e-01,-3.387923538684844971e-02,-4.005347937345504761e-02,7.783797979354858398e-01,6.255979537963867188e-01,-9.552424401044845581e-02,-1.302937269210815430e-01,6.476911157369613647e-02,5.676620602607727051e-01,-2.741183340549468994e-01,2.076930850744247437e-01,-3.487279117107391357e-01,-1.267880350351333618e-01,-1.473235487937927246e-01,7.437037229537963867e-01,-2.561290562152862549e-01,-5.345517024397850037e-02,-8.127758651971817017e-02,6.460620462894439697e-02,-1.891720890998840332e-01,-2.729291915893554688e-01,-6.225140765309333801e-02,3.606373369693756104e-01,-5.531701818108558655e-02,-7.784678786993026733e-02,4.685014784336090088e-01
1.667056560516357422e+00,-2.343504875898361206e-01,6.438093781471252441e-01,-3.577860444784164429e-02,-3.910559415817260742e-02,7.923430800437927246e-01,6.077689528465270996e-01,-8.838437497615814209e-02,-1.230432987213134766e-01,3.733594343066215515e-02,5.674543976783752441e-01,-2.464851737022399902e-01,1.949902176856994629e-01,-3.161033093929290771e-01,-9.881088882684707642e-02,-7.190395891666412354e-02,5.926353931427001953e-01,-2.755445837974548340e-01,1.528609730303287506e-02,-8.618202060461044312e-02,6.172533333301544189e-02,-1.772705018520355225e-01,-2.695870995521545410e-01,-7.212377339601516724e-02,3.686570227146148682e-01,-5.443212017416954041e-02,-8.590745180845260620e-02,4.703561663627624512e-01
1.663589954376220703e+00,-2.099090516567230225e-01,6.442475914955139160e-01,-3.467126190662384033e-02,-3.504959866404533386e-02,8.182060122489929199e-01,5.728074908256530762e-01,-8.996593952178955078e-02,-1.139549762010574341e-01,-5.221154075115919113e-03,6.192671656608581543e-01,-2.049062103033065796e-01,1.671682894229888916e-01,-2.761991322040557861e-01,-7.070406526327133179e-02,5.759019032120704651e-02,4.135889410972595215e-01,-3.040284812450408936e-01,1.450466066598892212e-01,-8.497408777475357056e-02,7.639266550540924072e-02,-1.609840095043182373e-01,-2.654594182968139648e-01,-7.657134532928466797e-02,3.775091767311096191e-01,-5.960256233811378479e-02,-8.280164003372192383e-02,4.639588594436645508e-01
1.661008119583129883e+00,-1.872962564229965210e-01,6.334965229034423828e-01,-3.275988996028900146e-02,-2.896306291222572327e-02,8.372905850410461426e-01,5.450068116188049316e-01,-1.479296237230300903e-01,-9.435693919658660889e-02,2.090662252157926559e-03,7.719247937202453613e-01,-1.555501818656921387e-01,1.154636591672897339e-01,-2.867831289768218994e-01,-5.691819638013839722e-02,2.572206594049930573e-02,4.265012741088867188e-01,-3.134964704513549805e-01,2.694268524646759033e-01,-5.180481448769569397e-02,1.018811538815498352e-01,-1.602577865123748779e-01,-2.569336593151092529e-01,-4.294907301664352417e-02,3.673665225505828857e-01,-6.662749499082565308e-02,-6.480937451124191284e-02,4.574566483497619629e-01
1.661833763122558594e+00,-1.766211539506912231e-01,6.264601349830627441e-01,-3.549309447407722473e-02,-2.645246498286724091e-02,8.449242115020751953e-01,5.330512523651123047e-01,-1.939314156770706177e-01,-6.462986767292022705e-02,2.242044918239116669e-02,8.609871864318847656e-01,-1.088814213871955872e-01,7.454588264226913452e-02,-3.098137676715850830e-01,-5.869790911674499512e-02,-3.247194364666938782e-02,5.001223683357238770e-01,-3.000024557113647461e-01,1.830930411815643311e-01,-2.542291954159736633e-02,1.132503822445869446e-01,-1.600155085325241089e-01,-2.515489459037780762e-01,-1.479113101959228516e-02,3.438647985458374023e-01,-6.532876193523406982e-02,-5.128194764256477356e-02,4.633753597736358643e-01
1.662185549736022949e+00,-1.547429710626602173e-01,6.126661300659179688e-01,-3.998215869069099426e-02,-2.426512166857719421e-02,8.651790022850036621e-01,4.992773830890655518e-01,-2.764199078083038330e-01,7.636466063559055328e-03,6.361398100852966309e-02,1.012244105339050293e+00,3.827648609876632690e-02,2.721332246437668800e-03,-3.237903416156768799e-01,-6.867323070764541626e-02,-1.156406477093696594e-01,6.734681129455566406e-01,-4.348727762699127197e-01,1.238998100161552429e-01,1.128712017089128494e-02,1.525528281927108765e-01,-1.630986332893371582e-01,-2.365657687187194824e-01,5.670414119958877563e-02,2.914026379585266113e-01,-5.841626599431037903e-02,-1.767200417816638947e-02,4.829020798206329346e-01
1.658230066299438477e+00,-1.331093162298202515e-01,5.989893674850463867e-01,-4.685252904891967773e-02,-2.591957710683345795e-02,8.809704184532165527e-01,4.701320528984069824e-01,-3.431413173675537109e-01,8.775451779365539551e-02,1.292656064033508301e-01,1.121568441390991211e+00,1.429073363542556763e-01,-7.787822186946868896e-02,-3.350841701030731201e-01,-5.315039306879043579e-02,-1.252835243940353394e-01,8.025148510932922363e-01,-5.235999822616577148e-01,9.169867634773254395e-02,6.402947008609771729e-02,2.064143419265747070e-01,-1.814004927873611450e-01,-1.871671825647354126e-01,1.617234796285629272e-01,2.212531417608261108e-01,-6.164106354117393494e-02,4.469486698508262634e-02,4.780323803424835205e-01
1.653110504150390625e+00,-1.229995861649513245e-01,5.983716249465942383e-01,-5.056564882397651672e-02,-2.436277642846107483e-02,8.880580067634582520e-01,4.562921524047851562e-01,-3.868085741996765137e-01,1.215145215392112732e-01,1.578050404787063599e-01,1.199022889137268066e+00,9.028926491737365723e-02,-8.203634619712829590e-02,-3.090678453445434570e-01,-4.990103095769882202e-02,-1.451404094696044922e-01,7.939292192459106445e-01,-5.235999822616577148e-01,7.871160656213760376e-02,9.455464780330657959e-02,2.352557331323623657e-01,-1.943008005619049072e-01,-1.680003404617309570e-01,1.957934647798538208e-01,1.797388046979904175e-01,-7.541523873805999756e-02,8.979827165603637695e-02,4.438293278217315674e-01
1.638445138931274414e+00,-1.023638099431991577e-01,6.028748750686645508e-01,-5.323368683457374573e-02,-2.432936802506446838e-02,9.058331251144409180e-01,4.195719659328460693e-01,-4.746729433536529541e-01,1.529188901185989380e-01,1.742025613784790039e-01,1.300611138343811035e+00,-5.302245263010263443e-03,3.396206721663475037e-02,-2.316945046186447144e-01,-3.982358053326606750e-02,-1.911602765321731567e-01,7.458583712577819824e-01,-5.235999822616577148e-01,6.445214897394180298e-02,1.401645690202713013e-01,2.989416420459747314e-01,-1.906467378139495850e-01,-1.403953582048416138e-01,2.013807892799377441e-01,1.064788103103637695e-01,-8.294131606817245483e-02,1.582586467266082764e-01,3.608810305595397949e-01
1.622643351554870605e+00,-8.156768232583999634e-02,6.106100678443908691e-01,-5.602121353149414062e-02,-2.241208218038082123e-02,9.211133122444152832e-01,3.845902085304260254e-01,-5.368706583976745605e-01,1.549351811408996582e-01,1.913030892610549927e-01,1.276156663894653320e+00,-6.622891873121261597e-02,1.377520523965358734e-02,-1.298494338989257812e-01,-2.835073322057723999e-02,-2.498940676450729370e-01,6.447020769119262695e-01,-5.235999822616577148e-01,7.195372879505157471e-02,1.866779476404190063e-01,3.439066708087921143e-01,-1.723086237907409668e-01,-1.164165288209915161e-01,1.891831904649734497e-01,4.745624959468841553e-02,-6.457471102476119995e-02,1.828687638044357300e-01,2.890501320362091064e-01
1.612843751907348633e+00,-7.307393103837966919e-02,6.156258583068847656e-01,-5.843798071146011353e-02,-1.992074400186538696e-02,9.285210967063903809e-01,3.661102652549743652e-01,-5.618412494659423828e-01,1.422082781791687012e-01,1.948962062597274780e-01,1.236415386199951172e+00,-1.070060357451438904e-01,-7.759331259876489639e-03,-8.624044060707092285e-02,-2.471259608864784241e-02,-2.756912708282470703e-01,5.913206934928894043e-01,-4.892763495445251465e-01,8.214937895536422729e-02,2.072452902793884277e-01,3.608755469322204590e-01,-1.612259745597839355e-01,-1.143673434853553772e-01,1.788486689329147339e-01,2.907259389758110046e-02,-4.879708588123321533e-02,1.953274607658386230e-01,2.514165937900543213e-01
1.591601371765136719e+00,-5.711863189935684204e-02,6.271516084671020508e-01,-6.611596047878265381e-02,-1.474798005074262619e-02,9.394109249114990234e-01,3.360331356525421143e-01,-5.851499438285827637e-01,1.089050918817520142e-01,2.209374159574508667e-01,1.100014567375183105e+00,-1.810894757509231567e-01,-3.060391731560230255e-02,-2.722476050257682800e-02,-1.692360639572143555e-02,-2.973400652408599854e-01,4.853188097476959229e-01,-3.116993606090545654e-01,9.922785311937332153e-02,2.568691968917846680e-01,3.824016749858856201e-01,-1.348891109228134155e-01,-1.164717599749565125e-01,1.580865681171417236e-01,5.455458536744117737e-03,-7.846826687455177307e-03,2.260995656251907349e-01,1.910785287618637085e-01
1.567474842071533203e+00,-4.377990588545799255e-02,6.377338171005249023e-01,-7.495678216218948364e-02,-5.864425096660852432e-03,9.524397253990173340e-01,2.953061163425445557e-01,-5.674450993537902832e-01,6.018603965640068054e-02,2.843331694602966309e-01,9.008219242095947266e-01,-2.538109421730041504e-01,-1.918656378984451294e-02,1.177184097468852997e-02,-1.652337610721588135e-02,-3.256042897701263428e-01,4.059426784515380859e-01,-1.176031976938247681e-01,1.088805273175239563e-01,2.713374793529510498e-01,3.829894959926605225e-01,-1.234721317887306213e-01,-1.170977875590324402e-01,1.629837155342102051e-01,-1.434834953397512436e-02,2.710071764886379242e-02,2.454544305801391602e-01,1.714592278003692627e-01
1.554612874984741211e+00,-3.749976307153701782e-02,6.414785981178283691e-01,-7.892642915248870850e-02,-1.709263306111097336e-03,9.585039019584655762e-01,2.739306092262268066e-01,-5.345098972320556641e-01,3.173178806900978088e-02,3.301638662815093994e-01,7.800341248512268066e-01,-2.854230403900146484e-01,-2.156089805066585541e-02,2.905414998531341553e-02,-1.522515341639518738e-02,-3.374853730201721191e-01,3.774685561656951904e-01,-2.696778066456317902e-02,1.094185337424278259e-01,2.704038023948669434e-01,3.775545060634613037e-01,-1.266607195138931274e-01,-1.194556802511215210e-01,1.770679950714111328e-01,-2.121570333838462830e-02,3.594575077295303345e-02,2.508624792098999023e-01,1.659277528524398804e-01
1.527863621711730957e+00,-2.383147738873958588e-02,6.426966786384582520e-01,-8.538279682397842407e-02,3.078989684581756592e-03,9.686341285705566406e-01,2.333414107561111450e-01,-4.787245094776153564e-01,-2.146948501467704773e-02,3.810271024703979492e-01,5.911893248558044434e-01,-3.262341618537902832e-01,-4.473271965980529785e-02,3.961772471666336060e-02,-1.305154804140329361e-02,-3.358586728572845459e-01,3.909270465373992920e-01,1.104227304458618164e-01,1.041357070207595825e-01,2.593813836574554443e-01,3.673759698867797852e-01,-1.381037682294845581e-01,-1.371350288391113281e-01,1.993305832147598267e-01,-1.971008069813251495e-02,4.117432981729507446e-02,2.630337476730346680e-01,1.506429463624954224e-01
1.498170852661132812e+00,-1.064920425415039062e-02,6.353650093078613281e-01,-8.307687193155288696e-02,4.828586243093013763e-03,9.764621257781982422e-01,1.989888995885848999e-01,-4.629248082637786865e-01,-6.378962844610214233e-02,3.636704683303833008e-01,6.092341542243957520e-01,-3.094725608825683594e-01,1.433872878551483154e-01,2.482288517057895660e-02,-3.245180100202560425e-02,-3.215733766555786133e-01,5.087005496025085449e-01,2.072749137878417969e-01,1.063735708594322205e-01,2.391180396080017090e-01,3.605839610099792480e-01,-1.576114147901535034e-01,-1.492906957864761353e-01,2.187728434801101685e-01,1.844704966060817242e-03,5.081561952829360962e-02,2.593302726745605469e-01,1.775955706834793091e-01
1.482717514038085938e+00,-4.459038376808166504e-03,6.272622346878051758e-01,-7.676046341657638550e-02,5.055074580013751984e-03,9.809637665748596191e-01,1.783040463924407959e-01,-4.555560052394866943e-01,-7.651547342538833618e-02,3.203602433204650879e-01,6.663165688514709473e-01,-3.626020252704620361e-01,1.592387109994888306e-01,1.523787714540958405e-02,-4.902702569961547852e-02,-3.244977295398712158e-01,5.938199162483215332e-01,2.582200765609741211e-01,1.115916967391967773e-01,2.143072634935379028e-01,3.609949946403503418e-01,-1.665679961442947388e-01,-1.495669633150100708e-01,2.274597734212875366e-01,2.561365067958831787e-02,5.941380187869071960e-02,2.449578344821929932e-01,2.126631438732147217e-01
1.454456686973571777e+00,6.473074201494455338e-03,6.055589318275451660e-01,-6.002731248736381531e-02,8.356134407222270966e-03,9.891113042831420898e-01,1.341107487678527832e-01,-4.396561384201049805e-01,-1.097372919321060181e-01,2.467408776283264160e-01,7.990035414695739746e-01,-4.587087035179138184e-01,1.790147870779037476e-01,-7.341547869145870209e-03,-9.257400035858154297e-02,-3.449021875858306885e-01,7.675350308418273926e-01,3.694643676280975342e-01,1.033199504017829895e-01,1.464798599481582642e-01,3.508135974407196045e-01,-1.837681084871292114e-01,-1.554710716009140015e-01,2.538803517818450928e-01,1.039650887250900269e-01,7.931774109601974487e-02,1.912293881177902222e-01,3.225111365318298340e-01
1.424949765205383301e+00,1.626551523804664612e-02,5.948818922042846680e-01,-5.201318114995956421e-02,1.458508986979722977e-02,9.937548041343688965e-01,9.763856232166290283e-02,-3.891884088516235352e-01,-1.260737180709838867e-01,2.278668135404586792e-01,8.519707322120666504e-01,-5.235999822616577148e-01,1.749076396226882935e-01,-7.963827997446060181e-02,-1.683579832315444946e-01,-3.720182478427886963e-01,9.869444370269775391e-01,3.022969961166381836e-01,1.069507524371147156e-01,7.021547108888626099e-02,2.951571941375732422e-01,-2.111542373895645142e-01,-1.681343764066696167e-01,2.948761284351348877e-01,1.804781854152679443e-01,9.058713912963867188e-02,1.117343977093696594e-01,4.800008237361907959e-01
1.411370396614074707e+00,2.148614265024662018e-02,5.933459997177124023e-01,-5.262149870395660400e-02,1.444022916257381439e-02,9.947780370712280273e-01,8.625021576881408691e-02,-3.681516647338867188e-01,-1.290730237960815430e-01,2.105031758546829224e-01,8.499986529350280762e-01,-5.235999822616577148e-01,1.729122102260589600e-01,-1.391863971948623657e-01,-2.104817926883697510e-01,-3.772710859775543213e-01,1.093029737472534180e+00,2.319451272487640381e-01,8.963387459516525269e-02,4.008139297366142273e-02,2.607548236846923828e-01,-2.138620018959045410e-01,-1.849340498447418213e-01,2.787104845046997070e-01,2.156142145395278931e-01,9.571173042058944702e-02,7.653954625129699707e-02,5.373225212097167969e-01
1.382506847381591797e+00,3.338485956192016602e-02,5.969124436378479004e-01,-4.952680319547653198e-02,1.254254207015037537e-02,9.965050816535949707e-01,6.608592718839645386e-02,-3.029523789882659912e-01,-1.347181648015975952e-01,1.574867367744445801e-01,8.137258291244506836e-01,-5.235999822616577148e-01,1.640874892473220825e-01,-2.562223672866821289e-01,-2.668434679508209229e-01,-3.674859106540679932e-01,1.224459171295166016e+00,1.014784723520278931e-01,2.419522218406200409e-02,-2.724645845592021942e-02,2.017912566661834717e-01,-2.114971727132797241e-01,-2.103047519922256470e-01,1.943277716636657715e-01,2.996795475482940674e-01,8.012434840202331543e-02,2.867618948221206665e-02,5.445486307144165039e-01
1.352425813674926758e+00,4.685829579830169678e-02,6.078821420669555664e-01,-4.502879828214645386e-02,8.773678913712501526e-03,9.975456595420837402e-01,5.289693549275398254e-02,-2.067820131778717041e-01,-1.240225732326507568e-01,1.267057210206985474e-01,7.319589853286743164e-01,-5.185026526451110840e-01,1.416260898113250732e-01,-3.688331842422485352e-01,-2.791599631309509277e-01,-3.366705179214477539e-01,1.249959707260131836e+00,-2.779109403491020203e-02,-6.366862356662750244e-02,-9.352633357048034668e-02,1.400392800569534302e-01,-2.079170048236846924e-01,-1.940774917602539062e-01,1.063394248485565186e-01,3.545924127101898193e-01,4.635876044631004333e-02,-1.621630974113941193e-02,5.145355463027954102e-01
1.337643504142761230e+00,5.273404344916343689e-02,6.149032115936279297e-01,-4.621335119009017944e-02,6.114798132330179214e-03,9.975050091743469238e-01,5.301580950617790222e-02,-1.599608808755874634e-01,-1.133478954434394836e-01,1.262455731630325317e-01,6.693453788757324219e-01,-4.732982814311981201e-01,1.218621805310249329e-01,-4.271256029605865479e-01,-2.694685757160186768e-01,-3.131510615348815918e-01,1.221482276916503906e+00,-7.357414811849594116e-02,-8.123717457056045532e-02,-1.128149330615997314e-01,1.164413839578628540e-01,-2.049901336431503296e-01,-1.880223602056503296e-01,5.140762776136398315e-02,3.725800216197967529e-01,2.504839375615119934e-02,-2.886470966041088104e-02,4.880182445049285889e-01
1.307183980941772461e+00,6.410062313079833984e-02,6.304622292518615723e-01,-4.639666154980659485e-02,1.320022129220888019e-04,9.974020123481750488e-01,5.510476231575012207e-02,-7.335804402828216553e-02,-8.419391512870788574e-02,1.296456754207611084e-01,5.501898527145385742e-01,-3.202279806137084961e-01,6.491085141897201538e-02,-4.930362999439239502e-01,-2.338362187147140503e-01,-2.906318306922912598e-01,1.073616981506347656e+00,-1.394176036119461060e-01,-5.842503160238265991e-02,-1.430049836635589600e-01,8.880368620157241821e-02,-1.946268677711486816e-01,-1.827508658170700073e-01,-5.379055812954902649e-02,4.090638458728790283e-01,-8.874070830643177032e-03,-4.819697141647338867e-02,4.367040991783142090e-01
1.275354504585266113e+00,7.894070446491241455e-02,6.445930004119873047e-01,-4.492102563381195068e-02,-8.619433268904685974e-03,9.969843626022338867e-01,6.268928945064544678e-02,-6.287362426519393921e-03,-4.337105900049209595e-02,1.434136182069778442e-01,4.625180363655090332e-01,-1.217947304248809814e-01,6.636920385062694550e-03,-4.959418773651123047e-01,-1.546700596809387207e-01,-2.657961547374725342e-01,7.986341118812561035e-01,-1.645741760730743408e-01,-4.606633912771940231e-03,-1.522314846515655518e-01,6.710793823003768921e-02,-1.698405742645263672e-01,-1.604712307453155518e-01,-1.184121519327163696e-01,4.282946586608886719e-01,-1.691612042486667633e-02,-7.559975236654281616e-02,4.216125011444091797e-01
1.258115172386169434e+00,8.713234215974807739e-02,6.497131586074829102e-01,-4.470952227711677551e-02,-1.288460753858089447e-02,9.966673851013183594e-01,6.700127571821212769e-02,2.029177173972129822e-02,-2.448141202330589294e-02,1.484444737434387207e-01,4.303350448608398438e-01,-1.872165128588676453e-02,-1.794269680976867676e-02,-4.759835898876190186e-01,-1.007056385278701782e-01,-2.347106486558914185e-01,6.284568309783935547e-01,-1.806260347366333008e-01,4.220722615718841553e-02,-1.510711610317230225e-01,6.197347119450569153e-02,-1.549909114837646484e-01,-1.519233584403991699e-01,-1.400890350341796875e-01,4.293684065341949463e-01,-1.036220695823431015e-02,-8.868061751127243042e-02,4.279857277870178223e-01
1.220384359359741211e+00,1.002035811543464661e-01,6.528365015983581543e-01,-4.241010174155235291e-02,-1.718931831419467926e-02,9.962705373764038086e-01,7.314972579479217529e-02,5.968013778328895569e-02,-1.725445734336972237e-03,1.594084948301315308e-01,4.137322008609771729e-01,1.638213247060775757e-01,-4.571929201483726501e-02,-4.302607178688049316e-01,-4.815936088562011719e-02,-1.358161121606826782e-01,3.498497903347015381e-01,-2.240139544010162354e-01,2.036418765783309937e-01,-1.434425264596939087e-01,7.033641636371612549e-02,-1.363233625888824463e-01,-1.493124067783355713e-01,-1.635180115699768066e-01,4.277171790599822998e-01,4.024457011837512255e-04,-9.902238100767135620e-02,4.363674521446228027e-01
1.181448936462402344e+00,1.121300831437110901e-01,6.443467736244201660e-01,-3.473241254687309265e-02,-1.640510931611061096e-02,9.965799450874328613e-01,7.316374033689498901e-02,6.178792193531990051e-02,2.329940348863601685e-02,1.725936233997344971e-01,5.122337341308593750e-01,2.898784577846527100e-01,-8.682657033205032349e-02,-3.801918625831604004e-01,-2.619205042719841003e-02,-1.554579883813858032e-01,2.601068615913391113e-01,-2.779633998870849609e-01,2.790174484252929688e-01,-1.276849806308746338e-01,9.273022413253784180e-02,-1.403044015169143677e-01,-1.604525446891784668e-01,-1.353318989276885986e-01,4.293410181999206543e-01,-2.461810130625963211e-03,-9.210471063852310181e-02,4.292699992656707764e-01
1.161802411079406738e+00,1.199410408735275269e-01,6.358917951583862305e-01,-3.009154833853244781e-02,-1.612081192433834076e-02,9.969683885574340820e-01,6.991875171661376953e-02,4.877457022666931152e-02,4.600187763571739197e-02,1.780536025762557983e-01,5.932393074035644531e-01,3.528282344341278076e-01,-1.078476756811141968e-01,-3.685798048973083496e-01,-1.554042659699916840e-02,-1.970780640840530396e-01,2.928309440612792969e-01,-2.414281219244003296e-01,2.404487431049346924e-01,-1.172285676002502441e-01,1.095677986741065979e-01,-1.466620415449142456e-01,-1.651043593883514404e-01,-1.049206778407096863e-01,4.282101690769195557e-01,-6.145540624856948853e-03,-8.446649461984634399e-02,4.271729886531829834e-01
1.125074505805969238e+00,1.406269669532775879e-01,6.162161827087402344e-01,-2.091846056282520294e-02,-1.822629757225513458e-02,9.970950484275817871e-01,7.093425095081329346e-02,7.511900737881660461e-03,1.114378944039344788e-01,2.141154259443283081e-01,7.640168666839599609e-01,4.896885454654693604e-01,-1.039122343063354492e-01,-3.898611962795257568e-01,2.405776642262935638e-03,-1.908796727657318115e-01,4.682047069072723389e-01,-2.020096927881240845e-01,1.133910939097404480e-01,-7.114709168672561646e-02,1.759261637926101685e-01,-1.578607261180877686e-01,-1.398562192916870117e-01,-3.972516953945159912e-02,4.077620208263397217e-01,-1.050375495105981827e-02,-4.501693695783615112e-02,4.427425265312194824e-01
1.086970806121826172e+00,1.562647968530654907e-01,6.013736724853515625e-01,-1.064411737024784088e-02,-2.217213995754718781e-02,9.971305131912231445e-01,7.159457355737686157e-02,-8.085886389017105103e-02,1.724347919225692749e-01,2.294921427965164185e-01,9.630994796752929688e-01,4.159933328628540039e-01,-6.695470213890075684e-02,-4.568494260311126709e-01,2.793107926845550537e-02,-1.682502776384353638e-01,7.747253775596618652e-01,-3.333528339862823486e-01,-3.010646812617778778e-02,-1.034958288073539734e-02,2.793785929679870605e-01,-1.779997795820236206e-01,-2.453744597733020782e-02,8.073753863573074341e-02,3.353703916072845459e-01,-8.752608671784400940e-03,1.426859409548342228e-03,5.360760688781738281e-01
1.066786050796508789e+00,1.615793406963348389e-01,6.000619530677795410e-01,-5.227317567914724350e-03,-1.875508390367031097e-02,9.967166185379028320e-01,7.859338819980621338e-02,-1.391438096761703491e-01,1.916320770978927612e-01,2.425977289676666260e-01,1.075544476509094238e+00,3.226396739482879639e-01,1.261970214545726776e-02,-4.124754369258880615e-01,3.389049321413040161e-02,-1.657590270042419434e-01,7.945597171783447266e-01,-3.819485902786254883e-01,-6.196430325508117676e-02,4.365512356162071228e-02,3.405779302120208740e-01,-1.983444094657897949e-01,9.037435986101627350e-03,1.321538686752319336e-01,3.077164292335510254e-01,-1.749888993799686432e-02,2.333863824605941772e-02,5.613831877708435059e-01
1.027369976043701172e+00,1.695961803197860718e-01,6.012018918991088867e-01,-8.205763064324855804e-03,-1.616778969764709473e-02,9.978517293930053711e-01,6.295426934957504272e-02,-2.703133523464202881e-01,2.337400317192077637e-01,2.597578763961791992e-01,1.210797071456909180e+00,1.499623358249664307e-01,1.110821664333343506e-01,-3.480766713619232178e-01,3.328336030244827271e-02,-1.775584667921066284e-01,8.101398348808288574e-01,-4.500482082366943359e-01,-8.364674448966979980e-02,1.092478632926940918e-01,4.255917370319366455e-01,-1.929137557744979858e-01,2.811435423791408539e-02,1.637172549962997437e-01,2.657997310161590576e-01,-2.170092239975929260e-02,8.457533270120620728e-02,5.274282097816467285e-01
9.888920783996582031e-01,1.736215949058532715e-01,6.103435754776000977e-01,-4.937630146741867065e-03,-1.603659801185131073e-02,9.986694455146789551e-01,4.876314103603363037e-02,-3.697245717048645020e-01,2.427368015050888062e-01,2.845840752124786377e-01,1.226975083351135254e+00,1.331466715782880783e-02,1.176503673195838928e-01,-2.355464845895767212e-01,4.131641238927841187e-02,-1.852607578039169312e-01,7.286619544029235840e-01,-4.395095705986022949e-01,-8.126448094844818115e-02,1.827154606580734253e-01,4.786028563976287842e-01,-1.466950625181198120e-01,5.835004150867462158e-02,1.619589030742645264e-01,2.205879688262939453e-01,-1.863736659288406372e-03,1.038029193878173828e-01,5.146707892417907715e-01
9.700328707695007324e-01,1.745802462100982666e-01,6.159719228744506836e-01,-6.467993836849927902e-03,-1.417790353298187256e-02,9.992194175720214844e-01,3.629999607801437378e-02,-4.185287654399871826e-01,2.258804142475128174e-01,2.867123186588287354e-01,1.186215758323669434e+00,-2.147211693227291107e-02,1.009353548288345337e-01,-1.844824850559234619e-01,3.731868043541908264e-02,-2.044945657253265381e-01,6.731786131858825684e-01,-4.008398354053497314e-01,-7.191870361566543579e-02,2.095406204462051392e-01,4.897472560405731201e-01,-1.282252073287963867e-01,6.014052405953407288e-02,1.570872664451599121e-01,2.019447535276412964e-01,9.095752611756324768e-03,1.089911311864852905e-01,5.031615495681762695e-01
9.333764314651489258e-01,1.761736124753952026e-01,6.282101273536682129e-01,-1.418460253626108170e-02,-1.274196989834308624e-02,9.997410774230957031e-01,1.242020539939403534e-02,-4.909505546092987061e-01,1.832710057497024536e-01,3.055475652217864990e-01,1.029717326164245605e+00,-6.621813774108886719e-02,4.858015850186347961e-02,-1.002415642142295837e-01,4.153162240982055664e-02,-2.265632301568984985e-01,5.599021911621093750e-01,-2.694662809371948242e-01,-5.360397323966026306e-02,2.587454915046691895e-01,5.023756027221679688e-01,-1.130587607622146606e-01,5.600532889366149902e-02,1.416990458965301514e-01,1.658325791358947754e-01,2.466249279677867889e-02,1.427910774946212769e-01,4.658202528953552246e-01
8.961993455886840820e-01,1.728398054838180542e-01,6.403406262397766113e-01,-1.750154979526996613e-02,-1.074801012873649597e-02,9.996481537818908691e-01,-1.678516902029514313e-02,-4.984606802463531494e-01,1.140101402997970581e-01,3.505969941616058350e-01,7.822779417037963867e-01,-9.643056243658065796e-02,1.565566100180149078e-02,-1.277032867074012756e-02,4.732293263077735901e-02,-2.576359212398529053e-01,4.417100250720977783e-01,-9.361945092678070068e-02,-4.617556929588317871e-02,2.876887321472167969e-01,5.103077292442321777e-01,-1.195252984762191772e-01,5.903964117169380188e-02,1.409366726875305176e-01,1.321257054805755615e-01,2.452808804810047150e-02,1.805312931537628174e-01,4.292638599872589111e-01
8.780502080917358398e-01,1.703118830919265747e-01,6.446707844734191895e-01,-1.934367045760154724e-02,-9.168913587927818298e-03,9.991863965988159180e-01,-3.418099507689476013e-02,-4.811266958713531494e-01,7.156091928482055664e-02,3.734380006790161133e-01,6.316064596176147461e-01,-1.163476705551147461e-01,-1.868469826877117157e-02,2.338644489645957947e-02,4.927667230367660522e-02,-2.747612595558166504e-01,3.941657245159149170e-01,-9.266506880521774292e-03,-3.890287131071090698e-02,2.913298308849334717e-01,5.083575248718261719e-01,-1.296269744634628296e-01,5.681183561682701111e-02,1.439991593360900879e-01,1.149001941084861755e-01,1.852739229798316956e-02,1.942658573389053345e-01,4.112711548805236816e-01
8.417499065399169922e-01,1.679355800151824951e-01,6.483949422836303711e-01,-2.519810386002063751e-02,-9.894153103232383728e-03,9.979871511459350586e-01,-5.734769254922866821e-02,-4.289626777172088623e-01,1.865650154650211334e-02,4.073749780654907227e-01,3.598197102546691895e-01,-1.821419596672058105e-01,-1.236891448497772217e-01,5.781449005007743835e-02,5.250782147049903870e-02,-2.785962224006652832e-01,3.701411485671997070e-01,1.388405412435531616e-01,-1.177501212805509567e-02,3.044903278350830078e-01,4.862773120403289795e-01,-1.482234597206115723e-01,5.570927262306213379e-02,1.542619466781616211e-01,8.218520134687423706e-02,1.334186457097530365e-02,2.218585014343261719e-01,3.803541362285614014e-01
8.045558929443359375e-01,1.640695333480834961e-01,6.445168852806091309e-01,-2.521356381475925446e-02,-8.899068459868431091e-03,9.969000220298767090e-01,-7.399611920118331909e-02,-3.946563303470611572e-01,-3.723030909895896912e-02,3.857069611549377441e-01,2.596115469932556152e-01,-2.331554740667343140e-01,-5.759592726826667786e-02,4.895827919244766235e-02,3.024087660014629364e-02,-2.702202498912811279e-01,4.599404931068420410e-01,2.646660208702087402e-01,4.594998434185981750e-02,3.070892095565795898e-01,4.580875337123870850e-01,-1.623609513044357300e-01,5.842260271310806274e-02,1.719324588775634766e-01,6.688122451305389404e-02,1.722687296569347382e-02,2.445150613784790039e-01,3.762008249759674072e-01
7.851682901382446289e-01,1.612686514854431152e-01,6.381483078002929688e-01,-2.062279172241687775e-02,-7.139986380934715271e-03,9.968563914299011230e-01,-7.616473734378814697e-02,-3.913942277431488037e-01,-4.967640712857246399e-02,3.611015081405639648e-01,3.006935417652130127e-01,-2.593064606189727783e-01,-1.096380129456520081e-02,3.820707648992538452e-02,7.165197283029556274e-03,-2.703275084495544434e-01,5.368427634239196777e-01,3.264146149158477783e-01,8.089578896760940552e-02,3.105113208293914795e-01,4.496973156929016113e-01,-1.707057356834411621e-01,5.875304341316223145e-02,1.837587505578994751e-01,6.482329219579696655e-02,2.112358622252941132e-02,2.495161294937133789e-01,3.969444036483764648e-01
7.447293996810913086e-01,1.537421047687530518e-01,6.183059811592102051e-01,-1.611557323485612869e-03,-1.733956742100417614e-03,9.961566329002380371e-01,-8.755745738744735718e-02,-4.375594854354858398e-01,-3.611481562256813049e-02,2.770374715328216553e-01,4.491598904132843018e-01,-1.070568040013313293e-01,1.136544421315193176e-01,3.106055781245231628e-02,-6.085661053657531738e-02,-3.227037787437438965e-01,7.011116743087768555e-01,4.844471216201782227e-01,1.176960691809654236e-01,2.875865995883941650e-01,4.439657628536224365e-01,-1.919298171997070312e-01,4.655253514647483826e-02,2.167514562606811523e-01,7.498954236507415771e-02,2.778122201561927795e-02,2.500090301036834717e-01,4.769096076488494873e-01
7.099649310111999512e-01,1.434288322925567627e-01,6.008450984954833984e-01,1.698720641434192657e-02,7.740200962871313095e-03,9.933058023452758789e-01,-1.139958351850509644e-01,-4.821150898933410645e-01,-3.433581814169883728e-02,2.730379700660705566e-01,7.036430835723876953e-01,-1.706706285476684570e-01,1.512859165668487549e-01,1.167081063613295555e-03,-1.485147327184677124e-01,-3.737923800945281982e-01,9.089298248291015625e-01,5.049882531166076660e-01,1.851813048124313354e-01,2.357038408517837524e-01,4.017527401447296143e-01,-2.085444480180740356e-01,-5.723001901060342789e-03,2.881611883640289307e-01,1.017647907137870789e-01,1.479170843958854675e-02,2.059029787778854370e-01,5.930010080337524414e-01
6.925339102745056152e-01,1.398510336875915527e-01,5.969265103340148926e-01,1.824581809341907501e-02,7.891218177974224091e-03,9.918940067291259766e-01,-1.255031973123550415e-01,-4.744125604629516602e-01,-3.096656687557697296e-02,2.761509418487548828e-01,7.841735482215881348e-01,-2.407873272895812988e-01,1.617176532745361328e-01,-6.462792307138442993e-02,-1.878685802221298218e-01,-3.636123538017272949e-01,1.044389367103576660e+00,4.255184829235076904e-01,1.721161454916000366e-01,2.110779434442520142e-01,3.381778895854949951e-01,-2.099350988864898682e-01,-3.085359372198581696e-02,3.500233292579650879e-01,1.053828448057174683e-01,2.589673735201358795e-03,1.722614616155624390e-01,6.586919426918029785e-01
6.598948836326599121e-01,1.332425028085708618e-01,5.942496657371520996e-01,2.009455114603042603e-02,6.908559240400791168e-03,9.881102442741394043e-01,-1.522715091705322266e-01,-4.278217554092407227e-01,-3.940128535032272339e-02,2.587710320949554443e-01,8.337866067886352539e-01,-3.145244121551513672e-01,1.655511856079101562e-01,-2.027995139360427856e-01,-2.603255808353424072e-01,-3.494075834751129150e-01,1.241408467292785645e+00,2.872449755668640137e-01,5.631817504763603210e-02,1.582952886819839478e-01,2.175543904304504395e-01,-1.902955174446105957e-01,-1.207768023014068604e-01,3.788605928421020508e-01,1.353660523891448975e-01,1.009904779493808746e-03,9.716099500656127930e-02,7.973322272300720215e-01
6.290318965911865234e-01,1.323186159133911133e-01,5.992128252983093262e-01,2.838747203350067139e-02,9.516041725873947144e-03,9.819402694702148438e-01,-1.868072301149368286e-01,-3.898147344589233398e-01,-5.383759737014770508e-02,1.843586117029190063e-01,8.617323040962219238e-01,-3.496964871883392334e-01,1.399299204349517822e-01,-2.961035370826721191e-01,-2.994293570518493652e-01,-3.389041721820831299e-01,1.303009033203125000e+00,1.586642861366271973e-01,-1.324163004755973816e-02,8.449011296033859253e-02,1.364445537328720093e-01,-1.735172569751739502e-01,-1.874549835920333862e-01,2.737336456775665283e-01,1.784190088510513306e-01,-1.595676131546497345e-02,1.259277202188968658e-02,9.285975098609924316e-01
6.150162816047668457e-01,1.321318894624710083e-01,6.034430861473083496e-01,2.980299293994903564e-02,9.532577358186244965e-03,9.786452054977416992e-01,-2.031612545251846313e-01,-3.657401204109191895e-01,-5.619082599878311157e-02,1.589921861886978149e-01,8.543335795402526855e-01,-3.576177656650543213e-01,1.297092288732528687e-01,-3.441674709320068359e-01,-3.056962788105010986e-01,-3.267265856266021729e-01,1.299088597297668457e+00,1.014502048492431641e-01,-4.064336419105529785e-02,5.428639054298400879e-02,9.183337539434432983e-02,-1.893313825130462646e-01,-2.001491338014602661e-01,2.294637858867645264e-01,1.984199583530426025e-01,-3.660987317562103271e-02,-2.760857157409191132e-02,9.736925959587097168e-01
5.886380076408386230e-01,1.306994110345840454e-01,6.145548224449157715e-01,2.716759964823722839e-02,7.408295758068561554e-03,9.729180335998535156e-01,-2.294286340475082397e-01,-3.126583397388458252e-01,-5.125112831592559814e-02,1.299014240503311157e-01,8.080644011497497559e-01,-3.574209213256835938e-01,1.135607883334159851e-01,-4.338551759719848633e-01,-3.013764321804046631e-01,-2.872518897056579590e-01,1.221794486045837402e+00,-9.535525459796190262e-04,-8.133263140916824341e-02,2.092492952942848206e-02,3.484938526526093483e-03,-2.190760076045989990e-01,-2.289983928203582764e-01,1.231189668178558350e-01,2.363380044698715210e-01,-8.252253383398056030e-02,-8.567285537719726562e-02,1.035667538642883301e+00
5.610895156860351562e-01,1.314481347799301147e-01,6.274276971817016602e-01,2.393455244600772858e-02,1.920587150380015373e-03,9.670861959457397461e-01,-2.533135414123535156e-01,-2.609939575195312500e-01,-3.575481101870536804e-02,9.172614663839340210e-02,7.480137348175048828e-01,-3.455393612384796143e-01,9.159632027149200439e-02,-4.752865433692932129e-01,-2.623379230499267578e-01,-2.529587149620056152e-01,1.037887573242187500e+00,-7.099613547325134277e-02,-1.012800559401512146e-01,7.064944133162498474e-03,-5.772766098380088806e-02,-2.284303456544876099e-01,-2.626070082187652588e-01,1.357101649045944214e-02,2.839899361133575439e-01,-1.121575832366943359e-01,-1.331836879253387451e-01,1.085603475570678711e+00
5.460819005966186523e-01,1.323140412569046021e-01,6.335542201995849609e-01,2.194719202816486359e-02,-1.770291128195822239e-03,9.645048379898071289e-01,-2.631455361843109131e-01,-2.378084808588027954e-01,-2.430545538663864136e-02,7.272579520940780640e-02,7.192937135696411133e-01,-3.393048346042633057e-01,7.916312664747238159e-02,-4.723067581653594971e-01,-2.283900827169418335e-01,-2.202036380767822266e-01,9.006808996200561523e-01,-7.621534913778305054e-02,-9.841019660234451294e-02,9.038529358804225922e-03,-7.751485705375671387e-02,-2.305715084075927734e-01,-2.809237837791442871e-01,-2.803224511444568634e-02,3.087659776210784912e-01,-1.198012679815292358e-01,-1.543676257133483887e-01,1.111480832099914551e+00
5.163409709930419922e-01,1.306763440370559692e-01,6.439915895462036133e-01,1.744709908962249756e-02,-6.224584765732288361e-03,9.563502073287963867e-01,-2.916353344917297363e-01,-1.967084407806396484e-01,-1.035473868250846863e-02,1.930489949882030487e-02,6.683793663978576660e-01,-3.247937560081481934e-01,5.661622807383537292e-02,-4.389751851558685303e-01,-1.719692349433898926e-01,-7.896038144826889038e-02,6.093788146972656250e-01,-1.068650782108306885e-01,-6.932074576616287231e-02,4.253489896655082703e-03,-9.660874307155609131e-02,-2.341506779193878174e-01,-3.141056597232818604e-01,-7.909533381462097168e-02,3.556519448757171631e-01,-1.357229948043823242e-01,-1.866109371185302734e-01,1.166078090667724609e+00
4.875779151916503906e-01,1.273634284734725952e-01,6.509758234024047852e-01,1.506829820573329926e-02,-7.620405871421098709e-03,9.457128643989562988e-01,-3.245643675327301025e-01,-1.650326550006866455e-01,6.289015524089336395e-03,-2.736454457044601440e-02,6.457911729812622070e-01,-3.224628567695617676e-01,3.576615080237388611e-02,-3.704603910446166992e-01,-1.534250527620315552e-01,7.467176765203475952e-02,3.600049316883087158e-01,-1.391675323247909546e-01,-7.117385417222976685e-02,2.059899969026446342e-03,-8.950072526931762695e-02,-2.268959134817123413e-01,-3.400002121925354004e-01,-9.227181971073150635e-02,3.939398229122161865e-01,-1.504796594381332397e-01,-1.945726871490478516e-01,1.222233057022094727e+00
4.731360673904418945e-01,1.260320097208023071e-01,6.505486965179443359e-01,1.398541592061519623e-02,-6.850309204310178757e-03,9.395334124565124512e-01,-3.421029448509216309e-01,-1.616761833429336548e-01,1.589401811361312866e-02,-4.593146964907646179e-02,6.620951294898986816e-01,-3.277035653591156006e-01,2.360131405293941498e-02,-3.438568115234375000e-01,-1.613323092460632324e-01,9.147394448518753052e-02,3.053363859653472900e-01,-1.611095815896987915e-01,-4.656326398253440857e-02,2.270152559503912926e-03,-7.642633467912673950e-02,-2.184296548366546631e-01,-3.462752997875213623e-01,-8.588021248579025269e-02,4.108469188213348389e-01,-1.573626548051834106e-01,-1.879816651344299316e-01,1.246508240699768066e+00
4.434556663036346436e-01,1.251277625560760498e-01,6.413377523422241211e-01,8.694299496710300446e-03,-4.003978800028562546e-03,9.259500503540039062e-01,-3.775246739387512207e-01,-1.993224173784255981e-01,3.972550109028816223e-02,-7.274514436721801758e-02,7.641783356666564941e-01,-3.292287588119506836e-01,-1.590162888169288635e-02,-3.291714489459991455e-01,-1.811376214027404785e-01,-9.766784496605396271e-03,3.514187633991241455e-01,-2.259943336248397827e-01,1.081442236900329590e-01,8.108003064990043640e-03,-3.624586015939712524e-02,-1.974436938762664795e-01,-3.478604257106781006e-01,-3.900764137506484985e-02,4.336854219436645508e-01,-1.669792085886001587e-01,-1.636145859956741333e-01,1.290701031684875488e+00
4.137387275695800781e-01,1.286582797765731812e-01,6.281936168670654297e-01,1.219409517943859100e-03,-5.216529127210378647e-03,9.098828434944152832e-01,-4.148306548595428467e-01,-2.932620346546173096e-01,8.543821424245834351e-02,-7.081390172243118286e-02,9.344682693481445312e-01,-2.834555208683013916e-01,-7.552694529294967651e-02,-3.151595294475555420e-01,-1.900756061077117920e-01,-1.450345516204833984e-01,3.893646001815795898e-01,-1.249475330114364624e-01,1.702445596456527710e-01,1.926658302545547485e-02,5.712306126952171326e-03,-1.718486696481704712e-01,-3.411475121974945068e-01,6.835611909627914429e-02,4.375973939895629883e-01,-1.607879549264907837e-01,-1.351829022169113159e-01,1.330951690673828125e+00
3.995543122291564941e-01,1.335132718086242676e-01,6.225105524063110352e-01,2.488879836164414883e-04,-6.169664207845926285e-03,9.028932452201843262e-01,-4.298204481601715088e-01,-3.427358567714691162e-01,1.176030337810516357e-01,-4.861313477158546448e-02,1.015361785888671875e+00,-2.332983613014221191e-01,-8.241143822669982910e-02,-3.581392467021942139e-01,-1.851977705955505371e-01,-1.670727580785751343e-01,5.280415415763854980e-01,-2.001202404499053955e-01,1.259360313415527344e-01,3.357505053281784058e-02,2.935627475380897522e-02,-1.612204909324645996e-01,-3.343326151371002197e-01,1.472782194614410400e-01,4.356005787849426270e-01,-1.531340032815933228e-01,-1.177797615528106689e-01,1.353780984878540039e+00
3.736565411090850830e-01,1.353989392518997192e-01,6.166756153106689453e-01,-5.790940485894680023e-03,-5.393209867179393768e-03,8.878130316734313965e-01,-4.601362645626068115e-01,-4.236569702625274658e-01,1.588781327009201050e-01,1.264989376068115234e-02,1.139856100082397461e+00,-1.750747412443161011e-01,1.366384048014879227e-02,-3.909814059734344482e-01,-1.897588968276977539e-01,-2.193239629268646240e-01,6.795707345008850098e-01,-2.899729907512664795e-01,7.942092418670654297e-02,5.995255708694458008e-02,4.927991703152656555e-02,-1.498492807149887085e-01,-3.018697202205657959e-01,3.547136187553405762e-01,3.991622030735015869e-01,-1.544650048017501831e-01,-7.353676855564117432e-02,1.425224661827087402e+00
3.501163423061370850e-01,1.376216709613800049e-01,6.185472607612609863e-01,-1.151197869330644608e-02,-9.444066323339939117e-03,8.743773698806762695e-01,-4.850180745124816895e-01,-4.795218706130981445e-01,1.875104755163192749e-01,7.777537405490875244e-02,1.178022623062133789e+00,-1.765760928392410278e-01,4.957448318600654602e-02,-3.675697147846221924e-01,-1.696054041385650635e-01,-2.671568095684051514e-01,7.007218003273010254e-01,-3.338056802749633789e-01,4.600485041737556458e-02,8.601398020982742310e-02,6.523479521274566650e-02,-1.491249650716781616e-01,-2.361775189638137817e-01,5.583628416061401367e-01,3.312187492847442627e-01,-1.503319889307022095e-01,-3.384036943316459656e-02,1.486807107925415039e+00
3.412349522113800049e-01,1.373019069433212280e-01,6.215543746948242188e-01,-1.292822789400815964e-02,-1.086698286235332489e-02,8.673157095909118652e-01,-4.974718987941741943e-01,-4.979926049709320068e-01,1.771633625030517578e-01,9.887422621250152588e-02,1.167071461677551270e+00,-1.834324747323989868e-01,4.819437488913536072e-02,-3.469797074794769287e-01,-1.584073901176452637e-01,-2.806017994880676270e-01,6.884108781814575195e-01,-3.397176861763000488e-01,3.721298649907112122e-02,9.273488819599151611e-02,8.881606161594390869e-02,-1.595899462699890137e-01,-1.929387450218200684e-01,6.325455307960510254e-01,3.015444576740264893e-01,-1.499601453542709351e-01,-4.392712190747261047e-02,1.506994128227233887e+00
3.263698518276214600e-01,1.350309401750564575e-01,6.301811933517456055e-01,-1.124113518744707108e-02,-1.061152946203947067e-02,8.575058579444885254e-01,-5.142419338226318359e-01,-5.100420713424682617e-01,1.218715161085128784e-01,1.250771135091781616e-01,1.101798892021179199e+00,-2.145513892173767090e-01,2.009797468781471252e-02,-2.941344082355499268e-01,-1.266389936208724976e-01,-2.980426251888275146e-01,6.247724294662475586e-01,-3.127254843711853027e-01,1.944464072585105896e-02,1.198258027434349060e-01,1.457768827676773071e-01,-1.679198145866394043e-01,-8.524358272552490234e-02,7.380574941635131836e-01,2.821494042873382568e-01,-1.455652862787246704e-01,-9.730532020330429077e-02,1.489901304244995117e+00
3.103198409080505371e-01,1.342532336711883545e-01,6.395807266235351562e-01,-1.598253846168518066e-02,-1.419114228338003159e-02,8.496775031089782715e-01,-5.268693566322326660e-01,-5.015677213668823242e-01,6.878853589296340942e-02,1.600076705217361450e-01,9.651048183441162109e-01,-2.477438449859619141e-01,-1.732335239648818970e-02,-2.514331936836242676e-01,-9.595723450183868408e-02,-3.210737705230712891e-01,5.392068028450012207e-01,-2.455777972936630249e-01,1.472592912614345551e-02,1.494491249322891235e-01,1.837019473314285278e-01,-1.560036242008209229e-01,-6.639052182435989380e-03,7.992067337036132812e-01,2.727426886558532715e-01,-1.371385306119918823e-01,-1.241732686758041382e-01,1.412464499473571777e+00
3.033871352672576904e-01,1.336862742900848389e-01,6.439238786697387695e-01,-2.054278738796710968e-02,-1.614896208047866821e-02,8.460766077041625977e-01,-5.324205160140991211e-01,-4.850941002368927002e-01,4.443709179759025574e-02,1.952591687440872192e-01,8.673021793365478516e-01,-2.579552531242370605e-01,-3.067843802273273468e-02,-2.388093322515487671e-01,-8.681756258010864258e-02,-3.315942287445068359e-01,5.035142302513122559e-01,-2.078380286693572998e-01,1.715982891619205475e-02,1.638996154069900513e-01,1.953466087579727173e-01,-1.472399085760116577e-01,1.928898878395557404e-02,8.235018253326416016e-01,2.649921774864196777e-01,-1.346201300621032715e-01,-1.255943775177001953e-01,1.373437523841857910e+00
2.928177714347839355e-01,1.301080435514450073e-01,6.511515974998474121e-01,-2.772146277129650116e-02,-1.607333309948444366e-02,8.359104990959167480e-01,-5.479295849800109863e-01,-4.174062609672546387e-01,-9.353665634989738464e-03,2.701432406902313232e-01,6.388003230094909668e-01,-2.697511911392211914e-01,-7.034406065940856934e-02,-2.151027768850326538e-01,-8.364725112915039062e-02,-3.586022555828094482e-01,4.542135298252105713e-01,-1.389852017164230347e-01,2.800117246806621552e-02,1.694824248552322388e-01,2.125163227319717407e-01,-1.256785541772842407e-01,5.950405448675155640e-02,8.812186121940612793e-01,2.502392232418060303e-01,-1.293088793754577637e-01,-1.284351497888565063e-01,1.321258187294006348e+00
2.816753685474395752e-01,1.254188269376754761e-01,6.545856595039367676e-01,-2.972888760268688202e-02,-1.652965135872364044e-02,8.271841406822204590e-01,-5.609005093574523926e-01,-3.409458696842193604e-01,-5.601354688405990601e-02,2.929293215274810791e-01,4.252877533435821533e-01,-2.549658417701721191e-01,-9.018961340188980103e-02,-1.888093799352645874e-01,-7.272548228502273560e-02,-3.703449964523315430e-01,4.326085746288299561e-01,-1.080584451556205750e-01,3.812177851796150208e-02,1.642221361398696899e-01,2.206962257623672485e-01,-9.706187248229980469e-02,8.783223479986190796e-02,9.572301506996154785e-01,2.172002494335174561e-01,-1.306203305721282959e-01,-1.331888437271118164e-01,1.310824632644653320e+00
2.762892842292785645e-01,1.222959980368614197e-01,6.543485522270202637e-01,-2.855828963220119476e-02,-1.743964478373527527e-02,8.241620659828186035e-01,-5.653646588325500488e-01,-3.231309056282043457e-01,-7.670958340167999268e-02,2.717345058917999268e-01,3.493661582469940186e-01,-1.697700321674346924e-01,-2.280722931027412415e-02,-1.802499443292617798e-01,-6.503283232450485229e-02,-3.680209815502166748e-01,4.449153244495391846e-01,-1.153235584497451782e-01,4.339978843927383423e-02,1.612854450941085815e-01,2.235473394393920898e-01,-8.188965916633605957e-02,9.682945907115936279e-02,9.991979598999023438e-01,1.967623531818389893e-01,-1.306133866310119629e-01,-1.233720481395721436e-01,1.311757564544677734e+00
2.661541700363159180e-01,1.145361214876174927e-01,6.519814729690551758e-01,-1.886015199124813080e-02,-1.680813543498516083e-02,8.191922903060913086e-01,-5.729622840881347656e-01,-2.896707355976104736e-01,-8.831159770488739014e-02,1.959418356418609619e-01,2.913060784339904785e-01,-5.743695050477981567e-02,1.455198973417282104e-01,-1.742098033428192139e-01,-5.906721204519271851e-02,-3.723262846469879150e-01,5.361757874488830566e-01,-1.642262041568756104e-01,5.634687840938568115e-02,1.484036743640899658e-01,2.289094626903533936e-01,-4.705844819545745850e-02,1.080498695373535156e-01,1.098578572273254395e+00,1.627734899520874023e-01,-1.310514658689498901e-01,-8.252869546413421631e-02,1.315818667411804199e+00
2.607848942279815674e-01,1.069407537579536438e-01,6.458492279052734375e-01,-4.891944583505392075e-03,-6.406378000974655151e-03,8.037328720092773438e-01,-5.949357151985168457e-01,-3.130152821540832520e-01,-9.839365631341934204e-02,1.003159210085868835e-01,3.769727647304534912e-01,-7.591487467288970947e-02,1.450336873531341553e-01,-1.836281567811965942e-01,-9.379239380359649658e-02,-4.098236262798309326e-01,6.664547324180603027e-01,-1.268033385276794434e-01,7.632397860288619995e-02,1.053171604871749878e-01,2.211590856313705444e-01,-8.270340971648693085e-03,7.799408584833145142e-02,1.242848396301269531e+00,1.807733923196792603e-01,-1.266607344150543213e-01,-1.003774553537368774e-01,1.307788133621215820e+00
2.587338387966156006e-01,1.047941148281097412e-01,6.443849205970764160e-01,-7.698140107095241547e-03,-2.562282839789986610e-03,7.967397570610046387e-01,-6.042680740356445312e-01,-3.323007524013519287e-01,-9.883900731801986694e-02,1.057971119880676270e-01,4.318551421165466309e-01,-1.018998399376869202e-01,1.355296075344085693e-01,-2.231143712997436523e-01,-1.261904984712600708e-01,-4.057487249374389648e-01,7.340126633644104004e-01,-7.212209701538085938e-02,8.639158308506011963e-02,8.865953236818313599e-02,1.828976273536682129e-01,5.541352089494466782e-03,3.164457902312278748e-02,1.341039419174194336e+00,1.925810277462005615e-01,-1.298268437385559082e-01,-1.314259469509124756e-01,1.300500869750976562e+00
2.516699433326721191e-01,1.026929095387458801e-01,6.427341103553771973e-01,-1.439979951828718185e-02,-7.413781248033046722e-03,7.777559757232666016e-01,-6.283576488494873047e-01,-3.329588770866394043e-01,-8.319218456745147705e-02,1.489956378936767578e-01,4.574393332004547119e-01,-1.271871328353881836e-01,1.319494843482971191e-01,-3.054755926132202148e-01,-1.624932885169982910e-01,-4.160990118980407715e-01,8.461475372314453125e-01,1.733865775167942047e-02,8.252333849668502808e-02,4.548908025026321411e-02,6.822312623262405396e-02,4.234830290079116821e-02,-1.325392723083496094e-01,1.524810433387756348e+00,2.103063464164733887e-01,-1.167461127042770386e-01,-1.542738676071166992e-01,1.277762174606323242e+00
2.398248314857482910e-01,9.912576526403427124e-02,6.423619389533996582e-01,-1.270738616585731506e-02,-1.010239496827125549e-02,7.647330760955810547e-01,-6.441426873207092285e-01,-3.423053026199340820e-01,-7.041929662227630615e-02,1.205911934375762939e-01,4.737894237041473389e-01,-1.321868598461151123e-01,1.190600320696830750e-01,-3.339125514030456543e-01,-1.618516296148300171e-01,-4.042190313339233398e-01,9.061489105224609375e-01,-8.111150935292243958e-03,8.597341179847717285e-02,2.313774824142456055e-02,9.872337803244590759e-03,5.261655524373054504e-02,-2.906609177589416504e-01,1.570799946784973145e+00,2.242096960544586182e-01,-1.194704174995422363e-01,-1.213485226035118103e-01,1.256864070892333984e+00
2.349808216094970703e-01,9.776706993579864502e-02,6.429923772811889648e-01,-1.149554830044507980e-02,-9.391989558935165405e-03,7.573370933532714844e-01,-6.528553962707519531e-01,-3.400602340698242188e-01,-7.231189310550689697e-02,8.849675208330154419e-02,4.702332019805908203e-01,-1.295874863862991333e-01,1.117277964949607849e-01,-3.455511629581451416e-01,-1.588928103446960449e-01,-3.849399387836456299e-01,9.244905710220336914e-01,-5.290018022060394287e-02,7.321980595588684082e-02,1.250606030225753784e-02,1.996258797589689493e-04,4.935877025127410889e-02,-2.987487018108367920e-01,1.570799946784973145e+00,2.270511984825134277e-01,-1.310926526784896851e-01,-1.050348281860351562e-01,1.253380179405212402e+00
2.298521846532821655e-01,9.624328464269638062e-02,6.443756222724914551e-01,-8.533748798072338104e-03,-7.907763123512268066e-03,7.470501661300659180e-01,-6.646658778190612793e-01,-3.203638195991516113e-01,-7.033608853816986084e-02,5.524528771638870239e-02,4.414381682872772217e-01,-1.166661009192466736e-01,1.021849438548088074e-01,-3.594194352626800537e-01,-1.471554636955261230e-01,-3.355220258235931396e-01,9.061068892478942871e-01,-1.072863936424255371e-01,5.370379239320755005e-02,1.356821134686470032e-02,-9.324159473180770874e-03,3.651381283998489380e-02,-2.023826241493225098e-01,1.570799946784973145e+00,2.332031130790710449e-01,-1.477905511856079102e-01,-9.417574852705001831e-02,1.268120169639587402e+00
2.257547676563262939e-01,9.572800993919372559e-02,6.460393071174621582e-01,-6.993403192609548569e-03,-9.845449589192867279e-03,7.384693026542663574e-01,-6.741788983345031738e-01,-2.984235882759094238e-01,-6.364974379539489746e-02,3.536426275968551636e-02,4.009982645511627197e-01,-1.000512316823005676e-01,9.383508563041687012e-02,-3.644105494022369385e-01,-1.223006397485733032e-01,-2.839428186416625977e-01,8.318284749984741211e-01,-1.469043046236038208e-01,2.642851695418357849e-02,1.161714270710945129e-02,3.000788949429988861e-02,1.724076457321643829e-02,-6.860788911581039429e-02,1.432348370552062988e+00,2.387192696332931519e-01,-1.484470963478088379e-01,-1.054278537631034851e-01,1.302729964256286621e+00
2.219026684761047363e-01,9.560665488243103027e-02,6.470732688903808594e-01,-4.951626528054475784e-03,-1.215327531099319458e-02,7.379627823829650879e-01,-6.747138500213623047e-01,-2.872279882431030273e-01,-5.194439366459846497e-02,3.622856363654136658e-02,3.815911114215850830e-01,-9.349566698074340820e-02,8.826150745153427124e-02,-3.597542345523834229e-01,-1.009613126516342163e-01,-2.517571151256561279e-01,7.782215476036071777e-01,-1.679353863000869751e-01,1.645692251622676849e-02,2.034048177301883698e-02,3.820845484733581543e-02,9.091383777558803558e-03,-3.853273019194602966e-02,1.363310933113098145e+00,2.416578829288482666e-01,-1.428093016147613525e-01,-1.186353936791419983e-01,1.322596192359924316e+00
2.146039605140686035e-01,9.358981996774673462e-02,6.486765146255493164e-01,-1.888898550532758236e-03,-1.431275065988302231e-02,7.347781062126159668e-01,-6.781539320945739746e-01,-2.671420574188232422e-01,-3.539699688553810120e-02,3.221341967582702637e-02,3.533399999141693115e-01,-8.682930469512939453e-02,7.796481251716613770e-02,-3.236036896705627441e-01,-6.601858884096145630e-02,-1.965081542730331421e-01,6.368363499641418457e-01,-1.898062676191329956e-01,2.554442919790744781e-02,2.647799998521804810e-02,3.805650025606155396e-02,-3.316129732411354780e-04,-5.169163644313812256e-02,1.242178797721862793e+00,2.458010017871856689e-01,-1.355173885822296143e-01,-1.389618366956710815e-01,1.354068994522094727e+00
2.091267257928848267e-01,9.066941589117050171e-02,6.486269831657409668e-01,-3.971868194639682770e-03,-1.170900836586952209e-02,7.269942760467529297e-01,-6.865321993827819824e-01,-2.569701075553894043e-01,-3.831206262111663818e-02,9.738560765981674194e-03,3.436045646667480469e-01,-8.924963325262069702e-02,6.973956525325775146e-02,-2.767242193222045898e-01,-4.941506311297416687e-02,-1.544831842184066772e-01,4.878338873386383057e-01,-2.031479179859161377e-01,6.556286662817001343e-02,2.027581259608268738e-02,2.034819126129150391e-02,-1.814195513725280762e-02,-9.486886113882064819e-02,1.153642654418945312e+00,2.526630759239196777e-01,-1.363150328397750854e-01,-1.528114974498748779e-01,1.363408446311950684e+00
2.060925066471099854e-01,8.932898938655853271e-02,6.481488943099975586e-01,-5.709959194064140320e-03,-9.176598861813545227e-03,7.239140868186950684e-01,-6.898054480552673340e-01,-2.561993598937988281e-01,-4.241167381405830383e-02,-2.418745774775743484e-03,3.492278158664703369e-01,-9.559786319732666016e-02,6.540175527334213257e-02,-2.528151869773864746e-01,-4.268285632133483887e-02,-1.420816034078598022e-01,4.204023182392120361e-01,-2.084260433912277222e-01,8.732015639543533325e-02,2.029357850551605225e-02,8.097520098090171814e-03,-2.952525205910205841e-02,-1.128118857741355896e-01,1.126647233963012695e+00,2.562888562679290771e-01,-1.368581950664520264e-01,-1.611794829368591309e-01,1.362805247306823730e+00
1.980338394641876221e-01,8.716223388910293579e-02,6.467731595039367676e-01,-8.221836760640144348e-03,-5.199274048209190369e-03,7.214937210083007812e-01,-6.923525929450988770e-01,-2.691279649734497070e-01,-4.194847121834754944e-02,-1.840658672153949738e-02,3.908585906028747559e-01,-1.238151043653488159e-01,5.140213668346405029e-02,-2.275282293558120728e-01,-2.610150352120399475e-02,-1.378916501998901367e-01,3.325489461421966553e-01,-1.361542940139770508e-01,2.029546163976192474e-02,2.889795787632465363e-02,-1.506266742944717407e-02,-4.866573959589004517e-02,-1.370330452919006348e-01,1.096953749656677246e+00,2.510898709297180176e-01,-1.340740621089935303e-01,-1.687529087066650391e-01,1.356849789619445801e+00
1.885304749011993408e-01,8.738761395215988159e-02,6.445125937461853027e-01,-1.097551081329584122e-02,-3.421170637011528015e-03,7.259498834609985352e-01,-6.876515150070190430e-01,-3.001097440719604492e-01,-2.774997428059577942e-02,-8.119815960526466370e-03,4.694808125495910645e-01,-1.676820665597915649e-01,2.764062769711017609e-02,-2.254143953323364258e-01,-3.204113803803920746e-03,-1.365766972303390503e-01,3.207180202007293701e-01,-1.485980749130249023e-01,-3.432976081967353821e-02,5.524554103612899780e-02,-3.251192718744277954e-02,-6.321948021650314331e-02,-1.441276222467422485e-01,1.073891758918762207e+00,2.291644215583801270e-01,-1.266990602016448975e-01,-1.596956402063369751e-01,1.347187757492065430e+00
1.842251271009445190e-01,8.793529123067855835e-02,6.434055566787719727e-01,-1.249593868851661682e-02,-3.575715003535151482e-03,7.285984754562377930e-01,-6.848177313804626465e-01,-3.198912143707275391e-01,-2.135397121310234070e-02,-2.858445048332214355e-03,5.094056725502014160e-01,-1.836088746786117554e-01,1.844308339059352875e-02,-2.440415471792221069e-01,4.110145848244428635e-03,-1.278922110795974731e-01,3.434769809246063232e-01,-1.525372713804244995e-01,-4.841352626681327820e-02,6.908132880926132202e-02,-4.033236578106880188e-02,-6.950131058692932129e-02,-1.378903687000274658e-01,1.070700287818908691e+00,2.104393243789672852e-01,-1.232095137238502502e-01,-1.485645771026611328e-01,1.346450090408325195e+00
1.765656918287277222e-01,8.775250613689422607e-02,6.430198550224304199e-01,-1.379907969385385513e-02,-1.403735368512570858e-03,7.332413196563720703e-01,-6.798270344734191895e-01,-3.364644348621368408e-01,-1.360948942601680756e-02,4.676257725805044174e-03,5.515373349189758301e-01,-1.878734976053237915e-01,3.328942228108644485e-03,-2.544802725315093994e-01,9.415925480425357819e-03,-1.104851290583610535e-01,3.692261278629302979e-01,-1.681411564350128174e-01,-4.687968641519546509e-02,9.368228167295455933e-02,-4.126529395580291748e-02,-9.335374087095260620e-02,-1.067507192492485046e-01,1.084520936012268066e+00,1.730110645294189453e-01,-1.209305077791213989e-01,-1.174640953540802002e-01,1.343927741050720215e+00
1.698063462972640991e-01,8.648789674043655396e-02,6.443659663200378418e-01,-1.292624324560165405e-02,2.641262486577033997e-03,7.355117797851562500e-01,-6.773834824562072754e-01,-3.312962651252746582e-01,-4.575378261506557465e-03,2.875209040939807892e-02,5.658063292503356934e-01,-1.750149428844451904e-01,-7.274799048900604248e-03,-2.333492636680603027e-01,1.392736285924911499e-02,-1.250682473182678223e-01,3.449606299400329590e-01,-1.590101718902587891e-01,-5.060191079974174500e-02,9.973896294832229614e-02,-2.416892349720001221e-02,-1.231312677264213562e-01,-6.458943337202072144e-02,1.120668292045593262e+00,1.370433568954467773e-01,-1.195908561348915100e-01,-9.010373055934906006e-02,1.333464145660400391e+00
1.670843511819839478e-01,8.652216941118240356e-02,6.452271342277526855e-01,-1.328791957348585129e-02,3.196764737367630005e-03,7.352694272994995117e-01,-6.776371002197265625e-01,-3.327290415763854980e-01,-1.343840966001152992e-03,4.217184707522392273e-02,5.709188580513000488e-01,-1.680277436971664429e-01,-3.063339274376630783e-03,-2.276427745819091797e-01,1.956036314368247986e-02,-1.235952749848365784e-01,3.305780291557312012e-01,-1.520294100046157837e-01,-5.229675024747848511e-02,9.563886374235153198e-02,-1.839584857225418091e-02,-1.310048103332519531e-01,-5.088753998279571533e-02,1.141750454902648926e+00,1.213367879390716553e-01,-1.155771613121032715e-01,-8.743585646152496338e-02,1.322992801666259766e+00
1.627113223075866699e-01,8.729109913110733032e-02,6.471542716026306152e-01,-1.585365459322929382e-02,3.878010436892509460e-03,7.339115142822265625e-01,-6.790490150451660156e-01,-3.356679975986480713e-01,-7.386733312159776688e-03,6.039829552173614502e-02,5.814911723136901855e-01,-2.034997195005416870e-01,8.019799366593360901e-03,-2.180732637643814087e-01,2.642719075083732605e-02,-1.137435063719749451e-01,3.019227385520935059e-01,-1.404940932989120483e-01,-5.245727300643920898e-02,8.402341604232788086e-02,-1.337483339011669159e-02,-1.300046145915985107e-01,-5.510511249303817749e-02,1.178926944732666016e+00,1.024566292762756348e-01,-9.920283406972885132e-02,-9.910567104816436768e-02,1.294987916946411133e+00
1.590489149093627930e-01,8.669230341911315918e-02,6.486415266990661621e-01,-1.753876917064189911e-02,5.816684570163488388e-03,7.338728904724121094e-01,-6.790354251861572266e-01,-3.190217912197113037e-01,-1.921104453504085541e-02,8.455080538988113403e-02,5.618440508842468262e-01,-2.222910970449447632e-01,-4.997872281819581985e-03,-2.035174518823623657e-01,2.728476375341415405e-02,-1.148033514618873596e-01,2.765228748321533203e-01,-1.323355436325073242e-01,-4.976212978363037109e-02,7.601360976696014404e-02,-1.201747637242078781e-02,-1.134078726172447205e-01,-9.618271887302398682e-02,1.214980006217956543e+00,9.697359800338745117e-02,-8.039493858814239502e-02,-1.080696880817413330e-01,1.266857743263244629e+00
1.574862897396087646e-01,8.610374480485916138e-02,6.490129232406616211e-01,-1.836338266730308533e-02,6.198519375175237656e-03,7.343656420707702637e-01,-6.784772872924804688e-01,-3.074899315834045410e-01,-2.206988260149955750e-02,1.001225039362907410e-01,5.430219173431396484e-01,-2.237893342971801758e-01,-1.488340646028518677e-02,-1.985789388418197632e-01,2.822226658463478088e-02,-1.150771006941795349e-01,2.679870426654815674e-01,-1.296654939651489258e-01,-4.986863955855369568e-02,7.376245409250259399e-02,-1.240527443587779999e-02,-1.043955087661743164e-01,-1.175810173153877258e-01,1.236646294593811035e+00,9.375175088644027710e-02,-7.210640609264373779e-02,-1.041979715228080750e-01,1.253741025924682617e+00
1.547835171222686768e-01,8.495250344276428223e-02,6.490685343742370605e-01,-2.073909528553485870e-02,5.200239364057779312e-03,7.359505891799926758e-01,-6.766975522041320801e-01,-2.770003676414489746e-01,-2.881597168743610382e-02,1.359167844057083130e-01,4.741514921188354492e-01,-1.886056661605834961e-01,-9.687485173344612122e-03,-1.989990025758743286e-01,3.319606930017471313e-02,-1.109777241945266724e-01,2.634548842906951904e-01,-1.284725815057754517e-01,-5.424867942929267883e-02,7.164982706308364868e-02,-1.057144999504089355e-02,-8.904626965522766113e-02,-1.499821841716766357e-01,1.276768922805786133e+00,8.277712762355804443e-02,-5.996637418866157532e-02,-8.287514746189117432e-02,1.231671571731567383e+00
1.528541445732116699e-01,8.314839005470275879e-02,6.502397060394287109e-01,-2.057378366589546204e-02,6.640957668423652649e-03,7.356575727462768555e-01,-6.770085096359252930e-01,-2.345204055309295654e-01,-3.504267707467079163e-02,1.441961228847503662e-01,4.092761278152465820e-01,-1.800805777311325073e-01,3.363616392016410828e-02,-1.888561099767684937e-01,3.699462115764617920e-02,-1.091808378696441650e-01,2.571483552455902100e-01,-1.277839243412017822e-01,-6.261222064495086670e-02,6.329091638326644897e-02,3.937448374927043915e-03,-7.984279096126556396e-02,-1.683558523654937744e-01,1.312271475791931152e+00,7.452461123466491699e-02,-5.044720694422721863e-02,-5.916139855980873108e-02,1.229810595512390137e+00
1.521181613206863403e-01,8.221774548292160034e-02,6.509287953376770020e-01,-1.936396956443786621e-02,7.904069498181343079e-03,7.337653040885925293e-01,-6.790810227394104004e-01,-2.266392111778259277e-01,-3.383400291204452515e-02,1.331061124801635742e-01,3.954244554042816162e-01,-1.668716669082641602e-01,2.783259563148021698e-02,-1.792688518762588501e-01,3.806779161095619202e-02,-1.106240376830101013e-01,2.520145177841186523e-01,-1.267882436513900757e-01,-6.588941812515258789e-02,5.564374476671218872e-02,1.274840906262397766e-02,-7.680748403072357178e-02,-1.695832014083862305e-01,1.330276966094970703e+00,7.162438333034515381e-02,-4.563751071691513062e-02,-5.448426678776741028e-02,1.240779519081115723e+00
1.512962132692337036e-01,8.181759715080261230e-02,6.525377035140991211e-01,-1.908631809055805206e-02,7.705861236900091171e-03,7.266148328781127930e-01,-6.867366433143615723e-01,-2.471636384725570679e-01,-3.879329189658164978e-02,1.018738746643066406e-01,4.125345349311828613e-01,-1.551487743854522705e-01,2.287014573812484741e-02,-1.698005646467208862e-01,3.993366286158561707e-02,-1.200715899467468262e-01,2.416249811649322510e-01,-1.225628629326820374e-01,-7.476046681404113770e-02,3.493133932352066040e-02,2.125045843422412872e-02,-7.110200822353363037e-02,-1.548819690942764282e-01,1.369064927101135254e+00,6.334444135427474976e-02,-3.276786953210830688e-02,-6.243092939257621765e-02,1.278293609619140625e+00
1.503366827964782715e-01,8.014939725399017334e-02,6.530436277389526367e-01,-1.700574904680252075e-02,7.788745220750570297e-03,7.236475944519042969e-01,-6.899161338806152344e-01,-2.386463433504104614e-01,-3.639244660735130310e-02,1.116984337568283081e-01,4.061420261859893799e-01,-1.509232819080352783e-01,2.686421945691108704e-02,-1.576188653707504272e-01,4.426291212439537048e-02,-1.209791675209999084e-01,2.303211688995361328e-01,-1.175877973437309265e-01,-8.196407556533813477e-02,3.520474582910537720e-02,2.357897721230983734e-02,-6.066620722413063049e-02,-1.544044762849807739e-01,1.400739669799804688e+00,7.454562187194824219e-02,-1.373700331896543503e-02,-7.701835036277770996e-02,1.309374928474426270e+00
1.498062163591384888e-01,7.875654846429824829e-02,6.534556150436401367e-01,-1.502452604472637177e-02,8.881587535142898560e-03,7.240645885467529297e-01,-6.895112991333007812e-01,-2.246229648590087891e-01,-3.061899170279502869e-02,1.300900429487228394e-01,3.955785036087036133e-01,-1.502147465944290161e-01,2.811503969132900238e-02,-1.486823856830596924e-01,4.621590301394462585e-02,-1.193490028381347656e-01,2.243955284357070923e-01,-1.156966686248779297e-01,-8.303304761648178101e-02,4.220160469412803650e-02,2.194273471832275391e-02,-5.469498783349990845e-02,-1.643299758434295654e-01,1.413725495338439941e+00,8.289506286382675171e-02,-5.875156261026859283e-03,-7.900140434503555298e-02,1.323270916938781738e+00
1.495458930730819702e-01,7.636100053787231445e-02,6.538190245628356934e-01,-1.272695325314998627e-02,1.043852884322404861e-02,7.225918769836425781e-01,-6.910789012908935547e-01,-2.068613618612289429e-01,-2.796257287263870239e-02,1.393826454877853394e-01,3.789484500885009766e-01,-1.483630836009979248e-01,2.787076681852340698e-02,-1.321002691984176636e-01,4.648442938923835754e-02,-1.261031627655029297e-01,2.112778872251510620e-01,-1.133153364062309265e-01,-8.264509588479995728e-02,5.050313472747802734e-02,1.766286790370941162e-02,-4.654750972986221313e-02,-1.733288764953613281e-01,1.427215456962585449e+00,8.590622991323471069e-02,1.804379047825932503e-03,-6.121951714158058167e-02,1.353621602058410645e+00
1.500622034072875977e-01,7.431567460298538208e-02,6.546796560287475586e-01,-1.120137888938188553e-02,1.124846749007701874e-02,7.172945141792297363e-01,-6.965892314910888672e-01,-2.015850543975830078e-01,-3.373374417424201965e-02,1.148895546793937683e-01,3.653379678726196289e-01,-1.390805542469024658e-01,2.959400787949562073e-02,-1.193066388368606567e-01,4.450907558202743530e-02,-1.462491452693939209e-01,2.035263478755950928e-01,-1.138263717293739319e-01,-8.149825036525726318e-02,4.796191677451133728e-02,2.156270854175090790e-02,-4.457778111100196838e-02,-1.544821411371231079e-01,1.427494645118713379e+00,8.181961625814437866e-02,5.385039374232292175e-03,-3.775870054960250854e-02,1.386425614356994629e+00
1.501978635787963867e-01,7.325807213783264160e-02,6.552560329437255859e-01,-9.410031139850616455e-03,1.204179786145687103e-02,7.157616019248962402e-01,-6.981774568557739258e-01,-1.938569992780685425e-01,-3.643209114670753479e-02,1.038590893149375916e-01,3.520531952381134033e-01,-1.329105943441390991e-01,3.023745864629745483e-02,-1.129825189709663391e-01,4.396607726812362671e-02,-1.520611643791198730e-01,2.037655860185623169e-01,-1.154578626155853271e-01,-8.116896450519561768e-02,4.793363437056541443e-02,2.823117934167385101e-02,-4.362100735306739807e-02,-1.422011256217956543e-01,1.423857212066650391e+00,9.108269214630126953e-02,9.814107790589332581e-03,-4.653814062476158142e-02,1.394506096839904785e+00
1.507194042205810547e-01,7.143746316432952881e-02,6.559475064277648926e-01,-5.246344488114118576e-03,1.474715862423181534e-02,7.126036286354064941e-01,-7.013922333717346191e-01,-1.652046293020248413e-01,-4.444789886474609375e-02,8.760064095258712769e-02,3.121020197868347168e-01,-1.256618499755859375e-01,3.319836780428886414e-02,-1.015169918537139893e-01,4.556648060679435730e-02,-1.559758931398391724e-01,2.108660191297531128e-01,-1.214037761092185974e-01,-8.468244969844818115e-02,4.271945357322692871e-02,4.038927331566810608e-02,-4.345265030860900879e-02,-1.292687058448791504e-01,1.413280963897705078e+00,1.184001415967941284e-01,1.802475564181804657e-02,-9.053990244865417480e-02,1.396173357963562012e+00
1.510746926069259644e-01,7.051070779561996460e-02,6.565189957618713379e-01,-1.520603778772056103e-03,1.714276149868965149e-02,7.078645825386047363e-01,-7.061384320259094238e-01,-1.487293690443038940e-01,-4.783733561635017395e-02,6.993551552295684814e-02,2.897539734840393066e-01,-1.379112154245376587e-01,2.469873055815696716e-02,-9.704853594303131104e-02,4.571217298507690430e-02,-1.583840847015380859e-01,2.276559919118881226e-01,-1.300966590642929077e-01,-8.833838999271392822e-02,3.442174196243286133e-02,4.254789650440216064e-02,-4.224804416298866272e-02,-1.330710947513580322e-01,1.402947545051574707e+00,1.277181208133697510e-01,1.542043499648571014e-02,-1.081626713275909424e-01,1.398648262023925781e+00
1.512943804264068604e-01,7.027037441730499268e-02,6.568537354469299316e-01,-6.269496516324579716e-04,1.762129738926887512e-02,7.048286199569702148e-01,-7.091584205627441406e-01,-1.430753916501998901e-01,-4.780460149049758911e-02,6.296233087778091431e-02,2.832210063934326172e-01,-1.507642269134521484e-01,1.939916424453258514e-02,-9.984879195690155029e-02,4.394271969795227051e-02,-1.616047620773315430e-01,2.407605797052383423e-01,-1.356788128614425659e-01,-8.840554952621459961e-02,2.855368703603744507e-02,4.135023429989814758e-02,-4.223832488059997559e-02,-1.330885440111160278e-01,1.397990226745605469e+00,1.266985982656478882e-01,1.185008604079484940e-02,-1.028363555669784546e-01,1.398280143737792969e+00
1.514358520507812500e-01,6.990040093660354614e-02,6.568601727485656738e-01,7.892790599726140499e-04,1.757771521806716919e-02,7.002297639846801758e-01,-7.137007117271423340e-01,-1.359795928001403809e-01,-4.693176224827766418e-02,5.034179985523223877e-02,2.710124850273132324e-01,-1.611216366291046143e-01,1.286141574382781982e-02,-1.165181398391723633e-01,3.960135951638221741e-02,-1.612020134925842285e-01,2.813733518123626709e-01,-1.463306397199630737e-01,-8.496122807264328003e-02,1.701029948890209198e-02,4.506570473313331604e-02,-4.437538981437683105e-02,-1.184426695108413696e-01,1.388173341751098633e+00,1.240400299429893494e-01,7.153468672186136246e-03,-8.846322447061538696e-02,1.395484685897827148e+00
1.511172205209732056e-01,6.903047114610671997e-02,6.559892296791076660e-01,1.012182794511318207e-03,1.729437895119190216e-02,6.984186172485351562e-01,-7.154797911643981934e-01,-1.362292319536209106e-01,-4.860967025160789490e-02,3.788731992244720459e-02,2.610948085784912109e-01,-1.418508440256118774e-01,1.551666576415300369e-02,-1.455317288637161255e-01,4.144022241234779358e-02,-1.516607105731964111e-01,3.323434293270111084e-01,-1.472189575433731079e-01,-8.856245130300521851e-02,8.989575318992137909e-03,5.274489894509315491e-02,-4.984772950410842896e-02,-1.007003709673881531e-01,1.382025122642517090e+00,1.214445680379867554e-01,5.898174364119768143e-03,-8.409815281629562378e-02,1.396117210388183594e+00
1.507546156644821167e-01,6.853339821100234985e-02,6.554029583930969238e-01,1.523178943898528814e-04,1.735407114028930664e-02,6.985386013984680176e-01,-7.153618931770324707e-01,-1.375851035118103027e-01,-5.011936277151107788e-02,3.902322053909301758e-02,2.579998075962066650e-01,-1.307899951934814453e-01,1.715208403766155243e-02,-1.562742739915847778e-01,3.973625227808952332e-02,-1.540652811527252197e-01,3.485477566719055176e-01,-1.456649154424667358e-01,-8.860716968774795532e-02,8.624278940260410309e-03,5.400848016142845154e-02,-5.343911796808242798e-02,-9.804309159517288208e-02,1.381567120552062988e+00,1.186388656497001648e-01,4.709682893007993698e-03,-8.362291753292083740e-02,1.398360729217529297e+00
1.499329954385757446e-01,6.647559255361557007e-02,6.549375057220458984e-01,-2.113735536113381386e-03,1.788610778748989105e-02,6.968917250633239746e-01,-7.169501781463623047e-01,-1.363930702209472656e-01,-5.296857282519340515e-02,4.917506128549575806e-02,2.486698478460311890e-01,-1.018586754798889160e-01,2.764292433857917786e-02,-1.539096236228942871e-01,3.137360140681266785e-02,-1.681702733039855957e-01,3.480888009071350098e-01,-1.527161002159118652e-01,-8.766756206750869751e-02,7.897241972386837006e-03,4.909176751971244812e-02,-6.079570204019546509e-02,-1.066485121846199036e-01,1.386064052581787109e+00,1.128139421343803406e-01,4.617237485945224762e-03,-8.140489459037780762e-02,1.402739763259887695e+00
1.478294730186462402e-01,6.345612555742263794e-02,6.547987461090087891e-01,-3.267208579927682877e-03,1.922348514199256897e-02,6.974313855171203613e-01,-7.163862586021423340e-01,-1.265083551406860352e-01,-5.491375178098678589e-02,5.783521011471748352e-02,2.385396063327789307e-01,-9.138587117195129395e-02,3.314866498112678528e-02,-1.310996413230895996e-01,3.336611390113830566e-02,-1.594092249870300293e-01,3.180834054946899414e-01,-1.665372550487518311e-01,-9.213006496429443359e-02,1.712538488209247589e-02,4.007810726761817932e-02,-6.788160651922225952e-02,-1.231259554624557495e-01,1.392157316207885742e+00,1.079388782382011414e-01,7.866012863814830780e-03,-7.217863947153091431e-02,1.407101154327392578e+00
1.469038575887680054e-01,6.202011182904243469e-02,6.547144651412963867e-01,-3.266823012381792068e-03,2.081508934497833252e-02,6.988577246665954590e-01,-7.149503231048583984e-01,-1.181328371167182922e-01,-5.622316896915435791e-02,6.258013099431991577e-02,2.322482317686080933e-01,-8.797008544206619263e-02,3.368968144059181213e-02,-1.178704053163528442e-01,3.399959206581115723e-02,-1.499242037534713745e-01,2.992756664752960205e-01,-1.657183915376663208e-01,-9.427196532487869263e-02,2.572835236787796021e-02,3.831782937049865723e-02,-7.045901566743850708e-02,-1.287323236465454102e-01,1.392810702323913574e+00,1.062961444258689880e-01,8.972441777586936951e-03,-6.774639338254928589e-02,1.410897493362426758e+00
1.468392014503479004e-01,6.081565842032432556e-02,6.549993157386779785e-01,-2.740167547017335892e-03,2.496053650975227356e-02,7.021993994712829590e-01,-7.115374207496643066e-01,-1.048104763031005859e-01,-5.737238377332687378e-02,7.746383547782897949e-02,2.299617826938629150e-01,-8.557801693677902222e-02,3.189026936888694763e-02,-1.024797856807708740e-01,3.180623427033424377e-02,-1.345039010047912598e-01,2.786988019943237305e-01,-1.610578745603561401e-01,-9.558694809675216675e-02,4.360894486308097839e-02,4.057984799146652222e-02,-7.840535789728164673e-02,-1.254052668809890747e-01,1.394915461540222168e+00,1.014430895447731018e-01,9.803803637623786926e-03,-5.922671407461166382e-02,1.423961043357849121e+00
1.466560363769531250e-01,5.993328988552093506e-02,6.556720137596130371e-01,-3.593764035031199455e-03,2.840341068804264069e-02,7.031307816505432129e-01,-7.104839682579040527e-01,-1.097204536199569702e-01,-5.917464941740036011e-02,9.025752544403076172e-02,2.504473924636840820e-01,-8.903168141841888428e-02,3.012175671756267548e-02,-9.150546044111251831e-02,2.677454985678195953e-02,-1.341571509838104248e-01,2.613571286201477051e-01,-1.549765914678573608e-01,-9.470748156309127808e-02,5.438483133912086487e-02,4.369907453656196594e-02,-8.657935261726379395e-02,-1.139226183295249939e-01,1.401060700416564941e+00,9.441056102514266968e-02,7.753315381705760956e-03,-5.354323983192443848e-02,1.437100291252136230e+00
1.462012827396392822e-01,5.970976129174232483e-02,6.558621525764465332e-01,-3.969295881688594818e-03,2.966870553791522980e-02,7.034646272659301758e-01,-7.100996971130371094e-01,-1.152920201420783997e-01,-5.976317077875137329e-02,9.542311728000640869e-02,2.633908390998840332e-01,-9.036672115325927734e-02,2.899954095482826233e-02,-8.538600802421569824e-02,2.584015205502510071e-02,-1.383272409439086914e-01,2.515565752983093262e-01,-1.515372097492218018e-01,-9.496834129095077515e-02,5.983262136578559875e-02,4.587649554014205933e-02,-8.989514410495758057e-02,-1.086324453353881836e-01,1.405568003654479980e+00,9.257434308528900146e-02,7.088308688253164291e-03,-5.299884080886840820e-02,1.440746545791625977e+00
1.446795612573623657e-01,5.870116874575614929e-02,6.563559174537658691e-01,-2.900215797126293182e-03,3.256957978010177612e-02,7.031678557395935059e-01,-7.102715969085693359e-01,-1.135369315743446350e-01,-5.915695801377296448e-02,1.097671017050743103e-01,2.716753780841827393e-01,-8.787251263856887817e-02,2.804660610854625702e-02,-6.471628695726394653e-02,2.880250848829746246e-02,-1.496993452310562134e-01,2.249864339828491211e-01,-1.416099071502685547e-01,-9.695835411548614502e-02,6.531222164630889893e-02,5.271247401833534241e-02,-9.264306724071502686e-02,-1.013671308755874634e-01,1.414133071899414062e+00,9.445399045944213867e-02,7.051543798297643661e-03,-5.542790144681930542e-02,1.443526268005371094e+00
