-5.607034683227539062e+00,-1.690989732742309570e+00,6.616147160530090332e-01,3.024045610800385475e-03,9.984604548662900925e-04,-7.358132600784301758e-01,-6.771770119667053223e-01,-1.702959835529327393e-02,4.369646683335304260e-02,2.422079145908355713e-01,5.780390277504920959e-02,-2.918297052383422852e-02,-3.408377990126609802e-02,4.179916810244321823e-03,-2.737240493297576904e-02,-1.625540405511856079e-01,2.326068146097168146e-16,-1.689187064766883850e-02,3.365594893693923950e-02,-7.284388691186904907e-02,-9.282576851546764374e-03,-9.447095543146133423e-02,1.901803910732269287e-01,1.570799946784973145e+00,-1.614806475117802620e-03,1.781089045107364655e-02,-8.190196752548217773e-02,1.549390316009521484e+00
-5.607094764709472656e+00,-1.690989732742309570e+00,6.616147160530090332e-01,3.024445613846182823e-03,9.991154074668884277e-04,-7.358132600784301758e-01,-6.771770119667053223e-01,-1.702956110239028931e-02,4.369810968637466431e-02,2.422078698873519897e-01,5.780448764562606812e-02,-2.918318659067153931e-02,-3.408385440707206726e-02,4.180222749710083008e-03,-2.737082727253437042e-02,-1.625540256500244141e-01,3.938839431039626403e-19,-1.689197123050689697e-02,3.365587815642356873e-02,-7.319334149360656738e-02,-9.253130294382572174e-03,-9.446991980075836182e-02,1.903556138277053833e-01,1.570799946784973145e+00,-1.645650481805205345e-03,1.763494499027729034e-02,-8.172205835580825806e-02,1.549235463142395020e+00
-5.607095241546630859e+00,-1.690990209579467773e+00,6.616201400756835938e-01,3.023067256435751915e-03,9.992223931476473808e-04,-7.358133196830749512e-01,-6.771769523620605469e-01,-1.704586483538150787e-02,4.362573102116584778e-02,2.422086298465728760e-01,5.791485309600830078e-02,-2.939745038747787476e-02,-3.380570560693740845e-02,4.202942829579114914e-03,-2.736947499215602875e-02,-1.625536680221557617e-01,1.154661003472465055e-18,-1.708661019802093506e-02,3.365478292107582092e-02,-7.336795330047607422e-02,-9.256432764232158661e-03,-9.447143226861953735e-02,1.903556436300277710e-01,1.570799946784973145e+00,-1.649417215958237648e-03,1.763336174190044403e-02,-8.172026276588439941e-02,1.549244999885559082e+00
-5.606555461883544922e+00,-1.690810918807983398e+00,6.615599393844604492e-01,3.024267498403787613e-03,1.000234158709645271e-03,-7.358133196830749512e-01,-6.771768927574157715e-01,-1.717662438750267029e-02,4.359475523233413696e-02,2.422096431255340576e-01,5.788629502058029175e-02,-2.941107004880905151e-02,-3.381321579217910767e-02,4.102999810129404068e-03,-2.738544344902038574e-02,-1.625468730926513672e-01,3.640591964859331013e-19,-1.681838929653167725e-02,3.348996490240097046e-02,-7.336960732936859131e-02,-9.396714158356189728e-03,-9.429316967725753784e-02,1.903614997863769531e-01,1.570799946784973145e+00,-2.046777633950114250e-03,1.762118749320507050e-02,-8.154989778995513916e-02,1.549215912818908691e+00
-5.606915473937988281e+00,-1.690871238708496094e+00,6.615599393844604492e-01,3.024253994226455688e-03,1.000219257548451424e-03,-7.358133792877197266e-01,-6.771768927574157715e-01,-1.713752932846546173e-02,4.359617084264755249e-02,2.423918545246124268e-01,5.786833539605140686e-02,-2.942091040313243866e-02,-3.381780534982681274e-02,4.102644510567188263e-03,-2.738567069172859192e-02,-1.625469774007797241e-01,-5.932123824219477299e-20,-1.681802794337272644e-02,3.349009156227111816e-02,-7.336971908807754517e-02,-9.061871096491813660e-03,-9.435717016458511353e-02,1.903375983238220215e-01,1.570799946784973145e+00,-2.047411864623427391e-03,1.762308925390243530e-02,-8.154806494712829590e-02,1.549414396286010742e+00
-5.607035160064697266e+00,-1.690931916236877441e+00,6.616209745407104492e-01,3.023654920980334282e-03,9.995688451454043388e-04,-7.358133196830749512e-01,-6.771769523620605469e-01,-1.711337827146053314e-02,4.364991188049316406e-02,2.423926591873168945e-01,5.819059163331985474e-02,-2.960179001092910767e-02,-3.374792262911796570e-02,4.033843986690044403e-03,-2.740288712084293365e-02,-1.627072989940643311e-01,-1.008770228258298442e-18,-1.675083301961421967e-02,3.349285200238227844e-02,-7.336955517530441284e-02,-9.058719500899314880e-03,-9.435991197824478149e-02,1.903373897075653076e-01,1.570799946784973145e+00,-1.913460204377770424e-03,1.745548471808433533e-02,-8.136244118213653564e-02,1.549065589904785156e+00
-5.607214450836181641e+00,-1.690931797027587891e+00,6.616210341453552246e-01,3.023642115294933319e-03,9.995549917221069336e-04,-7.358133196830749512e-01,-6.771769523620605469e-01,-1.709144562482833862e-02,4.356122761964797974e-02,2.423837482929229736e-01,5.814897641539573669e-02,-2.961589954793453217e-02,-3.367183730006217957e-02,4.033978097140789032e-03,-2.740172483026981354e-02,-1.627072542905807495e-01,4.250340915572435525e-19,-1.675120554864406586e-02,3.349168598651885986e-02,-7.336951792240142822e-02,-8.899176493287086487e-03,-9.422429651021957397e-02,1.901561319828033447e-01,1.570799946784973145e+00,-1.910139340907335281e-03,1.744524948298931122e-02,-8.137305825948715210e-02,1.549065589904785156e+00
-5.607154369354248047e+00,-1.690931677818298340e+00,6.616209745407104492e-01,3.054023254662752151e-03,9.676312911324203014e-04,-7.358722090721130371e-01,-6.771128177642822266e-01,-1.724941842257976532e-02,4.355400428175926208e-02,2.420323789119720459e-01,5.818190425634384155e-02,-2.959416434168815613e-02,-3.366253897547721863e-02,3.973206970840692520e-03,-2.740645967423915863e-02,-1.628823876380920410e-01,-3.009063865605588129e-19,-1.677242107689380646e-02,3.349484130740165710e-02,-7.319604605436325073e-02,-9.002354927361011505e-03,-9.404112398624420166e-02,1.899769902229309082e-01,1.570799946784973145e+00,-1.947708195075392723e-03,1.726726628839969635e-02,-8.155730366706848145e-02,1.549065589904785156e+00
-5.607214927673339844e+00,-1.690932035446166992e+00,6.616219282150268555e-01,3.053785301744937897e-03,9.673720342107117176e-04,-7.358723282814025879e-01,-6.771127581596374512e-01,-1.725034229457378387e-02,4.347267374396324158e-02,2.420409023761749268e-01,5.825378373265266418e-02,-2.978703938424587250e-02,-3.356469422578811646e-02,3.972613252699375153e-03,-2.740875072777271271e-02,-1.628825962543487549e-01,-1.279610977696815789e-18,-1.677196472883224487e-02,3.349630907177925110e-02,-7.319623976945877075e-02,-8.834970183670520782e-03,-9.407374262809753418e-02,1.899650543928146362e-01,1.570799946784973145e+00,-1.932980725541710854e-03,1.709436252713203430e-02,-8.156076818704605103e-02,1.549080133438110352e+00
-5.607275009155273438e+00,-1.690932512283325195e+00,6.616209745407104492e-01,3.052983665838837624e-03,9.676826884970068932e-04,-7.358722090721130371e-01,-6.771128773689270020e-01,-1.725113578140735626e-02,4.347242787480354309e-02,2.420410811901092529e-01,5.825743079185485840e-02,-2.978787384927272797e-02,-3.356449306011199951e-02,3.884378820657730103e-03,-2.742175199091434479e-02,-1.628809869289398193e-01,-8.834615678408294014e-19,-1.668340899050235748e-02,3.350168466567993164e-02,-7.319609075784683228e-02,-8.641930297017097473e-03,-9.376942366361618042e-02,1.897892206907272339e-01,1.570799946784973145e+00,-1.815068651922047138e-03,1.710221730172634125e-02,-8.137342333793640137e-02,1.548896193504333496e+00
-5.607155323028564453e+00,-1.690872550010681152e+00,6.616209149360656738e-01,3.053558757528662682e-03,9.682523086667060852e-04,-7.358722090721130371e-01,-6.771128773689270020e-01,-1.725158840417861938e-02,4.347419738769531250e-02,2.420410364866256714e-01,5.825826898217201233e-02,-2.978819794952869415e-02,-3.356455266475677490e-02,3.889729734510183334e-03,-2.741796709597110748e-02,-1.628875136375427246e-01,-3.209476286342232748e-18,-1.668321527540683746e-02,3.350211307406425476e-02,-7.319648563861846924e-02,-8.514498360455036163e-03,-9.380555897951126099e-02,1.896023601293563843e-01,1.570799946784973145e+00,-1.815135008655488491e-03,1.710033416748046875e-02,-8.137342333793640137e-02,1.548896193504333496e+00
-5.607214927673339844e+00,-1.690872907638549805e+00,6.616201400756835938e-01,3.022939665243029594e-03,9.400113485753536224e-04,-7.358721494674682617e-01,-6.771131157875061035e-01,-1.721015386283397675e-02,4.329514503479003906e-02,2.420345544815063477e-01,5.818644165992736816e-02,-2.979027666151523590e-02,-3.348423168063163757e-02,3.806421998888254166e-03,-2.751608192920684814e-02,-1.628861427307128906e-01,8.236609590466145421e-19,-1.658949442207813263e-02,3.351013362407684326e-02,-7.354538142681121826e-02,-8.526531048119068146e-03,-9.388864785432815552e-02,1.896058917045593262e-01,1.570799946784973145e+00,-1.750533818267285824e-03,1.703151874244213104e-02,-8.155795931816101074e-02,1.548925280570983887e+00
-5.607215404510498047e+00,-1.690872788429260254e+00,6.616196036338806152e-01,3.023719182237982750e-03,9.407766046933829784e-04,-7.358722090721130371e-01,-6.771130561828613281e-01,-1.721771061420440674e-02,4.322075843811035156e-02,2.420453429222106934e-01,5.822763592004776001e-02,-2.977256104350090027e-02,-3.339385986328125000e-02,3.805970074608922005e-03,-2.751790359616279602e-02,-1.628794521093368530e-01,8.281025570445063088e-19,-1.658861711621284485e-02,3.350669890642166138e-02,-7.354593276977539062e-02,-8.408974856138229370e-03,-9.375412017107009888e-02,1.892480999231338501e-01,1.570799946784973145e+00,-1.827462110668420792e-03,1.755934953689575195e-02,-8.263193070888519287e-02,1.549259543418884277e+00
-5.607215404510498047e+00,-1.690872907638549805e+00,6.616163849830627441e-01,3.022283082827925682e-03,9.390760096721351147e-04,-7.358722090721130371e-01,-6.771130561828613281e-01,-1.722611859440803528e-02,4.321609064936637878e-02,2.420387566089630127e-01,5.823716148734092712e-02,-2.977658808231353760e-02,-3.339364379644393921e-02,3.785570152103900909e-03,-2.753141522407531738e-02,-1.630490571260452271e-01,1.456389917754631285e-18,-1.622256264090538025e-02,3.351346775889396667e-02,-7.406892627477645874e-02,-8.249198086559772491e-03,-9.412410110235214233e-02,1.895843744277954102e-01,1.570799946784973145e+00,-1.988243544474244118e-03,1.808413304388523102e-02,-8.336502313613891602e-02,1.549555420875549316e+00
-5.607335567474365234e+00,-1.690874099731445312e+00,6.616179347038269043e-01,2.961118007078766823e-03,9.413023362867534161e-04,-7.358721494674682617e-01,-6.771134138107299805e-01,-1.711056567728519440e-02,4.315895214676856995e-02,2.420369833707809448e-01,5.839474499225616455e-02,-2.996764890849590302e-02,-3.334772959351539612e-02,3.719068132340908051e-03,-2.763516083359718323e-02,-1.630453914403915405e-01,-1.239765997782866153e-18,-1.623417250812053680e-02,3.352558240294456482e-02,-7.441581040620803833e-02,-8.242236450314521790e-03,-9.435097873210906982e-02,1.903047263622283936e-01,1.570799946784973145e+00,-1.865637023001909256e-03,1.856953650712966919e-02,-8.479585498571395874e-02,1.549560308456420898e+00
-5.607275962829589844e+00,-1.690873980522155762e+00,6.616180539131164551e-01,2.931535942479968071e-03,9.123009513132274151e-04,-7.358721494674682617e-01,-6.771135330200195312e-01,-1.709118299186229706e-02,4.306841269135475159e-02,2.420392632484436035e-01,5.836069583892822266e-02,-2.995469421148300171e-02,-3.334368020296096802e-02,3.722896333783864975e-03,-2.772183902561664581e-02,-1.630456745624542236e-01,4.451148315051574215e-19,-1.622859574854373932e-02,3.352941200137138367e-02,-7.493922859430313110e-02,-8.162613958120346069e-03,-9.442967176437377930e-02,1.908410191535949707e-01,1.570799946784973145e+00,-2.097791060805320740e-03,1.919544301927089691e-02,-8.588293194770812988e-02,1.549381136894226074e+00
-5.607336044311523438e+00,-1.690874457359313965e+00,6.616171002388000488e-01,2.930992050096392632e-03,9.110509417951107025e-04,-7.358720898628234863e-01,-6.771136522293090820e-01,-1.709410734474658966e-02,4.306603223085403442e-02,2.420394718647003174e-01,5.836351960897445679e-02,-2.995521202683448792e-02,-3.334338217973709106e-02,3.632151987403631210e-03,-2.773688174784183502e-02,-1.630440503358840942e-01,2.111134288465746859e-18,-1.613989658653736115e-02,3.353489190340042114e-02,-7.511295378208160400e-02,-8.165845647454261780e-03,-9.459992498159408569e-02,1.910141259431838989e-01,1.570799946784973145e+00,-2.114697592332959175e-03,1.957772672176361084e-02,-8.713313937187194824e-02,1.549216270446777344e+00
-5.607336521148681641e+00,-1.690814495086669922e+00,6.616178154945373535e-01,2.930908463895320892e-03,9.111208491958677769e-04,-7.358722090721130371e-01,-6.771134734153747559e-01,-1.679204963147640228e-02,4.306637123227119446e-02,2.420411109924316406e-01,5.823402106761932373e-02,-2.994854003190994263e-02,-3.337020799517631531e-02,3.652705578133463860e-03,-2.774773165583610535e-02,-1.631926149129867554e-01,1.586498500471592406e-18,-1.615928299725055695e-02,3.352545574307441711e-02,-7.528788596391677856e-02,-8.170398883521556854e-03,-9.476791322231292725e-02,1.911855936050415039e-01,1.570799946784973145e+00,-2.136557130143046379e-03,1.975992508232593536e-02,-8.768221735954284668e-02,1.548852920532226562e+00
-5.607336521148681641e+00,-1.690873146057128906e+00,6.616141200065612793e-01,2.901275642216205597e-03,8.837619097903370857e-04,-7.358722090721130371e-01,-6.771136522293090820e-01,-1.680885441601276398e-02,4.282103851437568665e-02,2.420233637094497681e-01,5.770430713891983032e-02,-2.959996461868286133e-02,-3.338918462395668030e-02,3.548067528754472733e-03,-2.785225957632064819e-02,-1.630021631717681885e-01,-1.875097059902821582e-18,-1.604281179606914520e-02,3.351922705769538879e-02,-7.528783380985260010e-02,-7.795574609190225601e-03,-9.488999098539352417e-02,1.913508474826812744e-01,1.570799946784973145e+00,-2.171413507312536240e-03,1.950154826045036316e-02,-8.805850893259048462e-02,1.548678517341613770e+00
-5.607397079467773438e+00,-1.690932512283325195e+00,6.616133451461791992e-01,2.901226049289107323e-03,8.838969515636563301e-04,-7.359311580657958984e-01,-6.770495772361755371e-01,-1.664296910166740417e-02,4.269400611519813538e-02,2.418341338634490967e-01,5.724855139851570129e-02,-2.925386652350425720e-02,-3.323379904031753540e-02,3.527935827150940895e-03,-2.788503095507621765e-02,-1.634720712900161743e-01,7.121118406582027735e-20,-1.601565070450305939e-02,3.350953385233879089e-02,-7.563664019107818604e-02,-7.797076366841793060e-03,-9.488783776760101318e-02,1.913509070873260498e-01,1.570799946784973145e+00,-2.181732794269919395e-03,1.949395611882209778e-02,-8.806239813566207886e-02,1.548296093940734863e+00
-5.607456684112548828e+00,-1.690931439399719238e+00,6.616092324256896973e-01,2.899623243138194084e-03,8.821548544801771641e-04,-7.359311580657958984e-01,-6.770495772361755371e-01,-1.671814732253551483e-02,4.266316443681716919e-02,2.418101876974105835e-01,5.703938007354736328e-02,-2.913651242852210999e-02,-3.311301022768020630e-02,3.387218574061989784e-03,-2.783096022903919220e-02,-1.632916629314422607e-01,-1.196707834779454281e-18,-1.571290567517280579e-02,3.359269350767135620e-02,-7.563663274049758911e-02,-7.661208510398864746e-03,-9.475400298833847046e-02,1.911615878343582153e-01,1.570799946784973145e+00,-2.353436779230833054e-03,1.947426609694957733e-02,-8.807196468114852905e-02,1.548296093940734863e+00
-5.607456684112548828e+00,-1.690991640090942383e+00,6.616080999374389648e-01,2.899954328313469887e-03,8.828376303426921368e-04,-7.360489368438720703e-01,-6.769215464591979980e-01,-1.670690439641475677e-02,4.263398051261901855e-02,2.412819117307662964e-01,5.681277438998222351e-02,-2.893306128680706024e-02,-3.315982222557067871e-02,3.330603940412402153e-03,-2.786289714276790619e-02,-1.639476120471954346e-01,4.982204989153094975e-19,-1.581164263188838959e-02,3.359350934624671936e-02,-7.598461955785751343e-02,-7.747991476207971573e-03,-9.456504881381988525e-02,1.906540095806121826e-01,1.570799946784973145e+00,-2.354744356125593185e-03,1.947528310120105743e-02,-8.807193487882614136e-02,1.548121690750122070e+00
-5.607515811920166016e+00,-1.690989613533020020e+00,6.616054177284240723e-01,2.929563168436288834e-03,9.132225532084703445e-04,-7.362262606620788574e-01,-6.767285466194152832e-01,-1.679659448564052582e-02,4.271115735173225403e-02,2.410864233970642090e-01,5.672845616936683655e-02,-2.876698970794677734e-02,-3.319014608860015869e-02,3.470813622698187828e-03,-2.778070047497749329e-02,-1.642518937587738037e-01,1.347920896849940213e-18,-1.594813540577888489e-02,3.373501077294349670e-02,-7.633458077907562256e-02,-7.624130230396986008e-03,-9.435039758682250977e-02,1.902979314327239990e-01,1.570799946784973145e+00,-2.298293169587850571e-03,1.939270645380020142e-02,-8.825077861547470093e-02,1.547947287559509277e+00
-5.607575893402099609e+00,-1.690988063812255859e+00,6.616658568382263184e-01,2.989909611642360687e-03,8.542799623683094978e-04,-7.363442778587341309e-01,-6.765998601913452148e-01,-1.707128249108791351e-02,4.270291328430175781e-02,2.405522167682647705e-01,5.677627399563789368e-02,-2.873563393950462341e-02,-3.317685052752494812e-02,3.333873581141233444e-03,-2.779801562428474426e-02,-1.644001603126525879e-01,-2.751134216456892999e-19,-1.596761681139469147e-02,3.371788188815116882e-02,-7.685943692922592163e-02,-7.540654856711626053e-03,-9.433899074792861938e-02,1.899593621492385864e-01,1.570799946784973145e+00,-2.093008020892739296e-03,1.885061338543891907e-02,-8.755899220705032349e-02,1.547607779502868652e+00
-5.607573509216308594e+00,-1.690988302230834961e+00,6.616020798683166504e-01,3.016001079231500626e-03,9.447784395888447762e-04,-7.364032864570617676e-01,-6.765354871749877930e-01,-1.700961962342262268e-02,4.279931262135505676e-02,2.405260950326919556e-01,5.681536346673965454e-02,-2.878039702773094177e-02,-3.311044350266456604e-02,3.367347409948706627e-03,-2.756071090698242188e-02,-1.647240668535232544e-01,-2.598591823443246067e-18,-1.593089848756790161e-02,3.379430621862411499e-02,-7.720743119716644287e-02,-7.258417550474405289e-03,-9.398961067199707031e-02,1.898194551467895508e-01,1.570799946784973145e+00,-2.089435700327157974e-03,1.850381679832935333e-02,-8.719141036272048950e-02,1.547461986541748047e+00
-5.607572555541992188e+00,-1.690987586975097656e+00,6.616014242172241211e-01,3.134363098070025444e-03,9.389878250658512115e-04,-7.364620566368103027e-01,-6.764709353446960449e-01,-1.744798757135868073e-02,4.291370511054992676e-02,2.401842623949050903e-01,5.711849406361579895e-02,-2.877975068986415863e-02,-3.298184648156166077e-02,3.218824509531259537e-03,-2.740465477108955383e-02,-1.648919731378555298e-01,1.959584253693222138e-18,-1.596193201839923859e-02,3.378265351057052612e-02,-7.825724780559539795e-02,-6.513637024909257889e-03,-9.352990984916687012e-02,1.899860054254531860e-01,1.570799946784973145e+00,-2.244713017717003822e-03,1.831108331680297852e-02,-8.647860586643218994e-02,1.547301888465881348e+00
-5.607511997222900391e+00,-1.690925121307373047e+00,6.616058945655822754e-01,3.254067618399858475e-03,9.373700595460832119e-04,-7.367569208145141602e-01,-6.761492490768432617e-01,-1.798240281641483307e-02,4.310553893446922302e-02,2.392912954092025757e-01,5.742030963301658630e-02,-2.876342087984085083e-02,-3.292963653802871704e-02,3.253336064517498016e-03,-2.728840894997119904e-02,-1.655818969011306763e-01,1.735661705586595366e-18,-1.614610850811004639e-02,3.367473185062408447e-02,-8.017748594284057617e-02,-5.567002575844526291e-03,-9.277099370956420898e-02,1.899870634078979492e-01,1.570799946784973145e+00,-2.256326610222458839e-03,1.781571842730045319e-02,-8.556137979030609131e-02,1.546845674514770508e+00
-5.607510089874267578e+00,-1.690860748291015625e+00,6.616107225418090820e-01,3.312105080112814903e-03,9.967749938368797302e-04,-7.369931340217590332e-01,-6.758913993835449219e-01,-1.832330413162708282e-02,4.340376332402229309e-02,2.383723556995391846e-01,5.826481059193611145e-02,-2.916160412132740021e-02,-3.292933851480484009e-02,3.659514477476477623e-03,-2.703895978629589081e-02,-1.664573848247528076e-01,1.120567720550326328e-18,-1.652782410383224487e-02,3.363459557294845581e-02,-8.174951374530792236e-02,-4.022131673991680145e-03,-9.209293872117996216e-02,1.903139799833297729e-01,1.570799946784973145e+00,-1.524817082099616528e-03,1.716994121670722961e-02,-8.536565303802490234e-02,1.546079516410827637e+00
-5.607269287109375000e+00,-1.690671563148498535e+00,6.616119146347045898e-01,3.399615176022052765e-03,1.026496058329939842e-03,-7.372300028800964355e-01,-6.756324768066406250e-01,-1.887937448918819427e-02,4.386111721396446228e-02,2.377520501613616943e-01,5.911682546138763428e-02,-2.964073605835437775e-02,-3.326318040490150452e-02,3.942640032619237900e-03,-2.650693245232105255e-02,-1.671198159456253052e-01,1.111164848334706355e-18,-1.689098961651325226e-02,3.347864001989364624e-02,-8.280252665281295776e-02,-2.507683821022510529e-03,-9.089103341102600098e-02,1.904698163270950317e-01,1.570799946784973145e+00,-8.040893590077757835e-04,1.634151488542556763e-02,-8.553219586610794067e-02,1.545319199562072754e+00
-5.606968402862548828e+00,-1.690418481826782227e+00,6.615660786628723145e-01,3.520034253597259521e-03,1.028802944347262383e-03,-7.375851869583129883e-01,-6.752441525459289551e-01,-1.944443210959434509e-02,4.492062330245971680e-02,2.364985048770904541e-01,6.042854860424995422e-02,-3.043696098029613495e-02,-3.381292894482612610e-02,4.358999896794557571e-03,-2.574392221868038177e-02,-1.679630875587463379e-01,-3.338348182344638808e-19,-1.746968738734722137e-02,3.295499458909034729e-02,-8.420746773481369019e-02,-1.255625742487609386e-03,-9.037260711193084717e-02,1.902606934309005737e-01,1.570799946784973145e+00,6.687400746159255505e-04,1.523268781602382660e-02,-8.620667457580566406e-02,1.544090032577514648e+00
-5.606550216674804688e+00,-1.689983010292053223e+00,6.615796089172363281e-01,3.610649611800909042e-03,1.121884095482528210e-03,-7.378818988800048828e-01,-6.749193072319030762e-01,-1.934168860316276550e-02,4.595988243818283081e-02,2.352946996688842773e-01,6.134888157248497009e-02,-3.110320866107940674e-02,-3.488304093480110168e-02,5.203223787248134613e-03,-2.463847026228904724e-02,-1.688146740198135376e-01,4.151347429530298381e-20,-1.848516426980495453e-02,3.205727785825729370e-02,-8.543646335601806641e-02,8.431469905190169811e-05,-8.922979980707168579e-02,1.907722949981689453e-01,1.570799946784973145e+00,2.270493423566222191e-03,1.422290038317441940e-02,-8.668516576290130615e-02,1.542978286743164062e+00
-5.605233192443847656e+00,-1.689373373985290527e+00,6.614767909049987793e-01,3.725837450474500656e-03,1.242959871888160706e-03,-7.381189465522766113e-01,-6.746591329574584961e-01,-1.936126314103603363e-02,4.772128909826278687e-02,2.348559200763702393e-01,6.276928633451461792e-02,-3.219235688447952271e-02,-3.627175837755203247e-02,5.097301676869392395e-03,-2.297670394182205200e-02,-1.694209724664688110e-01,2.295659156516194344e-03,-2.089026942849159241e-02,3.089963831007480621e-02,-8.596629649400711060e-02,1.481517450883984566e-03,-8.819084614515304565e-02,1.914583891630172729e-01,1.570799946784973145e+00,3.876135451719164848e-03,1.292794197797775269e-02,-8.718501031398773193e-02,1.542878270149230957e+00
-5.604758262634277344e+00,-1.689015030860900879e+00,6.614939570426940918e-01,3.781833220273256302e-03,1.303396769799292088e-03,-7.382364273071289062e-01,-6.745302081108093262e-01,-1.952215842902660370e-02,4.957742616534233093e-02,2.343156784772872925e-01,6.404320895671844482e-02,-3.317951038479804993e-02,-3.783721849322319031e-02,3.768918337300419807e-03,-2.153305709362030029e-02,-1.696728765964508057e-01,7.172160316258668900e-03,-2.462647482752799988e-02,2.961828000843524933e-02,-8.614088594913482666e-02,3.225276712328195572e-03,-8.663387596607208252e-02,1.918130964040756226e-01,1.570799946784973145e+00,4.888034891337156296e-03,1.229315064847469330e-02,-8.751320838928222656e-02,1.543237090110778809e+00
-5.603807449340820312e+00,-1.688359618186950684e+00,6.614589095115661621e-01,3.848966909572482109e-03,1.236473442986607552e-03,-7.381191849708557129e-01,-6.746582388877868652e-01,-1.884280890226364136e-02,5.177356675267219543e-02,2.348488122224807739e-01,6.502680480480194092e-02,-3.436131775379180908e-02,-3.996519744396209717e-02,2.446883358061313629e-03,-1.991899497807025909e-02,-1.690246611833572388e-01,1.200037170201539993e-02,-2.850614301860332489e-02,2.781915850937366486e-02,-8.579242229461669922e-02,4.424736369401216507e-03,-8.515395969152450562e-02,1.920322477817535400e-01,1.570799946784973145e+00,6.079586688429117203e-03,1.130955014377832413e-02,-8.731704950332641602e-02,1.543231368064880371e+00
-5.602735996246337891e+00,-1.687703609466552734e+00,6.614152789115905762e-01,3.829378634691238403e-03,1.199155580252408981e-03,-7.376487851142883301e-01,-6.751726865768432617e-01,-1.779349707067012787e-02,5.374982953071594238e-02,2.364552617073059082e-01,6.552995741367340088e-02,-3.535032644867897034e-02,-4.226217791438102722e-02,1.329077174887061119e-03,-1.810367591679096222e-02,-1.678477823734283447e-01,1.629036292433738708e-02,-3.207657113671302795e-02,2.584748901426792145e-02,-8.387325704097747803e-02,5.828297697007656097e-03,-8.353662490844726562e-02,1.914010345935821533e-01,1.570799946784973145e+00,7.902329787611961365e-03,1.078410167247056961e-02,-8.746924251317977905e-02,1.543200731277465820e+00
-5.601421833038330078e+00,-1.687045812606811523e+00,6.613128185272216797e-01,3.840971505269408226e-03,1.138851861469447613e-03,-7.369420528411865234e-01,-6.759440898895263672e-01,-1.723941601812839508e-02,5.622185394167900085e-02,2.383851706981658936e-01,6.721859425306320190e-02,-3.695160150527954102e-02,-4.508646577596664429e-02,6.532965344376862049e-04,-1.613316684961318970e-02,-1.657720506191253662e-01,1.893745176494121552e-02,-3.450397774577140808e-02,2.341508492827415466e-02,-8.107947558164596558e-02,6.930542178452014923e-03,-8.151483535766601562e-02,1.895738691091537476e-01,1.570799946784973145e+00,9.267422370612621307e-03,1.056535169482231140e-02,-8.764890581369400024e-02,1.543125152587890625e+00
-5.599870204925537109e+00,-1.686328411102294922e+00,6.612042188644409180e-01,3.653215244412422180e-03,8.045975700952112675e-04,-7.359405755996704102e-01,-6.770358085632324219e-01,-1.667106524109840393e-02,5.838198959827423096e-02,2.411945462226867676e-01,7.065309584140777588e-02,-3.993232548236846924e-02,-4.788841307163238525e-02,-1.974932092707604170e-05,-1.443888433277606964e-02,-1.627227663993835449e-01,2.069344744086265564e-02,-3.573101013898849487e-02,2.094954252243041992e-02,-7.706508040428161621e-02,9.354670532047748566e-03,-7.758665829896926880e-02,1.848441660404205322e-01,1.570799946784973145e+00,1.039624121040105820e-02,1.051482651382684708e-02,-8.731918781995773315e-02,1.543880701065063477e+00
-5.598675727844238281e+00,-1.685787200927734375e+00,6.610984802246093750e-01,3.155221929773688316e-03,2.599499421194195747e-04,-7.341688871383666992e-01,-6.789594888687133789e-01,-1.713907159864902496e-02,6.002159044146537781e-02,2.463851869106292725e-01,7.697904109954833984e-02,-4.411040619015693665e-02,-5.058172345161437988e-02,-2.845720155164599419e-03,-1.407225895673036575e-02,-1.580775231122970581e-01,2.591688185930252075e-02,-3.768793493509292603e-02,1.863728277385234833e-02,-7.095160335302352905e-02,1.268072798848152161e-02,-7.215414941310882568e-02,1.775292158126831055e-01,1.570799946784973145e+00,1.120293978601694107e-02,1.055944338440895081e-02,-8.630293607711791992e-02,1.544942855834960938e+00
-5.597527503967285156e+00,-1.685417294502258301e+00,6.610218286514282227e-01,2.624349435791373253e-03,-6.447142804972827435e-04,-7.325675487518310547e-01,-6.806889772415161133e-01,-2.236900478601455688e-02,6.163831800222396851e-02,2.507582902908325195e-01,9.092492610216140747e-02,-4.884738475084304810e-02,-5.301923677325248718e-02,-6.191188935190439224e-03,-1.468285266309976578e-02,-1.543005108833312988e-01,3.089549206197261810e-02,-3.819167241454124451e-02,1.676105894148349762e-02,-6.448302417993545532e-02,1.768179982900619507e-02,-6.489776074886322021e-02,1.699564456939697266e-01,1.564593553543090820e+00,1.237096730619668961e-02,1.074616424739360809e-02,-8.477709442377090454e-02,1.546803951263427734e+00
-5.597128868103027344e+00,-1.685745120048522949e+00,6.608769893646240234e-01,2.164020901545882225e-03,-1.542867626994848251e-03,-7.316704392433166504e-01,-6.816533803939819336e-01,-3.466051816940307617e-02,6.332881003618240356e-02,2.501392662525177002e-01,1.152872517704963684e-01,-5.591320991516113281e-02,-5.378041416406631470e-02,-1.044028718024492264e-02,-1.659805141389369965e-02,-1.525973081588745117e-01,3.572304174304008484e-02,-3.776425123214721680e-02,1.615104451775550842e-02,-5.748344957828521729e-02,2.187527716159820557e-02,-5.619601905345916748e-02,1.631851196289062500e-01,1.557173967361450195e+00,1.421858835965394974e-02,1.108682621270418167e-02,-8.470734953880310059e-02,1.548467159271240234e+00
-5.597487926483154297e+00,-1.686531901359558105e+00,6.608026027679443359e-01,1.698503270745277405e-03,-2.724656136706471443e-03,-7.322515845298767090e-01,-6.810266375541687012e-01,-5.288513377308845520e-02,6.433458626270294189e-02,2.434216439723968506e-01,1.475441455841064453e-01,-6.366039067506790161e-02,-5.328242480754852295e-02,-1.631017215549945831e-02,-2.048881910741329193e-02,-1.545829474925994873e-01,4.418374970555305481e-02,-3.993101045489311218e-02,1.715851575136184692e-02,-4.960793256759643555e-02,2.563251368701457977e-02,-4.625207558274269104e-02,1.582532823085784912e-01,1.551043152809143066e+00,1.857222616672515869e-02,1.082815416157245636e-02,-8.692907541990280151e-02,1.549698352813720703e+00
-5.597794532775878906e+00,-1.687622070312500000e+00,6.611539721488952637e-01,5.530488560907542706e-04,-4.791243467479944229e-03,-7.346006631851196289e-01,-6.784825921058654785e-01,-8.024774491786956787e-02,6.683576852083206177e-02,2.320974022150039673e-01,2.035576552152633667e-01,-8.493468165397644043e-02,-5.536359176039695740e-02,-1.948412135243415833e-02,-2.639704383909702301e-02,-1.614870578050613403e-01,4.867953062057495117e-02,-4.108520597219467163e-02,1.785780116915702820e-02,-4.208301007747650146e-02,2.838602475821971893e-02,-3.852042555809020996e-02,1.558175832033157349e-01,1.545455932617187500e+00,2.504644542932510376e-02,7.016526535153388977e-03,-8.682803809642791748e-02,1.548934221267700195e+00
-5.598008155822753906e+00,-1.688728332519531250e+00,6.619281768798828125e-01,-9.711059974506497383e-04,-7.872430607676506042e-03,-7.378104329109191895e-01,-6.749613881111145020e-01,-1.145020276308059692e-01,7.384871691465377808e-02,2.166184335947036743e-01,2.754684090614318848e-01,-1.131688132882118225e-01,-6.314731389284133911e-02,-1.996392011642456055e-02,-3.375992178916931152e-02,-1.708981543779373169e-01,4.634450376033782959e-02,-3.926643729209899902e-02,1.880799792706966400e-02,-3.541888296604156494e-02,3.157446905970573425e-02,-3.182166442275047302e-02,1.554941534996032715e-01,1.538975596427917480e+00,3.187766298651695251e-02,-5.664216005243360996e-04,-7.904133945703506470e-02,1.546905398368835449e+00
-5.598639011383056641e+00,-1.689889669418334961e+00,6.628291010856628418e-01,-2.765454817563295364e-03,-1.106024906039237976e-02,-7.405192255973815918e-01,-6.719384789466857910e-01,-1.510714739561080933e-01,8.702766895294189453e-02,1.943050771951675415e-01,3.543925285339355469e-01,-1.328383684158325195e-01,-7.900489866733551025e-02,-1.919791847467422485e-02,-4.221015051007270813e-02,-1.797818243503570557e-01,4.063351079821586609e-02,-3.516963869333267212e-02,2.016818337142467499e-02,-2.840615250170230865e-02,3.524151444435119629e-02,-2.397610619664192200e-02,1.573998183012008667e-01,1.530644416809082031e+00,3.709800168871879578e-02,-9.729731827974319458e-03,-6.897307932376861572e-02,1.544363975524902344e+00
-5.599802970886230469e+00,-1.691112637519836426e+00,6.635803580284118652e-01,-4.118153825402259827e-03,-1.389070041477680206e-02,-7.424532175064086914e-01,-6.697412133216857910e-01,-1.843944191932678223e-01,1.041933670639991760e-01,1.695559471845626831e-01,4.271276295185089111e-01,-1.416795551776885986e-01,-1.007898449897766113e-01,-1.972351223230361938e-02,-5.048060417175292969e-02,-1.863385289907455444e-01,3.624894842505455017e-02,-3.108368441462516785e-02,2.256704308092594147e-02,-2.121522277593612671e-02,4.231429845094680786e-02,-1.267686486244201660e-02,1.636642068624496460e-01,1.520542621612548828e+00,4.218941554427146912e-02,-1.916657760739326477e-02,-6.032742187380790710e-02,1.540755152702331543e+00
-5.601327896118164062e+00,-1.692283987998962402e+00,6.641792058944702148e-01,-5.036385264247655869e-03,-1.623705402016639709e-02,-7.437431812286376953e-01,-6.682492494583129883e-01,-2.126370966434478760e-01,1.286274492740631104e-01,1.460668146610260010e-01,4.898009598255157471e-01,-1.386499553918838501e-01,-1.310752630233764648e-01,-2.160802856087684631e-02,-5.819278582930564880e-02,-1.912663429975509644e-01,3.457954525947570801e-02,-2.844840846955776215e-02,2.541908621788024902e-02,-1.612729206681251526e-02,5.172636732459068298e-02,-2.724358055274933577e-04,1.743553280830383301e-01,1.510042309761047363e+00,4.574627801775932312e-02,-2.891563996672630310e-02,-5.245555937290191650e-02,1.535761833190917969e+00
-5.603112697601318359e+00,-1.693397521972656250e+00,6.646096110343933105e-01,-5.769104231148958206e-03,-1.832391507923603058e-02,-7.445679903030395508e-01,-6.672701239585876465e-01,-2.343106418848037720e-01,1.572017073631286621e-01,1.238602325320243835e-01,5.366521477699279785e-01,-1.206971928477287292e-01,-1.669826656579971313e-01,-2.455488406121730804e-02,-6.582202762365341187e-02,-1.943278163671493530e-01,3.555720299482345581e-02,-2.728568017482757568e-02,2.863944135606288910e-02,-1.366013847291469574e-02,6.319771707057952881e-02,1.583459414541721344e-02,1.894284486770629883e-01,1.502292633056640625e+00,4.826389253139495850e-02,-3.826538100838661194e-02,-4.387465119361877441e-02,1.528853774070739746e+00
-5.605539321899414062e+00,-1.694448828697204590e+00,6.649232506752014160e-01,-6.415362935513257980e-03,-1.987725496292114258e-02,-7.451658844947814941e-01,-6.665519475936889648e-01,-2.496248185634613037e-01,1.893079280853271484e-01,9.826560318470001221e-02,5.649996995925903320e-01,-8.493763953447341919e-02,-2.088253498077392578e-01,-2.852208353579044342e-02,-7.389413565397262573e-02,-1.959994584321975708e-01,3.966002911329269409e-02,-2.792287990450859070e-02,3.283448144793510437e-02,-1.381325162947177887e-02,7.477755844593048096e-02,3.166305273771286011e-02,2.068670541048049927e-01,1.498463273048400879e+00,5.020738765597343445e-02,-4.735513031482696533e-02,-3.675221651792526245e-02,1.520024180412292480e+00
-5.608324050903320312e+00,-1.695336461067199707e+00,6.650481820106506348e-01,-6.853542756289243698e-03,-2.120557054877281189e-02,-7.454883456230163574e-01,-6.661459803581237793e-01,-2.583249211311340332e-01,2.191299498081207275e-01,7.181392610073089600e-02,5.768189430236816406e-01,-4.700505360960960388e-02,-2.500285208225250244e-01,-3.306039050221443176e-02,-8.225855231285095215e-02,-1.966862231492996216e-01,4.558208212256431580e-02,-2.975487522780895233e-02,3.764614462852478027e-02,-1.483639609068632126e-02,8.616617321968078613e-02,4.868207871913909912e-02,2.259431034326553345e-01,1.499033093452453613e+00,5.167845264077186584e-02,-5.613077431917190552e-02,-3.214751929044723511e-02,1.511325955390930176e+00
-5.612175464630126953e+00,-1.696252584457397461e+00,6.650804877281188965e-01,-7.229076698422431946e-03,-2.225153148174285889e-02,-7.453528642654418945e-01,-6.662594676017761230e-01,-2.589387595653533936e-01,2.470084875822067261e-01,4.696048423647880554e-02,5.737550258636474609e-01,-1.489335391670465469e-02,-2.892557978630065918e-01,-3.855459392070770264e-02,-9.167572110891342163e-02,-1.962914615869522095e-01,5.419930070638656616e-02,-3.281596302986145020e-02,4.417843744158744812e-02,-1.622886396944522858e-02,9.704618155956268311e-02,6.488750129938125610e-02,2.456765323877334595e-01,1.501671671867370605e+00,5.267826467752456665e-02,-6.483037024736404419e-02,-3.025041520595550537e-02,1.503163576126098633e+00
-5.616775989532470703e+00,-1.697118759155273438e+00,6.647849678993225098e-01,-7.530888542532920837e-03,-2.301384322345256805e-02,-7.448251843452453613e-01,-6.668201088905334473e-01,-2.520322501659393311e-01,2.733771502971649170e-01,2.819675393402576447e-02,5.547034740447998047e-01,1.552269607782363892e-02,-3.247320055961608887e-01,-4.541916027665138245e-02,-1.031804755330085754e-01,-1.938494592905044556e-01,6.556146591901779175e-02,-3.701076284050941467e-02,5.293894186615943909e-02,-1.884268783032894135e-02,1.088136583566665649e-01,8.216830343008041382e-02,2.649344503879547119e-01,1.505069255828857422e+00,5.315032601356506348e-02,-7.333932816982269287e-02,-3.011617437005043030e-02,1.495864510536193848e+00
-5.622575283050537109e+00,-1.697986602783203125e+00,6.643338203430175781e-01,-7.632894907146692276e-03,-2.353408187627792358e-02,-7.440658211708068848e-01,-6.676480770111083984e-01,-2.389197945594787598e-01,2.973972260951995850e-01,2.313476055860519409e-02,5.239197611808776855e-01,4.183569550514221191e-02,-3.534854352474212646e-01,-5.255507305264472961e-02,-1.150452271103858948e-01,-1.904836744070053101e-01,7.867537438869476318e-02,-4.279120266437530518e-02,6.231646984815597534e-02,-2.128422446548938751e-02,1.196485832333564758e-01,9.686953574419021606e-02,2.802654206752777100e-01,1.507200002670288086e+00,5.290137231349945068e-02,-8.120144158601760864e-02,-3.045284189283847809e-02,1.490073800086975098e+00
-5.629298210144042969e+00,-1.698801636695861816e+00,6.635675430297851562e-01,-7.716398220509290695e-03,-2.361330017447471619e-02,-7.429689764976501465e-01,-6.688647270202636719e-01,-2.196908891201019287e-01,3.203730285167694092e-01,3.527136147022247314e-02,4.853643774986267090e-01,5.905553698539733887e-02,-3.745450079441070557e-01,-6.135021522641181946e-02,-1.280718296766281128e-01,-1.859403699636459351e-01,9.558116644620895386e-02,-4.995965212583541870e-02,7.371595501899719238e-02,-2.407078444957733154e-02,1.308364570140838623e-01,1.102597266435623169e-01,2.944476604461669922e-01,1.508352875709533691e+00,5.108787491917610168e-02,-8.883188664913177490e-02,-2.906243316829204559e-02,1.486709237098693848e+00
-5.637306690216064453e+00,-1.699864149093627930e+00,6.623098850250244141e-01,-7.355466019362211227e-03,-2.350440807640552521e-02,-7.416956424713134766e-01,-6.702842712402343750e-01,-1.954555362462997437e-01,3.398744165897369385e-01,6.330200284719467163e-02,4.395018517971038818e-01,7.043338567018508911e-02,-3.874692916870117188e-01,-7.372406870126724243e-02,-1.430672556161880493e-01,-1.797600686550140381e-01,1.190441101789474487e-01,-6.006955727934837341e-02,8.734627068042755127e-02,-2.720738388597965240e-02,1.418669074773788452e-01,1.217195466160774231e-01,3.086717426776885986e-01,1.508728981018066406e+00,4.863312095403671265e-02,-9.593798220157623291e-02,-2.762921340763568878e-02,1.484423875808715820e+00
-5.646709918975830078e+00,-1.701590895652770996e+00,6.600003838539123535e-01,-6.483661476522684097e-03,-2.295462787151336670e-02,-7.399559020996093750e-01,-6.722323298454284668e-01,-1.658031046390533447e-01,3.536234498023986816e-01,1.054845452308654785e-01,3.843049108982086182e-01,8.175620436668395996e-02,-3.912640511989593506e-01,-9.431570768356323242e-02,-1.612793505191802979e-01,-1.703487187623977661e-01,1.554729640483856201e-01,-7.575331628322601318e-02,1.041409224271774292e-01,-2.911491878330707550e-02,1.523716151714324951e-01,1.331830620765686035e-01,3.205459713935852051e-01,1.507362842559814453e+00,4.611828550696372986e-02,-1.035695225000381470e-01,-2.797444164752960205e-02,1.482218384742736816e+00
-5.657370567321777344e+00,-1.704289913177490234e+00,6.572797298431396484e-01,-5.352357402443885803e-03,-2.236720174551010132e-02,-7.382056117057800293e-01,-6.741836071014404297e-01,-1.376479268074035645e-01,3.608618676662445068e-01,1.500823944807052612e-01,3.338018357753753662e-01,8.655916154384613037e-02,-3.892188966274261475e-01,-1.189234405755996704e-01,-1.798956096172332764e-01,-1.590624749660491943e-01,1.971967518329620361e-01,-9.302552789449691772e-02,1.216629073023796082e-01,-3.068914636969566345e-02,1.609411388635635376e-01,1.426160037517547607e-01,3.283633887767791748e-01,1.504830718040466309e+00,4.353355243802070618e-02,-1.113076359033584595e-01,-2.849578484892845154e-02,1.480385661125183105e+00
-5.669317722320556641e+00,-1.707599997520446777e+00,6.537761688232421875e-01,-3.507579211145639420e-03,-2.129214815795421600e-02,-7.370561957359313965e-01,-6.754868626594543457e-01,-1.136755794286727905e-01,3.615276813507080078e-01,1.912529915571212769e-01,2.892495095729827881e-01,8.065136522054672241e-02,-3.801392614841461182e-01,-1.457867175340652466e-01,-1.994893252849578857e-01,-1.478558033704757690e-01,2.409079968929290771e-01,-1.106343939900398254e-01,1.418704837560653687e-01,-3.452922776341438293e-02,1.689991205930709839e-01,1.507834643125534058e-01,3.351678550243377686e-01,1.501256942749023438e+00,3.990389779210090637e-02,-1.204520389437675476e-01,-2.547769248485565186e-02,1.478530406951904297e+00
-5.683240890502929688e+00,-1.710906744003295898e+00,6.496099829673767090e-01,-1.398834283463656902e-03,-1.974072307348251343e-02,-7.366681694984436035e-01,-6.759647727012634277e-01,-9.556736052036285400e-02,3.530687689781188965e-01,2.215174138545989990e-01,2.519445717334747314e-01,6.895764917135238647e-02,-3.637928068637847900e-01,-1.684689372777938843e-01,-2.209594696760177612e-01,-1.377581804990768433e-01,2.781127691268920898e-01,-1.249052733182907104e-01,1.661821901798248291e-01,-4.082645103335380554e-02,1.741827428340911865e-01,1.579127311706542969e-01,3.396877646446228027e-01,1.498183250427246094e+00,3.553222864866256714e-02,-1.313226819038391113e-01,-2.332892827689647675e-02,1.477634191513061523e+00
-5.698832035064697266e+00,-1.714538812637329102e+00,6.449435353279113770e-01,1.122105750255286694e-03,-1.690902560949325562e-02,-7.380098104476928711e-01,-6.745771169662475586e-01,-8.947772532701492310e-02,3.416096866130828857e-01,2.371284365653991699e-01,2.311932295560836792e-01,4.881562292575836182e-02,-3.422131240367889404e-01,-1.827987730503082275e-01,-2.430138438940048218e-01,-1.330878734588623047e-01,3.014761209487915039e-01,-1.301845014095306396e-01,1.932494342327117920e-01,-5.027008801698684692e-02,1.764991134405136108e-01,1.624995321035385132e-01,3.474333584308624268e-01,1.497559666633605957e+00,3.145282343029975891e-02,-1.428852379322052002e-01,-2.420160174369812012e-02,1.479459404945373535e+00
-5.716522216796875000e+00,-1.718435645103454590e+00,6.421115398406982422e-01,4.848226439207792282e-03,-1.302273944020271301e-02,-7.405421733856201172e-01,-6.718662381172180176e-01,-9.269674867391586304e-02,3.277250826358795166e-01,2.520328164100646973e-01,2.321504354476928711e-01,2.246028045192360878e-03,-3.129129111766815186e-01,-1.867663562297821045e-01,-2.646759152412414551e-01,-1.335118412971496582e-01,3.030265867710113525e-01,-1.203002855181694031e-01,2.240525037050247192e-01,-6.096681579947471619e-02,1.750438362360000610e-01,1.633875221014022827e-01,3.612580895423889160e-01,1.498213648796081543e+00,3.046331554651260376e-02,-1.552894413471221924e-01,-3.390113264322280884e-02,1.479629993438720703e+00
-5.735541343688964844e+00,-1.722767353057861328e+00,6.414228081703186035e-01,1.036239415407180786e-02,-8.062348701059818268e-03,-7.437020540237426758e-01,-6.683822870254516602e-01,-1.093977540731430054e-01,3.175353705883026123e-01,2.560683786869049072e-01,2.591378390789031982e-01,-5.016100034117698669e-02,-2.829665839672088623e-01,-1.824517548084259033e-01,-2.837267220020294189e-01,-1.387024223804473877e-01,2.833211719989776611e-01,-9.268081188201904297e-02,2.569422125816345215e-01,-7.046552002429962158e-02,1.634560674428939819e-01,1.633965820074081421e-01,3.678863346576690674e-01,1.503353118896484375e+00,3.456421568989753723e-02,-1.646092683076858521e-01,-6.209089979529380798e-02,1.477101683616638184e+00
-5.755203247070312500e+00,-1.727870225906372070e+00,6.405200958251953125e-01,1.499841175973415375e-02,-4.224571399390697479e-03,-7.472258806228637695e-01,-6.643874645233154297e-01,-1.489918977022171021e-01,3.066044449806213379e-01,2.440727353096008301e-01,3.271397352218627930e-01,-1.044262498617172241e-01,-2.521412670612335205e-01,-1.743835210800170898e-01,-3.058868050575256348e-01,-1.480164825916290283e-01,2.476792186498641968e-01,-3.688133507966995239e-02,2.902850806713104248e-01,-7.806678116321563721e-02,1.413200944662094116e-01,1.565848588943481445e-01,3.529498577117919922e-01,1.513409256935119629e+00,4.716744646430015564e-02,-1.700969040393829346e-01,-1.151755079627037048e-01,1.473251342773437500e+00
-5.773051261901855469e+00,-1.732920765876770020e+00,6.401813626289367676e-01,1.830871403217315674e-02,-1.959679182618856430e-03,-7.485312819480895996e-01,-6.628438234329223633e-01,-1.816351711750030518e-01,2.921857237815856934e-01,2.390941381454467773e-01,3.866142630577087402e-01,-1.474495679140090942e-01,-2.230585962533950806e-01,-1.702690124511718750e-01,-3.274799585342407227e-01,-1.583292335271835327e-01,2.018104344606399536e-01,5.506016314029693604e-02,3.183776140213012695e-01,-7.682320475578308105e-02,1.147568821907043457e-01,1.408435404300689697e-01,3.065837025642395020e-01,1.519235253334045410e+00,6.967491656541824341e-02,-1.713395565748214722e-01,-1.835256665945053101e-01,1.464282512664794922e+00
-5.790822505950927734e+00,-1.738308548927307129e+00,6.426871418952941895e-01,2.065653912723064423e-02,-1.080360816558822989e-04,-7.448493242263793945e-01,-6.669128537178039551e-01,-1.853379011154174805e-01,2.710460424423217773e-01,2.560283243656158447e-01,3.976367712020874023e-01,-1.641428917646408081e-01,-1.927341222763061523e-01,-1.782293766736984253e-01,-3.467164039611816406e-01,-1.719005405902862549e-01,1.655159890651702881e-01,1.649828255176544189e-01,3.177479207515716553e-01,-6.685307621955871582e-02,9.584114700555801392e-02,1.230529397726058960e-01,2.624624967575073242e-01,1.520174026489257812e+00,8.391175419092178345e-02,-1.693633049726486206e-01,-2.190813273191452026e-01,1.455409169197082520e+00
-5.807973384857177734e+00,-1.743888139724731445e+00,6.470158696174621582e-01,2.267502434551715851e-02,1.839861273765563965e-03,-7.382223010063171387e-01,-6.741737723350524902e-01,-1.733431965112686157e-01,2.469920963048934937e-01,2.836365699768066406e-01,3.786261081695556641e-01,-1.632052510976791382e-01,-1.627511382102966309e-01,-2.008003890514373779e-01,-3.597398102283477783e-01,-1.883204132318496704e-01,1.701375246047973633e-01,2.165818959474563599e-01,2.764957249164581299e-01,-6.076039001345634460e-02,9.365584701299667358e-02,1.043161749839782715e-01,2.545520663261413574e-01,1.514900565147399902e+00,8.100745081901550293e-02,-1.643196046352386475e-01,-2.131012529134750366e-01,1.451297521591186523e+00
-5.823826313018798828e+00,-1.749384880065917969e+00,6.520952582359313965e-01,2.547219395637512207e-02,4.456305410712957382e-03,-7.311565279960632324e-01,-6.817194819450378418e-01,-1.558601409196853638e-01,2.247740030288696289e-01,3.122189939022064209e-01,3.446530997753143311e-01,-1.534144580364227295e-01,-1.346176117658615112e-01,-2.301605790853500366e-01,-3.620097041130065918e-01,-2.100493460893630981e-01,2.167518287897109985e-01,1.914742141962051392e-01,2.246828675270080566e-01,-6.203985214233398438e-02,1.054372191429138184e-01,8.858903497457504272e-02,2.735056281089782715e-01,1.503498077392578125e+00,7.301842421293258667e-02,-1.551556885242462158e-01,-1.983470171689987183e-01,1.446928977966308594e+00
-5.837668895721435547e+00,-1.753801465034484863e+00,6.564598679542541504e-01,2.888397499918937683e-02,7.346086204051971436e-03,-7.250779271125793457e-01,-6.880216002464294434e-01,-1.379123777151107788e-01,2.060597836971282959e-01,3.369061052799224854e-01,3.062945008277893066e-01,-1.414144188165664673e-01,-1.107805967330932617e-01,-2.536875605583190918e-01,-3.548903167247772217e-01,-2.326313108205795288e-01,2.744609415531158447e-01,1.459740996360778809e-01,1.997557133436203003e-01,-6.966564804315567017e-02,1.203883364796638489e-01,7.861328125000000000e-02,2.825108468532562256e-01,1.488826274871826172e+00,6.637009233236312866e-02,-1.437983214855194092e-01,-1.897834241390228271e-01,1.440108180046081543e+00
-5.848722457885742188e+00,-1.758051514625549316e+00,6.600012779235839844e-01,3.245104104280471802e-02,1.055215578526258469e-02,-7.188947200775146484e-01,-6.942809224128723145e-01,-1.200591847300529480e-01,1.920255124568939209e-01,3.608947098255157471e-01,2.665396630764007568e-01,-1.277168691158294678e-01,-9.157041460275650024e-02,-2.716802358627319336e-01,-3.366433680057525635e-01,-2.430908530950546265e-01,3.318999111652374268e-01,1.004799604415893555e-01,1.941579580307006836e-01,-7.719240337610244751e-02,1.287561804056167603e-01,7.436159998178482056e-02,2.701846063137054443e-01,1.478518009185791016e+00,6.187373772263526917e-02,-1.328569203615188599e-01,-1.815764158964157104e-01,1.431836366653442383e+00
-5.857654094696044922e+00,-1.761990666389465332e+00,6.628956198692321777e-01,3.589028492569923401e-02,1.395311765372753143e-02,-7.128888964653015137e-01,-7.002189755439758301e-01,-1.035867482423782349e-01,1.815485507249832153e-01,3.826730549335479736e-01,2.290377467870712280e-01,-1.136925593018531799e-01,-7.607991248369216919e-02,-2.933244109153747559e-01,-3.077632188796997070e-01,-2.311669886112213135e-01,3.946481347084045410e-01,5.531496182084083557e-02,1.783712804317474365e-01,-8.262719213962554932e-02,1.266105920076370239e-01,7.446958869695663452e-02,2.435705810785293579e-01,1.475410461425781250e+00,5.973929911851882935e-02,-1.223252639174461365e-01,-1.710621714591979980e-01,1.422874808311462402e+00
-5.866006374359130859e+00,-1.765122771263122559e+00,6.653531789779663086e-01,3.927282616496086121e-02,1.765674166381359100e-02,-7.070041894912719727e-01,-7.058972716331481934e-01,-8.722840249538421631e-02,1.724727898836135864e-01,4.026005864143371582e-01,1.941846758127212524e-01,-1.019547134637832642e-01,-6.233507767319679260e-02,-3.156894743442535400e-01,-2.690768241882324219e-01,-2.084032893180847168e-01,4.558134973049163818e-01,1.863856613636016846e-02,1.558058857917785645e-01,-8.528316766023635864e-02,1.185190007090568542e-01,7.709057629108428955e-02,2.194167971611022949e-01,1.477967143058776855e+00,6.017702817916870117e-02,-1.116845831274986267e-01,-1.633035838603973389e-01,1.416142702102661133e+00
-5.873510360717773438e+00,-1.767471194267272949e+00,6.672741174697875977e-01,4.244679957628250122e-02,2.139460667967796326e-02,-7.016909122467041016e-01,-7.108941078186035156e-01,-7.295130938291549683e-02,1.648069173097610474e-01,4.194839894771575928e-01,1.655351072549819946e-01,-9.417748451232910156e-02,-5.043853074312210083e-02,-3.262171447277069092e-01,-2.258781343698501587e-01,-1.945119351148605347e-01,4.957538843154907227e-01,-5.185367539525032043e-03,1.476749926805496216e-01,-8.831643313169479370e-02,1.071611270308494568e-01,8.096742630004882812e-02,2.010374218225479126e-01,1.483970999717712402e+00,6.119052320718765259e-02,-1.014145389199256897e-01,-1.589810699224472046e-01,1.414325714111328125e+00
-5.880047798156738281e+00,-1.769556879997253418e+00,6.686154007911682129e-01,4.490515217185020447e-02,2.454788237810134888e-02,-6.966829895973205566e-01,-7.155513763427734375e-01,-5.960591137409210205e-02,1.578080505132675171e-01,4.354152381420135498e-01,1.411373168230056763e-01,-9.034004062414169312e-02,-4.012983292341232300e-02,-3.245308399200439453e-01,-1.794293671846389771e-01,-1.848297119140625000e-01,5.138588547706604004e-01,-2.216185629367828369e-02,1.498933434486389160e-01,-8.908794075250625610e-02,9.480708837509155273e-02,8.465266972780227661e-02,1.883113384246826172e-01,1.490433454513549805e+00,6.140809133648872375e-02,-9.222175180912017822e-02,-1.556420475244522095e-01,1.416000843048095703e+00
-5.885358810424804688e+00,-1.771169543266296387e+00,6.695998907089233398e-01,4.653071239590644836e-02,2.725872024893760681e-02,-6.927358508110046387e-01,-7.191723585128784180e-01,-4.827512800693511963e-02,1.509142667055130005e-01,4.473778009414672852e-01,1.208077818155288696e-01,-8.726110309362411499e-02,-3.150052204728126526e-02,-3.157412409782409668e-01,-1.321379244327545166e-01,-1.780727803707122803e-01,5.162950754165649414e-01,-3.645457327365875244e-02,1.433200240135192871e-01,-9.001354128122329712e-02,8.063167333602905273e-02,8.812150359153747559e-02,1.788154542446136475e-01,1.496795892715454102e+00,6.097345054149627686e-02,-8.270771801471710205e-02,-1.506274044513702393e-01,1.420311689376831055e+00
-5.890038490295410156e+00,-1.772492885589599609e+00,6.700827479362487793e-01,4.763189703226089478e-02,2.921026572585105896e-02,-6.908710598945617676e-01,-7.208155989646911621e-01,-4.162277653813362122e-02,1.447989791631698608e-01,4.526791870594024658e-01,1.064158603549003601e-01,-8.351167291402816772e-02,-2.406042069196701050e-02,-2.999634742736816406e-01,-8.519247174263000488e-02,-1.798861622810363770e-01,5.040110349655151367e-01,-5.171959102153778076e-02,1.218868046998977661e-01,-9.266383200883865356e-02,6.561934947967529297e-02,9.068413078784942627e-02,1.725878268480300903e-01,1.502951025962829590e+00,6.068464741110801697e-02,-7.370046526193618774e-02,-1.455203443765640259e-01,1.426744222640991211e+00
-5.893784523010253906e+00,-1.773614525794982910e+00,6.703017950057983398e-01,4.807974770665168762e-02,3.053049556910991669e-02,-6.915459036827087402e-01,-7.200836539268493652e-01,-3.975187614560127258e-02,1.391905099153518677e-01,4.505913853645324707e-01,9.783931076526641846e-02,-7.985098659992218018e-02,-1.697271503508090973e-02,-2.767803370952606201e-01,-3.977428004145622253e-02,-1.866030991077423096e-01,4.777411222457885742e-01,-7.244332134723663330e-02,9.232992678880691528e-02,-9.773521125316619873e-02,5.028964579105377197e-02,9.073676913976669312e-02,1.717828214168548584e-01,1.507936954498291016e+00,6.222732365131378174e-02,-6.432759761810302734e-02,-1.413153111934661865e-01,1.433055162429809570e+00
-5.897471904754638672e+00,-1.774774670600891113e+00,6.701268553733825684e-01,4.757729545235633850e-02,3.100423142313957214e-02,-6.937097907066345215e-01,-7.180124521255493164e-01,-3.850333392620086670e-02,1.308413892984390259e-01,4.447160363197326660e-01,8.800949901342391968e-02,-7.340852916240692139e-02,-9.941039606928825378e-03,-2.491943091154098511e-01,5.884474143385887146e-03,-1.874057352542877197e-01,4.378272294998168945e-01,-9.820170700550079346e-02,5.799148604273796082e-02,-1.017395779490470886e-01,3.545710444450378418e-02,8.843941241502761841e-02,1.721774041652679443e-01,1.510426878929138184e+00,6.586722284555435181e-02,-5.530671775341033936e-02,-1.407761573791503906e-01,1.439217209815979004e+00
-5.901395797729492188e+00,-1.775527596473693848e+00,6.696580052375793457e-01,4.583037644624710083e-02,3.042152710258960724e-02,-6.958596706390380859e-01,-7.160680294036865234e-01,-3.608712181448936462e-02,1.191029846668243408e-01,4.395004510879516602e-01,7.839643955230712891e-02,-6.777280569076538086e-02,-2.900145482271909714e-03,-2.202224731445312500e-01,5.051668733358383179e-02,-1.724079549312591553e-01,3.878152668476104736e-01,-1.213174164295196533e-01,2.239025756716728210e-02,-9.962397813796997070e-02,1.982943341135978699e-02,8.476872742176055908e-02,1.671863347291946411e-01,1.509189486503601074e+00,6.939700990915298462e-02,-4.763996228575706482e-02,-1.416605561971664429e-01,1.447074413299560547e+00
-5.904006004333496094e+00,-1.775118350982666016e+00,6.680372357368469238e-01,4.162156954407691956e-02,2.741813100874423981e-02,-6.971944570541381836e-01,-7.151473760604858398e-01,-3.668674454092979431e-02,1.030005067586898804e-01,4.357280433177947998e-01,8.124063909053802490e-02,-6.869059801101684570e-02,2.845974173396825790e-03,-1.895162463188171387e-01,9.050510823726654053e-02,-1.331628412008285522e-01,3.210207223892211914e-01,-1.242091879248619080e-01,-1.393722277134656906e-02,-9.072806686162948608e-02,7.490756921470165253e-03,7.786709070205688477e-02,1.608036905527114868e-01,1.500318169593811035e+00,6.941588222980499268e-02,-4.279876127839088440e-02,-1.363156735897064209e-01,1.456174373626708984e+00
-5.906701564788818359e+00,-1.774569869041442871e+00,6.661269068717956543e-01,3.628684207797050476e-02,2.313397079706192017e-02,-6.984153985977172852e-01,-7.143976688385009766e-01,-4.169074445962905884e-02,8.768585324287414551e-02,4.317205548286437988e-01,9.647853672504425049e-02,-7.603858411312103271e-02,7.075526751577854156e-03,-1.624393612146377563e-01,1.130820736289024353e-01,-9.472680091857910156e-02,2.590518295764923096e-01,-1.128003671765327454e-01,-4.077005386352539062e-02,-8.114092797040939331e-02,7.683667936362326145e-04,6.998297572135925293e-02,1.561193168163299561e-01,1.486418128013610840e+00,6.766087561845779419e-02,-4.102440923452377319e-02,-1.269710361957550049e-01,1.463431119918823242e+00
-5.908924102783203125e+00,-1.773059725761413574e+00,6.632422208786010742e-01,2.930838428437709808e-02,1.681383326649665833e-02,-7.000197768211364746e-01,-7.133236527442932129e-01,-5.668560415506362915e-02,7.174301892518997192e-02,4.244266450405120850e-01,1.387547850608825684e-01,-1.001114323735237122e-01,1.036240160465240479e-02,-1.485069692134857178e-01,1.088924854993820190e-01,-7.325261086225509644e-02,2.221375703811645508e-01,-1.027572154998779297e-01,-5.164874717593193054e-02,-6.860934942960739136e-02,-3.522922052070498466e-03,6.217819079756736755e-02,1.519728004932403564e-01,1.468915462493896484e+00,6.396584957838058472e-02,-4.280996322631835938e-02,-1.162822693586349487e-01,1.468875765800476074e+00
-5.911941528320312500e+00,-1.771437644958496094e+00,6.603547334671020508e-01,2.263471856713294983e-02,1.016611792147159576e-02,-7.002168297767639160e-01,-7.134989500045776367e-01,-7.824324071407318115e-02,5.793925374746322632e-02,4.188828170299530029e-01,1.979688555002212524e-01,-1.347762644290924072e-01,1.456848718225955963e-02,-1.498023718595504761e-01,9.310051798820495605e-02,-6.221696734428405762e-02,2.107996791601181030e-01,-9.439072012901306152e-02,-5.344529449939727783e-02,-4.607378318905830383e-02,-8.985454216599464417e-03,5.789182707667350769e-02,1.502076536417007446e-01,1.456615447998046875e+00,6.006509810686111450e-02,-4.373688623309135437e-02,-1.079654395580291748e-01,1.473574876785278320e+00
-5.914493560791015625e+00,-1.771175622940063477e+00,6.578051447868347168e-01,1.771722361445426941e-02,4.453336820006370544e-03,-6.948235630989074707e-01,-7.189481854438781738e-01,-9.928563237190246582e-02,4.988482967019081116e-02,4.225677251815795898e-01,2.539350688457489014e-01,-1.647036373615264893e-01,1.660103537142276764e-02,-1.659023165702819824e-01,8.038527518510818481e-02,-4.165390133857727051e-02,2.243068516254425049e-01,-9.249794483184814453e-02,-5.386482551693916321e-02,-7.832726463675498962e-03,-5.343105643987655640e-03,5.341095849871635437e-02,1.630033999681472778e-01,1.442495942115783691e+00,5.679643899202346802e-02,-4.300276935100555420e-02,-9.509707987308502197e-02,1.470702528953552246e+00
-5.916939735412597656e+00,-1.771834015846252441e+00,6.563674807548522949e-01,1.399970892816781998e-02,-1.095232088118791580e-03,-6.887564659118652344e-01,-7.248567342758178711e-01,-1.243356838822364807e-01,4.897053912281990051e-02,4.190950393676757812e-01,3.096782863140106201e-01,-1.899410337209701538e-01,1.425384078174829483e-02,-1.846951842308044434e-01,6.819995492696762085e-02,-2.188557572662830353e-02,2.421394437551498413e-01,-9.278445690870285034e-02,-5.196138098835945129e-02,1.891591586172580719e-02,1.344827190041542053e-02,4.674519598484039307e-02,2.001024484634399414e-01,1.422719120979309082e+00,4.719930887222290039e-02,-4.384683072566986084e-02,-6.594645977020263672e-02,1.462689042091369629e+00
-5.919704437255859375e+00,-1.772559762001037598e+00,6.565226316452026367e-01,9.949858300387859344e-03,-6.691380869597196579e-03,-6.872282028198242188e-01,-7.263426780700683594e-01,-1.574418097734451294e-01,5.314781516790390015e-02,3.893806338310241699e-01,3.719276487827301025e-01,-2.081167995929718018e-01,6.366192828863859177e-03,-1.931208670139312744e-01,5.206112936139106750e-02,-1.485389843583106995e-02,2.448873370885848999e-01,-8.866811543703079224e-02,-4.837589338421821594e-02,2.477283217012882233e-02,3.439951688051223755e-02,3.849129006266593933e-02,2.318068444728851318e-01,1.406004071235656738e+00,3.380746394395828247e-02,-4.759109392762184143e-02,-4.102359712123870850e-02,1.455991268157958984e+00
-5.923919200897216797e+00,-1.773247241973876953e+00,6.577891707420349121e-01,5.383248906582593918e-03,-1.166651025414466858e-02,-6.887688636779785156e-01,-7.248671650886535645e-01,-1.911604553461074829e-01,6.147021055221557617e-02,3.495073318481445312e-01,4.322460293769836426e-01,-2.154937982559204102e-01,-8.357834070920944214e-03,-1.911573559045791626e-01,3.091240115463733673e-02,-1.556302420794963837e-02,2.338541895151138306e-01,-8.029243350028991699e-02,-4.141566902399063110e-02,2.380835637450218201e-02,4.946717992424964905e-02,3.391131386160850525e-02,2.325228601694107056e-01,1.398559212684631348e+00,2.695801481604576111e-02,-5.130006000399589539e-02,-3.952414914965629578e-02,1.446801066398620605e+00
-5.928243637084960938e+00,-1.773203134536743164e+00,6.595494747161865234e-01,8.224715129472315311e-04,-1.637590490281581879e-02,-6.895824670791625977e-01,-7.240215539932250977e-01,-2.168859243392944336e-01,7.561305165290832520e-02,3.172350525856018066e-01,4.791781902313232422e-01,-2.083304673433303833e-01,-3.268664330244064331e-02,-1.836906373500823975e-01,9.665655903518199921e-03,-1.498109381645917892e-02,2.138987332582473755e-01,-6.812942028045654297e-02,-3.318196907639503479e-02,2.440705895423889160e-02,6.216801330447196960e-02,2.840161696076393127e-02,2.241066396236419678e-01,1.397263050079345703e+00,2.577928826212882996e-02,-5.728143453598022461e-02,-4.416589438915252686e-02,1.433912873268127441e+00
-5.932479858398437500e+00,-1.772392272949218750e+00,6.612402796745300293e-01,-3.184878267347812653e-03,-2.031034231185913086e-02,-6.891934871673583984e-01,-7.242856621742248535e-01,-2.303342074155807495e-01,9.588409215211868286e-02,2.931199371814727783e-01,5.074064731597900391e-01,-1.896211206912994385e-01,-6.426943838596343994e-02,-1.737622916698455811e-01,-8.700029924511909485e-03,-1.282768137753009796e-02,1.919587850570678711e-01,-5.533451214432716370e-02,-2.571672759950160980e-02,2.448135986924171448e-02,7.752642780542373657e-02,2.338180318474769592e-02,2.325998246669769287e-01,1.402753829956054688e+00,2.494741976261138916e-02,-6.381575018167495728e-02,-4.106312990188598633e-02,1.420175671577453613e+00
-5.937060356140136719e+00,-1.771705389022827148e+00,6.626683473587036133e-01,-6.427323445677757263e-03,-2.335252240300178528e-02,-6.882545948028564453e-01,-7.250648140907287598e-01,-2.337505817413330078e-01,1.191113367676734924e-01,2.740413844585418701e-01,5.183487534523010254e-01,-1.635524630546569824e-01,-9.917788952589035034e-02,-1.656034290790557861e-01,-2.402592077851295471e-02,-9.553245268762111664e-03,1.741552352905273438e-01,-4.445505142211914062e-02,-1.888222992420196533e-02,2.349785901606082916e-02,9.274286776781082153e-02,1.972040906548500061e-02,2.512753009796142578e-01,1.411442160606384277e+00,2.298264205455780029e-02,-7.031869143247604370e-02,-3.317165002226829529e-02,1.409960746765136719e+00
-5.944270133972167969e+00,-1.771258592605590820e+00,6.644313931465148926e-01,-1.008083764463663101e-02,-2.658587507903575897e-02,-6.868584752082824707e-01,-7.262347936630249023e-01,-2.326076775789260864e-01,1.512501686811447144e-01,2.488907426595687866e-01,5.228322148323059082e-01,-1.266814023256301880e-01,-1.469982713460922241e-01,-1.558340340852737427e-01,-4.263658449053764343e-02,-5.351656582206487656e-03,1.528423577547073364e-01,-3.103388659656047821e-02,-9.656309150159358978e-03,2.147217281162738800e-02,1.138376444578170776e-01,1.675330102443695068e-02,2.785120010375976562e-01,1.424014091491699219e+00,1.912827976047992706e-02,-7.876024395227432251e-02,-2.142233401536941528e-02,1.398863196372985840e+00
-5.947267055511474609e+00,-1.770527958869934082e+00,6.646631360054016113e-01,-1.144715491682291031e-02,-2.724808268249034882e-02,-6.863980889320373535e-01,-7.266252040863037109e-01,-2.226302474737167358e-01,1.709764599800109863e-01,2.344768196344375610e-01,5.079945921897888184e-01,-1.013199985027313232e-01,-1.758166402578353882e-01,-1.522034555673599243e-01,-5.224629864096641541e-02,-3.922223579138517380e-03,1.456957459449768066e-01,-2.569532953202724457e-02,-2.630637725815176964e-03,1.800913177430629730e-02,1.243435516953468323e-01,2.052733674645423889e-02,2.872462570667266846e-01,1.431980133056640625e+00,1.680209860205650330e-02,-8.363042771816253662e-02,-1.924178004264831543e-02,1.397016048431396484e+00
-5.952557086944580078e+00,-1.769039750099182129e+00,6.648300886154174805e-01,-1.286376640200614929e-02,-2.783004567027091980e-02,-6.858258247375488281e-01,-7.271196246147155762e-01,-2.015946507453918457e-01,1.972641944885253906e-01,2.167509496212005615e-01,4.728465080261230469e-01,-6.531703472137451172e-02,-2.137334346771240234e-01,-1.482162475585937500e-01,-6.617626547813415527e-02,-2.625601133331656456e-03,1.403295546770095825e-01,-2.115396223962306976e-02,8.550129830837249756e-03,1.490560267120599747e-02,1.336696147918701172e-01,2.669093385338783264e-02,2.893788516521453857e-01,1.444052815437316895e+00,1.682905480265617371e-02,-9.105278551578521729e-02,-2.084093354642391205e-02,1.396776556968688965e+00
-5.959049701690673828e+00,-1.767098784446716309e+00,6.646491885185241699e-01,-1.459552720189094543e-02,-2.815769612789154053e-02,-6.857631802558898926e-01,-7.271333932876586914e-01,-1.736913323402404785e-01,2.236566543579101562e-01,2.020863294601440430e-01,4.247189164161682129e-01,-2.832779474556446075e-02,-2.512192428112030029e-01,-1.456870734691619873e-01,-8.206955343484878540e-02,-2.694159746170043945e-03,1.430518925189971924e-01,-2.271790802478790283e-02,2.128214947879314423e-02,1.180098298937082291e-02,1.407639086246490479e-01,3.044437430799007416e-02,2.878532707691192627e-01,1.456315398216247559e+00,1.852245815098285675e-02,-1.002949029207229614e-01,-2.352138422429561615e-02,1.398349046707153320e+00
-5.966309070587158203e+00,-1.766023635864257812e+00,6.639399528503417969e-01,-1.597686298191547394e-02,-2.827551029622554779e-02,-6.869192123413085938e-01,-7.260077595710754395e-01,-1.441060453653335571e-01,2.473130226135253906e-01,1.985582560300827026e-01,3.750354051589965820e-01,2.092097187414765358e-03,-2.756924331188201904e-01,-1.502475589513778687e-01,-9.769780188798904419e-02,-4.765245132148265839e-03,1.613546758890151978e-01,-3.326530009508132935e-02,3.435541316866874695e-02,5.714302882552146912e-03,1.470194905996322632e-01,3.293092548847198486e-02,2.877912521362304688e-01,1.466373562812805176e+00,1.937036961317062378e-02,-1.108913794159889221e-01,-2.402567863464355469e-02,1.403335452079772949e+00
-5.973736763000488281e+00,-1.765268087387084961e+00,6.625533699989318848e-01,-1.690384000539779663e-02,-2.796406671404838562e-02,-6.881403923034667969e-01,-7.248414158821105957e-01,-1.120931208133697510e-01,2.698923647403717041e-01,2.191711813211441040e-01,3.263665735721588135e-01,2.562425471842288971e-02,-2.848233580589294434e-01,-1.628239005804061890e-01,-1.123477816581726074e-01,-5.321446806192398071e-03,1.967474520206451416e-01,-5.304638668894767761e-02,4.747928678989410400e-02,-2.185885387007147074e-04,1.522219181060791016e-01,3.501191735267639160e-02,2.903508543968200684e-01,1.473334908485412598e+00,1.989462226629257202e-02,-1.219387054443359375e-01,-2.661158703267574310e-02,1.410119175910949707e+00
-5.982077121734619141e+00,-1.765898585319519043e+00,6.601790785789489746e-01,-1.706081815063953400e-02,-2.745422720909118652e-02,-6.890519261360168457e-01,-7.239907979965209961e-01,-8.085589855909347534e-02,2.901460230350494385e-01,2.578999698162078857e-01,2.825132906436920166e-01,4.225290939211845398e-02,-2.843023538589477539e-01,-1.859293580055236816e-01,-1.265138238668441772e-01,-2.884212182834744453e-03,2.485084980726242065e-01,-8.011602610349655151e-02,6.161676719784736633e-02,-4.249300342053174973e-03,1.563109904527664185e-01,3.693631663918495178e-02,2.928507626056671143e-01,1.477954030036926270e+00,2.134125679731369019e-02,-1.342471837997436523e-01,-3.398597985506057739e-02,1.417045474052429199e+00
-5.991328716278076172e+00,-1.766762018203735352e+00,6.569389700889587402e-01,-1.649469323456287384e-02,-2.681389264762401581e-02,-6.904200911521911621e-01,-7.227233648300170898e-01,-5.152215436100959778e-02,3.062793612480163574e-01,3.108934164047241211e-01,2.450368553400039673e-01,5.082407966256141663e-02,-2.749776542186737061e-01,-2.136946320533752441e-01,-1.414188146591186523e-01,3.017140261363238096e-04,3.088468313217163086e-01,-1.126713082194328308e-01,7.786891609430313110e-02,-1.036977581679821014e-02,1.589572578668594360e-01,3.999111428856849670e-02,2.957074046134948730e-01,1.480623126029968262e+00,2.201193384826183319e-02,-1.474565267562866211e-01,-3.947247564792633057e-02,1.422033905982971191e+00
-6.001580238342285156e+00,-1.768570542335510254e+00,6.528745889663696289e-01,-1.556117646396160126e-02,-2.600643783807754517e-02,-6.924806833267211914e-01,-7.207995653152465820e-01,-2.612979151308536530e-02,3.163078129291534424e-01,3.686668276786804199e-01,2.140860408544540405e-01,5.242600291967391968e-02,-2.616101503372192383e-01,-2.438002079725265503e-01,-1.577928960323333740e-01,3.261522157117724419e-03,3.711289465427398682e-01,-1.461953520774841309e-01,9.606868028640747070e-02,-1.701113954186439514e-02,1.594497710466384888e-01,4.552634805440902710e-02,2.934299111366271973e-01,1.480870723724365234e+00,2.282427810132503510e-02,-1.618345081806182861e-01,-4.415925964713096619e-02,1.425504565238952637e+00
-6.013108730316162109e+00,-1.771241426467895508e+00,6.484572291374206543e-01,-1.370520982891321182e-02,-2.447602525353431702e-02,-6.961215138435363770e-01,-7.173756957054138184e-01,-1.009218953549861908e-02,3.220274448394775391e-01,4.178359210491180420e-01,1.920974701642990112e-01,4.851939901709556580e-02,-2.438791990280151367e-01,-2.707866430282592773e-01,-1.749618351459503174e-01,3.582313656806945801e-03,4.259146749973297119e-01,-1.770319044589996338e-01,1.164031624794006348e-01,-2.487758919596672058e-02,1.560799926519393921e-01,5.423000454902648926e-02,2.870777249336242676e-01,1.481980443000793457e+00,2.309773303568363190e-02,-1.761908829212188721e-01,-5.011068284511566162e-02,1.431517004966735840e+00
-6.027081489562988281e+00,-1.773929119110107422e+00,6.437861323356628418e-01,-1.124338433146476746e-02,-2.219995483756065369e-02,-7.018627524375915527e-01,-7.118774056434631348e-01,-4.722464829683303833e-03,3.212512731552124023e-01,4.489088356494903564e-01,1.765883415937423706e-01,3.781856968998908997e-02,-2.428743690252304077e-01,-2.874336540699005127e-01,-1.963760405778884888e-01,-1.849341671913862228e-03,4.638182222843170166e-01,-1.992781311273574829e-01,1.416340619325637817e-01,-3.675351291894912720e-02,1.497300416231155396e-01,6.379902362823486328e-02,2.850912213325500488e-01,1.484713792800903320e+00,2.291982620954513550e-02,-1.912750750780105591e-01,-5.814747884869575500e-02,1.440302729606628418e+00
-6.042963027954101562e+00,-1.776761651039123535e+00,6.402810215950012207e-01,-7.867209613323211670e-03,-1.897829957306385040e-02,-7.096605300903320312e-01,-7.042441964149475098e-01,-1.246972288936376572e-02,3.138404488563537598e-01,4.535006880760192871e-01,1.649649739265441895e-01,2.315524220466613770e-02,-2.575005888938903809e-01,-2.931811213493347168e-01,-2.203223109245300293e-01,-1.508539915084838867e-02,4.821313023567199707e-01,-2.086649984121322632e-01,1.697984933853149414e-01,-4.896831884980201721e-02,1.405451446771621704e-01,7.294631749391555786e-02,2.859784662723541260e-01,1.489183068275451660e+00,2.766998484730720520e-02,-2.049707323312759399e-01,-7.779943943023681641e-02,1.449339866638183594e+00
-6.061466217041015625e+00,-1.780554533004760742e+00,6.395664215087890625e-01,-3.411164740100502968e-03,-1.465259492397308350e-02,-7.168252468109130859e-01,-6.970905661582946777e-01,-3.008116036653518677e-02,3.063407540321350098e-01,4.437978565692901611e-01,1.709490269422531128e-01,7.562364451587200165e-03,-2.603487074375152588e-01,-2.884354293346405029e-01,-2.455963492393493652e-01,-2.809722162783145905e-02,4.709680676460266113e-01,-1.947183907032012939e-01,2.028411626815795898e-01,-5.682072043418884277e-02,1.273674368858337402e-01,7.837363332509994507e-02,2.937006652355194092e-01,1.495519876480102539e+00,3.572812676429748535e-02,-2.151192575693130493e-01,-1.050464436411857605e-01,1.458024501800537109e+00
-6.079460620880126953e+00,-1.785157442092895508e+00,6.404305696487426758e-01,1.015288056805729866e-03,-1.051199622452259064e-02,-7.235449552536010742e-01,-6.901964545249938965e-01,-6.109416857361793518e-02,2.987738847732543945e-01,4.257247745990753174e-01,2.093263864517211914e-01,-1.915019191801548004e-02,-2.465857714414596558e-01,-2.739352881908416748e-01,-2.679502964019775391e-01,-4.176219925284385681e-02,4.309285581111907959e-01,-1.533512473106384277e-01,2.339865267276763916e-01,-6.345451623201370239e-02,1.110510230064392090e-01,7.856420427560806274e-02,2.930198907852172852e-01,1.503860950469970703e+00,4.623249918222427368e-02,-2.192382961511611938e-01,-1.408389657735824585e-01,1.466884732246398926e+00
-6.095949649810791016e+00,-1.790487527847290039e+00,6.418774724006652832e-01,4.231964237987995148e-03,-7.352878805249929428e-03,-7.291679978370666504e-01,-6.842821240425109863e-01,-9.114509820938110352e-02,2.862790524959564209e-01,4.102087914943695068e-01,2.478241622447967529e-01,-4.443190619349479675e-02,-2.251596003770828247e-01,-2.521111965179443359e-01,-2.891229987144470215e-01,-5.737113207578659058e-02,3.627675473690032959e-01,-7.543342560529708862e-02,2.619172930717468262e-01,-6.785044074058532715e-02,9.457242488861083984e-02,7.398018985986709595e-02,2.582081556320190430e-01,1.504972457885742188e+00,6.544348597526550293e-02,-2.186904996633529663e-01,-1.880150437355041504e-01,1.466552615165710449e+00
-6.111904621124267578e+00,-1.795934438705444336e+00,6.443989872932434082e-01,6.367001682519912720e-03,-5.415114574134349823e-03,-7.325466275215148926e-01,-6.806655526161193848e-01,-1.055451631546020508e-01,2.650591135025024414e-01,4.048070609569549561e-01,2.563374638557434082e-01,-5.474520474672317505e-02,-2.004234641790390015e-01,-2.292852103710174561e-01,-3.095258772373199463e-01,-7.952821254730224609e-02,2.831181883811950684e-01,3.375913947820663452e-02,2.863593399524688721e-01,-7.108554244041442871e-02,8.087071031332015991e-02,6.750639528036117554e-02,2.031056284904479980e-01,1.499336957931518555e+00,8.209557086229324341e-02,-2.171177715063095093e-01,-2.191345840692520142e-01,1.458479762077331543e+00
-6.127925395965576172e+00,-1.801112532615661621e+00,6.475167274475097656e-01,7.658324204385280609e-03,-4.069018643349409103e-03,-7.332883477210998535e-01,-6.798624396324157715e-01,-1.081000119447708130e-01,2.384674847126007080e-01,4.078476727008819580e-01,2.467122226953506470e-01,-5.663266405463218689e-02,-1.739028543233871460e-01,-2.165069580078125000e-01,-3.290077447891235352e-01,-1.145474389195442200e-01,2.313003540039062500e-01,1.284589618444442749e-01,2.889288067817687988e-01,-7.395859062671661377e-02,7.282865792512893677e-02,5.957423523068428040e-02,1.628543138504028320e-01,1.494359850883483887e+00,8.761908859014511108e-02,-2.136209160089492798e-01,-2.218263894319534302e-01,1.451449513435363770e+00
-6.143787860870361328e+00,-1.806450128555297852e+00,6.511834859848022461e-01,9.342262521386146545e-03,-2.598395105451345444e-03,-7.327464222908020020e-01,-6.804327368736267090e-01,-1.070889756083488464e-01,2.114925384521484375e-01,4.131498932838439941e-01,2.300925403833389282e-01,-5.475946888327598572e-02,-1.465468704700469971e-01,-2.165032029151916504e-01,-3.430313766002655029e-01,-1.609914004802703857e-01,2.257548719644546509e-01,1.718651652336120605e-01,2.550883889198303223e-01,-8.039599657058715820e-02,7.405246049165725708e-02,5.398122221231460571e-02,1.549382507801055908e-01,1.489113807678222656e+00,8.689780533313751221e-02,-2.050855755805969238e-01,-2.229517102241516113e-01,1.447250604629516602e+00
-6.158776283264160156e+00,-1.811801552772521973e+00,6.549586653709411621e-01,1.154669001698493958e-02,-8.431695168837904930e-04,-7.318813204765319824e-01,-6.813337206840515137e-01,-1.019966527819633484e-01,1.851306855678558350e-01,4.196999073028564453e-01,2.029461562633514404e-01,-4.689316451549530029e-02,-1.198358237743377686e-01,-2.269755005836486816e-01,-3.479707241058349609e-01,-2.049544900655746460e-01,2.632087469100952148e-01,1.589901149272918701e-01,2.064075171947479248e-01,-8.816709369421005249e-02,8.060184866189956665e-02,5.348638817667961121e-02,1.600603461265563965e-01,1.481690406799316406e+00,8.705793321132659912e-02,-1.927684694528579712e-01,-2.339905053377151489e-01,1.443502187728881836e+00
-6.172421455383300781e+00,-1.817174553871154785e+00,6.584987044334411621e-01,1.364593487232923508e-02,7.312724483199417591e-04,-7.310701012611389160e-01,-6.821655035018920898e-01,-9.435567259788513184e-02,1.598030626773834229e-01,4.259962439537048340e-01,1.682630479335784912e-01,-3.288081288337707520e-02,-9.529405087232589722e-02,-2.406676560640335083e-01,-3.441605567932128906e-01,-2.378625273704528809e-01,3.223057091236114502e-01,1.132442131638526917e-01,1.597549468278884888e-01,-9.524372220039367676e-02,8.316072076559066772e-02,5.766164138913154602e-02,1.549646705389022827e-01,1.477114200592041016e+00,8.916376531124114990e-02,-1.774045377969741821e-01,-2.478947192430496216e-01,1.440524220466613770e+00
-6.183118343353271484e+00,-1.821989417076110840e+00,6.610456109046936035e-01,1.574744470417499542e-02,2.195305656641721725e-03,-7.299700379371643066e-01,-6.832941770553588867e-01,-8.854654431343078613e-02,1.399251222610473633e-01,4.317257404327392578e-01,1.383842229843139648e-01,-1.972015388309955597e-02,-7.535169273614883423e-02,-2.519341707229614258e-01,-3.258410096168518066e-01,-2.538771927356719971e-01,3.834740221500396729e-01,5.400963872671127319e-02,1.234422996640205383e-01,-9.922683238983154297e-02,7.684666663408279419e-02,6.362367421388626099e-02,1.387541443109512329e-01,1.479472041130065918e+00,8.927128463983535767e-02,-1.610838621854782104e-01,-2.536764442920684814e-01,1.440781354904174805e+00
-6.192474365234375000e+00,-1.826248884201049805e+00,6.628463864326477051e-01,1.748679950833320618e-02,3.644325770437717438e-03,-7.279818654060363770e-01,-6.853636503219604492e-01,-8.288276195526123047e-02,1.238630712032318115e-01,4.379462003707885742e-01,1.132266893982887268e-01,-8.900380693376064301e-03,-5.893662571907043457e-02,-2.607956826686859131e-01,-2.938807606697082520e-01,-2.508123517036437988e-01,4.325852096080780029e-01,5.327508551999926567e-04,1.027756035327911377e-01,-9.941116720438003540e-02,6.569115072488784790e-02,6.893162429332733154e-02,1.247295290231704712e-01,1.485693335533142090e+00,8.702392876148223877e-02,-1.428987383842468262e-01,-2.502676844596862793e-01,1.444065570831298828e+00
-6.200407981872558594e+00,-1.829028964042663574e+00,6.641109585762023926e-01,1.886395737528800964e-02,4.979712422937154770e-03,-7.251581549644470215e-01,-6.883059144020080566e-01,-7.517924159765243530e-02,1.099366620182991028e-01,4.459898471832275391e-01,9.114985167980194092e-02,-1.346245873719453812e-03,-4.557172209024429321e-02,-2.637180089950561523e-01,-2.463944405317306519e-01,-2.408887147903442383e-01,4.619960188865661621e-01,-4.330619052052497864e-02,9.147846698760986328e-02,-9.666627645492553711e-02,5.566717311739921570e-02,7.218022644519805908e-02,1.219546347856521606e-01,1.491702914237976074e+00,8.348125219345092773e-02,-1.229339390993118286e-01,-2.434787154197692871e-01,1.451723575592041016e+00
-6.207688808441162109e+00,-1.830836892127990723e+00,6.649861335754394531e-01,2.011480927467346191e-02,6.315901875495910645e-03,-7.213050127029418945e-01,-6.922966241836547852e-01,-6.583119183778762817e-02,9.771018475294113159e-02,4.567381441593170166e-01,7.178115844726562500e-02,3.135760780423879623e-03,-3.449629992246627808e-02,-2.581433355808258057e-01,-1.895243525505065918e-01,-2.315602451562881470e-01,4.698184132575988770e-01,-8.080413192510604858e-02,8.853168785572052002e-02,-9.237307310104370117e-02,4.855900630354881287e-02,7.424660027027130127e-02,1.265238076448440552e-01,1.494683742523193359e+00,7.588683068752288818e-02,-1.013021990656852722e-01,-2.324632108211517334e-01,1.463919162750244141e+00
-6.213809967041015625e+00,-1.831949949264526367e+00,6.656847000122070312e-01,2.104122005403041840e-02,7.684578653424978256e-03,-7.168217301368713379e-01,-6.968965530395507812e-01,-5.614965409040451050e-02,8.759319782257080078e-02,4.691156446933746338e-01,5.544820427894592285e-02,5.534760653972625732e-03,-2.569152414798736572e-02,-2.463179975748062134e-01,-1.243590116500854492e-01,-2.202171087265014648e-01,4.610775709152221680e-01,-1.170020997524261475e-01,6.890295445919036865e-02,-8.806283026933670044e-02,4.345989227294921875e-02,7.541798055171966553e-02,1.340179145336151123e-01,1.495725035667419434e+00,6.628580391407012939e-02,-7.844759523868560791e-02,-2.176565974950790405e-01,1.477715730667114258e+00
-6.218960285186767578e+00,-1.832619309425354004e+00,6.660585403442382812e-01,2.114420011639595032e-02,8.378751575946807861e-03,-7.115209698677062988e-01,-7.022966742515563965e-01,-4.599199444055557251e-02,7.736798375844955444e-02,4.840387105941772461e-01,4.131622612476348877e-02,6.734678521752357483e-03,-1.898964494466781616e-02,-2.323745191097259521e-01,-5.856830626726150513e-02,-1.943904608488082886e-01,4.422278106212615967e-01,-1.509820967912673950e-01,3.484242036938667297e-02,-8.198670297861099243e-02,3.994498401880264282e-02,7.475810497999191284e-02,1.420684456825256348e-01,1.494526624679565430e+00,5.613738298416137695e-02,-5.540214106440544128e-02,-2.000197619199752808e-01,1.489845514297485352e+00
-6.223051071166992188e+00,-1.832870125770568848e+00,6.660616993904113770e-01,2.036152407526969910e-02,8.197360672056674957e-03,-7.065072655677795410e-01,-7.073653340339660645e-01,-3.858035430312156677e-02,6.774996966123580933e-02,4.978330135345458984e-01,3.434615209698677063e-02,4.332317039370536804e-03,-1.418738160282373428e-02,-2.165887802839279175e-01,1.476721372455358505e-03,-1.571159809827804565e-01,4.111269116401672363e-01,-1.742934137582778931e-01,-3.532035276293754578e-03,-7.676924020051956177e-02,3.805774450302124023e-02,7.297437638044357300e-02,1.463517993688583374e-01,1.490000247955322266e+00,4.687990993261337280e-02,-3.395511209964752197e-02,-1.822072267532348633e-01,1.498932242393493652e+00
-6.226152420043945312e+00,-1.832568883895874023e+00,6.652650833129882812e-01,1.744574867188930511e-02,6.041212938725948334e-03,-7.020479440689086914e-01,-7.118903398513793945e-01,-3.346735239028930664e-02,5.510339140892028809e-02,5.112522244453430176e-01,3.541870042681694031e-02,-2.394603332504630089e-03,-1.045599114149808884e-02,-1.989578753709793091e-01,4.639682918787002563e-02,-1.135451272130012512e-01,3.660460710525512695e-01,-1.746760308742523193e-01,-3.841570392251014709e-02,-7.033355534076690674e-02,3.693480789661407471e-02,6.825873255729675293e-02,1.439360827207565308e-01,1.482076287269592285e+00,3.983527794480323792e-02,-1.752034947276115417e-02,-1.650927960872650146e-01,1.502396702766418457e+00
-6.229246616363525391e+00,-1.831791281700134277e+00,6.637417078018188477e-01,1.266032177954912186e-02,1.710054813884198666e-03,-6.994816064834594727e-01,-7.145364284515380859e-01,-3.125444799661636353e-02,3.741940110921859741e-02,5.200465321540832520e-01,4.164189100265502930e-02,-1.275501586496829987e-02,-7.057555485516786575e-03,-1.774977296590805054e-01,6.430522352457046509e-02,-8.068150281906127930e-02,3.143735229969024658e-01,-1.609576940536499023e-01,-5.892001464962959290e-02,-6.495033204555511475e-02,3.814718872308731079e-02,6.303096562623977661e-02,1.350935846567153931e-01,1.465865492820739746e+00,3.717305138707160950e-02,-8.440240286290645599e-03,-1.501336246728897095e-01,1.499789118766784668e+00
-6.232527732849121094e+00,-1.829659700393676758e+00,6.616697311401367188e-01,5.969402845948934555e-03,-4.778864793479442596e-03,-6.974639296531677246e-01,-7.165790796279907227e-01,-3.270760551095008850e-02,1.565379649400711060e-02,5.252116322517395020e-01,5.937501415610313416e-02,-3.079856932163238525e-02,-3.472730051726102829e-03,-1.673610061407089233e-01,5.581511929631233215e-02,-6.011567637324333191e-02,2.864517271518707275e-01,-1.505016386508941650e-01,-6.414914876222610474e-02,-5.412851274013519287e-02,3.466955944895744324e-02,5.844499543309211731e-02,1.230438575148582458e-01,1.447990059852600098e+00,3.346899151802062988e-02,-5.246916785836219788e-03,-1.326842606067657471e-01,1.495867490768432617e+00
-6.237498283386230469e+00,-1.828222155570983887e+00,6.597548127174377441e-01,4.093277675565332174e-04,-1.086556818336248398e-02,-6.954169273376464844e-01,-7.185242772102355957e-01,-4.436847567558288574e-02,-1.126808347180485725e-03,5.267327427864074707e-01,9.697108715772628784e-02,-5.845869332551956177e-02,2.415056573227047920e-03,-1.717470735311508179e-01,3.868629783391952515e-02,-4.544565081596374512e-02,2.805512249469757080e-01,-1.403163522481918335e-01,-6.063641980290412903e-02,-3.717441484332084656e-02,3.155382350087165833e-02,5.893830955028533936e-02,1.228732243180274963e-01,1.432977318763732910e+00,3.006450086832046509e-02,-2.691525034606456757e-03,-1.116980537772178650e-01,1.491489648818969727e+00
-6.242874145507812500e+00,-1.828494787216186523e+00,6.580368280410766602e-01,-1.412229612469673157e-03,-1.452536322176456451e-02,-6.938197016716003418e-01,-7.200008630752563477e-01,-7.043001055717468262e-02,-3.219975158572196960e-03,5.155372023582458496e-01,1.557232737541198730e-01,-9.174059331417083740e-02,8.559052832424640656e-03,-1.819510757923126221e-01,2.661977335810661316e-02,-3.560681268572807312e-02,2.819261550903320312e-01,-1.324886381626129150e-01,-5.445768684148788452e-02,-2.019401080906391144e-02,4.340519383549690247e-02,6.306868046522140503e-02,1.462825834751129150e-01,1.407564997673034668e+00,3.027615696191787720e-02,4.328422248363494873e-03,-8.276899904012680054e-02,1.477221012115478516e+00
-6.248149394989013672e+00,-1.829598188400268555e+00,6.572543978691101074e-01,-2.670327899977564812e-03,-1.810699328780174255e-02,-6.928236484527587891e-01,-7.208747267723083496e-01,-1.060227528214454651e-01,2.078256336972117424e-03,4.800797998905181885e-01,2.207615673542022705e-01,-1.143762171268463135e-01,1.064071990549564362e-02,-1.918008774518966675e-01,1.304644811898469925e-02,-2.949365414679050446e-02,2.835916280746459961e-01,-1.269095093011856079e-01,-4.717086628079414368e-02,-9.935313835740089417e-03,6.683279573917388916e-02,6.581309437751770020e-02,1.827160716056823730e-01,1.370594739913940430e+00,2.931882813572883606e-02,5.924029275774955750e-03,-5.103400349617004395e-02,1.460268616676330566e+00
-6.252627372741699219e+00,-1.831559062004089355e+00,6.576790213584899902e-01,-5.725496448576450348e-03,-2.279178425669670105e-02,-6.937835812568664551e-01,-7.197999954223632812e-01,-1.472539603710174561e-01,7.951087318360805511e-03,4.238409101963043213e-01,2.890479862689971924e-01,-1.276742219924926758e-01,5.953032989054918289e-03,-1.985262036323547363e-01,-4.908938426524400711e-03,-2.853068336844444275e-02,2.820912897586822510e-01,-1.208631098270416260e-01,-4.009532555937767029e-02,-7.172207813709974289e-03,8.743626624345779419e-02,6.608058512210845947e-02,2.020498067140579224e-01,1.336252927780151367e+00,2.817243151366710663e-02,-2.792756073176860809e-03,-3.021593391895294189e-02,1.446291446685791016e+00
-6.257380008697509766e+00,-1.833445310592651367e+00,6.588836312294006348e-01,-9.422468952834606171e-03,-2.783629111945629120e-02,-6.953935623168945312e-01,-7.180279493331909180e-01,-1.856597214937210083e-01,1.543001458048820496e-02,3.722933828830718994e-01,3.513958454132080078e-01,-1.317902952432632446e-01,-6.488229613751173019e-03,-2.008464038372039795e-01,-2.581003680825233459e-02,-2.927059121429920197e-02,2.741881906986236572e-01,-1.123001873493194580e-01,-3.185217082500457764e-02,-6.872341036796569824e-03,1.032229289412498474e-01,6.614542752504348755e-02,1.973186284303665161e-01,1.307435393333435059e+00,2.914908155798912048e-02,-1.649958081543445587e-02,-2.233919873833656311e-02,1.433965563774108887e+00
-6.261787414550781250e+00,-1.834149956703186035e+00,6.604616045951843262e-01,-1.337939500808715820e-02,-3.300393372774124146e-02,-6.956632137298583984e-01,-7.174847722053527832e-01,-2.135714888572692871e-01,2.624029479920864105e-02,3.362442553043365479e-01,3.954316973686218262e-01,-1.198029816150665283e-01,-2.719627320766448975e-02,-2.001452594995498657e-01,-4.658196866512298584e-02,-2.782652340829372406e-02,2.633434534072875977e-01,-1.033906340599060059e-01,-2.422913350164890289e-02,-4.991565831005573273e-03,1.197248846292495728e-01,6.390140205621719360e-02,1.884017735719680786e-01,1.284316897392272949e+00,3.332122415304183960e-02,-3.359457105398178101e-02,-1.765973679721355438e-02,1.420111775398254395e+00
-6.266119480133056641e+00,-1.834274053573608398e+00,6.619266867637634277e-01,-1.703381538391113281e-02,-3.752361238002777100e-02,-6.945696473121643066e-01,-7.182442545890808105e-01,-2.288478463888168335e-01,4.211182892322540283e-02,3.110478520393371582e-01,4.184141159057617188e-01,-9.581851214170455933e-02,-5.497572943568229675e-02,-1.985061466693878174e-01,-6.551309674978256226e-02,-2.320915088057518005e-02,2.518090009689331055e-01,-9.359321743249893188e-02,-1.586393453180789948e-02,-1.920256530866026878e-03,1.367462128400802612e-01,6.105292215943336487e-02,1.899928599596023560e-01,1.270913600921630859e+00,3.571021556854248047e-02,-5.236721038818359375e-02,-1.094700768589973450e-02,1.410035490989685059e+00
-6.270994663238525391e+00,-1.834110617637634277e+00,6.631226539611816406e-01,-2.035231143236160278e-02,-4.102195426821708679e-02,-6.925817728042602539e-01,-7.198843359947204590e-01,-2.330502271652221680e-01,6.405052542686462402e-02,2.917015850543975830e-01,4.232606291770935059e-01,-6.528028845787048340e-02,-8.916115760803222656e-02,-1.966536641120910645e-01,-8.267698436975479126e-02,-1.650082319974899292e-02,2.413237541913986206e-01,-8.469286561012268066e-02,-7.322430610656738281e-03,-8.208324288716539741e-05,1.532111167907714844e-01,5.967508256435394287e-02,2.043765187263488770e-01,1.270373821258544922e+00,3.467430919408798218e-02,-7.140229642391204834e-02,-2.727997023612260818e-03,1.408167958259582520e+00
-6.276546955108642578e+00,-1.833536982536315918e+00,6.640545725822448730e-01,-2.303714305162429810e-02,-4.341678693890571594e-02,-6.906423568725585938e-01,-7.215243577957153320e-01,-2.296658605337142944e-01,8.836925029754638672e-02,2.716428339481353760e-01,4.144300520420074463e-01,-3.185257315635681152e-02,-1.256652772426605225e-01,-1.928378045558929443e-01,-9.893935918807983398e-02,-1.012085378170013428e-02,2.299416810274124146e-01,-7.557022571563720703e-02,2.780102426186203957e-03,-1.596377231180667877e-03,1.691490560770034790e-01,6.192872673273086548e-02,2.248603403568267822e-01,1.281069874763488770e+00,3.007453307509422302e-02,-8.972659707069396973e-02,4.533359780907630920e-03,1.412860751152038574e+00
-6.282670974731445312e+00,-1.832437157630920410e+00,6.647186279296875000e-01,-2.543339505791664124e-02,-4.494653642177581787e-02,-6.888741254806518555e-01,-7.230390310287475586e-01,-2.183127701282501221e-01,1.121426820755004883e-01,2.475972324609756470e-01,3.906326889991760254e-01,5.780201870948076248e-03,-1.631494611501693726e-01,-1.874198466539382935e-01,-1.148230507969856262e-01,-5.001018755137920380e-03,2.187692075967788696e-01,-6.768561899662017822e-02,1.391346938908100128e-02,-4.692204762250185013e-03,1.818326711654663086e-01,6.450385600328445435e-02,2.456474304199218750e-01,1.300650715827941895e+00,2.488767541944980621e-02,-1.073945760726928711e-01,5.380725953727960587e-03,1.422756791114807129e+00
-6.289653301239013672e+00,-1.831069350242614746e+00,6.650725603103637695e-01,-2.757578156888484955e-02,-4.597081989049911499e-02,-6.870000958442687988e-01,-7.246772646903991699e-01,-2.006492018699645996e-01,1.340967714786529541e-01,2.263429313898086548e-01,3.593283891677856445e-01,3.800283744931221008e-02,-1.983325928449630737e-01,-1.821268945932388306e-01,-1.310951858758926392e-01,5.022394470870494843e-04,2.098433673381805420e-01,-6.156767904758453369e-02,2.663645707070827484e-02,-6.945718545466661453e-03,1.911942213773727417e-01,6.700275838375091553e-02,2.636085152626037598e-01,1.326446890830993652e+00,2.082888968288898468e-02,-1.241309642791748047e-01,6.982656195759773254e-04,1.434636950492858887e+00
-6.296875953674316406e+00,-1.829796195030212402e+00,6.651368737220764160e-01,-2.960369735956192017e-02,-4.647056013345718384e-02,-6.852707862854003906e-01,-7.262011170387268066e-01,-1.773570179939270020e-01,1.555049419403076172e-01,2.122221291065216064e-01,3.235512971878051758e-01,6.377504020929336548e-02,-2.315589934587478638e-01,-1.784498542547225952e-01,-1.469475179910659790e-01,6.023153197020292282e-03,2.051810324192047119e-01,-5.831634998321533203e-02,3.954551368951797485e-02,-9.412094019353389740e-03,1.975492089986801147e-01,6.999573856592178345e-02,2.732082009315490723e-01,1.352467417716979980e+00,1.712817512452602386e-02,-1.420723497867584229e-01,-6.085723638534545898e-03,1.448159575462341309e+00
-6.304937362670898438e+00,-1.828904271125793457e+00,6.648907661437988281e-01,-3.136198222637176514e-02,-4.648612067103385925e-02,-6.842463016510009766e-01,-7.270917892456054688e-01,-1.525200009346008301e-01,1.762786060571670532e-01,2.077020257711410522e-01,2.895664274692535400e-01,8.573930710554122925e-02,-2.589489221572875977e-01,-1.761208623647689819e-01,-1.632605940103530884e-01,1.020311377942562103e-02,2.042467743158340454e-01,-5.742724984884262085e-02,5.370147526264190674e-02,-1.295387372374534607e-02,2.004012316465377808e-01,7.484036684036254883e-02,2.730949223041534424e-01,1.376903176307678223e+00,1.253268774598836899e-02,-1.602112501859664917e-01,-1.297149993479251862e-02,1.461573719978332520e+00
-6.313596725463867188e+00,-1.828325986862182617e+00,6.643140912055969238e-01,-3.241263702511787415e-02,-4.593630507588386536e-02,-6.842759847640991211e-01,-7.270527482032775879e-01,-1.281276345252990723e-01,1.971604079008102417e-01,2.147896885871887207e-01,2.590965032577514648e-01,1.053428724408149719e-01,-2.775383591651916504e-01,-1.744751036167144775e-01,-1.791186928749084473e-01,1.203839294612407684e-02,2.053600251674652100e-01,-5.846798419952392578e-02,6.893190741539001465e-02,-1.772719249129295349e-02,2.016841620206832886e-01,7.973835617303848267e-02,2.702133357524871826e-01,1.397092461585998535e+00,8.883387781679630280e-03,-1.782807409763336182e-01,-2.362558431923389435e-02,1.474614739418029785e+00
-6.323731899261474609e+00,-1.828307271003723145e+00,6.632621288299560547e-01,-3.292042016983032227e-02,-4.485794156789779663e-02,-6.854063868522644043e-01,-7.260317206382751465e-01,-1.048183515667915344e-01,2.164698541164398193e-01,2.325750738382339478e-01,2.339847683906555176e-01,1.193562895059585571e-01,-2.865224480628967285e-01,-1.759775876998901367e-01,-1.964223235845565796e-01,1.242445874959230423e-02,2.127626985311508179e-01,-6.272561848163604736e-02,8.654267340898513794e-02,-2.338712662458419800e-02,2.018905580043792725e-01,8.529578894376754761e-02,2.684163153171539307e-01,1.411127924919128418e+00,6.489322986453771591e-03,-1.951465010643005371e-01,-3.696037083864212036e-02,1.485160708427429199e+00
-6.334410667419433594e+00,-1.828660130500793457e+00,6.617845296859741211e-01,-3.266055509448051453e-02,-4.356835409998893738e-02,-6.871950030326843262e-01,-7.244294881820678711e-01,-8.251920342445373535e-02,2.342323809862136841e-01,2.594137191772460938e-01,2.147989422082901001e-01,1.275658905506134033e-01,-2.865975797176361084e-01,-1.799586415290832520e-01,-2.132245302200317383e-01,1.130122411996126175e-02,2.246858328580856323e-01,-6.922863423824310303e-02,1.050392910838127136e-01,-2.730414271354675293e-02,2.006664127111434937e-01,9.193709492683410645e-02,2.659752666950225830e-01,1.418969035148620605e+00,6.563426926732063293e-03,-2.119157463312149048e-01,-5.347960069775581360e-02,1.492355346679687500e+00
-6.346405029296875000e+00,-1.829735994338989258e+00,6.594542264938354492e-01,-3.163132816553115845e-02,-4.197301715612411499e-02,-6.894344091415405273e-01,-7.224388718605041504e-01,-6.282743066549301147e-02,2.494038343429565430e-01,2.913186252117156982e-01,2.013159841299057007e-01,1.303583830595016479e-01,-2.820129394531250000e-01,-1.898832023143768311e-01,-2.309026271104812622e-01,1.091190893203020096e-02,2.466284781694412231e-01,-8.126980066299438477e-02,1.258006691932678223e-01,-2.893615141510963440e-02,1.980713307857513428e-01,9.982242435216903687e-02,2.614211738109588623e-01,1.420727372169494629e+00,9.126839227974414825e-03,-2.269812673330307007e-01,-7.168024033308029175e-02,1.496538758277893066e+00
-6.358858108520507812e+00,-1.831513643264770508e+00,6.563382148742675781e-01,-2.972823008894920349e-02,-3.954753279685974121e-02,-6.921470761299133301e-01,-7.200587987899780273e-01,-4.685154557228088379e-02,2.622215151786804199e-01,3.243258893489837646e-01,1.945890784263610840e-01,1.254326552152633667e-01,-2.766855359077453613e-01,-2.031967043876647949e-01,-2.473123520612716675e-01,1.082258578389883041e-02,2.743646204471588135e-01,-9.576181322336196899e-02,1.476356238126754761e-01,-2.933759801089763641e-02,1.942970603704452515e-01,1.087171658873558044e-01,2.570968568325042725e-01,1.418211340904235840e+00,1.120555121451616287e-02,-2.404418438673019409e-01,-8.683793991804122925e-02,1.499452352523803711e+00
-6.373138904571533203e+00,-1.834112167358398438e+00,6.520877480506896973e-01,-2.685797959566116333e-02,-3.668025508522987366e-02,-6.954404711723327637e-01,-7.171441912651062012e-01,-3.652194514870643616e-02,2.704559862613677979e-01,3.508850932121276855e-01,1.924077719449996948e-01,1.147499606013298035e-01,-2.723189592361450195e-01,-2.203099429607391357e-01,-2.649135291576385498e-01,1.172557845711708069e-02,3.062970936298370361e-01,-1.118677407503128052e-01,1.722698211669921875e-01,-3.059254959225654602e-02,1.907826960086822510e-01,1.176546216011047363e-01,2.555863857269287109e-01,1.411357402801513672e+00,1.283819787204265594e-02,-2.512320876121520996e-01,-9.852323681116104126e-02,1.500993847846984863e+00
-6.388114929199218750e+00,-1.836930274963378906e+00,6.470747590065002441e-01,-2.291204221546649933e-02,-3.292759135365486145e-02,-7.002341747283935547e-01,-7.127853035926818848e-01,-3.305426239967346191e-02,2.759263515472412109e-01,3.673721551895141602e-01,1.952036768198013306e-01,9.841690212488174438e-02,-2.789256870746612549e-01,-2.345321923494338989e-01,-2.824471294879913330e-01,8.131280541419982910e-03,3.351446688175201416e-01,-1.261855959892272949e-01,1.987723261117935181e-01,-3.549631312489509583e-02,1.863063871860504150e-01,1.269667148590087891e-01,2.553649246692657471e-01,1.401828050613403320e+00,1.281583961099386215e-02,-2.609601318836212158e-01,-1.098516657948493958e-01,1.501596450805664062e+00
-6.405399322509765625e+00,-1.840183973312377930e+00,6.417340040206909180e-01,-1.813458651304244995e-02,-2.855290658771991730e-02,-7.063728570938110352e-01,-7.070313096046447754e-01,-4.070086404681205750e-02,2.807154953479766846e-01,3.868830502033233643e-01,2.156251072883605957e-01,4.878310114145278931e-02,-2.829498350620269775e-01,-2.416889518499374390e-01,-3.031277060508728027e-01,1.421285123797133565e-04,3.505196273326873779e-01,-1.311890780925750732e-01,2.294319868087768555e-01,-4.390786215662956238e-02,1.791084706783294678e-01,1.360985040664672852e-01,2.569942176342010498e-01,1.393571019172668457e+00,1.464200858026742935e-02,-2.689544260501861572e-01,-1.233732998371124268e-01,1.499009370803833008e+00
-6.423786640167236328e+00,-1.843868374824523926e+00,6.381826400756835938e-01,-1.135431788861751556e-02,-2.315629087388515472e-02,-7.144861817359924316e-01,-6.991740465164184570e-01,-6.622894108295440674e-02,2.864398360252380371e-01,3.926215171813964844e-01,2.586946785449981689e-01,-1.643791235983371735e-02,-2.733291387557983398e-01,-2.402410805225372314e-01,-3.226914107799530029e-01,-1.646443642675876617e-02,3.500275909900665283e-01,-1.257599592208862305e-01,2.617058455944061279e-01,-5.372520163655281067e-02,1.628663837909698486e-01,1.457012444734573364e-01,2.572361230850219727e-01,1.391610264778137207e+00,2.071664482355117798e-02,-2.740067839622497559e-01,-1.454287618398666382e-01,1.490331530570983887e+00
-6.442758083343505859e+00,-1.849095582962036133e+00,6.353957653045654297e-01,-4.036428406834602356e-03,-1.740446686744689941e-02,-7.259098887443542480e-01,-6.875577569007873535e-01,-1.218845769762992859e-01,2.917878627777099609e-01,3.674914240837097168e-01,3.433078229427337646e-01,-8.387427777051925659e-02,-2.516950070858001709e-01,-2.283695936203002930e-01,-3.439062237739562988e-01,-4.504227265715599060e-02,3.310896456241607666e-01,-1.016294062137603760e-01,2.954201996326446533e-01,-6.772982329130172729e-02,1.318591088056564331e-01,1.529017388820648193e-01,2.480698227882385254e-01,1.404104471206665039e+00,3.482666239142417908e-02,-2.735434472560882568e-01,-1.849547773599624634e-01,1.479077100753784180e+00
-6.459908962249755859e+00,-1.854681491851806641e+00,6.328880190849304199e-01,2.346871420741081238e-03,-1.273051835596561432e-02,-7.374327778816223145e-01,-6.752964854240417480e-01,-1.860457956790924072e-01,2.922513186931610107e-01,3.317422270774841309e-01,4.374575316905975342e-01,-1.438332796096801758e-01,-2.265050858259201050e-01,-2.126830220222473145e-01,-3.643954396247863770e-01,-7.714880257844924927e-02,3.017506003379821777e-01,-5.656700208783149719e-02,3.256163299083709717e-01,-7.982835173606872559e-02,9.584509581327438354e-02,1.544285267591476440e-01,2.176329195499420166e-01,1.418158531188964844e+00,6.048695370554924011e-02,-2.669187486171722412e-01,-2.438916414976119995e-01,1.463665246963500977e+00
-6.476627349853515625e+00,-1.859637856483459473e+00,6.331588029861450195e-01,6.823664996773004532e-03,-9.186378680169582367e-03,-7.449995875358581543e-01,-6.669667363166809082e-01,-2.229759693145751953e-01,2.795122861862182617e-01,3.119569122791290283e-01,4.866863787174224854e-01,-1.784439533948898315e-01,-1.991989761590957642e-01,-2.009985148906707764e-01,-3.843165338039398193e-01,-1.122046113014221191e-01,2.625313103199005127e-01,3.462005034089088440e-02,3.424162566661834717e-01,-8.498848229646682739e-02,6.262521445751190186e-02,1.504719853401184082e-01,1.735171377658843994e-01,1.427023768424987793e+00,8.003884553909301758e-02,-2.550324499607086182e-01,-2.865339517593383789e-01,1.452159285545349121e+00
-6.494689941406250000e+00,-1.864951252937316895e+00,6.374348998069763184e-01,1.062674354761838913e-02,-5.373017396777868271e-03,-7.468844056129455566e-01,-6.648473143577575684e-01,-2.277675122022628784e-01,2.554301619529724121e-01,3.158200681209564209e-01,4.841934442520141602e-01,-1.876385062932968140e-01,-1.659214645624160767e-01,-2.072724401950836182e-01,-3.982400298118591309e-01,-1.531547307968139648e-01,2.537873387336730957e-01,1.160800904035568237e-01,2.867773175239562988e-01,-8.536733686923980713e-02,5.074610188603401184e-02,1.406503170728683472e-01,1.653762012720108032e-01,1.428310513496398926e+00,7.985958456993103027e-02,-2.353984564542770386e-01,-2.903943657875061035e-01,1.451400279998779297e+00
-6.510931491851806641e+00,-1.869774460792541504e+00,6.423982977867126465e-01,1.379528455436229706e-02,-1.796811353415250778e-03,-7.470993995666503906e-01,-6.645667552947998047e-01,-2.212973535060882568e-01,2.340185195207595825e-01,3.238940834999084473e-01,4.622229039669036865e-01,-1.851668953895568848e-01,-1.385112255811691284e-01,-2.189280539751052856e-01,-4.026216566562652588e-01,-1.872687190771102905e-01,2.710736393928527832e-01,1.469664722681045532e-01,2.159274369478225708e-01,-8.743280917406082153e-02,5.197182670235633850e-02,1.325777024030685425e-01,1.769802421331405640e-01,1.424189090728759766e+00,7.500161975622177124e-02,-2.161848843097686768e-01,-2.833757698535919189e-01,1.452617526054382324e+00
-6.524651050567626953e+00,-1.873803019523620605e+00,6.477729678153991699e-01,1.757933758199214935e-02,2.412189263850450516e-03,-7.473908662796020508e-01,-6.641475558280944824e-01,-2.069815993309020996e-01,2.150979191064834595e-01,3.314481675624847412e-01,4.232107102870941162e-01,-1.731319427490234375e-01,-1.141229867935180664e-01,-2.290980964899063110e-01,-3.938055038452148438e-01,-2.239346653223037720e-01,3.104083538055419922e-01,1.287953555583953857e-01,1.593982577323913574e-01,-9.472053498029708862e-02,6.419961154460906982e-02,1.272017061710357666e-01,1.960061788558959961e-01,1.411851882934570312e+00,6.760325282812118530e-02,-1.926668286323547363e-01,-2.715983986854553223e-01,1.453999280929565430e+00
-6.536830902099609375e+00,-1.876458406448364258e+00,6.525647640228271484e-01,2.121801860630512238e-02,6.605393253266811371e-03,-7.477323412895202637e-01,-6.636283397674560547e-01,-1.884399354457855225e-01,1.985916942358016968e-01,3.379070758819580078e-01,3.784674406051635742e-01,-1.574229300022125244e-01,-9.376171976327896118e-02,-2.269428223371505737e-01,-3.747955858707427979e-01,-2.704606950283050537e-01,3.469026982784271240e-01,9.677044302225112915e-02,1.470138877630233765e-01,-1.029590666294097900e-01,7.442570477724075317e-02,1.252063661813735962e-01,1.928499490022659302e-01,1.398555994033813477e+00,6.159277632832527161e-02,-1.692332029342651367e-01,-2.584676444530487061e-01,1.454922795295715332e+00
-6.546350002288818359e+00,-1.878758430480957031e+00,6.566195487976074219e-01,2.465631254017353058e-02,1.061166450381278992e-02,-7.474845051765441895e-01,-6.637366414070129395e-01,-1.687022000551223755e-01,1.852420568466186523e-01,3.455121517181396484e-01,3.313466310501098633e-01,-1.379451006650924683e-01,-7.740127295255661011e-02,-2.208884954452514648e-01,-3.464950025081634521e-01,-3.045130670070648193e-01,3.762931227684020996e-01,6.450153887271881104e-02,1.526551395654678345e-01,-1.086102202534675598e-01,7.705570012331008911e-02,1.249173134565353394e-01,1.729867607355117798e-01,1.389007806777954102e+00,5.783672258257865906e-02,-1.496637314558029175e-01,-2.419413030147552490e-01,1.452490210533142090e+00
-6.555202007293701172e+00,-1.880831599235534668e+00,6.600001454353332520e-01,2.726572938263416290e-02,1.412307098507881165e-02,-7.458447813987731934e-01,-6.654117107391357422e-01,-1.482042521238327026e-01,1.722165197134017944e-01,3.559269309043884277e-01,2.861743271350860596e-01,-1.194179132580757141e-01,-6.249630823731422424e-02,-2.215933501720428467e-01,-3.060083985328674316e-01,-3.043405115604400635e-01,4.064213037490844727e-01,3.226138278841972351e-02,1.477270126342773438e-01,-1.093580722808837891e-01,7.431479543447494507e-02,1.260629594326019287e-01,1.514532268047332764e-01,1.382346153259277344e+00,5.539576336741447449e-02,-1.342042535543441772e-01,-2.263636142015457153e-01,1.448662877082824707e+00
-6.563560485839843750e+00,-1.882298588752746582e+00,6.625161170959472656e-01,2.975470200181007385e-02,1.738357916474342346e-02,-7.434961199760437012e-01,-6.678518056869506836e-01,-1.313746571540832520e-01,1.614914387464523315e-01,3.660971522331237793e-01,2.527551651000976562e-01,-1.078973934054374695e-01,-4.927835613489151001e-02,-2.267701476812362671e-01,-2.588075399398803711e-01,-2.866781353950500488e-01,4.316765666007995605e-01,4.751337692141532898e-03,1.374856680631637573e-01,-1.081750988960266113e-01,7.017320394515991211e-02,1.282986998558044434e-01,1.398832947015762329e-01,1.379743337631225586e+00,5.143387243151664734e-02,-1.209410056471824646e-01,-2.144495099782943726e-01,1.447144627571105957e+00
-6.571818351745605469e+00,-1.882598519325256348e+00,6.642256379127502441e-01,3.206409886479377747e-02,2.039899490773677826e-02,-7.411524653434753418e-01,-6.702602505683898926e-01,-1.169331520795822144e-01,1.506404131650924683e-01,3.751130998134613037e-01,2.293046712875366211e-01,-1.040623486042022705e-01,-3.611975535750389099e-02,-2.266596108675003052e-01,-2.061150968074798584e-01,-2.768757939338684082e-01,4.442393183708190918e-01,-2.048912830650806427e-02,1.358324289321899414e-01,-1.087661087512969971e-01,6.635756790637969971e-02,1.296147555112838745e-01,1.412853896617889404e-01,1.382808566093444824e+00,4.517018049955368042e-02,-1.082776933908462524e-01,-2.020040601491928101e-01,1.447606325149536133e+00
-6.579545497894287109e+00,-1.882620215415954590e+00,6.654444336891174316e-01,3.333305567502975464e-02,2.255931869149208069e-02,-7.385913729667663574e-01,-6.729508042335510254e-01,-1.026429757475852966e-01,1.390308886766433716e-01,3.847052156925201416e-01,2.078704982995986938e-01,-1.007956638932228088e-01,-2.453465759754180908e-02,-2.207266241312026978e-01,-1.567318737506866455e-01,-2.729128897190093994e-01,4.442662298679351807e-01,-4.329474642872810364e-02,1.283922791481018066e-01,-1.089991107583045959e-01,6.078596785664558411e-02,1.288983523845672607e-01,1.455314010381698608e-01,1.392356991767883301e+00,3.811725229024887085e-02,-9.636557102203369141e-02,-1.899224221706390381e-01,1.449333310127258301e+00
-6.586353302001953125e+00,-1.882611393928527832e+00,6.663773655891418457e-01,3.402799367904663086e-02,2.406164817512035370e-02,-7.362139225006103516e-01,-6.754644513130187988e-01,-8.922477811574935913e-02,1.278753578662872314e-01,3.935005366802215576e-01,1.871970146894454956e-01,-9.692143648862838745e-02,-1.520614884793758392e-02,-2.111942768096923828e-01,-1.114791631698608398e-01,-2.724330425262451172e-01,4.346104264259338379e-01,-6.928184628486633301e-02,1.107719168066978455e-01,-1.088500618934631348e-01,5.254528298974037170e-02,1.262871921062469482e-01,1.468808501958847046e-01,1.406645178794860840e+00,3.125434741377830505e-02,-8.640096336603164673e-02,-1.786247640848159790e-01,1.451678514480590820e+00
-6.592082500457763672e+00,-1.882506132125854492e+00,6.669745445251464844e-01,3.412292897701263428e-02,2.491479739546775818e-02,-7.339038252830505371e-01,-6.779380440711975098e-01,-7.686154544353485107e-02,1.165659725666046143e-01,4.015467464923858643e-01,1.682745963335037231e-01,-9.324621409177780151e-02,-7.416518405079841614e-03,-1.970310211181640625e-01,-6.584773957729339600e-02,-2.701150774955749512e-01,4.140585660934448242e-01,-9.777744859457015991e-02,8.331969380378723145e-02,-1.083325743675231934e-01,4.349737986922264099e-02,1.206278502941131592e-01,1.485584080219268799e-01,1.424454331398010254e+00,2.527062222361564636e-02,-7.786618173122406006e-02,-1.661304831504821777e-01,1.452265739440917969e+00
-6.597259998321533203e+00,-1.882060647010803223e+00,6.673017144203186035e-01,3.382213786244392395e-02,2.517493069171905518e-02,-7.314792275428771973e-01,-6.805589199066162109e-01,-6.442059576511383057e-02,1.049564406275749207e-01,4.100199937820434570e-01,1.500462889671325684e-01,-8.996149152517318726e-02,-7.019074400886893272e-04,-1.811761856079101562e-01,-1.771051622927188873e-02,-2.549295127391815186e-01,3.819613456726074219e-01,-1.269748806953430176e-01,4.990695789456367493e-02,-1.069276854395866394e-01,3.671297430992126465e-02,1.118853315711021423e-01,1.546645313501358032e-01,1.440613508224487305e+00,2.103312872350215912e-02,-7.085878401994705200e-02,-1.534970104694366455e-01,1.450863361358642578e+00
-6.601305484771728516e+00,-1.881375432014465332e+00,6.670803427696228027e-01,3.257521614432334900e-02,2.441952377557754517e-02,-7.280824780464172363e-01,-6.842795014381408691e-01,-5.145234614610671997e-02,9.109044820070266724e-02,4.210352897644042969e-01,1.319038271903991699e-01,-8.699668198823928833e-02,4.981760401278734207e-03,-1.655873209238052368e-01,2.736485190689563751e-02,-2.250226438045501709e-01,3.430620133876800537e-01,-1.523120850324630737e-01,1.605346798896789551e-02,-1.039523705840110779e-01,3.271737322211265564e-02,1.006778553128242493e-01,1.609233617782592773e-01,1.452016353607177734e+00,1.535363309085369110e-02,-6.529796123504638672e-02,-1.387427747249603271e-01,1.449055194854736328e+00
-6.605298042297363281e+00,-1.880552291870117188e+00,6.667084693908691406e-01,3.087183460593223572e-02,2.295564115047454834e-02,-7.248082756996154785e-01,-6.878756880760192871e-01,-3.872150927782058716e-02,7.659834623336791992e-02,4.312642514705657959e-01,1.144230887293815613e-01,-8.448158204555511475e-02,9.653616696596145630e-03,-1.527135521173477173e-01,6.278908997774124146e-02,-1.904391497373580933e-01,3.028287887573242188e-01,-1.623551994562149048e-01,-1.384318806231021881e-02,-1.011620983481407166e-01,3.150423616170883179e-02,8.964662253856658936e-02,1.626080572605133057e-01,1.458155393600463867e+00,9.631277061998844147e-03,-6.163781881332397461e-02,-1.246562227606773376e-01,1.447845935821533203e+00
-6.608396530151367188e+00,-1.879690051078796387e+00,6.658708453178405762e-01,2.827287465333938599e-02,2.050817385315895081e-02,-7.211366891860961914e-01,-6.919118165969848633e-01,-2.628084458410739899e-02,6.054200977087020874e-02,4.426927268505096436e-01,9.677738696336746216e-02,-8.143631368875503540e-02,1.300924364477396011e-02,-1.421678364276885986e-01,8.917777985334396362e-02,-1.483148187398910522e-01,2.575834989547729492e-01,-1.413385272026062012e-01,-3.927504271268844604e-02,-9.822983294725418091e-02,3.200120478868484497e-02,7.724598050117492676e-02,1.627957224845886230e-01,1.460198998451232910e+00,2.920375438407063484e-03,-5.937151610851287842e-02,-1.100293099880218506e-01,1.446882247924804688e+00
-6.611184597015380859e+00,-1.878758072853088379e+00,6.647128462791442871e-01,2.481887489557266235e-02,1.682459376752376556e-02,-7.165471315383911133e-01,-6.968939304351806641e-01,-1.425164565443992615e-02,4.211241006851196289e-02,4.560751020908355713e-01,8.025491982698440552e-02,-7.941563427448272705e-02,1.571064069867134094e-02,-1.343926638364791870e-01,1.010219901800155640e-01,-1.111646741628646851e-01,2.187591791152954102e-01,-1.092277169227600098e-01,-5.506860837340354919e-02,-9.182379394769668579e-02,3.366916626691818237e-02,6.423319876194000244e-02,1.637308746576309204e-01,1.461237192153930664e+00,-3.494665725156664848e-03,-5.928854644298553467e-02,-9.765263646841049194e-02,1.447606563568115234e+00
-6.613924503326416016e+00,-1.877834916114807129e+00,6.632958054542541504e-01,2.034050785005092621e-02,1.211898028850555420e-02,-7.110632658004760742e-01,-7.027292847633361816e-01,-5.011961329728364944e-03,2.168398536741733551e-02,4.711219370365142822e-01,7.148370891809463501e-02,-8.250143378973007202e-02,1.806431449949741364e-02,-1.357252746820449829e-01,9.444770216941833496e-02,-8.230935037136077881e-02,2.001827210187911987e-01,-8.362922072410583496e-02,-5.816734954714775085e-02,-8.052566647529602051e-02,3.629766777157783508e-02,5.081279575824737549e-02,1.644941270351409912e-01,1.461477756500244141e+00,-1.016348041594028473e-02,-6.045478582382202148e-02,-8.652476966381072998e-02,1.450433731079101562e+00
-6.616727828979492188e+00,-1.877328276634216309e+00,6.617429852485656738e-01,1.575072482228279114e-02,6.340058054774999619e-03,-7.066087722778320312e-01,-7.074006795883178711e-01,-6.842431146651506424e-03,3.319708164781332016e-03,4.810831248760223389e-01,8.210105448961257935e-02,-9.508165717124938965e-02,2.167330309748649597e-02,-1.417473554611206055e-01,7.533700019121170044e-02,-6.044995039701461792e-02,1.910353451967239380e-01,-6.439794600009918213e-02,-5.101267620921134949e-02,-6.974571198225021362e-02,4.070344567298889160e-02,3.888116031885147095e-02,1.638721376657485962e-01,1.459758877754211426e+00,-1.509649306535720825e-02,-6.352943181991577148e-02,-7.533639669418334961e-02,1.451688766479492188e+00
-6.619469642639160156e+00,-1.877031922340393066e+00,6.603406667709350586e-01,1.279014628380537033e-02,1.730274176225066185e-03,-7.042824029922485352e-01,-7.098025679588317871e-01,-2.107976563274860382e-02,-5.247195716947317123e-03,4.824402034282684326e-01,1.171478107571601868e-01,-1.181248947978019714e-01,2.528571337461471558e-02,-1.451259404420852661e-01,5.820449441671371460e-02,-4.841989278793334961e-02,1.829091608524322510e-01,-5.337107181549072266e-02,-4.328553378582000732e-02,-6.308206915855407715e-02,4.739530757069587708e-02,3.204417601227760315e-02,1.622189283370971680e-01,1.453987360000610352e+00,-1.871818490326404572e-02,-6.454115360975265503e-02,-6.122250109910964966e-02,1.449407696723937988e+00
-6.621773242950439453e+00,-1.877660274505615234e+00,6.585806608200073242e-01,1.159680075943470001e-02,-1.917896559461951256e-03,-7.006650567054748535e-01,-7.133935093879699707e-01,-4.401068016886711121e-02,-5.319392308592796326e-03,4.860876798629760742e-01,1.693774163722991943e-01,-1.508792489767074585e-01,2.843552827835083008e-02,-1.580641120672225952e-01,4.722689837217330933e-02,-3.535868972539901733e-02,1.930451691150665283e-01,-5.403167754411697388e-02,-3.795194625854492188e-02,-5.060358345508575439e-02,5.448630824685096741e-02,3.079292178153991699e-02,1.535390615463256836e-01,1.444472312927246094e+00,-1.975743658840656281e-02,-6.405975669622421265e-02,-4.793248325586318970e-02,1.443640351295471191e+00
-6.624342441558837891e+00,-1.880172371864318848e+00,6.572428941726684570e-01,1.040419191122055054e-02,-6.391134113073348999e-03,-6.978762745857238770e-01,-7.161142826080322266e-01,-7.516369223594665527e-02,1.867606042651459575e-04,4.817566275596618652e-01,2.304318696260452271e-01,-1.790151894092559814e-01,2.871004119515419006e-02,-1.798197627067565918e-01,3.550156205892562866e-02,-2.488766424357891083e-02,2.151559740304946899e-01,-5.890982598066329956e-02,-3.287072479724884033e-02,-3.825393691658973694e-02,5.777339637279510498e-02,2.979435771703720093e-02,1.355950534343719482e-01,1.434154152870178223e+00,-1.776144839823246002e-02,-6.777817755937576294e-02,-3.911300003528594971e-02,1.435540080070495605e+00
-6.626990318298339844e+00,-1.882696986198425293e+00,6.573373079299926758e-01,8.127232082188129425e-03,-1.181786879897117615e-02,-6.978522539138793945e-01,-7.160981297492980957e-01,-1.140240356326103210e-01,1.403806172311306000e-02,4.686523377895355225e-01,3.032186329364776611e-01,-1.970987617969512939e-01,2.092885784804821014e-02,-1.934927850961685181e-01,1.918067410588264465e-02,-2.146711386740207672e-02,2.235992848873138428e-01,-5.796818807721138000e-02,-2.746951766312122345e-02,-3.234120458364486694e-02,5.845438688993453979e-02,2.702019922435283661e-02,1.139300987124443054e-01,1.423614263534545898e+00,-1.448781695216894150e-02,-7.633906602859497070e-02,-3.335464745759963989e-02,1.428297758102416992e+00
-6.630002498626708984e+00,-1.884300470352172852e+00,6.584488153457641602e-01,4.923666827380657196e-03,-1.755343936383724213e-02,-6.992883086204528809e-01,-7.146072387695312500e-01,-1.497823894023895264e-01,3.160692006349563599e-02,4.545782506465911865e-01,3.700836896896362305e-01,-2.015149742364883423e-01,5.659629590809345245e-03,-1.970670819282531738e-01,2.599158324301242828e-04,-2.273774519562721252e-02,2.170737534761428833e-01,-5.135666206479072571e-02,-2.145789004862308502e-02,-3.044714964926242828e-02,6.201914325356483459e-02,2.358935773372650146e-02,1.005798354744911194e-01,1.411423563957214355e+00,-1.130453869700431824e-02,-8.778040856122970581e-02,-2.876581996679306030e-02,1.424418807029724121e+00
-6.633745670318603516e+00,-1.885890603065490723e+00,6.599482893943786621e-01,1.790419337339699268e-03,-2.252429723739624023e-02,-7.007125020027160645e-01,-7.130858302116394043e-01,-1.765886396169662476e-01,5.465089157223701477e-02,4.394828677177429199e-01,4.198207259178161621e-01,-1.898477077484130859e-01,-1.787572726607322693e-02,-1.945225298404693604e-01,-1.868070103228092194e-02,-2.466646209359169006e-02,1.998523473739624023e-01,-3.871476277709007263e-02,-1.452734507620334625e-02,-2.996025420725345612e-02,6.786705553531646729e-02,2.082128450274467468e-02,9.637334197759628296e-02,1.399594306945800781e+00,-7.963911630213260651e-03,-9.914537519216537476e-02,-2.574033476412296295e-02,1.422877311706542969e+00
-6.638263702392578125e+00,-1.887247681617736816e+00,6.613360047340393066e-01,-1.128627802245318890e-03,-2.649190463125705719e-02,-7.015252709388732910e-01,-7.121511101722717285e-01,-1.938126385211944580e-01,8.010710775852203369e-02,4.219631552696228027e-01,4.479824602603912354e-01,-1.640828549861907959e-01,-4.745962098240852356e-02,-1.895892769098281860e-01,-3.681885451078414917e-02,-2.570516802370548248e-02,1.789924055337905884e-01,-2.411053143441677094e-02,-6.592000834643840790e-03,-2.880455553531646729e-02,7.623311877250671387e-02,2.071792446076869965e-02,9.759568423032760620e-02,1.389534473419189453e+00,-3.893054323270916939e-03,-1.102314814925193787e-01,-2.583906427025794983e-02,1.423578023910522461e+00
-6.643948078155517578e+00,-1.888095617294311523e+00,6.625205874443054199e-01,-3.927001263946294785e-03,-2.961078099906444550e-02,-7.017314434051513672e-01,-7.118151187896728516e-01,-2.007965147495269775e-01,1.094286963343620300e-01,4.010528922080993652e-01,4.559915065765380859e-01,-1.318155229091644287e-01,-8.386334031820297241e-02,-1.823611855506896973e-01,-5.484791472554206848e-02,-2.529180981218814850e-02,1.574382632970809937e-01,-1.026748027652502060e-02,3.353302599862217903e-03,-2.839059941470623016e-02,8.538571000099182129e-02,2.234746143221855164e-02,1.020609363913536072e-01,1.383023738861083984e+00,-4.498500202316790819e-04,-1.213274076581001282e-01,-2.647679485380649567e-02,1.424564361572265625e+00
-6.650063514709472656e+00,-1.888191223144531250e+00,6.635017395019531250e-01,-6.480915471911430359e-03,-3.192613646388053894e-02,-7.014661431312561035e-01,-7.119578123092651367e-01,-1.992740482091903687e-01,1.386830359697341919e-01,3.786878585815429688e-01,4.479586780071258545e-01,-9.701705724000930786e-02,-1.227010041475296021e-01,-1.739352494478225708e-01,-7.241308689117431641e-02,-2.394441142678260803e-02,1.370498239994049072e-01,1.921013346873223782e-03,1.442385837435722351e-02,-2.781618013978004456e-02,9.490813314914703369e-02,2.555554360151290894e-02,1.122598871588706970e-01,1.381353139877319336e+00,3.210702911019325256e-03,-1.315923035144805908e-01,-2.655770629644393921e-02,1.425221562385559082e+00
-6.656845092773437500e+00,-1.887649178504943848e+00,6.641168594360351562e-01,-8.910086005926132202e-03,-3.361327201128005981e-02,-7.008471488952636719e-01,-7.124633193016052246e-01,-1.890522241592407227e-01,1.678702235221862793e-01,3.557716012001037598e-01,4.229496717453002930e-01,-5.665512755513191223e-02,-1.605704277753829956e-01,-1.644807755947113037e-01,-8.982197195291519165e-02,-2.185786142945289612e-02,1.182624101638793945e-01,1.229624636471271515e-02,2.636953443288803101e-02,-2.760704979300498962e-02,1.041286736726760864e-01,3.010589629411697388e-02,1.264657378196716309e-01,1.384765744209289551e+00,6.201760377734899521e-03,-1.416732668876647949e-01,-2.703240700066089630e-02,1.426116585731506348e+00
-6.664093494415283203e+00,-1.886829614639282227e+00,6.644873619079589844e-01,-1.130299642682075500e-02,-3.462075442075729370e-02,-6.997585296630859375e-01,-7.134505510330200195e-01,-1.728152483701705933e-01,1.948841363191604614e-01,3.351790904998779297e-01,3.892683386802673340e-01,-1.706157810986042023e-02,-1.886464655399322510e-01,-1.555257439613342285e-01,-1.068653091788291931e-01,-1.884396374225616455e-02,1.031735837459564209e-01,1.988279633224010468e-02,3.919966518878936768e-02,-2.830030396580696106e-02,1.128836050629615784e-01,3.473734483122825623e-02,1.415564864873886108e-01,1.391958475112915039e+00,7.768096402287483215e-03,-1.521610319614410400e-01,-2.810345031321048737e-02,1.427724003791809082e+00
-6.671999454498291016e+00,-1.885795354843139648e+00,6.645660996437072754e-01,-1.329013239592313766e-02,-3.506512567400932312e-02,-6.989949941635131836e-01,-7.141427397727966309e-01,-1.524627059698104858e-01,2.206404209136962891e-01,3.162557482719421387e-01,3.496170341968536377e-01,1.845880225300788879e-02,-2.054792344570159912e-01,-1.485167890787124634e-01,-1.239426583051681519e-01,-1.588679850101470947e-02,9.354462474584579468e-02,2.426411025226116180e-02,5.326815322041511536e-02,-3.059997037053108215e-02,1.206335797905921936e-01,3.964755311608314514e-02,1.536023169755935669e-01,1.401279687881469727e+00,8.402837440371513367e-03,-1.616821289062500000e-01,-3.074386715888977051e-02,1.429998993873596191e+00
-6.680253982543945312e+00,-1.884883046150207520e+00,6.641681194305419922e-01,-1.461302116513252258e-02,-3.482662141323089600e-02,-6.993744373321533203e-01,-7.137569189071655273e-01,-1.324909180402755737e-01,2.451954931020736694e-01,3.030210733413696289e-01,3.118269443511962891e-01,4.964325949549674988e-02,-2.131300121545791626e-01,-1.447078138589859009e-01,-1.403107792139053345e-01,-1.624564640223979950e-02,9.302267432212829590e-02,2.387922070920467377e-02,6.776645779609680176e-02,-3.675049170851707458e-02,1.276506036520004272e-01,4.568145424127578735e-02,1.616993099451065063e-01,1.410269379615783691e+00,7.905141450464725494e-03,-1.709555834531784058e-01,-3.537009283900260925e-02,1.431898236274719238e+00
-6.689622879028320312e+00,-1.884391188621520996e+00,6.631797552108764648e-01,-1.530638337135314941e-02,-3.422360122203826904e-02,-6.998179554939270020e-01,-7.133367061614990234e-01,-1.104667857289314270e-01,2.690416872501373291e-01,3.065446317195892334e-01,2.736440300941467285e-01,8.172871917486190796e-02,-2.148154675960540771e-01,-1.489697843790054321e-01,-1.567615419626235962e-01,-1.534877438098192215e-02,1.083166450262069702e-01,1.553344726562500000e-02,8.404516428709030151e-02,-4.237833246588706970e-02,1.329370886087417603e-01,5.180991441011428833e-02,1.651941090822219849e-01,1.417335152626037598e+00,8.297127671539783478e-03,-1.802022010087966919e-01,-4.352832958102226257e-02,1.431620955467224121e+00
-6.699644565582275391e+00,-1.884350299835205078e+00,6.611618995666503906e-01,-1.546158827841281891e-02,-3.358385339379310608e-02,-6.996930241584777832e-01,-7.134863138198852539e-01,-8.391511440277099609e-02,2.894014716148376465e-01,3.329240977764129639e-01,2.360346317291259766e-01,1.040818169713020325e-01,-2.173634767532348633e-01,-1.643726378679275513e-01,-1.736917495727539062e-01,-1.012156531214714050e-02,1.434146463871002197e-01,-2.822765382006764412e-03,1.016262322664260864e-01,-4.381290450692176819e-02,1.378113627433776855e-01,5.932048335671424866e-02,1.650896221399307251e-01,1.421284675598144531e+00,9.922428056597709656e-03,-1.913568824529647827e-01,-5.249684676527976990e-02,1.428039550781250000e+00
-6.710627079010009766e+00,-1.885534644126892090e+00,6.578940749168395996e-01,-1.460693683475255966e-02,-3.304104879498481750e-02,-6.986455321311950684e-01,-7.145553231239318848e-01,-5.709766224026679993e-02,3.049358129501342773e-01,3.777867555618286133e-01,2.029942870140075684e-01,1.126870587468147278e-01,-2.206507772207260132e-01,-1.950305402278900146e-01,-1.905401498079299927e-01,1.387928496114909649e-03,2.016526907682418823e-01,-3.161692246794700623e-02,1.209553927183151245e-01,-4.349577799439430237e-02,1.424917876720428467e-01,6.661492586135864258e-02,1.676861792802810669e-01,1.422453165054321289e+00,1.001758314669132233e-02,-2.042114883661270142e-01,-5.607053637504577637e-02,1.423526287078857422e+00
-6.723011970520019531e+00,-1.887797474861145020e+00,6.534233093261718750e-01,-1.315135043114423752e-02,-3.271989896893501282e-02,-6.985987424850463867e-01,-7.146441340446472168e-01,-3.858823701739311218e-02,3.141255676746368408e-01,4.186339378356933594e-01,1.807990074157714844e-01,1.100037992000579834e-01,-2.201780974864959717e-01,-2.325918674468994141e-01,-2.092769145965576172e-01,1.280356198549270630e-02,2.692055404186248779e-01,-6.398672610521316528e-02,1.428384780883789062e-01,-4.701279103755950928e-02,1.470493227243423462e-01,7.345519959926605225e-02,1.768187284469604492e-01,1.421711087226867676e+00,4.742586053907871246e-03,-2.190157473087310791e-01,-5.077183991670608521e-02,1.420849204063415527e+00
-6.737292766571044922e+00,-1.890536069869995117e+00,6.479219794273376465e-01,-1.075046975165605545e-02,-3.187667578458786011e-02,-7.010718584060668945e-01,-7.122967243194580078e-01,-3.487495332956314087e-02,3.171018958091735840e-01,4.467555582523345947e-01,1.719557046890258789e-01,9.480646997690200806e-02,-2.332867383956909180e-01,-2.664172649383544922e-01,-2.307381778955459595e-01,1.803319714963436127e-02,3.310310244560241699e-01,-9.525629878044128418e-02,1.686053574085235596e-01,-5.801365524530410767e-02,1.503998488187789917e-01,7.941250503063201904e-02,1.878357082605361938e-01,1.421195149421691895e+00,-3.405035939067602158e-03,-2.339332401752471924e-01,-4.500383511185646057e-02,1.422464370727539062e+00
-6.753066062927246094e+00,-1.894050478935241699e+00,6.424182057380676270e-01,-7.751445751637220383e-03,-2.997400984168052673e-02,-7.064049243927001953e-01,-7.071305513381958008e-01,-4.336706921458244324e-02,3.126020133495330811e-01,4.576760232448577881e-01,1.699443310499191284e-01,6.852822005748748779e-02,-2.563251852989196777e-01,-2.887750566005706787e-01,-2.548000216484069824e-01,1.551260054111480713e-02,3.737647235393524170e-01,-1.169684752821922302e-01,1.969715356826782227e-01,-7.268867641687393188e-02,1.479346454143524170e-01,8.461563289165496826e-02,1.993786692619323730e-01,1.422642469406127930e+00,-8.339265361428260803e-03,-2.475498169660568237e-01,-4.974173009395599365e-02,1.427032828330993652e+00
-6.770637512207031250e+00,-1.898380875587463379e+00,6.389417648315429688e-01,-3.768528113141655922e-03,-2.660960890352725983e-02,-7.131367921829223633e-01,-7.005095481872558594e-01,-6.670255959033966064e-02,3.070851564407348633e-01,4.505187273025512695e-01,1.872686892747879028e-01,3.703494742512702942e-02,-2.625841200351715088e-01,-2.970012426376342773e-01,-2.797699272632598877e-01,6.818871013820171356e-03,3.884623050689697266e-01,-1.201654002070426941e-01,2.284915894269943237e-01,-8.561497181653976440e-02,1.363842934370040894e-01,8.938966691493988037e-02,2.122148573398590088e-01,1.431191205978393555e+00,-8.986900560557842255e-03,-2.569733560085296631e-01,-6.847014278173446655e-02,1.435032486915588379e+00
-6.788341045379638672e+00,-1.903406262397766113e+00,6.377539038658142090e-01,1.064461306668817997e-03,-2.223494648933410645e-02,-7.215199470520019531e-01,-6.920357346534729004e-01,-1.042852029204368591e-01,3.021800816059112549e-01,4.274720847606658936e-01,2.379443496465682983e-01,-4.774012602865695953e-03,-2.504077255725860596e-01,-2.891777157783508301e-01,-3.034927546977996826e-01,-1.157791726291179657e-02,3.705897927284240723e-01,-9.965284168720245361e-02,2.595433294773101807e-01,-9.642273932695388794e-02,1.108485981822013855e-01,8.937904983758926392e-02,2.241318821907043457e-01,1.454952359199523926e+00,-5.423229886218905449e-04,-2.573023736476898193e-01,-1.149026602506637573e-01,1.447165727615356445e+00
-6.805602073669433594e+00,-1.908732175827026367e+00,6.376728415489196777e-01,5.086948163807392120e-03,-1.866672746837139130e-02,-7.277454137802124023e-01,-6.855744123458862305e-01,-1.430595815181732178e-01,2.933610379695892334e-01,4.075364172458648682e-01,3.015933632850646973e-01,-5.040515214204788208e-02,-2.293882817029953003e-01,-2.727012038230895996e-01,-3.258754014968872070e-01,-2.662731148302555084e-02,3.180983364582061768e-01,-3.455142304301261902e-02,2.894905209541320801e-01,-9.816505014896392822e-02,8.338861912488937378e-02,8.192886412143707275e-02,2.152099311351776123e-01,1.476384043693542480e+00,2.275176532566547394e-02,-2.502771914005279541e-01,-1.849204301834106445e-01,1.452649950981140137e+00
-6.822898864746093750e+00,-1.913049817085266113e+00,6.396033763885498047e-01,7.137112319469451904e-03,-1.562425773590803146e-02,-7.295032143592834473e-01,-6.837616562843322754e-01,-1.563293337821960449e-01,2.733181715011596680e-01,4.073909521102905273e-01,3.284653127193450928e-01,-7.843186706304550171e-02,-2.037798166275024414e-01,-2.561928629875183105e-01,-3.476610779762268066e-01,-4.906746745109558105e-02,2.503055632114410400e-01,7.691543549299240112e-02,3.065406978130340576e-01,-9.110264480113983154e-02,5.726354196667671204e-02,7.016573101282119751e-02,1.777338683605194092e-01,1.488973736763000488e+00,4.289843142032623291e-02,-2.392542362213134766e-01,-2.389021068811416626e-01,1.457632899284362793e+00
-6.840095520019531250e+00,-1.916324377059936523e+00,6.427375674247741699e-01,8.012554608285427094e-03,-1.319111883640289307e-02,-7.286089062690734863e-01,-6.847560405731201172e-01,-1.525623351335525513e-01,2.482468038797378540e-01,4.170776605606079102e-01,3.279852867126464844e-01,-9.270168095827102661e-02,-1.786188930273056030e-01,-2.463124096393585205e-01,-3.671341538429260254e-01,-8.734208345413208008e-02,2.014974802732467651e-01,1.848075985908508301e-01,2.932868599891662598e-01,-8.301731199026107788e-02,3.949215635657310486e-02,5.884329602122306824e-02,1.456198841333389282e-01,1.496431708335876465e+00,4.976379126310348511e-02,-2.281957566738128662e-01,-2.614817321300506592e-01,1.465635299682617188e+00
-6.856673717498779297e+00,-1.919237136840820312e+00,6.468021869659423828e-01,9.107161313295364380e-03,-1.029880251735448837e-02,-7.262853384017944336e-01,-6.872557997703552246e-01,-1.412327885627746582e-01,2.221543192863464355e-01,4.303058981895446777e-01,3.121992051601409912e-01,-9.856809675693511963e-02,-1.524904519319534302e-01,-2.432557195425033569e-01,-3.812719583511352539e-01,-1.558610498905181885e-01,1.926063895225524902e-01,2.461835592985153198e-01,2.368368059396743774e-01,-7.936820387840270996e-02,3.880451619625091553e-02,4.818812385201454163e-02,1.423767656087875366e-01,1.494560480117797852e+00,4.693151637911796570e-02,-2.131538242101669312e-01,-2.590323090553283691e-01,1.469913363456726074e+00
-6.872605323791503906e+00,-1.921908020973205566e+00,6.514299511909484863e-01,1.123701594769954681e-02,-7.091970648616552353e-03,-7.241507172584533691e-01,-6.895137429237365723e-01,-1.263003200292587280e-01,1.965503245592117310e-01,4.426309466361999512e-01,2.833151221275329590e-01,-9.662624448537826538e-02,-1.276290118694305420e-01,-2.476504296064376831e-01,-3.851314187049865723e-01,-2.307505011558532715e-01,2.291922420263290405e-01,2.264964431524276733e-01,1.709107607603073120e-01,-8.189524710178375244e-02,4.890941828489303589e-02,4.246905446052551270e-02,1.514109373092651367e-01,1.482700824737548828e+00,4.305928573012351990e-02,-1.944577842950820923e-01,-2.517713010311126709e-01,1.467872262001037598e+00
-6.886523246765136719e+00,-1.924383878707885742e+00,6.556333899497985840e-01,1.402122061699628830e-02,-3.665544558316469193e-03,-7.221254110336303711e-01,-6.916103363037109375e-01,-1.111688241362571716e-01,1.742971837520599365e-01,4.540049135684967041e-01,2.499113976955413818e-01,-9.014911204576492310e-02,-1.052227988839149475e-01,-2.570721805095672607e-01,-3.754966855049133301e-01,-2.807191610336303711e-01,2.923157811164855957e-01,1.612854897975921631e-01,1.192873343825340271e-01,-8.776191622018814087e-02,6.063240766525268555e-02,4.377000406384468079e-02,1.475626528263092041e-01,1.467395544052124023e+00,3.985507786273956299e-02,-1.735367774963378906e-01,-2.446104735136032104e-01,1.461823940277099609e+00
-6.897743701934814453e+00,-1.927232027053833008e+00,6.589910387992858887e-01,1.650732383131980896e-02,-6.285678246058523655e-04,-7.201685905456542969e-01,-6.936023831367492676e-01,-9.796292334794998169e-02,1.563381403684616089e-01,4.642130732536315918e-01,2.168152034282684326e-01,-8.010772615671157837e-02,-8.676674216985702515e-02,-2.662568390369415283e-01,-3.498641848564147949e-01,-2.967353761196136475e-01,3.592027127742767334e-01,8.603605628013610840e-02,8.822982758283615112e-02,-9.283059090375900269e-02,6.550351530313491821e-02,4.802821576595306396e-02,1.294176727533340454e-01,1.457910895347595215e+00,3.555868193507194519e-02,-1.528408825397491455e-01,-2.322969734668731689e-01,1.454633474349975586e+00
-6.906610488891601562e+00,-1.930113196372985840e+00,6.614445447921752930e-01,1.900920830667018890e-02,2.266045426949858665e-03,-7.179026007652282715e-01,-6.958802938461303711e-01,-8.755333721637725830e-02,1.431799978017807007e-01,4.737535119056701660e-01,1.885671168565750122e-01,-6.984522938728332520e-02,-7.180970162153244019e-02,-2.726147472858428955e-01,-3.082045018672943115e-01,-2.893090248107910156e-01,4.132554233074188232e-01,1.860598102211952209e-02,7.154976576566696167e-02,-9.567433595657348633e-02,6.312042474746704102e-02,5.309121310710906982e-02,1.098572537302970886e-01,1.456920385360717773e+00,3.196265175938606262e-02,-1.306344568729400635e-01,-2.123402357101440430e-01,1.446651339530944824e+00
-6.914724349975585938e+00,-1.932340025901794434e+00,6.633049249649047852e-01,2.145424112677574158e-02,5.057070869952440262e-03,-7.150210142135620117e-01,-6.987553834915161133e-01,-7.707203924655914307e-02,1.316457241773605347e-01,4.839435517787933350e-01,1.630025357007980347e-01,-6.162527203559875488e-02,-5.868589878082275391e-02,-2.729027867317199707e-01,-2.498808950185775757e-01,-2.708202898502349854e-01,4.462471902370452881e-01,-3.311869129538536072e-02,6.210627034306526184e-02,-9.418580681085586548e-02,5.678945034742355347e-02,5.720888823270797729e-02,9.959562122821807861e-02,1.461545825004577637e+00,2.792972326278686523e-02,-1.077009662985801697e-01,-1.900491267442703247e-01,1.442080616950988770e+00
-6.922139644622802734e+00,-1.933704733848571777e+00,6.646852493286132812e-01,2.357161976397037506e-02,7.705672178417444229e-03,-7.115250825881958008e-01,-7.022229433059692383e-01,-6.598591804504394531e-02,1.211865693330764771e-01,4.950359761714935303e-01,1.407884657382965088e-01,-5.650345981121063232e-02,-4.763232171535491943e-02,-2.629708647727966309e-01,-1.838096380233764648e-01,-2.570972144603729248e-01,4.550352692604064941e-01,-7.060467451810836792e-02,5.839009955525398254e-02,-9.114515036344528198e-02,4.988506808876991272e-02,6.058719009160995483e-02,1.012235060334205627e-01,1.468108057975769043e+00,2.243569493293762207e-02,-8.330280333757400513e-02,-1.680684089660644531e-01,1.443536639213562012e+00
-6.928579807281494141e+00,-1.934383749961853027e+00,6.655951142311096191e-01,2.508949302136898041e-02,9.682282805442810059e-03,-7.080780863761901855e-01,-7.056218385696411133e-01,-5.504946038126945496e-02,1.113121733069419861e-01,5.061051249504089355e-01,1.216337308287620544e-01,-5.352837964892387390e-02,-3.867968544363975525e-02,-2.482113093137741089e-01,-1.216779723763465881e-01,-2.493141740560531616e-01,4.511870145797729492e-01,-1.042116433382034302e-01,4.966974630951881409e-02,-8.738529682159423828e-02,4.496692121028900146e-02,6.322585791349411011e-02,1.069310829043388367e-01,1.473110795021057129e+00,1.604923047125339508e-02,-6.058845296502113342e-02,-1.481540799140930176e-01,1.448334813117980957e+00
-6.933780193328857422e+00,-1.934207677841186523e+00,6.661430597305297852e-01,2.573015354573726654e-02,1.135080773383378983e-02,-7.038899064064025879e-01,-7.097521424293518066e-01,-4.148520901799201965e-02,1.004312857985496521e-01,5.193614959716796875e-01,1.016059592366218567e-01,-5.124833807349205017e-02,-3.114126436412334442e-02,-2.321159392595291138e-01,-5.710582062602043152e-02,-2.265232354402542114e-01,4.345985352993011475e-01,-1.357685327529907227e-01,2.728613093495368958e-02,-8.255249261856079102e-02,4.112688452005386353e-02,6.488882750272750854e-02,1.134768649935722351e-01,1.475436568260192871e+00,8.602385409176349640e-03,-3.810999542474746704e-02,-1.268921494483947754e-01,1.455918073654174805e+00
-6.938063144683837891e+00,-1.933792114257812500e+00,6.661236882209777832e-01,2.509058639407157898e-02,1.186091080307960510e-02,-6.995866298675537109e-01,-7.140086293220520020e-01,-2.866166457533836365e-02,8.791549503803253174e-02,5.324187874794006348e-01,8.466305583715438843e-02,-5.055024847388267517e-02,-2.563150785863399506e-02,-2.215473800897598267e-01,6.418952718377113342e-03,-1.669026315212249756e-01,4.072230458259582520e-01,-1.566353142261505127e-01,-4.141690675169229507e-03,-7.753549516201019287e-02,3.876351937651634216e-02,6.426729261875152588e-02,1.206279173493385315e-01,1.475250482559204102e+00,9.277810459025204182e-04,-1.870015822350978851e-02,-1.020310372114181519e-01,1.463031530380249023e+00
-6.942089080810546875e+00,-1.933453083038330078e+00,6.654850244522094727e-01,2.276668511331081390e-02,1.078213565051555634e-02,-6.951773166656494141e-01,-7.183967828750610352e-01,-1.674097590148448944e-02,7.185807824134826660e-02,5.454477071762084961e-01,6.934465467929840088e-02,-4.985528439283370972e-02,-2.062668278813362122e-02,-2.119941264390945435e-01,6.341780722141265869e-02,-7.860057801008224487e-02,3.648992180824279785e-01,-1.556815207004547119e-01,-3.720635920763015747e-02,-7.166549563407897949e-02,3.822002187371253967e-02,6.148593500256538391e-02,1.282542049884796143e-01,1.470746874809265137e+00,-6.530569400638341904e-03,-2.047099638730287552e-03,-7.235535234212875366e-02,1.468819022178649902e+00
-6.947177886962890625e+00,-1.932318210601806641e+00,6.641380190849304199e-01,1.863136328756809235e-02,7.583238184452056885e-03,-6.915168762207031250e-01,-7.220801711082458496e-01,-4.693795926868915558e-03,4.876445233821868896e-02,5.562518239021301270e-01,5.448811128735542297e-02,-5.152915045619010925e-02,-1.518793310970067978e-02,-2.006722092628479004e-01,9.625935554504394531e-02,-1.191396382637321949e-03,3.199353814125061035e-01,-1.391831338405609131e-01,-6.081035360693931580e-02,-6.459690630435943604e-02,3.879631310701370239e-02,5.703208222985267639e-02,1.327100992202758789e-01,1.462828040122985840e+00,-1.401136815547943115e-02,8.833065629005432129e-03,-4.425184056162834167e-02,1.473954081535339355e+00
-6.952270507812500000e+00,-1.930222988128662109e+00,6.623643636703491211e-01,1.252342760562896729e-02,2.340176841244101524e-03,-6.890065670013427734e-01,-7.246431112289428711e-01,4.399707075208425522e-03,2.140816487371921539e-02,5.620272159576416016e-01,4.837536811828613281e-02,-5.918938666582107544e-02,-9.648129343986511230e-03,-1.958861798048019409e-01,9.947622567415237427e-02,4.674411192536354065e-02,2.994848787784576416e-01,-1.306438893079757690e-01,-6.963932514190673828e-02,-5.522412434220314026e-02,3.707820177078247070e-02,5.238046869635581970e-02,1.309757679700851440e-01,1.454220414161682129e+00,-2.162824571132659912e-02,1.396664790809154510e-02,-2.122287638485431671e-02,1.481465458869934082e+00
-6.956718444824218750e+00,-1.928735375404357910e+00,6.605195403099060059e-01,6.757788825780153275e-03,-3.662631381303071976e-03,-6.883713006973266602e-01,-7.253177762031555176e-01,-1.053458196111023426e-03,1.018625800497829914e-03,5.603566169738769531e-01,6.898489594459533691e-02,-7.852971553802490234e-02,-4.288872238248586655e-03,-1.970853954553604126e-01,8.452910184860229492e-02,7.093089073896408081e-02,2.920236289501190186e-01,-1.214391067624092102e-01,-6.633411347866058350e-02,-4.494382813572883606e-02,3.254791349172592163e-02,4.664885625243186951e-02,1.269558519124984741e-01,1.448464155197143555e+00,-2.575761638581752777e-02,1.518194843083620071e-02,-5.932952743023633957e-03,1.485724329948425293e+00
-6.961365222930908203e+00,-1.927906036376953125e+00,6.588714718818664551e-01,3.311221487820148468e-03,-8.584082126617431641e-03,-6.912808418273925781e-01,-7.225276231765747070e-01,-2.099931612610816956e-02,-8.455934002995491028e-03,5.474151968955993652e-01,1.142523363232612610e-01,-1.073816344141960144e-01,2.937832381576299667e-03,-1.973997503519058228e-01,6.546300649642944336e-02,7.570816576480865479e-02,2.848996520042419434e-01,-1.145081743597984314e-01,-5.825221911072731018e-02,-3.841163218021392822e-02,3.714170679450035095e-02,4.128075391054153442e-02,1.339673101902008057e-01,1.434374332427978516e+00,-2.284778840839862823e-02,1.604951918125152588e-02,5.130175035446882248e-03,1.480856537818908691e+00
-6.966178894042968750e+00,-1.928581118583679199e+00,6.571378707885742188e-01,2.741329139098525047e-03,-1.099761947989463806e-02,-6.941781640052795410e-01,-7.197139859199523926e-01,-5.168953165411949158e-02,-5.326786078512668610e-03,5.299767851829528809e-01,1.786187887191772461e-01,-1.428620368242263794e-01,1.085770409554243088e-02,-2.022539526224136353e-01,5.285190045833587646e-02,7.335072010755538940e-02,2.857198417186737061e-01,-1.141851395368576050e-01,-5.014005303382873535e-02,-3.075642138719558716e-02,4.852826893329620361e-02,4.209851101040840149e-02,1.428761482238769531e-01,1.410081982612609863e+00,-1.751951314508914948e-02,1.793798990547657013e-02,1.529796048998832703e-02,1.470507502555847168e+00
-6.969879627227783203e+00,-1.930936217308044434e+00,6.559309959411621094e-01,1.783934887498617172e-03,-1.404099632054567337e-02,-6.987817287445068359e-01,-7.151948809623718262e-01,-9.326855838298797607e-02,4.072605632245540619e-03,4.985962212085723877e-01,2.541125714778900146e-01,-1.702724099159240723e-01,1.487931702286005020e-02,-2.133176177740097046e-01,3.853170573711395264e-02,6.594644486904144287e-02,2.964424788951873779e-01,-1.166319549083709717e-01,-4.274092242121696472e-02,-2.516502514481544495e-02,5.685955286026000977e-02,4.549373686313629150e-02,1.364622116088867188e-01,1.382176160812377930e+00,-1.083309389650821686e-02,1.221778243780136108e-02,2.022969163954257965e-02,1.460855007171630859e+00
-6.974377632141113281e+00,-1.933238863945007324e+00,6.560732126235961914e-01,-2.645514614414423704e-04,-1.744903251528739929e-02,-7.045818567276000977e-01,-7.094081044197082520e-01,-1.353771835565567017e-01,1.625166833400726318e-02,4.646424353122711182e-01,3.283766210079193115e-01,-1.877530515193939209e-01,1.183727383613586426e-02,-2.178364694118499756e-01,2.080777101218700409e-02,5.556657537817955017e-02,2.978020310401916504e-01,-1.153709068894386292e-01,-3.493862599134445190e-02,-2.398543432354927063e-02,6.109074503183364868e-02,4.842675104737281799e-02,1.216192394495010376e-01,1.358302116394042969e+00,-3.887416096404194832e-03,1.224958570674061775e-03,1.612125895917415619e-02,1.455128431320190430e+00
-6.979007244110107422e+00,-1.934277653694152832e+00,6.573840975761413574e-01,-2.856862265616655350e-03,-2.144461311399936676e-02,-7.105014920234680176e-01,-7.033630609512329102e-01,-1.729281693696975708e-01,3.145722672343254089e-02,4.388727545738220215e-01,3.942266106605529785e-01,-1.942136436700820923e-01,1.205659937113523483e-03,-2.117886841297149658e-01,6.676139310002326965e-05,4.318732023239135742e-02,2.832062244415283203e-01,-1.087213382124900818e-01,-2.677273377776145935e-02,-2.471629157662391663e-02,6.864994019269943237e-02,4.984661564230918884e-02,1.066827997565269470e-01,1.335263848304748535e+00,5.390840116888284683e-03,-1.372364908456802368e-02,4.320892039686441422e-03,1.452289342880249023e+00
-6.983811855316162109e+00,-1.934352040290832520e+00,6.591733098030090332e-01,-5.674290005117654800e-03,-2.493693493306636810e-02,-7.149122953414916992e-01,-6.987463235855102539e-01,-1.997481882572174072e-01,5.129205808043479919e-02,4.222378730773925781e-01,4.381120204925537109e-01,-1.803810745477676392e-01,-1.811531186103820801e-02,-1.997023224830627441e-01,-2.020566724240779877e-02,3.345758467912673950e-02,2.591709196567535400e-01,-9.720126539468765259e-02,-1.810058206319808960e-02,-2.443867921829223633e-02,8.020414412021636963e-02,5.036597698926925659e-02,1.036166176199913025e-01,1.316495656967163086e+00,1.274300646036863327e-02,-3.106451034545898438e-02,-6.943739484995603561e-03,1.454974889755249023e+00
-6.989274978637695312e+00,-1.934199213981628418e+00,6.608180999755859375e-01,-8.124792017042636871e-03,-2.785880491137504578e-02,-7.176750898361206055e-01,-6.957731842994689941e-01,-2.163710296154022217e-01,7.520452141761779785e-02,4.087060093879699707e-01,4.598336219787597656e-01,-1.537239402532577515e-01,-4.383036121726036072e-02,-1.864049583673477173e-01,-3.941378742456436157e-02,2.712587639689445496e-02,2.323321849107742310e-01,-8.351790904998779297e-02,-8.321864530444145203e-03,-2.330686151981353760e-02,9.648722410202026367e-02,5.337389558553695679e-02,1.200667619705200195e-01,1.305956482887268066e+00,1.677649840712547302e-02,-4.973984882235527039e-02,-1.490938104689121246e-02,1.462675213813781738e+00
-6.995736122131347656e+00,-1.933659791946411133e+00,6.622153520584106445e-01,-1.048209797590970993e-02,-2.986260689795017242e-02,-7.193630933761596680e-01,-6.939129233360290527e-01,-2.226017713546752930e-01,1.020939201116561890e-01,3.924565911293029785e-01,4.610844254493713379e-01,-1.224861443042755127e-01,-7.509496808052062988e-02,-1.713070571422576904e-01,-5.786586925387382507e-02,2.278542704880237579e-02,2.041394263505935669e-01,-6.881366670131683350e-02,3.058081958442926407e-03,-2.309127710759639740e-02,1.139719858765602112e-01,6.032995507121086121e-02,1.468822807073593140e-01,1.304294705390930176e+00,1.914958469569683075e-02,-6.950528174638748169e-02,-2.137179672718048096e-02,1.471295356750488281e+00
-7.002631187438964844e+00,-1.932848215103149414e+00,6.633329987525939941e-01,-1.258856523782014847e-02,-3.132202848792076111e-02,-7.201567292213439941e-01,-6.929897069931030273e-01,-2.205311506986618042e-01,1.281317323446273804e-01,3.737451732158660889e-01,4.451862275600433350e-01,-8.955993503332138062e-02,-1.086853295564651489e-01,-1.563328951597213745e-01,-7.586281746625900269e-02,2.070761471986770630e-02,1.774068921804428101e-01,-5.517208203673362732e-02,1.539897639304399490e-02,-2.254839986562728882e-02,1.305917352437973022e-01,7.072324305772781372e-02,1.781474649906158447e-01,1.312818408012390137e+00,2.125804871320724487e-02,-9.084703773260116577e-02,-2.797191217541694641e-02,1.478520154953002930e+00
-7.010614871978759766e+00,-1.931749463081359863e+00,6.639662384986877441e-01,-1.441459450870752335e-02,-3.219280764460563660e-02,-7.200601696968078613e-01,-6.930146217346191406e-01,-2.103764414787292480e-01,1.531349569559097290e-01,3.509208559989929199e-01,4.120364785194396973e-01,-4.984618350863456726e-02,-1.440754383802413940e-01,-1.423673778772354126e-01,-9.376720339059829712e-02,2.095718123018741608e-02,1.537623852491378784e-01,-4.373829811811447144e-02,2.898820117115974426e-02,-2.200779318809509277e-02,1.450564265251159668e-01,8.149658888578414917e-02,2.095804214477539062e-01,1.328817009925842285e+00,2.282006479799747467e-02,-1.124422326683998108e-01,-3.528701886534690857e-02,1.484977483749389648e+00
-7.019093990325927734e+00,-1.930424213409423828e+00,6.641926765441894531e-01,-1.603376679122447968e-02,-3.269931674003601074e-02,-7.195494174957275391e-01,-6.934856176376342773e-01,-1.952816992998123169e-01,1.762351393699645996e-01,3.277061283588409424e-01,3.704089820384979248e-01,-1.030158717185258865e-02,-1.790326535701751709e-01,-1.306969374418258667e-01,-1.113954335451126099e-01,2.260965481400489807e-02,1.359623819589614868e-01,-3.513152152299880981e-02,4.374482110142707825e-02,-2.252673357725143433e-02,1.589080989360809326e-01,9.217824786901473999e-02,2.411509156227111816e-01,1.350276589393615723e+00,2.335207909345626831e-02,-1.349299550056457520e-01,-4.322178661823272705e-02,1.491260766983032227e+00
-7.028217315673828125e+00,-1.929299235343933105e+00,6.638520359992980957e-01,-1.726757548749446869e-02,-3.266500681638717651e-02,-7.188740372657775879e-01,-6.941577792167663574e-01,-1.775561720132827759e-01,1.995307356119155884e-01,3.061581850051879883e-01,3.242941498756408691e-01,2.485241740942001343e-02,-2.126115262508392334e-01,-1.231773272156715393e-01,-1.289171576499938965e-01,2.492711134254932404e-02,1.272944509983062744e-01,-3.212607279419898987e-02,5.975075811147689819e-02,-2.445401065051555634e-02,1.728162616491317749e-01,1.029822453856468201e-01,2.694073021411895752e-01,1.370624423027038574e+00,2.192966267466545105e-02,-1.564741730690002441e-01,-5.043483152985572815e-02,1.497993707656860352e+00
-7.038277149200439453e+00,-1.928972005844116211e+00,6.631206870079040527e-01,-1.810093596577644348e-02,-3.230542317032814026e-02,-7.186937928199768066e-01,-6.943399310111999512e-01,-1.597037911415100098e-01,2.209210842847824097e-01,2.867860794067382812e-01,2.804492712020874023e-01,5.562527850270271301e-02,-2.374772429466247559e-01,-1.204361319541931152e-01,-1.468236595392227173e-01,2.679176442325115204e-02,1.270253658294677734e-01,-3.321819379925727844e-02,7.687897980213165283e-02,-2.813641540706157684e-02,1.857113540172576904e-01,1.138812527060508728e-01,2.929463088512420654e-01,1.389301300048828125e+00,1.960280351340770721e-02,-1.787141859531402588e-01,-6.104978173971176147e-02,1.504408597946166992e+00
-7.049184322357177734e+00,-1.929081559181213379e+00,6.617622971534729004e-01,-1.848055608570575714e-02,-3.155504912137985229e-02,-7.183405160903930664e-01,-6.947299242019653320e-01,-1.400653421878814697e-01,2.410356402397155762e-01,2.812215685844421387e-01,2.406529784202575684e-01,8.540342748165130615e-02,-2.503383457660675049e-01,-1.229543238878250122e-01,-1.648322492837905884e-01,2.976456843316555023e-02,1.365748494863510132e-01,-4.021957889199256897e-02,9.594015777111053467e-02,-3.095563501119613647e-02,1.967629939317703247e-01,1.250072121620178223e-01,3.117054700851440430e-01,1.404033303260803223e+00,1.787104085087776184e-02,-1.998499333858489990e-01,-7.525511831045150757e-02,1.509099483489990234e+00
-7.060684680938720703e+00,-1.929819822311401367e+00,6.597788333892822266e-01,-1.821010746061801910e-02,-3.066300414502620697e-02,-7.178192734718322754e-01,-6.953155398368835449e-01,-1.200095042586326599e-01,2.584680020809173584e-01,2.919060885906219482e-01,2.084936946630477905e-01,1.054366230964660645e-01,-2.603680491447448730e-01,-1.331980228424072266e-01,-1.827781647443771362e-01,3.560280054807662964e-02,1.587640047073364258e-01,-5.406540632247924805e-02,1.161367967724800110e-01,-3.167778626084327698e-02,2.075586616992950439e-01,1.366707086563110352e-01,3.242732882499694824e-01,1.410743236541748047e+00,1.727959141135215759e-02,-2.207131683826446533e-01,-9.064805507659912109e-02,1.511799693107604980e+00
-7.073651313781738281e+00,-1.931608796119689941e+00,6.569470167160034180e-01,-1.734379306435585022e-02,-2.941038645803928375e-02,-7.176193594932556152e-01,-6.955980658531188965e-01,-1.012951061129570007e-01,2.716628909111022949e-01,3.094052076339721680e-01,1.858315169811248779e-01,1.145235821604728699e-01,-2.685783505439758301e-01,-1.501387357711791992e-01,-2.015756964683532715e-01,4.246952012181282043e-02,1.915051192045211792e-01,-7.245071977376937866e-02,1.391869485378265381e-01,-3.310891240835189819e-02,2.175588309764862061e-01,1.475653648376464844e-01,3.320491313934326172e-01,1.410324573516845703e+00,1.578069105744361877e-02,-2.412235587835311890e-01,-1.026801615953445435e-01,1.513154387474060059e+00
-7.087951183319091797e+00,-1.934049010276794434e+00,6.531954407691955566e-01,-1.555512752383947372e-02,-2.787036448717117310e-02,-7.183968424797058105e-01,-6.949008703231811523e-01,-8.975063264369964600e-02,2.796946167945861816e-01,3.194873332977294922e-01,1.733339130878448486e-01,1.228131577372550964e-01,-2.781401574611663818e-01,-1.688907891511917114e-01,-2.217864394187927246e-01,4.764606058597564697e-02,2.258063256740570068e-01,-9.126272797584533691e-02,1.644629240036010742e-01,-3.713673725724220276e-02,2.241897881031036377e-01,1.559756249189376831e-01,3.376746177673339844e-01,1.406234025955200195e+00,1.214218512177467346e-02,-2.610968947410583496e-01,-1.101618856191635132e-01,1.514287710189819336e+00
-7.104100704193115234e+00,-1.937026858329772949e+00,6.488054394721984863e-01,-1.303688436746597290e-02,-2.574952132999897003e-02,-7.210773825645446777e-01,-6.922531723976135254e-01,-8.675564825534820557e-02,2.831525802612304688e-01,3.342294692993164062e-01,1.794085502624511719e-01,9.708691388368606567e-02,-2.817678451538085938e-01,-1.834789663553237915e-01,-2.443069070577621460e-01,4.717603698372840881e-02,2.527815401554107666e-01,-1.056702807545661926e-01,1.932851225137710571e-01,-4.556239023804664612e-02,2.269973754882812500e-01,1.610633283853530884e-01,3.413868546485900879e-01,1.401306152343750000e+00,8.830894716084003448e-03,-2.787055969238281250e-01,-1.184399276971817017e-01,1.515935897827148438e+00
-7.122065544128417969e+00,-1.940292119979858398e+00,6.446238756179809570e-01,-9.412431158125400543e-03,-2.315570041537284851e-02,-7.241249680519104004e-01,-6.892156600952148438e-01,-9.025577455759048462e-02,2.801828384399414062e-01,3.520959913730621338e-01,1.949641704559326172e-01,5.069249868392944336e-02,-2.723302841186523438e-01,-1.939277946949005127e-01,-2.686082422733306885e-01,4.447908699512481689e-02,2.680283486843109131e-01,-1.117725372314453125e-01,2.253475189208984375e-01,-5.295912548899650574e-02,2.223331183195114136e-01,1.629699915647506714e-01,3.394332230091094971e-01,1.396847963333129883e+00,7.337396498769521713e-03,-2.937219142913818359e-01,-1.350642889738082886e-01,1.516627907752990723e+00
-7.141257286071777344e+00,-1.944259524345397949e+00,6.426466703414916992e-01,-5.009463988244533539e-03,-1.997871883213520050e-02,-7.297908067703247070e-01,-6.833601593971252441e-01,-1.120834425091743469e-01,2.689327597618103027e-01,3.508597016334533691e-01,2.316733598709106445e-01,1.423373818397521973e-03,-2.480345964431762695e-01,-1.966266185045242310e-01,-2.947309315204620361e-01,3.214389458298683167e-02,2.708218991756439209e-01,-1.074012890458106995e-01,2.598306536674499512e-01,-6.208074465394020081e-02,2.012453228235244751e-01,1.623808890581130981e-01,3.267496526241302490e-01,1.405410766601562500e+00,9.285050444304943085e-03,-3.002529740333557129e-01,-1.683914810419082642e-01,1.517846584320068359e+00
-7.159090995788574219e+00,-1.949121713638305664e+00,6.415084004402160645e-01,-1.177685451693832874e-03,-1.735716126859188080e-02,-7.363949418067932129e-01,-6.763281822204589844e-01,-1.491692811250686646e-01,2.558200061321258545e-01,3.351471126079559326e-01,2.906403839588165283e-01,-4.591669887304306030e-02,-2.194933295249938965e-01,-1.970931589603424072e-01,-3.208298981189727783e-01,1.308912783861160278e-02,2.632858157157897949e-01,-7.672551274299621582e-02,2.910893559455871582e-01,-6.939569860696792603e-02,1.614673882722854614e-01,1.539659649133682251e-01,2.908354997634887695e-01,1.434056162834167480e+00,2.433905936777591705e-02,-2.943754792213439941e-01,-2.355729788541793823e-01,1.515034556388854980e+00
-7.176115036010742188e+00,-1.954719901084899902e+00,6.417644619941711426e-01,1.698522479273378849e-03,-1.557470858097076416e-02,-7.393371462821960449e-01,-6.731531023979187012e-01,-1.762741804122924805e-01,2.380487620830535889e-01,3.295964300632476807e-01,3.330776095390319824e-01,-7.981281727552413940e-02,-1.901403218507766724e-01,-2.066285759210586548e-01,-3.451104462146759033e-01,-9.205158799886703491e-03,2.516516745090484619e-01,-3.536100266501307487e-03,3.173146843910217285e-01,-6.749705970287322998e-02,1.181791126728057861e-01,1.383308172225952148e-01,2.334469705820083618e-01,1.462749361991882324e+00,4.608598724007606506e-02,-2.798335850238800049e-01,-3.099285066127777100e-01,1.504894733428955078e+00
-7.193334579467773438e+00,-1.959021091461181641e+00,6.441401839256286621e-01,3.534659743309020996e-03,-1.438404154032468796e-02,-7.378348112106323242e-01,-6.748187541961669922e-01,-1.792442351579666138e-01,2.134764939546585083e-01,3.409431278705596924e-01,3.391999304294586182e-01,-9.638305753469467163e-02,-1.609235703945159912e-01,-2.286127954721450806e-01,-3.676313757896423340e-01,-4.195317625999450684e-02,2.617907524108886719e-01,6.914059072732925415e-02,3.022318184375762939e-01,-6.070552766323089600e-02,8.443757891654968262e-02,1.162215769290924072e-01,1.823705285787582397e-01,1.481789112091064453e+00,5.205194652080535889e-02,-2.598559260368347168e-01,-3.454580307006835938e-01,1.500644326210021973e+00
-7.210479259490966797e+00,-1.962796449661254883e+00,6.480071544647216797e-01,5.292904563248157501e-03,-1.261454261839389801e-02,-7.349314093589782715e-01,-6.780034303665161133e-01,-1.696050614118576050e-01,1.863677501678466797e-01,3.577220141887664795e-01,3.221325576305389404e-01,-1.012733206152915955e-01,-1.319742500782012939e-01,-2.598922252655029297e-01,-3.807145953178405762e-01,-8.534080535173416138e-02,3.150779306888580322e-01,8.001744002103805542e-02,2.317527383565902710e-01,-5.940743908286094666e-02,7.135950028896331787e-02,9.343066811561584473e-02,1.722421646118164062e-01,1.490038275718688965e+00,3.899541869759559631e-02,-2.365646064281463623e-01,-3.393707275390625000e-01,1.504379868507385254e+00
-7.225115299224853516e+00,-1.966580033302307129e+00,6.519202589988708496e-01,7.914519868791103363e-03,-9.659820236265659332e-03,-7.333846688270568848e-01,-6.796991825103759766e-01,-1.588836163282394409e-01,1.642796695232391357e-01,3.688410520553588867e-01,2.955981791019439697e-01,-9.868562966585159302e-02,-1.064970791339874268e-01,-2.863409817218780518e-01,-3.782938718795776367e-01,-1.289943158626556396e-01,3.890544772148132324e-01,3.965643793344497681e-02,1.602010577917098999e-01,-7.015568017959594727e-02,7.739727199077606201e-02,7.454695552587509155e-02,1.928247809410095215e-01,1.484727978706359863e+00,1.928907632827758789e-02,-2.065923660993576050e-01,-3.172422647476196289e-01,1.508228302001953125e+00
-7.236993312835693359e+00,-1.969803452491760254e+00,6.553742885589599609e-01,1.157964486628770828e-02,-6.001843139529228210e-03,-7.334516644477844238e-01,-6.796164512634277344e-01,-1.487176269292831421e-01,1.489863544702529907e-01,3.738559484481811523e-01,2.657904028892517090e-01,-9.143313765525817871e-02,-8.563733845949172974e-02,-2.968511283397674561e-01,-3.599865734577178955e-01,-1.675486564636230469e-01,4.507501721382141113e-01,-7.932369597256183624e-03,1.240718290209770203e-01,-8.658868819475173950e-02,8.766563981771469116e-02,6.240897253155708313e-02,2.062105238437652588e-01,1.472676873207092285e+00,4.758076742291450500e-03,-1.721310019493103027e-01,-2.972027063369750977e-01,1.507981300354003906e+00
-7.245990753173828125e+00,-1.971924185752868652e+00,6.581113338470458984e-01,1.535654813051223755e-02,-1.988793257623910904e-03,-7.336330413818359375e-01,-6.793693900108337402e-01,-1.383970677852630615e-01,1.393662542104721069e-01,3.771516382694244385e-01,2.380419224500656128e-01,-8.348624408245086670e-02,-7.019776105880737305e-02,-2.968817651271820068e-01,-3.248238265514373779e-01,-1.941878497600555420e-01,4.941663444042205811e-01,-4.656752198934555054e-02,1.064094007015228271e-01,-1.008157804608345032e-01,8.882746100425720215e-02,5.422481521964073181e-02,1.884492188692092896e-01,1.462826371192932129e+00,-2.978735603392124176e-03,-1.368781775236129761e-01,-2.779657542705535889e-01,1.503308773040771484e+00
-7.253557682037353516e+00,-1.972886085510253906e+00,6.604136228561401367e-01,1.860225573182106018e-02,2.091777976602315903e-03,-7.330896258354187012e-01,-6.798743605613708496e-01,-1.270254254341125488e-01,1.328238248825073242e-01,3.816879391670227051e-01,2.136592864990234375e-01,-7.615312933921813965e-02,-5.792582035064697266e-02,-2.932152152061462402e-01,-2.749534249305725098e-01,-2.054705768823623657e-01,5.228173136711120605e-01,-7.816959917545318604e-02,9.428652375936508179e-02,-1.098224222660064697e-01,8.112752437591552734e-02,4.921735823154449463e-02,1.576476544141769409e-01,1.458182454109191895e+00,-5.825055763125419617e-03,-1.038519591093063354e-01,-2.553434371948242188e-01,1.496866106986999512e+00
-7.260949134826660156e+00,-1.973059773445129395e+00,6.623342633247375488e-01,2.156561613082885742e-02,6.249209400266408920e-03,-7.317668199539184570e-01,-6.811851859092712402e-01,-1.139163821935653687e-01,1.271898448467254639e-01,3.874933421611785889e-01,1.917742937803268433e-01,-7.119375467300415039e-02,-4.714551568031311035e-02,-2.821330428123474121e-01,-2.146206051111221313e-01,-2.128436714410781860e-01,5.307272076606750488e-01,-1.034389361739158630e-01,8.809860795736312866e-02,-1.137691512703895569e-01,6.762509047985076904e-02,4.577083885669708252e-02,1.291068047285079956e-01,1.459035396575927734e+00,-7.624652236700057983e-03,-7.317275553941726685e-02,-2.271833270788192749e-01,1.492637515068054199e+00
-7.268146514892578125e+00,-1.972348809242248535e+00,6.638008356094360352e-01,2.401027083396911621e-02,9.819416329264640808e-03,-7.296580076217651367e-01,-6.833200454711914062e-01,-1.003758609294891357e-01,1.205385029315948486e-01,3.946085870265960693e-01,1.733126044273376465e-01,-6.968288123607635498e-02,-3.729327768087387085e-02,-2.656153440475463867e-01,-1.516820937395095825e-01,-2.209859937429428101e-01,5.223094820976257324e-01,-1.314758211374282837e-01,7.940664887428283691e-02,-1.138518229126930237e-01,5.437847599387168884e-02,4.378670454025268555e-02,1.087019219994544983e-01,1.461950302124023438e+00,-1.006562542170286179e-02,-4.467510804533958435e-02,-1.977301687002182007e-01,1.492013335227966309e+00
-7.274418354034423828e+00,-1.971187949180603027e+00,6.647763848304748535e-01,2.603786811232566833e-02,1.277683489024639130e-02,-7.276485562324523926e-01,-6.853366494178771973e-01,-9.013564139604568481e-02,1.155711188912391663e-01,4.008491039276123047e-01,1.633274108171463013e-01,-7.296216487884521484e-02,-2.916052006185054779e-02,-2.466489076614379883e-01,-8.961979299783706665e-02,-2.284636050462722778e-01,5.012776851654052734e-01,-1.622523218393325806e-01,5.628194287419319153e-02,-1.130256876349449158e-01,4.312295094132423401e-02,4.004731029272079468e-02,9.539462625980377197e-02,1.466775894165039062e+00,-1.348678022623062134e-02,-1.900676637887954712e-02,-1.681573390960693359e-01,1.494429588317871094e+00
-7.279671669006347656e+00,-1.970222949981689453e+00,6.651280522346496582e-01,2.716518007218837738e-02,1.457563135772943497e-02,-7.255386710166931152e-01,-6.874905824661254883e-01,-8.306806534528732300e-02,1.104326620697975159e-01,4.072502255439758301e-01,1.600763797760009766e-01,-7.885564118623733521e-02,-2.234212495386600494e-02,-2.310075014829635620e-01,-2.901784144341945648e-02,-2.175687402486801147e-01,4.678479135036468506e-01,-1.869391500949859619e-01,2.316421084105968475e-02,-1.111318618059158325e-01,3.319906070828437805e-02,3.479125350713729858e-02,8.735938370227813721e-02,1.473501920700073242e+00,-1.733629964292049408e-02,3.953976556658744812e-03,-1.403923481702804565e-01,1.498238444328308105e+00
-7.284390449523925781e+00,-1.969070076942443848e+00,6.650740504264831543e-01,2.691832929849624634e-02,1.490359567105770111e-02,-7.225596308708190918e-01,-6.906235218048095703e-01,-7.538046687841415405e-02,1.023003980517387390e-01,4.163187444210052490e-01,1.569833308458328247e-01,-8.471692353487014771e-02,-1.653891429305076599e-02,-2.197725474834442139e-01,3.083176910877227783e-02,-1.695817708969116211e-01,4.204911589622497559e-01,-1.960277259349822998e-01,-1.352299749851226807e-02,-1.055815741419792175e-01,2.406294643878936768e-02,2.804034575819969177e-02,8.192693442106246948e-02,1.481113433837890625e+00,-2.128124050796031952e-02,2.202742733061313629e-02,-1.147915720939636230e-01,1.502333641052246094e+00
-7.288466930389404297e+00,-1.967367887496948242e+00,6.640549898147583008e-01,2.449493482708930969e-02,1.290850900113582611e-02,-7.195280194282531738e-01,-6.939111948013305664e-01,-6.733978539705276489e-02,8.841972798109054565e-02,4.262928664684295654e-01,1.553085297346115112e-01,-9.220806509256362915e-02,-1.193311344832181931e-02,-2.086865305900573730e-01,8.199141919612884521e-02,-8.976437896490097046e-02,3.521485924720764160e-01,-1.617437154054641724e-01,-4.867780581116676331e-02,-9.727931022644042969e-02,1.644506305456161499e-02,1.795386336743831635e-02,7.788105309009552002e-02,1.487132549285888672e+00,-2.481540292501449585e-02,3.235672414302825928e-02,-9.426141530275344849e-02,1.506014943122863770e+00
-7.292082786560058594e+00,-1.965626001358032227e+00,6.622543931007385254e-01,2.040651626884937286e-02,9.080437012016773224e-03,-7.179576158523559570e-01,-6.957284212112426758e-01,-6.652986258268356323e-02,7.283061742782592773e-02,4.303069114685058594e-01,1.672668606042861938e-01,-1.056096404790878296e-01,-7.788040675222873688e-03,-1.972015798091888428e-01,1.053822413086891174e-01,-2.836488932371139526e-02,2.934325635433197021e-01,-1.182739660143852234e-01,-6.942591816186904907e-02,-9.003868699073791504e-02,1.139616593718528748e-02,6.736841984093189240e-03,7.489337027072906494e-02,1.489556789398193359e+00,-2.653710544109344482e-02,3.606054931879043579e-02,-7.989181578159332275e-02,1.508198380470275879e+00
-7.295633792877197266e+00,-1.964658379554748535e+00,6.598149538040161133e-01,1.495386287569999695e-02,3.457949962466955185e-03,-7.184706926345825195e-01,-6.953878402709960938e-01,-7.641362398862838745e-02,5.568400770425796509e-02,4.269089698791503906e-01,1.961374580860137939e-01,-1.255668997764587402e-01,-2.457426628097891808e-03,-1.958249360322952271e-01,1.000771075487136841e-01,2.328898757696151733e-03,2.700495421886444092e-01,-9.347596764564514160e-02,-7.334804534912109375e-02,-8.325810730457305908e-02,5.003792233765125275e-03,-4.438060335814952850e-03,6.759299337863922119e-02,1.489979147911071777e+00,-2.652754262089729309e-02,3.269751369953155518e-02,-7.246217876672744751e-02,1.509655594825744629e+00
-7.299563407897949219e+00,-1.964374184608459473e+00,6.578668951988220215e-01,1.082434505224227905e-02,-1.628561411052942276e-03,-7.195087075233459473e-01,-6.943971514701843262e-01,-9.433832764625549316e-02,4.215320572257041931e-02,4.194197654724121094e-01,2.365703433752059937e-01,-1.489141732454299927e-01,4.132100846618413925e-03,-2.012311220169067383e-01,8.294697105884552002e-02,1.868506148457527161e-02,2.649532258510589600e-01,-7.954226434230804443e-02,-6.598474085330963135e-02,-7.170872390270233154e-02,-3.515695789246819913e-05,-1.104662008583545685e-02,5.894578993320465088e-02,1.486163616180419922e+00,-2.387598156929016113e-02,2.852785773575305939e-02,-6.680162250995635986e-02,1.507907152175903320e+00
-7.302923202514648438e+00,-1.963963150978088379e+00,6.560576558113098145e-01,9.037809446454048157e-03,-5.757560022175312042e-03,-7.161343693733215332e-01,-6.978801488876342773e-01,-1.085890009999275208e-01,3.515477851033210754e-02,4.233935773372650146e-01,2.729589045047760010e-01,-1.748794764280319214e-01,7.950196042656898499e-03,-2.129295319318771362e-01,7.135755568742752075e-02,3.918690234422683716e-02,2.737296819686889648e-01,-7.628390938043594360e-02,-5.841739475727081299e-02,-4.578161612153053284e-02,6.708540604449808598e-04,-1.252165995538234711e-02,5.437683314085006714e-02,1.474491834640502930e+00,-1.960527151823043823e-02,2.426321804523468018e-02,-5.576138943433761597e-02,1.500816702842712402e+00
-7.305816173553466797e+00,-1.964139461517333984e+00,6.546695828437805176e-01,7.620493415743112564e-03,-9.250286966562271118e-03,-7.126639485359191895e-01,-7.014032006263732910e-01,-1.202762126922607422e-01,3.099461458623409271e-02,4.285222291946411133e-01,3.031697869300842285e-01,-1.963856816291809082e-01,9.255861863493919373e-03,-2.261781096458435059e-01,6.186046823859214783e-02,5.492721125483512878e-02,2.887128293514251709e-01,-7.911157608032226562e-02,-5.226520076394081116e-02,-2.226495184004306793e-02,4.519328009337186813e-03,-1.199440937489271164e-02,5.448766425251960754e-02,1.458096504211425781e+00,-1.878358237445354462e-02,1.647896878421306610e-02,-3.703393042087554932e-02,1.494692087173461914e+00
-7.309812068939208984e+00,-1.965659618377685547e+00,6.546041965484619141e-01,4.820469766855239868e-03,-1.348994392901659012e-02,-7.132604122161865234e-01,-7.007527351379394531e-01,-1.344600021839141846e-01,3.095438145101070404e-02,4.280869364738464355e-01,3.351359665393829346e-01,-2.071135342121124268e-01,5.072523374110460281e-03,-2.342035472393035889e-01,4.530624672770500183e-02,5.942273512482643127e-02,2.948921620845794678e-01,-7.890819013118743896e-02,-4.423440620303153992e-02,-1.342320442199707031e-02,9.148062206804752350e-03,-1.161648798733949661e-02,4.915918409824371338e-02,1.440322637557983398e+00,-1.963338628411293030e-02,3.475394565612077713e-03,-2.515370585024356842e-02,1.492788910865783691e+00
-7.314815521240234375e+00,-1.965760469436645508e+00,6.559196710586547852e-01,1.317888847552239895e-03,-1.788571104407310486e-02,-7.165152430534362793e-01,-6.973408460617065430e-01,-1.474374681711196899e-01,3.781908005475997925e-02,4.261107742786407471e-01,3.624733388423919678e-01,-2.022974640130996704e-01,-7.748911622911691666e-03,-2.289709448814392090e-01,2.254715375602245331e-02,5.618112161755561829e-02,2.835627198219299316e-01,-7.424335181713104248e-02,-3.448102995753288269e-02,-1.400773134082555771e-02,1.636300422251224518e-02,-9.648523293435573578e-03,3.930895775556564331e-02,1.420590281486511230e+00,-1.780606992542743683e-02,-1.192588917911052704e-02,-2.775973081588745117e-02,1.491492509841918945e+00
-7.320318698883056641e+00,-1.964653968811035156e+00,6.578184962272644043e-01,-2.742801560088992119e-03,-2.236712723970413208e-02,-7.196087241172790527e-01,-6.940140128135681152e-01,-1.554338485002517700e-01,5.217539146542549133e-02,4.215322434902191162e-01,3.770367503166198730e-01,-1.829631626605987549e-01,-2.950824797153472900e-02,-2.162851095199584961e-01,-1.622125157155096531e-03,5.158833041787147522e-02,2.634350061416625977e-01,-6.847313046455383301e-02,-2.476218156516551971e-02,-1.705912873148918152e-02,2.636372484266757965e-02,-7.177321240305900574e-03,3.422521427273750305e-02,1.402062892913818359e+00,-1.341252960264682770e-02,-2.938856743276119232e-02,-3.620650619268417358e-02,1.488145709037780762e+00
-7.326309680938720703e+00,-1.963611602783203125e+00,6.596239209175109863e-01,-6.851678248494863510e-03,-2.640715427696704865e-02,-7.215322852134704590e-01,-6.918430924415588379e-01,-1.562987416982650757e-01,7.094316184520721436e-02,4.144800901412963867e-01,3.758915960788726807e-01,-1.555684804916381836e-01,-5.850237607955932617e-02,-2.034390568733215332e-01,-2.554354257881641388e-02,4.948041588068008423e-02,2.427681535482406616e-01,-6.153257191181182861e-02,-1.360659860074520111e-02,-1.926168985664844513e-02,3.778033331036567688e-02,-3.234066069126129150e-03,3.746556118130683899e-02,1.388570904731750488e+00,-9.120977483689785004e-03,-4.869306460022926331e-02,-4.188803955912590027e-02,1.484356403350830078e+00
-7.333108425140380859e+00,-1.962823748588562012e+00,6.611462831497192383e-01,-1.073522679507732391e-02,-3.000893071293830872e-02,-7.223501801490783691e-01,-6.907926201820373535e-01,-1.495689898729324341e-01,9.358334541320800781e-02,4.052941203117370605e-01,3.589160740375518799e-01,-1.201098412275314331e-01,-9.290371090173721313e-02,-1.922412663698196411e-01,-4.899138212203979492e-02,4.984729737043380737e-02,2.244787365198135376e-01,-5.437764897942543030e-02,-1.366638345643877983e-03,-2.078911475837230682e-02,4.849606752395629883e-02,3.023919882252812386e-03,4.619391635060310364e-02,1.381478786468505859e+00,-7.273713126778602600e-03,-6.871806085109710693e-02,-4.452346265316009521e-02,1.482058405876159668e+00
-7.340832710266113281e+00,-1.961928248405456543e+00,6.623226404190063477e-01,-1.419908087700605392e-02,-3.279647603631019592e-02,-7.227000594139099121e-01,-6.902371644973754883e-01,-1.388101279735565186e-01,1.180777400732040405e-01,3.934466540813446045e-01,3.314107954502105713e-01,-7.876779139041900635e-02,-1.296992748975753784e-01,-1.808786094188690186e-01,-7.222776859998703003e-02,5.053413286805152893e-02,2.064273208379745483e-01,-4.698945209383964539e-02,1.228388305753469467e-02,-2.284809760749340057e-02,5.949720367789268494e-02,1.151320710778236389e-02,6.264182180166244507e-02,1.381916761398315430e+00,-7.510823197662830353e-03,-8.879072219133377075e-02,-4.646856710314750671e-02,1.482297897338867188e+00
-7.348936557769775391e+00,-1.960755705833435059e+00,6.632165312767028809e-01,-1.753498427569866180e-02,-3.551720082759857178e-02,-7.228671312332153320e-01,-6.898508667945861816e-01,-1.254946142435073853e-01,1.430332362651824951e-01,3.807772397994995117e-01,2.967890501022338867e-01,-3.721238300204277039e-02,-1.667180955410003662e-01,-1.702434122562408447e-01,-9.577955305576324463e-02,5.104769393801689148e-02,1.906989216804504395e-01,-4.150607064366340637e-02,2.675996720790863037e-02,-2.682535350322723389e-02,6.978181749582290649e-02,1.984153687953948975e-02,8.496259897947311401e-02,1.389130234718322754e+00,-8.964402601122856140e-03,-1.082925051450729370e-01,-4.928315430879592896e-02,1.484138250350952148e+00
-7.358348846435546875e+00,-1.959527611732482910e+00,6.637923717498779297e-01,-2.043206617236137390e-02,-3.752453997731208801e-02,-7.228810191154479980e-01,-6.896502375602722168e-01,-1.129096597433090210e-01,1.687399446964263916e-01,3.707009851932525635e-01,2.662295699119567871e-01,-1.140358624979853630e-03,-1.908148378133773804e-01,-1.607648581266403198e-01,-1.194773390889167786e-01,5.220653116703033447e-02,1.791270822286605835e-01,-3.815519437193870544e-02,4.317932948470115662e-02,-3.118114918470382690e-02,7.862299680709838867e-02,2.753967419266700745e-02,1.072514206171035767e-01,1.402263641357421875e+00,-1.167389098554849625e-02,-1.272879689931869507e-01,-5.392850935459136963e-02,1.488118886947631836e+00
-7.368055343627929688e+00,-1.958651781082153320e+00,6.639868021011352539e-01,-2.282986603677272797e-02,-3.912129253149032593e-02,-7.228606939315795898e-01,-6.895076036453247070e-01,-1.010610535740852356e-01,1.951631903648376465e-01,3.688879609107971191e-01,2.408823817968368530e-01,3.570149466395378113e-02,-1.985785812139511108e-01,-1.559581011533737183e-01,-1.424167752265930176e-01,5.386148020625114441e-02,1.758053004741668701e-01,-3.879768401384353638e-02,6.016111001372337341e-02,-3.624366596341133118e-02,8.626334369182586670e-02,3.442913293838500977e-02,1.229503229260444641e-01,1.416305899620056152e+00,-1.534819323569536209e-02,-1.452534198760986328e-01,-5.892338976263999939e-02,1.493351101875305176e+00
-7.378139495849609375e+00,-1.958801507949829102e+00,6.634957790374755859e-01,-2.469652332365512848e-02,-4.024110361933708191e-02,-7.224982976913452148e-01,-6.897585988044738770e-01,-8.830543607473373413e-02,2.207234799861907959e-01,3.822641372680664062e-01,2.193684875965118408e-01,6.885109841823577881e-02,-2.000384777784347534e-01,-1.597425341606140137e-01,-1.637416929006576538e-01,5.829367041587829590e-02,1.865895390510559082e-01,-4.602194577455520630e-02,7.785082608461380005e-02,-4.061109945178031921e-02,9.335884451866149902e-02,4.132981225848197937e-02,1.306453496217727661e-01,1.427509069442749023e+00,-1.869921758770942688e-02,-1.614586412906646729e-01,-6.689192354679107666e-02,1.497893929481506348e+00
-7.388122558593750000e+00,-1.959767699241638184e+00,6.621689200401306152e-01,-2.575351111590862274e-02,-4.081285372376441956e-02,-7.216727137565612793e-01,-6.905502080917358398e-01,-7.238605618476867676e-02,2.435069084167480469e-01,4.083991348743438721e-01,1.990063637495040894e-01,9.178572893142700195e-02,-2.048870772123336792e-01,-1.710656136274337769e-01,-1.824120730161666870e-01,6.533470004796981812e-02,2.094972580671310425e-01,-5.916501954197883606e-02,9.539143741130828857e-02,-4.271926730871200562e-02,1.010153368115425110e-01,4.918282106518745422e-02,1.342264711856842041e-01,1.433125019073486328e+00,-2.013462595641613007e-02,-1.766123771667480469e-01,-7.807748019695281982e-02,1.499232292175292969e+00
-7.399009704589843750e+00,-1.961443066596984863e+00,6.598342061042785645e-01,-2.586834132671356201e-02,-4.130211472511291504e-02,-7.205017209053039551e-01,-6.917385458946228027e-01,-5.757784470915794373e-02,2.600259184837341309e-01,4.313150048255920410e-01,1.809843778610229492e-01,1.057435721158981323e-01,-2.176527380943298340e-01,-1.912421882152557373e-01,-2.007904499769210815e-01,7.545877993106842041e-02,2.449955195188522339e-01,-7.821042835712432861e-02,1.152452602982521057e-01,-4.290681332349777222e-02,1.104044243693351746e-01,5.786963552236557007e-02,1.372285485267639160e-01,1.432245731353759766e+00,-1.995982229709625244e-02,-1.935202330350875854e-01,-8.834118396043777466e-02,1.496560096740722656e+00
-7.411251068115234375e+00,-1.963701725006103516e+00,6.563590168952941895e-01,-2.514490112662315369e-02,-4.159215837717056274e-02,-7.186695337295532227e-01,-6.936511993408203125e-01,-4.537504166364669800e-02,2.691434919834136963e-01,4.470076858997344971e-01,1.649364531040191650e-01,1.088517010211944580e-01,-2.420194149017333984e-01,-2.186779379844665527e-01,-2.191798537969589233e-01,9.005238115787506104e-02,2.892969548702239990e-01,-1.009624302387237549e-01,1.373287737369537354e-01,-4.186594113707542419e-02,1.204520612955093384e-01,6.606850773096084595e-02,1.442596316337585449e-01,1.427296519279479980e+00,-2.088468521833419800e-02,-2.135598063468933105e-01,-9.096453338861465454e-02,1.490600585937500000e+00
-7.425688743591308594e+00,-1.966911673545837402e+00,6.518219709396362305e-01,-2.344113029539585114e-02,-4.141734167933464050e-02,-7.175434827804565430e-01,-6.948859691619873047e-01,-3.949821367859840393e-02,2.725972831249237061e-01,4.542509317398071289e-01,1.577023416757583618e-01,9.692639112472534180e-02,-2.689550220966339111e-01,-2.483173608779907227e-01,-2.389648407697677612e-01,1.042518913745880127e-01,3.343333303928375244e-01,-1.237350478768348694e-01,1.633794158697128296e-01,-4.468049108982086182e-02,1.312146484851837158e-01,7.315444201231002808e-02,1.600636541843414307e-01,1.421787500381469727e+00,-2.517812885344028473e-02,-2.330844998359680176e-01,-8.414333313703536987e-02,1.485676169395446777e+00
-7.440858840942382812e+00,-1.970954298973083496e+00,6.470434665679931641e-01,-2.046266384422779083e-02,-4.011573642492294312e-02,-7.195708155632019043e-01,-6.929573416709899902e-01,-4.542717337608337402e-02,2.712213695049285889e-01,4.490855634212493896e-01,1.621221750974655151e-01,6.957919150590896606e-02,-2.826111614704132080e-01,-2.703690230846405029e-01,-2.592948675155639648e-01,1.089661866426467896e-01,3.663616478443145752e-01,-1.399182975292205811e-01,1.911850273609161377e-01,-5.797367542982101440e-02,1.385584324598312378e-01,7.855571806430816650e-02,1.821470409631729126e-01,1.419942617416381836e+00,-3.184830024838447571e-02,-2.512655258178710938e-01,-7.510422915220260620e-02,1.482854962348937988e+00
-7.458657741546630859e+00,-1.975654721260070801e+00,6.424111127853393555e-01,-1.679727807641029358e-02,-3.796952590346336365e-02,-7.237938046455383301e-01,-6.887660622596740723e-01,-6.087955832481384277e-02,2.632264494895935059e-01,4.371322989463806152e-01,1.741772890090942383e-01,3.438717126846313477e-02,-2.774681746959686279e-01,-2.816528379917144775e-01,-2.850008904933929443e-01,1.055928096175193787e-01,3.777317106723785400e-01,-1.422111392021179199e-01,2.235850840806961060e-01,-7.266395539045333862e-02,1.385652571916580200e-01,8.069704473018646240e-02,1.990267038345336914e-01,1.421935081481933594e+00,-3.218602389097213745e-02,-2.676063179969787598e-01,-8.112508058547973633e-02,1.479799509048461914e+00
-7.477367401123046875e+00,-1.980814337730407715e+00,6.402053236961364746e-01,-1.114040333777666092e-02,-3.468700870871543884e-02,-7.295905351638793945e-01,-6.829131245613098145e-01,-8.791831135749816895e-02,2.534824907779693604e-01,4.196231067180633545e-01,2.064525485038757324e-01,-5.434382241219282150e-03,-2.572817802429199219e-01,-2.830644547939300537e-01,-3.093997240066528320e-01,9.587909281253814697e-02,3.670867979526519775e-01,-1.271695047616958618e-01,2.571028470993041992e-01,-8.367133885622024536e-02,1.228148788213729858e-01,8.223410695791244507e-02,2.015811204910278320e-01,1.434315204620361328e+00,-2.736462466418743134e-02,-2.768411338329315186e-01,-1.093224585056304932e-01,1.480726122856140137e+00
-7.495597362518310547e+00,-1.987497448921203613e+00,6.395177245140075684e-01,-5.307856947183609009e-03,-3.111916780471801758e-02,-7.351182103157043457e-01,-6.772035360336303711e-01,-1.264974772930145264e-01,2.419148236513137817e-01,3.999231755733489990e-01,2.649375498294830322e-01,-4.936136305332183838e-02,-2.280467897653579712e-01,-2.795268297195434570e-01,-3.332581818103790283e-01,8.496912568807601929e-02,3.288070857524871826e-01,-6.737286597490310669e-02,2.909092903137207031e-01,-9.013228118419647217e-02,9.128442406654357910e-02,7.637342065572738647e-02,1.783926337957382202e-01,1.460496544837951660e+00,-1.230692863464355469e-02,-2.765653729438781738e-01,-1.624252796173095703e-01,1.483528256416320801e+00
-7.511766910552978516e+00,-1.994100570678710938e+00,6.401327848434448242e-01,-7.785484194755554199e-04,-2.797332592308521271e-02,-7.383854389190673828e-01,-6.737980246543884277e-01,-1.536088585853576660e-01,2.294482588768005371e-01,3.899872303009033203e-01,3.049022555351257324e-01,-7.854333519935607910e-02,-2.013154476881027222e-01,-2.771108150482177734e-01,-3.536866009235382080e-01,7.149490714073181152e-02,2.866975069046020508e-01,1.557492185384035110e-02,3.164693415164947510e-01,-9.051163494586944580e-02,6.241966784000396729e-02,6.644550710916519165e-02,1.336715221405029297e-01,1.479257583618164062e+00,1.103357970714569092e-02,-2.688930928707122803e-01,-2.259156852960586548e-01,1.481583714485168457e+00
-7.527635097503662109e+00,-1.999521255493164062e+00,6.430035233497619629e-01,2.236496424302458763e-03,-2.509750239551067352e-02,-7.397074699401855469e-01,-6.724566817283630371e-01,-1.584571599960327148e-01,2.082308530807495117e-01,3.913064599037170410e-01,3.031930327415466309e-01,-8.592549711465835571e-02,-1.738634705543518066e-01,-2.818257808685302734e-01,-3.730742931365966797e-01,3.813294693827629089e-02,2.743141353130340576e-01,8.415268361568450928e-02,3.020334541797637939e-01,-8.823648840188980103e-02,3.814084455370903015e-02,5.446022376418113708e-02,7.869236171245574951e-02,1.490254521369934082e+00,2.934236451983451843e-02,-2.560086548328399658e-01,-2.756130397319793701e-01,1.482622385025024414e+00
-7.543667793273925781e+00,-2.004560470581054688e+00,6.473559141159057617e-01,5.101095885038375854e-03,-2.141254581511020660e-02,-7.396842837333679199e-01,-6.725939512252807617e-01,-1.511054188013076782e-01,1.842612475156784058e-01,3.972785472869873047e-01,2.789872884750366211e-01,-8.254364132881164551e-02,-1.459238231182098389e-01,-2.943290770053863525e-01,-3.856101632118225098e-01,-1.213788799941539764e-02,3.079105019569396973e-01,9.239238500595092773e-02,2.501544952392578125e-01,-8.851151168346405029e-02,2.548207156360149384e-02,4.592481628060340881e-02,5.153957754373550415e-02,1.497327208518981934e+00,3.599481657147407532e-02,-2.376008331775665283e-01,-2.951190173625946045e-01,1.489581346511840820e+00
-7.557880878448486328e+00,-2.008770704269409180e+00,6.516153812408447266e-01,8.495490066707134247e-03,-1.717430725693702698e-02,-7.392969727516174316e-01,-6.731069087982177734e-01,-1.418090015649795532e-01,1.647525429725646973e-01,4.023765921592712402e-01,2.519486546516418457e-01,-7.689988613128662109e-02,-1.210059970617294312e-01,-3.080504834651947021e-01,-3.826900124549865723e-01,-6.520885974168777466e-02,3.729842007160186768e-01,5.315044522285461426e-02,1.875385046005249023e-01,-9.158180654048919678e-02,2.722046151757240295e-02,4.074537381529808044e-02,6.260649114847183228e-02,1.495429754257202148e+00,3.768409416079521179e-02,-2.148937582969665527e-01,-2.965288758277893066e-01,1.496050953865051270e+00
-7.570247650146484375e+00,-2.011955738067626953e+00,6.555072665214538574e-01,1.282883808016777039e-02,-1.225466746836900711e-02,-7.382106781005859375e-01,-6.743369102478027344e-01,-1.299204975366592407e-01,1.508467644453048706e-01,4.087895750999450684e-01,2.212631404399871826e-01,-6.887041777372360229e-02,-1.004241183400154114e-01,-3.151955902576446533e-01,-3.625533580780029297e-01,-1.057704985141754150e-01,4.374129772186279297e-01,5.260652862489223480e-03,1.349448859691619873e-01,-9.614537656307220459e-02,3.649972006678581238e-02,4.193605482578277588e-02,8.649736642837524414e-02,1.484186053276062012e+00,3.808294609189033508e-02,-1.880235224962234497e-01,-2.895675003528594971e-01,1.499650835990905762e+00
-7.580571174621582031e+00,-2.014263153076171875e+00,6.587420105934143066e-01,1.693211868405342102e-02,-7.326695602387189865e-03,-7.365828752517700195e-01,-6.760956645011901855e-01,-1.159448474645614624e-01,1.399455517530441284e-01,4.167325794696807861e-01,1.893404424190521240e-01,-5.913930758833885193e-02,-8.329255878925323486e-02,-3.165169358253479004e-01,-3.252915740013122559e-01,-1.281290054321289062e-01,4.892396628856658936e-01,-3.453741967678070068e-02,1.017806306481361389e-01,-9.939286857843399048e-02,4.500309750437736511e-02,4.681513085961341858e-02,9.866879135370254517e-02,1.469311833381652832e+00,3.746367245912551880e-02,-1.621885597705841064e-01,-2.776517868041992188e-01,1.502566218376159668e+00
-7.589828491210937500e+00,-2.016158103942871094e+00,6.613641977310180664e-01,2.058568969368934631e-02,-2.397705335170030594e-03,-7.344080209732055664e-01,-6.783916950225830078e-01,-1.021855399012565613e-01,1.315559744834899902e-01,4.251427352428436279e-01,1.612428724765777588e-01,-5.046772584319114685e-02,-6.874920427799224854e-02,-3.138535618782043457e-01,-2.747079133987426758e-01,-1.354769468307495117e-01,5.235389471054077148e-01,-6.161008030176162720e-02,8.561337739229202271e-02,-1.017924696207046509e-01,4.935567826032638550e-02,5.415426939725875854e-02,9.611374139785766602e-02,1.455138802528381348e+00,3.477084636688232422e-02,-1.365175396203994751e-01,-2.582125067710876465e-01,1.504929900169372559e+00
-7.598405838012695312e+00,-2.017720937728881836e+00,6.633226871490478516e-01,2.389880083501338959e-02,1.820442616008222103e-03,-7.311428189277648926e-01,-6.818032860755920410e-01,-9.048570692539215088e-02,1.240469962358474731e-01,4.348838031291961670e-01,1.398596018552780151e-01,-4.590436443686485291e-02,-5.581042915582656860e-02,-3.060560822486877441e-01,-2.120441943407058716e-01,-1.342691481113433838e-01,5.356487035751342773e-01,-7.795406132936477661e-02,8.006690442562103271e-02,-1.010455116629600525e-01,4.987316951155662537e-02,6.194742769002914429e-02,8.885660022497177124e-02,1.443314313888549805e+00,3.043630346655845642e-02,-1.118209585547447205e-01,-2.336950451135635376e-01,1.507011651992797852e+00
-7.606627464294433594e+00,-2.018636226654052734e+00,6.646327376365661621e-01,2.633949369192123413e-02,5.474860314279794693e-03,-7.265449762344360352e-01,-6.865920424461364746e-01,-7.853931933641433716e-02,1.157226786017417908e-01,4.480440318584442139e-01,1.234675645828247070e-01,-4.559081792831420898e-02,-4.410749673843383789e-02,-2.929675877094268799e-01,-1.481524705886840820e-01,-1.337568461894989014e-01,5.294539928436279297e-01,-9.137503057718276978e-02,7.712402194738388062e-02,-9.609632939100265503e-02,4.922467842698097229e-02,6.756181269884109497e-02,8.827447891235351562e-02,1.437052249908447266e+00,2.458653785288333893e-02,-8.751358836889266968e-02,-2.043191194534301758e-01,1.508293032646179199e+00
-7.614003181457519531e+00,-2.018882513046264648e+00,6.655181646347045898e-01,2.805384993553161621e-02,7.934117689728736877e-03,-7.211963534355163574e-01,-6.921169161796569824e-01,-6.662735342979431152e-02,1.070292964577674866e-01,4.630990028381347656e-01,1.101859137415885925e-01,-4.760331287980079651e-02,-3.417877480387687683e-02,-2.759376168251037598e-01,-8.683025091886520386e-02,-1.386904865503311157e-01,5.097926259040832520e-01,-1.111383363604545593e-01,5.911328271031379700e-02,-8.831434696912765503e-02,4.717630520462989807e-02,6.994955241680145264e-02,9.417951852083206177e-02,1.437060713768005371e+00,1.807799749076366425e-02,-6.520664691925048828e-02,-1.741107851266860962e-01,1.509364962577819824e+00
-7.620448112487792969e+00,-2.018694162368774414e+00,6.660199165344238281e-01,2.830674126744270325e-02,9.377982467412948608e-03,-7.149139642715454102e-01,-6.985762715339660645e-01,-5.285545065999031067e-02,9.625766426324844360e-02,4.816505610942840576e-01,9.677135944366455078e-02,-4.997016862034797668e-02,-2.666979469358921051e-02,-2.606114745140075684e-01,-2.924978546798229218e-02,-1.271729618310928345e-01,4.817231595516204834e-01,-1.323717534542083740e-01,2.983884140849113464e-02,-7.980560511350631714e-02,4.556554928421974182e-02,6.820124387741088867e-02,1.038441285490989685e-01,1.441000580787658691e+00,9.668333455920219421e-03,-4.350329935550689697e-02,-1.383984684944152832e-01,1.507755160331726074e+00
-7.625724315643310547e+00,-2.018281936645507812e+00,6.660110950469970703e-01,2.740032412111759186e-02,9.625821374356746674e-03,-7.084779143333435059e-01,-7.051351666450500488e-01,-3.962586447596549988e-02,8.353590965270996094e-02,5.008884668350219727e-01,8.491605520248413086e-02,-5.333487689495086670e-02,-2.068045176565647125e-02,-2.448608130216598511e-01,2.741051837801933289e-02,-8.853057026863098145e-02,4.383406341075897217e-01,-1.541779488325119019e-01,-4.825967829674482346e-03,-7.041628658771514893e-02,4.530697688460350037e-02,6.312336027622222900e-02,1.151389479637145996e-01,1.445449948310852051e+00,1.681725494563579559e-03,-2.507266961038112640e-02,-1.028393656015396118e-01,1.502753257751464844e+00
-7.630701541900634766e+00,-2.017917156219482422e+00,6.654611229896545410e-01,2.530252188444137573e-02,8.110322989523410797e-03,-7.026185393333435059e-01,-7.110704779624938965e-01,-3.022047132253646851e-02,6.763809919357299805e-02,5.178427100181579590e-01,7.776152342557907104e-02,-5.902252718806266785e-02,-1.468686759471893311e-02,-2.293832004070281982e-01,7.447510212659835815e-02,-3.218179568648338318e-02,3.862716257572174072e-01,-1.665099114179611206e-01,-3.676211088895797729e-02,-6.312137097120285034e-02,4.721985384821891785e-02,5.343143641948699951e-02,1.277092248201370239e-01,1.448006629943847656e+00,-5.524494219571352005e-03,-1.177864894270896912e-02,-6.967958062887191772e-02,1.493975400924682617e+00
-7.635405540466308594e+00,-2.017542123794555664e+00,6.641826629638671875e-01,2.209003269672393799e-02,5.016275215893983841e-03,-6.980364918708801270e-01,-7.157037854194641113e-01,-2.626975625753402710e-02,5.049277096986770630e-02,5.301997661590576172e-01,8.008204400539398193e-02,-6.873408704996109009e-02,-8.862158283591270447e-03,-2.132653743028640747e-01,1.042839437723159790e-01,2.771209739148616791e-02,3.213435113430023193e-01,-1.310853064060211182e-01,-6.108587607741355896e-02,-5.708174407482147217e-02,5.084429308772087097e-02,4.164225980639457703e-02,1.391149312257766724e-01,1.446867823600769043e+00,-1.165901031345129013e-02,-3.040156327188014984e-03,-4.142172634601593018e-02,1.484086632728576660e+00
-7.639560222625732422e+00,-2.016579627990722656e+00,6.622498035430908203e-01,1.749554648995399475e-02,2.749360464804340154e-05,-6.954761147499084473e-01,-7.183361649513244629e-01,-2.996223419904708862e-02,3.220131620764732361e-02,5.355838537216186523e-01,9.728638082742691040e-02,-8.605971187353134155e-02,-3.185876179486513138e-03,-2.013151496648788452e-01,1.109687909483909607e-01,6.890399754047393799e-02,2.735443115234375000e-01,-9.437126666307449341e-02,-7.301630079746246338e-02,-5.189333856105804443e-02,5.225379765033721924e-02,2.828515879809856415e-02,1.438569128513336182e-01,1.443853020668029785e+00,-1.700886525213718414e-02,2.576402388513088226e-03,-1.810551062226295471e-02,1.473976135253906250e+00
-7.643589973449707031e+00,-2.015409946441650391e+00,6.602463722229003906e-01,1.278140489012002945e-02,-5.814436823129653931e-03,-6.964090466499328613e-01,-7.175076603889465332e-01,-4.607243835926055908e-02,1.924309879541397095e-02,5.304679870605468750e-01,1.385384500026702881e-01,-1.128208488225936890e-01,2.332881325855851173e-03,-1.986641585826873779e-01,9.771064668893814087e-02,8.618690818548202515e-02,2.487330436706542969e-01,-7.060724496841430664e-02,-7.137847691774368286e-02,-4.873771592974662781e-02,4.956392571330070496e-02,1.670415699481964111e-02,1.402716934680938721e-01,1.440490484237670898e+00,-1.911796629428863525e-02,5.541541613638401031e-03,-4.843847826123237610e-03,1.464354157447814941e+00
-7.648242950439453125e+00,-2.015304327011108398e+00,6.588540673255920410e-01,1.015853229910135269e-02,-1.142624113708734512e-02,-7.014362215995788574e-01,-7.125682234764099121e-01,-8.146826922893524170e-02,1.476944796741008759e-02,5.119569301605224609e-01,2.075161635875701904e-01,-1.437461078166961670e-01,1.016124803572893143e-02,-2.020966559648513794e-01,7.684934884309768677e-02,8.494079113006591797e-02,2.354151755571365356e-01,-5.582600459456443787e-02,-6.267603486776351929e-02,-5.037432536482810974e-02,4.668750241398811340e-02,8.411100134253501892e-03,1.364363878965377808e-01,1.432390689849853516e+00,-1.633869856595993042e-02,7.862712256610393524e-03,1.164519228041172028e-03,1.450389623641967773e+00
-7.652435779571533203e+00,-2.015302896499633789e+00,6.580254435539245605e-01,9.067893028259277344e-03,-1.612227037549018860e-02,-7.053386569023132324e-01,-7.086290717124938965e-01,-1.203622072935104370e-01,1.555315498262643814e-02,4.914152920246124268e-01,2.761503159999847412e-01,-1.596369147300720215e-01,1.632693409919738770e-02,-2.058621942996978760e-01,5.930887907743453979e-02,8.186334371566772461e-02,2.265861630439758301e-01,-4.927984997630119324e-02,-5.420858412981033325e-02,-4.704313725233078003e-02,4.840972647070884705e-02,3.068550257012248039e-03,1.382655352354049683e-01,1.415690541267395020e+00,-1.344960648566484451e-02,8.422384969890117645e-03,1.225355453789234161e-02,1.436240792274475098e+00
-7.656373023986816406e+00,-2.015482187271118164e+00,6.577551960945129395e-01,7.224232889711856842e-03,-2.036543004214763641e-02,-7.084082365036010742e-01,-7.054720520973205566e-01,-1.560202986001968384e-01,1.665725186467170715e-02,4.665818512439727783e-01,3.385362327098846436e-01,-1.658487766981124878e-01,1.887993700802326202e-02,-2.087443768978118896e-01,4.241435602307319641e-02,7.860745489597320557e-02,2.242592424154281616e-01,-4.871670529246330261e-02,-4.712886363267898560e-02,-4.336290806531906128e-02,4.936280474066734314e-02,-1.077525899745523930e-03,1.407925188541412354e-01,1.399661898612976074e+00,-1.860382594168186188e-02,6.410891655832529068e-03,3.168096020817756653e-02,1.435682654380798340e+00
-7.661653041839599609e+00,-2.016307353973388672e+00,6.583623886108398438e-01,4.340169485658407211e-03,-2.419559657573699951e-02,-7.125250697135925293e-01,-7.012159228324890137e-01,-1.906559914350509644e-01,1.974720321595668793e-02,4.365307092666625977e-01,4.025244116783142090e-01,-1.759698241949081421e-01,1.720456965267658234e-02,-2.099900692701339722e-01,2.196235395967960358e-02,7.213277369737625122e-02,2.244962751865386963e-01,-4.977207258343696594e-02,-3.767362236976623535e-02,-4.429361969232559204e-02,4.989702254533767700e-02,-4.713863134384155273e-03,1.376906335353851318e-01,1.385966897010803223e+00,-2.465578354895114899e-02,2.603007713332772255e-03,4.254767671227455139e-02,1.445006012916564941e+00
-7.666899681091308594e+00,-2.016224384307861328e+00,6.595227122306823730e-01,6.559285102412104607e-04,-2.794338203966617584e-02,-7.171691656112670898e-01,-6.963383555412292480e-01,-2.213089019060134888e-01,2.669332176446914673e-02,4.079183936119079590e-01,4.615175724029541016e-01,-1.804813891649246216e-01,7.821523584425449371e-03,-2.051756531000137329e-01,-5.016700015403330326e-04,6.369490176439285278e-02,2.191877067089080811e-01,-5.057350546121597290e-02,-2.806170657277107239e-02,-4.629581049084663391e-02,5.360967665910720825e-02,-8.678337559103965759e-03,1.302497386932373047e-01,1.371066927909851074e+00,-2.376949787139892578e-02,-4.014815203845500946e-03,3.653035312891006470e-02,1.452075958251953125e+00
-7.672404289245605469e+00,-2.014701843261718750e+00,6.610447168350219727e-01,-3.324067452922463417e-03,-3.118580952286720276e-02,-7.208815813064575195e-01,-6.923483014106750488e-01,-2.418192327022552490e-01,4.080610722303390503e-02,3.852297663688659668e-01,5.050731301307678223e-01,-1.704136133193969727e-01,-1.193974725902080536e-02,-1.936816424131393433e-01,-2.246057428419589996e-02,5.640517920255661011e-02,2.078371644020080566e-01,-5.073814466595649719e-02,-1.844109594821929932e-02,-4.673592001199722290e-02,5.970982462167739868e-02,-1.187566015869379044e-02,1.284943968057632446e-01,1.358138561248779297e+00,-1.754168979823589325e-02,-1.385663356631994247e-02,2.434560470283031464e-02,1.453774690628051758e+00
-7.677815437316894531e+00,-2.012887001037597656e+00,6.623879671096801758e-01,-7.079333066940307617e-03,-3.388696163892745972e-02,-7.233738303184509277e-01,-6.895881891250610352e-01,-2.525724768638610840e-01,6.171502545475959778e-02,3.645656108856201172e-01,5.302130579948425293e-01,-1.460606902837753296e-01,-4.101043567061424255e-02,-1.809204071760177612e-01,-4.283246025443077087e-02,5.076518282294273376e-02,1.956412196159362793e-01,-5.034986883401870728e-02,-9.083826094865798950e-03,-4.614960402250289917e-02,6.747888773679733276e-02,-1.312177628278732300e-02,1.371096670627593994e-01,1.350111842155456543e+00,-1.073409430682659149e-02,-2.796222455799579620e-02,1.812025904655456543e-02,1.453605651855468750e+00
-7.683735370635986328e+00,-2.011214494705200195e+00,6.633507013320922852e-01,-1.035671774297952652e-02,-3.580805286765098572e-02,-7.248609662055969238e-01,-6.878859996795654297e-01,-2.553874552249908447e-01,8.791230618953704834e-02,3.409906327724456787e-01,5.357096791267395020e-01,-1.117800176143646240e-01,-7.778299599885940552e-02,-1.702342033386230469e-01,-6.132506579160690308e-02,4.748984798789024353e-02,1.864894181489944458e-01,-5.058398097753524780e-02,1.197865116409957409e-03,-4.557811841368675232e-02,7.803002744913101196e-02,-1.137548126280307770e-02,1.550301462411880493e-01,1.346619486808776855e+00,-5.227515939623117447e-03,-4.294829070568084717e-02,1.858690194785594940e-02,1.452831864356994629e+00
-7.689926624298095703e+00,-2.009814023971557617e+00,6.640143990516662598e-01,-1.309450343251228333e-02,-3.718001395463943481e-02,-7.254045605659484863e-01,-6.871930956840515137e-01,-2.512299120426177979e-01,1.153540089726448059e-01,3.125415146350860596e-01,5.227639675140380859e-01,-7.132302224636077881e-02,-1.175579130649566650e-01,-1.625299751758575439e-01,-7.848155498504638672e-02,4.682922363281250000e-02,1.818506419658660889e-01,-5.229946970939636230e-02,1.188557501882314682e-02,-4.484536126255989075e-02,8.934590220451354980e-02,-7.083193864673376083e-03,1.763942092657089233e-01,1.348205566406250000e+00,-7.042917422950267792e-04,-5.912956967949867249e-02,1.963455975055694580e-02,1.452886104583740234e+00
-7.697264194488525391e+00,-2.008391380310058594e+00,6.643026471138000488e-01,-1.577721536159515381e-02,-3.815698251128196716e-02,-7.256594300270080566e-01,-6.868140697479248047e-01,-2.379916459321975708e-01,1.421984434127807617e-01,2.821548283100128174e-01,4.909911453723907471e-01,-2.693756297230720520e-02,-1.598981171846389771e-01,-1.561087220907211304e-01,-9.640529006719589233e-02,4.734632372856140137e-02,1.811938285827636719e-01,-5.593092739582061768e-02,2.445438131690025330e-02,-4.518170654773712158e-02,1.015181541442871094e-01,-2.307179616764187813e-03,2.010650485754013062e-01,1.355697274208068848e+00,3.351029008626937866e-03,-7.591379433870315552e-02,1.637564413249492645e-02,1.455673098564147949e+00
-7.704981327056884766e+00,-2.006734132766723633e+00,6.642627120018005371e-01,-1.820431463420391083e-02,-3.890691325068473816e-02,-7.257365584373474121e-01,-6.866304278373718262e-01,-2.185514718294143677e-01,1.680003255605697632e-01,2.562259137630462646e-01,4.437132477760314941e-01,2.632137015461921692e-02,-2.015766948461532593e-01,-1.503229737281799316e-01,-1.144627556204795837e-01,4.792365059256553650e-02,1.828739196062088013e-01,-6.176585331559181213e-02,3.775626420974731445e-02,-4.585374891757965088e-02,1.127307340502738953e-01,3.232869785279035568e-03,2.259344011545181274e-01,1.366638302803039551e+00,7.241718936711549759e-03,-9.405861049890518188e-02,7.840286940336227417e-03,1.461583614349365234e+00
-7.713990688323974609e+00,-2.004965543746948242e+00,6.637768149375915527e-01,-2.029281668365001678e-02,-3.933044523000717163e-02,-7.256986498832702637e-01,-6.865878105163574219e-01,-1.938803046941757202e-01,1.941171884536743164e-01,2.409472763538360596e-01,3.864584267139434814e-01,8.070286363363265991e-02,-2.408695816993713379e-01,-1.458649337291717529e-01,-1.332143694162368774e-01,4.965388029813766479e-02,1.882466077804565430e-01,-7.050370424985885620e-02,5.317265540361404419e-02,-4.617788270115852356e-02,1.238614097237586975e-01,1.021023653447628021e-02,2.494506835937500000e-01,1.378643751144409180e+00,1.036023441702127457e-02,-1.123579218983650208e-01,-2.379416488111019135e-03,1.468715906143188477e+00
-7.723536014556884766e+00,-2.003399610519409180e+00,6.628906130790710449e-01,-2.233224920928478241e-02,-3.913492336869239807e-02,-7.254341244697570801e-01,-6.868151426315307617e-01,-1.663755476474761963e-01,2.195843160152435303e-01,2.399678528308868408e-01,3.276216983795166016e-01,1.239645630121231079e-01,-2.741100490093231201e-01,-1.436899453401565552e-01,-1.520726084709167480e-01,5.252281948924064636e-02,1.988633126020431519e-01,-8.235581964254379272e-02,6.965707242488861084e-02,-4.653058201074600220e-02,1.347622424364089966e-01,1.859722472727298737e-02,2.681080400943756104e-01,1.388218164443969727e+00,1.147304289042949677e-02,-1.325402855873107910e-01,-1.062930095940828323e-02,1.477461218833923340e+00
-7.734399795532226562e+00,-2.002546548843383789e+00,6.614149212837219238e-01,-2.368507161736488342e-02,-3.894207626581192017e-02,-7.251824140548706055e-01,-6.870465874671936035e-01,-1.367918699979782104e-01,2.440609186887741089e-01,2.546473741531372070e-01,2.702735364437103271e-01,1.555209904909133911e-01,-2.944397330284118652e-01,-1.466299742460250854e-01,-1.720345914363861084e-01,5.690157786011695862e-02,2.167548239231109619e-01,-9.731268137693405151e-02,8.843024075031280518e-02,-4.691101983189582825e-02,1.454395502805709839e-01,2.949132025241851807e-02,2.823912203311920166e-01,1.393853425979614258e+00,1.080157049000263214e-02,-1.533208191394805908e-01,-1.633879542350769043e-02,1.485975980758666992e+00
-7.746000289916992188e+00,-2.002130985260009766e+00,6.596055030822753906e-01,-2.488396689295768738e-02,-3.833509609103202820e-02,-7.253624796867370605e-01,-6.868482232093811035e-01,-1.068662405014038086e-01,2.649124264717102051e-01,2.830136120319366455e-01,2.152080833911895752e-01,1.856482326984405518e-01,-3.008050024509429932e-01,-1.516064703464508057e-01,-1.929153501987457275e-01,6.099081784486770630e-02,2.384195029735565186e-01,-1.138718947768211365e-01,1.092082113027572632e-01,-4.836218804121017456e-02,1.553887575864791870e-01,4.136680439114570618e-02,2.936937808990478516e-01,1.395929574966430664e+00,7.748014293611049652e-03,-1.762210130691528320e-01,-2.367957681417465210e-02,1.494617342948913574e+00
-7.759686470031738281e+00,-2.002319097518920898e+00,6.570814847946166992e-01,-2.536850050091743469e-02,-3.766992688179016113e-02,-7.266360521316528320e-01,-6.855198740959167480e-01,-8.163628727197647095e-02,2.787220180034637451e-01,3.161889612674713135e-01,1.702378541231155396e-01,2.058638781309127808e-01,-3.014827668666839600e-01,-1.575253456830978394e-01,-2.161257266998291016e-01,6.271379441022872925e-02,2.608917355537414551e-01,-1.311700344085693359e-01,1.329312324523925781e-01,-5.311973765492439270e-02,1.652723401784896851e-01,5.395895615220069885e-02,3.042170405387878418e-01,1.394852399826049805e+00,5.807513371109962463e-03,-1.985814124345779419e-01,-3.532269224524497986e-02,1.500878572463989258e+00
-7.774989128112792969e+00,-2.003143072128295898e+00,6.533879041671752930e-01,-2.495695091784000397e-02,-3.651911765336990356e-02,-7.304324507713317871e-01,-6.815511584281921387e-01,-6.870370358228683472e-02,2.848160266876220703e-01,3.397944569587707520e-01,1.434398442506790161e-01,2.130663692951202393e-01,-3.050459325313568115e-01,-1.629560142755508423e-01,-2.435533106327056885e-01,5.803463235497474670e-02,2.846207618713378906e-01,-1.493166685104370117e-01,1.618877053260803223e-01,-6.222954764962196350e-02,1.719190478324890137e-01,6.668892502784729004e-02,3.157547414302825928e-01,1.393270969390869141e+00,5.029123276472091675e-03,-2.251281887292861938e-01,-5.463987961411476135e-02,1.505106568336486816e+00
-7.791413784027099609e+00,-2.005002975463867188e+00,6.494830250740051270e-01,-2.383439056575298309e-02,-3.501023352146148682e-02,-7.352263927459716797e-01,-6.764971017837524414e-01,-6.663884967565536499e-02,2.864275276660919189e-01,3.569524288177490234e-01,1.354561448097229004e-01,2.064315378665924072e-01,-3.085217773914337158e-01,-1.670740991830825806e-01,-2.701643705368041992e-01,4.969116300344467163e-02,3.045403063297271729e-01,-1.633930206298828125e-01,1.904847770929336548e-01,-7.340960204601287842e-02,1.748598068952560425e-01,7.641318440437316895e-02,3.277600407600402832e-01,1.392620205879211426e+00,5.630513653159141541e-03,-2.489701509475708008e-01,-7.432490587234497070e-02,1.507908463478088379e+00
-7.808735370635986328e+00,-2.007992267608642578e+00,6.449475288391113281e-01,-2.200653776526451111e-02,-3.340822085738182068e-02,-7.411183714866638184e-01,-6.701814532279968262e-01,-7.111407071352005005e-02,2.803164422512054443e-01,3.823646903038024902e-01,1.468677371740341187e-01,1.635451167821884155e-01,-2.991622984409332275e-01,-1.695671379566192627e-01,-2.985438108444213867e-01,3.790153190493583679e-02,3.187482357025146484e-01,-1.717347949743270874e-01,2.216860502958297729e-01,-8.479063212871551514e-02,1.737420111894607544e-01,8.437996357679367065e-02,3.354082107543945312e-01,1.391944527626037598e+00,9.711811318993568420e-03,-2.739697992801666260e-01,-9.965121746063232422e-02,1.508595347404479980e+00
-7.828047275543212891e+00,-2.011892318725585938e+00,6.413828134536743164e-01,-1.932936534285545349e-02,-3.137040883302688599e-02,-7.466345429420471191e-01,-6.642131805419921875e-01,-8.083382248878479004e-02,2.653781771659851074e-01,4.043152332305908203e-01,1.672709733247756958e-01,1.063891574740409851e-01,-2.753539979457855225e-01,-1.745214909315109253e-01,-3.293174207210540771e-01,2.757562696933746338e-02,3.289765715599060059e-01,-1.659760922193527222e-01,2.569462358951568604e-01,-9.218486398458480835e-02,1.655619591474533081e-01,8.944883942604064941e-02,3.338419198989868164e-01,1.391667008399963379e+00,1.664168015122413635e-02,-2.975778281688690186e-01,-1.324923485517501831e-01,1.506623029708862305e+00
-7.847099304199218750e+00,-2.015742063522338867e+00,6.395034790039062500e-01,-1.621937938034534454e-02,-2.976419404149055481e-02,-7.528969049453735352e-01,-6.572650074958801270e-01,-1.034454554319381714e-01,2.485924661159515381e-01,4.063049256801605225e-01,2.043830603361129761e-01,5.289766564965248108e-02,-2.476654499769210815e-01,-1.785466820001602173e-01,-3.594839274883270264e-01,1.762662269175052643e-02,3.300650417804718018e-01,-1.345782428979873657e-01,2.916505932807922363e-01,-9.934958815574645996e-02,1.417588740587234497e-01,9.380079805850982666e-02,3.170832693576812744e-01,1.407549142837524414e+00,2.694406174123287201e-02,-3.126774430274963379e-01,-1.863300651311874390e-01,1.507394313812255859e+00
-7.865198135375976562e+00,-2.021717309951782227e+00,6.385748982429504395e-01,-1.396422833204269409e-02,-2.894362807273864746e-02,-7.567343115806579590e-01,-6.529321670532226562e-01,-1.339293122291564941e-01,2.311507016420364380e-01,4.039321839809417725e-01,2.544788122177124023e-01,6.286011077463626862e-03,-2.182495743036270142e-01,-1.929375231266021729e-01,-3.893164396286010742e-01,1.600023172795772552e-02,3.263246119022369385e-01,-5.841219797730445862e-02,3.242613077163696289e-01,-9.932512789964675903e-02,1.100855395197868347e-01,9.042921662330627441e-02,2.806605696678161621e-01,1.433973312377929688e+00,4.483484849333763123e-02,-3.189174830913543701e-01,-2.587219476699829102e-01,1.505267977714538574e+00
-7.882616996765136719e+00,-2.027940034866333008e+00,6.397314667701721191e-01,-1.218786276876926422e-02,-2.897615544497966766e-02,-7.565972208976745605e-01,-6.531251668930053711e-01,-1.492750495672225952e-01,2.070971131324768066e-01,4.121740460395812988e-01,2.773264348506927490e-01,-2.268846146762371063e-02,-1.885807514190673828e-01,-2.214107662439346313e-01,-4.160353243350982666e-01,1.492422539740800858e-02,3.299754261970520020e-01,4.260585457086563110e-02,3.275584578514099121e-01,-9.251158684492111206e-02,8.556286245584487915e-02,8.055411279201507568e-02,2.343536764383316040e-01,1.448205351829528809e+00,6.127952039241790771e-02,-3.172960579395294189e-01,-3.144775331020355225e-01,1.498224496841430664e+00
-7.901137828826904297e+00,-2.032960891723632812e+00,6.431941986083984375e-01,-1.056260708719491959e-02,-2.880379185080528259e-02,-7.538722753524780273e-01,-6.563042998313903809e-01,-1.450291275978088379e-01,1.759179681539535522e-01,4.294286668300628662e-01,2.681180834770202637e-01,-3.592563793063163757e-02,-1.583130508661270142e-01,-2.625838518142700195e-01,-4.380836188793182373e-01,-5.711085163056850433e-03,3.608925640583038330e-01,1.312263011932373047e-01,2.488243877887725830e-01,-8.513957262039184570e-02,7.189295440912246704e-02,6.979274004697799683e-02,2.039624005556106567e-01,1.453012585639953613e+00,6.020765006542205811e-02,-3.121555447578430176e-01,-3.297231793403625488e-01,1.495960116386413574e+00
-7.918175697326660156e+00,-2.037054777145385742e+00,6.471557617187500000e-01,-8.776203729212284088e-03,-2.719980850815773010e-02,-7.509061098098754883e-01,-6.597902178764343262e-01,-1.343298107385635376e-01,1.471887081861495972e-01,4.456971883773803711e-01,2.482280880212783813e-01,-4.226428642868995667e-02,-1.304937601089477539e-01,-3.093927204608917236e-01,-4.462538659572601318e-01,-2.998001873493194580e-02,4.254407584667205811e-01,1.486395150423049927e-01,1.410071253776550293e-01,-8.505617827177047729e-02,7.076822966337203979e-02,6.226620078086853027e-02,2.028331905603408813e-01,1.454121708869934082e+00,4.522161558270454407e-02,-3.010384440422058105e-01,-3.186658322811126709e-01,1.498329401016235352e+00
-7.932709217071533203e+00,-2.040799856185913086e+00,6.508608460426330566e-01,-6.008106283843517303e-03,-2.433357760310173035e-02,-7.489420175552368164e-01,-6.621613502502441406e-01,-1.246544122695922852e-01,1.253656148910522461e-01,4.569268822669982910e-01,2.260302305221557617e-01,-4.410003498196601868e-02,-1.068179532885551453e-01,-3.505100905895233154e-01,-4.316773712635040283e-01,-4.001520574092864990e-02,5.048896670341491699e-01,1.052562445402145386e-01,6.800197809934616089e-02,-9.147029370069503784e-02,7.839427143335342407e-02,5.814916267991065979e-02,2.128511071205139160e-01,1.448671817779541016e+00,2.999134175479412079e-02,-2.830675840377807617e-01,-3.059553503990173340e-01,1.497726321220397949e+00
-7.944034576416015625e+00,-2.043681859970092773e+00,6.539618372917175293e-01,-2.140348777174949646e-03,-2.058585174381732941e-02,-7.477518916130065918e-01,-6.636556386947631836e-01,-1.165544241666793823e-01,1.121123433113098145e-01,4.644313752651214600e-01,2.046538740396499634e-01,-4.246850684285163879e-02,-8.855094015598297119e-02,-3.764790296554565430e-01,-3.969545662403106689e-01,-4.338651150465011597e-02,5.691903233528137207e-01,5.018515884876251221e-02,3.262575715780258179e-02,-1.007638350129127502e-01,8.612473309040069580e-02,5.793902650475502014e-02,2.135207206010818481e-01,1.440317630767822266e+00,1.966829970479011536e-02,-2.589950263500213623e-01,-2.957983016967773438e-01,1.491621017456054688e+00
-7.953270435333251953e+00,-2.045633792877197266e+00,6.567065119743347168e-01,1.724585657939314842e-03,-1.647130586206912994e-02,-7.466736435890197754e-01,-6.649844050407409668e-01,-1.071932017803192139e-01,1.026926487684249878e-01,4.710724949836730957e-01,1.821022480726242065e-01,-3.839239850640296936e-02,-7.398226857185363770e-02,-3.859168589115142822e-01,-3.463923335075378418e-01,-5.607144907116889954e-02,6.152315735816955566e-01,-1.010221522301435471e-02,1.413545664399862289e-02,-1.094049215316772461e-01,8.801095187664031982e-02,5.814909189939498901e-02,2.037889957427978516e-01,1.435302615165710449e+00,1.141041796654462814e-02,-2.330227494239807129e-01,-2.814825177192687988e-01,1.484871387481689453e+00
-7.961220264434814453e+00,-2.047010421752929688e+00,6.589995622634887695e-01,5.300658755004405975e-03,-1.213814597576856613e-02,-7.452889084815979004e-01,-6.666101217269897461e-01,-9.691324830055236816e-02,9.657528251409530640e-02,4.777582585811614990e-01,1.612471938133239746e-01,-3.500246256589889526e-02,-6.201771646738052368e-02,-3.807751834392547607e-01,-2.891378104686737061e-01,-8.127168565988540649e-02,6.383292078971862793e-01,-6.312990188598632812e-02,4.589695017784833908e-03,-1.158026605844497681e-01,8.457229286432266235e-02,5.887003615498542786e-02,1.923923492431640625e-01,1.436476349830627441e+00,3.235277021303772926e-03,-2.043211609125137329e-01,-2.606537938117980957e-01,1.479480624198913574e+00
-7.968344688415527344e+00,-2.047405719757080078e+00,6.609063148498535156e-01,8.545663207769393921e-03,-7.996547035872936249e-03,-7.433000206947326660e-01,-6.688557863235473633e-01,-8.543705940246582031e-02,9.082087129354476929e-02,4.852800369262695312e-01,1.420929431915283203e-01,-3.351971134543418884e-02,-5.187609419226646423e-02,-3.608865737915039062e-01,-2.257797420024871826e-01,-1.192654445767402649e-01,6.322817802429199219e-01,-1.062197685241699219e-01,4.472829867154359818e-03,-1.192299127578735352e-01,7.766828685998916626e-02,5.905887112021446228e-02,1.848477125167846680e-01,1.442470431327819824e+00,-4.261421971023082733e-03,-1.752184927463531494e-01,-2.378473132848739624e-01,1.476573824882507324e+00
-7.975184440612792969e+00,-2.047148466110229492e+00,6.623665094375610352e-01,1.111071277409791946e-02,-4.643463063985109329e-03,-7.405832409858703613e-01,-6.718567609786987305e-01,-7.353468239307403564e-02,8.481456339359283447e-02,4.944021105766296387e-01,1.264822781085968018e-01,-3.432681784033775330e-02,-4.368262365460395813e-02,-3.313277661800384521e-01,-1.601758599281311035e-01,-1.591652482748031616e-01,6.026817560195922852e-01,-1.450837403535842896e-01,7.803163025528192520e-03,-1.196773350238800049e-01,7.086459547281265259e-02,5.830412358045578003e-02,1.823457628488540649e-01,1.448820233345031738e+00,-1.262742746621370316e-02,-1.458797752857208252e-01,-2.140413224697113037e-01,1.477214694023132324e+00
-7.982127666473388672e+00,-2.046385526657104492e+00,6.634193658828735352e-01,1.281651947647333145e-02,-2.016634447500109673e-03,-7.376096248626708984e-01,-6.751027703285217285e-01,-6.156430393457412720e-02,7.817789912223815918e-02,5.039180517196655273e-01,1.139657869935035706e-01,-3.727059438824653625e-02,-3.691825270652770996e-02,-3.021803498268127441e-01,-9.444563835859298706e-02,-1.817818433046340942e-01,5.600720047950744629e-01,-1.783978939056396484e-01,-1.759153208695352077e-03,-1.185280308127403259e-01,6.513424962759017944e-02,5.624819174408912659e-02,1.825662404298782349e-01,1.453433036804199219e+00,-2.138091810047626495e-02,-1.205886304378509521e-01,-1.917800307273864746e-01,1.479991078376770020e+00
-7.986680984497070312e+00,-2.044815063476562500e+00,6.636238694190979004e-01,1.225678995251655579e-02,-1.355999032966792583e-03,-7.325598001480102539e-01,-6.805909276008605957e-01,-4.752349480986595154e-02,6.698546558618545532e-02,5.195363163948059082e-01,1.028551161289215088e-01,-4.203057289123535156e-02,-3.206101059913635254e-02,-2.815074622631072998e-01,-2.435531094670295715e-02,-1.491421014070510864e-01,5.037840008735656738e-01,-1.954240500926971436e-01,-3.004840388894081116e-02,-1.126364991068840027e-01,6.114443019032478333e-02,5.053408071398735046e-02,1.849852055311203003e-01,1.455518364906311035e+00,-3.067426569759845734e-02,-9.805473685264587402e-02,-1.671392321586608887e-01,1.481793165206909180e+00
-7.991346836090087891e+00,-2.043654680252075195e+00,6.629241704940795898e-01,9.888690896332263947e-03,-2.781687537208199501e-03,-7.280822396278381348e-01,-6.854127645492553711e-01,-3.873303532600402832e-02,5.377499014139175415e-02,5.324993133544921875e-01,1.019929349422454834e-01,-5.100836604833602905e-02,-2.821177989244461060e-02,-2.638714313507080078e-01,3.863913565874099731e-02,-6.999568641185760498e-02,4.216631352901458740e-01,-1.606709808111190796e-01,-6.060755997896194458e-02,-1.057228222489356995e-01,5.822104960680007935e-02,4.265340790152549744e-02,1.830445528030395508e-01,1.453809738159179688e+00,-3.861623629927635193e-02,-8.114267140626907349e-02,-1.453301906585693359e-01,1.482190489768981934e+00
-7.994718074798583984e+00,-2.041992902755737305e+00,6.609803438186645508e-01,5.621674004942178726e-03,-6.497875321656465530e-03,-7.261438965797424316e-01,-6.874890327453613281e-01,-3.818290680646896362e-02,3.790542110800743103e-02,5.379927754402160645e-01,1.167504340410232544e-01,-6.739503890275955200e-02,-2.365148812532424927e-02,-2.461952269077301025e-01,7.093890011310577393e-02,1.413277233950793743e-03,3.385201692581176758e-01,-1.025591567158699036e-01,-7.877656072378158569e-02,-1.016328707337379456e-01,5.562400445342063904e-02,3.298720344901084900e-02,1.760912835597991943e-01,1.448167681694030762e+00,-4.259972274303436279e-02,-7.035469263792037964e-02,-1.270697414875030518e-01,1.478309512138366699e+00
-8.000370025634765625e+00,-2.040539741516113281e+00,6.590415239334106445e-01,1.703143498161807656e-04,-1.167762372642755508e-02,-7.267557978630065918e-01,-6.867966055870056152e-01,-4.896890744566917419e-02,2.159840054810047150e-02,5.331887006759643555e-01,1.536123305559158325e-01,-9.304939955472946167e-02,-1.719868555665016174e-02,-2.384448796510696411e-01,6.949623674154281616e-02,4.280425980687141418e-02,2.919232249259948730e-01,-6.327953189611434937e-02,-7.951626181602478027e-02,-9.922546148300170898e-02,4.936468228697776794e-02,2.637894824147224426e-02,1.637333035469055176e-01,1.442179679870605469e+00,-4.468936845660209656e-02,-6.618401408195495605e-02,-1.125853285193443298e-01,1.474394917488098145e+00
-8.006540298461914062e+00,-2.039105176925659180e+00,6.580218076705932617e-01,-3.420048160478472710e-03,-1.582655310630798340e-02,-7.277284860610961914e-01,-6.856741905212402344e-01,-6.672076880931854248e-02,1.127361971884965897e-02,5.249763727188110352e-01,2.040870338678359985e-01,-1.231238543987274170e-01,-9.557479992508888245e-03,-2.314146608114242554e-01,5.724629014730453491e-02,6.436849385499954224e-02,2.608747184276580811e-01,-3.851255401968955994e-02,-7.211457192897796631e-02,-9.114035218954086304e-02,4.370639845728874207e-02,2.499252930283546448e-02,1.554964035749435425e-01,1.436591386795043945e+00,-4.336181655526161194e-02,-6.236913427710533142e-02,-1.003617346286773682e-01,1.469477295875549316e+00
-8.012092590332031250e+00,-2.037652969360351562e+00,6.573846936225891113e-01,-4.497915972024202347e-03,-1.813225261867046356e-02,-7.243061065673828125e-01,-6.892254352569580078e-01,-8.139605820178985596e-02,8.360838517546653748e-03,5.232394337654113770e-01,2.493322193622589111e-01,-1.514354944229125977e-01,-5.127321463078260422e-03,-2.260162681341171265e-01,4.996474459767341614e-02,8.776070922613143921e-02,2.354208230972290039e-01,-1.891070976853370667e-02,-6.444773077964782715e-02,-7.120029628276824951e-02,4.459134861826896667e-02,2.536990679800510406e-02,1.581342518329620361e-01,1.425836682319641113e+00,-4.165907576680183411e-02,-5.783009529113769531e-02,-8.375269919633865356e-02,1.460926413536071777e+00
-8.017384529113769531e+00,-2.036844491958618164e+00,6.574407815933227539e-01,-5.759874824434518814e-03,-2.097210288047790527e-02,-7.203055024147033691e-01,-6.933159232139587402e-01,-9.542381018400192261e-02,8.285904303193092346e-03,5.150133371353149414e-01,2.872687578201293945e-01,-1.713134795427322388e-01,-5.016366951167583466e-03,-2.235202342271804810e-01,4.009360820055007935e-02,1.066593080759048462e-01,2.175730019807815552e-01,-5.392615683376789093e-03,-5.627680942416191101e-02,-5.419532582163810730e-02,5.048185214400291443e-02,2.327644266188144684e-02,1.637779027223587036e-01,1.410775184631347656e+00,-4.589504748582839966e-02,-5.842032656073570251e-02,-6.128776445984840393e-02,1.456797957420349121e+00
-8.023550033569335938e+00,-2.037733554840087891e+00,6.581744551658630371e-01,-8.300576359033584595e-03,-2.480442263185977936e-02,-7.195731401443481445e-01,-6.939238905906677246e-01,-1.149983629584312439e-01,1.314049400389194489e-02,4.963438212871551514e-01,3.291844427585601807e-01,-1.826778799295425415e-01,-1.057621557265520096e-02,-2.233930081129074097e-01,2.221294306218624115e-02,1.154183596372604370e-01,2.065994739532470703e-01,3.062204224988818169e-03,-4.600482061505317688e-02,-4.954007640480995178e-02,5.697781965136528015e-02,1.915488392114639282e-02,1.586973369121551514e-01,1.395530819892883301e+00,-5.084357783198356628e-02,-6.405434757471084595e-02,-4.786970838904380798e-02,1.456709742546081543e+00
-8.029664993286132812e+00,-2.038148164749145508e+00,6.595195531845092773e-01,-1.195431221276521683e-02,-2.887424267828464508e-02,-7.206827402114868164e-01,-6.925602555274963379e-01,-1.344036310911178589e-01,2.254107221961021423e-02,4.764302074909210205e-01,3.671933114528656006e-01,-1.796874403953552246e-01,-2.262990176677703857e-02,-2.197508066892623901e-01,4.239143891027197242e-05,1.184889450669288635e-01,1.961825340986251831e-01,7.906398735940456390e-03,-3.497357293963432312e-02,-5.188723653554916382e-02,6.472209841012954712e-02,1.528902538120746613e-02,1.432627141475677490e-01,1.380026221275329590e+00,-5.107411742210388184e-02,-7.298161834478378296e-02,-4.968846216797828674e-02,1.454462528228759766e+00
-8.035212516784667969e+00,-2.036459207534790039e+00,6.611920595169067383e-01,-1.573036238551139832e-02,-3.283281624317169189e-02,-7.212285995483398438e-01,-6.917397379875183105e-01,-1.479829251766204834e-01,3.848225250840187073e-02,4.571503400802612305e-01,3.892362117767333984e-01,-1.594921797513961792e-01,-4.420246928930282593e-02,-2.098212987184524536e-01,-2.158374153077602386e-02,1.204735338687896729e-01,1.812171190977096558e-01,1.164773199707269669e-02,-2.534041553735733032e-02,-5.422975122928619385e-02,7.427390664815902710e-02,1.164230797439813614e-02,1.331335604190826416e-01,1.367985010147094727e+00,-4.852679371833801270e-02,-8.580650389194488525e-02,-5.375053361058235168e-02,1.449753403663635254e+00
-8.040709495544433594e+00,-2.034322738647460938e+00,6.627582311630249023e-01,-1.945450343191623688e-02,-3.647439181804656982e-02,-7.206835746765136719e-01,-6.920306086540222168e-01,-1.535511016845703125e-01,5.670003965497016907e-02,4.390993118286132812e-01,3.932749330997467041e-01,-1.313734948635101318e-01,-7.119400054216384888e-02,-1.998286545276641846e-01,-4.204779863357543945e-02,1.240693405270576477e-01,1.676818579435348511e-01,1.456629484891891479e-02,-1.626746729016304016e-02,-5.608290433883666992e-02,8.456052094697952271e-02,9.618408977985382080e-03,1.399219483137130737e-01,1.364486336708068848e+00,-4.847221449017524719e-02,-1.017814129590988159e-01,-5.075684562325477600e-02,1.447147727012634277e+00
-8.047207832336425781e+00,-2.032875537872314453e+00,6.638768911361694336e-01,-2.293007820844650269e-02,-3.930643573403358459e-02,-7.196698188781738281e-01,-6.928235888481140137e-01,-1.507353037595748901e-01,7.775454223155975342e-02,4.203437268733978271e-01,3.792808055877685547e-01,-9.701048582792282104e-02,-1.025582253932952881e-01,-1.915602535009384155e-01,-6.243912130594253540e-02,1.288753449916839600e-01,1.565208584070205688e-01,1.731877028942108154e-02,-5.092610139399766922e-03,-5.865188315510749817e-02,9.528443217277526855e-02,9.676828980445861816e-03,1.557317525148391724e-01,1.369262814521789551e+00,-5.043928697705268860e-02,-1.179789826273918152e-01,-4.577375948429107666e-02,1.448296904563903809e+00
-8.054998397827148438e+00,-2.031392812728881836e+00,6.647524833679199219e-01,-2.600654773414134979e-02,-4.140494018793106079e-02,-7.186206579208374023e-01,-6.936812400817871094e-01,-1.424165964126586914e-01,9.855149686336517334e-02,4.013076722621917725e-01,3.526103496551513672e-01,-5.897192656993865967e-02,-1.350224018096923828e-01,-1.834345608949661255e-01,-8.338967710733413696e-02,1.334192454814910889e-01,1.469509601593017578e-01,1.857210323214530945e-02,8.307428099215030670e-03,-6.192214787006378174e-02,1.058948934078216553e-01,1.136403158307075500e-02,1.739928126335144043e-01,1.379318237304687500e+00,-5.203672498464584351e-02,-1.335626095533370972e-01,-4.588170349597930908e-02,1.452189803123474121e+00
-8.063849449157714844e+00,-2.029929876327514648e+00,6.652733087539672852e-01,-2.875998429954051971e-02,-4.310881346464157104e-02,-7.175227999687194824e-01,-6.946045756340026855e-01,-1.301871985197067261e-01,1.202191859483718872e-01,3.811624646186828613e-01,3.150547444820404053e-01,-1.759552583098411560e-02,-1.686561703681945801e-01,-1.769865900278091431e-01,-1.052648052573204041e-01,1.385225355625152588e-01,1.405606269836425781e-01,1.811378262937068939e-02,2.342627756297588348e-02,-6.485497951507568359e-02,1.146493181586265564e-01,1.285958848893642426e-02,1.914504468441009521e-01,1.394209504127502441e+00,-5.198535695672035217e-02,-1.494939774274826050e-01,-5.337960273027420044e-02,1.457375645637512207e+00
-8.072864532470703125e+00,-2.028542995452880859e+00,6.655039191246032715e-01,-3.148765116930007935e-02,-4.469215124845504761e-02,-7.167791724205017090e-01,-6.951537728309631348e-01,-1.171000152826309204e-01,1.399505287408828735e-01,3.619819879531860352e-01,2.768165171146392822e-01,1.766675896942615509e-02,-1.999423950910568237e-01,-1.722298562526702881e-01,-1.269723027944564819e-01,1.423366069793701172e-01,1.387058049440383911e-01,1.527704671025276184e-02,3.906244039535522461e-02,-6.744643300771713257e-02,1.210831925272941589e-01,1.553580444306135178e-02,2.053569853305816650e-01,1.411040544509887695e+00,-4.976439848542213440e-02,-1.669802218675613403e-01,-6.579758226871490479e-02,1.463644623756408691e+00
-8.082517623901367188e+00,-2.027269363403320312e+00,6.655558943748474121e-01,-3.384183719754219055e-02,-4.612414911389350891e-02,-7.169583439826965332e-01,-6.947647333145141602e-01,-1.063098460435867310e-01,1.598030179738998413e-01,3.444754779338836670e-01,2.431706190109252930e-01,4.850818961858749390e-02,-2.234298586845397949e-01,-1.677735149860382080e-01,-1.495314687490463257e-01,1.435306221246719360e-01,1.383123248815536499e-01,1.081237290054559708e-02,5.563230067491531372e-02,-7.073543220758438110e-02,1.265322566032409668e-01,1.883121021091938019e-02,2.124984115362167358e-01,1.425397634506225586e+00,-4.634872823953628540e-02,-1.851866692304611206e-01,-7.773844152688980103e-02,1.469970583915710449e+00
-8.092650413513183594e+00,-2.026573657989501953e+00,6.654124259948730469e-01,-3.566026687622070312e-02,-4.713721945881843567e-02,-7.184417843818664551e-01,-6.930713057518005371e-01,-9.850361943244934082e-02,1.793987005949020386e-01,3.324324190616607666e-01,2.168817818164825439e-01,7.724137604236602783e-02,-2.369621396064758301e-01,-1.630901098251342773e-01,-1.721886843442916870e-01,1.402658075094223022e-01,1.382798850536346436e-01,6.044171750545501709e-03,7.295358180999755859e-02,-7.577887922525405884e-02,1.295396536588668823e-01,2.240535803139209747e-02,2.123679518699645996e-01,1.437307715415954590e+00,-4.364260658621788025e-02,-2.046561986207962036e-01,-8.639684319496154785e-02,1.477817177772521973e+00
-8.103628158569335938e+00,-2.026422023773193359e+00,6.646876931190490723e-01,-3.695897758007049561e-02,-4.763656482100486755e-02,-7.203741073608398438e-01,-6.909601688385009766e-01,-9.150425344705581665e-02,1.996899992227554321e-01,3.328453600406646729e-01,1.950915902853012085e-01,1.047708094120025635e-01,-2.487191110849380493e-01,-1.612297892570495605e-01,-1.946422606706619263e-01,1.366852521896362305e-01,1.428509950637817383e-01,-1.240719924680888653e-03,9.190361946821212769e-02,-8.029424399137496948e-02,1.304268240928649902e-01,2.652278915047645569e-02,2.090065181255340576e-01,1.446737527847290039e+00,-4.137108847498893738e-02,-2.238596975803375244e-01,-9.483020752668380737e-02,1.486725330352783203e+00
-8.115194320678710938e+00,-2.027016401290893555e+00,6.632898449897766113e-01,-3.761123120784759521e-02,-4.767096042633056641e-02,-7.223363518714904785e-01,-6.888708472251892090e-01,-8.452707529067993164e-02,2.182386368513107300e-01,3.393781781196594238e-01,1.761118918657302856e-01,1.290159970521926880e-01,-2.620987296104431152e-01,-1.636321544647216797e-01,-2.158865928649902344e-01,1.342492401599884033e-01,1.546547114849090576e-01,-1.176882069557905197e-02,1.119338870048522949e-01,-8.307105302810668945e-02,1.308104991912841797e-01,3.153648599982261658e-02,2.076152414083480835e-01,1.452159047126770020e+00,-3.864021226763725281e-02,-2.420992106199264526e-01,-1.057837009429931641e-01,1.496889472007751465e+00
-8.127624511718750000e+00,-2.028120994567871094e+00,6.611346006393432617e-01,-3.733309730887413025e-02,-4.699584469199180603e-02,-7.236254811286926270e-01,-6.875782012939453125e-01,-7.818258553743362427e-02,2.329959869384765625e-01,3.421049416065216064e-01,1.588449925184249878e-01,1.506807357072830200e-01,-2.739305496215820312e-01,-1.718810200691223145e-01,-2.356777042150497437e-01,1.352550089359283447e-01,1.755942404270172119e-01,-2.690217457711696625e-02,1.335582733154296875e-01,-8.357817679643630981e-02,1.322609633207321167e-01,3.732023015618324280e-02,2.112243771553039551e-01,1.453148961067199707e+00,-3.673410043120384216e-02,-2.579577565193176270e-01,-1.167824566364288330e-01,1.506990194320678711e+00
-8.140614509582519531e+00,-2.029594659805297852e+00,6.581996083259582520e-01,-3.636559471487998962e-02,-4.555401578545570374e-02,-7.240582704544067383e-01,-6.872714161872863770e-01,-7.357194274663925171e-02,2.424781471490859985e-01,3.366409540176391602e-01,1.453713476657867432e-01,1.657979935407638550e-01,-2.859831452369689941e-01,-1.841792017221450806e-01,-2.536000907421112061e-01,1.403048634529113770e-01,2.008881568908691406e-01,-4.358035326004028320e-02,1.566326618194580078e-01,-8.269581198692321777e-02,1.350673586130142212e-01,4.395659267902374268e-02,2.160183340311050415e-01,1.449026584625244141e+00,-3.660520911216735840e-02,-2.731258869171142578e-01,-1.277890056371688843e-01,1.516817331314086914e+00
-8.155140876770019531e+00,-2.031424760818481445e+00,6.543412804603576660e-01,-3.465237841010093689e-02,-4.359646886587142944e-02,-7.247642278671264648e-01,-6.867426037788391113e-01,-7.189052551984786987e-02,2.444548457860946655e-01,3.214929103851318359e-01,1.364868730306625366e-01,1.753846555948257446e-01,-2.986015975475311279e-01,-1.970975100994110107e-01,-2.729297876358032227e-01,1.453885883092880249e-01,2.265882045030593872e-01,-6.049922853708267212e-02,1.826755255460739136e-01,-8.319967240095138550e-02,1.379877924919128418e-01,5.109826475381851196e-02,2.211776971817016602e-01,1.443077683448791504e+00,-3.916116803884506226e-02,-2.864798009395599365e-01,-1.372610479593276978e-01,1.525863885879516602e+00
-8.171367645263671875e+00,-2.033761262893676758e+00,6.498703956604003906e-01,-3.193105384707450867e-02,-4.081341996788978577e-02,-7.269766330718994141e-01,-6.847040057182312012e-01,-7.432697713375091553e-02,2.436921596527099609e-01,3.121359944343566895e-01,1.391421854496002197e-01,1.608010232448577881e-01,-3.013125956058502197e-01,-2.067605853080749512e-01,-2.931512296199798584e-01,1.459223479032516479e-01,2.462878972291946411e-01,-7.475278526544570923e-02,2.111894935369491577e-01,-8.949277549982070923e-02,1.398946195840835571e-01,5.724349245429039001e-02,2.281426787376403809e-01,1.436731934547424316e+00,-4.214703664183616638e-02,-2.989847660064697266e-01,-1.453051716089248657e-01,1.530468225479125977e+00
-8.188687324523925781e+00,-2.037116289138793945e+00,6.450943350791931152e-01,-2.809719741344451904e-02,-3.746430203318595886e-02,-7.298195362091064453e-01,-6.820340156555175781e-01,-7.871741801500320435e-02,2.358352094888687134e-01,3.205608725547790527e-01,1.538387537002563477e-01,1.121224239468574524e-01,-2.849143743515014648e-01,-2.179303616285324097e-01,-3.145386278629302979e-01,1.453590840101242065e-01,2.652271091938018799e-01,-8.635519444942474365e-02,2.428665608167648315e-01,-9.600597620010375977e-02,1.378720998764038086e-01,6.320507824420928955e-02,2.344486415386199951e-01,1.431134939193725586e+00,-4.138607904314994812e-02,-3.106727600097656250e-01,-1.602921336889266968e-01,1.528680324554443359e+00
-8.205905914306640625e+00,-2.041575908660888672e+00,6.423573493957519531e-01,-2.266559377312660217e-02,-3.340200334787368774e-02,-7.340956926345825195e-01,-6.778451800346374512e-01,-9.046872705221176147e-02,2.257299572229385376e-01,3.248231112957000732e-01,1.771193295717239380e-01,5.728284269571304321e-02,-2.606183886528015137e-01,-2.294712513685226440e-01,-3.329793512821197510e-01,1.403580158948898315e-01,2.809586822986602783e-01,-9.086536616086959839e-02,2.739917337894439697e-01,-1.025188714265823364e-01,1.226134449243545532e-01,7.056649029254913330e-02,2.338551133871078491e-01,1.433706879615783691e+00,-3.695278614759445190e-02,-3.202827572822570801e-01,-1.878397464752197266e-01,1.522718191146850586e+00
-8.222887992858886719e+00,-2.046591758728027344e+00,6.400503516197204590e-01,-1.779847592115402222e-02,-2.975798584520816803e-02,-7.413589358329772949e-01,-6.702123284339904785e-01,-1.290547847747802734e-01,2.168885320425033569e-01,3.060030043125152588e-01,2.406919449567794800e-01,-5.686542135663330555e-04,-2.331108748912811279e-01,-2.343162894248962402e-01,-3.545054793357849121e-01,1.260275840759277344e-01,2.796752154827117920e-01,-5.862317979335784912e-02,3.041672408580780029e-01,-1.157997995615005493e-01,9.268356114625930786e-02,7.513118535280227661e-02,2.146110832691192627e-01,1.452290296554565430e+00,-2.597507089376449585e-02,-3.219854831695556641e-01,-2.372046858072280884e-01,1.516075968742370605e+00
-8.238234519958496094e+00,-2.052320480346679688e+00,6.383715867996215820e-01,-1.361713744699954987e-02,-2.658979035913944244e-02,-7.454367876052856445e-01,-6.659065485000610352e-01,-1.703300178050994873e-01,2.091941535472869873e-01,2.918868660926818848e-01,3.128679096698760986e-01,-5.207404121756553650e-02,-2.070540785789489746e-01,-2.472414821386337280e-01,-3.749583661556243896e-01,1.119120866060256958e-01,2.730396687984466553e-01,1.608701981604099274e-02,3.295526504516601562e-01,-1.210808679461479187e-01,6.237995624542236328e-02,6.944690644741058350e-02,1.709785163402557373e-01,1.468516230583190918e+00,-4.201713483780622482e-03,-3.141800165176391602e-01,-2.994925379753112793e-01,1.501964211463928223e+00
-8.254654884338378906e+00,-2.057416915893554688e+00,6.401882767677307129e-01,-1.040657330304384232e-02,-2.390261739492416382e-02,-7.441707253456115723e-01,-6.674805283546447754e-01,-1.801846027374267578e-01,1.925203949213027954e-01,3.008474409580230713e-01,3.330838382244110107e-01,-7.677852362394332886e-02,-1.792000830173492432e-01,-2.768067121505737305e-01,-3.903464376926422119e-01,9.365262091159820557e-02,2.912279069423675537e-01,9.217360615730285645e-02,3.148080408573150635e-01,-1.179862692952156067e-01,4.209620878100395203e-02,5.888602137565612793e-02,1.335257291793823242e-01,1.475843310356140137e+00,5.033291410654783249e-03,-3.006527423858642578e-01,-3.252934813499450684e-01,1.491203665733337402e+00
-8.270275115966796875e+00,-2.061413764953613281e+00,6.440844535827636719e-01,-8.051765151321887970e-03,-2.105633169412612915e-02,-7.400420904159545898e-01,-6.721826195716857910e-01,-1.689809858798980713e-01,1.724227368831634521e-01,3.211265802383422852e-01,3.178935348987579346e-01,-8.200171589851379395e-02,-1.529513895511627197e-01,-3.136180043220520020e-01,-3.930053710937500000e-01,7.282097637653350830e-02,3.457328379154205322e-01,1.090982034802436829e-01,2.588808238506317139e-01,-1.160393282771110535e-01,3.596235439181327820e-02,4.912737384438514709e-02,1.329681128263473511e-01,1.479974389076232910e+00,-7.130255457013845444e-03,-2.846556007862091064e-01,-3.053728640079498291e-01,1.489967823028564453e+00
-8.284690856933593750e+00,-2.065477848052978516e+00,6.483660340309143066e-01,-5.451639182865619659e-03,-1.735986955463886261e-02,-7.362119555473327637e-01,-6.765064001083374023e-01,-1.545363813638687134e-01,1.535421311855316162e-01,3.389754593372344971e-01,2.909577190876007080e-01,-7.792620360851287842e-02,-1.282172352075576782e-01,-3.463132977485656738e-01,-3.815101981163024902e-01,4.566830769181251526e-02,4.247910082340240479e-01,6.855188310146331787e-02,1.892961412668228149e-01,-1.191100776195526123e-01,4.107972607016563416e-02,4.378708451986312866e-02,1.519611626863479614e-01,1.477159023284912109e+00,-2.088069356977939606e-02,-2.639147937297821045e-01,-2.789323925971984863e-01,1.487648606300354004e+00
-8.297214508056640625e+00,-2.068676710128784180e+00,6.522523164749145508e-01,-1.571570755913853645e-03,-1.293729804456233978e-02,-7.340335249900817871e-01,-6.789881587028503418e-01,-1.419259905815124512e-01,1.398442536592483521e-01,3.498856425285339355e-01,2.628171145915985107e-01,-7.072420418262481689e-02,-1.068522185087203979e-01,-3.629084229469299316e-01,-3.582752346992492676e-01,9.704072028398513794e-03,4.916518628597259521e-01,2.247239649295806885e-02,1.384359300136566162e-01,-1.280159503221511841e-01,5.013196170330047607e-02,4.356364905834197998e-02,1.664086878299713135e-01,1.465577721595764160e+00,-2.619962953031063080e-02,-2.381496727466583252e-01,-2.620661556720733643e-01,1.477564930915832520e+00
-8.308474540710449219e+00,-2.071100473403930664e+00,6.556590199470520020e-01,2.413783920928835869e-03,-8.629214018583297729e-03,-7.325533628463745117e-01,-6.806505918502807617e-01,-1.294066160917282104e-01,1.279174983501434326e-01,3.582376539707183838e-01,2.329149246215820312e-01,-6.125990301370620728e-02,-8.811596035957336426e-02,-3.648235201835632324e-01,-3.244663178920745850e-01,-2.947317995131015778e-02,5.382733345031738281e-01,-1.570263877511024475e-02,1.097473427653312683e-01,-1.362988948822021484e-01,5.636283755302429199e-02,4.648242145776748657e-02,1.670310348272323608e-01,1.452292442321777344e+00,-2.455197647213935852e-02,-2.132254987955093384e-01,-2.483249008655548096e-01,1.464383244514465332e+00
-8.318144798278808594e+00,-2.072885274887084961e+00,6.584138870239257812e-01,5.940813571214675903e-03,-4.770753905177116394e-03,-7.311655879020690918e-01,-6.821575164794921875e-01,-1.185714825987815857e-01,1.182134971022605896e-01,3.650950789451599121e-01,2.075184434652328491e-01,-5.290647596120834351e-02,-7.239051908254623413e-02,-3.595952391624450684e-01,-2.797720730304718018e-01,-6.246165931224822998e-02,5.701171755790710449e-01,-5.177536979317665100e-02,9.061471372842788696e-02,-1.407539695501327515e-01,5.382120981812477112e-02,5.084736272692680359e-02,1.527241468429565430e-01,1.443293213844299316e+00,-1.994198188185691833e-02,-1.904814839363098145e-01,-2.330324500799179077e-01,1.451860427856445312e+00
-8.327219963073730469e+00,-2.073932886123657227e+00,6.605306863784790039e-01,9.046229533851146698e-03,-1.389373559504747391e-03,-7.289217710494995117e-01,-6.845358610153198242e-01,-1.074634939432144165e-01,1.089772060513496399e-01,3.735429644584655762e-01,1.854970008134841919e-01,-4.732359200716018677e-02,-5.812239274382591248e-02,-3.477611541748046875e-01,-2.240464389324188232e-01,-8.648224174976348877e-02,5.833910703659057617e-01,-8.597896993160247803e-02,8.074247837066650391e-02,-1.411976516246795654e-01,4.771192371845245361e-02,5.464369058609008789e-02,1.362044662237167358e-01,1.439046502113342285e+00,-1.567410863935947418e-02,-1.679488569498062134e-01,-2.175451964139938354e-01,1.444176077842712402e+00
-8.335198402404785156e+00,-2.074335336685180664e+00,6.621842980384826660e-01,1.167957391589879990e-02,1.538460841402411461e-03,-7.247415781021118164e-01,-6.889200806617736816e-01,-9.444472193717956543e-02,1.005472689867019653e-01,3.868898749351501465e-01,1.655542105436325073e-01,-4.479663819074630737e-02,-4.636827483773231506e-02,-3.294554948806762695e-01,-1.622694879770278931e-01,-1.045051440596580505e-01,5.758821368217468262e-01,-1.169550120830535889e-01,7.123441994190216064e-02,-1.367489993572235107e-01,4.244459792971611023e-02,5.559521168470382690e-02,1.328170448541641235e-01,1.439330101013183594e+00,-1.610055379569530487e-02,-1.437828540802001953e-01,-1.990483701229095459e-01,1.446382999420166016e+00
-8.342558860778808594e+00,-2.073988676071166992e+00,6.634463071823120117e-01,1.357044558972120285e-02,3.691179677844047546e-03,-7.193199992179870605e-01,-6.945365071296691895e-01,-7.968594133853912354e-02,9.167210757732391357e-02,4.037967026233673096e-01,1.467159986495971680e-01,-4.414762929081916809e-02,-3.696567565202713013e-02,-3.070937693119049072e-01,-9.773414582014083862e-02,-1.152467802166938782e-01,5.517719984054565430e-01,-1.443372964859008789e-01,4.641284793615341187e-02,-1.314206421375274658e-01,4.092263057827949524e-02,5.313441529870033264e-02,1.432501673698425293e-01,1.442604303359985352e+00,-2.234178222715854645e-02,-1.192677840590476990e-01,-1.761212646961212158e-01,1.457930684089660645e+00
-8.348296165466308594e+00,-2.073421239852905273e+00,6.641014814376831055e-01,1.420751214027404785e-02,4.754129331558942795e-03,-7.135557532310485840e-01,-7.004382610321044922e-01,-6.603731960058212280e-02,8.194532990455627441e-02,4.212425351142883301e-01,1.314542740583419800e-01,-4.532547667622566223e-02,-2.955838665366172791e-02,-2.864865362644195557e-01,-3.347484022378921509e-02,-9.819090366363525391e-02,5.141553282737731934e-01,-1.654501110315322876e-01,1.232254970818758011e-02,-1.271122992038726807e-01,4.349978640675544739e-02,4.649513959884643555e-02,1.587957292795181274e-01,1.447628617286682129e+00,-3.205584362149238586e-02,-9.494304656982421875e-02,-1.513585895299911499e-01,1.473668932914733887e+00
-8.353330612182617188e+00,-2.073092222213745117e+00,6.640969514846801758e-01,1.342394482344388962e-02,4.194186534732580185e-03,-7.078865170478820801e-01,-7.061861753463745117e-01,-5.479785054922103882e-02,6.948823481798171997e-02,4.379129409790039062e-01,1.193829923868179321e-01,-4.696273431181907654e-02,-2.321956492960453033e-02,-2.687668204307556152e-01,2.824560739099979401e-02,-4.241724312305450439e-02,4.629992246627807617e-01,-1.785949170589447021e-01,-2.288176864385604858e-02,-1.236724257469177246e-01,4.683185741305351257e-02,3.753066062927246094e-02,1.694296151399612427e-01,1.452980041503906250e+00,-4.057149216532707214e-02,-7.296327501535415649e-02,-1.295944452285766602e-01,1.487940788269042969e+00
-8.357242584228515625e+00,-2.072189807891845703e+00,6.630317568778991699e-01,1.010963600128889084e-02,9.527317015454173088e-04,-7.033162713050842285e-01,-7.108045816421508789e-01,-4.606119915843009949e-02,5.015106126666069031e-02,4.523337185382843018e-01,1.111468225717544556e-01,-5.081443488597869873e-02,-1.714833639562129974e-02,-2.466784864664077759e-01,7.071577757596969604e-02,2.842291817069053650e-02,3.901019394397735596e-01,-1.525449156761169434e-01,-5.088771134614944458e-02,-1.195548549294471741e-01,4.903135821223258972e-02,2.487179078161716461e-02,1.712067276239395142e-01,1.458635330200195312e+00,-4.468324035406112671e-02,-5.689960718154907227e-02,-1.125865653157234192e-01,1.495849609375000000e+00
-8.362122535705566406e+00,-2.071408271789550781e+00,6.615835428237915039e-01,5.629625171422958374e-03,-3.864014521241188049e-03,-7.007392644882202148e-01,-7.133848071098327637e-01,-4.211112484335899353e-02,2.846652455627918243e-02,4.602947533130645752e-01,1.098297312855720520e-01,-5.725586786866188049e-02,-1.116905640810728073e-02,-2.253605574369430542e-01,8.526001125574111938e-02,7.821363955736160278e-02,3.245028257369995117e-01,-1.149491891264915466e-01,-6.612843275070190430e-02,-1.168272197246551514e-01,4.977883771061897278e-02,1.134707313030958176e-02,1.678903698921203613e-01,1.463164210319519043e+00,-4.460974782705307007e-02,-4.750256612896919250e-02,-1.008724421262741089e-01,1.498427391052246094e+00
-8.367084503173828125e+00,-2.070000410079956055e+00,6.601428985595703125e-01,-9.624056838219985366e-05,-1.048239786177873611e-02,-7.011104226112365723e-01,-7.129756808280944824e-01,-4.756153374910354614e-02,5.094073247164487839e-03,4.576877951622009277e-01,1.237714365124702454e-01,-6.601414084434509277e-02,-4.305132199078798294e-03,-2.139150798320770264e-01,7.349193096160888672e-02,1.009681299328804016e-01,2.835013866424560547e-01,-8.668785542249679565e-02,-6.752605736255645752e-02,-1.143717542290687561e-01,4.535566270351409912e-02,-2.942438935860991478e-03,1.589719355106353760e-01,1.469557881355285645e+00,-4.122636839747428894e-02,-4.530037567019462585e-02,-9.411836415529251099e-02,1.497155189514160156e+00
-8.372729301452636719e+00,-2.069506406784057617e+00,6.588166356086730957e-01,-2.904053078964352608e-03,-1.495707966387271881e-02,-7.016892433166503906e-01,-7.123201489448547363e-01,-6.614100188016891479e-02,-6.949813105165958405e-03,4.521983265876770020e-01,1.634366959333419800e-01,-8.833347260951995850e-02,4.015150945633649826e-03,-2.121046930551528931e-01,5.701734498143196106e-02,1.131770461797714233e-01,2.594631016254425049e-01,-6.587497144937515259e-02,-5.937874317169189453e-02,-1.064221486449241638e-01,4.266928881406784058e-02,-1.040061097592115402e-02,1.508394181728363037e-01,1.472311139106750488e+00,-3.331876546144485474e-02,-3.936009854078292847e-02,-8.728977292776107788e-02,1.490896821022033691e+00
-8.377232551574707031e+00,-2.069648265838623047e+00,6.575810909271240234e-01,-3.071871353313326836e-03,-1.847571320831775665e-02,-6.979855298995971680e-01,-7.158668637275695801e-01,-8.435418456792831421e-02,-1.213273406028747559e-02,4.586006999015808105e-01,2.020551860332489014e-01,-1.140334233641624451e-01,9.982144460082054138e-03,-2.203575372695922852e-01,4.760823398828506470e-02,1.318330168724060059e-01,2.518057227134704590e-01,-5.348386988043785095e-02,-5.073014646768569946e-02,-8.518287539482116699e-02,4.756733030080795288e-02,-1.350831240415573120e-02,1.480568200349807739e-01,1.460800528526306152e+00,-2.577611058950424194e-02,-3.329298645257949829e-02,-7.221387326717376709e-02,1.481140494346618652e+00
-8.381488800048828125e+00,-2.069995403289794922e+00,6.571775078773498535e-01,-3.804155159741640091e-03,-2.255761809647083282e-02,-6.942355036735534668e-01,-7.193843126296997070e-01,-1.035103276371955872e-01,-1.271836459636688232e-02,4.657271206378936768e-01,2.419088929891586304e-01,-1.360611915588378906e-01,1.127365045249462128e-02,-2.289022952318191528e-01,3.719897940754890442e-02,1.474929153919219971e-01,2.491512596607208252e-01,-4.714907333254814148e-02,-4.331595823168754578e-02,-6.547216325998306274e-02,5.312961712479591370e-02,-1.705555059015750885e-02,1.428268998861312866e-01,1.442192673683166504e+00,-2.240471169352531433e-02,-3.270683065056800842e-02,-5.710078403353691101e-02,1.476503252983093262e+00
-8.386347770690917969e+00,-2.071310758590698242e+00,6.577628850936889648e-01,-6.535261403769254684e-03,-2.728627808392047882e-02,-6.950176358222961426e-01,-7.184450030326843262e-01,-1.266791820526123047e-01,-1.082206051796674728e-02,4.616783261299133301e-01,2.869908213615417480e-01,-1.514357179403305054e-01,8.406730368733406067e-03,-2.349379360675811768e-01,1.825637556612491608e-02,1.508212089538574219e-01,2.476999461650848389e-01,-4.378479719161987305e-02,-3.411002829670906067e-02,-5.906268954277038574e-02,5.622407793998718262e-02,-2.111502923071384430e-02,1.258179098367691040e-01,1.423224568367004395e+00,-2.036399953067302704e-02,-3.740542754530906677e-02,-5.602460354566574097e-02,1.479152202606201172e+00
-8.392208099365234375e+00,-2.072336673736572266e+00,6.590789556503295898e-01,-1.023614034056663513e-02,-3.221619129180908203e-02,-6.982147693634033203e-01,-7.150897979736328125e-01,-1.479980498552322388e-01,-3.583108307793736458e-03,4.551762342453002930e-01,3.299013674259185791e-01,-1.564046293497085571e-01,-1.788757159374654293e-03,-2.353849411010742188e-01,-6.075430195778608322e-03,1.481991708278656006e-01,2.422202080488204956e-01,-4.100754484534263611e-02,-2.326173335313796997e-02,-6.000211462378501892e-02,6.037093326449394226e-02,-2.498742192983627319e-02,1.061015203595161438e-01,1.404760956764221191e+00,-1.531049143522977829e-02,-4.507745802402496338e-02,-6.481830775737762451e-02,1.481150150299072266e+00
-8.397747993469238281e+00,-2.071078300476074219e+00,6.609261035919189453e-01,-1.426182594150304794e-02,-3.667899593710899353e-02,-7.011330723762512207e-01,-7.119435667991638184e-01,-1.628414839506149292e-01,9.510090574622154236e-03,4.484077990055084229e-01,3.593708574771881104e-01,-1.457838863134384155e-01,-1.980623416602611542e-02,-2.261063158512115479e-01,-3.092070110142230988e-02,1.440910995006561279e-01,2.269494682550430298e-01,-3.689878806471824646e-02,-1.345394551753997803e-02,-6.202493235468864441e-02,6.863397359848022461e-02,-2.882064506411552429e-02,1.029771864414215088e-01,1.389786481857299805e+00,-9.628742001950740814e-03,-5.659278482198715210e-02,-7.175720483064651489e-02,1.481351852416992188e+00
-8.403457641601562500e+00,-2.068508148193359375e+00,6.626162528991699219e-01,-1.824367046356201172e-02,-4.012029618024826050e-02,-7.033711075782775879e-01,-7.094551920890808105e-01,-1.696144491434097290e-01,2.844052761793136597e-02,4.381430745124816895e-01,3.713326156139373779e-01,-1.222888976335525513e-01,-4.519833251833915710e-02,-2.113960385322570801e-01,-5.455767363309860229e-02,1.392443627119064331e-01,2.078406363725662231e-01,-3.218611702322959900e-02,-3.747959388419985771e-03,-6.407588720321655273e-02,7.815465331077575684e-02,-3.144026547670364380e-02,1.163367852568626404e-01,1.382121443748474121e+00,-5.839445162564516068e-03,-6.975360959768295288e-02,-7.351806014776229858e-02,1.482741236686706543e+00
-8.409846305847167969e+00,-2.066420555114746094e+00,6.639005541801452637e-01,-2.172646857798099518e-02,-4.227128624916076660e-02,-7.050178647041320801e-01,-7.075951695442199707e-01,-1.695534437894821167e-01,5.093504488468170166e-02,4.247315526008605957e-01,3.688736259937286377e-01,-9.228824079036712646e-02,-7.481193542480468750e-02,-1.967748254537582397e-01,-7.607048004865646362e-02,1.352810263633728027e-01,1.899713277816772461e-01,-2.645261026918888092e-02,7.083495147526264191e-03,-6.685686856508255005e-02,8.732160925865173340e-02,-2.995352633297443390e-02,1.378553807735443115e-01,1.382467389106750488e+00,-3.136471379548311234e-03,-8.349794149398803711e-02,-7.487996667623519897e-02,1.485254764556884766e+00
-8.416622161865234375e+00,-2.064509153366088867e+00,6.647230982780456543e-01,-2.484421990811824799e-02,-4.351747035980224609e-02,-7.065052390098571777e-01,-7.059315443038940430e-01,-1.640625447034835815e-01,7.788495719432830811e-02,4.073246121406555176e-01,3.511563539505004883e-01,-5.201436579227447510e-02,-1.097560375928878784e-01,-1.831148266792297363e-01,-9.600540250539779663e-02,1.317892521619796753e-01,1.749663203954696655e-01,-2.310655079782009125e-02,1.880587264895439148e-02,-6.998971849679946899e-02,9.593395143747329712e-02,-2.487795799970626831e-02,1.601329445838928223e-01,1.388495206832885742e+00,-9.083088370971381664e-04,-9.682801365852355957e-02,-8.082450926303863525e-02,1.489154815673828125e+00
-8.423844337463378906e+00,-2.062427759170532227e+00,6.651065349578857422e-01,-2.720966003835201263e-02,-4.408391937613487244e-02,-7.077165842056274414e-01,-7.045945525169372559e-01,-1.554188579320907593e-01,1.057722643017768860e-01,3.876117169857025146e-01,3.231580555438995361e-01,-6.078368984162807465e-03,-1.456911712884902954e-01,-1.708717048168182373e-01,-1.144883856177330017e-01,1.285926550626754761e-01,1.641058176755905151e-01,-2.228160202503204346e-02,3.075841814279556274e-02,-7.415975630283355713e-02,1.030899360775947571e-01,-1.849290542304515839e-02,1.829385757446289062e-01,1.402030825614929199e+00,1.180871971882879734e-03,-1.108818501234054565e-01,-9.032172709703445435e-02,1.494609117507934570e+00
-8.431758880615234375e+00,-2.060431003570556641e+00,6.651359200477600098e-01,-2.932794392108917236e-02,-4.402207955718040466e-02,-7.087137103080749512e-01,-7.035103440284729004e-01,-1.431466937065124512e-01,1.344066411256790161e-01,3.660877645015716553e-01,2.875200212001800537e-01,3.746467083692550659e-02,-1.829364746809005737e-01,-1.606668680906295776e-01,-1.323695331811904907e-01,1.260825246572494507e-01,1.582217961549758911e-01,-2.429379150271415710e-02,4.437115415930747986e-02,-7.747746258974075317e-02,1.088501736521720886e-01,-1.224612817168235779e-02,2.021272629499435425e-01,1.417900204658508301e+00,2.213037572801113129e-03,-1.248748749494552612e-01,-9.926255047321319580e-02,1.501295924186706543e+00
-8.440330505371093750e+00,-2.058391094207763672e+00,6.648288369178771973e-01,-3.089729510247707367e-02,-4.363357275724411011e-02,-7.096194624900817871e-01,-7.025536894798278809e-01,-1.298047453165054321e-01,1.631423234939575195e-01,3.466776311397552490e-01,2.518005967140197754e-01,7.487527281045913696e-02,-2.135678827762603760e-01,-1.524357944726943970e-01,-1.495290696620941162e-01,1.240853592753410339e-01,1.571149528026580811e-01,-2.984230592846870422e-02,5.887694656848907471e-02,-8.098018169403076172e-02,1.136017665266990662e-01,-4.945810884237289429e-03,2.139893025159835815e-01,1.433396339416503906e+00,7.851133705116808414e-04,-1.399811208248138428e-01,-1.047425717115402222e-01,1.509355068206787109e+00
-8.449698448181152344e+00,-2.056479692459106445e+00,6.640828251838684082e-01,-3.171106800436973572e-02,-4.256897047162055969e-02,-7.104577422142028809e-01,-7.017350196838378906e-01,-1.141936779022216797e-01,1.920251846313476562e-01,3.366622626781463623e-01,2.136692702770233154e-01,1.154126599431037903e-01,-2.351575642824172974e-01,-1.471212506294250488e-01,-1.657348424196243286e-01,1.222775131464004517e-01,1.617080122232437134e-01,-3.957672044634819031e-02,7.463981956243515015e-02,-8.447977155447006226e-02,1.184186935424804688e-01,2.290367148816585541e-03,2.204311937093734741e-01,1.446411728858947754e+00,-2.953118178993463516e-03,-1.544072031974792480e-01,-1.085192784667015076e-01,1.518031835556030273e+00
-8.460019111633300781e+00,-2.054875612258911133e+00,6.629242897033691406e-01,-3.180314600467681885e-02,-4.108491167426109314e-02,-7.114459872245788574e-01,-7.008175253868103027e-01,-9.823548793792724609e-02,2.191692292690277100e-01,3.377521038055419922e-01,1.772880256175994873e-01,1.544275581836700439e-01,-2.520858049392700195e-01,-1.425365507602691650e-01,-1.816753000020980835e-01,1.207561716437339783e-01,1.671387702226638794e-01,-4.991658031940460205e-02,9.190690517425537109e-02,-8.798588067293167114e-02,1.236674487590789795e-01,1.021917350590229034e-02,2.258442044258117676e-01,1.455892443656921387e+00,-7.753747981041669846e-03,-1.696832776069641113e-01,-1.132524982094764709e-01,1.526923060417175293e+00
-8.471425056457519531e+00,-2.053002119064331055e+00,6.616287827491760254e-01,-3.112677671015262604e-02,-3.932509198784828186e-02,-7.129031419754028320e-01,-6.994667649269104004e-01,-8.318006247282028198e-02,2.442229539155960083e-01,3.474805653095245361e-01,1.478456407785415649e-01,1.782415509223937988e-01,-2.560970783233642578e-01,-1.363042145967483521e-01,-1.985294520854949951e-01,1.182864829897880554e-01,1.692339181900024414e-01,-5.992969125509262085e-02,1.113265827298164368e-01,-9.170956164598464966e-02,1.291990876197814941e-01,1.877663657069206238e-02,2.310021668672561646e-01,1.461784482002258301e+00,-1.190050691366195679e-02,-1.846911013126373291e-01,-1.192892193794250488e-01,1.532341003417968750e+00
-8.483932495117187500e+00,-2.051322698593139648e+00,6.599148511886596680e-01,-3.013618662953376770e-02,-3.727774322032928467e-02,-7.143706679344177246e-01,-6.981236934661865234e-01,-6.931456178426742554e-02,2.627455294132232666e-01,3.616441190242767334e-01,1.260266304016113281e-01,1.901220381259918213e-01,-2.475949972867965698e-01,-1.306571662425994873e-01,-2.162661403417587280e-01,1.160253807902336121e-01,1.720103174448013306e-01,-7.006968557834625244e-02,1.321553140878677368e-01,-9.370650351047515869e-02,1.332407742738723755e-01,2.726900391280651093e-02,2.377001792192459106e-01,1.465172410011291504e+00,-1.515870820730924606e-02,-2.011132240295410156e-01,-1.251795142889022827e-01,1.534769654273986816e+00
-8.498016357421875000e+00,-2.050190210342407227e+00,6.573991179466247559e-01,-2.859711460769176483e-02,-3.515824303030967712e-02,-7.160204648971557617e-01,-6.966066360473632812e-01,-5.765801668167114258e-02,2.736175060272216797e-01,3.786259889602661133e-01,1.107583120465278625e-01,1.911334395408630371e-01,-2.410588711500167847e-01,-1.291020810604095459e-01,-2.353846728801727295e-01,1.142381504178047180e-01,1.810801625251770020e-01,-8.310933411121368408e-02,1.563585400581359863e-01,-9.464442729949951172e-02,1.362916976213455200e-01,3.638534620404243469e-02,2.445135563611984253e-01,1.466758728027343750e+00,-1.777284964919090271e-02,-2.176582217216491699e-01,-1.306923776865005493e-01,1.535728573799133301e+00
-8.513620376586914062e+00,-2.049552440643310547e+00,6.538942456245422363e-01,-2.668923139572143555e-02,-3.271443024277687073e-02,-7.182715535163879395e-01,-6.944806575775146484e-01,-5.073010548949241638e-02,2.759646475315093994e-01,3.922158479690551758e-01,1.036377772688865662e-01,1.753764152526855469e-01,-2.493122667074203491e-01,-1.302499324083328247e-01,-2.569442987442016602e-01,1.106992065906524658e-01,1.954000592231750488e-01,-9.789815545082092285e-02,1.832934617996215820e-01,-9.591118991374969482e-02,1.370954811573028564e-01,4.444076120853424072e-02,2.498958110809326172e-01,1.466757535934448242e+00,-2.006072923541069031e-02,-2.347852736711502075e-01,-1.379999369382858276e-01,1.536108136177062988e+00
-8.531038284301757812e+00,-2.049752712249755859e+00,6.490943431854248047e-01,-2.379710786044597626e-02,-2.971116639673709869e-02,-7.214942574501037598e-01,-6.913732886314392090e-01,-5.116216838359832764e-02,2.698802649974822998e-01,3.990564048290252686e-01,1.052362918853759766e-01,1.416147500276565552e-01,-2.593207657337188721e-01,-1.333729326725006104e-01,-2.798391580581665039e-01,1.046512275934219360e-01,2.132026404142379761e-01,-1.131915897130966187e-01,2.139851897954940796e-01,-9.943909198045730591e-02,1.369033753871917725e-01,5.213817581534385681e-02,2.546231746673583984e-01,1.464591622352600098e+00,-2.105851471424102783e-02,-2.506742477416992188e-01,-1.512290090322494507e-01,1.534194469451904297e+00
-8.549152374267578125e+00,-2.050988674163818359e+00,6.446599364280700684e-01,-1.917082071304321289e-02,-2.566269971430301666e-02,-7.252095341682434082e-01,-6.877826452255249023e-01,-6.189703941345214844e-02,2.642843127250671387e-01,3.982042968273162842e-01,1.213078796863555908e-01,1.025802642107009888e-01,-2.574045062065124512e-01,-1.393050700426101685e-01,-3.001206517219543457e-01,9.744119644165039062e-02,2.296318113803863525e-01,-1.206539049744606018e-01,2.458977103233337402e-01,-1.018984764814376831e-01,1.306831538677215576e-01,5.999529361724853516e-02,2.597729861736297607e-01,1.464517951011657715e+00,-2.031958289444446564e-02,-2.638702988624572754e-01,-1.773732900619506836e-01,1.530730724334716797e+00
-8.567209243774414062e+00,-2.052731275558471680e+00,6.415127515792846680e-01,-1.435683201998472214e-02,-2.130302786827087402e-02,-7.312204837799072266e-01,-6.816572546958923340e-01,-9.496574103832244873e-02,2.624529004096984863e-01,3.807025253772735596e-01,1.754467189311981201e-01,5.655984207987785339e-02,-2.437408715486526489e-01,-1.451407521963119507e-01,-3.203018903732299805e-01,8.527867496013641357e-02,2.429666519165039062e-01,-1.040385290980339050e-01,2.777257263660430908e-01,-1.109615638852119446e-01,1.165039017796516418e-01,6.582172960042953491e-02,2.619586884975433350e-01,1.474913835525512695e+00,-1.612506061792373657e-02,-2.686090767383575439e-01,-2.216065376996994019e-01,1.529215931892395020e+00
-8.583824157714843750e+00,-2.055297374725341797e+00,6.403053998947143555e-01,-9.907109662890434265e-03,-1.758911460638046265e-02,-7.342509627342224121e-01,-6.785778999328613281e-01,-1.277524083852767944e-01,2.593315541744232178e-01,3.704324662685394287e-01,2.349390834569931030e-01,1.347060967236757278e-02,-2.253101766109466553e-01,-1.589826196432113647e-01,-3.369319736957550049e-01,8.079627901315689087e-02,2.460422515869140625e-01,-4.323944076895713806e-02,3.068640530109405518e-01,-1.132304072380065918e-01,1.026821732521057129e-01,6.501371413469314575e-02,2.457298189401626587e-01,1.483276128768920898e+00,-1.244252634933218360e-04,-2.621781229972839355e-01,-2.835766673088073730e-01,1.521407961845397949e+00
-8.600545883178710938e+00,-2.057585954666137695e+00,6.420224905014038086e-01,-6.980413571000099182e-03,-1.468714419752359390e-02,-7.317914962768554688e-01,-6.813344955444335938e-01,-1.310297548770904541e-01,2.442231029272079468e-01,3.838182389736175537e-01,2.505616843700408936e-01,-1.018300559371709824e-02,-2.033289968967437744e-01,-1.877551525831222534e-01,-3.513787388801574707e-01,8.092454075813293457e-02,2.532857954502105713e-01,5.142240226268768311e-02,3.158800303936004639e-01,-1.049132198095321655e-01,9.083879739046096802e-02,6.244187429547309875e-02,2.153761386871337891e-01,1.486204266548156738e+00,8.708232082426548004e-03,-2.510312497615814209e-01,-3.186417222023010254e-01,1.513195514678955078e+00
-8.617122650146484375e+00,-2.059786319732666016e+00,6.454038023948669434e-01,-5.129847209900617599e-03,-1.236811745911836624e-02,-7.268814444541931152e-01,-6.866323947906494141e-01,-1.185154542326927185e-01,2.216831296682357788e-01,4.067338407039642334e-01,2.388397902250289917e-01,-2.040768787264823914e-02,-1.793127655982971191e-01,-2.243128269910812378e-01,-3.613522946834564209e-01,6.817203760147094727e-02,2.813843190670013428e-01,1.275888830423355103e-01,2.718830406665802002e-01,-9.638780355453491211e-02,8.496388792991638184e-02,5.945969372987747192e-02,1.988762766122817993e-01,1.490382671356201172e+00,-2.677580108866095543e-03,-2.405546754598617554e-01,-3.097348213195800781e-01,1.513386487960815430e+00
-8.632235527038574219e+00,-2.062303304672241211e+00,6.493385434150695801e-01,-2.719312673434615135e-03,-9.166145697236061096e-03,-7.240080833435058594e-01,-6.897252202033996582e-01,-1.083066463470458984e-01,2.012328058481216431e-01,4.216254353523254395e-01,2.227981090545654297e-01,-2.526602894067764282e-02,-1.554678529500961304e-01,-2.535147368907928467e-01,-3.645946681499481201e-01,2.696890756487846375e-02,3.324225842952728271e-01,1.400960981845855713e-01,1.970316171646118164e-01,-9.911666065454483032e-02,8.912089467048645020e-02,5.912927165627479553e-02,2.087894380092620850e-01,1.493089556694030762e+00,-1.914362609386444092e-02,-2.252622991800308228e-01,-2.878565490245819092e-01,1.514385700225830078e+00
-8.645422935485839844e+00,-2.064276456832885742e+00,6.530947089195251465e-01,8.834977634251117706e-04,-5.347975995391607285e-03,-7.238335013389587402e-01,-6.899533867835998535e-01,-1.009869724512100220e-01,1.850349009037017822e-01,4.274762570858001709e-01,2.036540061235427856e-01,-2.583310380578041077e-02,-1.343918442726135254e-01,-2.698723971843719482e-01,-3.599804341793060303e-01,-3.144090622663497925e-02,3.877506554126739502e-01,1.095962077379226685e-01,1.385003328323364258e-01,-1.121568158268928528e-01,9.929677098989486694e-02,6.294929981231689453e-02,2.295925170183181763e-01,1.492042899131774902e+00,-3.026444464921951294e-02,-2.053029239177703857e-01,-2.723401486873626709e-01,1.509526729583740234e+00
-8.656947135925292969e+00,-2.065671682357788086e+00,6.563596129417419434e-01,4.780266433954238892e-03,-1.493400079198181629e-03,-7.255843281745910645e-01,-6.881150603294372559e-01,-9.420085698366165161e-02,1.717214286327362061e-01,4.275786280632019043e-01,1.815131157636642456e-01,-2.219215780496597290e-02,-1.158864423632621765e-01,-2.717714011669158936e-01,-3.462820351123809814e-01,-9.533727914094924927e-02,4.307122230529785156e-01,7.041121274232864380e-02,1.067029014229774475e-01,-1.277124285697937012e-01,1.051710695028305054e-01,7.072919607162475586e-02,2.384729832410812378e-01,1.492845892906188965e+00,-3.483958169817924500e-02,-1.848475337028503418e-01,-2.654795348644256592e-01,1.502873420715332031e+00
-8.666316986083984375e+00,-2.067046880722045898e+00,6.589988470077514648e-01,8.396545425057411194e-03,1.955504529178142548e-03,-7.276235222816467285e-01,-6.859225034713745117e-01,-8.829274028539657593e-02,1.605207324028015137e-01,4.258186519145965576e-01,1.591819226741790771e-01,-1.588823646306991577e-02,-9.981221705675125122e-02,-2.658264338970184326e-01,-3.199743032455444336e-01,-1.471330970525741577e-01,4.569177925586700439e-01,3.679494559764862061e-02,9.081897884607315063e-02,-1.382462680339813232e-01,9.984510391950607300e-02,8.164678514003753662e-02,2.295686602592468262e-01,1.499821305274963379e+00,-3.302069753408432007e-02,-1.652109771966934204e-01,-2.651573419570922852e-01,1.496616482734680176e+00
-8.674579620361328125e+00,-2.068618535995483398e+00,6.609961390495300293e-01,1.147808413952589035e-02,4.910386633127927780e-03,-7.287532687187194824e-01,-6.846625804901123047e-01,-8.144129812717437744e-02,1.501088589429855347e-01,4.258754551410675049e-01,1.352174580097198486e-01,-7.186693605035543442e-03,-8.609460294246673584e-02,-2.571800053119659424e-01,-2.796818614006042480e-01,-1.776834577322006226e-01,4.666887819766998291e-01,9.738130494952201843e-03,8.654810488224029541e-02,-1.409359723329544067e-01,8.746210485696792603e-02,9.278800338506698608e-02,2.160574346780776978e-01,1.509483218193054199e+00,-2.912620268762111664e-02,-1.457961499691009521e-01,-2.640522122383117676e-01,1.493121981620788574e+00
-8.682326316833496094e+00,-2.069511651992797852e+00,6.626128554344177246e-01,1.376298908144235611e-02,7.350108586251735687e-03,-7.286269664764404297e-01,-6.847330331802368164e-01,-7.316957414150238037e-02,1.398221999406814575e-01,4.281874299049377441e-01,1.150140538811683655e-01,-1.574766240082681179e-03,-7.389499247074127197e-02,-2.444508224725723267e-01,-2.286739498376846313e-01,-1.937016397714614868e-01,4.606818556785583496e-01,-1.651469245553016663e-02,8.922862261533737183e-02,-1.378712058067321777e-01,7.518707215785980225e-02,1.016727164387702942e-01,2.134401351213455200e-01,1.517018675804138184e+00,-2.711971104145050049e-02,-1.265126764774322510e-01,-2.539807558059692383e-01,1.495403528213500977e+00
-8.689310073852539062e+00,-2.069333076477050781e+00,6.637461781501770020e-01,1.567191816866397858e-02,9.344583377242088318e-03,-7.272371053695678711e-01,-6.861437559127807617e-01,-6.441616266965866089e-02,1.304066032171249390e-01,4.333269894123077393e-01,9.991532564163208008e-02,-2.431181346764788032e-04,-6.378387659788131714e-02,-2.283780276775360107e-01,-1.720878183841705322e-01,-2.023129314184188843e-01,4.436345696449279785e-01,-4.894290119409561157e-02,8.893325924873352051e-02,-1.316541135311126709e-01,6.714290380477905273e-02,1.085427626967430115e-01,2.227978855371475220e-01,1.520337581634521484e+00,-2.972678467631340027e-02,-1.070346981287002563e-01,-2.344273626804351807e-01,1.502359986305236816e+00
-8.695335388183593750e+00,-2.068953514099121094e+00,6.646962761878967285e-01,1.698376983404159546e-02,1.083367969840764999e-02,-7.252482771873474121e-01,-6.881926655769348145e-01,-5.586057528853416443e-02,1.220843419432640076e-01,4.394898712635040283e-01,8.797661215066909790e-02,-6.459222058765590191e-04,-5.548988655209541321e-02,-2.096431404352188110e-01,-1.134149134159088135e-01,-2.041873484849929810e-01,4.197900593280792236e-01,-8.746399730443954468e-02,7.117646932601928711e-02,-1.262793838977813721e-01,6.251543760299682617e-02,1.131972894072532654e-01,2.378213405609130859e-01,1.519945859909057617e+00,-3.596126660704612732e-02,-8.782866597175598145e-02,-2.102608978748321533e-01,1.512007713317871094e+00
-8.699903488159179688e+00,-2.068778991699218750e+00,6.651319265365600586e-01,1.724626682698726654e-02,1.136514265090227127e-02,-7.226032614707946777e-01,-6.909543871879577637e-01,-4.769426956772804260e-02,1.132998839020729065e-01,4.472589492797851562e-01,7.693736255168914795e-02,1.359986890747677535e-05,-4.955180734395980835e-02,-1.942191421985626221e-01,-5.479335412383079529e-02,-1.891011297702789307e-01,3.910078704357147217e-01,-1.255830228328704834e-01,3.881851956248283386e-02,-1.212266683578491211e-01,6.055077165365219116e-02,1.140111759305000305e-01,2.505582869052886963e-01,1.516810417175292969e+00,-4.428332298994064331e-02,-6.985781341791152954e-02,-1.852132678031921387e-01,1.521133899688720703e+00
-8.702955245971679688e+00,-2.068716287612915039e+00,6.649940609931945801e-01,1.615066267549991608e-02,1.050476450473070145e-02,-7.197992801666259766e-01,-6.939148306846618652e-01,-4.134944453835487366e-02,1.039562150835990906e-01,4.553349316120147705e-01,7.020032405853271484e-02,-8.244388154707849026e-04,-4.547709971666336060e-02,-1.803802251815795898e-01,1.272098743356764317e-03,-1.479577422142028809e-01,3.488017618656158447e-01,-1.470576673746109009e-01,1.042206771671772003e-03,-1.165217310190200806e-01,5.906823277473449707e-02,1.104837581515312195e-01,2.546262145042419434e-01,1.512618422508239746e+00,-5.164811387658119202e-02,-5.407388880848884583e-02,-1.599340885877609253e-01,1.527452826499938965e+00
-8.705006599426269531e+00,-2.068536281585693359e+00,6.639609336853027344e-01,1.297659985721111298e-02,7.508801296353340149e-03,-7.179971337318420410e-01,-6.958845853805541992e-01,-3.873116523027420044e-02,9.137631207704544067e-02,4.601461291313171387e-01,7.067257910966873169e-02,-4.359321203082799911e-03,-4.260763898491859436e-02,-1.625959724187850952e-01,4.400623589754104614e-02,-9.258824586868286133e-02,2.854512631893157959e-01,-1.303521394729614258e-01,-3.347046300768852234e-02,-1.132368221879005432e-01,5.768936499953269958e-02,1.011353954672813416e-01,2.536056637763977051e-01,1.507649302482604980e+00,-5.591805279254913330e-02,-4.458865895867347717e-02,-1.360284388065338135e-01,1.527442812919616699e+00
-8.706677436828613281e+00,-2.068410396575927734e+00,6.624639630317687988e-01,8.508077822625637054e-03,3.315943293273448944e-03,-7.165970802307128906e-01,-6.974275708198547363e-01,-3.871261328458786011e-02,7.695990055799484253e-02,4.641360342502593994e-01,7.643989473581314087e-02,-1.006693299859762192e-02,-4.049166664481163025e-02,-1.496942192316055298e-01,5.967145040631294250e-02,-4.961915686726570129e-02,2.376579940319061279e-01,-1.060936301946640015e-01,-5.179723724722862244e-02,-1.097859144210815430e-01,5.469837039709091187e-02,8.869890868663787842e-02,2.523089051246643066e-01,1.503766655921936035e+00,-5.914945900440216064e-02,-4.045050591230392456e-02,-1.113175973296165466e-01,1.524150490760803223e+00
-8.708403587341308594e+00,-2.068975925445556641e+00,6.612482666969299316e-01,4.040869884192943573e-03,-9.635369060561060905e-04,-7.138024568557739258e-01,-7.003347277641296387e-01,-4.057514294981956482e-02,6.315063685178756714e-02,4.711734950542449951e-01,8.586132526397705078e-02,-1.744856126606464386e-02,-3.772129118442535400e-02,-1.442264169454574585e-01,5.742520838975906372e-02,-2.055763825774192810e-02,2.098006010055541992e-01,-8.316686004400253296e-02,-5.650782212615013123e-02,-9.671013802289962769e-02,4.656061157584190369e-02,7.516682893037796021e-02,2.528356909751892090e-01,1.507689476013183594e+00,-6.157207861542701721e-02,-3.802955895662307739e-02,-8.727391809225082397e-02,1.521661281585693359e+00
-8.710585594177246094e+00,-2.068460941314697266e+00,6.606779098510742188e-01,1.041733077727258205e-03,-4.101817961782217026e-03,-7.112151384353637695e-01,-7.029616236686706543e-01,-4.318671301007270813e-02,5.379751697182655334e-02,4.775077402591705322e-01,9.929194301366806030e-02,-2.575990930199623108e-02,-3.549426421523094177e-02,-1.324160248041152954e-01,4.993917793035507202e-02,-1.391132012940943241e-03,1.735482960939407349e-01,-5.566197261214256287e-02,-5.476178973913192749e-02,-8.169588446617126465e-02,4.140682145953178406e-02,5.640213191509246826e-02,2.659721076488494873e-01,1.515063881874084473e+00,-6.109351292252540588e-02,-3.244314715266227722e-02,-6.063819304108619690e-02,1.517770051956176758e+00
-8.712387084960937500e+00,-2.067121267318725586e+00,6.605296134948730469e-01,-4.205024160910397768e-04,-5.846608430147171021e-03,-7.101553678512573242e-01,-7.040205597877502441e-01,-4.664841666817665100e-02,4.943847656250000000e-02,4.795409142971038818e-01,1.133736148476600647e-01,-3.249911218881607056e-02,-3.454768285155296326e-02,-1.130818948149681091e-01,4.429074749350547791e-02,8.302645757794380188e-03,1.283069998025894165e-01,-2.869325131177902222e-02,-5.245189368724822998e-02,-7.522241771221160889e-02,4.409558326005935669e-02,3.534519672393798828e-02,2.851978838443756104e-01,1.515878081321716309e+00,-6.013223156332969666e-02,-2.433823794126510620e-02,-3.027926944196224213e-02,1.511438608169555664e+00
-8.713926315307617188e+00,-2.066474199295043945e+00,6.606801152229309082e-01,-1.233956078067421913e-03,-6.869350560009479523e-03,-7.103832960128784180e-01,-7.037804126739501953e-01,-4.980968311429023743e-02,4.600382596254348755e-02,4.788374006748199463e-01,1.217041835188865662e-01,-3.466530889272689819e-02,-3.262897208333015442e-02,-9.623847901821136475e-02,3.996031358838081360e-02,1.046182587742805481e-02,9.055331349372863770e-02,-7.862460799515247345e-03,-5.057547241449356079e-02,-7.641115784645080566e-02,4.956203699111938477e-02,1.484233234077692032e-02,2.928075194358825684e-01,1.510577678680419922e+00,-6.015228480100631714e-02,-1.616094820201396942e-02,-5.929485894739627838e-03,1.507269382476806641e+00
-8.715687751770019531e+00,-2.067256927490234375e+00,6.607991456985473633e-01,-2.406281651929020882e-03,-7.877745665609836578e-03,-7.111631631851196289e-01,-7.029787898063659668e-01,-5.182857438921928406e-02,3.983362391591072083e-02,4.771387875080108643e-01,1.213567927479743958e-01,-3.136827796697616577e-02,-2.924808859825134277e-02,-8.926153928041458130e-02,3.399854898452758789e-02,1.077203452587127686e-02,7.107453048229217529e-02,4.124580882489681244e-03,-4.767177626490592957e-02,-8.005423843860626221e-02,5.125210806727409363e-02,-4.567257594317197800e-03,2.787579596042633057e-01,1.504569649696350098e+00,-5.955170467495918274e-02,-9.591057896614074707e-03,2.979464130476117134e-03,1.507260560989379883e+00
-8.717166900634765625e+00,-2.068201780319213867e+00,6.609309315681457520e-01,-3.363145748153328896e-03,-8.798895403742790222e-03,-7.118835449218750000e-01,-7.022343277931213379e-01,-5.345378816127777100e-02,3.475052863359451294e-02,4.751589596271514893e-01,1.191645190119743347e-01,-2.707120962440967560e-02,-2.639637514948844910e-02,-8.580402284860610962e-02,2.913467027246952057e-02,1.077326852828264236e-02,6.035036221146583557e-02,1.080093160271644592e-02,-4.566160961985588074e-02,-8.318568021059036255e-02,5.179373919963836670e-02,-2.378600649535655975e-02,2.529163658618927002e-01,1.497251629829406738e+00,-5.726613104343414307e-02,-3.124781185761094093e-03,3.073455300182104111e-04,1.509841561317443848e+00
-8.717679023742675781e+00,-2.068130493164062500e+00,6.609731316566467285e-01,-3.920356277376413345e-03,-9.462571702897548676e-03,-7.127896547317504883e-01,-7.013030648231506348e-01,-5.468495935201644897e-02,3.223452344536781311e-02,4.725107252597808838e-01,1.199983209371566772e-01,-2.585400827229022980e-02,-2.516264468431472778e-02,-8.045596629381179810e-02,2.647263556718826294e-02,9.554863907396793365e-03,4.967437312006950378e-02,1.525490917265415192e-02,-4.484202712774276733e-02,-8.491434901952743530e-02,5.446463823318481445e-02,-4.326176270842552185e-02,2.333576083183288574e-01,1.489764571189880371e+00,-5.380867794156074524e-02,3.641045652329921722e-03,-3.199894912540912628e-03,1.513545870780944824e+00
-8.718317985534667969e+00,-2.067946672439575195e+00,6.610425114631652832e-01,-4.356055520474910736e-03,-1.013643760234117508e-02,-7.135720849037170410e-01,-7.004948854446411133e-01,-5.535764992237091064e-02,2.949818223714828491e-02,4.701314270496368408e-01,1.198955252766609192e-01,-2.539350464940071106e-02,-2.412338927388191223e-02,-7.897286117076873779e-02,2.377478778362274170e-02,8.211405016481876373e-03,4.737253114581108093e-02,1.496281847357749939e-02,-4.391604661941528320e-02,-8.611676841974258423e-02,5.899302288889884949e-02,-6.428527086973190308e-02,2.260541915893554688e-01,1.484659552574157715e+00,-5.034676939249038696e-02,9.210747666656970978e-03,-3.356173634529113770e-03,1.518914341926574707e+00
-8.719573974609375000e+00,-2.068009138107299805e+00,6.611106991767883301e-01,-4.815608728677034378e-03,-1.079145073890686035e-02,-7.141720652580261230e-01,-6.998704075813293457e-01,-5.487827211618423462e-02,2.499167621135711670e-02,4.680883586406707764e-01,1.166779100894927979e-01,-2.364020422101020813e-02,-2.226724848151206970e-02,-8.163066208362579346e-02,1.998743787407875061e-02,7.055192720144987106e-03,5.425014719367027283e-02,9.842996485531330109e-03,-4.184739291667938232e-02,-8.627096563577651978e-02,6.289464235305786133e-02,-8.423260599374771118e-02,2.243686169385910034e-01,1.482450962066650391e+00,-4.760700836777687073e-02,1.391470711678266525e-02,-1.861244556494057178e-03,1.527270078659057617e+00
-8.720906257629394531e+00,-2.067964076995849609e+00,6.611386537551879883e-01,-5.156197585165500641e-03,-1.121583860367536545e-02,-7.149600386619567871e-01,-6.990563273429870605e-01,-5.360088869929313660e-02,2.049390412867069244e-02,4.664947688579559326e-01,1.126656830310821533e-01,-2.353511564433574677e-02,-1.989623159170150757e-02,-8.514645695686340332e-02,1.656444743275642395e-02,5.592782050371170044e-03,6.349716335535049438e-02,3.201802028343081474e-03,-3.949236124753952026e-02,-8.696307241916656494e-02,6.640947610139846802e-02,-9.938079118728637695e-02,2.236038446426391602e-01,1.481305480003356934e+00,-4.571671783924102783e-02,1.946021057665348053e-02,-1.477477839216589928e-03,1.539001107215881348e+00
-8.722362518310546875e+00,-2.067627429962158203e+00,6.611815094947814941e-01,-5.258563440293073654e-03,-1.109785586595535278e-02,-7.160008549690246582e-01,-6.979913711547851562e-01,-5.174819007515907288e-02,1.680536009371280670e-02,4.643672108650207520e-01,1.095628142356872559e-01,-2.510818466544151306e-02,-1.742151379585266113e-02,-8.628939837217330933e-02,1.363217644393444061e-02,3.231450915336608887e-03,7.012862712144851685e-02,-2.953704446554183960e-03,-3.673362359404563904e-02,-8.731581270694732666e-02,6.785350292921066284e-02,-1.084442064166069031e-01,2.241071611642837524e-01,1.482717394828796387e+00,-4.257224500179290771e-02,2.470902726054191589e-02,-4.726997110992670059e-03,1.550956368446350098e+00
-8.723217964172363281e+00,-2.066693782806396484e+00,6.611074209213256836e-01,-5.241544917225837708e-03,-1.085372641682624817e-02,-7.174671292304992676e-01,-6.964880824089050293e-01,-4.952521249651908875e-02,1.355467177927494049e-02,4.612284898757934570e-01,1.071099713444709778e-01,-2.739483863115310669e-02,-1.493051368743181229e-02,-8.505074679851531982e-02,1.100622862577438354e-02,-4.492814477998763323e-04,7.386817038059234619e-02,-8.051661774516105652e-03,-3.403970971703529358e-02,-8.749341219663619995e-02,6.578876823186874390e-02,-1.111656576395034790e-01,2.252384275197982788e-01,1.489587783813476562e+00,-3.720153495669364929e-02,2.943763881921768188e-02,-1.038473099470138550e-02,1.560649156570434570e+00
-8.725091934204101562e+00,-2.065933942794799805e+00,6.611996293067932129e-01,-5.354965571314096451e-03,-1.061396673321723938e-02,-7.187488675117492676e-01,-6.951681375503540039e-01,-4.741169884800910950e-02,1.063466444611549377e-02,4.584330022335052490e-01,1.055992171168327332e-01,-2.964227087795734406e-02,-1.293193362653255463e-02,-8.324661850929260254e-02,8.356541395187377930e-03,-3.775055985897779465e-03,7.620726525783538818e-02,-1.161220297217369080e-02,-3.157587721943855286e-02,-8.749570697546005249e-02,6.245340034365653992e-02,-1.103410571813583374e-01,2.261817604303359985e-01,1.497826814651489258e+00,-3.133323416113853455e-02,3.319732472300529480e-02,-1.431502681225538254e-02,1.567139506340026855e+00
-8.726542472839355469e+00,-2.065049886703491211e+00,6.612214446067810059e-01,-5.227033514529466629e-03,-1.044290978461503983e-02,-7.200280427932739258e-01,-6.938467025756835938e-01,-4.576970636844635010e-02,8.196452632546424866e-03,4.549649655818939209e-01,1.043352857232093811e-01,-3.152158483862876892e-02,-1.125145424157381058e-02,-8.165091276168823242e-02,6.416994612663984299e-03,-7.167397066950798035e-03,7.848221808671951294e-02,-1.507746148854494095e-02,-2.941898070275783539e-02,-8.854116499423980713e-02,6.000149250030517578e-02,-1.058961898088455200e-01,2.261102646589279175e-01,1.506046652793884277e+00,-2.647110633552074432e-02,3.635090216994285583e-02,-1.580186747014522552e-02,1.570684909820556641e+00
-8.728052139282226562e+00,-2.064340353012084961e+00,6.612459421157836914e-01,-5.047662183642387390e-03,-1.009186264127492905e-02,-7.214267849922180176e-01,-6.923987865447998047e-01,-4.471154138445854187e-02,6.624551024287939072e-03,4.512839913368225098e-01,1.038278937339782715e-01,-3.337181359529495239e-02,-9.694035165011882782e-03,-7.946784794330596924e-02,4.547414835542440414e-03,-1.102555450052022934e-02,7.933584600687026978e-02,-1.756092347204685211e-02,-2.711584977805614471e-02,-9.185816347599029541e-02,5.871921777725219727e-02,-9.859765321016311646e-02,2.263578474521636963e-01,1.513046383857727051e+00,-2.269038558006286621e-02,3.967180848121643066e-02,-1.772723905742168427e-02,1.570799946784973145e+00
-8.729492187500000000e+00,-2.063568592071533203e+00,6.613219976425170898e-01,-4.813321866095066071e-03,-9.612091816961765289e-03,-7.227028608322143555e-01,-6.910752654075622559e-01,-4.388597980141639709e-02,5.054411944001913071e-03,4.478509724140167236e-01,1.045190617442131042e-01,-3.550712764263153076e-02,-7.629432715475559235e-03,-7.571546733379364014e-02,3.108917735517024994e-03,-1.439011190086603165e-02,7.714431732892990112e-02,-1.849161088466644287e-02,-2.471647784113883972e-02,-9.553018212318420410e-02,5.824844166636466980e-02,-8.928015828132629395e-02,2.271893471479415894e-01,1.519751191139221191e+00,-1.923092268407344818e-02,4.344858974218368530e-02,-2.183032967150211334e-02,1.570799946784973145e+00
-8.730936050415039062e+00,-2.062917947769165039e+00,6.613417267799377441e-01,-4.559612367302179337e-03,-9.040458127856254578e-03,-7.236761450767517090e-01,-6.900654435157775879e-01,-4.315145686268806458e-02,4.125565290451049805e-03,4.453511238098144531e-01,1.054098531603813171e-01,-3.813881054520606995e-02,-5.964012350887060165e-03,-7.209113985300064087e-02,1.804307568818330765e-03,-1.721533946692943573e-02,7.389762997627258301e-02,-1.850485801696777344e-02,-2.235406637191772461e-02,-9.955162554979324341e-02,5.750124529004096985e-02,-7.925428450107574463e-02,2.282570898532867432e-01,1.526653528213500977e+00,-1.619614288210868835e-02,4.706611484289169312e-02,-2.670162543654441833e-02,1.570799946784973145e+00
-8.732373237609863281e+00,-2.062326192855834961e+00,6.614108085632324219e-01,-4.276308696717023849e-03,-8.540960028767585754e-03,-7.241039872169494629e-01,-6.896246671676635742e-01,-4.206836223602294922e-02,2.857149345800280571e-03,4.443915784358978271e-01,1.062709689140319824e-01,-4.061446338891983032e-02,-4.322670400142669678e-03,-6.890890747308731079e-02,5.062416312284767628e-04,-1.860810630023479462e-02,7.071805745363235474e-02,-1.791927777230739594e-02,-2.011732384562492371e-02,-1.027010008692741394e-01,5.622838810086250305e-02,-7.035577297210693359e-02,2.295752912759780884e-01,1.534697413444519043e+00,-1.437271013855934143e-02,5.044414475560188293e-02,-2.914299070835113525e-02,1.570799946784973145e+00
-8.733631134033203125e+00,-2.061731815338134766e+00,6.614238023757934570e-01,-4.059829283505678177e-03,-8.175937458872795105e-03,-7.238096594810485840e-01,-6.899392604827880859e-01,-4.097735136747360229e-02,1.878947834484279156e-03,4.448546171188354492e-01,1.078703105449676514e-01,-4.412059113383293152e-02,-2.904197433963418007e-03,-6.660988181829452515e-02,-6.980442558415234089e-04,-1.778160966932773590e-02,6.849125027656555176e-02,-1.751541905105113983e-02,-1.798662915825843811e-02,-1.044571995735168457e-01,5.498421564698219299e-02,-6.232885271310806274e-02,2.318035513162612915e-01,1.542834162712097168e+00,-1.389387156814336777e-02,5.368621274828910828e-02,-2.914029359817504883e-02,1.570799946784973145e+00
-8.734706878662109375e+00,-2.061251878738403320e+00,6.614193320274353027e-01,-3.753277473151683807e-03,-7.774393539875745773e-03,-7.231532931327819824e-01,-6.906336545944213867e-01,-3.994685038924217224e-02,1.060340786352753639e-03,4.465500712394714355e-01,1.093000099062919617e-01,-4.713861644268035889e-02,-1.804427010938525200e-03,-6.536102294921875000e-02,-1.431006123311817646e-03,-1.570870354771614075e-02,6.692760437726974487e-02,-1.673894934356212616e-02,-1.609158515930175781e-02,-1.055096387863159180e-01,5.411961302161216736e-02,-5.517648160457611084e-02,2.351108789443969727e-01,1.550343990325927734e+00,-1.441668346524238586e-02,5.609117820858955383e-02,-2.806529030203819275e-02,1.570799946784973145e+00
-8.735722541809082031e+00,-2.060833215713500977e+00,6.614202260971069336e-01,-3.686983603984117508e-03,-7.429562509059906006e-03,-7.220124006271362305e-01,-6.918303966522216797e-01,-3.827942162752151489e-02,1.535241899546235800e-04,4.494787454605102539e-01,1.101698353886604309e-01,-4.998038709163665771e-02,-8.153087110258638859e-04,-6.408423930406570435e-02,-2.386112231761217117e-03,-1.247808337211608887e-02,6.482037901878356934e-02,-1.542493794113397598e-02,-1.452642027288675308e-02,-1.060447618365287781e-01,5.424197018146514893e-02,-4.990121349692344666e-02,2.412016987800598145e-01,1.555630445480346680e+00,-1.502901408821344376e-02,5.738133937120437622e-02,-2.808795496821403503e-02,1.570799946784973145e+00
-8.736621856689453125e+00,-2.060418128967285156e+00,6.614121794700622559e-01,-3.500287886708974838e-03,-7.024241611361503601e-03,-7.208707332611083984e-01,-6.930251121520996094e-01,-3.614655882120132446e-02,-6.895523983985185623e-04,4.525969922542572021e-01,1.101724058389663696e-01,-5.247774720191955566e-02,-1.434137229807674885e-04,-6.231779605150222778e-02,-2.790017984807491302e-03,-8.888912387192249298e-03,6.183916330337524414e-02,-1.371716707944869995e-02,-1.308120042085647583e-02,-1.065799072384834290e-01,5.529010668396949768e-02,-4.650990292429924011e-02,2.470361590385437012e-01,1.558833241462707520e+00,-1.575914584100246429e-02,5.805098637938499451e-02,-2.864316850900650024e-02,1.570188999176025391e+00
-8.737282752990722656e+00,-2.059885501861572266e+00,6.613981127738952637e-01,-3.315163310617208481e-03,-6.819317582994699478e-03,-7.198476195335388184e-01,-6.940907239913940430e-01,-3.410518541932106018e-02,-1.703146379441022873e-03,4.554962515830993652e-01,1.094623878598213196e-01,-5.443864315748214722e-02,4.580298264045268297e-04,-6.083239242434501648e-02,-3.275748807936906815e-03,-6.107929628342390060e-03,5.847812816500663757e-02,-1.151675730943679810e-02,-1.158204302191734314e-02,-1.079840809106826782e-01,5.649465695023536682e-02,-4.490061476826667786e-02,2.506634593009948730e-01,1.560003519058227539e+00,-1.757048070430755615e-02,5.823387205600738525e-02,-2.860805578529834747e-02,1.566646814346313477e+00
-8.738066673278808594e+00,-2.059533357620239258e+00,6.614568829536437988e-01,-3.245705505833029747e-03,-6.535428110510110855e-03,-7.189432382583618164e-01,-6.950304508209228516e-01,-3.203151002526283264e-02,-2.433872083202004433e-03,4.580385684967041016e-01,1.086534559726715088e-01,-5.580697581171989441e-02,1.229378278367221355e-03,-5.915218591690063477e-02,-3.892548149451613426e-03,-3.596447408199310303e-03,5.554597452282905579e-02,-9.775805287063121796e-03,-1.032096240669488907e-02,-1.092170029878616333e-01,5.659943446516990662e-02,-4.518054425716400146e-02,2.506443262100219727e-01,1.560603260993957520e+00,-1.978037692606449127e-02,5.867841839790344238e-02,-2.807820029556751251e-02,1.563545346260070801e+00
-8.738791465759277344e+00,-2.059298038482666016e+00,6.614474058151245117e-01,-2.987714251503348351e-03,-6.215278059244155884e-03,-7.181602716445922852e-01,-6.958435773849487305e-01,-3.068771772086620331e-02,-2.812278456985950470e-03,4.601993262767791748e-01,1.081749573349952698e-01,-5.723856016993522644e-02,1.646807766519486904e-03,-5.791821330785751343e-02,-3.879247698932886124e-03,-1.533586764708161354e-03,5.305502563714981079e-02,-8.095618337392807007e-03,-9.381867013871669769e-03,-1.092271432280540466e-01,5.502789467573165894e-02,-4.654477536678314209e-02,2.479071915149688721e-01,1.560563802719116211e+00,-2.314325608313083649e-02,5.904963985085487366e-02,-2.743259817361831665e-02,1.562444329261779785e+00
-8.739280700683593750e+00,-2.059120178222656250e+00,6.614375710487365723e-01,-2.538675675168633461e-03,-5.790492054075002670e-03,-7.174987792968750000e-01,-6.965310573577880859e-01,-2.965144068002700806e-02,-2.595283789560198784e-03,4.623598754405975342e-01,1.078147441148757935e-01,-5.843273922801017761e-02,2.176937181502580643e-03,-5.733266845345497131e-02,-3.693822072818875313e-03,6.648215930908918381e-04,5.096933990716934204e-02,-6.531869526952505112e-03,-8.185638114809989929e-03,-1.074906364083290100e-01,5.269150808453559875e-02,-4.900180920958518982e-02,2.431542277336120605e-01,1.559392809867858887e+00,-2.696164324879646301e-02,5.999028310179710388e-02,-2.574986591935157776e-02,1.563177227973937988e+00
-8.740007400512695312e+00,-2.058884382247924805e+00,6.614938378334045410e-01,-2.117007505148649216e-03,-5.401098169386386871e-03,-7.167757749557495117e-01,-6.972795724868774414e-01,-2.811307087540626526e-02,-2.807235810905694962e-03,4.643616378307342529e-01,1.063464507460594177e-01,-5.898623540997505188e-02,2.780299633741378784e-03,-5.699487403035163879e-02,-3.251129295676946640e-03,2.608672715723514557e-03,4.996983706951141357e-02,-6.151488982141017914e-03,-7.494093850255012512e-03,-1.050558090209960938e-01,4.989797621965408325e-02,-5.207270011305809021e-02,2.382215559482574463e-01,1.556658744812011719e+00,-3.120839782059192657e-02,6.169512495398521423e-02,-2.339528501033782959e-02,1.564891099929809570e+00
-8.740497589111328125e+00,-2.058530569076538086e+00,6.614902615547180176e-01,-1.726074609905481339e-03,-5.098241847008466721e-03,-7.161725759506225586e-01,-6.979025006294250488e-01,-2.662668935954570770e-02,-3.022837685421109200e-03,4.660491049289703369e-01,1.052118465304374695e-01,-6.005976349115371704e-02,3.079627407714724541e-03,-5.696341022849082947e-02,-3.159948624670505524e-03,4.440505988895893097e-03,4.993638023734092712e-02,-6.019650492817163467e-03,-6.489376071840524673e-03,-1.024470552802085876e-01,4.729259014129638672e-02,-5.586201325058937073e-02,2.340105324983596802e-01,1.552024006843566895e+00,-3.507645428180694580e-02,6.310000270605087280e-02,-2.126010693609714508e-02,1.567173600196838379e+00
-8.741044044494628906e+00,-2.058295011520385742e+00,6.614975333213806152e-01,-1.148509560152888298e-03,-4.544671624898910522e-03,-7.163599133491516113e-01,-6.977152228355407715e-01,-2.605633437633514404e-02,-2.809525467455387115e-03,4.654121100902557373e-01,1.048288196325302124e-01,-6.119397655129432678e-02,4.017645493149757385e-03,-5.607142299413681030e-02,-2.695211209356784821e-03,3.633989486843347549e-03,4.949377477169036865e-02,-6.453054491430521011e-03,-5.598272196948528290e-03,-1.019282713532447815e-01,4.527877643704414368e-02,-6.004896387457847595e-02,2.303630262613296509e-01,1.545732855796813965e+00,-3.722226619720458984e-02,6.390706449747085571e-02,-2.116985432803630829e-02,1.567984342575073242e+00
-8.741648674011230469e+00,-2.058177232742309570e+00,6.614995598793029785e-01,-6.135092116892337799e-04,-4.139771685004234314e-03,-7.170931100845336914e-01,-6.969648003578186035e-01,-2.652958221733570099e-02,-2.361562335863709450e-03,4.635530114173889160e-01,1.054499372839927673e-01,-6.303945183753967285e-02,4.847119562327861786e-03,-5.513579025864601135e-02,-2.157474169507622719e-03,1.678901724517345428e-03,4.829614236950874329e-02,-6.236244924366474152e-03,-4.594909492880105972e-03,-1.029789447784423828e-01,4.403522610664367676e-02,-6.483519822359085083e-02,2.270396053791046143e-01,1.537752628326416016e+00,-3.757043555378913879e-02,6.516501307487487793e-02,-2.309190481901168823e-02,1.567827582359313965e+00
-8.742250442504882812e+00,-2.058118581771850586e+00,6.614543795585632324e-01,-2.216614848293829709e-05,-3.719961270689964294e-03,-7.180672883987426758e-01,-6.959637403488159180e-01,-2.762487158179283142e-02,-1.629707985557615757e-03,4.608098864555358887e-01,1.071123555302619934e-01,-6.563055515289306641e-02,5.925683304667472839e-03,-5.398796871304512024e-02,-1.555059337988495827e-03,-1.024592085741460323e-03,4.694885760545730591e-02,-6.211827043443918228e-03,-3.862589132040739059e-03,-1.047260537743568420e-01,4.331371560692787170e-02,-6.930417567491531372e-02,2.233625948429107666e-01,1.529584169387817383e+00,-3.657818958163261414e-02,6.617300957441329956e-02,-2.564704976975917816e-02,1.566797375679016113e+00
-8.742491722106933594e+00,-2.057883024215698242e+00,6.614150404930114746e-01,4.470367857720702887e-04,-3.217153716832399368e-03,-7.189786434173583984e-01,-6.950246095657348633e-01,-2.804977260529994965e-02,-1.196426921524107456e-03,4.585422277450561523e-01,1.087394207715988159e-01,-6.878077238798141479e-02,6.755709648132324219e-03,-5.279940366744995117e-02,-1.404954353347420692e-03,-3.486904548481106758e-03,4.613945633172988892e-02,-6.631579715758562088e-03,-3.043527714908123016e-03,-1.068230345845222473e-01,4.235977679491043091e-02,-7.380057871341705322e-02,2.193498313426971436e-01,1.522363781929016113e+00,-3.569665923714637756e-02,6.732279062271118164e-02,-2.784687280654907227e-02,1.566301941871643066e+00
-8.742856979370117188e+00,-2.057649374008178711e+00,6.613132357597351074e-01,6.764344871044158936e-04,-2.965959254652261734e-03,-7.197065949440002441e-01,-6.942716836929321289e-01,-2.813582681119441986e-02,-9.790323674678802490e-04,4.563200771808624268e-01,1.094324663281440735e-01,-7.128257304430007935e-02,7.428563665598630905e-03,-5.147948116064071655e-02,-1.321213319897651672e-03,-5.846139509230852127e-03,4.543340951204299927e-02,-7.165960967540740967e-03,-2.297983039170503616e-03,-1.085710674524307251e-01,4.071893915534019470e-02,-7.839404046535491943e-02,2.153598666191101074e-01,1.516980528831481934e+00,-3.599831834435462952e-02,6.778016686439514160e-02,-2.883426845073699951e-02,1.567685723304748535e+00
-8.743163108825683594e+00,-2.057178258895874023e+00,6.613286137580871582e-01,9.401567513123154640e-04,-2.686779946088790894e-03,-7.201315760612487793e-01,-6.938316822052001953e-01,-2.733310125768184662e-02,-1.080917543731629848e-03,4.551401734352111816e-01,1.093530133366584778e-01,-7.359741628170013428e-02,7.769680581986904144e-03,-5.003868788480758667e-02,-1.190901850350201130e-03,-6.878426298499107361e-03,4.478901624679565430e-02,-7.716485299170017242e-03,-1.774837379343807697e-03,-1.094467863440513611e-01,3.894398361444473267e-02,-8.263947069644927979e-02,2.119352668523788452e-01,1.513710141181945801e+00,-3.648159652948379517e-02,6.816945225000381470e-02,-2.909879200160503387e-02,1.569717049598693848e+00
-8.743468284606933594e+00,-2.056707620620727539e+00,6.612829566001892090e-01,1.027659745886921883e-03,-2.587825525552034378e-03,-7.203742861747741699e-01,-6.935799121856689453e-01,-2.597984671592712402e-02,-1.472638803534209728e-03,4.546900987625122070e-01,1.087193563580513000e-01,-7.477877289056777954e-02,8.035834878683090210e-03,-4.902909696102142334e-02,-1.341521507129073143e-03,-7.387433666735887527e-03,4.473354294896125793e-02,-8.826807141304016113e-03,-1.353968516923487186e-03,-1.096236780285835266e-01,3.716227784752845764e-02,-8.585024625062942505e-02,2.085336446762084961e-01,1.511929154396057129e+00,-3.735738620162010193e-02,6.770209223031997681e-02,-2.849299274384975433e-02,1.570799946784973145e+00
-8.743716239929199219e+00,-2.056237220764160156e+00,6.612908840179443359e-01,1.091589569114148617e-03,-2.528507495298981667e-03,-7.203752994537353516e-01,-6.935790181159973145e-01,-2.451044507324695587e-02,-2.346978057175874710e-03,4.543801546096801758e-01,1.072006300091743469e-01,-7.579170912504196167e-02,7.988286204636096954e-03,-4.820098727941513062e-02,-1.727021066471934319e-03,-7.521063555032014847e-03,4.472400993108749390e-02,-9.535178542137145996e-03,-9.800398256629705429e-04,-1.096263006329536438e-01,3.611254319548606873e-02,-8.801071345806121826e-02,2.060181945562362671e-01,1.511280298233032227e+00,-3.779973089694976807e-02,6.752613931894302368e-02,-2.749200910329818726e-02,1.570799946784973145e+00
-8.743964195251464844e+00,-2.055707693099975586e+00,6.612998247146606445e-01,1.119045657105743885e-03,-2.496391767635941505e-03,-7.202554345130920410e-01,-6.937035322189331055e-01,-2.277177944779396057e-02,-3.017896087840199471e-03,4.547655582427978516e-01,1.058866158127784729e-01,-7.685021311044692993e-02,8.085170760750770569e-03,-4.718862101435661316e-02,-1.792962430045008659e-03,-7.324918173253536224e-03,4.458586499094963074e-02,-1.040930487215518951e-02,-6.646068068221211433e-04,-1.092816218733787537e-01,3.560826554894447327e-02,-8.929125219583511353e-02,2.035476118326187134e-01,1.511579751968383789e+00,-3.771250322461128235e-02,6.672021746635437012e-02,-2.733687870204448700e-02,1.570799946784973145e+00
-8.744268417358398438e+00,-2.055354356765747070e+00,6.613010168075561523e-01,1.179566024802625179e-03,-2.433747751638293266e-03,-7.202560901641845703e-01,-6.937029957771301270e-01,-2.152211219072341919e-02,-3.487357869744300842e-03,4.549823999404907227e-01,1.047624647617340088e-01,-7.730235159397125244e-02,8.092579431831836700e-03,-4.653369262814521790e-02,-2.067313063889741898e-03,-7.282217033207416534e-03,4.417863488197326660e-02,-1.051381602883338928e-02,-1.846910454332828522e-04,-1.099815592169761658e-01,3.545843809843063354e-02,-8.910530060529708862e-02,2.018092721700668335e-01,1.513337016105651855e+00,-3.700905293226242065e-02,6.617889553308486938e-02,-2.751709707081317902e-02,1.570799946784973145e+00
-8.744573593139648438e+00,-2.055119037628173828e+00,6.613125205039978027e-01,1.267267158254981041e-03,-2.411066554486751556e-03,-7.204381823539733887e-01,-6.935138106346130371e-01,-2.098220400512218475e-02,-3.891991451382637024e-03,4.545301496982574463e-01,1.039135977625846863e-01,-7.776090502738952637e-02,8.649253286421298981e-03,-4.578547179698944092e-02,-2.328804694116115570e-03,-7.605695165693759918e-03,4.343729838728904724e-02,-1.068274676799774170e-02,1.778739242581650615e-04,-1.119029819965362549e-01,3.557245805859565735e-02,-8.787453919649124146e-02,2.002709060907363892e-01,1.515977382659912109e+00,-3.612392023205757141e-02,6.512320786714553833e-02,-2.733676694333553314e-02,1.570799946784973145e+00
-8.744755744934082031e+00,-2.054943561553955078e+00,6.613105535507202148e-01,1.416702987626194954e-03,-2.388349734246730804e-03,-7.204383611679077148e-01,-6.935133934020996094e-01,-2.037900872528553009e-02,-4.159897565841674805e-03,4.546046853065490723e-01,1.031558364629745483e-01,-7.797113806009292603e-02,8.576998487114906311e-03,-4.552526026964187622e-02,-2.237961860373616219e-03,-7.646358571946620941e-03,4.308174550533294678e-02,-1.094358880072832108e-02,4.290063516236841679e-04,-1.132995113730430603e-01,3.578155487775802612e-02,-8.588244765996932983e-02,1.980469971895217896e-01,1.519768595695495605e+00,-3.536934033036231995e-02,6.433507800102233887e-02,-2.699743025004863739e-02,1.570799946784973145e+00
-8.744761466979980469e+00,-2.054768323898315430e+00,6.612508893013000488e-01,1.539723365567624569e-03,-2.336265519261360168e-03,-7.203784584999084473e-01,-6.935755014419555664e-01,-1.974289305508136749e-02,-4.333622287958860397e-03,4.548745751380920410e-01,1.023809835314750671e-01,-7.821603119373321533e-02,8.541445247828960419e-03,-4.537342116236686707e-02,-2.174152759835124016e-03,-7.514046970754861832e-03,4.332737624645233154e-02,-1.112579088658094406e-02,5.897886585444211960e-04,-1.143479272723197937e-01,3.620875254273414612e-02,-8.287265151739120483e-02,1.956704258918762207e-01,1.524437189102172852e+00,-3.455711901187896729e-02,6.423606723546981812e-02,-2.664507180452346802e-02,1.570799946784973145e+00
-8.744944572448730469e+00,-2.054652690887451172e+00,6.612500548362731934e-01,1.660758745856583118e-03,-2.343516098335385323e-03,-7.201973795890808105e-01,-6.937632560729980469e-01,-1.918532140552997589e-02,-4.462308250367641449e-03,4.554351568222045898e-01,1.015559136867523193e-01,-7.852211594581604004e-02,8.333421312272548676e-03,-4.536696895956993103e-02,-2.110554138198494911e-03,-7.194747216999530792e-03,4.318225756287574768e-02,-1.120279915630817413e-02,8.078792598098516464e-04,-1.153971403837203979e-01,3.656087815761566162e-02,-7.926241308450698853e-02,1.936689764261245728e-01,1.529261946678161621e+00,-3.449969366192817688e-02,6.423367559909820557e-02,-2.580484375357627869e-02,1.570799946784973145e+00
-8.745008468627929688e+00,-2.054356336593627930e+00,6.613176465034484863e-01,1.689485972747206688e-03,-2.380057470872998238e-03,-7.200769186019897461e-01,-6.938881278038024902e-01,-1.832300983369350433e-02,-4.657891578972339630e-03,4.556539654731750488e-01,1.008463725447654724e-01,-7.855965942144393921e-02,8.595885708928108215e-03,-4.505398124456405640e-02,-2.221990143880248070e-03,-6.685227621346712112e-03,4.285047203302383423e-02,-1.131108403205871582e-02,9.102974436245858669e-04,-1.157485321164131165e-01,3.678092360496520996e-02,-7.561304420232772827e-02,1.922066062688827515e-01,1.534174442291259766e+00,-3.420490399003028870e-02,6.387685984373092651e-02,-2.545293793082237244e-02,1.570443749427795410e+00
-8.744891166687011719e+00,-2.054061174392700195e+00,6.612562537193298340e-01,1.779282349161803722e-03,-2.353006973862648010e-03,-7.200168371200561523e-01,-6.939503550529479980e-01,-1.767664588987827301e-02,-4.832899197936058044e-03,4.560463726520538330e-01,1.000870838761329651e-01,-7.896816730499267578e-02,8.275073021650314331e-03,-4.453796148300170898e-02,-2.220811555162072182e-03,-6.522043142467737198e-03,4.219356179237365723e-02,-1.127012446522712708e-02,1.026294659823179245e-03,-1.159241497516632080e-01,3.769699484109878540e-02,-7.168025523424148560e-02,1.919863969087600708e-01,1.538566350936889648e+00,-3.403897210955619812e-02,6.403913348913192749e-02,-2.583277411758899689e-02,1.570082187652587891e+00
-8.745014190673828125e+00,-2.053884267807006836e+00,6.612541079521179199e-01,1.812063390389084816e-03,-2.324632601812481880e-03,-7.199567556381225586e-01,-6.940126419067382812e-01,-1.682922244071960449e-02,-5.065178498625755310e-03,4.562259912490844727e-01,9.925293177366256714e-02,-7.901562750339508057e-02,8.098639547824859619e-03,-4.411586001515388489e-02,-2.162000630050897598e-03,-6.165536586195230484e-03,4.185626283288002014e-02,-1.119787432253360748e-02,1.046812161803245544e-03,-1.162741333246231079e-01,3.856381401419639587e-02,-6.779096275568008423e-02,1.921199411153793335e-01,1.542610764503479004e+00,-3.339563682675361633e-02,6.413229554891586304e-02,-2.632390521466732025e-02,1.569740891456604004e+00
-8.745076179504394531e+00,-2.053647756576538086e+00,6.613205075263977051e-01,1.782680046744644642e-03,-2.356752753257751465e-03,-7.197754383087158203e-01,-6.942006349563598633e-01,-1.610182784497737885e-02,-5.296704825013875961e-03,4.564208984375000000e-01,9.874150156974792480e-02,-7.921693474054336548e-02,8.105362765491008759e-03,-4.369511827826499939e-02,-2.289137570187449455e-03,-5.968196783214807510e-03,4.177994281053543091e-02,-1.157737616449594498e-02,1.038902322761714458e-03,-1.162755340337753296e-01,3.995575755834579468e-02,-6.487515568733215332e-02,1.927500218152999878e-01,1.545837283134460449e+00,-3.313896059989929199e-02,6.420703232288360596e-02,-2.738652005791664124e-02,1.569414734840393066e+00
-8.745079994201660156e+00,-2.053411245346069336e+00,6.613177657127380371e-01,1.785808242857456207e-03,-2.357043558731675148e-03,-7.197154164314270020e-01,-6.942629218101501465e-01,-1.520697027444839478e-02,-5.514068529009819031e-03,4.569692015647888184e-01,9.789947420358657837e-02,-7.925867289304733276e-02,7.854727096855640411e-03,-4.341786354780197144e-02,-2.252687700092792511e-03,-5.752046592533588409e-03,4.172892868518829346e-02,-1.178580615669488907e-02,1.122054643929004669e-03,-1.159271597862243652e-01,4.109405726194381714e-02,-6.201953813433647156e-02,1.932027637958526611e-01,1.548434019088745117e+00,-3.300886228680610657e-02,6.454890966415405273e-02,-2.791876904666423798e-02,1.569422125816345215e+00
-8.745200157165527344e+00,-2.053056001663208008e+00,6.613188385963439941e-01,1.723783789202570915e-03,-2.406927058473229408e-03,-7.197759151458740234e-01,-6.942001581192016602e-01,-1.423126179724931717e-02,-6.121881306171417236e-03,4.566833376884460449e-01,9.682904183864593506e-02,-7.914515584707260132e-02,7.750647608190774918e-03,-4.234130680561065674e-02,-2.685809973627328873e-03,-5.926133133471012115e-03,4.089000448584556580e-02,-1.203172188252210617e-02,1.378927147015929222e-03,-1.164519861340522766e-01,4.219741001725196838e-02,-5.972956120967864990e-02,1.931195110082626343e-01,1.550525188446044922e+00,-3.313035517930984497e-02,6.473066657781600952e-02,-2.812766283750534058e-02,1.569598793983459473e+00
-8.745323181152343750e+00,-2.052583694458007812e+00,6.613245010375976562e-01,1.788187655620276928e-03,-2.521891612559556961e-03,-7.199574708938598633e-01,-6.940113306045532227e-01,-1.327258907258510590e-02,-6.526021752506494522e-03,4.563443958759307861e-01,9.616286307573318481e-02,-7.992716133594512939e-02,7.504784502089023590e-03,-4.120850935578346252e-02,-2.777150832116603851e-03,-6.437341216951608658e-03,4.016381502151489258e-02,-1.248886343091726303e-02,1.389105804264545441e-03,-1.169770807027816772e-01,4.309078678488731384e-02,-5.782306194305419922e-02,1.928429156541824341e-01,1.551654100418090820e+00,-3.314974904060363770e-02,6.483501195907592773e-02,-2.831146493554115295e-02,1.569936990737915039e+00
