-8.212199211120605469e+00,-2.096899271011352539e+00,6.616162657737731934e-01,-6.237519119167700410e-05,-3.000736003741621971e-03,-7.397754192352294922e-01,-6.728471517562866211e-01,-8.411387680098414421e-04,3.158577485010027885e-03,3.560663163661956787e-01,4.694855213165283203e-02,-4.310578480362892151e-02,-8.360585197806358337e-03,-6.073265802115201950e-03,-1.977077871561050415e-02,-1.022433117032051086e-01,1.519125337512790144e-19,5.009005311876535416e-03,1.496150996536016464e-02,-1.076215282082557678e-01,-9.321533434558659792e-05,-3.913491498678922653e-03,4.901244118809700012e-02,1.538738131523132324e+00,-3.254086524248123169e-02,-1.700543612241744995e-02,3.536374121904373169e-02,1.529993534088134766e+00
-8.212438583374023438e+00,-2.096959352493286133e+00,6.616162657737731934e-01,-6.237519119167700410e-05,-3.000736003741621971e-03,-7.397754192352294922e-01,-6.728471517562866211e-01,-8.411387098021805286e-04,3.158577485010027885e-03,3.560663163661956787e-01,4.694855213165283203e-02,-4.310578480362892151e-02,-8.360585197806358337e-03,-6.073265802115201950e-03,-1.977077871561050415e-02,-1.022433117032051086e-01,-7.791172313618457173e-19,5.009005311876535416e-03,1.496150996536016464e-02,-1.076215282082557678e-01,-9.321525431005284190e-05,-3.913491498678922653e-03,4.901244118809700012e-02,1.538738131523132324e+00,-3.254086524248123169e-02,-1.700543612241744995e-02,3.536374121904373169e-02,1.529993534088134766e+00
-8.212498664855957031e+00,-2.096960067749023438e+00,6.616153120994567871e-01,-6.426388426916673779e-05,-2.999183256179094315e-03,-7.397753596305847168e-01,-6.728472113609313965e-01,-8.287529344670474529e-04,3.150050761178135872e-03,3.560734987258911133e-01,4.692810773849487305e-02,-4.309127107262611389e-02,-8.366378024220466614e-03,-6.158798933029174805e-03,-1.978366449475288391e-02,-1.022416874766349792e-01,1.586136505556023888e-18,5.098336841911077499e-03,1.495947595685720444e-02,-1.076218187808990479e-01,2.414314221823588014e-04,-3.938369918614625931e-03,4.900723323225975037e-02,1.538714170455932617e+00,-3.248489648103713989e-02,-1.700980030000209808e-02,3.518448397517204285e-02,1.529830336570739746e+00
-8.212678909301757812e+00,-2.097019910812377930e+00,6.616153120994567871e-01,-6.337862578220665455e-05,-2.998383250087499619e-03,-7.397753596305847168e-01,-6.728472113609313965e-01,-8.293206919915974140e-04,3.152630757540464401e-03,3.560734987258911133e-01,4.692891985177993774e-02,-4.309156909584999084e-02,-8.366455323994159698e-03,-6.159005686640739441e-03,-1.978120207786560059e-02,-1.022417023777961731e-01,-1.646471059435641726e-18,5.098166409879922867e-03,1.495939213782548904e-02,-1.076224818825721741e-01,2.393738977843895555e-04,-3.939563874155282974e-03,4.899566248059272766e-02,1.538690090179443359e+00,-3.259427472949028015e-02,-1.701044104993343353e-02,3.499128669500350952e-02,1.530004620552062988e+00
-8.211118698120117188e+00,-2.096600055694580078e+00,6.614953279495239258e-01,-9.350103937322273850e-05,-3.026423975825309753e-03,-7.397753000259399414e-01,-6.728472113609313965e-01,-8.109394111670553684e-04,3.063535317778587341e-03,3.560736179351806641e-01,4.690092429518699646e-02,-4.308127611875534058e-02,-8.363792672753334045e-03,-6.153083872050046921e-03,-1.986619643867015839e-02,-1.022411808371543884e-01,2.967346045387241869e-19,5.104058422148227692e-03,1.496226433664560318e-02,-1.076226606965065002e-01,2.352172450628131628e-04,-4.021567758172750473e-03,4.900495335459709167e-02,1.538690090179443359e+00,-3.260687738656997681e-02,-1.709539256989955902e-02,3.498944640159606934e-02,1.530004620552062988e+00
-8.211958885192871094e+00,-2.096839427947998047e+00,6.615544557571411133e-01,-9.320555545855313540e-05,-3.026860533282160759e-03,-7.397167682647705078e-01,-6.729115247726440430e-01,-7.821843028068542480e-04,3.060030518099665642e-03,3.562475740909576416e-01,4.688533022999763489e-02,-4.309310391545295715e-02,-8.370771072804927826e-03,-6.268986035138368607e-03,-1.985316909849643707e-02,-1.020679548382759094e-01,3.288077883279165373e-18,5.214882548898458481e-03,1.496496330946683884e-02,-1.072742342948913574e-01,4.092389426659792662e-04,-4.031154792755842209e-03,4.900585114955902100e-02,1.538515806198120117e+00,-3.260140866041183472e-02,-1.692144945263862610e-02,3.498772159218788147e-02,1.530004620552062988e+00
-8.211598396301269531e+00,-2.096778869628906250e+00,6.615551114082336426e-01,-9.251347364624962211e-05,-3.027854254469275475e-03,-7.397167086601257324e-01,-6.729115843772888184e-01,-9.261870291084051132e-04,3.113588551059365273e-03,3.562462627887725830e-01,4.702123627066612244e-02,-4.309054091572761536e-02,-8.335788734257221222e-03,-6.270590703934431076e-03,-1.985319145023822784e-02,-1.020677611231803894e-01,-2.649861511785048414e-18,5.213783588260412216e-03,1.496452838182449341e-02,-1.072737872600555420e-01,4.115465271752327681e-04,-4.031775519251823425e-03,4.900585860013961792e-02,1.538515806198120117e+00,-3.259915113449096680e-02,-1.692380942404270172e-02,3.498768806457519531e-02,1.529985427856445312e+00
-8.213098526000976562e+00,-2.097139358520507812e+00,6.616726517677307129e-01,-9.290815796703100204e-05,-3.029166487976908684e-03,-7.397752404212951660e-01,-6.728472709655761719e-01,-9.603995713405311108e-04,3.116652602329850197e-03,3.560786247253417969e-01,4.704431071877479553e-02,-4.308222606778144836e-02,-8.329116739332675934e-03,-6.358396727591753006e-03,-1.987156830728054047e-02,-1.022409647703170776e-01,-3.345809868457749964e-20,5.475032143294811249e-03,1.496540196239948273e-02,-1.076220422983169556e-01,4.119114601053297520e-04,-4.033780191093683243e-03,4.899420961737632751e-02,1.538515806198120117e+00,-3.259669244289398193e-02,-1.692554354667663574e-02,3.498775884509086609e-02,1.529985427856445312e+00
-8.212498664855957031e+00,-2.097019195556640625e+00,6.616134047508239746e-01,-1.245974126504734159e-04,-3.055288223549723625e-03,-7.397751808166503906e-01,-6.728471517562866211e-01,-9.355813963338732719e-04,3.028024686500430107e-03,3.560785651206970215e-01,4.701406136155128479e-02,-4.307147115468978882e-02,-8.326739072799682617e-03,-6.416219286620616913e-03,-1.993787102401256561e-02,-1.022483408451080322e-01,-1.152667704991365396e-18,5.375844426453113556e-03,1.497558411210775375e-02,-1.076229587197303772e-01,4.029106639791280031e-04,-4.115024581551551819e-03,4.900350421667098999e-02,1.538515806198120117e+00,-3.259647265076637268e-02,-1.700728759169578552e-02,3.498851135373115540e-02,1.529985427856445312e+00
-8.212799072265625000e+00,-2.097079038619995117e+00,6.616733670234680176e-01,-1.245917810592800379e-04,-3.055281937122344971e-03,-7.397751808166503906e-01,-6.728471517562866211e-01,-9.354070643894374371e-04,3.026797203347086906e-03,3.560720980167388916e-01,4.701486974954605103e-02,-4.307164624333381653e-02,-8.326375856995582581e-03,-6.416234653443098068e-03,-1.993783749639987946e-02,-1.022483482956886292e-01,-3.736998934674197267e-18,5.375868175178766251e-03,1.497556641697883606e-02,-1.076229587197303772e-01,6.276491330936551094e-04,-4.114885814487934113e-03,4.917531087994575500e-02,1.538526773452758789e+00,-3.258233144879341125e-02,-1.699585653841495514e-02,3.497766703367233276e-02,1.529830336570739746e+00
-8.211898803710937500e+00,-2.096899747848510742e+00,6.615508794784545898e-01,-1.565271959407255054e-04,-3.082902869209647179e-03,-7.397750020027160645e-01,-6.728472113609313965e-01,-9.174489532597362995e-04,2.936758566647768021e-03,3.560724258422851562e-01,4.699387401342391968e-02,-4.306360334157943726e-02,-8.323268033564090729e-03,-6.518477573990821838e-03,-2.003983594477176666e-02,-1.022462993860244751e-01,3.444888373157221074e-18,5.664525087922811508e-03,1.497733686119318008e-02,-1.077977195382118225e-01,6.660571089014410973e-04,-4.198342096060514450e-03,4.936508089303970337e-02,1.538526773452758789e+00,-3.266096487641334534e-02,-1.688466593623161316e-02,3.532680869102478027e-02,1.529974222183227539e+00
-8.212078094482421875e+00,-2.096898794174194336e+00,6.616091132164001465e-01,-1.558477815706282854e-04,-3.083010669797658920e-03,-7.397749423980712891e-01,-6.728472709655761719e-01,-1.041813171468675137e-03,3.023569006472826004e-03,3.560687601566314697e-01,4.725932702422142029e-02,-4.304286837577819824e-02,-8.424179628491401672e-03,-6.519112735986709595e-03,-2.004065923392772675e-02,-1.022393777966499329e-01,3.666177953675303274e-19,5.665179807692766190e-03,1.497256755828857422e-02,-1.081463471055030823e-01,7.593903574161231518e-04,-4.196607973426580429e-03,4.972606152296066284e-02,1.538526773452758789e+00,-3.257500752806663513e-02,-1.669405587017536163e-02,3.568482398986816406e-02,1.529943823814392090e+00
-8.212018013000488281e+00,-2.096898794174194336e+00,6.616091132164001465e-01,-1.561812532600015402e-04,-3.082850249484181404e-03,-7.397749423980712891e-01,-6.728472709655761719e-01,-1.041081151925027370e-03,3.023341530933976173e-03,3.560687601566314697e-01,4.725927114486694336e-02,-4.304285347461700439e-02,-8.424173109233379364e-03,-6.518405396491289139e-03,-2.004087716341018677e-02,-1.022393777966499329e-01,-3.635141154815336268e-18,5.665194243192672729e-03,1.497257500886917114e-02,-1.083208844065666199e-01,7.995332707650959492e-04,-4.205670207738876343e-03,4.991621151566505432e-02,1.538515806198120117e+00,-3.262555971741676331e-02,-1.668805442750453949e-02,3.586624190211296082e-02,1.529943823814392090e+00
-8.212318420410156250e+00,-2.096959352493286133e+00,6.616082787513732910e-01,-1.555248745717108250e-04,-3.083894960582256317e-03,-7.397748827934265137e-01,-6.728473901748657227e-01,-1.045535434968769550e-03,3.023006254807114601e-03,3.560690581798553467e-01,4.726208001375198364e-02,-4.304328560829162598e-02,-8.423759602010250092e-03,-6.610942073166370392e-03,-2.005408890545368195e-02,-1.022376269102096558e-01,1.903780168028557232e-18,5.754210986196994781e-03,1.497047580778598785e-02,-1.083203330636024475e-01,9.226228576153516769e-04,-4.224027507007122040e-03,4.973310232162475586e-02,1.538493871688842773e+00,-3.262014687061309814e-02,-1.667999103665351868e-02,3.585690259933471680e-02,1.529799938201904297e+00
-8.211598396301269531e+00,-2.096779108047485352e+00,6.615485548973083496e-01,-1.565413404023274779e-04,-3.083015792071819305e-03,-7.397748827934265137e-01,-6.728473901748657227e-01,-1.051862607710063457e-03,3.031549509614706039e-03,3.560620248317718506e-01,4.728485271334648132e-02,-4.305833578109741211e-02,-8.417670615017414093e-03,-6.608198396861553192e-03,-2.005678787827491760e-02,-1.022309064865112305e-01,-8.550821383974772822e-19,5.754514131695032120e-03,1.496673747897148132e-02,-1.083206161856651306e-01,1.040506293065845966e-03,-4.237261600792407990e-03,4.954832419753074646e-02,1.538260817527770996e+00,-3.262281045317649841e-02,-1.667969673871994019e-02,3.585688397288322449e-02,1.529799938201904297e+00
-8.211417198181152344e+00,-2.096778869628906250e+00,6.615497469902038574e-01,-1.870906417025253177e-04,-3.111043013632297516e-03,-7.397747635841369629e-01,-6.728473901748657227e-01,-1.069435733370482922e-03,2.881584689021110535e-03,3.560685813426971436e-01,4.695136472582817078e-02,-4.286732524633407593e-02,-8.325999602675437927e-03,-6.773774046450853348e-03,-2.010100334882736206e-02,-1.021892502903938293e-01,2.862614846875524791e-18,5.743339192122220993e-03,1.485877111554145813e-02,-1.084953248500823975e-01,1.376387197524309158e-03,-4.347776994109153748e-03,4.955011233687400818e-02,1.538249850273132324e+00,-3.266849741339683533e-02,-1.675636321306228638e-02,3.603923320770263672e-02,1.529799938201904297e+00
-8.211477279663085938e+00,-2.096838474273681641e+00,6.615495681762695312e-01,-1.871258864412084222e-04,-3.111080732196569443e-03,-7.397748827934265137e-01,-6.728472709655761719e-01,-1.068340730853378773e-03,2.881466178223490715e-03,3.560682535171508789e-01,4.695099964737892151e-02,-4.286791384220123291e-02,-8.326368406414985657e-03,-6.872854661196470261e-03,-2.013463899493217468e-02,-1.021346226334571838e-01,-6.290139354806762415e-19,5.835683085024356842e-03,1.483745872974395752e-02,-1.084956303238868713e-01,1.376376603730022907e-03,-4.347879439592361450e-03,4.955011233687400818e-02,1.538249850273132324e+00,-3.272315487265586853e-02,-1.674273423850536346e-02,3.620875999331474304e-02,1.529811143875122070e+00
-8.211957931518554688e+00,-2.097018003463745117e+00,6.616033911705017090e-01,-1.874389708973467350e-04,-3.111423924565315247e-03,-7.397750020027160645e-01,-6.728470921516418457e-01,-9.491380769759416580e-04,2.799623413011431694e-03,3.560798466205596924e-01,4.664926230907440186e-02,-4.267667979001998901e-02,-8.407423272728919983e-03,-7.009562104940414429e-03,-2.016687020659446716e-02,-1.021002307534217834e-01,-2.350342100316587890e-18,6.316453218460083008e-03,1.482320949435234070e-02,-1.084959879517555237e-01,1.376276602968573570e-03,-4.348802380263805389e-03,4.955011233687400818e-02,1.538249850273132324e+00,-3.272326663136482239e-02,-1.674365811049938202e-02,3.620878979563713074e-02,1.529811143875122070e+00
-8.212258338928222656e+00,-2.097077608108520508e+00,6.616046428680419922e-01,-2.178452996304258704e-04,-3.139715641736984253e-03,-7.397748827934265137e-01,-6.728470921516418457e-01,-9.568672976456582546e-04,2.689089393243193626e-03,3.561163246631622314e-01,4.645844548940658569e-02,-4.247391223907470703e-02,-8.277778513729572296e-03,-7.003299891948699951e-03,-2.025531418621540070e-02,-1.020928695797920227e-01,-3.445392332945419006e-18,6.322064902633428574e-03,1.482255477458238602e-02,-1.084961742162704468e-01,1.371868769638240337e-03,-4.431408364325761795e-03,4.955942928791046143e-02,1.538249850273132324e+00,-3.271863982081413269e-02,-1.682676747441291809e-02,3.620977327227592468e-02,1.529811143875122070e+00
-8.212498664855957031e+00,-2.097137928009033203e+00,6.616041064262390137e-01,-2.176829148083925247e-04,-3.139536129310727119e-03,-7.397750020027160645e-01,-6.728469729423522949e-01,-8.152843802236020565e-04,2.638940233737230301e-03,3.561368882656097412e-01,4.631982371211051941e-02,-4.247614741325378418e-02,-8.314030244946479797e-03,-7.004242856055498123e-03,-2.025807090103626251e-02,-1.020863875746726990e-01,2.813548767685563710e-18,6.323767360299825668e-03,1.481944508850574493e-02,-1.084964871406555176e-01,1.373905688524246216e-03,-4.431925248354673386e-03,4.956698790192604065e-02,1.538249850273132324e+00,-3.271858021616935730e-02,-1.682628504931926727e-02,3.620975837111473083e-02,1.529811143875122070e+00
-8.211177825927734375e+00,-2.096777439117431641e+00,6.615425944328308105e-01,-2.172685199184343219e-04,-3.138991538435220718e-03,-7.397750020027160645e-01,-6.728469729423522949e-01,-8.348892442882061005e-04,2.617082092911005020e-03,3.561732769012451172e-01,4.614128172397613525e-02,-4.227739572525024414e-02,-8.361566811800003052e-03,-7.006669882684946060e-03,-2.026190049946308136e-02,-1.020730733871459961e-01,1.708998262323984503e-18,6.324866786599159241e-03,1.481544040143489838e-02,-1.084964647889137268e-01,1.373913837596774101e-03,-4.430743865668773651e-03,4.956698790192604065e-02,1.538249850273132324e+00,-3.271856158971786499e-02,-1.682510413229465485e-02,3.620971366763114929e-02,1.529811143875122070e+00
-8.211958885192871094e+00,-2.097017288208007812e+00,6.616007089614868164e-01,-2.177445276174694300e-04,-3.139514708891510963e-03,-7.397750020027160645e-01,-6.728469729423522949e-01,-8.366294205188751221e-04,2.617263467982411385e-03,3.561860918998718262e-01,4.614397138357162476e-02,-4.227958992123603821e-02,-8.361035957932472229e-03,-7.174837402999401093e-03,-2.018020674586296082e-02,-1.020674630999565125e-01,-1.499204682862799428e-18,6.508253980427980423e-03,1.473587099462747574e-02,-1.084965616464614868e-01,1.598470262251794338e-03,-4.431711044162511826e-03,4.973872005939483643e-02,1.538086414337158203e+00,-3.254089504480361938e-02,-1.681710034608840942e-02,3.619942441582679749e-02,1.529811143875122070e+00
-8.212199211120605469e+00,-2.097078084945678711e+00,6.616003513336181641e-01,-2.478942915331572294e-04,-3.165795234963297844e-03,-7.397750020027160645e-01,-6.728468537330627441e-01,-5.593770765699446201e-04,2.395171206444501877e-03,3.561927080154418945e-01,4.568776488304138184e-02,-4.208358749747276306e-02,-8.299575187265872955e-03,-7.167621981352567673e-03,-2.026350609958171844e-02,-1.020671501755714417e-01,2.983204545295955378e-18,6.515401881188154221e-03,1.473949570208787918e-02,-1.084971055388450623e-01,1.546606305055320263e-03,-4.516042303293943405e-03,4.956757277250289917e-02,1.538086414337158203e+00,-3.271379694342613220e-02,-1.673047430813312531e-02,3.619519248604774475e-02,1.529966115951538086e+00
-8.212619781494140625e+00,-2.097198009490966797e+00,6.616603732109069824e-01,-2.470331965014338493e-04,-3.166730748489499092e-03,-7.397750020027160645e-01,-6.728467941284179688e-01,-5.618623108603060246e-04,2.394921379163861275e-03,3.561927080154418945e-01,4.568765312433242798e-02,-4.208353906869888306e-02,-8.299567736685276031e-03,-7.170159369707107544e-03,-2.026373893022537231e-02,-1.020671427249908447e-01,-2.243037542919218343e-18,6.515420041978359222e-03,1.473950408399105072e-02,-1.084968224167823792e-01,1.671514939516782761e-03,-4.534036386758089066e-03,4.939021915197372437e-02,1.537901163101196289e+00,-3.271125629544258118e-02,-1.673049852252006531e-02,3.619519993662834167e-02,1.529966115951538086e+00
-8.212739944458007812e+00,-2.097258567810058594e+00,6.616595983505249023e-01,-2.789619320537894964e-04,-3.193693235516548157e-03,-7.397748231887817383e-01,-6.728469133377075195e-01,-5.416822386905550957e-04,2.305410336703062057e-03,3.561930954456329346e-01,4.566303268074989319e-02,-4.207399487495422363e-02,-8.296494372189044952e-03,-7.250355556607246399e-03,-2.036185935139656067e-02,-1.020648032426834106e-01,-6.727684915020388503e-18,6.610387470573186874e-03,1.474060676991939545e-02,-1.088460683822631836e-01,1.755410456098616123e-03,-4.617027938365936279e-03,4.976232349872589111e-02,1.538064599037170410e+00,-3.258103504776954651e-02,-1.697278209030628204e-02,3.637166321277618408e-02,1.529966115951538086e+00
-8.211839675903320312e+00,-2.097018718719482422e+00,6.615995764732360840e-01,-2.789376594591885805e-04,-3.193704411387443542e-03,-7.397748231887817383e-01,-6.728469133377075195e-01,-5.417356733232736588e-04,2.305428031831979752e-03,3.561930954456329346e-01,4.566304013133049011e-02,-4.207399860024452209e-02,-8.296494372189044952e-03,-7.250406313687562943e-03,-2.036184258759021759e-02,-1.020648032426834106e-01,-6.204669780641378570e-18,6.610386539250612259e-03,1.474060583859682083e-02,-1.088460609316825867e-01,1.798491808585822582e-03,-4.615342244505882263e-03,4.993127658963203430e-02,1.538040757179260254e+00,-3.264231979846954346e-02,-1.696705259382724762e-02,3.655281662940979004e-02,1.529985427856445312e+00
-8.212258338928222656e+00,-2.097078561782836914e+00,6.615994572639465332e-01,-2.783699601422995329e-04,-3.194350982084870338e-03,-7.397161126136779785e-01,-6.729114055633544922e-01,-5.243752384558320045e-04,2.173515502363443375e-03,3.563640117645263672e-01,4.579002037644386292e-02,-4.206906259059906006e-02,-8.100111037492752075e-03,-7.288822438567876816e-03,-2.044283784925937653e-02,-1.018952652812004089e-01,-7.631560576595990644e-19,6.626651156693696976e-03,1.481962669640779495e-02,-1.090204715728759766e-01,1.848255633376538754e-03,-4.614366684108972549e-03,5.011764168739318848e-02,1.538027644157409668e+00,-3.245796635746955872e-02,-1.697090640664100647e-02,3.656535595655441284e-02,1.529811143875122070e+00
-8.212557792663574219e+00,-2.097137451171875000e+00,6.616016626358032227e-01,-2.804063551593571901e-04,-3.194559598341584206e-03,-7.396578192710876465e-01,-6.729754805564880371e-01,-4.420051409397274256e-04,2.222110982984304428e-03,3.565293848514556885e-01,4.609843343496322632e-02,-4.246812686324119568e-02,-8.191009983420372009e-03,-7.201166357845067978e-03,-2.044960483908653259e-02,-1.018575727939605713e-01,8.878526948966583622e-20,6.541891489177942276e-03,1.480332668870687485e-02,-1.093701124191284180e-01,1.983492635190486908e-03,-4.612512886524200439e-03,5.066073685884475708e-02,1.538040757179260254e+00,-3.261052072048187256e-02,-1.694919914007186890e-02,3.710951656103134155e-02,1.529811143875122070e+00
-8.212738990783691406e+00,-2.097015857696533203e+00,6.616052985191345215e-01,-3.109132812824100256e-04,-3.164861118420958519e-03,-7.393065094947814941e-01,-6.733615398406982422e-01,-2.339654747629538178e-04,2.333308337256312370e-03,3.575479388236999512e-01,4.703923314809799194e-02,-4.350259900093078613e-02,-8.219832554459571838e-03,-7.287592161446809769e-03,-2.042213082313537598e-02,-1.006248742341995239e-01,-3.634375185568112165e-19,6.693289615213871002e-03,1.478566136211156845e-02,-1.090245321393013000e-01,2.252483973279595375e-03,-4.623707383871078491e-03,5.138324946165084839e-02,1.537890315055847168e+00,-3.272482380270957947e-02,-1.692315004765987396e-02,3.783592581748962402e-02,1.529811143875122070e+00
-8.212858200073242188e+00,-2.096834659576416016e+00,6.616027951240539551e-01,-3.373353101778775454e-04,-3.198485355824232101e-03,-7.388960123062133789e-01,-6.738117933273315430e-01,-6.382545689120888710e-05,2.128701191395521164e-03,3.588794767856597900e-01,4.806225001811981201e-02,-4.477768763899803162e-02,-8.310033939778804779e-03,-7.310986518859863281e-03,-2.065036445856094360e-02,-9.939471632242202759e-02,1.094541102961804727e-18,6.864280905574560165e-03,1.511203311383724213e-02,-1.079793646931648254e-01,2.308727474883198738e-03,-4.537018015980720520e-03,5.155367776751518250e-02,1.537776708602905273e+00,-3.281900659203529358e-02,-1.681364700198173523e-02,3.818221017718315125e-02,1.529799938201904297e+00
-8.212377548217773438e+00,-2.096531391143798828e+00,6.615517139434814453e-01,-3.329852188471704721e-04,-3.201816463842988014e-03,-7.383093237876892090e-01,-6.744546294212341309e-01,-9.695047629065811634e-05,2.200379036366939545e-03,3.605388402938842773e-01,4.983102902770042419e-02,-4.666592553257942200e-02,-8.391316048800945282e-03,-7.601620163768529892e-03,-2.088998071849346161e-02,-9.769300371408462524e-02,8.127960967970953773e-19,6.784825585782527924e-03,1.526125054806470871e-02,-1.062380298972129822e-01,2.359011676162481308e-03,-4.533837083727121353e-03,5.173416808247566223e-02,1.537776708602905273e+00,-3.265776112675666809e-02,-1.715534552931785583e-02,3.874862939119338989e-02,1.529611229896545410e+00
-8.212497711181640625e+00,-2.096287727355957031e+00,6.614952683448791504e-01,-3.270892775617539883e-04,-3.203816944733262062e-03,-7.376633882522583008e-01,-6.751609444618225098e-01,-9.020686411531642079e-05,1.994685037061572075e-03,3.623690903186798096e-01,5.184457078576087952e-02,-4.871910437941551208e-02,-8.417446166276931763e-03,-7.696357090026140213e-03,-2.131628617644309998e-02,-9.570092707872390747e-02,-2.687965535003515349e-19,6.871235556900501251e-03,1.568665914237499237e-02,-1.046717166900634766e-01,2.411316381767392159e-03,-4.530345089733600616e-03,5.191466212272644043e-02,1.537776708602905273e+00,-3.276154398918151855e-02,-1.747585088014602661e-02,3.910252824425697327e-02,1.529483318328857422e+00
-8.213036537170410156e+00,-2.096104145050048828e+00,6.614451408386230469e-01,-3.557419986464083195e-04,-3.235624870285391808e-03,-7.371346354484558105e-01,-6.757380962371826172e-01,4.431798151927068830e-05,1.724675064906477928e-03,3.640214502811431885e-01,5.371731147170066833e-02,-5.079470202326774597e-02,-8.037908002734184265e-03,-7.652341388165950775e-03,-2.192207425832748413e-02,-9.440317004919052124e-02,-1.191487808126361831e-18,7.168679032474756241e-03,1.620883122086524963e-02,-1.029314622282981873e-01,2.407819498330354691e-03,-4.612128715962171555e-03,5.192575231194496155e-02,1.537591457366943359e+00,-3.245202451944351196e-02,-1.826761849224567413e-02,3.913394361734390259e-02,1.529161930084228516e+00
-8.213815689086914062e+00,-2.095862627029418945e+00,6.614538431167602539e-01,-3.825663879979401827e-04,-3.262646030634641647e-03,-7.365463972091674805e-01,-6.763790249824523926e-01,4.417219606693834066e-04,1.000484335236251354e-03,3.654867112636566162e-01,5.565805360674858093e-02,-5.320670455694198608e-02,-7.727927062660455704e-03,-7.331049535423517227e-03,-2.276474423706531525e-02,-9.276863187551498413e-02,-9.870357474707379321e-19,6.862445268779993057e-03,1.697946712374687195e-02,-1.015405952930450439e-01,2.403454389423131943e-03,-4.684961866587400436e-03,5.193510279059410095e-02,1.537591457366943359e+00,-3.223456814885139465e-02,-1.887389831244945526e-02,3.896972909569740295e-02,1.529324889183044434e+00
-8.214653015136718750e+00,-2.095561742782592773e+00,6.614665389060974121e-01,-4.074455646332353354e-04,-3.291112836450338364e-03,-7.362521886825561523e-01,-6.766991615295410156e-01,6.873119273222982883e-04,2.286710951011627913e-04,3.663617670536041260e-01,5.729012191295623779e-02,-5.526906251907348633e-02,-7.140904664993286133e-03,-6.909813266247510910e-03,-2.388877980411052704e-02,-9.198828786611557007e-02,1.128802975632539418e-19,6.439856253564357758e-03,1.799955777823925018e-02,-1.003217101097106934e-01,2.518884371966123581e-03,-4.953167866915464401e-03,5.178413540124893188e-02,1.537406086921691895e+00,-3.207135200500488281e-02,-1.965019293129444122e-02,3.897799924015998840e-02,1.529419183731079102e+00
-8.215492248535156250e+00,-2.095203161239624023e+00,6.614208817481994629e-01,-4.020487540401518345e-04,-3.346211276948451996e-03,-7.360758185386657715e-01,-6.768906712532043457e-01,1.028508180752396584e-03,-1.076995395123958588e-03,3.667289316654205322e-01,5.861749127507209778e-02,-5.770551785826683044e-02,-6.215724162757396698e-03,-6.378455553203821182e-03,-2.524542994797229767e-02,-9.173633903264999390e-02,-3.295917694329789831e-18,5.855203140527009964e-03,1.928720064461231232e-02,-1.001495867967605591e-01,2.484210999682545662e-03,-4.846230614930391312e-03,5.197610333561897278e-02,1.537406086921691895e+00,-3.178406879305839539e-02,-2.095397002995014191e-02,3.883334994316101074e-02,1.529737472534179688e+00
-8.216508865356445312e+00,-2.094784975051879883e+00,6.614304184913635254e-01,-4.253983788657933474e-04,-3.375651314854621887e-03,-7.359585762023925781e-01,-6.770180463790893555e-01,1.791672199033200741e-03,-2.755535300821065903e-03,3.670661151409149170e-01,5.965646728873252869e-02,-5.975957587361335754e-02,-4.937696736305952072e-03,-5.498036742210388184e-03,-2.687355130910873413e-02,-9.132514148950576782e-02,1.410052500610329504e-18,5.330150481313467026e-03,2.098892256617546082e-02,-9.980231523513793945e-02,2.496637403964996338e-03,-4.744816571474075317e-03,5.196467787027359009e-02,1.537382245063781738e+00,-3.106355294585227966e-02,-2.245914936065673828e-02,3.816066682338714600e-02,1.529900550842285156e+00
-8.216924667358398438e+00,-2.094127655029296875e+00,6.613277792930603027e-01,-4.515572800301015377e-04,-3.399654524400830269e-03,-7.359002232551574707e-01,-6.770813465118408203e-01,2.372443908825516701e-03,-4.716256633400917053e-03,3.670225143432617188e-01,6.091637536883354187e-02,-6.240084767341613770e-02,-3.430623328313231468e-03,-4.514579195529222488e-03,-2.899523079395294189e-02,-9.142453223466873169e-02,2.184711693759608963e-19,4.549751523882150650e-03,2.302083931863307953e-02,-9.963049739599227905e-02,2.512052422389388084e-03,-4.468695726245641708e-03,5.197875201702117920e-02,1.537406086921691895e+00,-3.035862371325492859e-02,-2.413710393011569977e-02,3.749077767133712769e-02,1.529707193374633789e+00
-8.217761039733886719e+00,-2.093585491180419922e+00,6.612261533737182617e-01,-4.782174073625355959e-04,-3.426184644922614098e-03,-7.359014153480529785e-01,-6.770798563957214355e-01,2.760247327387332916e-03,-6.726364139467477798e-03,3.667805492877960205e-01,6.254224479198455811e-02,-6.506146490573883057e-02,-1.485466258600354195e-03,-3.700788365676999092e-03,-3.133763745427131653e-02,-9.148863703012466431e-02,-8.309571056396385227e-19,3.949448466300964355e-03,2.547489665448665619e-02,-9.945973008871078491e-02,2.470601117238402367e-03,-4.543129354715347290e-03,5.183317512273788452e-02,1.537218809127807617e+00,-2.971880882978439331e-02,-2.615955658257007599e-02,3.700933977961540222e-02,1.529911875724792480e+00
-8.219616889953613281e+00,-2.093401193618774414e+00,6.612344980239868164e-01,-4.396279691718518734e-04,-3.392741084098815918e-03,-7.359030246734619141e-01,-6.770783066749572754e-01,2.940674312412738800e-03,-8.779129944741725922e-03,3.667102158069610596e-01,6.403181701898574829e-02,-6.734132766723632812e-02,1.419140462530776858e-04,-2.878791419789195061e-03,-3.331598266959190369e-02,-9.153813868761062622e-02,5.314224947274223371e-19,3.150888951495289803e-03,2.775256708264350891e-02,-9.876606613397598267e-02,2.471194136887788773e-03,-4.466982092708349228e-03,5.112669989466667175e-02,1.537194967269897461e+00,-2.901165746152400970e-02,-2.800883725285530090e-02,3.670329600572586060e-02,1.529775738716125488e+00
-8.220810890197753906e+00,-2.092905044555664062e+00,6.612567901611328125e-01,-3.499698359519243240e-04,-3.350531449541449547e-03,-7.364958524703979492e-01,-6.764336824417114258e-01,2.719864249229431152e-03,-1.061662007123231888e-02,3.646527826786041260e-01,6.621143221855163574e-02,-6.939319521188735962e-02,2.242090879008173943e-03,-1.509087393060326576e-03,-3.565434738993644714e-02,-9.359420090913772583e-02,-8.226262077990989891e-20,2.339608734473586082e-03,3.027120046317577362e-02,-9.982192516326904297e-02,2.023637993261218071e-03,-4.441163036972284317e-03,5.044379457831382751e-02,1.537171125411987305e+00,-2.779929712414741516e-02,-3.049633093178272247e-02,3.607797622680664062e-02,1.529116749763488770e+00
-8.222540855407714844e+00,-2.092397689819335938e+00,6.613369584083557129e-01,-2.990444190800189972e-04,-3.319363808259367943e-03,-7.372051477432250977e-01,-6.756607890129089355e-01,9.681285591796040535e-04,-1.174918003380298615e-02,3.617144525051116943e-01,7.144177705049514771e-02,-7.178793102502822876e-02,3.960644360631704330e-03,7.638738316018134356e-05,-3.746525943279266357e-02,-9.557608515024185181e-02,-5.843057797997683601e-20,1.084134913980960846e-03,3.230077400803565979e-02,-1.017518416047096252e-01,1.808650908060371876e-03,-4.011070821434259415e-03,5.012314021587371826e-02,1.537196993827819824e+00,-2.634300664067268372e-02,-3.304807096719741821e-02,3.528146818280220032e-02,1.527337074279785156e+00
-8.223490715026855469e+00,-2.091663599014282227e+00,6.613615155220031738e-01,-5.623160541290417314e-05,-3.244698746129870415e-03,-7.374972701072692871e-01,-6.753423213958740234e-01,-2.846615621820092201e-03,-1.056838873773813248e-02,3.598164916038513184e-01,8.194931596517562866e-02,-7.641790062189102173e-02,4.481475800275802612e-03,-2.809207653626799583e-03,-3.848148137331008911e-02,-9.692966192960739136e-02,9.687827900052070618e-03,-5.423445254564285278e-03,3.382619842886924744e-02,-1.031521633267402649e-01,2.042752457782626152e-03,-3.895401721820235252e-03,5.139633640646934509e-02,1.537429928779602051e+00,-2.338784188032150269e-02,-3.631917387247085571e-02,3.623563796281814575e-02,1.523324966430664062e+00
-8.223780632019042969e+00,-2.090923547744750977e+00,6.613091826438903809e-01,6.272775935940444469e-04,-3.184381406754255295e-03,-7.369043827056884766e-01,-6.759892106056213379e-01,-9.482675231993198395e-03,-6.754993461072444916e-03,3.599156439304351807e-01,9.887114912271499634e-02,-8.452436327934265137e-02,3.988260868936777115e-03,-1.130769681185483932e-02,-3.820074722170829773e-02,-9.371230751276016235e-02,2.912085689604282379e-02,-1.783413439989089966e-02,3.360746055841445923e-02,-1.050851419568061829e-01,4.346685949712991714e-03,-3.333653789013624191e-03,5.657426267862319946e-02,1.537371277809143066e+00,-2.164198085665702820e-02,-3.976177051663398743e-02,4.354292526841163635e-02,1.517766594886779785e+00
-8.222598075866699219e+00,-2.090025186538696289e+00,6.616334915161132812e-01,2.380431629717350006e-03,-2.057987963780760765e-03,-7.331188321113586426e-01,-6.800932884216308594e-01,-1.116619631648063660e-02,-5.992226651869714260e-04,3.692706823348999023e-01,1.086713969707489014e-01,-9.065668284893035889e-02,1.991447294130921364e-03,-3.892808035016059875e-02,-3.684910014271736145e-02,-7.574161887168884277e-02,8.756151795387268066e-02,-5.549032241106033325e-02,3.434877097606658936e-02,-1.033565849065780640e-01,9.531443938612937927e-03,1.115390332415699959e-03,6.322490423917770386e-02,1.536331295967102051e+00,-2.335421554744243622e-02,-4.108672589063644409e-02,5.669318884611129761e-02,1.512286543846130371e+00
-8.222284317016601562e+00,-2.089405298233032227e+00,6.624587774276733398e-01,4.462531767785549164e-03,-6.721733370795845985e-04,-7.273353338241577148e-01,-6.862673759460449219e-01,-6.092727184295654297e-03,4.397096112370491028e-03,3.848575055599212646e-01,1.041909083724021912e-01,-9.034758806228637695e-02,-1.774139673216268420e-05,-8.332767337560653687e-02,-3.788263723254203796e-02,-4.694858938455581665e-02,1.781250536441802979e-01,-1.093789041042327881e-01,3.912505879998207092e-02,-9.953057020902633667e-02,1.641399785876274109e-02,8.736141026020050049e-03,6.952997297048568726e-02,1.534689426422119141e+00,-2.755067870020866394e-02,-3.997679054737091064e-02,6.906060129404067993e-02,1.509053468704223633e+00
-8.221437454223632812e+00,-2.089217662811279297e+00,6.633844375610351562e-01,6.571592763066291809e-03,9.735939675010740757e-04,-7.222219109535217285e-01,-6.916294693946838379e-01,1.187266316264867783e-03,8.761793375015258789e-03,3.991540670394897461e-01,9.249433130025863647e-02,-8.557513356208801270e-02,-2.542495494708418846e-03,-1.302907466888427734e-01,-4.434378445148468018e-02,-9.685055352747440338e-03,2.757481932640075684e-01,-1.572027057409286499e-01,5.328043550252914429e-02,-9.988329559564590454e-02,2.463726885616779327e-02,1.980414800345897675e-02,7.209631800651550293e-02,1.534052610397338867e+00,-3.392762690782546997e-02,-3.990314900875091553e-02,7.409681379795074463e-02,1.505824685096740723e+00
-8.221182823181152344e+00,-2.089738368988037109e+00,6.642358899116516113e-01,8.387386798858642578e-03,2.325048670172691345e-03,-7.189480662345886230e-01,-6.950092911720275879e-01,6.283095106482505798e-03,1.330711506307125092e-02,4.085796475410461426e-01,8.163491636514663696e-02,-7.958826422691345215e-02,-4.748971667140722275e-03,-1.686445623636245728e-01,-5.472630262374877930e-02,2.511499635875225067e-02,3.581411540508270264e-01,-1.914030462503433228e-01,7.294220477342605591e-02,-1.040794327855110168e-01,3.182654455304145813e-02,3.079145960509777069e-02,7.332961261272430420e-02,1.534864664077758789e+00,-3.949557617306709290e-02,-4.108288884162902832e-02,7.474402338266372681e-02,1.502099275588989258e+00
-8.219915390014648438e+00,-2.090069770812988281e+00,6.650229692459106445e-01,9.832065552473068237e-03,3.679975867271423340e-03,-7.175411581993103027e-01,-6.964370012283325195e-01,9.904121048748493195e-03,1.847697049379348755e-02,4.131377041339874268e-01,7.227806001901626587e-02,-7.293567806482315063e-02,-7.638832554221153259e-03,-1.987800151109695435e-01,-7.399344444274902344e-02,5.495343357324600220e-02,4.260045886039733887e-01,-2.130948901176452637e-01,1.013813540339469910e-01,-1.098452359437942505e-01,3.599375113844871521e-02,4.428258538246154785e-02,7.220665365457534790e-02,1.539695262908935547e+00,-4.257031530141830444e-02,-4.540542885661125183e-02,6.784689426422119141e-02,1.495638251304626465e+00
-8.216897010803222656e+00,-2.089667797088623047e+00,6.656413078308105469e-01,1.140873413532972336e-02,4.958590026944875717e-03,-7.176439762115478516e-01,-6.962990760803222656e-01,1.144671626389026642e-02,2.667417004704475403e-02,4.136555194854736328e-01,6.749451160430908203e-02,-6.773750483989715576e-02,-1.231722533702850342e-02,-2.256527990102767944e-01,-1.039536073803901672e-01,8.372330665588378906e-02,4.787019193172454834e-01,-2.174360603094100952e-01,1.417615562677383423e-01,-1.157946288585662842e-01,3.806009143590927124e-02,5.998323857784271240e-02,7.028754800558090210e-02,1.545914649963378906e+00,-4.283259063959121704e-02,-5.300700664520263672e-02,5.506919696927070618e-02,1.488264322280883789e+00
-8.212599754333496094e+00,-2.088885545730590820e+00,6.661303639411926270e-01,1.284276321530342102e-02,6.232344079762697220e-03,-7.181719541549682617e-01,-6.957192420959472656e-01,1.146345771849155426e-02,3.716588765382766724e-02,4.127333164215087891e-01,6.770629435777664185e-02,-6.585382670164108276e-02,-1.860265433788299561e-02,-2.456723302602767944e-01,-1.361842751502990723e-01,1.138552799820899963e-01,5.099213719367980957e-01,-2.062853425741195679e-01,1.849696934223175049e-01,-1.205187886953353882e-01,3.918571025133132935e-02,7.726155221462249756e-02,7.112363725900650024e-02,1.550518274307250977e+00,-4.192163795232772827e-02,-6.132805719971656799e-02,3.956877067685127258e-02,1.482895374298095703e+00
-8.209012985229492188e+00,-2.088034152984619141e+00,6.665130257606506348e-01,1.404136698693037033e-02,7.313121110200881958e-03,-7.185194492340087891e-01,-6.953266263008117676e-01,1.106532756239175797e-02,4.807910323143005371e-02,4.119714200496673584e-01,7.057949155569076538e-02,-6.565770506858825684e-02,-2.542493306100368500e-02,-2.594515681266784668e-01,-1.658097505569458008e-01,1.432949602603912354e-01,5.245018601417541504e-01,-1.898326575756072998e-01,2.248738706111907959e-01,-1.231509074568748474e-01,4.052479565143585205e-02,9.324049949645996094e-02,7.381430268287658691e-02,1.552757501602172852e+00,-4.031330347061157227e-02,-6.972640007734298706e-02,2.573898062109947205e-02,1.479486107826232910e+00
-8.203554153442382812e+00,-2.086182117462158203e+00,6.666182875633239746e-01,1.520864479243755341e-02,8.367265574634075165e-03,-7.185013890266418457e-01,-6.953088641166687012e-01,1.154183130711317062e-02,6.142463162541389465e-02,4.125238656997680664e-01,7.605552673339843750e-02,-6.762515008449554443e-02,-3.511657565832138062e-02,-2.674216032028198242e-01,-1.953147649765014648e-01,1.693933606147766113e-01,5.262508392333984375e-01,-1.789345443248748779e-01,2.615389227867126465e-01,-1.245496198534965515e-01,4.273722693324089050e-02,1.122051700949668884e-01,7.768446952104568481e-02,1.550928950309753418e+00,-3.953440487384796143e-02,-7.876349240541458130e-02,1.650810241699218750e-02,1.477812051773071289e+00
-8.196174621582031250e+00,-2.083754777908325195e+00,6.666049957275390625e-01,1.602890901267528534e-02,9.043437428772449493e-03,-7.184767127037048340e-01,-6.953074932098388672e-01,1.248189993202686310e-02,7.635396718978881836e-02,4.124126732349395752e-01,8.108630776405334473e-02,-6.843424588441848755e-02,-4.719572886824607849e-02,-2.724328637123107910e-01,-2.220738530158996582e-01,1.876756995916366577e-01,5.203914046287536621e-01,-1.704563796520233154e-01,2.779466807842254639e-01,-1.252342462539672852e-01,4.441948607563972473e-02,1.311692595481872559e-01,7.956930994987487793e-02,1.547846913337707520e+00,-3.878810629248619080e-02,-8.697462081909179688e-02,9.456683881580829620e-03,1.477056860923767090e+00
-8.190071105957031250e+00,-2.081751585006713867e+00,6.664986610412597656e-01,1.661873050034046173e-02,9.538280777633190155e-03,-7.183985114097595215e-01,-6.953678131103515625e-01,1.402140781283378601e-02,9.071952849626541138e-02,4.126032590866088867e-01,8.497341722249984741e-02,-6.874709576368331909e-02,-5.960758030414581299e-02,-2.734838724136352539e-01,-2.443123161792755127e-01,1.984337419271469116e-01,5.044326186180114746e-01,-1.572530716657638550e-01,2.819714844226837158e-01,-1.252042949199676514e-01,4.475561529397964478e-02,1.486694365739822388e-01,7.989858090877532959e-02,1.544748306274414062e+00,-3.799736127257347107e-02,-9.350227564573287964e-02,2.006042981520295143e-03,1.476353049278259277e+00
-8.181035041809082031e+00,-2.078661680221557617e+00,6.659250855445861816e-01,1.695263385772705078e-02,9.907446801662445068e-03,-7.183899283409118652e-01,-6.953634619712829590e-01,1.802846230566501617e-02,1.071144640445709229e-01,4.124843478202819824e-01,8.589694648981094360e-02,-6.727291643619537354e-02,-7.532865554094314575e-02,-2.634535133838653564e-01,-2.646548449993133545e-01,1.925071328878402710e-01,4.649478793144226074e-01,-1.469915360212326050e-01,2.893293499946594238e-01,-1.257000416517257690e-01,4.442536830902099609e-02,1.656722575426101685e-01,8.073884993791580200e-02,1.542434573173522949e+00,-3.601318970322608948e-02,-9.974177926778793335e-02,-7.834731601178646088e-03,1.475221037864685059e+00
-8.171823501586914062e+00,-2.075381994247436523e+00,6.650626063346862793e-01,1.698583364486694336e-02,9.909750893712043762e-03,-7.183256745338439941e-01,-6.954290270805358887e-01,2.378886938095092773e-02,1.227325126528739929e-01,4.122891426086425781e-01,8.370324969291687012e-02,-6.450013071298599243e-02,-9.205051511526107788e-02,-2.476166933774948120e-01,-2.789756059646606445e-01,1.756689846515655518e-01,4.147666692733764648e-01,-1.424059718847274780e-01,2.999486923217773438e-01,-1.265396922826766968e-01,4.435621947050094604e-02,1.826238483190536499e-01,8.654599636793136597e-02,1.542106986045837402e+00,-3.398822247982025146e-02,-1.040648519992828369e-01,-1.712129823863506317e-02,1.474216341972351074e+00
-8.160360336303710938e+00,-2.071721315383911133e+00,6.634812355041503906e-01,1.600825227797031403e-02,9.059924632310867310e-03,-7.173778414726257324e-01,-6.964414715766906738e-01,3.221928328275680542e-02,1.391130834817886353e-01,4.151895940303802490e-01,7.909031957387924194e-02,-5.957559123635292053e-02,-1.123676747083663940e-01,-2.298518568277359009e-01,-2.884361743927001953e-01,1.491640657186508179e-01,3.618918061256408691e-01,-1.400669962167739868e-01,3.149223625659942627e-01,-1.249463334679603577e-01,4.341709986329078674e-02,1.966912597417831421e-01,9.397362917661666870e-02,1.543374896049499512e+00,-3.155131265521049500e-02,-1.083822846412658691e-01,-2.665429189801216125e-02,1.473723769187927246e+00
-8.149168014526367188e+00,-2.068424701690673828e+00,6.615409851074218750e-01,1.466496009379625320e-02,7.592309731990098953e-03,-7.154607176780700684e-01,-6.984577775001525879e-01,4.133189097046852112e-02,1.540227383375167847e-01,4.209725260734558105e-01,7.367571443319320679e-02,-5.364120379090309143e-02,-1.334571242332458496e-01,-2.169618904590606689e-01,-2.909044027328491211e-01,1.233860775828361511e-01,3.197495341300964355e-01,-1.417197138071060181e-01,3.214395642280578613e-01,-1.217808872461318970e-01,4.443118721246719360e-02,2.094969004392623901e-01,1.042599901556968689e-01,1.544535398483276367e+00,-3.101021796464920044e-02,-1.115272417664527893e-01,-3.167156502604484558e-02,1.473158717155456543e+00
-8.135804176330566406e+00,-2.065157651901245117e+00,6.588850617408752441e-01,1.251624990254640579e-02,5.123069044202566147e-03,-7.118332386016845703e-01,-7.022182941436767578e-01,5.265530198812484741e-02,1.693937480449676514e-01,4.313388466835021973e-01,6.598199158906936646e-02,-4.541279748082160950e-02,-1.583115309476852417e-01,-2.137043178081512451e-01,-2.848399281501770020e-01,1.085123047232627869e-01,2.949814200401306152e-01,-1.511457115411758423e-01,3.145644962787628174e-01,-1.161698400974273682e-01,4.786490648984909058e-02,2.212009578943252563e-01,1.179049015045166016e-01,1.544244885444641113e+00,-3.218281641602516174e-02,-1.155844107270240784e-01,-3.236204385757446289e-02,1.471655011177062988e+00
-8.120930671691894531e+00,-2.062301874160766602e+00,6.554024815559387207e-01,9.455850347876548767e-03,1.475816825404763222e-03,-7.067047357559204102e-01,-7.074438929557800293e-01,6.569248437881469727e-02,1.833853572607040405e-01,4.458022415637969971e-01,5.691405385732650757e-02,-3.501460701227188110e-02,-1.849795430898666382e-01,-2.227826863527297974e-01,-2.704952657222747803e-01,1.190674826502799988e-01,2.894027531147003174e-01,-1.528878062963485718e-01,2.984018921852111816e-01,-1.070937514305114746e-01,5.512157082557678223e-02,2.359488755464553833e-01,1.310886889696121216e-01,1.538841485977172852e+00,-3.594067692756652832e-02,-1.193076744675636292e-01,-3.100275807082653046e-02,1.469843626022338867e+00
-8.102418899536132812e+00,-2.059941291809082031e+00,6.507176160812377930e-01,5.185193382203578949e-03,-3.753370139747858047e-03,-7.015643119812011719e-01,-7.125774025917053223e-01,7.772994786500930786e-02,1.983022093772888184e-01,4.593376219272613525e-01,4.428745061159133911e-02,-1.666678860783576965e-02,-2.163312584161758423e-01,-2.530248463153839111e-01,-2.496370524168014526e-01,1.423141956329345703e-01,3.320761919021606445e-01,-1.634045392274856567e-01,2.742150127887725830e-01,-9.820482879877090454e-02,6.201640889048576355e-02,2.510865330696105957e-01,1.395206302404403687e-01,1.530745863914489746e+00,-4.321359097957611084e-02,-1.232154369354248047e-01,-2.896498702466487885e-02,1.471341848373413086e+00
-8.085493087768554688e+00,-2.058718204498291016e+00,6.463629007339477539e-01,1.881281728856265545e-03,-8.413414470851421356e-03,-6.986538171768188477e-01,-7.154079079627990723e-01,8.418165892362594604e-02,2.149288058280944824e-01,4.662761986255645752e-01,3.412720188498497009e-02,4.406664986163377762e-03,-2.448604553937911987e-01,-2.878476679325103760e-01,-2.256859242916107178e-01,1.576367318630218506e-01,3.920805156230926514e-01,-1.782280206680297852e-01,2.474622130393981934e-01,-9.280292689800262451e-02,7.456050813198089600e-02,2.628881335258483887e-01,1.638176441192626953e-01,1.522328019142150879e+00,-5.076805874705314636e-02,-1.237659081816673279e-01,-2.262182533740997314e-02,1.472400069236755371e+00
-8.067605018615722656e+00,-2.057890653610229492e+00,6.428552269935607910e-01,-6.789966719225049019e-04,-1.288981176912784576e-02,-6.996294260025024414e-01,-7.143892645835876465e-01,7.811705023050308228e-02,2.385211884975433350e-01,4.591215252876281738e-01,2.741646021604537964e-02,5.300113931298255920e-02,-2.748840451240539551e-01,-3.136334121227264404e-01,-2.020723819732666016e-01,1.553119421005249023e-01,4.454044103622436523e-01,-1.933830380439758301e-01,2.171093970537185669e-01,-9.451761841773986816e-02,9.367242455482482910e-02,2.691916525363922119e-01,2.070069760084152222e-01,1.510829210281372070e+00,-5.487733706831932068e-02,-1.232348978519439697e-01,-7.722506299614906311e-03,1.466583490371704102e+00
-8.051085472106933594e+00,-2.056173086166381836e+00,6.409783959388732910e-01,-2.639926038682460785e-03,-1.630673557519912720e-02,-7.051712870597839355e-01,-7.088445425033569336e-01,6.108383834362030029e-02,2.655498981475830078e-01,4.371854364871978760e-01,2.259718626737594604e-02,1.331080496311187744e-01,-3.035745322704315186e-01,-3.198958337306976318e-01,-1.847455650568008423e-01,1.339529603719711304e-01,4.767231047153472900e-01,-2.071468681097030640e-01,1.880014836788177490e-01,-1.035014539957046509e-01,1.049792096018791199e-01,2.706798315048217773e-01,2.461231946945190430e-01,1.501601815223693848e+00,-5.603549629449844360e-02,-1.228625923395156860e-01,9.258226491510868073e-03,1.458025097846984863e+00
-8.034902572631835938e+00,-2.055186510086059570e+00,6.404978632926940918e-01,-4.416282754391431808e-03,-1.868250221014022827e-02,-7.115769982337951660e-01,-7.023458480834960938e-01,3.837119787931442261e-02,2.919026017189025879e-01,4.203336536884307861e-01,2.517987601459026337e-02,2.325058728456497192e-01,-3.270606994628906250e-01,-3.204501271247863770e-01,-1.681504398584365845e-01,1.092974618077278137e-01,4.953963160514831543e-01,-2.137281149625778198e-01,1.596194207668304443e-01,-1.075490936636924744e-01,9.942106157541275024e-02,2.706563174724578857e-01,2.559040784835815430e-01,1.497085690498352051e+00,-5.452686548233032227e-02,-1.220817938446998596e-01,1.941098459064960480e-02,1.455394506454467773e+00
-8.019574165344238281e+00,-2.055358409881591797e+00,6.418880224227905273e-01,-6.454498507082462311e-03,-2.108901552855968475e-02,-7.166988253593444824e-01,-6.970340013504028320e-01,1.665697246789932251e-02,3.099053800106048584e-01,4.130303561687469482e-01,4.216915741562843323e-02,3.062305152416229248e-01,-3.251206874847412109e-01,-3.172146081924438477e-01,-1.531677395105361938e-01,8.869540691375732422e-02,4.956226646900177002e-01,-2.074839621782302856e-01,1.326241344213485718e-01,-1.018258184194564819e-01,8.649571239948272705e-02,2.657633125782012939e-01,2.469984441995620728e-01,1.489576816558837891e+00,-5.243520811200141907e-02,-1.215688511729240417e-01,2.664092369377613068e-02,1.458073735237121582e+00
-8.006010055541992188e+00,-2.054965496063232422e+00,6.450455784797668457e-01,-8.617765270173549652e-03,-2.414824627339839935e-02,-7.191784977912902832e-01,-6.943521499633789062e-01,-2.390114357694983482e-03,3.164583146572113037e-01,4.078815281391143799e-01,7.938722521066665649e-02,3.282208740711212158e-01,-3.045900762081146240e-01,-3.049990534782409668e-01,-1.401230990886688232e-01,7.391992956399917603e-02,4.715025722980499268e-01,-1.907223314046859741e-01,1.083891689777374268e-01,-8.951953798532485962e-02,7.610354572534561157e-02,2.556175589561462402e-01,2.390920072793960571e-01,1.477607965469360352e+00,-5.386273935437202454e-02,-1.238607689738273621e-01,3.551040217280387878e-02,1.463601469993591309e+00
-7.993079662322998047e+00,-2.054369449615478516e+00,6.489354372024536133e-01,-1.096895802766084671e-02,-2.753723785281181335e-02,-7.196575403213500977e-01,-6.936961412429809570e-01,-2.481735683977603912e-02,3.110899627208709717e-01,3.847621977329254150e-01,1.371378004550933838e-01,3.084465563297271729e-01,-2.862968444824218750e-01,-2.866798937320709229e-01,-1.294125318527221680e-01,6.480914354324340820e-02,4.292085766792297363e-01,-1.650954633951187134e-01,8.698073774576187134e-02,-7.342121005058288574e-02,7.209355384111404419e-02,2.426958382129669189e-01,2.308293133974075317e-01,1.459376931190490723e+00,-5.862584337592124939e-02,-1.288799941539764404e-01,4.608448222279548645e-02,1.469229102134704590e+00
-7.984076976776123047e+00,-2.054338455200195312e+00,6.526429057121276855e-01,-1.295100804418325424e-02,-3.040525875985622406e-02,-7.196153402328491211e-01,-6.935859918594360352e-01,-5.071481317281723022e-02,3.001480400562286377e-01,3.483295738697052002e-01,2.002185881137847900e-01,2.731421589851379395e-01,-2.760896086692810059e-01,-2.668612003326416016e-01,-1.215625256299972534e-01,5.860172957181930542e-02,3.820770680904388428e-01,-1.382081061601638794e-01,7.024337351322174072e-02,-6.119164079427719116e-02,7.269551604986190796e-02,2.309283465147018433e-01,2.220885157585144043e-01,1.440518260002136230e+00,-6.457779556512832642e-02,-1.338634043931961060e-01,5.720514059066772461e-02,1.471853017807006836e+00
-7.974516868591308594e+00,-2.053900480270385742e+00,6.559600830078125000e-01,-1.480896119028329849e-02,-3.347026929259300232e-02,-7.195021510124206543e-01,-6.935250759124755859e-01,-8.602348715066909790e-02,2.747449278831481934e-01,2.936451733112335205e-01,2.702831029891967773e-01,2.263770848512649536e-01,-2.752577662467956543e-01,-2.437977492809295654e-01,-1.160290688276290894e-01,5.273192003369331360e-02,3.276455700397491455e-01,-1.102680340409278870e-01,5.605363473296165466e-02,-5.453585088253021240e-02,7.522988319396972656e-02,2.192250639200210571e-01,2.070524245500564575e-01,1.420506834983825684e+00,-7.226395606994628906e-02,-1.399478763341903687e-01,6.850615143775939941e-02,1.466780424118041992e+00
-7.969038963317871094e+00,-2.054004430770874023e+00,6.586348414421081543e-01,-1.637296192348003387e-02,-3.582657873630523682e-02,-7.194077968597412109e-01,-6.934701204299926758e-01,-1.166810989379882812e-01,2.463180869817733765e-01,2.501727044582366943e-01,3.270525932312011719e-01,1.867701262235641479e-01,-2.727193236351013184e-01,-2.247677147388458252e-01,-1.121225133538246155e-01,4.902699217200279236e-02,2.824689149856567383e-01,-8.736100792884826660e-02,4.510016366839408875e-02,-4.997184500098228455e-02,7.701708376407623291e-02,2.101720422506332397e-01,1.941183805465698242e-01,1.406263113021850586e+00,-7.898149639368057251e-02,-1.452430784702301025e-01,7.661439478397369385e-02,1.460671305656433105e+00
-7.961546421051025391e+00,-2.053779602050781250e+00,6.609661579132080078e-01,-1.805374771356582642e-02,-3.800780698657035828e-02,-7.191883325576782227e-01,-6.935399174690246582e-01,-1.441222876310348511e-01,2.056318521499633789e-01,2.224151790142059326e-01,3.760546445846557617e-01,1.416752785444259644e-01,-2.513119876384735107e-01,-2.051907479763031006e-01,-1.072650104761123657e-01,4.652469232678413391e-02,2.375021725893020630e-01,-6.680563837289810181e-02,3.378773853182792664e-02,-4.819302260875701904e-02,8.036489784717559814e-02,2.018179148435592651e-01,1.890001446008682251e-01,1.394080162048339844e+00,-8.666700124740600586e-02,-1.499665528535842896e-01,8.344467729330062866e-02,1.453421354293823242e+00
-7.957271575927734375e+00,-2.054118156433105469e+00,6.628124713897705078e-01,-1.936377212405204773e-02,-3.952013701200485229e-02,-7.188127636909484863e-01,-6.938093304634094238e-01,-1.619165688753128052e-01,1.691353321075439453e-01,2.133451402187347412e-01,4.102867841720581055e-01,1.004301607608795166e-01,-2.249202132225036621e-01,-1.894585490226745605e-01,-1.025116443634033203e-01,4.557230696082115173e-02,2.022145390510559082e-01,-5.170516297221183777e-02,2.457819133996963501e-02,-4.765175655484199524e-02,8.397864550352096558e-02,1.951406151056289673e-01,1.898672282695770264e-01,1.386117219924926758e+00,-9.396200627088546753e-02,-1.528334319591522217e-01,8.977353572845458984e-02,1.448201894760131836e+00
-7.952692985534667969e+00,-2.054239034652709961e+00,6.641991138458251953e-01,-2.050565183162689209e-02,-4.047044739127159119e-02,-7.179133892059326172e-01,-6.946524381637573242e-01,-1.688846647739410400e-01,1.328939050436019897e-01,2.301586419343948364e-01,4.297513663768768311e-01,5.645492672920227051e-02,-1.899961680173873901e-01,-1.749057322740554810e-01,-9.730564057826995850e-02,4.689927026629447937e-02,1.698845177888870239e-01,-3.933563828468322754e-02,1.658179983496665955e-02,-4.712188243865966797e-02,8.787856996059417725e-02,1.890144497156143188e-01,1.992782652378082275e-01,1.381269693374633789e+00,-1.013273745775222778e-01,-1.529280990362167358e-01,9.477101266384124756e-02,1.446031689643859863e+00
-7.949196815490722656e+00,-2.054157257080078125e+00,6.652789115905761719e-01,-2.127335220575332642e-02,-4.069815948605537415e-02,-7.161960005760192871e-01,-6.963866353034973145e-01,-1.662065982818603516e-01,9.699691832065582275e-02,2.651018798351287842e-01,4.317876398563385010e-01,1.048201508820056915e-02,-1.503443866968154907e-01,-1.603648811578750610e-01,-9.188270568847656250e-02,5.048949271440505981e-02,1.382902264595031738e-01,-2.689302898943424225e-02,1.000805851072072983e-02,-4.417023435235023499e-02,9.014050662517547607e-02,1.837717294692993164e-01,2.084785401821136475e-01,1.378528714179992676e+00,-1.069279164075851440e-01,-1.509966105222702026e-01,9.506448358297348022e-02,1.447261333465576172e+00
-7.946228027343750000e+00,-2.053699016571044922e+00,6.659145951271057129e-01,-2.139373123645782471e-02,-4.022672027349472046e-02,-7.143433690071105957e-01,-6.983106136322021484e-01,-1.577560752630233765e-01,6.148417666554450989e-02,3.008269071578979492e-01,4.193176031112670898e-01,-3.463019058108329773e-02,-1.104803830385208130e-01,-1.453991085290908813e-01,-8.607040345668792725e-02,5.506776273250579834e-02,1.064192280173301697e-01,-1.381856855005025864e-02,4.831044934689998627e-03,-4.334066063165664673e-02,9.167616069316864014e-02,1.803812384605407715e-01,2.145835161209106445e-01,1.376220822334289551e+00,-1.113266125321388245e-01,-1.463660448789596558e-01,9.496060013771057129e-02,1.450084090232849121e+00
-7.943495750427246094e+00,-2.052980184555053711e+00,6.663079261779785156e-01,-2.080674283206462860e-02,-3.887347877025604248e-02,-7.129095792770385742e-01,-6.998684406280517578e-01,-1.468776613473892212e-01,2.695957385003566742e-02,3.305358886718750000e-01,3.968044817447662354e-01,-8.373861759901046753e-02,-7.116570323705673218e-02,-1.279422640800476074e-01,-7.873435318470001221e-02,5.840487405657768250e-02,7.203660160303115845e-02,-5.636732093989849091e-04,-1.550469169160351157e-04,-4.551818594336509705e-02,9.386903792619705200e-02,1.779407113790512085e-01,2.197498381137847900e-01,1.374018073081970215e+00,-1.144091710448265076e-01,-1.396955251693725586e-01,9.644763171672821045e-02,1.453339815139770508e+00
-7.940365314483642578e+00,-2.052053451538085938e+00,6.664085388183593750e-01,-1.962628401815891266e-02,-3.673210740089416504e-02,-7.123698592185974121e-01,-7.005674242973327637e-01,-1.326144486665725708e-01,-6.793028675019741058e-03,3.459344506263732910e-01,3.636396229267120361e-01,-1.288538724184036255e-01,-3.497731313109397888e-02,-1.083574593067169189e-01,-7.007229328155517578e-02,6.012418121099472046e-02,3.676240146160125732e-02,7.754768710583448410e-03,-4.406702239066362381e-03,-5.015555769205093384e-02,9.241092950105667114e-02,1.769970357418060303e-01,2.192490845918655396e-01,1.372989892959594727e+00,-1.142581626772880554e-01,-1.311397105455398560e-01,9.602162241935729980e-02,1.456074118614196777e+00
-7.937675476074218750e+00,-2.051372051239013672e+00,6.661079525947570801e-01,-1.749753579497337341e-02,-3.350448980927467346e-02,-7.130902409553527832e-01,-7.000525593757629395e-01,-1.215612143278121948e-01,-3.387793898582458496e-02,3.383834660053253174e-01,3.234384953975677490e-01,-1.455098092555999756e-01,-6.015423219650983810e-03,-8.988206833600997925e-02,-5.925206094980239868e-02,6.006791442632675171e-02,6.474448367953300476e-03,1.066526398062705994e-02,-8.567363955080509186e-03,-5.650024116039276123e-02,8.929526805877685547e-02,1.788705438375473022e-01,2.164906710386276245e-01,1.372624158859252930e+00,-1.107480227947235107e-01,-1.220187097787857056e-01,9.421302378177642822e-02,1.457483649253845215e+00
-7.935285091400146484e+00,-2.050396680831909180e+00,6.656150817871093750e-01,-1.461630966514348984e-02,-2.989272214472293854e-02,-7.144664525985717773e-01,-6.988779902458190918e-01,-1.137451529502868652e-01,-4.961842671036720276e-02,3.235817253589630127e-01,2.861657738685607910e-01,-1.383839696645736694e-01,1.417370419949293137e-02,-8.085211366415023804e-02,-4.610972851514816284e-02,5.970572680234909058e-02,-2.597802589741293910e-19,-3.627013415098190308e-03,-1.311382465064525604e-02,-6.451573967933654785e-02,8.449784666299819946e-02,1.823232769966125488e-01,2.144947946071624756e-01,1.373024344444274902e+00,-1.062191352248191833e-01,-1.130067110061645508e-01,9.396192431449890137e-02,1.458377838134765625e+00
-7.933859348297119141e+00,-2.048799276351928711e+00,6.648130416870117188e-01,-1.093487441539764404e-02,-2.556180767714977264e-02,-7.153040766716003418e-01,-6.982600688934326172e-01,-1.055358126759529114e-01,-5.217396095395088196e-02,3.149006366729736328e-01,2.558010816574096680e-01,-1.260459274053573608e-01,2.469599433243274689e-02,-7.355306297540664673e-02,-3.063978999853134155e-02,6.263913214206695557e-02,-6.730503429560086376e-19,-2.393354475498199463e-02,-1.703251339495182037e-02,-6.993176788091659546e-02,7.957841455936431885e-02,1.875426024198532104e-01,2.129555493593215942e-01,1.373112797737121582e+00,-1.014090850949287415e-01,-1.048035249114036560e-01,9.411672502756118774e-02,1.459555029869079590e+00
-7.930224418640136719e+00,-2.045706748962402344e+00,6.635846495628356934e-01,-6.446249783039093018e-03,-2.089387178421020508e-02,-7.138783931732177734e-01,-6.999282836914062500e-01,-9.527374058961868286e-02,-4.159315675497055054e-02,3.183034956455230713e-01,2.321017235517501831e-01,-1.179386004805564880e-01,2.429791167378425598e-02,-6.544420868158340454e-02,-1.121020503342151642e-02,7.453992217779159546e-02,-2.387949259405548950e-20,-4.939540103077888489e-02,-2.308924868702888489e-02,-7.019985467195510864e-02,7.373641431331634521e-02,1.939920932054519653e-01,2.100431770086288452e-01,1.371209502220153809e+00,-9.747137874364852905e-02,-9.866078943014144897e-02,9.551446139812469482e-02,1.459270000457763672e+00
-7.926756381988525391e+00,-2.043252229690551758e+00,6.624262332916259766e-01,-2.525360323488712311e-03,-1.735579967498779297e-02,-7.114006280899047852e-01,-7.025678157806396484e-01,-8.885069191455841064e-02,-2.710960991680622101e-02,3.255408704280853271e-01,2.213877886533737183e-01,-1.175140738487243652e-01,1.932703889906406403e-02,-7.895833253860473633e-02,8.609606884419918060e-03,8.951482176780700684e-02,4.426202923059463501e-02,-9.593489021062850952e-02,-3.016924299299716949e-02,-7.237856835126876831e-02,7.004848122596740723e-02,1.978547573089599609e-01,2.113085687160491943e-01,1.369343400001525879e+00,-9.545017778873443604e-02,-9.611756354570388794e-02,1.003546342253684998e-01,1.458432912826538086e+00
-7.921933650970458984e+00,-2.042132854461669922e+00,6.612317562103271484e-01,2.259640954434871674e-03,-1.365331467241048813e-02,-7.082310318946838379e-01,-7.058450579643249512e-01,-8.990602940320968628e-02,-7.490292657166719437e-03,3.349121510982513428e-01,2.253361791372299194e-01,-1.245175525546073914e-01,1.286356430500745773e-02,-1.232215389609336853e-01,2.966308780014514923e-02,9.663612395524978638e-02,1.466945707798004150e-01,-1.668902188539505005e-01,-8.245922625064849854e-03,-7.947282493114471436e-02,7.072467356920242310e-02,2.016581743955612183e-01,2.135281264781951904e-01,1.366456866264343262e+00,-9.393527358770370483e-02,-9.346535056829452515e-02,1.045062467455863953e-01,1.456827640533447266e+00
-7.917888641357421875e+00,-2.042084217071533203e+00,6.605412364006042480e-01,7.365209516137838364e-03,-9.402696974575519562e-03,-7.051080465316772461e-01,-7.089993357658386230e-01,-9.155298024415969849e-02,1.280742790549993515e-02,3.431771397590637207e-01,2.301901131868362427e-01,-1.302288025617599487e-01,7.016908843070268631e-03,-1.678152531385421753e-01,4.280620440840721130e-02,8.868804574012756348e-02,2.434489130973815918e-01,-2.250379025936126709e-01,6.861504167318344116e-02,-8.312223851680755615e-02,6.730421632528305054e-02,2.099354118108749390e-01,1.991725414991378784e-01,1.367708206176757812e+00,-8.966266363859176636e-02,-8.992261439561843872e-02,1.008719950914382935e-01,1.455019474029541016e+00
-7.915130138397216797e+00,-2.041900634765625000e+00,6.608061790466308594e-01,1.161595340818166733e-02,-5.181077402085065842e-03,-7.025501728057861328e-01,-7.115205526351928711e-01,-8.762743324041366577e-02,2.886006794869899750e-02,3.494833707809448242e-01,2.255459874868392944e-01,-1.309747546911239624e-01,2.631706185638904572e-03,-2.060886621475219727e-01,4.759841784834861755e-02,8.120576292276382446e-02,3.270042240619659424e-01,-2.650320231914520264e-01,1.365301758050918579e-01,-8.549266308546066284e-02,5.894898250699043274e-02,2.188481539487838745e-01,1.755131632089614868e-01,1.376736640930175781e+00,-8.479848504066467285e-02,-8.725351095199584961e-02,9.692958742380142212e-02,1.454634189605712891e+00
-7.914232254028320312e+00,-2.041601181030273438e+00,6.618430018424987793e-01,1.462979987263679504e-02,-1.559617929160594940e-03,-7.007473707199096680e-01,-7.132577896118164062e-01,-7.917017489671707153e-02,3.942750021815299988e-02,3.537676334381103516e-01,2.126410752534866333e-01,-1.269829273223876953e-01,-6.316709332168102264e-04,-2.374582290649414062e-01,4.603213816881179810e-02,8.103932440280914307e-02,4.007892310619354248e-01,-2.936066389083862305e-01,1.667591482400894165e-01,-8.725106716156005859e-02,4.989738017320632935e-02,2.255482971668243408e-01,1.554155796766281128e-01,1.389955759048461914e+00,-8.002675324678421021e-02,-8.685540407896041870e-02,9.390043467283248901e-02,1.455624580383300781e+00
-7.912871360778808594e+00,-2.040353775024414062e+00,6.631767749786376953e-01,1.671729423105716705e-02,1.689913566224277020e-03,-6.998466849327087402e-01,-7.140954732894897461e-01,-6.558868288993835449e-02,4.686424136161804199e-02,3.570320308208465576e-01,1.914812624454498291e-01,-1.188270300626754761e-01,-4.397802054882049561e-03,-2.659986019134521484e-01,3.468417003750801086e-02,8.227177709341049194e-02,4.685419499874114990e-01,-3.098320364952087402e-01,1.633653044700622559e-01,-9.018346667289733887e-02,4.640308022499084473e-02,2.315835952758789062e-01,1.534894853830337524e-01,1.401882886886596680e+00,-7.470144331455230713e-02,-8.915868401527404785e-02,8.706442266702651978e-02,1.459668517112731934e+00
-7.910626888275146484e+00,-2.037948608398437500e+00,6.646812558174133301e-01,1.852341368794441223e-02,4.930770955979824066e-03,-7.007340192794799805e-01,-7.131651043891906738e-01,-4.899749904870986938e-02,5.427789315581321716e-02,3.566849231719970703e-01,1.658826470375061035e-01,-1.089183464646339417e-01,-9.646634571254253387e-03,-2.948392629623413086e-01,1.055556070059537888e-02,8.284499496221542358e-02,5.289350748062133789e-01,-3.141724467277526855e-01,1.458027362823486328e-01,-9.712912142276763916e-02,4.796577990055084229e-02,2.391048669815063477e-01,1.598301976919174194e-01,1.409706592559814453e+00,-6.918905675411224365e-02,-9.207107126712799072e-02,7.461231946945190430e-02,1.466244816780090332e+00
-7.907794952392578125e+00,-2.035046100616455078e+00,6.659422516822814941e-01,2.012555487453937531e-02,8.102458901703357697e-03,-7.028014659881591797e-01,-7.110550999641418457e-01,-3.304219990968704224e-02,6.197672337293624878e-02,3.530764579772949219e-01,1.421078592538833618e-01,-9.910676628351211548e-02,-1.566300354897975922e-02,-3.189165294170379639e-01,-2.273066714406013489e-02,9.142123162746429443e-02,5.714976191520690918e-01,-3.092044591903686523e-01,1.445762515068054199e-01,-1.061696112155914307e-01,5.154217034578323364e-02,2.482460439205169678e-01,1.657347083091735840e-01,1.414259672164916992e+00,-6.422155350446701050e-02,-9.677235782146453857e-02,5.865811929106712341e-02,1.475065946578979492e+00
-7.904120922088623047e+00,-2.031960964202880859e+00,6.667531728744506836e-01,2.139801159501075745e-02,1.082199811935424805e-02,-7.052968144416809082e-01,-7.085064649581909180e-01,-1.893675886094570160e-02,7.070031017065048218e-02,3.484053313732147217e-01,1.222125813364982605e-01,-9.081949293613433838e-02,-2.275836467742919922e-02,-3.355574309825897217e-01,-5.955276638269424438e-02,1.125126034021377563e-01,5.850453376770019531e-01,-2.816558778285980225e-01,1.673974841833114624e-01,-1.147185564041137695e-01,5.491359904408454895e-02,2.576612830162048340e-01,1.687606424093246460e-01,1.417453527450561523e+00,-5.802711844444274902e-02,-1.019952073693275452e-01,4.062803462147712708e-02,1.484938025474548340e+00
-7.900192260742187500e+00,-2.028347253799438477e+00,6.672955155372619629e-01,2.245027385652065277e-02,1.304268185049295425e-02,-7.074924111366271973e-01,-7.062438130378723145e-01,-4.473174456506967545e-03,7.931188493967056274e-02,3.439819216728210449e-01,1.033341959118843079e-01,-8.358365297317504883e-02,-3.099151514470577240e-02,-3.431057631969451904e-01,-9.507461637258529663e-02,1.414161026477813721e-01,5.720399022102355957e-01,-2.391768246889114380e-01,2.014991939067840576e-01,-1.196124404668807983e-01,5.667759850621223450e-02,2.653068900108337402e-01,1.707350909709930420e-01,1.422248482704162598e+00,-5.184570327401161194e-02,-1.070512980222702026e-01,2.043804712593555450e-02,1.496554970741271973e+00
-7.895211696624755859e+00,-2.024075031280517578e+00,6.674314141273498535e-01,2.316085621714591980e-02,1.478716637939214706e-02,-7.093753218650817871e-01,-7.042950391769409180e-01,1.060547493398189545e-02,8.851816505193710327e-02,3.399361670017242432e-01,8.522786945104598999e-02,-7.717255502939224243e-02,-4.105783626437187195e-02,-3.426963984966278076e-01,-1.305465102195739746e-01,1.702824532985687256e-01,5.414166450500488281e-01,-2.061036378145217896e-01,2.397201657295227051e-01,-1.217096149921417236e-01,5.705415830016136169e-02,2.704680860042572021e-01,1.728904694318771362e-01,1.430254220962524414e+00,-4.563917219638824463e-02,-1.108818501234054565e-01,7.463485817424952984e-04,1.508193373680114746e+00
-7.888721466064453125e+00,-2.019795894622802734e+00,6.673604249954223633e-01,2.357077412307262421e-02,1.622090488672256470e-02,-7.110769748687744141e-01,-7.025317549705505371e-01,2.424141950905323029e-02,1.002234965562820435e-01,3.365079164505004883e-01,7.007955014705657959e-02,-7.155440002679824829e-02,-5.352567508816719055e-02,-3.342563509941101074e-01,-1.644456237554550171e-01,1.968994289636611938e-01,4.966248571872711182e-01,-1.774437278509140015e-01,2.765275835990905762e-01,-1.213512420654296875e-01,5.647816509008407593e-02,2.742936015129089355e-01,1.779338717460632324e-01,1.441967725753784180e+00,-3.993061184883117676e-02,-1.134950146079063416e-01,-1.653954200446605682e-02,1.518860101699829102e+00
-7.880557537078857422e+00,-2.015651941299438477e+00,6.667577028274536133e-01,2.372668683528900146e-02,1.698915101587772369e-02,-7.127250432968139648e-01,-7.008362412452697754e-01,3.514695167541503906e-02,1.142447665333747864e-01,3.329931795597076416e-01,5.940841883420944214e-02,-6.666167080402374268e-02,-6.881676614284515381e-02,-3.217539191246032715e-01,-1.949265152215957642e-01,2.188993096351623535e-01,4.388617277145385742e-01,-1.360052078962326050e-01,3.053449988365173340e-01,-1.220553070306777954e-01,5.745596066117286682e-02,2.759218215942382812e-01,1.880452930927276611e-01,1.455353140830993652e+00,-3.497239947319030762e-02,-1.151028275489807129e-01,-2.896896190941333771e-02,1.526546001434326172e+00
-7.871012210845947266e+00,-2.011449575424194336e+00,6.658232808113098145e-01,2.360118180513381958e-02,1.724002510309219360e-02,-7.141990065574645996e-01,-6.993322372436523438e-01,4.441113397479057312e-02,1.304239630699157715e-01,3.291966319084167480e-01,5.249755829572677612e-02,-6.289593130350112915e-02,-8.655523508787155151e-02,-3.071632087230682373e-01,-2.209080457687377930e-01,2.290705740451812744e-01,3.832156062126159668e-01,-1.050853505730628967e-01,3.225244283676147461e-01,-1.250248551368713379e-01,6.076254695653915405e-02,2.754535079002380371e-01,2.012777626514434814e-01,1.469941616058349609e+00,-3.144583106040954590e-02,-1.148470640182495117e-01,-3.693943843245506287e-02,1.530309557914733887e+00
-7.856988430023193359e+00,-2.006174564361572266e+00,6.640359759330749512e-01,2.311300672590732574e-02,1.689600944519042969e-02,-7.157941460609436035e-01,-6.977241635322570801e-01,5.151332914829254150e-02,1.514777690172195435e-01,3.248211443424224854e-01,5.116046592593193054e-02,-6.088791415095329285e-02,-1.096641123294830322e-01,-2.896878123283386230e-01,-2.412166893482208252e-01,2.219494879245758057e-01,3.327050209045410156e-01,-8.727350831031799316e-02,3.291109204292297363e-01,-1.309378445148468018e-01,6.622668355703353882e-02,2.724849879741668701e-01,2.127046585083007812e-01,1.486818432807922363e+00,-3.066821396350860596e-02,-1.120012030005455017e-01,-3.925352171063423157e-02,1.530011773109436035e+00
-7.844010829925537109e+00,-2.001585245132446289e+00,6.618599891662597656e-01,2.208602055907249451e-02,1.608344353735446930e-02,-7.156457901000976562e-01,-6.979287862777709961e-01,5.938899144530296326e-02,1.714859008789062500e-01,3.258342146873474121e-01,5.082631483674049377e-02,-5.962878838181495667e-02,-1.333943456411361694e-01,-2.760166525840759277e-01,-2.517558932304382324e-01,2.134793251752853394e-01,2.926270365715026855e-01,-6.531167030334472656e-02,3.322701752185821533e-01,-1.339075416326522827e-01,7.139298319816589355e-02,2.683418393135070801e-01,2.193907648324966431e-01,1.502709507942199707e+00,-3.153976425528526306e-02,-1.081274524331092834e-01,-3.919298946857452393e-02,1.528434157371520996e+00
-7.829678058624267578e+00,-1.997226834297180176e+00,6.588730812072753906e-01,2.040770277380943298e-02,1.437713019549846649e-02,-7.129014730453491211e-01,-7.008197903633117676e-01,6.919772177934646606e-02,1.912044584751129150e-01,3.349091708660125732e-01,5.100816488265991211e-02,-5.847723409533500671e-02,-1.599467396736145020e-01,-2.699074447154998779e-01,-2.529544532299041748e-01,2.034345120191574097e-01,2.672813236713409424e-01,-4.373986646533012390e-02,3.308449983596801758e-01,-1.306128203868865967e-01,7.768736779689788818e-02,2.620556652545928955e-01,2.240840643644332886e-01,1.517459511756896973e+00,-3.441085293889045715e-02,-1.024596244096755981e-01,-3.803861886262893677e-02,1.525793433189392090e+00
-7.813455104827880859e+00,-1.993318319320678711e+00,6.551368832588195801e-01,1.781349629163742065e-02,1.184882689267396927e-02,-7.078807353973388672e-01,-7.060078978538513184e-01,8.103643357753753662e-02,2.107504606246948242e-01,3.508864641189575195e-01,5.164683982729911804e-02,-5.619695782661437988e-02,-1.895710378885269165e-01,-2.719335556030273438e-01,-2.448682785034179688e-01,1.949575543403625488e-01,2.663450837135314941e-01,-4.466769471764564514e-02,3.194203078746795654e-01,-1.234617456793785095e-01,8.905981481075286865e-02,2.548004686832427979e-01,2.330774962902069092e-01,1.527783393859863281e+00,-4.028982296586036682e-02,-9.613177180290222168e-02,-3.385654091835021973e-02,1.522988915443420410e+00
-7.797882556915283203e+00,-1.990288138389587402e+00,6.511476039886474609e-01,1.474797353148460388e-02,8.509147912263870239e-03,-7.021329998970031738e-01,-7.118422389030456543e-01,9.277722984552383423e-02,2.290816903114318848e-01,3.687455952167510986e-01,5.238045379519462585e-02,-5.300911515951156616e-02,-2.194634974002838135e-01,-2.788790464401245117e-01,-2.320900410413742065e-01,1.906536519527435303e-01,2.861510515213012695e-01,-6.859622150659561157e-02,3.008618354797363281e-01,-1.171637400984764099e-01,1.037424877285957336e-01,2.478208243846893311e-01,2.459975779056549072e-01,1.532991409301757812e+00,-4.867769777774810791e-02,-8.937990665435791016e-02,-2.706400863826274872e-02,1.521480202674865723e+00
-7.781039237976074219e+00,-1.987722635269165039e+00,6.465295553207397461e-01,1.103320531547069550e-02,4.736733157187700272e-03,-6.948884129524230957e-01,-7.190173864364624023e-01,1.061981767416000366e-01,2.464001476764678955e-01,3.903244435787200928e-01,5.274165049195289612e-02,-4.745445027947425842e-02,-2.506903707981109619e-01,-3.018723130226135254e-01,-2.084693610668182373e-01,2.000447362661361694e-01,3.368047475814819336e-01,-1.036351844668388367e-01,2.747887670993804932e-01,-1.103591173887252808e-01,1.219935268163681030e-01,2.432531863451004028e-01,2.648152410984039307e-01,1.532929539680480957e+00,-6.217250600457191467e-02,-8.053398877382278442e-02,-1.883910223841667175e-02,1.524221420288085938e+00
-7.763000011444091797e+00,-1.986128687858581543e+00,6.420413255691528320e-01,7.687725126743316650e-03,7.872763671912252903e-04,-6.889358162879943848e-01,-7.247811555862426758e-01,1.095474958419799805e-01,2.688565552234649658e-01,4.038977921009063721e-01,6.018497422337532043e-02,-2.501296997070312500e-02,-2.833980023860931396e-01,-3.315041065216064453e-01,-1.785435080528259277e-01,2.106740623712539673e-01,3.959142863750457764e-01,-1.286535263061523438e-01,2.439475059509277344e-01,-1.061909869313240051e-01,1.445689797401428223e-01,2.357314974069595337e-01,2.997061610221862793e-01,1.529075384140014648e+00,-7.299074530601501465e-02,-7.120463252067565918e-02,-8.030056022107601166e-03,1.524410843849182129e+00
-7.745460987091064453e+00,-1.984619736671447754e+00,6.394615173339843750e-01,5.357328336685895920e-03,-2.483838004991412163e-03,-6.867788434028625488e-01,-7.268424034118652344e-01,9.598477184772491455e-02,2.989513576030731201e-01,4.007509350776672363e-01,7.715504616498947144e-02,3.481390327215194702e-02,-3.167356550693511963e-01,-3.455772995948791504e-01,-1.520439982414245605e-01,2.081582397222518921e-01,4.299287199974060059e-01,-1.417746245861053467e-01,2.129669487476348877e-01,-1.061831414699554443e-01,1.688845753669738770e-01,2.253190428018569946e-01,3.424548506736755371e-01,1.517757058143615723e+00,-7.600349187850952148e-02,-6.302212178707122803e-02,2.485871082171797752e-03,1.516064524650573730e+00
-7.728415012359619141e+00,-1.983077287673950195e+00,6.387700438499450684e-01,3.782580373808741570e-03,-4.804844502359628677e-03,-6.893407702445983887e-01,-7.244114279747009277e-01,7.218880206346511841e-02,3.299626708030700684e-01,3.921549916267395020e-01,9.113389998674392700e-02,1.412210166454315186e-01,-3.504745364189147949e-01,-3.451636731624603271e-01,-1.305520385503768921e-01,1.918951123952865601e-01,4.437198340892791748e-01,-1.484957635402679443e-01,1.825983673334121704e-01,-1.089070960879325867e-01,1.766596287488937378e-01,2.153500914573669434e-01,3.529781997203826904e-01,1.508902668952941895e+00,-7.397648692131042480e-02,-5.614841356873512268e-02,1.206323504447937012e-02,1.506819248199462891e+00
-7.710594177246093750e+00,-1.981960773468017578e+00,6.403257846832275391e-01,2.225564327090978622e-03,-7.128675002604722977e-03,-6.931405663490295410e-01,-7.207637429237365723e-01,5.017380788922309875e-02,3.511255085468292236e-01,3.958895206451416016e-01,1.081076338887214661e-01,2.483489662408828735e-01,-3.490345776081085205e-01,-3.360395431518554688e-01,-1.105530261993408203e-01,1.724185645580291748e-01,4.365321397781372070e-01,-1.424791663885116577e-01,1.514327377080917358e-01,-1.077591329813003540e-01,1.640571951866149902e-01,2.052043527364730835e-01,3.234561979770660400e-01,1.503421783447265625e+00,-7.124862819910049438e-02,-5.106147751212120056e-02,2.690859138965606689e-02,1.503541707992553711e+00
-7.694465160369873047e+00,-1.980574488639831543e+00,6.439354419708251953e-01,-1.415653096046298742e-04,-1.040342357009649277e-02,-6.952284574508666992e-01,-7.187135219573974609e-01,3.658543527126312256e-02,3.598795533180236816e-01,4.343429207801818848e-01,1.402499079704284668e-01,2.871466875076293945e-01,-3.089672327041625977e-01,-3.184028863906860352e-01,-9.615187346935272217e-02,1.592972725629806519e-01,4.054984450340270996e-01,-1.237407699227333069e-01,1.236051395535469055e-01,-9.616043418645858765e-02,1.477511674165725708e-01,1.920460611581802368e-01,2.911735773086547852e-01,1.493804693222045898e+00,-6.806603819131851196e-02,-5.135867744684219360e-02,4.047453030943870544e-02,1.502781510353088379e+00
-7.681943416595458984e+00,-1.979075074195861816e+00,6.481182575225830078e-01,-2.432366367429494858e-03,-1.366900559514760971e-02,-6.961212158203125000e-01,-7.177900075912475586e-01,2.476002462208271027e-02,3.637101948261260986e-01,4.808931648731231689e-01,1.855536699295043945e-01,2.772524654865264893e-01,-2.658720314502716064e-01,-2.964927554130554199e-01,-8.517912775278091431e-02,1.499091088771820068e-01,3.632846176624298096e-01,-1.006893888115882874e-01,1.000271514058113098e-01,-8.074244111776351929e-02,1.347921192646026611e-01,1.787101030349731445e-01,2.690887451171875000e-01,1.480896234512329102e+00,-6.572511047124862671e-02,-5.513072013854980469e-02,5.223654955625534058e-02,1.503640055656433105e+00
-7.671182632446289062e+00,-1.977686762809753418e+00,6.520019769668579102e-01,-4.674119409173727036e-03,-1.653432287275791168e-02,-6.972588300704956055e-01,-7.166135311126708984e-01,3.062967676669359207e-03,3.638983070850372314e-01,5.010442137718200684e-01,2.442194670438766479e-01,2.475305646657943726e-01,-2.439479976892471313e-01,-2.724558115005493164e-01,-7.778958976268768311e-02,1.404484510421752930e-01,3.176448345184326172e-01,-7.734236866235733032e-02,8.034782856702804565e-02,-6.724970042705535889e-02,1.271577328443527222e-01,1.670813858509063721e-01,2.555143833160400391e-01,1.462228894233703613e+00,-6.569740921258926392e-02,-6.095867976546287537e-02,6.576709449291229248e-02,1.507221102714538574e+00
-7.662590503692626953e+00,-1.976354598999023438e+00,6.550706624984741211e-01,-6.511285901069641113e-03,-1.853043958544731140e-02,-6.992716193199157715e-01,-7.145861983299255371e-01,-2.972928062081336975e-02,3.564191460609436035e-01,4.822286069393157959e-01,3.050431013107299805e-01,2.169653922319412231e-01,-2.359562963247299194e-01,-2.486692667007446289e-01,-7.274550944566726685e-02,1.297581195831298828e-01,2.740473747253417969e-01,-5.653840675950050354e-02,6.487973034381866455e-02,-5.986504629254341125e-02,1.228990927338600159e-01,1.587307453155517578e-01,2.464683353900909424e-01,1.439210057258605957e+00,-6.897898763418197632e-02,-6.810700148344039917e-02,7.900455594062805176e-02,1.511392831802368164e+00
-7.655074119567871094e+00,-1.975397944450378418e+00,6.573175191879272461e-01,-7.739743217825889587e-03,-2.026139758527278900e-02,-7.022801637649536133e-01,-7.115702033042907715e-01,-7.186057418584823608e-02,3.342313766479492188e-01,4.261144697666168213e-01,3.610889315605163574e-01,1.869098991155624390e-01,-2.388320714235305786e-01,-2.280027419328689575e-01,-6.877370178699493408e-02,1.173792481422424316e-01,2.362404465675354004e-01,-3.870479762554168701e-02,5.185911431908607483e-02,-5.598954483866691589e-02,1.193041354417800903e-01,1.520644277334213257e-01,2.399393022060394287e-01,1.417062282562255859e+00,-7.136137038469314575e-02,-7.521476596593856812e-02,8.593028038740158081e-02,1.513430833816528320e+00
-7.648140907287597656e+00,-1.974601030349731445e+00,6.591023802757263184e-01,-8.758439682424068451e-03,-2.167623117566108704e-02,-7.055290341377258301e-01,-7.082952857017517090e-01,-1.107876822352409363e-01,3.010196685791015625e-01,3.670114576816558838e-01,4.063122868537902832e-01,1.554650813341140747e-01,-2.433519810438156128e-01,-2.093019485473632812e-01,-6.384574621915817261e-02,1.053505837917327881e-01,2.028533965349197388e-01,-2.472249045968055725e-02,3.974661976099014282e-02,-5.421509966254234314e-02,1.138814538717269897e-01,1.457628756761550903e-01,2.375497519969940186e-01,1.399269104003906250e+00,-7.257892191410064697e-02,-8.230654895305633545e-02,8.781749755144119263e-02,1.514398574829101562e+00
-7.641952991485595703e+00,-1.973798274993896484e+00,6.606425046920776367e-01,-9.830923750996589661e-03,-2.287263981997966766e-02,-7.082051634788513184e-01,-7.055675983428955078e-01,-1.397673189640045166e-01,2.608114778995513916e-01,3.301667571067810059e-01,4.390979409217834473e-01,1.168242171406745911e-01,-2.334727942943572998e-01,-1.922730654478073120e-01,-5.921172350645065308e-02,9.617408365011215210e-02,1.732594519853591919e-01,-1.368182245641946793e-02,2.838545478880405426e-02,-5.070490762591362000e-02,1.062155365943908691e-01,1.389262974262237549e-01,2.373119294643402100e-01,1.387340068817138672e+00,-7.406502217054367065e-02,-8.913618326187133789e-02,8.703127503395080566e-02,1.516712546348571777e+00
-7.636224746704101562e+00,-1.972809553146362305e+00,6.619906425476074219e-01,-1.074694376438856125e-02,-2.396133728325366974e-02,-7.105115056037902832e-01,-7.031953930854797363e-01,-1.585467159748077393e-01,2.158334404230117798e-01,3.130784928798675537e-01,4.586370289325714111e-01,7.176283746957778931e-02,-2.048402428627014160e-01,-1.753206700086593628e-01,-5.489948391914367676e-02,8.833720535039901733e-02,1.447490602731704712e-01,-5.576329771429300308e-03,1.875845901668071747e-02,-4.806417226791381836e-02,9.894363582134246826e-02,1.318713426589965820e-01,2.378411144018173218e-01,1.379699587821960449e+00,-7.549849897623062134e-02,-9.395179152488708496e-02,8.480450510978698730e-02,1.520567417144775391e+00
-7.632243633270263672e+00,-1.971967339515686035e+00,6.631379127502441406e-01,-1.138104591518640518e-02,-2.448160573840141296e-02,-7.121520638465881348e-01,-7.015058994293212891e-01,-1.657164245843887329e-01,1.707930266857147217e-01,3.109047114849090576e-01,4.628028571605682373e-01,2.595221996307373047e-02,-1.679196953773498535e-01,-1.600358486175537109e-01,-5.094217881560325623e-02,8.311236649751663208e-02,1.195973157882690430e-01,-1.273398171178996563e-03,1.136042643338441849e-02,-4.526333138346672058e-02,9.160905331373214722e-02,1.259595751762390137e-01,2.363943904638290405e-01,1.374940276145935059e+00,-7.647778838872909546e-02,-9.609935432672500610e-02,8.229316025972366333e-02,1.523992538452148438e+00
-7.628557205200195312e+00,-1.970574140548706055e+00,6.640307903289794922e-01,-1.162864919751882553e-02,-2.423178590834140778e-02,-7.128338217735290527e-01,-7.008177638053894043e-01,-1.616307049989700317e-01,1.240435838699340820e-01,3.229094147682189941e-01,4.493597149848937988e-01,-2.634364180266857147e-02,-1.243649497628211975e-01,-1.431472599506378174e-01,-4.581758007407188416e-02,8.160709589719772339e-02,9.427309781312942505e-02,-1.903463387861847878e-03,5.067941267043352127e-03,-4.161869361996650696e-02,8.334258943796157837e-02,1.207094341516494751e-01,2.305704951286315918e-01,1.371654152870178223e+00,-7.677485048770904541e-02,-9.589821100234985352e-02,8.117588609457015991e-02,1.526753902435302734e+00
-7.623632431030273438e+00,-1.968711018562316895e+00,6.643714308738708496e-01,-1.122871506959199905e-02,-2.315731346607208252e-02,-7.123749852180480957e-01,-7.013269662857055664e-01,-1.531808078289031982e-01,7.703787833452224731e-02,3.281310498714447021e-01,4.234461486339569092e-01,-8.460452407598495483e-02,-7.894157618284225464e-02,-1.285732537508010864e-01,-3.870335966348648071e-02,8.466739952564239502e-02,7.368274033069610596e-02,-7.009700406342744827e-03,-3.835281822830438614e-04,-3.802089393138885498e-02,7.723073661327362061e-02,1.179303526878356934e-01,2.230746448040008545e-01,1.368238925933837891e+00,-7.628269493579864502e-02,-9.228703379631042480e-02,8.206436783075332642e-02,1.527832746505737305e+00
-7.620608329772949219e+00,-1.967697381973266602e+00,6.645035147666931152e-01,-9.812622331082820892e-03,-2.117868512868881226e-02,-7.119995951652526855e-01,-7.017918229103088379e-01,-1.428598910570144653e-01,3.554989770054817200e-02,3.234694004058837891e-01,3.910380303859710693e-01,-1.354408264160156250e-01,-3.883260488510131836e-02,-1.155571043491363525e-01,-2.863223478198051453e-02,8.920577913522720337e-02,5.693981423974037170e-02,-1.699439622461795807e-02,-6.077698431909084320e-03,-3.809218853712081909e-02,7.340218871831893921e-02,1.163945943117141724e-01,2.167360782623291016e-01,1.365518450736999512e+00,-7.541073113679885864e-02,-8.676525950431823730e-02,8.334742486476898193e-02,1.526795864105224609e+00
-7.617963314056396484e+00,-1.966768622398376465e+00,6.641601324081420898e-01,-7.068787701427936554e-03,-1.792823337018489838e-02,-7.124417424201965332e-01,-7.014665603637695312e-01,-1.321750134229660034e-01,7.594604510813951492e-03,3.144042789936065674e-01,3.571499586105346680e-01,-1.619814038276672363e-01,-7.573724724352359772e-03,-1.049547940492630005e-01,-1.486517954617738724e-02,9.288188070058822632e-02,4.716831073164939880e-02,-3.429498523473739624e-02,-1.144110225141048431e-02,-4.407228901982307434e-02,7.132320106029510498e-02,1.179202944040298462e-01,2.132629305124282837e-01,1.364792466163635254e+00,-7.332003116607666016e-02,-7.920377701520919800e-02,8.483058959245681763e-02,1.522835254669189453e+00
-7.613615036010742188e+00,-1.963443875312805176e+00,6.627710461616516113e-01,-2.490491839125752449e-03,-1.338158361613750458e-02,-7.122670412063598633e-01,-7.017766237258911133e-01,-1.190832033753395081e-01,-3.142367815598845482e-03,3.112702369689941406e-01,3.175965845584869385e-01,-1.674494296312332153e-01,1.134518347680568695e-02,-1.041843444108963013e-01,6.954072974622249603e-03,1.010141447186470032e-01,6.872776895761489868e-02,-7.739438861608505249e-02,-1.949968561530113220e-02,-5.055953934788703918e-02,6.910602003335952759e-02,1.225434616208076477e-01,2.097553312778472900e-01,1.365422248840332031e+00,-6.876884400844573975e-02,-6.977999210357666016e-02,8.493964374065399170e-02,1.514390945434570312e+00
-7.608575344085693359e+00,-1.960253477096557617e+00,6.615679264068603516e-01,2.329288283362984657e-03,-9.396535344421863556e-03,-7.110142111778259277e-01,-7.031109929084777832e-01,-1.108326241374015808e-01,3.496735589578747749e-03,3.124967217445373535e-01,2.894924879074096680e-01,-1.627222746610641479e-01,1.481725554913282394e-02,-1.294128596782684326e-01,3.000339493155479431e-02,1.112167686223983765e-01,1.436265259981155396e-01,-1.456691026687622070e-01,-2.641439437866210938e-02,-5.985487625002861023e-02,6.593954563140869141e-02,1.264146864414215088e-01,2.086136937141418457e-01,1.370744824409484863e+00,-6.786023825407028198e-02,-6.353671103715896606e-02,8.870197087526321411e-02,1.507232666015625000e+00
-7.602536201477050781e+00,-1.958261489868164062e+00,6.603655219078063965e-01,6.426692008972167969e-03,-6.752221379429101944e-03,-7.098757028579711914e-01,-7.042652964591979980e-01,-1.096633747220039368e-01,1.805607602000236511e-02,3.142021298408508301e-01,2.777023315429687500e-01,-1.586063057184219360e-01,9.478199295699596405e-03,-1.709310859441757202e-01,4.933920130133628845e-02,1.120705604553222656e-01,2.459755539894104004e-01,-2.184070497751235962e-01,-2.028217539191246033e-03,-7.059074193239212036e-02,6.203670054674148560e-02,1.290108412504196167e-01,2.033552825450897217e-01,1.378245472908020020e+00,-6.725181639194488525e-02,-5.900682508945465088e-02,8.558019995689392090e-02,1.502824068069458008e+00
-7.596566677093505859e+00,-1.957350134849548340e+00,6.593477725982666016e-01,1.100302860140800476e-02,-4.294984508305788040e-03,-7.093619704246520996e-01,-7.047454118728637695e-01,-1.138450428843498230e-01,3.667920827865600586e-02,3.148165941238403320e-01,2.774704098701477051e-01,-1.588367223739624023e-01,2.000870415940880775e-03,-2.076850235462188721e-01,6.125869974493980408e-02,1.012726426124572754e-01,3.269740045070648193e-01,-2.680326402187347412e-01,7.556795328855514526e-02,-7.983458042144775391e-02,5.678799375891685486e-02,1.354454457759857178e-01,1.848342716693878174e-01,1.385906100273132324e+00,-6.310068070888519287e-02,-5.432786792516708374e-02,6.831759214401245117e-02,1.500715851783752441e+00
-7.590848922729492188e+00,-1.955983996391296387e+00,6.594824790954589844e-01,1.516966242343187332e-02,-1.764517859555780888e-03,-7.093096971511840820e-01,-7.047315835952758789e-01,-1.106874123215675354e-01,5.223840475082397461e-02,3.153468966484069824e-01,2.656451761722564697e-01,-1.534672528505325317e-01,-5.156693514436483383e-03,-2.395071536302566528e-01,6.406123936176300049e-02,9.923124313354492188e-02,3.974392414093017578e-01,-2.968946695327758789e-01,1.464011520147323608e-01,-8.433060348033905029e-02,4.269630834460258484e-02,1.465101242065429688e-01,1.493844389915466309e-01,1.403632402420043945e+00,-5.650246888399124146e-02,-5.155469849705696106e-02,4.728481546044349670e-02,1.500966310501098633e+00
-7.588302612304687500e+00,-1.954840064048767090e+00,6.602599024772644043e-01,1.788273639976978302e-02,1.497103075962513685e-04,-7.092897891998291016e-01,-7.046901583671569824e-01,-1.037368103861808777e-01,6.252644956111907959e-02,3.161863684654235840e-01,2.499347627162933350e-01,-1.463234275579452515e-01,-1.120234187692403793e-02,-2.651383876800537109e-01,6.126908212900161743e-02,1.011920496821403503e-01,4.557451903820037842e-01,-3.139209151268005371e-01,1.866800934076309204e-01,-8.630704879760742188e-02,2.915505878627300262e-02,1.548652648925781250e-01,1.218653321266174316e-01,1.424358963966369629e+00,-5.005563050508499146e-02,-5.111633613705635071e-02,3.334687277674674988e-02,1.503067493438720703e+00
-7.584115982055664062e+00,-1.951560020446777344e+00,6.614815592765808105e-01,1.919189654290676117e-02,2.332445699721574783e-03,-7.099222540855407715e-01,-7.040146589279174805e-01,-8.693587034940719604e-02,6.912174075841903687e-02,3.155037462711334229e-01,2.233039140701293945e-01,-1.361812353134155273e-01,-1.768699847161769867e-02,-2.950947880744934082e-01,3.634016215801239014e-02,9.585943818092346191e-02,5.236244201660156250e-01,-3.179172277450561523e-01,1.889461725950241089e-01,-8.852954208850860596e-02,2.067064121365547180e-02,1.602155268192291260e-01,1.227062866091728210e-01,1.447737693786621094e+00,-4.371067136526107788e-02,-5.546921864151954651e-02,2.000779844820499420e-02,1.512168645858764648e+00
-7.582491874694824219e+00,-1.948601841926574707e+00,6.628130674362182617e-01,2.013396285474300385e-02,4.219767637550830841e-03,-7.113484144210815430e-01,-7.025384306907653809e-01,-7.099185883998870850e-02,7.383611798286437988e-02,3.134114444255828857e-01,1.994557827711105347e-01,-1.273162066936492920e-01,-2.315075695514678955e-02,-3.202741146087646484e-01,7.925331592559814453e-03,9.119247645139694214e-02,5.787558555603027344e-01,-3.179242908954620361e-01,1.784267276525497437e-01,-9.231137484312057495e-02,1.755005866289138794e-02,1.662152856588363647e-01,1.325844079256057739e-01,1.464038133621215820e+00,-3.771916404366493225e-02,-6.014750152826309204e-02,2.414269372820854187e-03,1.522397279739379883e+00
-7.579836368560791016e+00,-1.944745421409606934e+00,6.639806628227233887e-01,2.093631960451602936e-02,6.371036637574434280e-03,-7.137489318847656250e-01,-7.000597119331359863e-01,-5.510229989886283875e-02,8.014176785945892334e-02,3.082799613475799561e-01,1.776633411645889282e-01,-1.191378980875015259e-01,-2.973584271967411041e-02,-3.416387438774108887e-01,-3.097992390394210815e-02,9.609465301036834717e-02,6.194062829017639160e-01,-3.088172674179077148e-01,1.724534630775451660e-01,-9.906648099422454834e-02,1.898598112165927887e-02,1.771206855773925781e-01,1.429437845945358276e-01,1.472271919250488281e+00,-3.167906776070594788e-02,-6.588149070739746094e-02,-2.270966954529285431e-02,1.534745573997497559e+00
-7.575796604156494141e+00,-1.940639138221740723e+00,6.646243929862976074e-01,2.143259346485137939e-02,8.111356757581233978e-03,-7.162827253341674805e-01,-6.974337697029113770e-01,-4.122918099164962769e-02,8.857610821723937988e-02,3.020395934581756592e-01,1.612151116132736206e-01,-1.130014285445213318e-01,-3.875540569424629211e-02,-3.542696237564086914e-01,-7.123658806085586548e-02,1.149446070194244385e-01,6.300478577613830566e-01,-2.713148593902587891e-01,1.865233629941940308e-01,-1.055034473538398743e-01,2.250028774142265320e-02,1.908497363328933716e-01,1.466392278671264648e-01,1.475345253944396973e+00,-2.513343468308448792e-02,-7.347904145717620850e-02,-4.758880287408828735e-02,1.545024871826171875e+00
-7.570147037506103516e+00,-1.936215996742248535e+00,6.647272706031799316e-01,2.147203870117664337e-02,9.440156631171703339e-03,-7.185286283493041992e-01,-6.951017379760742188e-01,-2.956698648631572723e-02,9.908650815486907959e-02,2.958270907402038574e-01,1.506313234567642212e-01,-1.096006408333778381e-01,-5.008850619196891785e-02,-3.553758859634399414e-01,-1.117214336991310120e-01,1.470860391855239868e-01,6.057119369506835938e-01,-2.091036140918731689e-01,2.184499949216842651e-01,-1.110948324203491211e-01,2.677602879703044891e-02,2.045265287160873413e-01,1.470485627651214600e-01,1.476449608802795410e+00,-1.835266686975955963e-02,-8.158211410045623779e-02,-6.734200567007064819e-02,1.551469802856445312e+00
-7.563133239746093750e+00,-1.931132793426513672e+00,6.644755005836486816e-01,2.112578228116035461e-02,1.040688529610633850e-02,-7.205976843833923340e-01,-6.929533481597900391e-01,-1.821353472769260406e-02,1.115088313817977905e-01,2.903111577033996582e-01,1.435882449150085449e-01,-1.081072613596916199e-01,-6.398101896047592163e-02,-3.479626178741455078e-01,-1.523643136024475098e-01,1.764403730630874634e-01,5.642699599266052246e-01,-1.580727994441986084e-01,2.564854621887207031e-01,-1.154477149248123169e-01,3.155261650681495667e-02,2.172113656997680664e-01,1.507349163293838501e-01,1.478993415832519531e+00,-1.088461838662624359e-02,-8.937887847423553467e-02,-8.350831270217895508e-02,1.553399324417114258e+00
-7.554574012756347656e+00,-1.925793051719665527e+00,6.637258529663085938e-01,2.054378204047679901e-02,1.088054571300745010e-02,-7.224765419960021973e-01,-6.910045146942138672e-01,-8.588119409978389740e-03,1.258882880210876465e-01,2.847460508346557617e-01,1.406648308038711548e-01,-1.086167097091674805e-01,-8.028960973024368286e-02,-3.349850177764892578e-01,-1.942230910062789917e-01,1.970485001802444458e-01,5.131179094314575195e-01,-1.167536601424217224e-01,2.835226655006408691e-01,-1.197835728526115417e-01,3.617594018578529358e-02,2.296959608793258667e-01,1.587480157613754272e-01,1.485008001327514648e+00,-2.977021038532257080e-03,-9.629961103200912476e-02,-9.727325290441513062e-02,1.553089141845703125e+00
-7.544884204864501953e+00,-1.920369029045104980e+00,6.627214550971984863e-01,1.990319788455963135e-02,1.115085091441869736e-02,-7.242900133132934570e-01,-6.891179084777832031e-01,-3.147379611618816853e-04,1.424494236707687378e-01,2.795984148979187012e-01,1.398007869720458984e-01,-1.095504090189933777e-01,-9.923771023750305176e-02,-3.209909498691558838e-01,-2.304959446191787720e-01,2.116322517395019531e-01,4.576900899410247803e-01,-6.290475279092788696e-02,2.738146185874938965e-01,-1.251517683267593384e-01,4.121773689985275269e-02,2.428986728191375732e-01,1.721765100955963135e-01,1.492831826210021973e+00,3.226658562198281288e-03,-1.017526984214782715e-01,-1.092848479747772217e-01,1.550932049751281738e+00
-7.531567573547363281e+00,-1.914353132247924805e+00,6.608529686927795410e-01,1.901596225798130035e-02,1.088356040418148041e-02,-7.254532575607299805e-01,-6.879225969314575195e-01,7.475181482732295990e-03,1.627576947212219238e-01,2.758839428424835205e-01,1.414922475814819336e-01,-1.113766431808471680e-01,-1.221171095967292786e-01,-3.029436171054840088e-01,-2.557348012924194336e-01,2.261989563703536987e-01,3.883651196956634521e-01,1.630057767033576965e-02,2.360838353633880615e-01,-1.303635090589523315e-01,4.819293320178985596e-02,2.579301595687866211e-01,1.892667263746261597e-01,1.500371456146240234e+00,7.962143048644065857e-03,-1.057158783078193665e-01,-1.191121786832809448e-01,1.547909021377563477e+00
-7.517586708068847656e+00,-1.908727288246154785e+00,6.581040620803833008e-01,1.777594164013862610e-02,1.012518163770437241e-02,-7.257388830184936523e-01,-6.876660585403442383e-01,1.359697617590427399e-02,1.851462423801422119e-01,2.747576236724853516e-01,1.472744494676589966e-01,-1.140508577227592468e-01,-1.477800905704498291e-01,-2.816009223461151123e-01,-2.720234394073486328e-01,2.313269525766372681e-01,3.252103626728057861e-01,6.242364645004272461e-02,2.352543920278549194e-01,-1.342144906520843506e-01,5.560025945305824280e-02,2.728016972541809082e-01,2.045170962810516357e-01,1.506684064865112305e+00,9.903407655656337738e-03,-1.087608411908149719e-01,-1.261797696352005005e-01,1.544893980026245117e+00
-7.503345966339111328e+00,-1.903933405876159668e+00,6.547902822494506836e-01,1.622452959418296814e-02,9.001885540783405304e-03,-7.247064113616943359e-01,-6.888079047203063965e-01,1.911503821611404419e-02,2.077718973159790039e-01,2.768416106700897217e-01,1.550856381654739380e-01,-1.172593012452125549e-01,-1.746304929256439209e-01,-2.647385895252227783e-01,-2.792861759662628174e-01,2.244014590978622437e-01,2.887040972709655762e-01,5.515439063310623169e-02,2.688838839530944824e-01,-1.349341571331024170e-01,6.390980631113052368e-02,2.863727211952209473e-01,2.172477245330810547e-01,1.510884284973144531e+00,9.168324060738086700e-03,-1.111057549715042114e-01,-1.301701068878173828e-01,1.542655587196350098e+00
-7.485468864440917969e+00,-1.899675607681274414e+00,6.505154967308044434e-01,1.406907103955745697e-02,6.920265499502420425e-03,-7.205262780189514160e-01,-6.932503581047058105e-01,2.795343659818172455e-02,2.332243919372558594e-01,2.876475155353546143e-01,1.593697369098663330e-01,-1.160326749086380005e-01,-2.067476809024810791e-01,-2.587647438049316406e-01,-2.742971181869506836e-01,2.077766954898834229e-01,2.942935228347778320e-01,-8.284524083137512207e-03,2.910646200180053711e-01,-1.293138563632965088e-01,7.494132220745086670e-02,3.007724881172180176e-01,2.366965413093566895e-01,1.514548778533935547e+00,4.624237306416034698e-03,-1.122378334403038025e-01,-1.318276971578598022e-01,1.539965629577636719e+00
-7.469446182250976562e+00,-1.896784663200378418e+00,6.464207172393798828e-01,1.196618936955928802e-02,4.702113568782806396e-03,-7.156324982643127441e-01,-6.983586549758911133e-01,3.870934247970581055e-02,2.561993002891540527e-01,3.012824356555938721e-01,1.571343988180160522e-01,-1.091639772057533264e-01,-2.374498695135116577e-01,-2.560324370861053467e-01,-2.608939707279205322e-01,1.950144469738006592e-01,3.141282200813293457e-01,-7.657600939273834229e-02,2.916956841945648193e-01,-1.219489425420761108e-01,8.749930560588836670e-02,3.138024806976318359e-01,2.604025304317474365e-01,1.516252160072326660e+00,-1.741541083902120590e-03,-1.123068630695343018e-01,-1.319018751382827759e-01,1.537418127059936523e+00
-7.451423645019531250e+00,-1.894386053085327148e+00,6.421751976013183594e-01,9.789533913135528564e-03,2.134868875145912170e-03,-7.100886106491088867e-01,-7.040410637855529785e-01,5.264309048652648926e-02,2.802367210388183594e-01,3.163722455501556396e-01,1.433175653219223022e-01,-8.511304855346679688e-02,-2.706919312477111816e-01,-2.633338868618011475e-01,-2.382133454084396362e-01,1.951493471860885620e-01,3.507976830005645752e-01,-1.345628201961517334e-01,2.767204046249389648e-01,-1.156660616397857666e-01,1.047502830624580383e-01,3.234312236309051514e-01,2.974773645401000977e-01,1.516014337539672852e+00,-1.406061928719282150e-02,-1.087317168712615967e-01,-1.232745051383972168e-01,1.537851691246032715e+00
-7.431857585906982422e+00,-1.893083572387695312e+00,6.391188502311706543e-01,7.958255708217620850e-03,-6.992537528276443481e-04,-7.062826752662658691e-01,-7.078848481178283691e-01,5.918769165873527527e-02,3.070063292980194092e-01,3.237120509147644043e-01,1.178986355662345886e-01,-1.242885738611221313e-02,-3.068089187145233154e-01,-2.807051539421081543e-01,-2.099751681089401245e-01,1.986014395952224731e-01,3.963217735290527344e-01,-1.732225716114044189e-01,2.532656490802764893e-01,-1.144685074687004089e-01,1.259136497974395752e-01,3.229375183582305908e-01,3.476709127426147461e-01,1.512996554374694824e+00,-3.005030751228332520e-02,-1.023036018013954163e-01,-1.034005135297775269e-01,1.540005445480346680e+00
-7.412712574005126953e+00,-1.891124606132507324e+00,6.382992267608642578e-01,6.592894904315471649e-03,-2.930210204795002937e-03,-7.063310742378234863e-01,-7.078448534011840820e-01,5.132613703608512878e-02,3.372968435287475586e-01,3.273651301860809326e-01,9.889227151870727539e-02,1.071512177586555481e-01,-3.451234996318817139e-01,-2.835977971553802490e-01,-1.835294216871261597e-01,1.911386251449584961e-01,4.192848205566406250e-01,-1.952344626188278198e-01,2.254730463027954102e-01,-1.189878061413764954e-01,1.437906324863433838e-01,3.115888237953186035e-01,3.918601870536804199e-01,1.507199883460998535e+00,-4.548196122050285339e-02,-9.233709424734115601e-02,-7.179719209671020508e-02,1.539507627487182617e+00
-7.393754005432128906e+00,-1.888786554336547852e+00,6.397929787635803223e-01,6.129655055701732635e-03,-4.201324190944433212e-03,-7.086397409439086914e-01,-7.055313587188720703e-01,3.480103611946105957e-02,3.666934967041015625e-01,3.536836802959442139e-01,1.018036380410194397e-01,2.366137504577636719e-01,-3.556966781616210938e-01,-2.697966694831848145e-01,-1.584156304597854614e-01,1.750623732805252075e-01,4.072526693344116211e-01,-1.928222030401229858e-01,1.956868320703506470e-01,-1.222366392612457275e-01,1.450080722570419312e-01,2.931582331657409668e-01,4.079740047454833984e-01,1.504144906997680664e+00,-5.843419954180717468e-02,-8.119010180234909058e-02,-3.648833930492401123e-02,1.537765622138977051e+00
-7.378235816955566406e+00,-1.887724518775939941e+00,6.427463889122009277e-01,5.313358269631862640e-03,-5.481520202010869980e-03,-7.099595665931701660e-01,-7.042011022567749023e-01,2.308392897248268127e-02,3.854901790618896484e-01,4.047342240810394287e-01,1.230859234929084778e-01,3.180965185165405273e-01,-3.225568830966949463e-01,-2.534813284873962402e-01,-1.374030560255050659e-01,1.638012826442718506e-01,3.779437541961669922e-01,-1.734710782766342163e-01,1.688750088214874268e-01,-1.190141364932060242e-01,1.341237276792526245e-01,2.733787596225738525e-01,3.974091410636901855e-01,1.500185251235961914e+00,-6.728661060333251953e-02,-7.236151397228240967e-02,-5.254662595689296722e-03,1.535659551620483398e+00
-7.363026142120361328e+00,-1.887338280677795410e+00,6.468634605407714844e-01,3.824880346655845642e-03,-7.767837494611740112e-03,-7.092543840408325195e-01,-7.048994898796081543e-01,1.803190261125564575e-02,3.887140154838562012e-01,4.737485051155090332e-01,1.629306972026824951e-01,3.326677083969116211e-01,-2.707998156547546387e-01,-2.361213117837905884e-01,-1.186615228652954102e-01,1.592812538146972656e-01,3.350892364978790283e-01,-1.429553031921386719e-01,1.428475379943847656e-01,-1.056760475039482117e-01,1.174680367112159729e-01,2.517499029636383057e-01,3.639136254787445068e-01,1.488196849822998047e+00,-7.240585237741470337e-02,-6.581100821495056152e-02,1.736845634877681732e-02,1.532429456710815430e+00
-7.349998474121093750e+00,-1.886924266815185547e+00,6.509269475936889648e-01,1.590608153492212296e-03,-1.077083218842744827e-02,-7.075661420822143555e-01,-7.065632343292236328e-01,9.103704243898391724e-03,3.783522248268127441e-01,5.182910561561584473e-01,2.206960022449493408e-01,2.962947785854339600e-01,-2.371806204319000244e-01,-2.189091444015502930e-01,-1.050303503870964050e-01,1.589048951864242554e-01,2.909150719642639160e-01,-1.127638816833496094e-01,1.201554834842681885e-01,-8.782052248716354370e-02,1.026023104786872864e-01,2.274226844310760498e-01,3.206932544708251953e-01,1.467617988586425781e+00,-7.610664516687393188e-02,-6.113542988896369934e-02,3.161970525979995728e-02,1.527569532394409180e+00
-7.339043140411376953e+00,-1.886718869209289551e+00,6.541919112205505371e-01,-3.489782102406024933e-04,-1.361867133527994156e-02,-7.064881324768066406e-01,-7.075937390327453613e-01,-1.906692236661911011e-02,3.604808747768402100e-01,5.058670639991760254e-01,2.911453247070312500e-01,2.499102950096130371e-01,-2.234390079975128174e-01,-2.032231688499450684e-01,-9.518712759017944336e-02,1.574092507362365723e-01,2.504568696022033691e-01,-8.549517393112182617e-02,1.013396084308624268e-01,-7.294820994138717651e-02,9.331445395946502686e-02,2.025319039821624756e-01,2.854942083358764648e-01,1.441401600837707520e+00,-8.074036240577697754e-02,-5.778398737311363220e-02,4.528085514903068542e-02,1.521993994712829590e+00
-7.330265998840332031e+00,-1.886890888214111328e+00,6.564971804618835449e-01,-2.238000743091106415e-03,-1.590405404567718506e-02,-7.063301205635070801e-01,-7.077003717422485352e-01,-6.593565642833709717e-02,3.314798176288604736e-01,4.444590806961059570e-01,3.664824366569519043e-01,2.042915672063827515e-01,-2.266570776700973511e-01,-1.904470175504684448e-01,-8.789250999689102173e-02,1.546691358089447021e-01,2.180536538362503052e-01,-6.241665408015251160e-02,8.623304963111877441e-02,-6.349568814039230347e-02,8.558923751115798950e-02,1.793027073144912720e-01,2.661603987216949463e-01,1.418332695960998535e+00,-8.759494125843048096e-02,-5.465151742100715637e-02,6.069086492061614990e-02,1.515815377235412598e+00
-7.322271823883056641e+00,-1.887188553810119629e+00,6.582683920860290527e-01,-3.454982303082942963e-03,-1.768615283071994781e-02,-7.070346474647521973e-01,-7.069492340087890625e-01,-1.166154295206069946e-01,2.901720404624938965e-01,3.745642006397247314e-01,4.351271390914916992e-01,1.537375301122665405e-01,-2.270805388689041138e-01,-1.792957782745361328e-01,-8.053974807262420654e-02,1.502630710601806641e-01,1.898538619279861450e-01,-4.202383384108543396e-02,7.267555594444274902e-02,-5.805979296565055847e-02,7.757585495710372925e-02,1.561836153268814087e-01,2.597974836826324463e-01,1.402682304382324219e+00,-9.441832453012466431e-02,-5.189375206828117371e-02,7.181928306818008423e-02,1.510091543197631836e+00
-7.315158367156982422e+00,-1.887485623359680176e+00,6.597164273262023926e-01,-4.453762900084257126e-03,-1.891647279262542725e-02,-7.091596722602844238e-01,-7.047799825668334961e-01,-1.611721068620681763e-01,2.430169433355331421e-01,3.187518119812011719e-01,4.925303757190704346e-01,9.599742293357849121e-02,-2.066342532634735107e-01,-1.678273528814315796e-01,-7.416686415672302246e-02,1.420332193374633789e-01,1.643210351467132568e-01,-2.504826709628105164e-02,6.065241992473602295e-02,-5.734736472368240356e-02,6.795220822095870972e-02,1.342737972736358643e-01,2.527998089790344238e-01,1.394072890281677246e+00,-9.914448112249374390e-02,-4.795661568641662598e-02,7.399473339319229126e-02,1.505297064781188965e+00
-7.308738231658935547e+00,-1.887718796730041504e+00,6.608952879905700684e-01,-4.932705312967300415e-03,-1.946427114307880402e-02,-7.116599082946777344e-01,-7.022371292114257812e-01,-1.938896924257278442e-01,1.942585706710815430e-01,2.887670397758483887e-01,5.336726307868957520e-01,3.555347770452499390e-02,-1.694998592138290405e-01,-1.565773189067840576e-01,-6.718492507934570312e-02,1.331382691860198975e-01,1.413139253854751587e-01,-1.025351416319608688e-02,4.975977167487144470e-02,-5.804122984409332275e-02,5.473873764276504517e-02,1.113699674606323242e-01,2.387252449989318848e-01,1.392031073570251465e+00,-1.016797348856925964e-01,-4.399890452623367310e-02,7.110277563333511353e-02,1.501960396766662598e+00
-7.302240371704101562e+00,-1.887581586837768555e+00,6.617654561996459961e-01,-5.118000786751508713e-03,-1.944880746304988861e-02,-7.142319083213806152e-01,-6.996201276779174805e-01,-2.112032473087310791e-01,1.422242373228073120e-01,2.793420553207397461e-01,5.495332479476928711e-01,-3.004932589828968048e-02,-1.213903054594993591e-01,-1.451010107994079590e-01,-5.991555750370025635e-02,1.248873993754386902e-01,1.180910170078277588e-01,4.456255119293928146e-03,3.973232209682464600e-02,-5.911453440785408020e-02,4.031639918684959412e-02,8.981495350599288940e-02,2.160408943891525269e-01,1.392582058906555176e+00,-1.029188185930252075e-01,-3.788269683718681335e-02,6.921972334384918213e-02,1.501607656478881836e+00
-7.298152923583984375e+00,-1.887555122375488281e+00,6.623901128768920898e-01,-4.777282010763883591e-03,-1.887174509465694427e-02,-7.160869240760803223e-01,-6.977396011352539062e-01,-2.164196968078613281e-01,9.653617441654205322e-02,2.781928479671478271e-01,5.476246476173400879e-01,-8.885388076305389404e-02,-7.608594745397567749e-02,-1.340221166610717773e-01,-5.271847918629646301e-02,1.183751001954078674e-01,9.634993970394134521e-02,1.744382642209529877e-02,3.203234449028968811e-02,-6.021456792950630188e-02,2.840750105679035187e-02,7.146554440259933472e-02,1.935759782791137695e-01,1.392409086227416992e+00,-1.036481633782386780e-01,-3.181949257850646973e-02,6.937719881534576416e-02,1.502868294715881348e+00
-7.293905735015869141e+00,-1.886452794075012207e+00,6.625568866729736328e-01,-3.539438592270016670e-03,-1.723910123109817505e-02,-7.168700695037841797e-01,-6.969845890998840332e-01,-2.077416926622390747e-01,5.725344642996788025e-02,2.947338819503784180e-01,5.264211893081665039e-01,-1.537603139877319336e-01,-3.200560435652732849e-02,-1.216684505343437195e-01,-4.349607601761817932e-02,1.141584515571594238e-01,7.392329722642898560e-02,2.922158502042293549e-02,2.518116682767868042e-02,-6.012890115380287170e-02,2.022454142570495605e-02,5.572896078228950500e-02,1.765169054269790649e-01,1.390216946601867676e+00,-1.024007871747016907e-01,-2.371794171631336212e-02,7.066511362791061401e-02,1.505210280418395996e+00
-7.290746212005615234e+00,-1.885314106941223145e+00,6.623100042343139648e-01,-1.800135243684053421e-03,-1.484614238142967224e-02,-7.170508503913879395e-01,-6.968604326248168945e-01,-1.907618939876556396e-01,2.692247368395328522e-02,3.135360777378082275e-01,4.894089400768280029e-01,-1.980091184377670288e-01,2.434139605611562729e-03,-1.116630882024765015e-01,-3.214990720152854919e-02,1.121040880680084229e-01,5.846675112843513489e-02,3.616621717810630798e-02,1.853075996041297913e-02,-6.074590981006622314e-02,1.661254838109016418e-02,4.482608661055564880e-02,1.664089858531951904e-01,1.387150287628173828e+00,-1.005885601043701172e-01,-1.563018374145030975e-02,7.259589433670043945e-02,1.507602453231811523e+00
-7.286188602447509766e+00,-1.883745551109313965e+00,6.609640121459960938e-01,2.018677769228816032e-03,-1.026043295860290527e-02,-7.162662744522094727e-01,-6.977487206459045410e-01,-1.653508692979812622e-01,8.674433454871177673e-03,3.329590559005737305e-01,4.281177818775177002e-01,-2.096029072999954224e-01,2.739153802394866943e-02,-1.122977137565612793e-01,-1.212521363049745560e-02,1.132575720548629761e-01,6.677231192588806152e-02,2.878123708069324493e-02,1.110857818275690079e-02,-6.329026818275451660e-02,1.624907553195953369e-02,4.115801304578781128e-02,1.593337208032608032e-01,1.384216666221618652e+00,-9.885121881961822510e-02,-5.724972113966941833e-03,7.975974678993225098e-02,1.508010387420654297e+00
-7.281841278076171875e+00,-1.882058739662170410e+00,6.596702933311462402e-01,6.944681983441114426e-03,-4.976054653525352478e-03,-7.140510082244873047e-01,-7.000415921211242676e-01,-1.402625292539596558e-01,5.420652218163013458e-03,3.501581251621246338e-01,3.693729341030120850e-01,-2.087675333023071289e-01,3.877005726099014282e-02,-1.269102841615676880e-01,1.289090700447559357e-02,1.194750368595123291e-01,1.062284409999847412e-01,1.078879693523049355e-03,2.943269908428192139e-03,-6.512783467769622803e-02,1.611382700502872467e-02,4.230248555541038513e-02,1.537888497114181519e-01,1.383901238441467285e+00,-9.949810057878494263e-02,3.303767880424857140e-03,9.072706848382949829e-02,1.508123755455017090e+00
-7.276658058166503906e+00,-1.881240963935852051e+00,6.585869193077087402e-01,1.173393707722425461e-02,-5.789730348624289036e-04,-7.130319476127624512e-01,-7.010330557823181152e-01,-1.290306448936462402e-01,1.448362693190574646e-02,3.581640720367431641e-01,3.403509259223937988e-01,-2.091163396835327148e-01,3.991416841745376587e-02,-1.565113514661788940e-01,3.836247324943542480e-02,1.234301179647445679e-01,1.757274270057678223e-01,-4.261989146471023560e-02,-5.368359386920928955e-03,-7.619209587574005127e-02,1.297086849808692932e-02,4.243782907724380493e-02,1.463742256164550781e-01,1.392970561981201172e+00,-1.037623435258865356e-01,9.444474242627620697e-03,9.751179069280624390e-02,1.513471722602844238e+00
-7.272898197174072266e+00,-1.881937623023986816e+00,6.576310396194458008e-01,1.451049279421567917e-02,1.545715727843344212e-03,-7.147474288940429688e-01,-6.992303729057312012e-01,-1.295797675848007202e-01,2.348261326551437378e-02,3.567636907100677490e-01,3.314587771892547607e-01,-2.089835703372955322e-01,3.783367574214935303e-02,-1.883506923913955688e-01,5.687993019819259644e-02,1.195616647601127625e-01,2.465570420026779175e-01,-8.473762869834899902e-02,-1.310678571462631226e-02,-9.215190261602401733e-02,8.319159038364887238e-03,3.905042633414268494e-02,1.312193274497985840e-01,1.406707286834716797e+00,-1.049502119421958923e-01,1.067407242953777313e-02,9.318568557500839233e-02,1.518626332283020020e+00
-7.269813537597656250e+00,-1.883034229278564453e+00,6.570577621459960938e-01,1.679076999425888062e-02,2.028971677646040916e-03,-7.220832705497741699e-01,-6.915993690490722656e-01,-1.357655972242355347e-01,2.629446052014827728e-02,3.390735387802124023e-01,3.209915459156036377e-01,-2.004299610853195190e-01,3.779243677854537964e-02,-2.136017233133316040e-01,6.427496671676635742e-02,1.002943664789199829e-01,3.031302690505981445e-01,-1.204855889081954956e-01,-1.755750924348831177e-02,-1.128919646143913269e-01,-3.403375158086419106e-03,3.475377708673477173e-02,8.997090160846710205e-02,1.426362633705139160e+00,-9.538106620311737061e-02,5.308717489242553711e-03,6.991977244615554810e-02,1.515678167343139648e+00
-7.267717361450195312e+00,-1.883902907371520996e+00,6.576576828956604004e-01,1.902025379240512848e-02,3.115171100944280624e-03,-7.278304696083068848e-01,-6.854861974716186523e-01,-1.354044377803802490e-01,2.979518473148345947e-02,3.243537843227386475e-01,3.011640906333923340e-01,-1.858889907598495483e-01,3.624040260910987854e-02,-2.323795557022094727e-01,6.783796846866607666e-02,9.021338075399398804e-02,3.482213318347930908e-01,-1.503618806600570679e-01,-1.699050515890121460e-02,-1.257505714893341064e-01,-1.592511869966983795e-02,3.475587069988250732e-02,5.052754282951354980e-02,1.450335621833801270e+00,-8.528911322355270386e-02,1.108949887566268444e-03,5.760902911424636841e-02,1.511110544204711914e+00
-7.264762878417968750e+00,-1.884107470512390137e+00,6.589661240577697754e-01,2.144005522131919861e-02,5.174929276108741760e-03,-7.312449812889099121e-01,-6.817582845687866211e-01,-1.296636760234832764e-01,3.662269935011863708e-02,3.148754239082336426e-01,2.777845263481140137e-01,-1.701799780130386353e-01,3.287261351943016052e-02,-2.473342567682266235e-01,6.828677654266357422e-02,8.656358718872070312e-02,3.858553469181060791e-01,-1.723552644252777100e-01,-1.079698000103235245e-02,-1.315456628799438477e-01,-2.554819732904434204e-02,3.774651139974594116e-02,3.052869625389575958e-02,1.476617455482482910e+00,-7.595309615135192871e-02,-4.291616380214691162e-03,6.407114863395690918e-02,1.504946231842041016e+00
-7.262040138244628906e+00,-1.882978677749633789e+00,6.605940461158752441e-01,2.389394305646419525e-02,7.805452682077884674e-03,-7.341445684432983398e-01,-6.785277128219604492e-01,-1.190868690609931946e-01,4.437210410833358765e-02,3.068869709968566895e-01,2.502525150775909424e-01,-1.540839225053787231e-01,2.786114625632762909e-02,-2.586266100406646729e-01,5.907935649156570435e-02,8.034469187259674072e-02,4.101549983024597168e-01,-1.786186099052429199e-01,5.089452024549245834e-03,-1.353785544633865356e-01,-2.651411481201648712e-02,4.414213076233863831e-02,3.651813790202140808e-02,1.495652437210083008e+00,-6.446796655654907227e-02,-1.080270018428564072e-02,6.805110722780227661e-02,1.498298287391662598e+00
-7.258287906646728516e+00,-1.880647063255310059e+00,6.623396873474121094e-01,2.640983089804649353e-02,1.097091101109981537e-02,-7.367755770683288574e-01,-6.755323410034179688e-01,-1.033486947417259216e-01,5.377299711108207703e-02,2.999631762504577637e-01,2.171195745468139648e-01,-1.358958631753921509e-01,2.157207950949668884e-02,-2.673327326774597168e-01,4.122906923294067383e-02,7.824704796075820923e-02,4.231514930725097656e-01,-1.766327172517776489e-01,3.086883760988712311e-02,-1.391925811767578125e-01,-1.998876407742500305e-02,5.536117777228355408e-02,5.251947045326232910e-02,1.504484653472900391e+00,-5.035250633955001831e-02,-2.109717205166816711e-02,5.454720184206962585e-02,1.494930624961853027e+00
-7.254806518554687500e+00,-1.878124117851257324e+00,6.638405323028564453e-01,2.837854623794555664e-02,1.370919216424226761e-02,-7.390506267547607422e-01,-6.729122400283813477e-01,-8.895867317914962769e-02,6.361493468284606934e-02,2.938907444477081299e-01,1.895430684089660645e-01,-1.212563663721084595e-01,1.429434213787317276e-02,-2.727578282356262207e-01,1.766688376665115356e-02,8.515939861536026001e-02,4.255767166614532471e-01,-1.702980250120162964e-01,6.227644905447959900e-02,-1.431755721569061279e-01,-1.109234616160392761e-02,6.711467355489730835e-02,6.378865987062454224e-02,1.507220983505249023e+00,-3.827279806137084961e-02,-3.194128721952438354e-02,3.600930795073509216e-02,1.495239377021789551e+00
-7.249579906463623047e+00,-1.874794125556945801e+00,6.648486256599426270e-01,2.958737127482891083e-02,1.616234704852104187e-02,-7.410376667976379395e-01,-6.706165075302124023e-01,-7.534951716661453247e-02,7.458718866109848022e-02,2.887580990791320801e-01,1.681296527385711670e-01,-1.095816120505332947e-01,4.842008464038372040e-03,-2.707141935825347900e-01,-1.345729548484086990e-02,9.939400851726531982e-02,4.123634397983551025e-01,-1.521953046321868896e-01,1.006751954555511475e-01,-1.457531750202178955e-01,-2.877786391763947904e-05,8.037325739860534668e-02,6.892395019531250000e-02,1.506175756454467773e+00,-2.538715116679668427e-02,-4.468138143420219421e-02,1.226448453962802887e-02,1.498912334442138672e+00
-7.244661331176757812e+00,-1.870774984359741211e+00,6.656033396720886230e-01,3.026861324906349182e-02,1.801653020083904266e-02,-7.420485019683837891e-01,-6.694200634956359863e-01,-6.244629621505737305e-02,8.551354706287384033e-02,2.867629528045654297e-01,1.530859619379043579e-01,-1.023208796977996826e-01,-5.494447425007820129e-03,-2.642242908477783203e-01,-4.817939177155494690e-02,1.172284856438636780e-01,3.846186697483062744e-01,-1.228595674037933350e-01,1.414661407470703125e-01,-1.450371146202087402e-01,1.139105390757322311e-02,9.334017336368560791e-02,7.543732225894927979e-02,1.504619956016540527e+00,-1.334301009774208069e-02,-5.633257329463958740e-02,-1.103401836007833481e-02,1.503252744674682617e+00
-7.240252971649169922e+00,-1.866873979568481445e+00,6.660534143447875977e-01,3.077927976846694946e-02,1.947896927595138550e-02,-7.425371408462524414e-01,-6.688137054443359375e-01,-5.160340294241905212e-02,9.608799964189529419e-02,2.860098481178283691e-01,1.434302031993865967e-01,-9.838725626468658447e-02,-1.571756042540073395e-02,-2.548886537551879883e-01,-8.194223046302795410e-02,1.330522298812866211e-01,3.521541655063629150e-01,-9.588964283466339111e-02,1.796527802944183350e-01,-1.436191797256469727e-01,2.301063761115074158e-02,1.046647056937217712e-01,8.677860349416732788e-02,1.505151867866516113e+00,-3.232366172596812248e-03,-6.851574778556823730e-02,-2.953446842730045319e-02,1.508013606071472168e+00
-7.234494209289550781e+00,-1.862497687339782715e+00,6.661805510520935059e-01,3.080567717552185059e-02,2.043489739298820496e-02,-7.418779730796813965e-01,-6.695151329040527344e-01,-4.061809554696083069e-02,1.077074334025382996e-01,2.896858453750610352e-01,1.365946978330612183e-01,-9.622904658317565918e-02,-2.837524376809597015e-02,-2.436124235391616821e-01,-1.188846230506896973e-01,1.467697471380233765e-01,3.126659691333770752e-01,-6.576340645551681519e-02,2.185789048671722412e-01,-1.401166766881942749e-01,3.496116772294044495e-02,1.166447028517723083e-01,1.025296971201896667e-01,1.507838845252990723e+00,4.198736511170864105e-03,-7.992236316204071045e-02,-4.311865568161010742e-02,1.512870311737060547e+00
-7.228105545043945312e+00,-1.858116030693054199e+00,6.660830974578857422e-01,3.068252094089984894e-02,2.103559114038944244e-02,-7.398878335952758789e-01,-6.717008948326110840e-01,-2.759335003793239594e-02,1.197072118520736694e-01,2.979179024696350098e-01,1.279999017715454102e-01,-9.412017464637756348e-02,-4.239714518189430237e-02,-2.323244214057922363e-01,-1.542693674564361572e-01,1.568660885095596313e-01,2.712919712066650391e-01,-3.025300800800323486e-02,2.507611215114593506e-01,-1.341742277145385742e-01,4.646679013967514038e-02,1.293541640043258667e-01,1.173529401421546936e-01,1.511023640632629395e+00,9.989691898226737976e-03,-9.111879765987396240e-02,-5.500842258334159851e-02,1.517164707183837891e+00
-7.217788219451904297e+00,-1.852334856986999512e+00,6.655780673027038574e-01,3.003821335732936859e-02,2.130384556949138641e-02,-7.362474799156188965e-01,-6.757096052169799805e-01,-1.039530336856842041e-02,1.340501159429550171e-01,3.103545606136322021e-01,1.176507398486137390e-01,-9.170101583003997803e-02,-6.096158176660537720e-02,-2.252739071846008301e-01,-1.915460973978042603e-01,1.542246490716934204e-01,2.388541847467422485e-01,-5.371358245611190796e-03,2.608821392059326172e-01,-1.264256685972213745e-01,6.005012989044189453e-02,1.435543596744537354e-01,1.326497942209243774e-01,1.513500690460205078e+00,1.323912944644689560e-02,-1.030265539884567261e-01,-6.465517729520797729e-02,1.519132614135742188e+00
-7.210413932800292969e+00,-1.847922682762145996e+00,6.651707291603088379e-01,2.935378625988960266e-02,2.115894667804241180e-02,-7.328234314918518066e-01,-6.794559955596923828e-01,3.252991475164890289e-03,1.462401747703552246e-01,3.218116164207458496e-01,1.111034825444221497e-01,-9.101530909538269043e-02,-7.731615006923675537e-02,-2.207913100719451904e-01,-2.212345898151397705e-01,1.459614187479019165e-01,2.169794887304306030e-01,9.056673385202884674e-03,2.594474852085113525e-01,-1.204177886247634888e-01,7.260202616453170776e-02,1.549667268991470337e-01,1.466861963272094727e-01,1.515289902687072754e+00,1.378512382507324219e-02,-1.133640632033348083e-01,-7.042372226715087891e-02,1.519672870635986328e+00
-7.200685977935791016e+00,-1.843187928199768066e+00,6.642925143241882324e-01,2.853603288531303406e-02,2.074788324534893036e-02,-7.295016050338745117e-01,-6.830685138702392578e-01,1.444834005087614059e-02,1.618166565895080566e-01,3.319583833217620850e-01,1.108139231801033020e-01,-9.262476861476898193e-02,-9.686109423637390137e-02,-2.170941084623336792e-01,-2.467983514070510864e-01,1.303087621927261353e-01,2.000191658735275269e-01,2.519674040377140045e-02,2.411774992942810059e-01,-1.182344481348991394e-01,8.584841340780258179e-02,1.664908230304718018e-01,1.612701267004013062e-01,1.516489982604980469e+00,1.104014087468385696e-02,-1.225480660796165466e-01,-7.262943685054779053e-02,1.517650961875915527e+00
-7.187811851501464844e+00,-1.837842941284179688e+00,6.624476313591003418e-01,2.762511558830738068e-02,1.983337104320526123e-02,-7.254689931869506836e-01,-6.874141693115234375e-01,2.538961730897426605e-02,1.810099333524703979e-01,3.444614708423614502e-01,1.139274388551712036e-01,-9.583840519189834595e-02,-1.205034926533699036e-01,-2.174466401338577271e-01,-2.635701000690460205e-01,1.200583130121231079e-01,1.882066726684570312e-01,5.070273950695991516e-02,2.201932668685913086e-01,-1.166158467531204224e-01,9.734454005956649780e-02,1.799167841672897339e-01,1.711630523204803467e-01,1.519098520278930664e+00,7.031413260847330093e-03,-1.307738274335861206e-01,-7.732753455638885498e-02,1.513096690177917480e+00
-7.175311565399169922e+00,-1.832973837852478027e+00,6.599624156951904297e-01,2.641906775534152985e-02,1.870375871658325195e-02,-7.210740447044372559e-01,-6.921014785766601562e-01,3.579548746347427368e-02,2.008204460144042969e-01,3.581641614437103271e-01,1.183583289384841919e-01,-9.835984557867050171e-02,-1.454708874225616455e-01,-2.190928757190704346e-01,-2.713614106178283691e-01,1.134155392646789551e-01,1.824996024370193481e-01,6.755758821964263916e-02,2.244005203247070312e-01,-1.133014559745788574e-01,1.052042618393898010e-01,1.919535547494888306e-01,1.751778125762939453e-01,1.522827148437500000e+00,3.647591685876250267e-03,-1.378911882638931274e-01,-8.421862870454788208e-02,1.507737040519714355e+00
-7.157849788665771484e+00,-1.827999830245971680e+00,6.558603048324584961e-01,2.446917258203029633e-02,1.675256155431270599e-02,-7.151610255241394043e-01,-6.983303427696228027e-01,4.779425635933876038e-02,2.250911742448806763e-01,3.761209845542907715e-01,1.234978958964347839e-01,-9.843161702156066895e-02,-1.772789955139160156e-01,-2.217352837324142456e-01,-2.692980170249938965e-01,8.962183445692062378e-02,1.950064748525619507e-01,4.387347772717475891e-02,2.571154236793518066e-01,-1.063515245914459229e-01,1.112740263342857361e-01,2.051888555288314819e-01,1.800942420959472656e-01,1.527130365371704102e+00,-3.996498999185860157e-04,-1.444700211286544800e-01,-9.094309061765670776e-02,1.499943852424621582e+00
-7.139554977416992188e+00,-1.823933720588684082e+00,6.515048742294311523e-01,2.184660360217094421e-02,1.421700417995452881e-02,-7.093716859817504883e-01,-7.043524980545043945e-01,6.070606783032417297e-02,2.489913851022720337e-01,3.936508893966674805e-01,1.250714212656021118e-01,-9.365892410278320312e-02,-2.105005383491516113e-01,-2.250742614269256592e-01,-2.595447301864624023e-01,6.733811646699905396e-02,2.229509055614471436e-01,-4.606363363564014435e-03,2.725442945957183838e-01,-9.901206195354461670e-02,1.170515567064285278e-01,2.201546132564544678e-01,1.882786899805068970e-01,1.529434084892272949e+00,-5.782680120319128036e-03,-1.504434645175933838e-01,-9.251748770475387573e-02,1.491114139556884766e+00
-7.122828006744384766e+00,-1.821152329444885254e+00,6.473061442375183105e-01,1.898450776934623718e-02,1.157455425709486008e-02,-7.039480209350585938e-01,-7.099033594131469727e-01,7.357479631900787354e-02,2.700400650501251221e-01,4.093549549579620361e-01,1.213553175330162048e-01,-8.278697729110717773e-02,-2.416109740734100342e-01,-2.324791550636291504e-01,-2.451511174440383911e-01,5.813118815422058105e-02,2.623031735420227051e-01,-5.849434435367584229e-02,2.692332267761230469e-01,-9.218388050794601440e-02,1.206239461898803711e-01,2.368662655353546143e-01,1.996014565229415894e-01,1.530997753143310547e+00,-1.336707733571529388e-02,-1.541983038187026978e-01,-8.903618901968002319e-02,1.484010457992553711e+00
-7.103486061096191406e+00,-1.819592475891113281e+00,6.430931091308593750e-01,1.688885688781738281e-02,9.225989691913127899e-03,-6.983353495597839355e-01,-7.155119776725769043e-01,8.161807805299758911e-02,2.982937097549438477e-01,4.214524626731872559e-01,1.166865900158882141e-01,-5.076030269265174866e-02,-2.766852378845214844e-01,-2.502822577953338623e-01,-2.202247232198715210e-01,6.176198273897171021e-02,3.106153905391693115e-01,-9.876527637243270874e-02,2.508295476436614990e-01,-8.450026810169219971e-02,1.241274476051330566e-01,2.526250183582305908e-01,2.283425480127334595e-01,1.533666729927062988e+00,-2.459859475493431091e-02,-1.520518362522125244e-01,-7.702531665563583374e-02,1.482365489006042480e+00
-7.084436416625976562e+00,-1.817843317985534668e+00,6.408188343048095703e-01,1.572356373071670532e-02,6.960218306630849838e-03,-6.962967514991760254e-01,-7.175480127334594727e-01,7.408346235752105713e-02,3.315558731555938721e-01,4.192883074283599854e-01,1.148924753069877625e-01,2.512319199740886688e-02,-3.119344413280487061e-01,-2.577883005142211914e-01,-1.944151222705841064e-01,5.628516152501106262e-02,3.387372791767120361e-01,-1.212464198470115662e-01,2.262189984321594238e-01,-8.256347477436065674e-02,1.355540305376052856e-01,2.604496777057647705e-01,2.718373537063598633e-01,1.526145458221435547e+00,-3.458480536937713623e-02,-1.445098519325256348e-01,-5.384055897593498230e-02,1.476978421211242676e+00
-7.066160678863525391e+00,-1.815094828605651855e+00,6.411690115928649902e-01,1.504408940672874451e-02,5.547832231968641281e-03,-6.979795098304748535e-01,-7.159382104873657227e-01,5.267877131700515747e-02,3.655122518539428711e-01,4.129440784454345703e-01,1.217638403177261353e-01,1.376047730445861816e-01,-3.444179892539978027e-01,-2.476394772529602051e-01,-1.702198237180709839e-01,3.894936293363571167e-02,3.391439020633697510e-01,-1.295297592878341675e-01,1.993361711502075195e-01,-8.546916395425796509e-02,1.429812163114547729e-01,2.583694756031036377e-01,3.012083470821380615e-01,1.511659622192382812e+00,-4.200211167335510254e-02,-1.352758556604385376e-01,-2.894647978246212006e-02,1.469164371490478516e+00
-7.047552108764648438e+00,-1.813105702400207520e+00,6.433988809585571289e-01,1.419957820326089859e-02,4.307654220610857010e-03,-7.005854845046997070e-01,-7.134141921997070312e-01,2.970067039132118225e-02,3.898935616016387939e-01,4.243439733982086182e-01,1.443657726049423218e-01,2.404064387083053589e-01,-3.374517858028411865e-01,-2.305397540330886841e-01,-1.458235234022140503e-01,2.043192461133003235e-02,3.186894953250885010e-01,-1.206668466329574585e-01,1.703922450542449951e-01,-8.380854874849319458e-02,1.259314417839050293e-01,2.508318424224853516e-01,2.784377336502075195e-01,1.501080632209777832e+00,-4.542205482721328735e-02,-1.275816857814788818e-01,-1.122896187007427216e-02,1.462182402610778809e+00
-7.030970096588134766e+00,-1.811965703964233398e+00,6.468527913093566895e-01,1.234260853379964828e-02,1.924706972204148769e-03,-7.011494636535644531e-01,-7.129048705101013184e-01,1.510898489505052567e-02,3.980755507946014404e-01,4.616184830665588379e-01,1.827325224876403809e-01,2.793475687503814697e-01,-2.991041839122772217e-01,-2.126269638538360596e-01,-1.251685172319412231e-01,1.007725298404693604e-02,2.851100265979766846e-01,-1.011730805039405823e-01,1.435512155294418335e-01,-7.185719162225723267e-02,1.008013635873794556e-01,2.384044080972671509e-01,2.350495159626007080e-01,1.487841844558715820e+00,-4.414014145731925964e-02,-1.231813207268714905e-01,-1.504454063251614571e-03,1.454195022583007812e+00
-7.018028259277343750e+00,-1.810738682746887207e+00,6.506813168525695801e-01,9.950918145477771759e-03,-1.076578744687139988e-03,-6.997266411781311035e-01,-7.143405675888061523e-01,6.332870107144117355e-03,3.977153599262237549e-01,5.107784867286682129e-01,2.321964949369430542e-01,2.637004256248474121e-01,-2.568317055702209473e-01,-1.947751343250274658e-01,-1.094707399606704712e-01,7.180839776992797852e-03,2.470529824495315552e-01,-7.958224415779113770e-02,1.208742335438728333e-01,-5.311545729637145996e-02,8.014721423387527466e-02,2.221031486988067627e-01,1.960412114858627319e-01,1.468980550765991211e+00,-4.181177541613578796e-02,-1.222477480769157410e-01,7.577681913971900940e-03,1.445842266082763672e+00
-7.006191253662109375e+00,-1.809279441833496094e+00,6.540444493293762207e-01,7.142023649066686630e-03,-4.470981657505035400e-03,-6.976664662361145020e-01,-7.163731455802917480e-01,-1.861197687685489655e-02,3.882674574851989746e-01,5.232434868812561035e-01,3.006654381752014160e-01,2.210531085729598999e-01,-2.330545336008071899e-01,-1.765922755002975464e-01,-9.783487021923065186e-02,6.830734200775623322e-03,2.064835429191589355e-01,-5.573998764157295227e-02,1.013961732387542725e-01,-3.420665487647056580e-02,6.867233663797378540e-02,2.032785117626190186e-01,1.803492009639739990e-01,1.440937757492065430e+00,-4.659058898687362671e-02,-1.219221502542495728e-01,2.956677787005901337e-02,1.441525459289550781e+00
-6.998087882995605469e+00,-1.808323979377746582e+00,6.565474271774291992e-01,4.789045080542564392e-03,-7.066492922604084015e-03,-6.963408589363098145e-01,-7.176604866981506348e-01,-5.345073714852333069e-02,3.724980652332305908e-01,4.960803985595703125e-01,3.642880022525787354e-01,1.839427351951599121e-01,-2.235139161348342896e-01,-1.615241467952728271e-01,-8.983741700649261475e-02,6.336627993732690811e-03,1.732397824525833130e-01,-3.561548888683319092e-02,8.666304498910903931e-02,-2.090333588421344757e-02,6.275259703397750854e-02,1.882850825786590576e-01,1.782060563564300537e-01,1.414999485015869141e+00,-5.461483448743820190e-02,-1.213776543736457825e-01,5.237593874335289001e-02,1.440777420997619629e+00
-6.990768909454345703e+00,-1.807666063308715820e+00,6.583971977233886719e-01,2.856848761439323425e-03,-9.587336331605911255e-03,-6.959428787231445312e-01,-7.180274724960327148e-01,-1.029155552387237549e-01,3.384974598884582520e-01,4.243600368499755859e-01,4.256606996059417725e-01,1.446505486965179443e-01,-2.229519337415695190e-01,-1.486634910106658936e-01,-8.327665925025939941e-02,4.043199121952056885e-03,1.449760943651199341e-01,-1.880108751356601715e-02,7.380986958742141724e-02,-1.180676929652690887e-02,5.711311474442481995e-02,1.749822944402694702e-01,1.795622259378433228e-01,1.391398549079895020e+00,-6.285575777292251587e-02,-1.200163736939430237e-01,6.555398553609848022e-02,1.441162824630737305e+00
-6.983832359313964844e+00,-1.807247877120971680e+00,6.598698496818542480e-01,1.262341160327196121e-03,-1.177565846592187881e-02,-6.964183449745178223e-01,-7.175382971763610840e-01,-1.497690379619598389e-01,2.936399877071380615e-01,3.514131903648376465e-01,4.783940017223358154e-01,1.005247756838798523e-01,-2.172709405422210693e-01,-1.379119157791137695e-01,-7.650433480739593506e-02,8.258203160949051380e-04,1.214021146297454834e-01,-4.792973864823579788e-03,6.168307736515998840e-02,-6.025323178619146347e-03,4.985858127474784851e-02,1.604640185832977295e-01,1.778631061315536499e-01,1.373907089233398438e+00,-6.807690858840942383e-02,-1.171733960509300232e-01,6.854262948036193848e-02,1.441086292266845703e+00
-6.977328300476074219e+00,-1.806692838668823242e+00,6.611703038215637207e-01,6.489206134574487805e-05,-1.348372548818588257e-02,-6.968302726745605469e-01,-7.171093225479125977e-01,-1.853998750448226929e-01,2.429552525281906128e-01,3.052349090576171875e-01,5.182238221168518066e-01,4.856991022825241089e-02,-1.910316050052642822e-01,-1.285582184791564941e-01,-6.952798366546630859e-02,-1.702398061752319336e-03,1.013053134083747864e-01,6.407692097127437592e-03,5.030529201030731201e-02,-1.479473663493990898e-03,4.153455421328544617e-02,1.439895331859588623e-01,1.720896512269973755e-01,1.362635016441345215e+00,-7.245423644781112671e-02,-1.126712188124656677e-01,7.004274427890777588e-02,1.442151784896850586e+00
-6.971407890319824219e+00,-1.805845975875854492e+00,6.621418595314025879e-01,-9.876687545329332352e-04,-1.493812724947929382e-02,-6.965547204017639160e-01,-7.173474431037902832e-01,-2.066733986139297485e-01,1.918111443519592285e-01,2.889396250247955322e-01,5.415958166122436523e-01,-8.512075990438461304e-03,-1.515232622623443604e-01,-1.202477961778640747e-01,-6.306558847427368164e-02,-1.791442628018558025e-03,8.410464227199554443e-02,1.554472185671329498e-02,4.032395035028457642e-02,1.658321474678814411e-03,3.426532447338104248e-02,1.250171661376953125e-01,1.634093523025512695e-01,1.355360627174377441e+00,-7.714786380529403687e-02,-1.059500649571418762e-01,7.243870198726654053e-02,1.446135282516479492e+00
-6.965713024139404297e+00,-1.804515600204467773e+00,6.628581881523132324e-01,-1.507236273027956486e-03,-1.542811188846826553e-02,-6.957923769950866699e-01,-7.180756926536560059e-01,-2.137333601713180542e-01,1.377499252557754517e-01,2.919406294822692871e-01,5.439890027046203613e-01,-7.657288759946823120e-02,-1.014996096491813660e-01,-1.114797443151473999e-01,-5.550960823893547058e-02,-3.923420154023915529e-04,6.861186772584915161e-02,2.315171994268894196e-02,3.154201805591583252e-02,1.428579213097691536e-03,2.962470427155494690e-02,1.081824675202369690e-01,1.536697447299957275e-01,1.349771499633789062e+00,-8.223354816436767578e-02,-9.670120477676391602e-02,7.577168941497802734e-02,1.451638221740722656e+00
-6.960994243621826172e+00,-1.802872061729431152e+00,6.630349159240722656e-01,-9.854857344180345535e-04,-1.494223065674304962e-02,-6.949974298477172852e-01,-7.188562750816345215e-01,-2.133773863315582275e-01,9.005027264356613159e-02,2.978244721889495850e-01,5.326954722404479980e-01,-1.452464312314987183e-01,-5.387914925813674927e-02,-1.048528552055358887e-01,-4.610937088727951050e-02,1.186665729619562626e-03,5.930740386247634888e-02,2.584674954414367676e-02,2.393721230328083038e-02,-1.977222505956888199e-03,2.558759041130542755e-02,9.381961077451705933e-02,1.413971036672592163e-01,1.347442984580993652e+00,-8.488006144762039185e-02,-8.505783975124359131e-02,7.562323659658432007e-02,1.456666469573974609e+00
-6.957389354705810547e+00,-1.801072955131530762e+00,6.628593206405639648e-01,2.800710790324956179e-04,-1.350588351488113403e-02,-6.945984363555908203e-01,-7.192708253860473633e-01,-2.049156725406646729e-01,4.963852092623710632e-02,3.027178049087524414e-01,5.048640370368957520e-01,-2.044158428907394409e-01,-1.225174032151699066e-02,-1.012656390666961670e-01,-3.533897176384925842e-02,1.818000338971614838e-03,5.965743213891983032e-02,2.223529852926731110e-02,1.707126013934612274e-02,-7.305718492716550827e-03,2.279379032552242279e-02,8.307225257158279419e-02,1.289280205965042114e-01,1.347585916519165039e+00,-8.477639406919479370e-02,-7.312840968370437622e-02,7.354996353387832642e-02,1.459751605987548828e+00
-6.953558921813964844e+00,-1.799355268478393555e+00,6.615283489227294922e-01,3.238054923713207245e-03,-1.024925429373979568e-02,-6.945816278457641602e-01,-7.193335890769958496e-01,-1.879614740610122681e-01,1.901624724268913269e-02,3.061143755912780762e-01,4.509948492050170898e-01,-2.227432876825332642e-01,2.205827645957469940e-02,-1.062332764267921448e-01,-1.948512345552444458e-02,2.181414281949400902e-03,8.045727759599685669e-02,6.588306743651628494e-03,9.914049878716468811e-03,-1.680276170372962952e-02,2.211108803749084473e-02,7.491897791624069214e-02,1.175466999411582947e-01,1.348851203918457031e+00,-8.300125598907470703e-02,-6.041001155972480774e-02,7.387434691190719604e-02,1.458971381187438965e+00
-6.946602344512939453e+00,-1.796951174736022949e+00,6.595665216445922852e-01,9.322524070739746094e-03,-5.100504495203495026e-03,-6.924226880073547363e-01,-7.214138507843017578e-01,-1.680351644754409790e-01,1.619512028992176056e-02,3.137795329093933105e-01,3.937135934829711914e-01,-2.155233621597290039e-01,3.526853770017623901e-02,-1.347006112337112427e-01,7.018481381237506866e-03,1.043944153934717178e-02,1.482984721660614014e-01,-3.322267159819602966e-02,5.942135467194020748e-04,-3.102226927876472473e-02,2.213971503078937531e-02,7.229559868574142456e-02,1.140111237764358521e-01,1.355127811431884766e+00,-8.705070614814758301e-02,-4.776190221309661865e-02,8.610894531011581421e-02,1.456091284751892090e+00
-6.941098213195800781e+00,-1.795902848243713379e+00,6.580405235290527344e-01,1.381850242614746094e-02,-1.100337016396224499e-03,-6.914345622062683105e-01,-7.223061323165893555e-01,-1.576026678085327148e-01,2.427677996456623077e-02,3.169892430305480957e-01,3.646599948406219482e-01,-2.105556875467300415e-01,3.669789806008338928e-02,-1.687517315149307251e-01,2.993214689195156097e-02,1.540177501738071442e-02,2.267276346683502197e-01,-7.611576467752456665e-02,-8.834298700094223022e-03,-4.942820966243743896e-02,1.949928514659404755e-02,6.885677576065063477e-02,1.108743101358413696e-01,1.367566704750061035e+00,-9.235100448131561279e-02,-3.989191725850105286e-02,9.612911194562911987e-02,1.456315040588378906e+00
-6.936868667602539062e+00,-1.795782923698425293e+00,6.569560170173645020e-01,1.686010137200355530e-02,1.124254195019602776e-03,-6.932684183120727539e-01,-7.204813361167907715e-01,-1.563099622726440430e-01,3.315163403749465942e-02,3.121258020401000977e-01,3.544303476810455322e-01,-2.078471779823303223e-01,3.441361337900161743e-02,-2.007044702768325806e-01,4.559479653835296631e-02,1.526735723018646240e-02,2.961409687995910645e-01,-1.072499305009841919e-01,-1.634726673364639282e-02,-7.028584927320480347e-02,1.354671269655227661e-02,6.587732583284378052e-02,9.742864221334457397e-02,1.383900642395019531e+00,-9.030542522668838501e-02,-3.570125997066497803e-02,8.770994096994400024e-02,1.456469178199768066e+00
-6.932502746582031250e+00,-1.795370101928710938e+00,6.571186184883117676e-01,1.985410228371620178e-02,3.319290233775973320e-03,-6.970822215080261230e-01,-7.167085409164428711e-01,-1.516881138086318970e-01,4.071949422359466553e-02,3.027001023292541504e-01,3.346913158893585205e-01,-1.967789381742477417e-01,3.086130879819393158e-02,-2.262145727872848511e-01,5.585614964365959167e-02,1.679856143891811371e-02,3.535362780094146729e-01,-1.334169656038284302e-01,-1.830509118735790253e-02,-8.591531217098236084e-02,-1.260640681721270084e-03,6.722465157508850098e-02,6.152902916073799133e-02,1.408738136291503906e+00,-7.788178324699401855e-02,-3.332944586873054504e-02,6.346923112869262695e-02,1.453226566314697266e+00
-6.929541110992431641e+00,-1.794789075851440430e+00,6.582840085029602051e-01,2.226379700005054474e-02,5.610449239611625671e-03,-6.995491981506347656e-01,-7.142154574394226074e-01,-1.414106935262680054e-01,4.790598899126052856e-02,2.964420616626739502e-01,3.077514767646789551e-01,-1.820112317800521851e-01,2.657013759016990662e-02,-2.453501224517822266e-01,6.198476627469062805e-02,2.357678860425949097e-02,3.997634351253509521e-01,-1.563044339418411255e-01,-1.568086259067058563e-02,-9.399537742137908936e-02,-1.524567045271396637e-02,7.022301852703094482e-02,2.981228381395339966e-02,1.433497190475463867e+00,-6.476104259490966797e-02,-3.224482014775276184e-02,4.942088574171066284e-02,1.448501944541931152e+00
-6.925783634185791016e+00,-1.792704343795776367e+00,6.597800254821777344e-01,2.415318973362445831e-02,8.097901940345764160e-03,-7.009295225143432617e-01,-7.127754092216491699e-01,-1.249740868806838989e-01,5.542292073369026184e-02,2.929207682609558105e-01,2.768264710903167725e-01,-1.668774336576461792e-01,2.052085846662521362e-02,-2.587602436542510986e-01,5.864512547850608826e-02,3.141018748283386230e-02,4.348109364509582520e-01,-1.700009405612945557e-01,-3.795317607000470161e-03,-9.783213585615158081e-02,-2.122617140412330627e-02,7.437387853860855103e-02,2.439505606889724731e-02,1.455141782760620117e+00,-5.237089842557907104e-02,-3.568471595644950867e-02,5.344042554497718811e-02,1.443451166152954102e+00
-6.925868511199951172e+00,-1.790689349174499512e+00,6.627383828163146973e-01,2.652292512357234955e-02,1.181125454604625702e-02,-7.023901343345642090e-01,-7.111997604370117188e-01,-9.824534505605697632e-02,6.583459675312042236e-02,2.895174026489257812e-01,2.294926196336746216e-01,-1.444644480943679810e-01,1.116068940609693527e-02,-2.760674357414245605e-01,5.021950975060462952e-02,4.503576830029487610e-02,4.825274348258972168e-01,-1.883410513401031494e-01,1.722646504640579224e-02,-1.007607206702232361e-01,-2.724603563547134399e-02,8.084223419427871704e-02,2.614799328148365021e-02,1.485296607017517090e+00,-3.471015021204948425e-02,-4.260930791497230530e-02,6.605570763349533081e-02,1.435853362083435059e+00
-6.921900272369384766e+00,-1.786789059638977051e+00,6.634537577629089355e-01,2.782255969941616058e-02,1.341516152024269104e-02,-7.046991586685180664e-01,-7.088335752487182617e-01,-8.475745469331741333e-02,6.960079073905944824e-02,2.845954298973083496e-01,2.082855403423309326e-01,-1.361823081970214844e-01,7.305563893169164658e-03,-2.763839960098266602e-01,3.264685347676277161e-02,4.935958981513977051e-02,4.790444970130920410e-01,-1.810216605663299561e-01,3.922109305858612061e-02,-1.061723604798316956e-01,-2.079848386347293854e-02,9.316131472587585449e-02,3.996317833662033081e-02,1.481590628623962402e+00,-2.555240131914615631e-02,-4.947093874216079712e-02,5.039990693330764771e-02,1.437626481056213379e+00
-6.918918609619140625e+00,-1.782579302787780762e+00,6.644235253334045410e-01,2.896711975336074829e-02,1.518014632165431976e-02,-7.068722248077392578e-01,-7.065848708152770996e-01,-6.808061897754669189e-02,7.575716078281402588e-02,2.799286842346191406e-01,1.845156997442245483e-01,-1.268971711397171021e-01,4.608950403053313494e-04,-2.765928506851196289e-01,5.859889555722475052e-03,6.293161213397979736e-02,4.705596566200256348e-01,-1.717455089092254639e-01,7.276763021945953369e-02,-1.108715012669563293e-01,-1.286988146603107452e-02,1.096688881516456604e-01,4.970520734786987305e-02,1.476306796073913574e+00,-1.353022363036870956e-02,-5.936998128890991211e-02,2.715609222650527954e-02,1.443035364151000977e+00
-6.911133289337158203e+00,-1.776959180831909180e+00,6.648204922676086426e-01,2.935284189879894257e-02,1.658919081091880798e-02,-7.077685594558715820e-01,-7.056393623352050781e-01,-4.914125800132751465e-02,8.491826802492141724e-02,2.783989012241363525e-01,1.625141501426696777e-01,-1.189995557069778442e-01,-1.060510985553264618e-02,-2.753326594829559326e-01,-3.039179742336273193e-02,8.983708918094635010e-02,4.494830071926116943e-01,-1.516473293304443359e-01,1.168076843023300171e-01,-1.117357686161994934e-01,-3.366301767528057098e-03,1.280363351106643677e-01,5.436137318611145020e-02,1.471863627433776855e+00,-2.285678870975971222e-03,-7.113152742385864258e-02,7.181644905358552933e-04,1.455597162246704102e+00
-6.904948234558105469e+00,-1.771809577941894531e+00,6.651182770729064941e-01,2.927113324403762817e-02,1.753587834537029266e-02,-7.078182697296142578e-01,-7.055699825286865234e-01,-3.070809692144393921e-02,9.445985406637191772e-02,2.802078723907470703e-01,1.434860378503799438e-01,-1.127900853753089905e-01,-2.345650829374790192e-02,-2.718106210231781006e-01,-6.678369641304016113e-02,1.187322512269020081e-01,4.201440811157226562e-01,-1.291320919990539551e-01,1.599929034709930420e-01,-1.105092689394950867e-01,5.900635849684476852e-03,1.441633552312850952e-01,5.992933735251426697e-02,1.470224022865295410e+00,6.875708233565092087e-03,-8.086621016263961792e-02,-2.163614891469478607e-02,1.469206094741821289e+00
-6.897825241088867188e+00,-1.766556978225708008e+00,6.651343107223510742e-01,2.894225902855396271e-02,1.786707341670989990e-02,-7.071428894996643066e-01,-7.062521576881408691e-01,-1.356511935591697693e-02,1.046305224299430847e-01,2.841536402702331543e-01,1.285870671272277832e-01,-1.091017872095108032e-01,-3.768102824687957764e-02,-2.655981481075286865e-01,-1.051727607846260071e-01,1.448465287685394287e-01,3.829716742038726807e-01,-1.111547499895095825e-01,2.011236697435379028e-01,-1.080585718154907227e-01,1.634141802787780762e-02,1.602029353380203247e-01,7.390413433313369751e-02,1.474675655364990234e+00,1.372738368809223175e-02,-8.971300721168518066e-02,-4.020423069596290588e-02,1.483123898506164551e+00
-6.887922286987304688e+00,-1.760921239852905273e+00,6.646247506141662598e-01,2.829915098845958710e-02,1.800116896629333496e-02,-7.060328125953674316e-01,-7.073844671249389648e-01,7.385552744381129742e-04,1.188549324870109558e-01,2.895777821540832520e-01,1.224837377667427063e-01,-1.099261268973350525e-01,-5.549490079283714294e-02,-2.576448321342468262e-01,-1.448208540678024292e-01,1.630003452301025391e-01,3.419737815856933594e-01,-9.144258499145507812e-02,2.268386185169219971e-01,-1.052376329898834229e-01,2.669987827539443970e-02,1.760742366313934326e-01,9.221223741769790649e-02,1.484604716300964355e+00,1.929467730224132538e-02,-9.837880730628967285e-02,-5.619808658957481384e-02,1.494980692863464355e+00
-6.877756118774414062e+00,-1.756025552749633789e+00,6.638147234916687012e-01,2.743811346590518951e-02,1.781546510756015778e-02,-7.046140432357788086e-01,-7.088361978530883789e-01,1.102978736162185669e-02,1.344707459211349487e-01,2.948044240474700928e-01,1.230419054627418518e-01,-1.129080653190612793e-01,-7.451710850000381470e-02,-2.510445713996887207e-01,-1.801384389400482178e-01,1.739260405302047729e-01,3.019697964191436768e-01,-6.392870843410491943e-02,2.363567650318145752e-01,-1.029338836669921875e-01,3.642892464995384216e-02,1.911370903253555298e-01,1.101092547178268433e-01,1.496591329574584961e+00,2.404629625380039215e-02,-1.059405133128166199e-01,-6.939736753702163696e-02,1.503148794174194336e+00
-6.865674972534179688e+00,-1.750949501991271973e+00,6.624913215637207031e-01,2.676768042147159576e-02,1.728403754532337189e-02,-7.027693390846252441e-01,-7.107039093971252441e-01,2.104833349585533142e-02,1.532241404056549072e-01,3.010440170764923096e-01,1.257461458444595337e-01,-1.165655478835105896e-01,-9.703935682773590088e-02,-2.440682500600814819e-01,-2.090276330709457397e-01,1.764659732580184937e-01,2.638947963714599609e-01,-3.834414482116699219e-02,2.394805699586868286e-01,-1.011615842580795288e-01,4.651719331741333008e-02,2.047192454338073730e-01,1.270548701286315918e-01,1.507368206977844238e+00,2.685340680181980133e-02,-1.123684719204902649e-01,-8.059000968933105469e-02,1.507871985435485840e+00
-6.854622840881347656e+00,-1.746234059333801270e+00,6.608996987342834473e-01,2.588736638426780701e-02,1.656079292297363281e-02,-7.007375955581665039e-01,-7.127568721771240234e-01,3.088062442839145660e-02,1.708667725324630737e-01,3.075751364231109619e-01,1.283072233200073242e-01,-1.204944029450416565e-01,-1.189081668853759766e-01,-2.373616099357604980e-01,-2.310513406991958618e-01,1.679423302412033081e-01,2.333301007747650146e-01,-2.221164852380752563e-02,2.433592379093170166e-01,-1.002593263983726501e-01,5.797716230154037476e-02,2.183785587549209595e-01,1.426635384559631348e-01,1.516341209411621094e+00,2.837526798248291016e-02,-1.172376275062561035e-01,-8.869753777980804443e-02,1.509564280509948730e+00
-6.840735435485839844e+00,-1.741277933120727539e+00,6.582502722740173340e-01,2.479614876210689545e-02,1.563376933336257935e-02,-6.976540088653564453e-01,-7.158349156379699707e-01,4.269326850771903992e-02,1.923847496509552002e-01,3.174775838851928711e-01,1.307202577590942383e-01,-1.235769093036651611e-01,-1.454920321702957153e-01,-2.298412919044494629e-01,-2.449412494897842407e-01,1.476521193981170654e-01,2.073894739151000977e-01,-7.471814285963773727e-03,2.567664682865142822e-01,-9.780166298151016235e-02,6.900221109390258789e-02,2.309375554323196411e-01,1.559672653675079346e-01,1.523713350296020508e+00,2.846001088619232178e-02,-1.215998083353042603e-01,-9.457705914974212646e-02,1.508700132369995117e+00
-6.824872493743896484e+00,-1.737118959426879883e+00,6.547692418098449707e-01,2.332248166203498840e-02,1.422527246177196503e-02,-6.927624344825744629e-01,-7.206482887268066406e-01,5.552923306822776794e-02,2.156132906675338745e-01,3.326481878757476807e-01,1.329944133758544922e-01,-1.253477782011032104e-01,-1.752521693706512451e-01,-2.248038202524185181e-01,-2.486356943845748901e-01,1.229702159762382507e-01,1.919988691806793213e-01,6.963521009311079979e-04,2.768615484237670898e-01,-8.944918215274810791e-02,7.963734865188598633e-02,2.454168200492858887e-01,1.669242084026336670e-01,1.528441667556762695e+00,2.727701142430305481e-02,-1.247983127832412720e-01,-1.000270470976829529e-01,1.505886912345886230e+00
-6.807087421417236328e+00,-1.733158826828002930e+00,6.505045890808105469e-01,2.130823209881782532e-02,1.235863287001848221e-02,-6.874565482139587402e-01,-7.258076667785644531e-01,7.144900411367416382e-02,2.395447641611099243e-01,3.488740026950836182e-01,1.302260607481002808e-01,-1.216457113623619080e-01,-2.083624452352523804e-01,-2.225721329450607300e-01,-2.400683611631393433e-01,1.055106446146965027e-01,1.972206085920333862e-01,-1.567582786083221436e-02,2.799954712390899658e-01,-8.001215010881423950e-02,9.047464281320571899e-02,2.624462246894836426e-01,1.770645081996917725e-01,1.529623508453369141e+00,2.418708987534046173e-02,-1.271425187587738037e-01,-1.039307639002799988e-01,1.503176331520080566e+00
-6.788799762725830078e+00,-1.730113863945007324e+00,6.463430523872375488e-01,1.890391856431961060e-02,9.849186055362224579e-03,-6.819172501564025879e-01,-7.311186790466308594e-01,8.869132399559020996e-02,2.621368169784545898e-01,3.655319809913635254e-01,1.188331469893455505e-01,-1.058839932084083557e-01,-2.420075982809066772e-01,-2.286786139011383057e-01,-2.231495231389999390e-01,1.014807671308517456e-01,2.255759686231613159e-01,-4.702387377619743347e-02,2.667087316513061523e-01,-6.934978812932968140e-02,9.708621352910995483e-02,2.815541326999664307e-01,1.901421248912811279e-01,1.533553242683410645e+00,1.610248722136020660e-02,-1.270444244146347046e-01,-1.043064668774604797e-01,1.505029916763305664e+00
-6.768800735473632812e+00,-1.729457020759582520e+00,6.436460018157958984e-01,1.738959178328514099e-02,7.816356606781482697e-03,-6.777958869934082031e-01,-7.350028753280639648e-01,9.191686660051345825e-02,2.925324141979217529e-01,3.733890354633331299e-01,1.090594381093978882e-01,-4.785015806555747986e-02,-2.782116532325744629e-01,-2.452147603034973145e-01,-1.961613297462463379e-01,1.024358719587326050e-01,2.668784558773040771e-01,-7.078025490045547485e-02,2.425406873226165771e-01,-6.028175354003906250e-02,1.059040501713752747e-01,2.952208518981933594e-01,2.192644178867340088e-01,1.537603855133056641e+00,6.914800498634576797e-03,-1.216520443558692932e-01,-9.342928975820541382e-02,1.508568763732910156e+00
-6.747409820556640625e+00,-1.728690624237060547e+00,6.430940628051757812e-01,1.643341407179832458e-02,5.872813519090414047e-03,-6.781306266784667969e-01,-7.347341775894165039e-01,7.140342146158218384e-02,3.306725323200225830e-01,3.763664364814758301e-01,1.184373870491981506e-01,5.900630727410316467e-02,-3.110130131244659424e-01,-2.472973316907882690e-01,-1.688939630985260010e-01,8.983603119850158691e-02,2.845860421657562256e-01,-8.106571435928344727e-02,2.124710381031036377e-01,-5.675752460956573486e-02,1.209361776709556580e-01,2.955534756183624268e-01,2.575381696224212646e-01,1.529083371162414551e+00,-7.056774338707327843e-04,-1.130156442523002625e-01,-6.369229406118392944e-02,1.504680991172790527e+00
-6.729962825775146484e+00,-1.727677226066589355e+00,6.442587375640869141e-01,1.577103883028030396e-02,4.638838116079568863e-03,-6.814491748809814453e-01,-7.316808104515075684e-01,4.385631158947944641e-02,3.644680082798004150e-01,3.816471993923187256e-01,1.417694985866546631e-01,1.632160842418670654e-01,-3.222887217998504639e-01,-2.349445223808288574e-01,-1.459856331348419189e-01,6.879006326198577881e-02,2.779371738433837891e-01,-8.073598891496658325e-02,1.846162080764770508e-01,-5.755943432450294495e-02,1.267692148685455322e-01,2.889459133148193359e-01,2.745328843593597412e-01,1.518771648406982422e+00,-6.700407713651657104e-03,-1.056276634335517883e-01,-3.292252868413925171e-02,1.498562335968017578e+00
-6.710357189178466797e+00,-1.727222084999084473e+00,6.475678086280822754e-01,1.391305029392242432e-02,2.634795149788260460e-03,-6.853339076042175293e-01,-7.280912995338439941e-01,1.889371313154697418e-02,3.822409510612487793e-01,4.238823652267456055e-01,1.955446600914001465e-01,2.083954364061355591e-01,-2.834394574165344238e-01,-2.128773182630538940e-01,-1.241513341665267944e-01,4.802083224058151245e-02,2.434459477663040161e-01,-6.072617322206497192e-02,1.536083966493606567e-01,-5.103370919823646545e-02,1.052853763103485107e-01,2.733321487903594971e-01,2.333835512399673462e-01,1.509476423263549805e+00,-8.600310422480106354e-03,-1.035808548331260681e-01,-8.733306080102920532e-03,1.491135716438293457e+00
-6.696458816528320312e+00,-1.727290749549865723e+00,6.509575843811035156e-01,1.161724515259265900e-02,1.477667974540963769e-04,-6.866050958633422852e-01,-7.269377112388610840e-01,4.385993350297212601e-03,3.876261115074157715e-01,4.744242727756500244e-01,2.503852546215057373e-01,2.097857445478439331e-01,-2.439917027950286865e-01,-1.948868334293365479e-01,-1.076539531350135803e-01,3.743931278586387634e-02,2.094504982233047485e-01,-4.058005660772323608e-02,1.289850771427154541e-01,-3.789002448320388794e-02,8.489625155925750732e-02,2.557250857353210449e-01,1.928915828466415405e-01,1.498520493507385254e+00,-9.339773096144199371e-03,-1.047799065709114075e-01,9.087831713259220123e-03,1.483668446540832520e+00
-6.683580875396728516e+00,-1.726066350936889648e+00,6.542070508003234863e-01,8.214778266847133636e-03,-3.455674042925238609e-03,-6.848913431167602539e-01,-7.285907268524169922e-01,-1.051431428641080856e-02,3.746579885482788086e-01,5.044821500778198242e-01,3.104376792907714844e-01,1.840080469846725464e-01,-2.250077128410339355e-01,-1.772322505712509155e-01,-9.660715609788894653e-02,3.715175017714500427e-02,1.727274060249328613e-01,-2.026321552693843842e-02,1.079723164439201355e-01,-1.618090830743312836e-02,7.464849948883056641e-02,2.304968684911727905e-01,1.753856539726257324e-01,1.476026535034179688e+00,-1.216388400644063950e-02,-1.098702773451805115e-01,3.095575608313083649e-02,1.474688410758972168e+00
-6.674775123596191406e+00,-1.725099086761474609e+00,6.568102240562438965e-01,5.014594178646802902e-03,-6.685344502329826355e-03,-6.837320923805236816e-01,-7.296853065490722656e-01,-3.474014252424240112e-02,3.539047241210937500e-01,4.949778914451599121e-01,3.661384880542755127e-01,1.559003591537475586e-01,-2.223768234252929688e-01,-1.608325690031051636e-01,-8.990554511547088623e-02,3.650771826505661011e-02,1.399003863334655762e-01,-2.826561918482184410e-03,9.230788052082061768e-02,-8.482710109092295170e-05,7.177194207906723022e-02,2.079775631427764893e-01,1.736067980527877808e-01,1.453055977821350098e+00,-1.909133605659008026e-02,-1.150235980749130249e-01,5.373553559184074402e-02,1.468467473983764648e+00
-6.667283058166503906e+00,-1.724405527114868164e+00,6.587013006210327148e-01,2.331516239792108536e-03,-9.321135468780994415e-03,-6.844009757041931152e-01,-7.290424704551696777e-01,-7.441548258066177368e-02,3.227014541625976562e-01,4.441425502300262451e-01,4.236314296722412109e-01,1.227888613939285278e-01,-2.284011542797088623e-01,-1.448877900838851929e-01,-8.543670177459716797e-02,3.173415362834930420e-02,1.097317114472389221e-01,1.242317724972963333e-02,7.947821170091629028e-02,7.261472288519144058e-03,7.129845768213272095e-02,1.874096542596817017e-01,1.786844581365585327e-01,1.430668473243713379e+00,-2.868377417325973511e-02,-1.201079189777374268e-01,7.449689507484436035e-02,1.463971495628356934e+00
-6.660182476043701172e+00,-1.723861336708068848e+00,6.602746844291687012e-01,6.837245746282860637e-05,-1.154996734112501144e-02,-6.859454512596130371e-01,-7.275612950325012207e-01,-1.170740425586700439e-01,2.830874919891357422e-01,3.891153633594512939e-01,4.782631397247314453e-01,8.101811259984970093e-02,-2.202649265527725220e-01,-1.303854286670684814e-01,-8.033594489097595215e-02,2.548321336507797241e-02,8.435716480016708374e-02,2.442781627178192139e-02,6.719268113374710083e-02,9.555110707879066467e-03,6.894320249557495117e-02,1.681323051452636719e-01,1.843490004539489746e-01,1.413171291351318359e+00,-3.743699193000793457e-02,-1.237892359495162964e-01,8.630052953958511353e-02,1.459537148475646973e+00
-6.653307437896728516e+00,-1.723416447639465332e+00,6.615622043609619141e-01,-1.554755726829171181e-03,-1.341072004288434982e-02,-6.878691911697387695e-01,-7.257091403007507324e-01,-1.525868922472000122e-01,2.393837720155715942e-01,3.458941280841827393e-01,5.200119614601135254e-01,3.622980043292045593e-02,-1.958531886339187622e-01,-1.195652335882186890e-01,-7.450439035892486572e-02,1.849547587335109711e-02,6.544104963541030884e-02,3.313355892896652222e-02,5.510385334491729736e-02,1.045254897326231003e-02,6.360947340726852417e-02,1.473008543252944946e-01,1.834549754858016968e-01,1.399815917015075684e+00,-4.321463033556938171e-02,-1.244875043630599976e-01,8.769308775663375854e-02,1.455779910087585449e+00
-6.646759986877441406e+00,-1.723275899887084961e+00,6.624444723129272461e-01,-2.626775531098246574e-03,-1.468620635569095612e-02,-6.901756525039672852e-01,-7.234880924224853516e-01,-1.776092946529388428e-01,1.933835744857788086e-01,3.196235597133636475e-01,5.446318387985229492e-01,-1.427714992314577103e-02,-1.597456932067871094e-01,-1.120539829134941101e-01,-6.756260991096496582e-02,1.152890082448720932e-02,5.296592414379119873e-02,3.861673176288604736e-02,4.437158629298210144e-02,9.247755631804466248e-03,5.651155859231948853e-02,1.275620013475418091e-01,1.754347980022430420e-01,1.389978051185607910e+00,-4.752187803387641907e-02,-1.226946189999580383e-01,8.606914430856704712e-02,1.453626513481140137e+00
-6.640937328338623047e+00,-1.722852706909179688e+00,6.630536317825317383e-01,-3.043928882107138634e-03,-1.540600508451461792e-02,-6.920470595359802246e-01,-7.216815352439880371e-01,-1.902415156364440918e-01,1.512581855058670044e-01,3.164895474910736084e-01,5.524112582206726074e-01,-6.449958682060241699e-02,-1.202151924371719360e-01,-1.053696796298027039e-01,-5.975018814206123352e-02,5.268793087452650070e-03,4.357542097568511963e-02,4.142331331968307495e-02,3.422062471508979797e-02,7.324811071157455444e-03,4.917220026254653931e-02,1.099622398614883423e-01,1.602098047733306885e-01,1.380350947380065918e+00,-5.158384516835212708e-02,-1.178520992398262024e-01,8.568555116653442383e-02,1.453149676322937012e+00
-6.635698318481445312e+00,-1.721989989280700684e+00,6.633557677268981934e-01,-2.784524578601121902e-03,-1.523297838866710663e-02,-6.926243305206298828e-01,-7.211322188377380371e-01,-1.921891719102859497e-01,1.131449937820434570e-01,3.338613510131835938e-01,5.424485206604003906e-01,-1.178479120135307312e-01,-7.871973514556884766e-02,-1.006083786487579346e-01,-5.014922842383384705e-02,2.159155206754803658e-03,3.834131360054016113e-02,4.192617908120155334e-02,2.504772320389747620e-02,7.477547973394393921e-03,4.183344170451164246e-02,9.607497602701187134e-02,1.425417512655258179e-01,1.372161149978637695e+00,-5.415477231144905090e-02,-1.111189052462577820e-01,8.448538184165954590e-02,1.452869057655334473e+00
-6.630128383636474609e+00,-1.721022725105285645e+00,6.632353067398071289e-01,-1.532123540528118610e-03,-1.423566509038209915e-02,-6.925429105758666992e-01,-7.212345600128173828e-01,-1.868790239095687866e-01,7.542399317026138306e-02,3.506583571434020996e-01,5.160170197486877441e-01,-1.768802851438522339e-01,-3.717443346977233887e-02,-9.964333474636077881e-02,-3.809941560029983521e-02,1.190926413983106613e-03,4.026048257946968079e-02,3.913930431008338928e-02,1.627198792994022369e-02,5.823506042361259460e-03,3.564834222197532654e-02,8.457640558481216431e-02,1.249378398060798645e-01,1.364557981491088867e+00,-5.568422377109527588e-02,-1.028293445706367493e-01,8.426512777805328369e-02,1.450253486633300781e+00
-6.625535011291503906e+00,-1.720362663269042969e+00,6.627562046051025391e-01,5.235516000539064407e-04,-1.246714312583208084e-02,-6.935504674911499023e-01,-7.202999591827392578e-01,-1.796859651803970337e-01,4.009057953953742981e-02,3.504453897476196289e-01,4.765490889549255371e-01,-2.180546224117279053e-01,-3.309956227894872427e-04,-9.964420646429061890e-02,-2.451530843973159790e-02,-2.530872123315930367e-03,4.457601532340049744e-02,3.515992313623428345e-02,7.838874123990535736e-03,-5.478076636791229248e-04,3.121634945273399353e-02,7.910449802875518799e-02,1.110406294465065002e-01,1.358612656593322754e+00,-5.670046061277389526e-02,-9.466385841369628906e-02,8.672247827053070068e-02,1.445626497268676758e+00
-6.618287563323974609e+00,-1.718438386917114258e+00,6.612789630889892578e-01,5.178247112780809402e-03,-8.545599877834320068e-03,-6.956194639205932617e-01,-7.183409333229064941e-01,-1.697281897068023682e-01,1.727018691599369049e-02,3.425213098526000977e-01,4.232448041439056396e-01,-2.257300466299057007e-01,2.838696725666522980e-02,-1.015792712569236755e-01,-1.965085975825786591e-03,-8.638298138976097107e-03,5.766668170690536499e-02,2.327699027955532074e-02,-3.388923127204179764e-03,-1.230658590793609619e-02,2.447983808815479279e-02,8.034995943307876587e-02,9.619654715061187744e-02,1.355139851570129395e+00,-5.619981139898300171e-02,-8.714649826288223267e-02,9.136292338371276855e-02,1.432822585105895996e+00
-6.612593173980712891e+00,-1.716530442237854004e+00,6.594602465629577637e-01,1.031685061752796173e-02,-4.109113477170467377e-03,-6.965769529342651367e-01,-7.173961400985717773e-01,-1.637312173843383789e-01,1.424657367169857025e-02,3.367122411727905273e-01,3.902046680450439453e-01,-2.250640541315078735e-01,4.152080789208412170e-02,-1.091656386852264404e-01,2.140849083662033081e-02,-1.043308526277542114e-02,8.268988877534866333e-02,5.676279775798320770e-03,-1.321672368794679642e-02,-2.441679313778877258e-02,1.779796369373798370e-02,8.527182787656784058e-02,8.576151728630065918e-02,1.356341242790222168e+00,-5.831948295235633850e-02,-8.046828955411911011e-02,9.862528741359710693e-02,1.422906517982482910e+00
-6.607615947723388672e+00,-1.715252518653869629e+00,6.575487256050109863e-01,1.491919253021478653e-02,-6.139561446616426110e-05,-6.965050697326660156e-01,-7.173967361450195312e-01,-1.625386327505111694e-01,2.518608979880809784e-02,3.345098793506622314e-01,3.784687221050262451e-01,-2.233478873968124390e-01,4.243171587586402893e-02,-1.253558546304702759e-01,4.350796341896057129e-02,-7.986999116837978363e-03,1.231826841831207275e-01,-1.766772381961345673e-02,-2.273134142160415649e-02,-3.708055987954139709e-02,1.219030003994703293e-02,8.991903811693191528e-02,8.001247048377990723e-02,1.360737800598144531e+00,-6.332595646381378174e-02,-7.570713758468627930e-02,1.064550727605819702e-01,1.418051719665527344e+00
-6.602167129516601562e+00,-1.715092778205871582e+00,6.557697057723999023e-01,1.745465770363807678e-02,1.869562198407948017e-03,-6.966980099678039551e-01,-7.171497344970703125e-01,-1.663028001785278320e-01,3.692870587110519409e-02,3.325039744377136230e-01,3.789143562316894531e-01,-2.222518473863601685e-01,3.809456154704093933e-02,-1.505938768386840820e-01,5.934451147913932800e-02,-1.405431074090301991e-03,1.764629483222961426e-01,-4.324878379702568054e-02,-3.139852732419967651e-02,-5.014663934707641602e-02,9.889425709843635559e-03,9.028048813343048096e-02,6.968148052692413330e-02,1.362797498703002930e+00,-6.423519551753997803e-02,-7.531622797250747681e-02,9.785719960927963257e-02,1.416597843170166016e+00
-6.597862720489501953e+00,-1.714781641960144043e+00,6.554233431816101074e-01,2.010319009423255920e-02,3.400393994525074959e-03,-6.971927285194396973e-01,-7.165937423706054688e-01,-1.654286235570907593e-01,4.642899334430694580e-02,3.300274312496185303e-01,3.701295256614685059e-01,-2.173035144805908203e-01,3.392520919442176819e-02,-1.762293875217437744e-01,7.050900906324386597e-02,2.273399382829666138e-03,2.302011996507644653e-01,-7.020474225282669067e-02,-3.585075214505195618e-02,-5.988298356533050537e-02,7.250031922012567520e-03,9.414879977703094482e-02,4.924022033810615540e-02,1.365915179252624512e+00,-6.041934341192245483e-02,-7.470552623271942139e-02,7.756979763507843018e-02,1.415041089057922363e+00
-6.594003677368164062e+00,-1.714383363723754883e+00,6.566902995109558105e-01,2.286076173186302185e-02,5.742565728724002838e-03,-6.949046850204467773e-01,-7.187154293060302734e-01,-1.536312550306320190e-01,5.649951845407485962e-02,3.358497917652130127e-01,3.442097008228302002e-01,-2.037707418203353882e-01,2.790917828679084778e-02,-2.006535232067108154e-01,7.694990187883377075e-02,8.929150644689798355e-04,2.882296442985534668e-01,-1.027614921331405640e-01,-3.474431484937667847e-02,-6.131340563297271729e-02,4.984271712601184845e-03,1.019617989659309387e-01,3.488522022962570190e-02,1.375893712043762207e+00,-5.921224504709243774e-02,-7.237993180751800537e-02,6.821296364068984985e-02,1.416374921798706055e+00
-6.589693546295166016e+00,-1.712862491607666016e+00,6.586717963218688965e-01,2.538442611694335938e-02,8.412036113440990448e-03,-6.911951899528503418e-01,-7.221731543540954590e-01,-1.340288221836090088e-01,6.605190783739089966e-02,3.448364436626434326e-01,3.097327351570129395e-01,-1.882152557373046875e-01,2.097870968282222748e-02,-2.206029742956161499e-01,7.315027713775634766e-02,-5.912313237786293030e-03,3.453754484653472900e-01,-1.349111050367355347e-01,-2.454586699604988098e-02,-5.934038758277893066e-02,6.612728815525770187e-03,1.124604791402816772e-01,3.931181505322456360e-02,1.392089962959289551e+00,-6.051672250032424927e-02,-7.262671738862991333e-02,7.053397595882415771e-02,1.419321775436401367e+00
-6.585612773895263672e+00,-1.710745930671691895e+00,6.606853604316711426e-01,2.758328802883625031e-02,1.076897606253623962e-02,-6.887865066528320312e-01,-7.243592739105224609e-01,-1.123486980795860291e-01,7.309399545192718506e-02,3.517473936080932617e-01,2.708374261856079102e-01,-1.705634593963623047e-01,1.374196819961071014e-02,-2.388458251953125000e-01,5.784030258655548096e-02,-9.739048779010772705e-03,3.927560448646545410e-01,-1.569702327251434326e-01,-4.053453449159860611e-03,-5.876772850751876831e-02,1.159240771085023880e-02,1.245811432600021362e-01,5.130112916231155396e-02,1.406472921371459961e+00,-6.095325201749801636e-02,-7.596766948699951172e-02,6.874320656061172485e-02,1.421620607376098633e+00
-6.581223487854003906e+00,-1.708446264266967773e+00,6.625521779060363770e-01,2.922584861516952515e-02,1.284751016646623611e-02,-6.877111792564392090e-01,-7.252821326255798340e-01,-9.110078215599060059e-02,7.998689264059066772e-02,3.561281263828277588e-01,2.334177792072296143e-01,-1.535314917564392090e-01,5.718475207686424255e-03,-2.551385462284088135e-01,3.320013359189033508e-02,-5.689082667231559753e-03,4.282801151275634766e-01,-1.678168773651123047e-01,2.637588232755661011e-02,-5.994094908237457275e-02,1.662874035537242889e-02,1.386335790157318115e-01,6.143189221620559692e-02,1.418883442878723145e+00,-6.121267005801200867e-02,-8.198604732751846313e-02,6.310829520225524902e-02,1.425183773040771484e+00
-6.576930522918701172e+00,-1.706254601478576660e+00,6.639749407768249512e-01,3.046488016843795776e-02,1.445452496409416199e-02,-6.879121065139770508e-01,-7.250102758407592773e-01,-7.364539802074432373e-02,8.741775155067443848e-02,3.570277690887451172e-01,2.030678987503051758e-01,-1.386909633874893188e-01,-3.462038701400160789e-03,-2.688215076923370361e-01,2.849547425284981728e-03,6.640368141233921051e-03,4.500975906848907471e-01,-1.694433838129043579e-01,6.272049993276596069e-02,-6.252705305814743042e-02,1.895889453589916229e-02,1.532375216484069824e-01,6.454027444124221802e-02,1.429767012596130371e+00,-6.104012951254844666e-02,-8.890402317047119141e-02,5.369192734360694885e-02,1.431273460388183594e+00
-6.570251464843750000e+00,-1.703085064888000488e+00,6.649255752563476562e-01,3.113968111574649811e-02,1.597603224217891693e-02,-6.886339783668518066e-01,-7.242640256881713867e-01,-5.714444443583488464e-02,9.729389846324920654e-02,3.562261462211608887e-01,1.788568049669265747e-01,-1.268239319324493408e-01,-1.516975834965705872e-02,-2.792789638042449951e-01,-3.749401867389678955e-02,3.369600698351860046e-02,4.528659284114837646e-01,-1.581327766180038452e-01,1.100350245833396912e-01,-6.371890753507614136e-02,2.004719525575637817e-02,1.707151830196380615e-01,6.410121172666549683e-02,1.439756989479064941e+00,-6.093404442071914673e-02,-9.599567204713821411e-02,3.927218914031982422e-02,1.441899061203002930e+00
-6.564546108245849609e+00,-1.699913501739501953e+00,6.656251549720764160e-01,3.144704923033714294e-02,1.706707850098609924e-02,-6.893655061721801758e-01,-7.235295176506042480e-01,-4.300932958722114563e-02,1.067812517285346985e-01,3.555234372615814209e-01,1.610882580280303955e-01,-1.187528222799301147e-01,-2.696465328335762024e-02,-2.859191596508026123e-01,-7.584872841835021973e-02,6.502580642700195312e-02,4.434756338596343994e-01,-1.428542137145996094e-01,1.511032134294509888e-01,-6.351790577173233032e-02,2.187182381749153137e-02,1.863174438476562500e-01,6.538520008325576782e-02,1.447364926338195801e+00,-6.083252653479576111e-02,-1.016976758837699890e-01,2.489907853305339813e-02,1.453301191329956055e+00
-6.556413650512695312e+00,-1.695848822593688965e+00,6.658502817153930664e-01,3.138030692934989929e-02,1.792181842029094696e-02,-6.899108886718750000e-01,-7.229917049407958984e-01,-2.977153658866882324e-02,1.186907887458801270e-01,3.548533320426940918e-01,1.487572938203811646e-01,-1.132601276040077209e-01,-4.124787449836730957e-02,-2.864854633808135986e-01,-1.180210784077644348e-01,9.855130314826965332e-02,4.163957536220550537e-01,-1.212765201926231384e-01,1.847446560859680176e-01,-6.296029686927795410e-02,2.607499994337558746e-02,2.028193175792694092e-01,7.454679161310195923e-02,1.453499317169189453e+00,-6.265164911746978760e-02,-1.071498245000839233e-01,1.297894213348627090e-02,1.466431736946105957e+00
-6.549288272857666016e+00,-1.692385196685791016e+00,6.658434271812438965e-01,3.108555078506469727e-02,1.831225864589214325e-02,-6.902841329574584961e-01,-7.226383686065673828e-01,-1.866866648197174072e-02,1.302874237298965454e-01,3.547772467136383057e-01,1.400128006935119629e-01,-1.088646128773689270e-01,-5.587984994053840637e-02,-2.840132713317871094e-01,-1.554207205772399902e-01,1.269026696681976318e-01,3.827350735664367676e-01,-9.620064496994018555e-02,2.084225416183471680e-01,-6.135614961385726929e-02,3.063453361392021179e-02,2.174705713987350464e-01,8.482471853494644165e-02,1.458129286766052246e+00,-6.356205046176910400e-02,-1.117835417389869690e-01,3.925863187760114670e-03,1.475483536720275879e+00
-6.540519714355468750e+00,-1.689090132713317871e+00,6.652934551239013672e-01,3.029731288552284241e-02,1.817147620022296906e-02,-6.907371282577514648e-01,-7.222424149513244629e-01,-9.636635892093181610e-03,1.432363837957382202e-01,3.544586300849914551e-01,1.343182474374771118e-01,-1.051875352859497070e-01,-7.209515571594238281e-02,-2.761895954608917236e-01,-1.917504519224166870e-01,1.464485675096511841e-01,3.388367593288421631e-01,-6.838062405586242676e-02,2.297818213701248169e-01,-6.062572076916694641e-02,3.574398532509803772e-02,2.331608086824417114e-01,9.408862143754959106e-02,1.461346626281738281e+00,-6.423322856426239014e-02,-1.169565245509147644e-01,-2.270565135404467583e-03,1.479423522949218750e+00
-6.527575492858886719e+00,-1.685351252555847168e+00,6.635527014732360840e-01,2.859562821686267853e-02,1.681142486631870270e-02,-6.930580139160156250e-01,-7.201182246208190918e-01,-5.171968601644039154e-03,1.595168411731719971e-01,3.481741249561309814e-01,1.343471854925155640e-01,-1.016656234860420227e-01,-9.280615299940109253e-02,-2.588521838188171387e-01,-2.300080358982086182e-01,1.390963047742843628e-01,2.848791480064392090e-01,-5.082685127854347229e-02,2.630196511745452881e-01,-6.738949567079544067e-02,4.130812734365463257e-02,2.488718479871749878e-01,1.039121747016906738e-01,1.463551044464111328e+00,-6.437616795301437378e-02,-1.245731338858604431e-01,-5.521511659026145935e-03,1.475453376770019531e+00
-6.515288352966308594e+00,-1.682318210601806641e+00,6.614671945571899414e-01,2.676418796181678772e-02,1.509841904044151306e-02,-6.953839063644409180e-01,-7.179811596870422363e-01,-3.311574924737215042e-03,1.759835481643676758e-01,3.419402539730072021e-01,1.377996504306793213e-01,-9.924902766942977905e-02,-1.139365583658218384e-01,-2.401521503925323486e-01,-2.589639127254486084e-01,1.178770363330841064e-01,2.393986582756042480e-01,-3.790846839547157288e-02,2.947809398174285889e-01,-7.382816076278686523e-02,4.435648769140243530e-02,2.627978324890136719e-01,1.102135479450225830e-01,1.465740680694580078e+00,-6.367321312427520752e-02,-1.326235830783843994e-01,-9.837136603891849518e-03,1.467368245124816895e+00
-6.501431465148925781e+00,-1.679625630378723145e+00,6.587538123130798340e-01,2.495741471648216248e-02,1.306252926588058472e-02,-6.960199475288391113e-01,-7.174696922302246094e-01,-2.010524738579988480e-03,1.955709308385848999e-01,3.394715189933776855e-01,1.437880098819732666e-01,-9.699483960866928101e-02,-1.382675915956497192e-01,-2.261475175619125366e-01,-2.758956253528594971e-01,9.270717948675155640e-02,2.068101316690444946e-01,-2.467262558639049530e-02,3.174597322940826416e-01,-7.398799806833267212e-02,4.510744661092758179e-02,2.768704295158386230e-01,1.144776791334152222e-01,1.468049883842468262e+00,-6.079901754856109619e-02,-1.408128589391708374e-01,-1.723237708210945129e-02,1.456337571144104004e+00
-6.485166072845458984e+00,-1.677357196807861328e+00,6.552705764770507812e-01,2.283935062587261200e-02,1.102038286626338959e-02,-6.935889124870300293e-01,-7.199245095252990723e-01,2.794417319819331169e-03,2.187516838312149048e-01,3.460414409637451172e-01,1.486310511827468872e-01,-9.355547279119491577e-02,-1.670684963464736938e-01,-2.236908227205276489e-01,-2.769337892532348633e-01,7.736134529113769531e-02,1.975283324718475342e-01,-2.157763950526714325e-02,3.209740817546844482e-01,-6.335977464914321899e-02,4.351210221648216248e-02,2.934731543064117432e-01,1.198791041970252991e-01,1.471979498863220215e+00,-5.760390684008598328e-02,-1.476699262857437134e-01,-2.676322124898433685e-02,1.444964647293090820e+00
-6.467248439788818359e+00,-1.675551533699035645e+00,6.512528657913208008e-01,2.015943452715873718e-02,8.283429779112339020e-03,-6.880494952201843262e-01,-7.253363728523254395e-01,1.389764714986085892e-02,2.414155751466751099e-01,3.616756796836853027e-01,1.467319726943969727e-01,-8.570525050163269043e-02,-1.988337486982345581e-01,-2.358190715312957764e-01,-2.655051052570343018e-01,7.733216136693954468e-02,2.179067283868789673e-01,-3.817597776651382446e-02,3.086411952972412109e-01,-4.573510959744453430e-02,4.392754286527633667e-02,3.107098639011383057e-01,1.333060264587402344e-01,1.474976301193237305e+00,-5.971118062734603882e-02,-1.518248617649078369e-01,-3.218086808919906616e-02,1.439248681068420410e+00
-6.450595855712890625e+00,-1.674257040023803711e+00,6.472573280334472656e-01,1.738617569208145142e-02,5.362742114812135696e-03,-6.815459728240966797e-01,-7.315490841865539551e-01,2.831357903778553009e-02,2.622459828853607178e-01,3.800015747547149658e-01,1.388336420059204102e-01,-7.398364692926406860e-02,-2.299150377511978149e-01,-2.585923075675964355e-01,-2.466934323310852051e-01,8.739461004734039307e-02,2.597453892230987549e-01,-6.407736241817474365e-02,2.886394858360290527e-01,-2.847049385309219360e-02,4.902988672256469727e-02,3.257372379302978516e-01,1.579482555389404297e-01,1.476626753807067871e+00,-6.807343661785125732e-02,-1.524068713188171387e-01,-3.010786324739456177e-02,1.441351294517517090e+00
-6.431231975555419922e+00,-1.672955870628356934e+00,6.437889933586120605e-01,1.599317416548728943e-02,2.409699372947216034e-03,-6.765011548995971680e-01,-7.362639307975769043e-01,3.615427762269973755e-02,2.886635959148406982e-01,3.905128538608551025e-01,1.274997442960739136e-01,-3.439820930361747742e-02,-2.643516659736633301e-01,-2.832587659358978271e-01,-2.189054936170578003e-01,9.511018544435501099e-02,3.035989403724670410e-01,-8.107070624828338623e-02,2.601629495620727539e-01,-1.710238493978977203e-02,7.141020148992538452e-02,3.321806788444519043e-01,2.167674154043197632e-01,1.469983577728271484e+00,-8.273505419492721558e-02,-1.442965269088745117e-01,-5.758832674473524094e-03,1.447581410408020020e+00
-6.415224075317382812e+00,-1.671467423439025879e+00,6.419706940650939941e-01,1.539863646030426025e-02,4.549142613541334867e-04,-6.739829182624816895e-01,-7.385863065719604492e-01,3.427200019359588623e-02,3.168919086456298828e-01,3.903649747371673584e-01,1.219261735677719116e-01,2.915207296609878540e-02,-2.959652841091156006e-01,-2.917860150337219238e-01,-1.937829554080963135e-01,9.259143471717834473e-02,3.232429027557373047e-01,-8.796193450689315796e-02,2.336386293172836304e-01,-1.320370845496654510e-02,9.946745634078979492e-02,3.292598128318786621e-01,2.812844812870025635e-01,1.457435727119445801e+00,-9.787385165691375732e-02,-1.331231147050857544e-01,3.032858669757843018e-02,1.451205968856811523e+00
-6.399662971496582031e+00,-1.669320940971374512e+00,6.419055461883544922e-01,1.539070252329111099e-02,-8.134036033879965544e-05,-6.755504012107849121e-01,-7.371531724929809570e-01,1.731455884873867035e-02,3.490441441535949707e-01,3.849495053291320801e-01,1.259071379899978638e-01,1.351810246706008911e-01,-3.284943699836730957e-01,-2.792519330978393555e-01,-1.715310811996459961e-01,7.558046281337738037e-02,3.152490258216857910e-01,-8.708230406045913696e-02,2.071864753961563110e-01,-1.762595772743225098e-02,1.163092702627182007e-01,3.189752101898193359e-01,3.232512474060058594e-01,1.446511149406433105e+00,-1.099690049886703491e-01,-1.219294890761375427e-01,6.509686261415481567e-02,1.452446460723876953e+00
-6.384048938751220703e+00,-1.667830824851989746e+00,6.432309150695800781e-01,1.508924551308155060e-02,-1.758868020260706544e-04,-6.789004206657409668e-01,-7.340753078460693359e-01,-5.791444331407546997e-03,3.767788410186767578e-01,3.869172632694244385e-01,1.429566293954849243e-01,2.481814622879028320e-01,-3.313384950160980225e-01,-2.609186470508575439e-01,-1.487110257148742676e-01,5.616571381688117981e-02,2.957506477832794189e-01,-7.867583632469177246e-02,1.794129014015197754e-01,-2.098603360354900360e-02,1.151748076081275940e-01,3.052626848220825195e-01,3.236326575279235840e-01,1.436553001403808594e+00,-1.106927245855331421e-01,-1.149388253688812256e-01,7.774411141872406006e-02,1.448804259300231934e+00
-6.367133140563964844e+00,-1.666379332542419434e+00,6.463026404380798340e-01,1.405891403555870056e-02,-1.348347170278429985e-03,-6.811074614524841309e-01,-7.320472598075866699e-01,-2.289688214659690857e-02,3.928884863853454590e-01,4.264172315597534180e-01,1.842304766178131104e-01,3.007448613643646240e-01,-2.878185808658599854e-01,-2.395226657390594482e-01,-1.260817646980285645e-01,4.262198507785797119e-02,2.622605860233306885e-01,-6.174520403146743774e-02,1.509586572647094727e-01,-1.355721242725849152e-02,1.049451753497123718e-01,2.850271165370941162e-01,2.992826700210571289e-01,1.418282628059387207e+00,-1.005710065364837646e-01,-1.142629384994506836e-01,7.430811971426010132e-02,1.436772823333740234e+00
-6.353710174560546875e+00,-1.664796710014343262e+00,6.498640179634094238e-01,1.288093160837888718e-02,-2.954836701974272728e-03,-6.821098923683166504e-01,-7.311302423477172852e-01,-3.316009044647216797e-02,4.000178873538970947e-01,4.785097539424896240e-01,2.367632091045379639e-01,2.972284853458404541e-01,-2.410963922739028931e-01,-2.185442298650741577e-01,-1.071544885635375977e-01,3.465685620903968811e-02,2.272054553031921387e-01,-4.547298699617385864e-02,1.268685609102249146e-01,-3.006752114742994308e-03,9.626622498035430908e-02,2.637913227081298828e-01,2.764945626258850098e-01,1.396955609321594238e+00,-8.989516645669937134e-02,-1.161823123693466187e-01,7.429139316082000732e-02,1.424478769302368164e+00
-6.341253280639648438e+00,-1.663100123405456543e+00,6.529965400695800781e-01,1.109386328607797623e-02,-4.675401840358972549e-03,-6.834344863891601562e-01,-7.299125790596008301e-01,-4.885589331388473511e-02,3.968787491321563721e-01,5.144870281219482422e-01,3.085372447967529297e-01,2.495197355747222900e-01,-2.111655026674270630e-01,-1.986615806818008423e-01,-9.277772158384323120e-02,2.650726214051246643e-02,1.951511502265930176e-01,-3.133317455649375916e-02,1.059051528573036194e-01,5.243953317403793335e-03,8.834150433540344238e-02,2.431805580854415894e-01,2.582742273807525635e-01,1.372226119041442871e+00,-8.547844737768173218e-02,-1.191855147480964661e-01,8.903092145919799805e-02,1.416942715644836426e+00
-6.332031726837158203e+00,-1.661674380302429199e+00,6.554791927337646484e-01,9.407773613929748535e-03,-6.214595865458250046e-03,-6.847558617591857910e-01,-7.286853194236755371e-01,-7.230234891176223755e-02,3.864792287349700928e-01,5.188917517662048340e-01,3.777290880680084229e-01,1.996580511331558228e-01,-1.967822760343551636e-01,-1.813136339187622070e-01,-8.204367011785507202e-02,1.937771216034889221e-02,1.688013672828674316e-01,-2.073560282588005066e-02,8.950815349817276001e-02,1.138693746179342270e-02,8.133754879236221313e-02,2.266439050436019897e-01,2.425415515899658203e-01,1.349189162254333496e+00,-8.376948535442352295e-02,-1.215654015541076660e-01,1.022826507687568665e-01,1.414410591125488281e+00
-6.324163913726806641e+00,-1.660105586051940918e+00,6.572213172912597656e-01,8.048107847571372986e-03,-7.604179438203573227e-03,-6.867136955261230469e-01,-7.268436551094055176e-01,-1.047806963324546814e-01,3.619670569896697998e-01,4.895434975624084473e-01,4.398126900196075439e-01,1.497075557708740234e-01,-1.976639181375503540e-01,-1.662277877330780029e-01,-7.349047064781188965e-02,1.151050720363855362e-02,1.470514386892318726e-01,-1.291802804917097092e-02,7.581097632646560669e-02,1.523681730031967163e-02,7.302315533161163330e-02,2.107981890439987183e-01,2.229562252759933472e-01,1.328271627426147461e+00,-8.077231049537658691e-02,-1.234747543931007385e-01,1.052096188068389893e-01,1.414515376091003418e+00
-6.315398216247558594e+00,-1.658664345741271973e+00,6.585400104522705078e-01,6.511434912681579590e-03,-8.582250215113162994e-03,-6.900057792663574219e-01,-7.237237095832824707e-01,-1.406892985105514526e-01,3.131319880485534668e-01,4.362115561962127686e-01,4.895439147949218750e-01,8.806224167346954346e-02,-1.925420463085174561e-01,-1.529097259044647217e-01,-6.536668539047241211e-02,1.007824903354048729e-03,1.308850198984146118e-01,-8.175215683877468109e-03,6.267968565225601196e-02,1.503681298345327377e-02,6.179755926132202148e-02,1.936108618974685669e-01,1.965447068214416504e-01,1.308807849884033203e+00,-7.585208863019943237e-02,-1.222072541713714600e-01,9.888241440057754517e-02,1.418409585952758789e+00
-6.308884143829345703e+00,-1.657834649085998535e+00,6.595899462699890137e-01,5.418505985289812088e-03,-9.243525564670562744e-03,-6.933529973030090332e-01,-7.205184102058410645e-01,-1.698273271322250366e-01,2.615290582180023193e-01,3.871342241764068604e-01,5.247725844383239746e-01,2.772630937397480011e-02,-1.730605512857437134e-01,-1.428105682134628296e-01,-5.807519704103469849e-02,-9.016210213303565979e-03,1.201186776161193848e-01,-5.518470890820026398e-03,5.168602243065834045e-02,1.323523279279470444e-02,4.992899298667907715e-02,1.781332045793533325e-01,1.695751249790191650e-01,1.294759869575500488e+00,-7.087215781211853027e-02,-1.191509738564491272e-01,9.183410555124282837e-02,1.424113988876342773e+00
-6.304026603698730469e+00,-1.657313823699951172e+00,6.604647636413574219e-01,4.600826650857925415e-03,-9.719254449009895325e-03,-6.964385509490966797e-01,-7.175358533859252930e-01,-1.906291693449020386e-01,2.080964744091033936e-01,3.455078005790710449e-01,5.465146303176879883e-01,-3.236571699380874634e-02,-1.403259485960006714e-01,-1.345992535352706909e-01,-5.161098763346672058e-02,-1.761737838387489319e-02,1.117305681109428406e-01,-3.960452508181333542e-03,4.248541221022605896e-02,1.107051223516464233e-02,3.795917704701423645e-02,1.636006385087966919e-01,1.431138664484024048e-01,1.285501480102539062e+00,-6.551606208086013794e-02,-1.150323227047920227e-01,8.548236638307571411e-02,1.430105924606323242e+00
-6.299834251403808594e+00,-1.656577706336975098e+00,6.611967086791992188e-01,4.370883572846651077e-03,-9.779079817235469818e-03,-6.990906596183776855e-01,-7.149528264999389648e-01,-2.000431418418884277e-01,1.529262065887451172e-01,3.167167603969573975e-01,5.512475371360778809e-01,-1.009309440851211548e-01,-9.778178483247756958e-02,-1.261904984712600708e-01,-4.495475813746452332e-02,-2.520334534347057343e-02,1.019644290208816528e-01,-1.252358895726501942e-03,3.480557352304458618e-02,1.082623563706874847e-02,2.445849776268005371e-02,1.490863263607025146e-01,1.152173802256584167e-01,1.280584454536437988e+00,-5.863471329212188721e-02,-1.088157370686531067e-01,7.847919315099716187e-02,1.436007857322692871e+00
-6.296365737915039062e+00,-1.655036091804504395e+00,6.615664958953857422e-01,4.709417000412940979e-03,-9.078426286578178406e-03,-7.004972696304321289e-01,-7.135818004608154297e-01,-1.984151154756546021e-01,1.020726040005683899e-01,3.012531101703643799e-01,5.393736362457275391e-01,-1.707280725240707397e-01,-5.374392867088317871e-02,-1.169123873114585876e-01,-3.767000883817672729e-02,-3.023367933928966522e-02,9.123253077268600464e-02,1.687182928435504436e-03,2.863685414195060730e-02,1.194823253899812698e-02,1.103984843939542770e-02,1.349051147699356079e-01,9.143991768360137939e-02,1.281048417091369629e+00,-5.260583013296127319e-02,-1.010427102446556091e-01,7.503637671470642090e-02,1.440862894058227539e+00
-6.293573856353759766e+00,-1.652901411056518555e+00,6.614368557929992676e-01,6.269996054470539093e-03,-7.265165913850069046e-03,-7.010408639907836914e-01,-7.130565047264099121e-01,-1.900023072957992554e-01,6.025228276848793030e-02,2.924042344093322754e-01,5.108833909034729004e-01,-2.280363142490386963e-01,-1.267318055033683777e-02,-1.096152290701866150e-01,-2.801011689007282257e-02,-3.295570611953735352e-02,8.524978905916213989e-02,1.867915969341993332e-03,2.356424741446971893e-02,1.115645933896303177e-02,1.814839546568691730e-03,1.219913065433502197e-01,7.716587930917739868e-02,1.283961415290832520e+00,-4.924464225769042969e-02,-9.123684465885162354e-02,7.968760281801223755e-02,1.443665742874145508e+00
-6.290654659271240234e+00,-1.650357604026794434e+00,6.605203151702880859e-01,9.366429410874843597e-03,-4.246961325407028198e-03,-7.010120749473571777e-01,-7.130752205848693848e-01,-1.747829914093017578e-01,3.126503154635429382e-02,2.899465262889862061e-01,4.622208178043365479e-01,-2.454283833503723145e-01,1.932320371270179749e-02,-1.084894016385078430e-01,-1.417818665504455566e-02,-3.346181660890579224e-02,9.350194782018661499e-02,-6.777953822165727615e-03,1.835552230477333069e-02,5.857862066477537155e-03,-1.836662762798368931e-03,1.121245846152305603e-01,7.140963524580001831e-02,1.286887168884277344e+00,-4.925699532032012939e-02,-8.028228580951690674e-02,8.938775211572647095e-02,1.443490505218505859e+00
-6.287200927734375000e+00,-1.647605895996093750e+00,6.591664552688598633e-01,1.474275067448616028e-02,3.101798938587307930e-04,-6.985279917716979980e-01,-7.154307961463928223e-01,-1.560337990522384644e-01,2.412413619458675385e-02,2.982280254364013672e-01,4.061906933784484863e-01,-2.392937690019607544e-01,3.630073368549346924e-02,-1.190586909651756287e-01,6.281259469687938690e-03,-2.645776979625225067e-02,1.226611211895942688e-01,-2.585827372968196869e-02,1.264765672385692596e-02,7.274301606230437756e-04,-2.929689129814505577e-03,1.078263372182846069e-01,7.118012011051177979e-02,1.290766596794128418e+00,-5.173285305500030518e-02,-6.938493251800537109e-02,9.895768761634826660e-02,1.438153505325317383e+00
-6.282897472381591797e+00,-1.645890474319458008e+00,6.585789322853088379e-01,2.004843577742576599e-02,4.772823769599199295e-03,-6.954500079154968262e-01,-7.182788848876953125e-01,-1.417778730392456055e-01,3.210058063268661499e-02,3.073561191558837891e-01,3.649029731750488281e-01,-2.284447103738784790e-01,3.912473097443580627e-02,-1.438785642385482788e-01,2.832356095314025879e-02,-1.601335592567920685e-02,1.771248877048492432e-01,-5.316519737243652344e-02,5.471988581120967865e-03,-8.610117249190807343e-03,-5.576512776315212250e-03,1.039558798074722290e-01,7.169911265373229980e-02,1.300877332687377930e+00,-5.749992281198501587e-02,-6.077600270509719849e-02,1.069883704185485840e-01,1.432402014732360840e+00
-6.276713371276855469e+00,-1.644907355308532715e+00,6.580981612205505371e-01,2.341023646295070648e-02,7.305343169718980789e-03,-6.946229934692382812e-01,-7.189558148384094238e-01,-1.353076994419097900e-01,4.242278262972831726e-02,3.099823594093322754e-01,3.427926599979400635e-01,-2.197361141443252563e-01,3.537594154477119446e-02,-1.728877723217010498e-01,4.534825682640075684e-02,-5.360538139939308167e-03,2.367317974567413330e-01,-7.837626338005065918e-02,-2.136847237125039101e-03,-2.494660951197147369e-02,-8.782120421528816223e-03,9.905931353569030762e-02,5.510624870657920837e-02,1.314540147781372070e+00,-5.807271972298622131e-02,-5.488814786076545715e-02,9.729417413473129272e-02,1.428042650222778320e+00
-6.272974967956542969e+00,-1.644127488136291504e+00,6.581830978393554688e-01,2.573148347437381744e-02,8.780158124864101410e-03,-6.951626539230346680e-01,-7.183381319046020508e-01,-1.292570531368255615e-01,4.900149628520011902e-02,3.089447617530822754e-01,3.233017921447753906e-01,-2.102320641279220581e-01,3.213579580187797546e-02,-1.945438086986541748e-01,5.545050278306007385e-02,2.056558150798082352e-03,2.840205132961273193e-01,-1.062551066279411316e-01,-5.080918315798044205e-03,-3.831294551491737366e-02,-1.306438446044921875e-02,9.572283923625946045e-02,3.043198958039283752e-02,1.327861666679382324e+00,-5.485560372471809387e-02,-5.086318776011466980e-02,8.623135834932327271e-02,1.423096776008605957e+00
-6.270020484924316406e+00,-1.643254995346069336e+00,6.590297222137451172e-01,2.781843021512031555e-02,1.062700338661670685e-02,-6.952365040779113770e-01,-7.181639075279235840e-01,-1.201292499899864197e-01,5.578174069523811340e-02,3.087497651576995850e-01,3.017963767051696777e-01,-1.994834095239639282e-01,2.827515453100204468e-02,-2.104794234037399292e-01,6.060501933097839355e-02,9.943140670657157898e-03,3.239052295684814453e-01,-1.386691182851791382e-01,-2.795569133013486862e-03,-4.568879306316375732e-02,-1.611665077507495880e-02,9.679154306650161743e-02,9.109448641538619995e-03,1.342584133148193359e+00,-4.942189157009124756e-02,-4.738152027130126953e-02,8.492328226566314697e-02,1.415756106376647949e+00
-6.267458438873291016e+00,-1.642499446868896484e+00,6.602582931518554688e-01,2.993164211511611938e-02,1.277887914329767227e-02,-6.941576600074768066e-01,-7.190868854522705078e-01,-1.095797270536422729e-01,6.412283331155776978e-02,3.118971586227416992e-01,2.806111574172973633e-01,-1.885472238063812256e-01,2.314873039722442627e-02,-2.213195115327835083e-01,5.958967283368110657e-02,1.842848584055900574e-02,3.541934788227081299e-01,-1.640336215496063232e-01,6.074618548154830933e-03,-4.815817624330520630e-02,-1.490192953497171402e-02,1.016725972294807434e-01,6.199083290994167328e-03,1.357029199600219727e+00,-4.467392712831497192e-02,-4.532911255955696106e-02,9.331990033388137817e-02,1.409063100814819336e+00
-6.264824867248535156e+00,-1.640715479850769043e+00,6.616925597190856934e-01,3.198196366429328918e-02,1.533626299351453781e-02,-6.926888227462768555e-01,-7.203639149665832520e-01,-9.475916624069213867e-02,7.280109077692031860e-02,3.158855140209197998e-01,2.568445801734924316e-01,-1.777454316616058350e-01,1.719507388770580292e-02,-2.268441915512084961e-01,5.145133286714553833e-02,2.440834231674671173e-02,3.730245828628540039e-01,-1.773806512355804443e-01,2.192206121981143951e-02,-4.866193979978561401e-02,-9.535585530102252960e-03,1.114536151289939880e-01,1.744317077100276947e-02,1.368995428085327148e+00,-3.981296718120574951e-02,-4.626208543777465820e-02,9.688899666070938110e-02,1.405492424964904785e+00
-6.262161731719970703e+00,-1.637847304344177246e+00,6.630668044090270996e-01,3.382592275738716125e-02,1.781381107866764069e-02,-6.917809247970581055e-01,-7.210947275161743164e-01,-7.838983833789825439e-02,8.062033355236053467e-02,3.194647133350372314e-01,2.340426594018936157e-01,-1.687012910842895508e-01,1.107362192124128342e-02,-2.298147529363632202e-01,3.241587802767753601e-02,2.996795251965522766e-02,3.798381984233856201e-01,-1.797162890434265137e-01,4.782287403941154480e-02,-4.933495074510574341e-02,-2.361612394452095032e-03,1.265507340431213379e-01,2.981210686266422272e-02,1.378282785415649414e+00,-3.407807275652885437e-02,-4.894180595874786377e-02,8.725373446941375732e-02,1.407459735870361328e+00
-6.257266521453857422e+00,-1.634484291076660156e+00,6.639310121536254883e-01,3.511705249547958374e-02,1.992633193731307983e-02,-6.916996240615844727e-01,-7.210556864738464355e-01,-6.469908356666564941e-02,9.047634899616241455e-02,3.207416236400604248e-01,2.179925143718719482e-01,-1.623216569423675537e-01,2.191364765167236328e-03,-2.293149977922439575e-01,1.916570938192307949e-03,3.830164670944213867e-02,3.709489405155181885e-01,-1.683545410633087158e-01,8.425912261009216309e-02,-5.087396875023841858e-02,4.406511783599853516e-03,1.459264457225799561e-01,3.931113705039024353e-02,1.389747262001037598e+00,-2.629125677049160004e-02,-5.423232167959213257e-02,6.414183974266052246e-02,1.416491508483886719e+00
-6.252757072448730469e+00,-1.631832838058471680e+00,6.646225452423095703e-01,3.596789017319679260e-02,2.155495621263980865e-02,-6.917659640312194824e-01,-7.209032773971557617e-01,-5.486636981368064880e-02,1.008020266890525818e-01,3.210731744766235352e-01,2.084769606590270996e-01,-1.579883545637130737e-01,-7.049100473523139954e-03,-2.255436033010482788e-01,-2.989604324102401733e-02,4.923133552074432373e-02,3.529477119445800781e-01,-1.532296538352966309e-01,1.208370998501777649e-01,-5.102549120783805847e-02,9.466834366321563721e-03,1.639154702425003052e-01,4.783490300178527832e-02,1.401840329170227051e+00,-1.970107108354568481e-02,-5.993877723813056946e-02,4.217877984046936035e-02,1.428480625152587891e+00
-6.247082710266113281e+00,-1.628876566886901855e+00,6.649945378303527832e-01,3.642578050494194031e-02,2.296653948724269867e-02,-6.917213201522827148e-01,-7.208795547485351562e-01,-4.600818082690238953e-02,1.128637045621871948e-01,3.215366601943969727e-01,2.036537230014801025e-01,-1.560871303081512451e-01,-1.818333938717842102e-02,-2.186533063650131226e-01,-6.323907524347305298e-02,6.315246969461441040e-02,3.270310163497924805e-01,-1.393380016088485718e-01,1.588987857103347778e-01,-4.943368211388587952e-02,1.391525845974683762e-02,1.825137585401535034e-01,5.730583518743515015e-02,1.416000127792358398e+00,-1.461574621498584747e-02,-6.578789651393890381e-02,2.371649444103240967e-02,1.443916082382202148e+00
-6.240749835968017578e+00,-1.625623583793640137e+00,6.652197241783142090e-01,3.683940693736076355e-02,2.419242821633815765e-02,-6.915550827980041504e-01,-7.209779024124145508e-01,-3.761345148086547852e-02,1.262135058641433716e-01,3.222103118896484375e-01,2.011990100145339966e-01,-1.551328897476196289e-01,-3.108389303088188171e-02,-2.118720263242721558e-01,-9.782420098781585693e-02,7.772008329629898071e-02,2.977943122386932373e-01,-1.221867874264717102e-01,1.930200010538101196e-01,-4.696317389607429504e-02,1.798110641539096832e-02,2.034608274698257446e-01,6.866542249917984009e-02,1.431188106536865234e+00,-1.075994409620761871e-02,-7.124675810337066650e-02,9.906327351927757263e-03,1.459602832794189453e+00
-6.233365535736083984e+00,-1.622136116027832031e+00,6.652355790138244629e-01,3.674844652414321899e-02,2.508345618844032288e-02,-6.905251145362854004e-01,-7.219386696815490723e-01,-2.713342756032943726e-02,1.391626447439193726e-01,3.257706165313720703e-01,1.970655024051666260e-01,-1.540410518646240234e-01,-4.489734396338462830e-02,-2.073397487401962280e-01,-1.315323859453201294e-01,9.042516350746154785e-02,2.691118121147155762e-01,-9.880574047565460205e-02,2.159042358398437500e-01,-4.308884963393211365e-02,2.221234515309333801e-02,2.244506776332855225e-01,8.275593072175979614e-02,1.446753263473510742e+00,-8.346347138285636902e-03,-7.722140103578567505e-02,-3.271452384069561958e-03,1.474758744239807129e+00
-6.225641727447509766e+00,-1.618739843368530273e+00,6.650843024253845215e-01,3.651443868875503540e-02,2.552208304405212402e-02,-6.888083815574645996e-01,-7.235733270645141602e-01,-1.423417869955301285e-02,1.513583511114120483e-01,3.321385979652404785e-01,1.875306814908981323e-01,-1.502278894186019897e-01,-5.991563946008682251e-02,-2.036319971084594727e-01,-1.639513522386550903e-01,9.482429176568984985e-02,2.430315762758255005e-01,-8.270545303821563721e-02,2.293653935194015503e-01,-3.764433413743972778e-02,2.858429402112960815e-02,2.450692504644393921e-01,1.014322116971015930e-01,1.460692167282104492e+00,-6.122366525232791901e-03,-8.351857960224151611e-02,-1.536583341658115387e-02,1.486439824104309082e+00
-6.215252876281738281e+00,-1.615373373031616211e+00,6.646214127540588379e-01,3.558348491787910461e-02,2.532722614705562592e-02,-6.862329244613647461e-01,-7.260693907737731934e-01,2.202757168561220169e-03,1.641015112400054932e-01,3.410345911979675293e-01,1.716821938753128052e-01,-1.424749791622161865e-01,-7.825452834367752075e-02,-1.989981532096862793e-01,-1.937036067247390747e-01,9.206438809633255005e-02,2.192685753107070923e-01,-7.484496384859085083e-02,2.354837357997894287e-01,-3.201018273830413818e-02,3.819222375750541687e-02,2.653424441814422607e-01,1.259147971868515015e-01,1.471811652183532715e+00,-5.700388457626104355e-03,-9.204636514186859131e-02,-2.279561012983322144e-02,1.493330717086791992e+00
-6.205494403839111328e+00,-1.612600207328796387e+00,6.638661026954650879e-01,3.425940126180648804e-02,2.471252158284187317e-02,-6.837864518165588379e-01,-7.284584045410156250e-01,1.786396466195583344e-02,1.757245659828186035e-01,3.494119346141815186e-01,1.555474549531936646e-01,-1.335376650094985962e-01,-9.649218618869781494e-02,-1.948712170124053955e-01,-2.168882638216018677e-01,8.860624581575393677e-02,1.990354657173156738e-01,-6.748995184898376465e-02,2.378991693258285522e-01,-2.863551303744316101e-02,4.974629357457160950e-02,2.835218012332916260e-01,1.504720598459243774e-01,1.479193568229675293e+00,-6.884596776217222214e-03,-1.000920757651329041e-01,-2.610009908676147461e-02,1.496316194534301758e+00
-6.194038391113281250e+00,-1.609542727470397949e+00,6.624872088432312012e-01,3.288688138127326965e-02,2.361844666302204132e-02,-6.816721558570861816e-01,-7.305365800857543945e-01,3.317307308316230774e-02,1.891426742076873779e-01,3.574574291706085205e-01,1.403570026159286499e-01,-1.243263334035873413e-01,-1.177172288298606873e-01,-1.929343640804290771e-01,-2.332025617361068726e-01,8.755730092525482178e-02,1.828262805938720703e-01,-5.930744111537933350e-02,2.441920340061187744e-01,-2.808680757880210876e-02,6.238423660397529602e-02,3.011242151260375977e-01,1.742675155401229858e-01,1.484567284584045410e+00,-9.337040595710277557e-03,-1.087231934070587158e-01,-2.959957160055637360e-02,1.494449138641357422e+00
-6.177376747131347656e+00,-1.606370210647583008e+00,6.594084501266479492e-01,3.066751547157764435e-02,2.151978947222232819e-02,-6.789067387580871582e-01,-7.332680821418762207e-01,4.588239267468452454e-02,2.083396762609481812e-01,3.670960366725921631e-01,1.332471221685409546e-01,-1.170969232916831970e-01,-1.457246243953704834e-01,-1.979852914810180664e-01,-2.380745112895965576e-01,9.899774193763732910e-02,1.754098385572433472e-01,-4.673954844474792480e-02,2.689698338508605957e-01,-2.672604843974113464e-02,7.292202115058898926e-02,3.210081458091735840e-01,1.930039674043655396e-01,1.492364645004272461e+00,-1.203760970383882523e-02,-1.171293929219245911e-01,-3.855387493968009949e-02,1.489636659622192383e+00
-6.163350582122802734e+00,-1.604930877685546875e+00,6.564111113548278809e-01,2.834203094244003296e-02,1.942390017211437225e-02,-6.759961843490600586e-01,-7.361037135124206543e-01,5.449092760682106018e-02,2.268061041831970215e-01,3.763216435909271240e-01,1.312187761068344116e-01,-1.110097393393516541e-01,-1.714613884687423706e-01,-2.049782127141952515e-01,-2.365986257791519165e-01,1.121882945299148560e-01,1.744278818368911743e-01,-3.684187307953834534e-02,2.872064709663391113e-01,-2.257397398352622986e-02,8.044464886188507080e-02,3.368437588214874268e-01,2.058600485324859619e-01,1.498876810073852539e+00,-1.315391156822443008e-02,-1.241684183478355408e-01,-4.946431890130043030e-02,1.483702182769775391e+00
-6.146763801574707031e+00,-1.604554533958435059e+00,6.526942253112792969e-01,2.569488622248172760e-02,1.692690886557102203e-02,-6.729471087455749512e-01,-7.390503287315368652e-01,6.077707558870315552e-02,2.485208213329315186e-01,3.844757378101348877e-01,1.307420581579208374e-01,-1.013431400060653687e-01,-2.005912512540817261e-01,-2.133335620164871216e-01,-2.240787148475646973e-01,1.229756250977516174e-01,1.876040250062942505e-01,-4.287852719426155090e-02,2.857643067836761475e-01,-1.510515809059143066e-02,8.606481552124023438e-02,3.531871438026428223e-01,2.160028815269470215e-01,1.502878546714782715e+00,-1.292511541396379471e-02,-1.299343407154083252e-01,-6.207586079835891724e-02,1.474496960639953613e+00
-6.126819133758544922e+00,-1.604919314384460449e+00,6.485130190849304199e-01,2.258315123617649078e-02,1.368813589215278625e-02,-6.698733568191528320e-01,-7.420056462287902832e-01,6.795094162225723267e-02,2.723204791545867920e-01,3.920524716377258301e-01,1.205493956804275513e-01,-7.571692764759063721e-02,-2.342277169227600098e-01,-2.292762249708175659e-01,-2.043938487768173218e-01,1.329043954610824585e-01,2.226427644491195679e-01,-6.231626123189926147e-02,2.689014077186584473e-01,-5.870703607797622681e-03,8.950739353895187378e-02,3.683633506298065186e-01,2.308266311883926392e-01,1.505845069885253906e+00,-1.680675148963928223e-02,-1.306598633527755737e-01,-6.062006577849388123e-02,1.467703819274902344e+00
-6.108952522277832031e+00,-1.606196403503417969e+00,6.454186439514160156e-01,2.029192633926868439e-02,1.084115449339151382e-02,-6.678567528724670410e-01,-7.439341545104980469e-01,7.010298967361450195e-02,2.968634963035583496e-01,3.935695290565490723e-01,1.087365448474884033e-01,-3.328936547040939331e-02,-2.655691802501678467e-01,-2.469921410083770752e-01,-1.821902394294738770e-01,1.387003958225250244e-01,2.593145370483398438e-01,-7.633333653211593628e-02,2.471667975187301636e-01,1.985906856134533882e-03,9.373871237039566040e-02,3.776376843452453613e-01,2.564354836940765381e-01,1.507444620132446289e+00,-2.241549640893936157e-02,-1.275380253791809082e-01,-4.980051890015602112e-02,1.463749051094055176e+00
-6.091272354125976562e+00,-1.607268214225769043e+00,6.439132690429687500e-01,1.850670948624610901e-02,8.015478961169719696e-03,-6.697604656219482422e-01,-7.423033118247985840e-01,5.378750711679458618e-02,3.271057605743408203e-01,3.839605748653411865e-01,1.066771149635314941e-01,4.927507787942886353e-02,-2.981248199939727783e-01,-2.524838447570800781e-01,-1.618086546659469604e-01,1.286893337965011597e-01,2.762622535228729248e-01,-7.854180037975311279e-02,2.217097282409667969e-01,2.736562630161643028e-03,1.041607484221458435e-01,3.752343356609344482e-01,2.989878654479980469e-01,1.499961733818054199e+00,-2.661229483783245087e-02,-1.223088428378105164e-01,-2.625963650643825531e-02,1.454571604728698730e+00
-6.074442386627197266e+00,-1.607115387916564941e+00,6.443608999252319336e-01,1.746272481977939606e-02,5.766357295215129852e-03,-6.746501922607421875e-01,-7.379084825515747070e-01,2.403780445456504822e-02,3.579381108283996582e-01,3.788265287876129150e-01,1.205299273133277893e-01,1.518033444881439209e-01,-3.273285031318664551e-01,-2.408475875854492188e-01,-1.431906074285507202e-01,1.071769967675209045e-01,2.670271098613739014e-01,-7.278113812208175659e-02,1.947634518146514893e-01,-2.203218638896942139e-03,1.091612800955772400e-01,3.622038066387176514e-01,3.340116739273071289e-01,1.487947225570678711e+00,-2.916994318366050720e-02,-1.176848709583282471e-01,-2.599489176645874977e-03,1.442842125892639160e+00
-6.056710720062255859e+00,-1.607592105865478516e+00,6.465624570846557617e-01,1.573051698505878448e-02,3.286142600700259209e-03,-6.804618835449218750e-01,-7.326072454452514648e-01,-7.568862754851579666e-03,3.800204694271087646e-01,3.954258561134338379e-01,1.594633609056472778e-01,2.245458364486694336e-01,-3.265215158462524414e-01,-2.234737873077392578e-01,-1.255063563585281372e-01,8.414642512798309326e-02,2.413557767868041992e-01,-5.634188652038574219e-02,1.663126796483993530e-01,-4.316325299441814423e-03,9.648542106151580811e-02,3.430741727352142334e-01,3.272142112255096436e-01,1.473529934883117676e+00,-2.873545326292514801e-02,-1.169467642903327942e-01,8.647787384688854218e-03,1.434711337089538574e+00
-6.042253494262695312e+00,-1.608852028846740723e+00,6.495673060417175293e-01,1.382922288030385971e-02,5.929266335442662239e-04,-6.844639778137207031e-01,-7.289152741432189941e-01,-2.854225970804691315e-02,3.905082941055297852e-01,4.278685152530670166e-01,2.068654149770736694e-01,2.490813285112380981e-01,-3.053154945373535156e-01,-2.077206075191497803e-01,-1.098415255546569824e-01,6.805658340454101562e-02,2.106284648180007935e-01,-3.572240099310874939e-02,1.411623805761337280e-01,-1.245972118340432644e-03,7.913952320814132690e-02,3.229373097419738770e-01,2.980733811855316162e-01,1.455241441726684570e+00,-2.688188478350639343e-02,-1.185485944151878357e-01,1.164871547371149063e-02,1.429541707038879395e+00
-6.028877735137939453e+00,-1.609308958053588867e+00,6.528146862983703613e-01,1.114617194980382919e-02,-2.871699398383498192e-03,-6.857297420501708984e-01,-7.277652025222778320e-01,-4.071426391601562500e-02,3.885449171066284180e-01,4.684920310974121094e-01,2.622954249382019043e-01,2.338550239801406860e-01,-2.804627418518066406e-01,-1.929702162742614746e-01,-9.708712995052337646e-02,6.092886254191398621e-02,1.781504452228546143e-01,-1.560913305729627609e-02,1.179332211613655090e-01,1.016345247626304626e-02,6.172156706452369690e-02,2.988354563713073730e-01,2.562963962554931641e-01,1.427757024765014648e+00,-2.671044878661632538e-02,-1.231972500681877136e-01,1.651441119611263275e-02,1.424355745315551758e+00
-6.016895771026611328e+00,-1.609424114227294922e+00,6.556780934333801270e-01,8.481449447572231293e-03,-6.136715412139892578e-03,-6.858342289924621582e-01,-7.276825308799743652e-01,-6.107179075479507446e-02,3.802799880504608154e-01,4.854353666305541992e-01,3.232329785823822021e-01,2.116673588752746582e-01,-2.651740610599517822e-01,-1.783563643693923950e-01,-8.586049079895019531e-02,5.739256739616394043e-02,1.449934989213943481e-01,4.362522624433040619e-03,9.757779538631439209e-02,2.174038626253604889e-02,4.936765506863594055e-02,2.744453847408294678e-01,2.204423993825912476e-01,1.393863558769226074e+00,-3.091222234070301056e-02,-1.285198032855987549e-01,2.833043038845062256e-02,1.421646237373352051e+00
-6.006838798522949219e+00,-1.609824299812316895e+00,6.578230261802673340e-01,6.077601574361324310e-03,-8.729449473321437836e-03,-6.864961385726928711e-01,-7.270556688308715820e-01,-9.137856960296630859e-02,3.643432557582855225e-01,4.682974517345428467e-01,3.843133449554443359e-01,1.850399523973464966e-01,-2.606376111507415771e-01,-1.653925627470016479e-01,-7.682102918624877930e-02,5.295097827911376953e-02,1.165431216359138489e-01,2.116268873214721680e-02,8.022718131542205811e-02,2.824605442583560944e-02,3.897453472018241882e-02,2.524815797805786133e-01,1.953755766153335571e-01,1.363085269927978516e+00,-3.992831334471702576e-02,-1.332677900791168213e-01,4.235950857400894165e-02,1.422458410263061523e+00
-5.997686862945556641e+00,-1.610503673553466797e+00,6.595326662063598633e-01,4.206039011478424072e-03,-1.105236355215311050e-02,-6.877961158752441406e-01,-7.258076071739196777e-01,-1.252659857273101807e-01,3.386994004249572754e-01,4.320449531078338623e-01,4.386917352676391602e-01,1.498108953237533569e-01,-2.579657435417175293e-01,-1.551988869905471802e-01,-6.805297732353210449e-02,4.818324744701385498e-02,9.303887188434600830e-02,3.506435453891754150e-02,6.465480476617813110e-02,3.035415522754192352e-02,2.854111790657043457e-02,2.312005758285522461e-01,1.748317778110504150e-01,1.337881445884704590e+00,-4.960384592413902283e-02,-1.356039047241210938e-01,5.263783782720565796e-02,1.425002932548522949e+00
-5.989277839660644531e+00,-1.611443638801574707e+00,6.609128117561340332e-01,2.601924119517207146e-03,-1.285446900874376297e-02,-6.898002624511718750e-01,-7.238809466361999512e-01,-1.570305526256561279e-01,3.059677481651306152e-01,3.920287489891052246e-01,4.823796749114990234e-01,1.089234426617622375e-01,-2.450891435146331787e-01,-1.480801850557327271e-01,-5.959279835224151611e-02,4.223020002245903015e-02,7.708134502172470093e-02,4.501278698444366455e-02,5.035670474171638489e-02,2.931394241750240326e-02,1.706117577850818634e-02,2.094420790672302246e-01,1.515380293130874634e-01,1.318087100982666016e+00,-5.787082016468048096e-02,-1.345253288745880127e-01,5.773560330271720886e-02,1.428886771202087402e+00
-5.981597423553466797e+00,-1.612452268600463867e+00,6.619881987571716309e-01,1.206104992888867855e-03,-1.432370673865079880e-02,-6.921861767768859863e-01,-7.215757966041564941e-01,-1.828886270523071289e-01,2.669119834899902344e-01,3.595922589302062988e-01,5.134284496307373047e-01,6.247737631201744080e-02,-2.182192206382751465e-01,-1.444546282291412354e-01,-5.146051943302154541e-02,3.650240600109100342e-02,6.914771348237991333e-02,5.026806890964508057e-02,3.725164756178855896e-02,2.721030451357364655e-02,3.046712372452020645e-03,1.854802966117858887e-01,1.226033270359039307e-01,1.304530262947082520e+00,-6.317475438117980957e-02,-1.313572525978088379e-01,5.818718671798706055e-02,1.433376550674438477e+00
-5.975178241729736328e+00,-1.613189339637756348e+00,6.627740859985351562e-01,7.929650746518746018e-05,-1.540055312216281891e-02,-6.947634816169738770e-01,-7.190733551979064941e-01,-2.001073062419891357e-01,2.235420346260070801e-01,3.405922353267669678e-01,5.299403667449951172e-01,8.939731866121292114e-03,-1.812170296907424927e-01,-1.414395421743392944e-01,-4.450703412294387817e-02,2.986052818596363068e-02,6.487900763750076294e-02,5.276878550648689270e-02,2.646538615226745605e-02,2.385821379721164703e-02,-1.270560175180435181e-02,1.608819216489791870e-01,9.104140102863311768e-02,1.297094464302062988e+00,-6.647396087646484375e-02,-1.255291551351547241e-01,5.644981935620307922e-02,1.437955975532531738e+00
-5.969764232635498047e+00,-1.613188385963439941e+00,6.634693145751953125e-01,-8.441419340670108795e-04,-1.595924794673919678e-02,-6.964733600616455078e-01,-7.174046635627746582e-01,-2.031942009925842285e-01,1.756456792354583740e-01,3.385336697101593018e-01,5.268504023551940918e-01,-4.713526740670204163e-02,-1.371175646781921387e-01,-1.379148066043853760e-01,-3.783524036407470703e-02,2.504106424748897552e-02,6.075364351272583008e-02,5.421150475740432739e-02,1.709063537418842316e-02,2.152468077838420868e-02,-2.690056338906288147e-02,1.364312767982482910e-01,6.211589649319648743e-02,1.292900681495666504e+00,-6.741926074028015137e-02,-1.171943843364715576e-01,5.478839203715324402e-02,1.442208528518676758e+00
-5.965200901031494141e+00,-1.612645030021667480e+00,6.638581156730651855e-01,-1.402901369147002697e-03,-1.585714705288410187e-02,-6.970102190971374512e-01,-7.168844938278198242e-01,-1.956290155649185181e-01,1.277761757373809814e-01,3.484905958175659180e-01,5.080747604370117188e-01,-1.063593178987503052e-01,-9.077060222625732422e-02,-1.336158812046051025e-01,-3.102278709411621094e-02,2.319995872676372528e-02,5.693989992141723633e-02,5.529779568314552307e-02,9.403242729604244232e-03,2.109082601964473724e-02,-3.753094002604484558e-02,1.130424886941909790e-01,3.906758502125740051e-02,1.291058421134948730e+00,-6.663607805967330933e-02,-1.065628677606582642e-01,5.461385101079940796e-02,1.444892644882202148e+00
-5.961101531982421875e+00,-1.611493110656738281e+00,6.640614271163940430e-01,-1.339229056611657143e-03,-1.497557666152715683e-02,-6.966267824172973633e-01,-7.172761559486389160e-01,-1.828887611627578735e-01,8.528008311986923218e-02,3.616474270820617676e-01,4.820864200592041016e-01,-1.683158874511718750e-01,-4.845874756574630737e-02,-1.291775852441787720e-01,-2.277178131043910980e-02,2.296217344701290131e-02,5.483452603220939636e-02,5.464770644903182983e-02,2.402904676273465157e-03,1.991827972233295441e-02,-4.452299699187278748e-02,9.022297710180282593e-02,2.332639507949352264e-02,1.292469739913940430e+00,-6.464555114507675171e-02,-9.493992477655410767e-02,5.682165920734405518e-02,1.445518374443054199e+00
-5.957259178161621094e+00,-1.610218048095703125e+00,6.638507843017578125e-01,-5.113368970341980457e-04,-1.343057304620742798e-02,-6.968215107917785645e-01,-7.171186804771423340e-01,-1.683176159858703613e-01,4.827746003866195679e-02,3.679184019565582275e-01,4.485588073730468750e-01,-2.191347777843475342e-01,-1.229259464889764786e-02,-1.260926127433776855e-01,-1.269536558538675308e-02,2.180510014295578003e-02,5.642551183700561523e-02,5.145755782723426819e-02,-4.526192788034677505e-03,1.315682195127010345e-02,-4.775012284517288208e-02,7.014237344264984131e-02,1.582745648920536041e-02,1.297696471214294434e+00,-6.353449821472167969e-02,-8.266726881265640259e-02,6.093664094805717468e-02,1.446511745452880859e+00
-5.952735424041748047e+00,-1.608680486679077148e+00,6.627313494682312012e-01,1.933260820806026459e-03,-1.042448077350854874e-02,-6.971966028213500977e-01,-7.168015837669372559e-01,-1.511937230825424194e-01,1.889411918818950653e-02,3.640088140964508057e-01,3.997172415256500244e-01,-2.286924272775650024e-01,1.702134124934673309e-02,-1.288908869028091431e-01,1.903754542581737041e-03,2.010191977024078369e-02,7.175898551940917969e-02,3.969934582710266113e-02,-1.149979513138532639e-02,2.953868359327316284e-03,-4.827530309557914734e-02,5.333112925291061401e-02,1.278319396078586578e-02,1.306796789169311523e+00,-6.146796047687530518e-02,-6.859716027975082397e-02,6.285759061574935913e-02,1.446280956268310547e+00
-5.948382377624511719e+00,-1.606903910636901855e+00,6.608668565750122070e-01,5.760080181062221527e-03,-6.633682176470756531e-03,-6.951559782028198242e-01,-7.188051939010620117e-01,-1.374629735946655273e-01,1.086872816085815430e-02,3.665689826011657715e-01,3.555481135845184326e-01,-2.146565765142440796e-01,3.054003976285457611e-02,-1.429687440395355225e-01,2.070621028542518616e-02,2.558800578117370605e-02,1.085401996970176697e-01,1.704878360033035278e-02,-1.831857487559318542e-02,-4.432342946529388428e-03,-4.730127751827239990e-02,4.032474756240844727e-02,1.358689274638891220e-02,1.318149924278259277e+00,-5.927819386124610901e-02,-5.728915333747863770e-02,6.539612263441085815e-02,1.442818284034729004e+00
-5.944927692413330078e+00,-1.605296730995178223e+00,6.591632366180419922e-01,9.675211273133754730e-03,-3.294966882094740868e-03,-6.932701468467712402e-01,-7.206053137779235840e-01,-1.312738656997680664e-01,1.738145574927330017e-02,3.701156377792358398e-01,3.284516334533691406e-01,-1.987001001834869385e-01,3.256351873278617859e-02,-1.640613228082656860e-01,3.947475925087928772e-02,3.186975419521331787e-02,1.603111028671264648e-01,-1.468232553452253342e-02,-2.491356432437896729e-02,-1.355474535375833511e-02,-4.737875610589981079e-02,2.926145680248737335e-02,1.672623492777347565e-02,1.331774830818176270e+00,-5.992975831031799316e-02,-4.893434792757034302e-02,7.030127942562103271e-02,1.441044449806213379e+00
-5.941462039947509766e+00,-1.603930473327636719e+00,6.579582095146179199e-01,1.358516234904527664e-02,2.856506034731864929e-04,-6.949470043182373047e-01,-7.189325094223022461e-01,-1.363976746797561646e-01,3.251019120216369629e-02,3.633379638195037842e-01,3.278513848781585693e-01,-1.926630139350891113e-01,2.930065989494323730e-02,-1.860080361366271973e-01,5.660801380872726440e-02,2.988448180258274078e-02,2.188832759857177734e-01,-5.574383586645126343e-02,-3.102128393948078156e-02,-3.537802770733833313e-02,-4.882782697677612305e-02,2.167781442403793335e-02,1.703951507806777954e-02,1.350882053375244141e+00,-6.202289462089538574e-02,-4.024039581418037415e-02,6.767347455024719238e-02,1.445772528648376465e+00
-5.937591075897216797e+00,-1.603247642517089844e+00,6.580228209495544434e-01,1.725107245147228241e-02,3.683577990159392357e-03,-6.955385804176330566e-01,-7.182722091674804688e-01,-1.378733813762664795e-01,4.855793341994285583e-02,3.597860336303710938e-01,3.240101933479309082e-01,-1.868732124567031860e-01,2.378895506262779236e-02,-2.104486674070358276e-01,6.937366724014282227e-02,3.199957683682441711e-02,2.838941216468811035e-01,-1.057009398937225342e-01,-2.554902993142604828e-02,-5.090198665857315063e-02,-5.324388295412063599e-02,1.984262093901634216e-02,-1.889318664325401187e-04,1.374148368835449219e+00,-5.980768427252769470e-02,-3.052120842039585114e-02,4.629023000597953796e-02,1.455767154693603516e+00
-5.932466506958007812e+00,-1.602584242820739746e+00,6.589366793632507324e-01,2.026216499507427216e-02,6.615763995796442032e-03,-6.924170255661010742e-01,-7.211825847625732422e-01,-1.286323368549346924e-01,6.315655261278152466e-02,3.681978285312652588e-01,3.049017488956451416e-01,-1.751694232225418091e-01,1.611625030636787415e-02,-2.350734025239944458e-01,7.584560662508010864e-02,4.635395482182502747e-02,3.493508696556091309e-01,-1.542257964611053467e-01,-6.255298852920532227e-03,-5.334113910794258118e-02,-5.657210201025009155e-02,2.256651408970355988e-02,-2.057906612753868103e-02,1.402214288711547852e+00,-5.587481707334518433e-02,-2.389959990978240967e-02,2.373189665377140045e-02,1.466483592987060547e+00
-5.928795814514160156e+00,-1.601864814758300781e+00,6.602223515510559082e-01,2.224675752222537994e-02,8.844852447509765625e-03,-6.882697343826293945e-01,-7.250597476959228516e-01,-1.149005666375160217e-01,7.361306995153427124e-02,3.795781135559082031e-01,2.815447747707366943e-01,-1.631692349910736084e-01,8.292772807180881500e-03,-2.561432719230651855e-01,7.643089443445205688e-02,6.074429675936698914e-02,4.065431356430053711e-01,-1.910493671894073486e-01,7.011685986071825027e-03,-5.122451856732368469e-02,-5.570580065250396729e-02,2.633826248347759247e-02,-2.793462015688419342e-02,1.429149150848388672e+00,-5.335914716124534607e-02,-2.144891582429409027e-02,1.298465393483638763e-02,1.474735736846923828e+00
-5.924013614654541016e+00,-1.600008487701416016e+00,6.615576148033142090e-01,2.323203161358833313e-02,1.035104971379041672e-02,-6.841655373573303223e-01,-7.288831472396850586e-01,-9.631624072790145874e-02,8.099771291017532349e-02,3.917765617370605469e-01,2.533631026744842529e-01,-1.506490558385848999e-01,-5.629260558634996414e-04,-2.763599753379821777e-01,6.342567503452301025e-02,6.494971364736557007e-02,4.596003592014312744e-01,-2.123280614614486694e-01,1.703876815736293793e-02,-4.839096590876579285e-02,-4.558481648564338684e-02,3.390911594033241272e-02,-8.803473785519599915e-03,1.453152894973754883e+00,-5.181711167097091675e-02,-2.784293144941329956e-02,1.043890602886676788e-02,1.480508208274841309e+00
-5.920077323913574219e+00,-1.597663879394531250e+00,6.626889705657958984e-01,2.378752082586288452e-02,1.135248411446809769e-02,-6.815845966339111328e-01,-7.312644720077514648e-01,-7.905041426420211792e-02,8.655720204114913940e-02,4.004031717777252197e-01,2.285181432962417603e-01,-1.401824206113815308e-01,-9.265134111046791077e-03,-2.934904992580413818e-01,3.692495450377464294e-02,6.243579834699630737e-02,4.980515241622924805e-01,-2.183010876178741455e-01,3.927277028560638428e-02,-4.837218672037124634e-02,-3.480682149529457092e-02,4.648581147193908691e-02,9.321431629359722137e-03,1.470732212066650391e+00,-5.088964104652404785e-02,-3.696379810571670532e-02,4.440693184733390808e-03,1.484926104545593262e+00
-5.915532112121582031e+00,-1.595073819160461426e+00,6.634353399276733398e-01,2.365164831280708313e-02,1.214515138417482376e-02,-6.802853941917419434e-01,-7.324649095535278320e-01,-6.311485171318054199e-02,9.133993834257125854e-02,4.054525792598724365e-01,2.075547724962234497e-01,-1.313462406396865845e-01,-1.842731982469558716e-02,-3.059199750423431396e-01,2.666429645614698529e-05,6.120168790221214294e-02,5.220032930374145508e-01,-2.154593914747238159e-01,7.291135936975479126e-02,-5.026807636022567749e-02,-2.408344484865665436e-02,6.402537226676940918e-02,1.531905960291624069e-02,1.482724428176879883e+00,-4.925378039479255676e-02,-4.917642101645469666e-02,-7.295973598957061768e-03,1.489599585533142090e+00
-5.908701896667480469e+00,-1.591864824295043945e+00,6.636955142021179199e-01,2.277969196438789368e-02,1.211917679756879807e-02,-6.792663335800170898e-01,-7.334381341934204102e-01,-4.740412905812263489e-02,9.737947583198547363e-02,4.095380306243896484e-01,1.884856224060058594e-01,-1.224636510014533997e-01,-3.055466897785663605e-02,-3.135260343551635742e-01,-4.497092589735984802e-02,7.348173111677169800e-02,5.250892043113708496e-01,-1.985299140214920044e-01,1.167764589190483093e-01,-5.078091844916343689e-02,-1.331330742686986923e-02,8.494862169027328491e-02,1.533269509673118591e-02,1.492085576057434082e+00,-4.708085581660270691e-02,-6.427620351314544678e-02,-2.167407795786857605e-02,1.495675206184387207e+00
-5.902405261993408203e+00,-1.589004278182983398e+00,6.637443304061889648e-01,2.158524654805660248e-02,1.172167062759399414e-02,-6.783196926116943359e-01,-7.343562245368957520e-01,-3.351857885718345642e-02,1.031624823808670044e-01,4.134969711303710938e-01,1.733819693326950073e-01,-1.154749467968940735e-01,-4.281637445092201233e-02,-3.160898983478546143e-01,-8.698759973049163818e-02,9.172656387090682983e-02,5.135521292686462402e-01,-1.769385933876037598e-01,1.587225198745727539e-01,-4.955370724201202393e-02,-3.093323204666376114e-03,1.041708514094352722e-01,1.859484426677227020e-02,1.499850630760192871e+00,-4.550743475556373596e-02,-7.842392474412918091e-02,-3.477709367871284485e-02,1.501803398132324219e+00
-5.894572734832763672e+00,-1.585857510566711426e+00,6.634572744369506836e-01,1.998448371887207031e-02,1.102680154144763947e-02,-6.776961684226989746e-01,-7.349876761436462402e-01,-2.048530802130699158e-02,1.107930392026901245e-01,4.161531031131744385e-01,1.613600105047225952e-01,-1.089993938803672791e-01,-5.757984146475791931e-02,-3.127733170986175537e-01,-1.307152211666107178e-01,1.139899715781211853e-01,4.861329495906829834e-01,-1.538823693990707397e-01,1.962205320596694946e-01,-4.744637012481689453e-02,8.428541943430900574e-03,1.255425214767456055e-01,3.196001797914505005e-02,1.507539749145507812e+00,-4.365730285644531250e-02,-9.267646819353103638e-02,-4.672304913401603699e-02,1.507867693901062012e+00
-5.885144710540771484e+00,-1.582139968872070312e+00,6.628665924072265625e-01,1.811186783015727997e-02,1.002457644790410995e-02,-6.776474118232727051e-01,-7.350955009460449219e-01,-7.809463888406753540e-03,1.198129355907440186e-01,4.173703789710998535e-01,1.500971317291259766e-01,-1.027606055140495300e-01,-7.409027218818664551e-02,-3.046461343765258789e-01,-1.740318983793258667e-01,1.343560963869094849e-01,4.472241699695587158e-01,-1.302737891674041748e-01,2.192116677761077881e-01,-4.602074250578880310e-02,1.993426494300365448e-02,1.495874077081680298e-01,5.144104361534118652e-02,1.514336585998535156e+00,-4.286509752273559570e-02,-1.070911213755607605e-01,-5.661822110414505005e-02,1.512743711471557617e+00
-5.875410079956054688e+00,-1.578543782234191895e+00,6.620079278945922852e-01,1.630281843245029449e-02,8.959532715380191803e-03,-6.779180765151977539e-01,-7.349020838737487793e-01,4.329663235694169998e-03,1.303736269474029541e-01,4.174821972846984863e-01,1.404161602258682251e-01,-9.674420952796936035e-02,-9.233936667442321777e-02,-2.936794161796569824e-01,-2.120027542114257812e-01,1.497356593608856201e-01,4.013077616691589355e-01,-1.054902970790863037e-01,2.327151447534561157e-01,-4.494874551892280579e-02,3.059387952089309692e-02,1.741879135370254517e-01,7.165956497192382812e-02,1.519384503364562988e+00,-4.170943424105644226e-02,-1.191073358058929443e-01,-6.489020586013793945e-02,1.515711784362792969e+00
-5.864067554473876953e+00,-1.575004100799560547e+00,6.606725454330444336e-01,1.401777192950248718e-02,7.375324610620737076e-03,-6.778087019920349121e-01,-7.350676655769348145e-01,1.565564796328544617e-02,1.426009535789489746e-01,4.182332158088684082e-01,1.324819624423980713e-01,-9.032753109931945801e-02,-1.127310171723365784e-01,-2.806660532951354980e-01,-2.456340342760086060e-01,1.602534055709838867e-01,3.543309271335601807e-01,-8.750972896814346313e-02,2.459949105978012085e-01,-4.247875884175300598e-02,4.049549251794815063e-02,1.999179422855377197e-01,9.183624386787414551e-02,1.523353099822998047e+00,-4.069837555289268494e-02,-1.298895180225372314e-01,-7.358609139919281006e-02,1.516194820404052734e+00
-5.850718021392822266e+00,-1.571513175964355469e+00,6.587234735488891602e-01,1.139711495488882065e-02,5.690874531865119934e-03,-6.770581007003784180e-01,-7.358192801475524902e-01,2.709384076297283173e-02,1.579298079013824463e-01,4.200559556484222412e-01,1.262374222278594971e-01,-8.294479548931121826e-02,-1.365547031164169312e-01,-2.686748802661895752e-01,-2.722774147987365723e-01,1.680283844470977783e-01,3.122150897979736328e-01,-7.255138456821441650e-02,2.570719420909881592e-01,-4.054570570588111877e-02,5.100638419389724731e-02,2.262823432683944702e-01,1.138878315687179565e-01,1.525763034820556641e+00,-4.139468073844909668e-02,-1.389972120523452759e-01,-8.020253479480743408e-02,1.515456914901733398e+00
-5.836031913757324219e+00,-1.568385720252990723e+00,6.559413075447082520e-01,8.636138401925563812e-03,3.690638812258839607e-03,-6.752839088439941406e-01,-7.374981045722961426e-01,3.799423575401306152e-02,1.754436492919921875e-01,4.245913326740264893e-01,1.226862668991088867e-01,-7.575436681509017944e-02,-1.627541929483413696e-01,-2.588461637496948242e-01,-2.891077399253845215e-01,1.768767237663269043e-01,2.759924530982971191e-01,-4.737059399485588074e-02,2.689073681831359863e-01,-3.811718150973320007e-02,6.384018063545227051e-02,2.520642578601837158e-01,1.382722556591033936e-01,1.526462912559509277e+00,-4.556722193956375122e-02,-1.455318629741668701e-01,-8.230739831924438477e-02,1.513260722160339355e+00
-5.818772315979003906e+00,-1.566222310066223145e+00,6.520156860351562500e-01,5.808555521070957184e-03,1.196925644762814045e-03,-6.713097095489501953e-01,-7.411531805992126465e-01,4.783140495419502258e-02,1.976408362388610840e-01,4.347289204597473145e-01,1.233297735452651978e-01,-6.775490194559097290e-02,-1.934128701686859131e-01,-2.511271536350250244e-01,-2.934533059597015381e-01,1.794879883527755737e-01,2.504400312900543213e-01,-3.086261637508869171e-02,2.885838747024536133e-01,-3.240351378917694092e-02,7.959189265966415405e-02,2.805401980876922607e-01,1.634407043457031250e-01,1.523852586746215820e+00,-5.209916457533836365e-02,-1.500924080610275269e-01,-8.169518411159515381e-02,1.509126782417297363e+00
-5.800406455993652344e+00,-1.565010190010070801e+00,6.476235389709472656e-01,3.410561708733439445e-03,-9.663464734330773354e-04,-6.651459336280822754e-01,-7.467049956321716309e-01,6.044257432222366333e-02,2.218336462974548340e-01,4.506053626537322998e-01,1.199674233794212341e-01,-5.590827390551567078e-02,-2.261102348566055298e-01,-2.498071640729904175e-01,-2.825076878070831299e-01,1.821393519639968872e-01,2.491562813520431519e-01,-3.965881094336509705e-02,2.934080064296722412e-01,-2.318448573350906372e-02,9.810090810060501099e-02,3.129005432128906250e-01,1.844442039728164673e-01,1.518253564834594727e+00,-5.909407138824462891e-02,-1.511749625205993652e-01,-7.782758027315139771e-02,1.501282095909118652e+00
-5.780758380889892578e+00,-1.564375996589660645e+00,6.431902050971984863e-01,2.519061556085944176e-03,-2.199342940002679825e-03,-6.580044031143188477e-01,-7.530066370964050293e-01,7.574492692947387695e-02,2.510237097740173340e-01,4.684134125709533691e-01,1.091991737484931946e-01,-3.286123275756835938e-02,-2.614256441593170166e-01,-2.639474272727966309e-01,-2.549917101860046387e-01,1.913994699716567993e-01,2.801954448223114014e-01,-6.287490576505661011e-02,2.786855995655059814e-01,-1.326105277985334396e-02,1.134469136595726013e-01,3.468324840068817139e-01,2.052155882120132446e-01,1.517999649047851562e+00,-7.002289593219757080e-02,-1.474066823720932007e-01,-6.586730480194091797e-02,1.495025634765625000e+00
-5.760990142822265625e+00,-1.564939022064208984e+00,6.400865316390991211e-01,2.799314446747303009e-03,-2.690437715500593185e-03,-6.534538269042968750e-01,-7.569563984870910645e-01,7.996013760566711426e-02,2.871204316616058350e-01,4.724414348602294922e-01,9.832660853862762451e-02,2.745145931839942932e-02,-2.979457080364227295e-01,-2.825937271118164062e-01,-2.198045402765274048e-01,1.969995349645614624e-01,3.206356465816497803e-01,-8.107285201549530029e-02,2.546195387840270996e-01,-9.236898273229598999e-03,1.316601783037185669e-01,3.712603151798248291e-01,2.444910705089569092e-01,1.520642280578613281e+00,-8.272758871316909790e-02,-1.372991651296615601e-01,-4.288626462221145630e-02,1.493148565292358398e+00
-5.742398262023925781e+00,-1.565530538558959961e+00,6.394357085227966309e-01,4.050489049404859543e-03,-2.473632572218775749e-03,-6.541615128517150879e-01,-7.563400268554687500e-01,6.406807899475097656e-02,3.306967914104461670e-01,4.648052752017974854e-01,9.932632744312286377e-02,1.302375048398971558e-01,-3.355618119239807129e-01,-2.865938246250152588e-01,-1.876604110002517700e-01,1.851433366537094116e-01,3.407943844795227051e-01,-8.952082693576812744e-02,2.270763814449310303e-01,-1.265363208949565887e-02,1.533770710229873657e-01,3.855936229228973389e-01,2.910878658294677734e-01,1.516628623008728027e+00,-9.000989794731140137e-02,-1.253766864538192749e-01,-2.409615926444530487e-02,1.490214943885803223e+00
-5.723425388336181641e+00,-1.566132903099060059e+00,6.410318613052368164e-01,5.410130601376295090e-03,-2.046403707936406136e-03,-6.612699627876281738e-01,-7.501257061958312988e-01,3.406590968370437622e-02,3.692367076873779297e-01,4.581147432327270508e-01,1.140542998909950256e-01,2.498489916324615479e-01,-3.557160794734954834e-01,-2.733251750469207764e-01,-1.611332744359970093e-01,1.537232398986816406e-01,3.361931145191192627e-01,-8.805920183658599854e-02,1.969619095325469971e-01,-2.313561737537384033e-02,1.479991972446441650e-01,3.892431557178497314e-01,2.851026058197021484e-01,1.513171195983886719e+00,-8.859603106975555420e-02,-1.171755641698837280e-01,-1.750619709491729736e-02,1.486122727394104004e+00
-5.707550048828125000e+00,-1.567417860031127930e+00,6.440759301185607910e-01,5.549359600991010666e-03,-2.624538494274020195e-03,-6.681227087974548340e-01,-7.440257668495178223e-01,8.702415041625499725e-03,3.909988105297088623e-01,4.646898508071899414e-01,1.380666792392730713e-01,3.251154422760009766e-01,-3.393617868423461914e-01,-2.559467554092407227e-01,-1.407390683889389038e-01,1.249578297138214111e-01,3.153895735740661621e-01,-7.640999555587768555e-02,1.692419052124023438e-01,-2.803938835859298706e-02,1.246298477053642273e-01,3.858717083930969238e-01,2.426027059555053711e-01,1.508829236030578613e+00,-8.147514611482620239e-02,-1.147765591740608215e-01,-1.681612990796566010e-02,1.481915235519409180e+00
-5.690483093261718750e+00,-1.567776083946228027e+00,6.489107012748718262e-01,3.026411635801196098e-03,-6.042485591024160385e-03,-6.695195436477661133e-01,-7.427636981010437012e-01,-3.252726979553699493e-03,3.897359371185302734e-01,4.994916617870330811e-01,1.756450831890106201e-01,3.258338868618011475e-01,-2.933000028133392334e-01,-2.338615953922271729e-01,-1.247087940573692322e-01,1.107180416584014893e-01,2.716230452060699463e-01,-5.103361979126930237e-02,1.409884095191955566e-01,-9.300128556787967682e-03,8.684474229812622070e-02,3.652326762676239014e-01,1.673613786697387695e-01,1.491143822669982910e+00,-6.934319436550140381e-02,-1.225554794073104858e-01,-5.931455641984939575e-03,1.473738312721252441e+00
-5.678675174713134766e+00,-1.568173885345458984e+00,6.530059576034545898e-01,1.517915225122123957e-04,-9.672332555055618286e-03,-6.686475276947021484e-01,-7.435166239738464355e-01,-1.130529679358005524e-02,3.806981742382049561e-01,5.237526893615722656e-01,2.093677818775177002e-01,3.087107241153717041e-01,-2.663314342498779297e-01,-2.164479643106460571e-01,-1.143829897046089172e-01,1.054816991090774536e-01,2.324714511632919312e-01,-2.815636806190013885e-02,1.196080669760704041e-01,1.254971511662006378e-02,6.042889878153800964e-02,3.430260717868804932e-01,1.127436831593513489e-01,1.471259355545043945e+00,-6.009206175804138184e-02,-1.312791407108306885e-01,1.003824081271886826e-02,1.466780543327331543e+00
-5.668781757354736328e+00,-1.568533182144165039e+00,6.561126112937927246e-01,-2.677712123841047287e-03,-1.304560340940952301e-02,-6.674391627311706543e-01,-7.445452213287353516e-01,-2.733338810503482819e-02,3.632459640502929688e-01,5.129495263099670410e-01,2.425273805856704712e-01,2.892571091651916504e-01,-2.665894627571105957e-01,-2.006394565105438232e-01,-1.074509397149085999e-01,1.026369258761405945e-01,1.956355720758438110e-01,-6.860125809907913208e-03,1.021906211972236633e-01,3.055756539106369019e-02,4.904861003160476685e-02,3.167100548744201660e-01,9.175681322813034058e-02,1.445738673210144043e+00,-5.986045673489570618e-02,-1.415553539991378784e-01,4.042997583746910095e-02,1.463613152503967285e+00
-5.659506797790527344e+00,-1.568482756614685059e+00,6.584396362304687500e-01,-4.891734104603528976e-03,-1.573805697262287140e-02,-6.681759357452392578e-01,-7.438207268714904785e-01,-5.665457993745803833e-02,3.396203517913818359e-01,4.707315266132354736e-01,2.811374366283416748e-01,2.600776851177215576e-01,-2.762910425662994385e-01,-1.835068464279174805e-01,-1.010477244853973389e-01,9.595806896686553955e-02,1.598158031702041626e-01,1.256348378956317902e-02,8.681156486272811890e-02,3.686198219656944275e-02,4.629297181963920593e-02,2.892901599407196045e-01,9.578768908977508545e-02,1.418164014816284180e+00,-6.391379982233047485e-02,-1.516573727130889893e-01,6.597474217414855957e-02,1.462537646293640137e+00
-5.651112556457519531e+00,-1.567867159843444824e+00,6.604127287864685059e-01,-6.492730695754289627e-03,-1.770408824086189270e-02,-6.702760457992553711e-01,-7.418722510337829590e-01,-8.583822101354598999e-02,3.142610490322113037e-01,4.288783967494964600e-01,3.155907988548278809e-01,2.284807413816452026e-01,-2.778972685337066650e-01,-1.662072092294692993e-01,-9.466350078582763672e-02,8.683864772319793701e-02,1.287731528282165527e-01,2.760587260127067566e-02,7.253065705299377441e-02,3.635039925575256348e-02,4.317030310630798340e-02,2.626521289348602295e-01,1.031489297747612000e-01,1.397029399871826172e+00,-6.715986877679824829e-02,-1.585123538970947266e-01,7.728612422943115234e-02,1.462458968162536621e+00
-5.644344329833984375e+00,-1.567235112190246582e+00,6.619849801063537598e-01,-7.654635235667228699e-03,-1.900775730609893799e-02,-6.729688644409179688e-01,-7.393869161605834961e-01,-1.096326932311058044e-01,2.882501482963562012e-01,3.963198959827423096e-01,3.412613868713378906e-01,1.994188874959945679e-01,-2.684046030044555664e-01,-1.506071835756301880e-01,-8.811900764703750610e-02,7.753603160381317139e-02,1.035422384738922119e-01,3.837146982550621033e-02,6.017513945698738098e-02,3.324101492762565613e-02,3.783220425248146057e-02,2.380859851837158203e-01,1.049531102180480957e-01,1.383333086967468262e+00,-6.698846817016601562e-02,-1.626497507095336914e-01,7.571638375520706177e-02,1.462916374206542969e+00
-5.638270854949951172e+00,-1.566848397254943848e+00,6.632528901100158691e-01,-8.648660033941268921e-03,-1.980967074632644653e-02,-6.762991547584533691e-01,-7.363098263740539551e-01,-1.265715211629867554e-01,2.589598596096038818e-01,3.734853267669677734e-01,3.574077188968658447e-01,1.689370572566986084e-01,-2.480252385139465332e-01,-1.371883749961853027e-01,-8.170212805271148682e-02,6.760641932487487793e-02,8.350371569395065308e-02,4.668635502457618713e-02,4.918556660413742065e-02,2.903451956808567047e-02,2.976139262318611145e-02,2.113240212202072144e-01,1.005934402346611023e-01,1.374602079391479492e+00,-6.352028995752334595e-02,-1.621681451797485352e-01,6.210672482848167419e-02,1.466198563575744629e+00
-5.633289337158203125e+00,-1.566619157791137695e+00,6.643288135528564453e-01,-9.687128476798534393e-03,-2.013302221894264221e-02,-6.789961457252502441e-01,-7.338017821311950684e-01,-1.351773887872695923e-01,2.272411584854125977e-01,3.651092350482940674e-01,3.671169579029083252e-01,1.254561692476272583e-01,-2.199654877185821533e-01,-1.246443986892700195e-01,-7.619836926460266113e-02,5.940904840826988220e-02,6.526396423578262329e-02,5.411248281598091125e-02,4.038279876112937927e-02,2.637549862265586853e-02,2.129299007356166840e-02,1.840504109859466553e-01,9.546837210655212402e-02,1.369868874549865723e+00,-5.932959169149398804e-02,-1.584128737449645996e-01,4.492157697677612305e-02,1.473014950752258301e+00
-5.628641605377197266e+00,-1.565582156181335449e+00,6.652548909187316895e-01,-1.055235508829355240e-02,-2.029791101813316345e-02,-6.809870600700378418e-01,-7.319380044937133789e-01,-1.367281228303909302e-01,1.932591944932937622e-01,3.674705624580383301e-01,3.695990741252899170e-01,7.724878937005996704e-02,-1.873419433832168579e-01,-1.108435317873954773e-01,-7.184930145740509033e-02,5.279627069830894470e-02,4.466062411665916443e-02,6.232191622257232666e-02,3.308881074190139771e-02,2.561780996620655060e-02,1.307396311312913895e-02,1.543467938899993896e-01,9.712204337120056152e-02,1.371123790740966797e+00,-5.469420552253723145e-02,-1.506516635417938232e-01,2.729643695056438446e-02,1.482929944992065430e+00
-5.625640392303466797e+00,-1.564733743667602539e+00,6.660405397415161133e-01,-1.130827795714139938e-02,-2.038338594138622284e-02,-6.822737455368041992e-01,-7.307251095771789551e-01,-1.328209340572357178e-01,1.598620116710662842e-01,3.792298734188079834e-01,3.659337759017944336e-01,3.296344354748725891e-02,-1.550307720899581909e-01,-9.871758520603179932e-02,-6.858070939779281616e-02,4.830129817128181458e-02,2.671770192682743073e-02,6.965463608503341675e-02,2.774031274020671844e-02,2.556609176099300385e-02,7.080663461238145828e-03,1.293431371450424194e-01,1.011522039771080017e-01,1.374653697013854980e+00,-5.055323988199234009e-02,-1.417987495660781860e-01,1.269500330090522766e-02,1.492751121520996094e+00
-5.622995853424072266e+00,-1.563961982727050781e+00,6.666678190231323242e-01,-1.183422282338142395e-02,-2.040577121078968048e-02,-6.829965114593505859e-01,-7.300406098365783691e-01,-1.262468099594116211e-01,1.282765716314315796e-01,3.979622721672058105e-01,3.599374890327453613e-01,-1.244215760380029678e-02,-1.237291023135185242e-01,-8.962809294462203979e-02,-6.516142934560775757e-02,4.627455770969390869e-02,1.305995881557464600e-02,7.512563467025756836e-02,2.318660728633403778e-02,2.586052566766738892e-02,2.582702087238430977e-03,1.051161810755729675e-01,1.047435328364372253e-01,1.379921674728393555e+00,-4.562332853674888611e-02,-1.320573538541793823e-01,5.406858981586992741e-04,1.500464677810668945e+00
-5.620610713958740234e+00,-1.563217759132385254e+00,6.670666933059692383e-01,-1.189287565648555756e-02,-2.002977952361106873e-02,-6.841840744018554688e-01,-7.289372682571411133e-01,-1.196397915482521057e-01,9.924469143152236938e-02,4.195720851421356201e-01,3.541502058506011963e-01,-6.338855624198913574e-02,-9.316062927246093750e-02,-8.217461407184600830e-02,-6.115734577178955078e-02,4.369433224201202393e-02,3.292685374617576599e-03,7.785557955503463745e-02,1.906710863113403320e-02,2.333952300250530243e-02,-2.362205181270837784e-03,8.266472071409225464e-02,1.061315685510635376e-01,1.388925552368164062e+00,-4.094788804650306702e-02,-1.215825378894805908e-01,-7.261296734213829041e-03,1.504725098609924316e+00
-5.617995262145996094e+00,-1.562611699104309082e+00,6.669344902038574219e-01,-1.102571655064821243e-02,-1.898001693189144135e-02,-6.867263317108154297e-01,-7.265845537185668945e-01,-1.107653900980949402e-01,7.102743536233901978e-02,4.358474016189575195e-01,3.358583748340606689e-01,-1.017704829573631287e-01,-6.449525803327560425e-02,-7.724893838167190552e-02,-5.538698285818099976e-02,3.779499977827072144e-02,-1.087159860163264354e-19,7.667978107929229736e-02,1.547556556761264801e-02,1.455149520188570023e-02,-5.827184300869703293e-03,5.969254299998283386e-02,1.063303872942924500e-01,1.401505708694458008e+00,-3.593860566616058350e-02,-1.092109605669975281e-01,-1.133446022868156433e-02,1.505437016487121582e+00
-5.616058349609375000e+00,-1.562121272087097168e+00,6.663248538970947266e-01,-9.247486479580402374e-03,-1.681492663919925690e-02,-6.899013519287109375e-01,-7.236490249633789062e-01,-9.778316318988800049e-02,4.676613956689834595e-02,4.466084837913513184e-01,3.043998181819915771e-01,-1.244947612285614014e-01,-4.020296782255172729e-02,-7.325965911149978638e-02,-4.754536598920822144e-02,2.996074967086315155e-02,-3.505958755890493115e-19,7.342354953289031982e-02,1.243032235652208328e-02,1.388826873153448105e-03,-6.443327758461236954e-03,4.141869023442268372e-02,1.063315942883491516e-01,1.412148356437683105e+00,-3.189279139041900635e-02,-9.554316103458404541e-02,-1.479873713105916977e-02,1.503822565078735352e+00
-5.615364074707031250e+00,-1.561443448066711426e+00,6.654928326606750488e-01,-6.438858807086944580e-03,-1.382672600448131561e-02,-6.928715109825134277e-01,-7.208997011184692383e-01,-8.355499804019927979e-02,3.029745817184448242e-02,4.527392983436584473e-01,2.687349915504455566e-01,-1.371188908815383911e-01,-2.227656170725822449e-02,-6.910709291696548462e-02,-3.756967931985855103e-02,2.298918180167675018e-02,1.038779823893839440e-18,6.939914822578430176e-02,1.025291252881288528e-02,-1.176332402974367142e-02,-5.541834980249404907e-03,2.732805535197257996e-02,1.067586615681648254e-01,1.421883940696716309e+00,-2.849828824400901794e-02,-8.172626048326492310e-02,-2.008576318621635437e-02,1.501250743865966797e+00
-5.614947319030761719e+00,-1.559925079345703125e+00,6.644015312194824219e-01,-3.230503760278224945e-03,-1.006583776324987411e-02,-6.953114271163940430e-01,-7.186308503150939941e-01,-6.757903844118118286e-02,2.458624355494976044e-02,4.546395540237426758e-01,2.341437637805938721e-01,-1.398949921131134033e-01,-1.387706119567155838e-02,-6.323474645614624023e-02,-2.681270800530910492e-02,1.688957028090953827e-02,7.307521877410233274e-19,6.420628726482391357e-02,8.721651509404182434e-03,-2.682836726307868958e-02,-8.885113522410392761e-03,1.546745374798774719e-02,1.075322851538658142e-01,1.439692378044128418e+00,-2.771463803946971893e-02,-6.610407680273056030e-02,-2.943052351474761963e-02,1.501694083213806152e+00
-5.614308834075927734e+00,-1.558714628219604492e+00,6.636964082717895508e-01,-7.043423829600214958e-04,-6.827515084296464920e-03,-6.986583471298217773e-01,-7.154225111007690430e-01,-5.463748797774314880e-02,2.451636455953121185e-02,4.502659440040588379e-01,2.080751210451126099e-01,-1.358071416616439819e-01,-1.183343306183815002e-02,-5.698189884424209595e-02,-1.758297346532344818e-02,9.431298822164535522e-03,5.122998884227862970e-19,5.851534754037857056e-02,7.177405524998903275e-03,-5.112883076071739197e-02,-1.891733519732952118e-02,6.880544242449104786e-05,1.057876124978065491e-01,1.474118471145629883e+00,-3.043759241700172424e-02,-4.887446388602256775e-02,-4.255678504705429077e-02,1.512757301330566406e+00
-5.613286495208740234e+00,-1.557866096496582031e+00,6.630749702453613281e-01,1.342981471680104733e-03,-3.957363776862621307e-03,-7.009233832359313965e-01,-7.132242918014526367e-01,-4.433326423168182373e-02,2.687634713947772980e-02,4.459370970726013184e-01,1.879615634679794312e-01,-1.294919699430465698e-01,-1.213956531137228012e-02,-5.264004319906234741e-02,-8.864428848028182983e-03,4.152900539338588715e-03,-1.430591498617597750e-18,5.444391071796417236e-02,5.447754170745611191e-03,-7.140149921178817749e-02,-2.757355011999607086e-02,-1.631643064320087433e-02,9.660670161247253418e-02,1.509093046188354492e+00,-2.827102318406105042e-02,-2.834855206310749054e-02,-6.617870181798934937e-02,1.525703787803649902e+00
-5.612631320953369141e+00,-1.557179927825927734e+00,6.623508930206298828e-01,3.570792265236377716e-03,-1.482147490605711937e-03,-6.996353268623352051e-01,-7.144896388053894043e-01,-3.013928048312664032e-02,2.830481156706809998e-02,4.512356519699096680e-01,1.598422974348068237e-01,-1.178133189678192139e-01,-1.277632266283035278e-02,-5.309289693832397461e-02,-7.797575672157108784e-04,8.796160109341144562e-03,3.162958892062306404e-03,5.190273001790046692e-02,4.250367637723684311e-03,-6.970642507076263428e-02,-3.124636597931385040e-02,-3.244694694876670837e-02,7.804459333419799805e-02,1.532664418220520020e+00,-1.848814450204372406e-02,-7.384719327092170715e-03,-9.788518399000167847e-02,1.534158349037170410e+00
-5.612452030181884766e+00,-1.556651234626770020e+00,6.617549657821655273e-01,5.151535384356975555e-03,3.231809241697192192e-04,-6.962683796882629395e-01,-7.177630066871643066e-01,-1.503848470747470856e-02,2.725696377456188202e-02,4.613468945026397705e-01,1.312137544155120850e-01,-1.050272285938262939e-01,-1.410239003598690033e-02,-6.117131188511848450e-02,5.104070995002985001e-03,1.788849011063575745e-02,1.936916448175907135e-02,4.347776249051094055e-02,3.766616806387901306e-03,-5.961152911186218262e-02,-3.144070506095886230e-02,-4.517278075218200684e-02,6.702901422977447510e-02,1.549056649208068848e+00,-1.162030454725027084e-02,9.092531166970729828e-03,-1.096849590539932251e-01,1.541430473327636719e+00
-5.612180233001708984e+00,-1.556109309196472168e+00,6.614692211151123047e-01,6.046007853001356125e-03,1.431792741641402245e-03,-6.928805708885192871e-01,-7.210255861282348633e-01,-5.074519198387861252e-03,2.679064683616161346e-02,4.706489443778991699e-01,1.151469573378562927e-01,-9.838660806417465210e-02,-1.523146778345108032e-02,-6.708946079015731812e-02,8.767967112362384796e-03,2.694678865373134613e-02,3.124478831887245178e-02,3.754787892103195190e-02,3.461819142103195190e-03,-5.334819108247756958e-02,-2.992866747081279755e-02,-5.431905388832092285e-02,6.819736957550048828e-02,1.560955166816711426e+00,-1.002743560820817947e-02,2.066540345549583435e-02,-9.885600954294204712e-02,1.548437476158142090e+00
-5.612077236175537109e+00,-1.555384278297424316e+00,6.612371802330017090e-01,6.790278479456901550e-03,2.372762886807322502e-03,-6.901698708534240723e-01,-7.236116528511047363e-01,1.072538900189101696e-03,2.744615636765956879e-02,4.776960313320159912e-01,1.082623004913330078e-01,-9.737971425056457520e-02,-1.642754860222339630e-02,-7.044728100299835205e-02,1.198650524020195007e-02,3.380971029400825500e-02,3.897647187113761902e-02,3.363430500030517578e-02,3.259669989347457886e-03,-4.916964843869209290e-02,-2.689303830265998840e-02,-6.088541075587272644e-02,7.253791391849517822e-02,1.568265676498413086e+00,-6.758646573871374130e-03,2.982373163104057312e-02,-9.187091886997222900e-02,1.552545309066772461e+00
-5.611858367919921875e+00,-1.554608583450317383e+00,6.611412763595581055e-01,7.397605106234550476e-03,3.073450410738587379e-03,-6.880201697349548340e-01,-7.256473898887634277e-01,6.241993978619575500e-03,2.855190262198448181e-02,4.844251871109008789e-01,1.036762446165084839e-01,-9.750664234161376953e-02,-1.795800589025020599e-02,-7.208998501300811768e-02,1.448689587414264679e-02,3.902206569910049438e-02,4.438462108373641968e-02,2.991090342402458191e-02,3.092498052865266800e-03,-4.395002126693725586e-02,-2.131485566496849060e-02,-6.687707453966140747e-02,7.803887128829956055e-02,1.570799946784973145e+00,-1.120476517826318741e-04,3.750346973538398743e-02,-9.607040882110595703e-02,1.553383111953735352e+00
-5.611158847808837891e+00,-1.553890466690063477e+00,6.609755754470825195e-01,7.730776909738779068e-03,3.641801653429865837e-03,-6.858651638031005859e-01,-7.276784181594848633e-01,1.012983173131942749e-02,3.036493994295597076e-02,4.910645782947540283e-01,1.023624539375305176e-01,-9.878954291343688965e-02,-2.013140544295310974e-02,-7.368782907724380493e-02,1.753680035471916199e-02,4.428061842918395996e-02,4.905162379145622253e-02,2.698235400021076202e-02,1.844512997195124626e-03,-3.715112432837486267e-02,-1.372443325817584991e-02,-7.256414741277694702e-02,8.399844914674758911e-02,1.570724010467529297e+00,5.858842749148607254e-03,4.333996027708053589e-02,-9.893768280744552612e-02,1.552373290061950684e+00
-5.610088825225830078e+00,-1.553467512130737305e+00,6.608740091323852539e-01,7.748332340270280838e-03,3.873670939356088638e-03,-6.835134625434875488e-01,-7.298865318298339844e-01,1.236314605921506882e-02,3.255410119891166687e-02,4.973650574684143066e-01,1.033991575241088867e-01,-1.005075126886367798e-01,-2.257417701184749603e-02,-7.624857872724533081e-02,2.013086900115013123e-02,4.956642538309097290e-02,5.446919426321983337e-02,2.413749694824218750e-02,1.567059007356874645e-05,-2.825292386114597321e-02,-7.055514026433229446e-03,-7.623412460088729858e-02,8.871872723102569580e-02,1.567682981491088867e+00,8.668527007102966309e-03,4.615728557109832764e-02,-9.606821089982986450e-02,1.551457047462463379e+00
-5.609070301055908203e+00,-1.553106188774108887e+00,6.607760787010192871e-01,7.795790210366249084e-03,3.956883680075407028e-03,-6.815379261970520020e-01,-7.317305803298950195e-01,1.348101161420345306e-02,3.494204580783843994e-02,5.027254223823547363e-01,1.061691716313362122e-01,-1.032278165221214294e-01,-2.489610202610492706e-02,-7.910607755184173584e-02,2.265976928174495697e-02,5.393686518073081970e-02,6.033606082201004028e-02,2.090939506888389587e-02,-1.810231013223528862e-03,-1.970356144011020660e-02,-2.292928285896778107e-03,-7.904382050037384033e-02,9.192545711994171143e-02,1.564459323883056641e+00,8.667571470141410828e-03,4.591590166091918945e-02,-9.225911647081375122e-02,1.551575660705566406e+00
-5.608228206634521484e+00,-1.552808403968811035e+00,6.607283949851989746e-01,7.692973129451274872e-03,3.961035981774330139e-03,-6.801322698593139648e-01,-7.330383658409118652e-01,1.443120464682579041e-02,3.664132207632064819e-02,5.065031051635742188e-01,1.086183562874794006e-01,-1.050707176327705383e-01,-2.706000208854675293e-02,-8.101886510848999023e-02,2.446972392499446869e-02,5.673296004533767700e-02,6.524075567722320557e-02,1.810073293745517731e-02,-3.297880524769425392e-03,-1.201948989182710648e-02,1.265291590243577957e-03,-8.144722133874893188e-02,9.390837699174880981e-02,1.560924291610717773e+00,7.746390532702207565e-03,4.452252760529518127e-02,-8.761968463659286499e-02,1.551812529563903809e+00
-5.607387542724609375e+00,-1.552454352378845215e+00,6.606406569480895996e-01,7.589904591441154480e-03,3.844791790470480919e-03,-6.796843409538269043e-01,-7.334554195404052734e-01,1.435406412929296494e-02,3.820760548114776611e-02,5.077802538871765137e-01,1.110547184944152832e-01,-1.066398024559020996e-01,-2.849027886986732483e-02,-8.223665505647659302e-02,2.553325146436691284e-02,5.749227851629257202e-02,6.947638839483261108e-02,1.506901346147060394e-02,-4.771338310092687607e-03,-6.078226026147603989e-03,1.932714250870049000e-03,-8.345389366149902344e-02,9.276100248098373413e-02,1.558844089508056641e+00,5.196923390030860901e-03,4.245007038116455078e-02,-8.019618690013885498e-02,1.551708102226257324e+00
-5.606547355651855469e+00,-1.552162170410156250e+00,6.606050133705139160e-01,7.369210477918386459e-03,3.672412596642971039e-03,-6.801952123641967773e-01,-7.329847812652587891e-01,1.396680809557437897e-02,3.958265483379364014e-02,5.064476132392883301e-01,1.131084412336349487e-01,-1.073160916566848755e-01,-2.996386960148811340e-02,-8.240734040737152100e-02,2.627944573760032654e-02,5.590962991118431091e-02,7.287325710058212280e-02,1.186206191778182983e-02,-6.068722344934940338e-03,-2.227971097454428673e-03,-8.131786598823964596e-04,-8.354905992746353149e-02,8.761460334062576294e-02,1.559749960899353027e+00,8.272248087450861931e-04,3.929007053375244141e-02,-7.019526511430740356e-02,1.551704525947570801e+00
-5.605471611022949219e+00,-1.551809787750244141e+00,6.606181859970092773e-01,7.212887052446603775e-03,3.371503902599215508e-03,-6.816631555557250977e-01,-7.316228151321411133e-01,1.287615485489368439e-02,4.080890864133834839e-02,5.025455355644226074e-01,1.138096153736114502e-01,-1.061296835541725159e-01,-3.140593692660331726e-02,-8.183767646551132202e-02,2.707415819168090820e-02,5.199224501848220825e-02,7.458701729774475098e-02,9.516413323581218719e-03,-7.847194559872150421e-03,-9.884370956569910049e-04,-5.387524608522653580e-03,-8.272189646959304810e-02,7.968608289957046509e-02,1.562822103500366211e+00,-3.130789846181869507e-03,3.614586964249610901e-02,-6.107779964804649353e-02,1.551421642303466797e+00
-5.604696750640869141e+00,-1.551519751548767090e+00,6.606379747390747070e-01,6.939802318811416626e-03,3.191451076418161392e-03,-6.837643980979919434e-01,-7.296628355979919434e-01,1.210212800651788712e-02,4.184307157993316650e-02,4.968744218349456787e-01,1.134446486830711365e-01,-1.042836382985115051e-01,-3.253903612494468689e-02,-7.950241863727569580e-02,2.724511548876762390e-02,4.672320187091827393e-02,7.399984449148178101e-02,7.643815129995346069e-03,-9.377734735608100891e-03,-1.499795238487422466e-03,-1.206749584525823593e-02,-8.056855946779251099e-02,7.068845629692077637e-02,1.566463708877563477e+00,-7.196452468633651733e-03,3.311221301555633545e-02,-5.513183027505874634e-02,1.550517678260803223e+00
-5.604162216186523438e+00,-1.551171422004699707e+00,6.606441140174865723e-01,6.696430034935474396e-03,3.093606093898415565e-03,-6.861135959625244141e-01,-7.274570465087890625e-01,1.189589500427246094e-02,4.199779406189918518e-02,4.905061423778533936e-01,1.122447401285171509e-01,-1.024695411324501038e-01,-3.291556239128112793e-02,-7.581482082605361938e-02,2.717663533985614777e-02,4.031715542078018188e-02,7.162793725728988647e-02,6.730992347002029419e-03,-1.026092562824487686e-02,-3.236883087083697319e-03,-1.815116964280605316e-02,-7.878395169973373413e-02,6.358963996171951294e-02,1.568623423576354980e+00,-1.060054264962673187e-02,3.068115562200546265e-02,-5.196177586913108826e-02,1.549072265625000000e+00
-5.603503227233886719e+00,-1.550584912300109863e+00,6.607174873352050781e-01,6.337143480777740479e-03,2.877731341868638992e-03,-6.885185837745666504e-01,-7.251852750778198242e-01,1.190976146608591080e-02,4.128684848546981812e-02,4.840063452720642090e-01,1.098298877477645874e-01,-1.000663861632347107e-01,-3.278136253356933594e-02,-7.161720842123031616e-02,2.607692405581474304e-02,3.418547660112380981e-02,6.767177581787109375e-02,6.482006516307592392e-03,-1.074750348925590515e-02,-6.194680929183959961e-03,-2.203477174043655396e-02,-7.621207088232040405e-02,6.192727014422416687e-02,1.567775011062622070e+00,-1.310421805828809738e-02,2.989693358540534973e-02,-5.144407972693443298e-02,1.546414494514465332e+00
-5.603626251220703125e+00,-1.550236344337463379e+00,6.607840657234191895e-01,6.130011286586523056e-03,2.797804307192564011e-03,-6.906641721725463867e-01,-7.231442928314208984e-01,1.219519786536693573e-02,4.065223038196563721e-02,4.780816137790679932e-01,1.072290688753128052e-01,-9.776795655488967896e-02,-3.259206935763359070e-02,-6.765616685152053833e-02,2.536807395517826080e-02,2.863131836056709290e-02,6.369892507791519165e-02,6.447202526032924652e-03,-1.098424755036830902e-02,-9.855451062321662903e-03,-2.415464073419570923e-02,-7.397045940160751343e-02,6.363236904144287109e-02,1.565455794334411621e+00,-1.536037679761648178e-02,2.957261539995670319e-02,-5.184321850538253784e-02,1.543719172477722168e+00
-5.603452205657958984e+00,-1.549832701683044434e+00,6.608422994613647461e-01,5.685462150722742081e-03,2.607046393677592278e-03,-6.928041577339172363e-01,-7.210986614227294922e-01,1.294013392180204391e-02,3.941927105188369751e-02,4.722259044647216797e-01,1.041314229369163513e-01,-9.538686275482177734e-02,-3.269913047552108765e-02,-6.313433498144149780e-02,2.438420616090297699e-02,2.297535538673400879e-02,5.943137779831886292e-02,6.551965605467557907e-03,-1.111449860036373138e-02,-1.421038340777158737e-02,-2.469879947602748871e-02,-7.173775136470794678e-02,6.621509790420532227e-02,1.562276601791381836e+00,-1.678982563316822052e-02,3.002174943685531616e-02,-5.263400077819824219e-02,1.540869712829589844e+00
-5.603393554687500000e+00,-1.549306154251098633e+00,6.609120368957519531e-01,5.423454567790031433e-03,2.406805520877242088e-03,-6.949374079704284668e-01,-7.190457582473754883e-01,1.321946736425161362e-02,3.867483139038085938e-02,4.660732746124267578e-01,1.016027852892875671e-01,-9.301538020372390747e-02,-3.282722458243370056e-02,-5.882741510868072510e-02,2.350942231714725494e-02,1.733146794140338898e-02,5.539969354867935181e-02,6.016986444592475891e-03,-1.147826295346021652e-02,-1.961604878306388855e-02,-2.483254857361316681e-02,-7.051397860050201416e-02,6.895658373832702637e-02,1.559457421302795410e+00,-1.788598485291004181e-02,3.059527277946472168e-02,-5.358343943953514099e-02,1.538280844688415527e+00
-5.603212356567382812e+00,-1.548838496208190918e+00,6.609779596328735352e-01,5.127593874931335449e-03,2.119036624208092690e-03,-6.969399452209472656e-01,-7.171080708503723145e-01,1.315225381404161453e-02,3.801163658499717712e-02,4.604864120483398438e-01,1.004004552960395813e-01,-9.207257628440856934e-02,-3.276400268077850342e-02,-5.478655174374580383e-02,2.273799665272235870e-02,1.193758472800254822e-02,5.121661350131034851e-02,6.154319737106561661e-03,-1.169985625892877579e-02,-2.484307624399662018e-02,-2.546915411949157715e-02,-7.001896947622299194e-02,7.084903866052627563e-02,1.558277249336242676e+00,-1.882256381213665009e-02,3.203368186950683594e-02,-5.367355048656463623e-02,1.537185430526733398e+00
-5.602726459503173828e+00,-1.548250198364257812e+00,6.609192490577697754e-01,4.986023996025323868e-03,1.925973687320947647e-03,-6.988109946250915527e-01,-7.152864336967468262e-01,1.246945373713970184e-02,3.724897652864456177e-02,4.550558924674987793e-01,9.995476156473159790e-02,-9.109468758106231689e-02,-3.245528414845466614e-02,-5.083505809307098389e-02,2.155680768191814423e-02,6.864364258944988251e-03,4.670588672161102295e-02,6.819988135248422623e-03,-1.151616871356964111e-02,-3.007314912974834442e-02,-2.561592496931552887e-02,-6.982922554016113281e-02,7.309589534997940063e-02,1.558438777923583984e+00,-2.042212150990962982e-02,3.429064527153968811e-02,-5.262172222137451172e-02,1.538380384445190430e+00
-5.603200912475585938e+00,-1.548078894615173340e+00,6.610447168350219727e-01,4.688737913966178894e-03,1.768246409483253956e-03,-7.003667950630187988e-01,-7.137655615806579590e-01,1.183679234236478806e-02,3.634924069046974182e-02,4.504520893096923828e-01,9.980769455432891846e-02,-9.085114300251007080e-02,-3.187123686075210571e-02,-4.763959348201751709e-02,2.056099288165569305e-02,2.648391760885715485e-03,4.263712093234062195e-02,7.587552536278963089e-03,-1.138374116271734238e-02,-3.530427441000938416e-02,-2.590722031891345978e-02,-6.982848048210144043e-02,7.517031580209732056e-02,1.559162735939025879e+00,-2.213661000132560730e-02,3.656876459717750549e-02,-5.122181400656700134e-02,1.540772676467895508e+00
-5.603678226470947266e+00,-1.547910094261169434e+00,6.611069440841674805e-01,4.600835032761096954e-03,1.517638913355767727e-03,-7.016718387603759766e-01,-7.124837636947631836e-01,1.175354514271020889e-02,3.540224954485893250e-02,4.467120468616485596e-01,9.861186891794204712e-02,-8.965551108121871948e-02,-3.147103264927864075e-02,-4.488882049918174744e-02,1.923728361725807190e-02,-9.078526054508984089e-04,3.938707709312438965e-02,7.846727035939693451e-03,-1.068003941327333450e-02,-3.931815549731254578e-02,-2.542362548410892487e-02,-7.068844884634017944e-02,7.813373208045959473e-02,1.559929847717285156e+00,-2.345825172960758209e-02,3.815153241157531738e-02,-4.980048909783363342e-02,1.543046951293945312e+00
-5.604095458984375000e+00,-1.547856926918029785e+00,6.611694097518920898e-01,4.356352612376213074e-03,1.297396142035722733e-03,-7.027890086174011230e-01,-7.113838195800781250e-01,1.149154547601938248e-02,3.392687439918518066e-02,4.435928463935852051e-01,9.769502282142639160e-02,-8.898910880088806152e-02,-3.060254640877246857e-02,-4.294230043888092041e-02,1.792980544269084930e-02,-3.782026236876845360e-03,3.668511658906936646e-02,8.627838455140590668e-03,-1.023611798882484436e-02,-4.385612532496452332e-02,-2.406720444560050964e-02,-7.123831659555435181e-02,8.155532926321029663e-02,1.560199499130249023e+00,-2.360059507191181183e-02,3.943131119012832642e-02,-4.792975261807441711e-02,1.544108629226684570e+00
-5.604509353637695312e+00,-1.547860741615295410e+00,6.612247228622436523e-01,4.170767962932586670e-03,1.138117630034685135e-03,-7.037183642387390137e-01,-7.104659080505371094e-01,1.104233879595994949e-02,3.289334475994110107e-02,4.409751892089843750e-01,9.723315387964248657e-02,-8.842582255601882935e-02,-2.976269274950027466e-02,-4.137351736426353455e-02,1.673780195415019989e-02,-6.159804761409759521e-03,3.419531881809234619e-02,1.009773463010787964e-02,-9.502193890511989594e-03,-4.699690639972686768e-02,-2.223698608577251434e-02,-7.098840177059173584e-02,8.441897481679916382e-02,1.560286283493041992e+00,-2.303581126034259796e-02,4.089297354221343994e-02,-4.669744148850440979e-02,1.544106364250183105e+00
-5.604923725128173828e+00,-1.547861814498901367e+00,6.612724661827087402e-01,4.257491324096918106e-03,1.181804691441357136e-03,-7.045840620994567871e-01,-7.096067667007446289e-01,1.016502548009157181e-02,3.267763182520866394e-02,4.386052787303924561e-01,9.711091965436935425e-02,-8.775698393583297729e-02,-2.918251603841781616e-02,-3.997752070426940918e-02,1.639181748032569885e-02,-8.576765656471252441e-03,3.168749436736106873e-02,1.200723461806774139e-02,-9.090593084692955017e-03,-5.013816058635711670e-02,-2.026002295315265656e-02,-7.099111378192901611e-02,8.687102049589157104e-02,1.560878753662109375e+00,-2.196731045842170715e-02,4.128032177686691284e-02,-4.700925201177597046e-02,1.543663978576660156e+00
-5.605340003967285156e+00,-1.547922492027282715e+00,6.613783836364746094e-01,4.279417917132377625e-03,1.161788008175790310e-03,-7.052019238471984863e-01,-7.089926600456237793e-01,9.680015034973621368e-03,3.211818262934684753e-02,4.367332160472869873e-01,9.710268676280975342e-02,-8.775507658720016479e-02,-2.840130776166915894e-02,-3.901786729693412781e-02,1.574831642210483551e-02,-1.045717485249042511e-02,2.967851050198078156e-02,1.419142261147499084e-02,-8.337523788213729858e-03,-5.205859988927841187e-02,-1.839557290077209473e-02,-7.068458944559097290e-02,8.861992508172988892e-02,1.562077403068542480e+00,-2.100830525159835815e-02,4.217996820807456970e-02,-4.695663601160049438e-02,1.543208479881286621e+00
-5.605335235595703125e+00,-1.547804117202758789e+00,6.613708138465881348e-01,4.367838148027658463e-03,1.205126754939556122e-03,-7.056953907012939453e-01,-7.085008621215820312e-01,9.331571869552135468e-03,3.161408007144927979e-02,4.355304837226867676e-01,9.717279672622680664e-02,-8.779086172580718994e-02,-2.794522605836391449e-02,-3.824698179960250854e-02,1.508868299424648285e-02,-1.182428374886512756e-02,2.809564955532550812e-02,1.562643423676490784e-02,-7.846992462873458862e-03,-5.362910404801368713e-02,-1.570263691246509552e-02,-7.027218490839004517e-02,9.016289561986923218e-02,1.563323736190795898e+00,-2.016548998653888702e-02,4.238040372729301453e-02,-4.639998823404312134e-02,1.543447613716125488e+00
-5.605752468109130859e+00,-1.547863483428955078e+00,6.614222526550292969e-01,4.394287709146738052e-03,1.240033656358718872e-03,-7.060654163360595703e-01,-7.081319093704223633e-01,8.966936729848384857e-03,3.136467933654785156e-02,4.343204796314239502e-01,9.720975160598754883e-02,-8.749128878116607666e-02,-2.739329077303409576e-02,-3.743002191185951233e-02,1.470457576215267181e-02,-1.268464885652065277e-02,2.656208164989948273e-02,1.668571867048740387e-02,-7.191047538071870804e-03,-5.467543005943298340e-02,-1.374445948749780655e-02,-6.977931410074234009e-02,9.101030975580215454e-02,1.564718484878540039e+00,-1.977052725851535797e-02,4.193612188100814819e-02,-4.585897549986839294e-02,1.543674230575561523e+00
-5.606170654296875000e+00,-1.547804713249206543e+00,6.614192128181457520e-01,4.393484443426132202e-03,1.307323458604514599e-03,-7.062503695487976074e-01,-7.079473137855529785e-01,8.966898545622825623e-03,3.108445741236209869e-02,4.336157441139221191e-01,9.722630679607391357e-02,-8.761432021856307983e-02,-2.701148204505443573e-02,-3.656359016895294189e-02,1.433697342872619629e-02,-1.336628012359142303e-02,2.506142109632492065e-02,1.775805652141571045e-02,-6.882868707180023193e-03,-5.554749816656112671e-02,-1.173736341297626495e-02,-6.925236433744430542e-02,9.240244328975677490e-02,1.566269278526306152e+00,-1.879214867949485779e-02,4.152305424213409424e-02,-4.638069868087768555e-02,1.543410301208496094e+00
-5.606409072875976562e+00,-1.547746062278747559e+00,6.614803075790405273e-01,4.447087645530700684e-03,1.244623679667711258e-03,-7.064969539642333984e-01,-7.077010273933410645e-01,8.859428577125072479e-03,3.079397045075893402e-02,4.328841865062713623e-01,9.733166545629501343e-02,-8.821604400873184204e-02,-2.652961388230323792e-02,-3.597074374556541443e-02,1.404711138457059860e-02,-1.390890590846538544e-02,2.371875569224357605e-02,1.865014061331748962e-02,-6.573220714926719666e-03,-5.624675750732421875e-02,-9.836861863732337952e-03,-6.880555301904678345e-02,9.378663450479507446e-02,1.567466139793395996e+00,-1.785257458686828613e-02,4.065803810954093933e-02,-4.707300290465354919e-02,1.542781710624694824e+00
-5.606647014617919922e+00,-1.547745823860168457e+00,6.614717245101928711e-01,4.538108129054307938e-03,1.337396563030779362e-03,-7.066198587417602539e-01,-7.075775861740112305e-01,8.808740414679050446e-03,3.038823418319225311e-02,4.325356781482696533e-01,9.708971530199050903e-02,-8.797251433134078979e-02,-2.617607079446315765e-02,-3.552676364779472351e-02,1.380998454988002777e-02,-1.422750391066074371e-02,2.290544658899307251e-02,1.937426440417766571e-02,-6.173904519528150558e-03,-5.694449320435523987e-02,-8.081271313130855560e-03,-6.809738278388977051e-02,9.516490995883941650e-02,1.568863511085510254e+00,-1.713336259126663208e-02,3.988562524318695068e-02,-4.758297652006149292e-02,1.542323589324951172e+00
