-7.793385982513427734e+00,-1.882273912429809570e+00,6.615673899650573730e-01,2.986649516969919205e-03,1.074784668162465096e-03,-7.408067584037780762e-01,-6.717106699943542480e-01,-2.111748093739151955e-03,-2.136401459574699402e-02,3.626298904418945312e-01,3.347527147108198334e-18,-6.645378656685352325e-03,2.504812180995941162e-02,-3.097796998918056488e-02,2.362606581300497055e-03,7.980834692716598511e-02,-1.720626043592218982e-18,2.811040729284286499e-02,5.649000406265258789e-03,-4.609087482094764709e-02,-4.022248834371566772e-02,-1.047082766890525818e-01,1.398422867059707642e-01,1.570799946784973145e+00,-6.586801260709762573e-02,5.271330475807189941e-02,-6.920693814754486084e-02,1.570799946784973145e+00
-7.793385982513427734e+00,-1.882213711738586426e+00,6.615676283836364746e-01,2.986210864037275314e-03,1.075260690413415432e-03,-7.406896948814392090e-01,-6.718397736549377441e-01,-1.973821781575679779e-03,-2.139792777597904205e-02,3.631494343280792236e-01,-4.423518311243195139e-18,-6.795722525566816330e-03,2.503261342644691467e-02,-3.101787343621253967e-02,2.375999698415398598e-03,8.015020936727523804e-02,-3.789949660815860504e-18,2.815276198089122772e-02,5.652297288179397583e-03,-4.574086517095565796e-02,-4.022263363003730774e-02,-1.047098115086555481e-01,1.398423463106155396e-01,1.570799946784973145e+00,-6.586819142103195190e-02,5.271176993846893311e-02,-6.920683383941650391e-02,1.570799946784973145e+00
-7.793325901031494141e+00,-1.882153749465942383e+00,6.615641117095947266e-01,3.047858364880084991e-03,1.016116468235850334e-03,-7.403972744941711426e-01,-6.721618771553039551e-01,-1.845324295572936535e-03,-2.124628238379955292e-02,3.639983534812927246e-01,-3.599217941583077106e-18,-7.096099201589822769e-03,2.466035634279251099e-02,-3.163963183760643005e-02,2.446350641548633575e-03,8.100699633359909058e-02,4.949765550468179458e-19,2.858720906078815460e-02,5.564822815358638763e-03,-4.469759017229080200e-02,-4.025707021355628967e-02,-1.045162230730056763e-01,1.403608620166778564e-01,1.570799946784973145e+00,-6.600255519151687622e-02,5.269226431846618652e-02,-6.939353793859481812e-02,1.570799946784973145e+00
-7.793326377868652344e+00,-1.882094621658325195e+00,6.615648865699768066e-01,3.107995493337512016e-03,1.017670263536274433e-03,-7.402216196060180664e-01,-6.723549962043762207e-01,-1.667834585532546043e-03,-2.108534984290599823e-02,3.645038008689880371e-01,7.846727934906626463e-18,-7.151314057409763336e-03,2.455735020339488983e-02,-3.169608116149902344e-02,2.627352252602577209e-03,8.153309673070907593e-02,2.316701285189515670e-18,2.855300530791282654e-02,5.471302662044763565e-03,-4.417443647980690002e-02,-4.025379195809364319e-02,-1.047632470726966858e-01,1.408710479736328125e-01,1.570799946784973145e+00,-6.576039642095565796e-02,5.279807373881340027e-02,-6.938133388757705688e-02,1.570799946784973145e+00
-7.793267726898193359e+00,-1.881975293159484863e+00,6.615648269653320312e-01,3.079632297158241272e-03,9.876989061012864113e-04,-7.399287819862365723e-01,-6.726774573326110840e-01,-1.439819694496691227e-03,-2.117832936346530914e-02,3.651938438415527344e-01,-4.546917942204468360e-18,-7.616286631673574448e-03,2.436980791389942169e-02,-3.180566430091857910e-02,2.653389936313033104e-03,8.239467442035675049e-02,5.843334541611370874e-18,2.865343168377876282e-02,5.399192683398723602e-03,-4.365209490060806274e-02,-4.015227407217025757e-02,-1.046490222215652466e-01,1.413945108652114868e-01,1.570799946784973145e+00,-6.562772393226623535e-02,5.308430269360542297e-02,-6.921029090881347656e-02,1.570799946784973145e+00
-7.793266296386718750e+00,-1.881857037544250488e+00,6.615635156631469727e-01,2.930719405412673950e-03,9.623449877835810184e-04,-7.396946549415588379e-01,-6.729356050491333008e-01,-8.623162866570055485e-04,-2.132038772106170654e-02,3.660590946674346924e-01,8.419891100716816837e-19,-7.829350419342517853e-03,2.408651821315288544e-02,-3.170916438102722168e-02,2.504816278815269470e-03,8.310416340827941895e-02,1.490797425911963593e-18,2.875537052750587463e-02,5.325670819729566574e-03,-4.295217245817184448e-02,-4.046558216214179993e-02,-1.045279651880264282e-01,1.415704190731048584e-01,1.570799946784973145e+00,-6.580606848001480103e-02,5.337180569767951965e-02,-6.921420246362686157e-02,1.570799946784973145e+00
-7.793146610260009766e+00,-1.881737589836120605e+00,6.615653038024902344e-01,2.991766436025500298e-03,9.619403863325715065e-04,-7.394016385078430176e-01,-6.732572913169860840e-01,-6.324319401755928993e-04,-2.117049135267734528e-02,3.669122159481048584e-01,5.688705120213464369e-18,-8.119919337332248688e-03,2.397223748266696930e-02,-3.188350424170494080e-02,2.760422183200716972e-03,8.380325138568878174e-02,-7.522467861509434589e-19,2.881737612187862396e-02,5.157323554158210754e-03,-4.208058118820190430e-02,-4.071926325559616089e-02,-1.045972257852554321e-01,1.415838301181793213e-01,1.570799946784973145e+00,-6.532698869705200195e-02,5.330677703022956848e-02,-6.938761472702026367e-02,1.570799946784973145e+00
-7.793087482452392578e+00,-1.881680011749267578e+00,6.615645289421081543e-01,3.024751320481300354e-03,9.325371356680989265e-04,-7.392262220382690430e-01,-6.734497547149658203e-01,-4.973160685040056705e-04,-2.111327461898326874e-02,3.676128983497619629e-01,5.525353906436798740e-18,-8.399948477745056152e-03,2.377280965447425842e-02,-3.205749765038490295e-02,3.018201794475317001e-03,8.447945863008499146e-02,-8.483627951853441847e-19,2.887396886944770813e-02,4.913678858429193497e-03,-4.138389229774475098e-02,-4.065663740038871765e-02,-1.047906354069709778e-01,1.415690481662750244e-01,1.570799946784973145e+00,-6.537353992462158203e-02,5.329706519842147827e-02,-6.957048922777175903e-02,1.570799946784973145e+00
-7.793148040771484375e+00,-1.881561636924743652e+00,6.615663766860961914e-01,3.120952285826206207e-03,8.442178368568420410e-04,-7.390502691268920898e-01,-6.736425161361694336e-01,-3.196519392076879740e-04,-2.104696258902549744e-02,3.679513633251190186e-01,-1.860782823479683321e-17,-8.636768907308578491e-03,2.368116378784179688e-02,-3.218078985810279846e-02,3.100631292909383774e-03,8.482532948255538940e-02,-3.396478868578473959e-18,2.891088649630546570e-02,4.833196289837360382e-03,-4.103644937276840210e-02,-4.067905619740486145e-02,-1.046078503131866455e-01,1.417472660541534424e-01,1.570799946784973145e+00,-6.514400988817214966e-02,5.384001880884170532e-02,-6.957457214593887329e-02,1.570799946784973145e+00
-7.793087482452392578e+00,-1.881504178047180176e+00,6.615695357322692871e-01,3.093285486102104187e-03,7.549048168584704399e-04,-7.389916181564331055e-01,-6.737070679664611816e-01,-6.261726230150088668e-05,-2.107988856732845306e-02,3.681304156780242920e-01,-3.314053422464861825e-18,-8.835867047309875488e-03,2.360777743160724640e-02,-3.219830617308616638e-02,3.025253070518374443e-03,8.499463647603988647e-02,4.859148431350878122e-19,2.884362824261188507e-02,4.748202394694089890e-03,-4.086136072874069214e-02,-4.077420756220817566e-02,-1.047688499093055725e-01,1.417644470930099487e-01,1.570799946784973145e+00,-6.500277668237686157e-02,5.366551131010055542e-02,-6.974249333143234253e-02,1.570799946784973145e+00
-7.792968750000000000e+00,-1.881444692611694336e+00,6.615698933601379395e-01,3.125633345916867256e-03,7.255836389958858490e-04,-7.389916777610778809e-01,-6.737069487571716309e-01,-1.619911927264183760e-04,-2.091615833342075348e-02,3.679681420326232910e-01,-1.811006733810937349e-17,-8.835916407406330109e-03,2.344328723847866058e-02,-3.228053450584411621e-02,3.096537198871374130e-03,8.499230444431304932e-02,1.135626750397007335e-18,2.883626148104667664e-02,4.669272340834140778e-03,-4.086212068796157837e-02,-4.078156873583793640e-02,-1.047434136271476746e-01,1.421128213405609131e-01,1.570799946784973145e+00,-6.513480097055435181e-02,5.384768545627593994e-02,-6.958395242691040039e-02,1.570799946784973145e+00
-7.792968750000000000e+00,-1.881385207176208496e+00,6.615687012672424316e-01,3.126190276816487312e-03,7.259274134412407875e-04,-7.389330267906188965e-01,-6.737712025642395020e-01,3.039435250684618950e-05,-2.092299424111843109e-02,3.681564629077911377e-01,3.096772721086729589e-18,-9.040770120918750763e-03,2.326875180006027222e-02,-3.230354189872741699e-02,3.104139817878603935e-03,8.516615629196166992e-02,-2.123683148270756205e-20,2.885914780199527740e-02,4.670828580856323242e-03,-4.068801552057266235e-02,-4.075548425316810608e-02,-1.045710518956184387e-01,1.421167403459548950e-01,1.570799946784973145e+00,-6.493109464645385742e-02,5.402617529034614563e-02,-6.975422799587249756e-02,1.570799946784973145e+00
-7.793087482452392578e+00,-1.881384372711181641e+00,6.615663170814514160e-01,3.096639178693294525e-03,6.964040221646428108e-04,-7.389918565750122070e-01,-6.737068295478820801e-01,1.341661300102714449e-05,-2.100655436515808105e-02,3.679888546466827393e-01,-5.515981536506266660e-19,-9.026723913848400116e-03,2.327502518892288208e-02,-3.238863125443458557e-02,3.088078927248716354e-03,8.498116582632064819e-02,-1.205115091730290116e-18,2.911216393113136292e-02,4.592288285493850708e-03,-4.086246341466903687e-02,-4.055015742778778076e-02,-1.046672686934471130e-01,1.422861367464065552e-01,1.570799946784973145e+00,-6.491347402334213257e-02,5.376849696040153503e-02,-6.974490731954574585e-02,1.570799946784973145e+00
-7.793027877807617188e+00,-1.881325364112854004e+00,6.615645885467529297e-01,3.097341163083910942e-03,6.971549009904265404e-04,-7.389920353889465332e-01,-6.737067103385925293e-01,8.033953781705349684e-05,-2.105733565986156464e-02,3.679954409599304199e-01,3.359966495954923902e-18,-9.118977002799510956e-03,2.318734489381313324e-02,-3.238838165998458862e-02,3.090844489634037018e-03,8.497413992881774902e-02,-4.750282156957008458e-19,2.911449596285820007e-02,4.593414720147848129e-03,-4.086286202073097229e-02,-4.037924483418464661e-02,-1.046897396445274353e-01,1.422749161720275879e-01,1.570799946784973145e+00,-6.499747931957244873e-02,5.378300324082374573e-02,-6.939217448234558105e-02,1.570799946784973145e+00
-7.792967796325683594e+00,-1.881266236305236816e+00,6.615687608718872070e-01,3.097879001870751381e-03,6.981332553550601006e-04,-7.389330863952636719e-01,-6.737713217735290527e-01,1.246580650331452489e-04,-2.097731083631515503e-02,3.681669533252716064e-01,-6.433032013890730580e-18,-9.140620939433574677e-03,2.309777215123176575e-02,-3.227850794792175293e-02,3.105660434812307358e-03,8.515042066574096680e-02,2.347284220387132485e-18,2.866064943373203278e-02,4.590817261487245560e-03,-4.068789258599281311e-02,-4.019176587462425232e-02,-1.046985089778900146e-01,1.424219459295272827e-01,1.570799946784973145e+00,-6.508010625839233398e-02,5.379814282059669495e-02,-6.904477626085281372e-02,1.570799946784973145e+00
-7.793028831481933594e+00,-1.881266117095947266e+00,6.615702509880065918e-01,3.097709501162171364e-03,6.979417521506547928e-04,-7.389331459999084473e-01,-6.737712621688842773e-01,3.045173361897468567e-04,-2.098718285560607910e-02,3.681617379188537598e-01,3.130580833492690659e-19,-9.321521036326885223e-03,2.310888282954692841e-02,-3.229108825325965881e-02,3.183156950399279594e-03,8.516169339418411255e-02,5.704514609670884110e-19,2.867167256772518158e-02,4.506446421146392822e-03,-4.068638011813163757e-02,-3.997192159295082092e-02,-1.045212894678115845e-01,1.425850689411163330e-01,1.570799946784973145e+00,-6.511984020471572876e-02,5.398293584585189819e-02,-6.888809800148010254e-02,1.570799946784973145e+00
-7.792968273162841797e+00,-1.881205916404724121e+00,6.615682840347290039e-01,3.097262931987643242e-03,6.974286516197025776e-04,-7.389332056045532227e-01,-6.737712025642395020e-01,3.045578778255730867e-04,-2.098749019205570221e-02,3.681616485118865967e-01,-8.080376679450804872e-18,-9.320328943431377411e-03,2.310786955058574677e-02,-3.231171518564224243e-02,3.267148276790976524e-03,8.514986187219619751e-02,2.416205943000816442e-18,2.885124459862709045e-02,4.419626668095588684e-03,-4.086100682616233826e-02,-3.962078690528869629e-02,-1.041869819164276123e-01,1.432693451642990112e-01,1.570799946784973145e+00,-6.481199711561203003e-02,5.401634797453880310e-02,-6.870121508836746216e-02,1.570799946784973145e+00
-7.792848110198974609e+00,-1.881147027015686035e+00,6.615688800811767578e-01,3.129092976450920105e-03,6.692311144433915615e-04,-7.389920949935913086e-01,-6.737064719200134277e-01,2.913454081863164902e-04,-2.078644745051860809e-02,3.679895997047424316e-01,6.287121489739439263e-18,-9.214002639055252075e-03,2.294294908642768860e-02,-3.235927969217300415e-02,3.248826134949922562e-03,8.497512340545654297e-02,2.630056533173844411e-18,2.881487458944320679e-02,4.416225943714380264e-03,-4.103644192218780518e-02,-3.961649537086486816e-02,-1.032562777400016785e-01,1.439740955829620361e-01,1.570799946784973145e+00,-6.487905979156494141e-02,5.385281890630722046e-02,-6.871394813060760498e-02,1.570799946784973145e+00
-7.792848587036132812e+00,-1.881145238876342773e+00,6.615685820579528809e-01,3.100369591265916824e-03,6.393188377842307091e-04,-7.389337420463562012e-01,-6.737706661224365234e-01,3.150798147544264793e-04,-2.087323367595672607e-02,3.681624829769134521e-01,-5.387463311914515303e-18,-9.243782609701156616e-03,2.293766103684902191e-02,-3.265996649861335754e-02,3.227760083973407745e-03,8.534216880798339844e-02,2.141041598048666847e-19,2.895198762416839600e-02,4.334286320954561234e-03,-4.086311534047126770e-02,-3.911181539297103882e-02,-1.019480824470520020e-01,1.446647644042968750e-01,1.570799946784973145e+00,-6.470546126365661621e-02,5.323195829987525940e-02,-6.924030929803848267e-02,1.570799946784973145e+00
-7.792728424072265625e+00,-1.881205081939697266e+00,6.615618467330932617e-01,3.099045483395457268e-03,6.365978042595088482e-04,-7.389340996742248535e-01,-6.737703084945678711e-01,6.459742871811613441e-05,-2.078787051141262054e-02,3.681689798831939697e-01,-2.393066599340411185e-17,-9.157010354101657867e-03,2.275696024298667908e-02,-3.270047903060913086e-02,3.373586805537343025e-03,8.524344116449356079e-02,-1.452436511414510658e-18,2.915214933454990387e-02,4.281625151634216309e-03,-4.086461663246154785e-02,-3.835928440093994141e-02,-1.000601351261138916e-01,1.455043107271194458e-01,1.570799946784973145e+00,-6.452897191047668457e-02,5.250117555260658264e-02,-6.977657228708267212e-02,1.570799946784973145e+00
-7.792547702789306641e+00,-1.881444931030273438e+00,6.615543961524963379e-01,3.097582608461380005e-03,6.350583862513303757e-04,-7.389350533485412598e-01,-6.737692952156066895e-01,-2.214570267824456096e-04,-2.053724974393844604e-02,3.681681156158447266e-01,1.765669626181395945e-17,-8.695194497704505920e-03,2.265352196991443634e-02,-3.317495062947273254e-02,3.554427996277809143e-03,8.537045121192932129e-02,5.110145531484554611e-19,2.961082942783832550e-02,4.070326685905456543e-03,-4.069460183382034302e-02,-3.753725066781044006e-02,-9.728239476680755615e-02,1.444106251001358032e-01,1.570799946784973145e+00,-6.507051736116409302e-02,5.156084895133972168e-02,-7.016178220510482788e-02,1.570799946784973145e+00
-7.792310237884521484e+00,-1.881738424301147461e+00,6.615414023399353027e-01,3.063560230657458305e-03,6.610143464058637619e-04,-7.389366030693054199e-01,-6.737676858901977539e-01,-8.407056448049843311e-04,-2.018986269831657410e-02,3.679835796356201172e-01,7.492022134895925007e-18,-7.843559607863426208e-03,2.263737656176090240e-02,-3.398636355996131897e-02,4.000429995357990265e-03,8.561424911022186279e-02,3.655548941297938291e-18,3.046814911067485809e-02,3.675599349662661552e-03,-4.087321087718009949e-02,-3.687450662255287170e-02,-9.354279935359954834e-02,1.417393088340759277e-01,1.570799946784973145e+00,-6.554608792066574097e-02,5.027433484792709351e-02,-7.036355882883071899e-02,1.570799946784973145e+00
-7.792071342468261719e+00,-1.882210016250610352e+00,6.615898609161376953e-01,3.061390481889247894e-03,6.573658320121467113e-04,-7.389377951622009277e-01,-6.737663745880126953e-01,-1.646229531615972519e-03,-1.957129873335361481e-02,3.679200410842895508e-01,-1.130811153024907374e-17,-6.842979695647954941e-03,2.244353853166103363e-02,-3.485155105590820312e-02,4.438898526132106781e-03,8.584897965192794800e-02,3.049227620248100388e-18,3.128065541386604309e-02,3.281531855463981628e-03,-4.070222377777099609e-02,-3.656627610325813293e-02,-8.968298137187957764e-02,1.378553807735443115e-01,1.570799946784973145e+00,-6.605342030525207520e-02,4.880566149950027466e-02,-7.074300199747085571e-02,1.570799946784973145e+00
-7.791773796081542969e+00,-1.882737994194030762e+00,6.615663170814514160e-01,2.961663994938135147e-03,7.415318395942449570e-04,-7.392317652702331543e-01,-6.734442114830017090e-01,-2.902049105614423752e-03,-1.922017335891723633e-02,3.670816123485565186e-01,3.001833148999017093e-17,-5.473442841321229935e-03,2.252227440476417542e-02,-3.569681197404861450e-02,4.956607241183519363e-03,8.537308871746063232e-02,3.060611486633208293e-18,3.249667584896087646e-02,2.974121831357479095e-03,-4.157616943120956421e-02,-3.648640587925910950e-02,-8.530808240175247192e-02,1.332885771989822388e-01,1.570799946784973145e+00,-6.668833643198013306e-02,4.737309366464614868e-02,-7.025855034589767456e-02,1.570799946784973145e+00
-7.791415691375732422e+00,-1.883386492729187012e+00,6.615532636642456055e-01,2.931759227067232132e-03,7.095525506883859634e-04,-7.394660711288452148e-01,-6.731870174407958984e-01,-4.324150271713733673e-03,-1.861721090972423553e-02,3.662116229534149170e-01,1.048227343183021963e-17,-3.840126795694231987e-03,2.252610027790069580e-02,-3.688298165798187256e-02,5.367787089198827744e-03,8.472128212451934814e-02,2.250066303379234557e-18,3.345674276351928711e-02,2.306153066456317902e-03,-4.262124747037887573e-02,-3.681313991546630859e-02,-8.141136914491653442e-02,1.276780962944030762e-01,1.570799946784973145e+00,-6.756382435560226440e-02,4.590204358100891113e-02,-6.905173510313034058e-02,1.570799946784973145e+00
-7.791056632995605469e+00,-1.884152770042419434e+00,6.615213751792907715e-01,2.927859779447317123e-03,7.045349921099841595e-04,-7.397593855857849121e-01,-6.728647351264953613e-01,-5.947065073996782303e-03,-1.810508780181407928e-02,3.652052283287048340e-01,1.414332932805622970e-17,-2.183603355661034584e-03,2.234752476215362549e-02,-3.814573213458061218e-02,6.041334476321935654e-03,8.424293994903564453e-02,2.196234216294896069e-18,3.480871021747589111e-02,1.986218849197030067e-03,-4.332002997398376465e-02,-3.673634305596351624e-02,-7.755733281373977661e-02,1.232790648937225342e-01,1.570799946784973145e+00,-6.766097992658615112e-02,4.486379772424697876e-02,-6.835314631462097168e-02,1.570799946784973145e+00
-7.790698051452636719e+00,-1.884794473648071289e+00,6.615650653839111328e-01,2.898255130276083946e-03,6.702365353703498840e-04,-7.400534152984619141e-01,-6.725415587425231934e-01,-7.259733509272336960e-03,-1.760849170386791229e-02,3.642316162586212158e-01,1.002144780385447770e-17,-6.400476559065282345e-04,2.235775999724864960e-02,-3.928217291831970215e-02,6.316167768090963364e-03,8.359558135271072388e-02,2.189643861559532960e-18,3.607255592942237854e-02,1.665523974224925041e-03,-4.401961714029312134e-02,-3.624620288610458374e-02,-7.418413460254669189e-02,1.209665834903717041e-01,1.570799946784973145e+00,-6.757368147373199463e-02,4.445741325616836548e-02,-6.784195452928543091e-02,1.570799946784973145e+00
-7.790398597717285156e+00,-1.885199308395385742e+00,6.615560650825500488e-01,2.894067438319325447e-03,7.260525599122047424e-04,-7.401722669601440430e-01,-6.724106669425964355e-01,-8.269368670880794525e-03,-1.715888082981109619e-02,3.639889955520629883e-01,-1.123774079399735001e-17,4.761147138196974993e-04,2.250279858708381653e-02,-4.008832946419715881e-02,6.632663775235414505e-03,8.318480104207992554e-02,1.424147451453079957e-18,3.710217028856277466e-02,1.403798232786357403e-03,-4.454712569713592529e-02,-3.584458306431770325e-02,-7.141947001218795776e-02,1.197253912687301636e-01,1.570799946784973145e+00,-6.751935184001922607e-02,4.419099912047386169e-02,-6.766294687986373901e-02,1.570799946784973145e+00
-7.790279865264892578e+00,-1.885489702224731445e+00,6.615491509437561035e-01,2.922939602285623550e-03,7.523833774030208588e-04,-7.404082417488098145e-01,-6.721506714820861816e-01,-8.886153809726238251e-03,-1.684291288256645203e-02,3.630934059619903564e-01,-9.835908710916995931e-18,1.112899626605212688e-03,2.251093275845050812e-02,-4.041809216141700745e-02,7.152780424803495407e-03,8.272440731525421143e-02,2.746272914771010069e-20,3.738145902752876282e-02,1.161577412858605385e-03,-4.524948820471763611e-02,-3.491754457354545593e-02,-6.922931224107742310e-02,1.189933270215988159e-01,1.570799946784973145e+00,-6.759511679410934448e-02,4.394094273447990417e-02,-6.730563938617706299e-02,1.570799946784973145e+00
-7.790101051330566406e+00,-1.885544896125793457e+00,6.615498065948486328e-01,2.986280247569084167e-03,6.938155856914818287e-04,-7.409950494766235352e-01,-6.715034842491149902e-01,-9.520063176751136780e-03,-1.641712896525859833e-02,3.617113828659057617e-01,2.122873428923946289e-18,1.528270891867578030e-03,2.220991253852844238e-02,-4.067694768309593201e-02,7.389677688479423523e-03,8.105648308992385864e-02,-6.047810073516875965e-19,3.743936866521835327e-02,7.344153127633035183e-04,-4.682485386729240417e-02,-3.397949039936065674e-02,-6.793902814388275146e-02,1.187935173511505127e-01,1.570799946784973145e+00,-6.737885624170303345e-02,4.393265768885612488e-02,-6.749539822340011597e-02,1.570799946784973145e+00
-7.789921760559082031e+00,-1.885601758956909180e+00,6.615514159202575684e-01,2.987293526530265808e-03,6.955669377930462360e-04,-7.416974306106567383e-01,-6.707276105880737305e-01,-1.011259946972131729e-02,-1.619286276400089264e-02,3.594624698162078857e-01,-1.123258084133624423e-17,2.142474055290222168e-03,2.228437922894954681e-02,-4.022740200161933899e-02,7.517093792557716370e-03,7.902765274047851562e-02,1.122138743328717666e-19,3.731470555067062378e-02,4.832193371839821339e-04,-4.909254610538482666e-02,-3.381668031215667725e-02,-6.693277508020401001e-02,1.184310242533683777e-01,1.570799946784973145e+00,-6.693012267351150513e-02,4.410555213689804077e-02,-6.801605224609375000e-02,1.570799946784973145e+00
-7.789741516113281250e+00,-1.885600447654724121e+00,6.615523695945739746e-01,2.927160123363137245e-03,6.990694673731923103e-04,-7.423987984657287598e-01,-6.699514985084533691e-01,-1.046989858150482178e-02,-1.611833833158016205e-02,3.575932681560516357e-01,-5.207542946685376546e-19,2.738542389124631882e-03,2.226268500089645386e-02,-3.974129259586334229e-02,7.499101571738719940e-03,7.699870318174362183e-02,-3.531035511641862417e-18,3.690952435135841370e-02,3.209105634596198797e-04,-5.100981891155242920e-02,-3.350022062659263611e-02,-6.667673587799072266e-02,1.185946017503738403e-01,1.570799946784973145e+00,-6.605876982212066650e-02,4.452491924166679382e-02,-6.924735754728317261e-02,1.570799946784973145e+00
-7.789561271667480469e+00,-1.885600566864013672e+00,6.615554690361022949e-01,2.959705423563718796e-03,7.297860574908554554e-04,-7.429243922233581543e-01,-6.693683862686157227e-01,-1.090187486261129379e-02,-1.583105884492397308e-02,3.562576472759246826e-01,-1.307152493859167004e-17,3.163592191413044930e-03,2.212932333350181580e-02,-3.948860242962837219e-02,7.673113606870174408e-03,7.545811682939529419e-02,-9.623264150077070277e-19,3.662789613008499146e-02,-1.464867636968847364e-05,-5.257961526513099670e-02,-3.337565809488296509e-02,-6.662780046463012695e-02,1.183997914195060730e-01,1.570799946784973145e+00,-6.491004675626754761e-02,4.534754157066345215e-02,-6.993859261274337769e-02,1.570799946784973145e+00
-7.789499282836914062e+00,-1.885541439056396484e+00,6.615527272224426270e-01,2.933692885562777519e-03,6.993897841311991215e-04,-7.432746291160583496e-01,-6.689795851707458496e-01,-1.106321811676025391e-02,-1.590693555772304535e-02,3.551373481750488281e-01,-2.341670890032286384e-17,3.482920583337545395e-03,2.216770127415657043e-02,-3.922608494758605957e-02,7.649061735719442368e-03,7.473286986351013184e-02,1.113860526553440103e-18,3.635984286665916443e-02,9.550368849886581302e-05,-5.380060896277427673e-02,-3.337293863296508789e-02,-6.653660535812377930e-02,1.184000819921493530e-01,1.570799946784973145e+00,-6.379395723342895508e-02,4.635659977793693542e-02,-7.048126310110092163e-02,1.570799946784973145e+00
-7.789677143096923828e+00,-1.885423183441162109e+00,6.615542173385620117e-01,2.907971153035759926e-03,6.697218632325530052e-04,-7.434499263763427734e-01,-6.687849760055541992e-01,-1.085486076772212982e-02,-1.594381965696811676e-02,3.545568585395812988e-01,1.588816425984088500e-17,3.268318716436624527e-03,2.194554172456264496e-02,-3.883165493607521057e-02,7.558732759207487106e-03,7.421255111694335938e-02,3.360450448312055708e-19,3.614509105682373047e-02,1.095282277674414217e-04,-5.432417616248130798e-02,-3.352254629135131836e-02,-6.657987087965011597e-02,1.185979843139648438e-01,1.570799946784973145e+00,-6.232768669724464417e-02,4.704062640666961670e-02,-7.096744328737258911e-02,1.570799946784973145e+00
-7.789555549621582031e+00,-1.885186553001403809e+00,6.615654826164245605e-01,2.852875273674726486e-03,6.103498162701725960e-04,-7.433924674987792969e-01,-6.688491106033325195e-01,-1.046006474643945694e-02,-1.611344516277313232e-02,3.550318181514739990e-01,-6.534747932274538734e-18,2.837750129401683807e-03,2.194518223404884338e-02,-3.856788203120231628e-02,7.395965047180652618e-03,7.438354939222335815e-02,9.403217951266625989e-20,3.573080897331237793e-02,-3.511904287734068930e-05,-5.415201559662818909e-02,-3.321087360382080078e-02,-6.672152876853942871e-02,1.191490739583969116e-01,1.570799946784973145e+00,-6.106532365083694458e-02,4.726089909672737122e-02,-7.184032350778579712e-02,1.570799946784973145e+00
-7.789434909820556641e+00,-1.885011672973632812e+00,6.615635156631469727e-01,2.794907661154866219e-03,5.501189734786748886e-04,-7.433348298072814941e-01,-6.689134836196899414e-01,-1.002924703061580658e-02,-1.617119833827018738e-02,3.553173840045928955e-01,2.153493918121373012e-17,2.534764586016535759e-03,2.169703133404254913e-02,-3.843827173113822937e-02,7.576193660497665405e-03,7.454892992973327637e-02,-6.721935260130714835e-20,3.558433428406715393e-02,-1.784587657311931252e-04,-5.380496755242347717e-02,-3.333459421992301941e-02,-6.735785305500030518e-02,1.195174977183341980e-01,1.570799946784973145e+00,-6.022081151604652405e-02,4.745159670710563660e-02,-7.252528518438339233e-02,1.570799946784973145e+00
-7.789493560791015625e+00,-1.884954452514648438e+00,6.615626215934753418e-01,2.798194764181971550e-03,4.893826553598046303e-04,-7.433351278305053711e-01,-6.689131259918212891e-01,-9.934704750776290894e-03,-1.626193150877952576e-02,3.553971648216247559e-01,1.965646246812317001e-18,2.337408252060413361e-03,2.152834460139274597e-02,-3.851283714175224304e-02,7.482416927814483643e-03,7.439617067575454712e-02,2.516970241788670623e-19,3.557543084025382996e-02,-1.790777314454317093e-04,-5.380655825138092041e-02,-3.360810503363609314e-02,-6.739685684442520142e-02,1.202375739812850952e-01,1.570799946784973145e+00,-6.003955379128456116e-02,4.753234982490539551e-02,-7.288639247417449951e-02,1.570799946784973145e+00
-7.789491176605224609e+00,-1.884957194328308105e+00,6.615600585937500000e-01,2.769069047644734383e-03,4.590983735397458076e-04,-7.433352470397949219e-01,-6.689131855964660645e-01,-9.988476522266864777e-03,-1.623569801449775696e-02,3.554433286190032959e-01,-2.675116990247517455e-18,2.418010495603084564e-03,2.143955044448375702e-02,-3.853958472609519958e-02,7.414440158754587173e-03,7.441289722919464111e-02,2.624155788575409103e-19,3.577745705842971802e-02,-1.937953929882496595e-04,-5.398131906986236572e-02,-3.351856768131256104e-02,-6.765640527009963989e-02,1.200600266456604004e-01,1.570799946784973145e+00,-5.989234149456024170e-02,4.746606200933456421e-02,-7.271442562341690063e-02,1.570799946784973145e+00
-7.789371967315673828e+00,-1.884898900985717773e+00,6.615630984306335449e-01,2.739306306466460228e-03,4.285125178284943104e-04,-7.433356046676635742e-01,-6.689129471778869629e-01,-9.845531545579433441e-03,-1.606505922973155975e-02,3.556706309318542480e-01,1.347633389548532094e-17,2.397956093773245811e-03,2.136261016130447388e-02,-3.857401758432388306e-02,7.497688289731740952e-03,7.458928972482681274e-02,-5.124651694489320489e-19,3.580331057310104370e-02,-3.548835229594260454e-04,-5.398236215114593506e-02,-3.350146114826202393e-02,-6.762567907571792603e-02,1.195061132311820984e-01,1.570799946784973145e+00,-5.951600149273872375e-02,4.774559289216995239e-02,-7.288818806409835815e-02,1.570799946784973145e+00
-7.789310932159423828e+00,-1.884841442108154297e+00,6.615671515464782715e-01,2.681748010218143463e-03,3.700799425132572651e-04,-7.433355450630187988e-01,-6.689133048057556152e-01,-9.904596954584121704e-03,-1.612979173660278320e-02,3.555510342121124268e-01,1.160883883220701482e-17,2.294350881129503250e-03,2.128689922392368317e-02,-3.834012523293495178e-02,7.438939530402421951e-03,7.460148632526397705e-02,7.804361708485615199e-19,3.575393185019493103e-02,-6.115920841693878174e-04,-5.398199334740638733e-02,-3.351823240518569946e-02,-6.749878078699111938e-02,1.186332777142524719e-01,1.570799946784973145e+00,-5.950039252638816833e-02,4.775643721222877502e-02,-7.289258390665054321e-02,1.570799946784973145e+00
-7.789250373840332031e+00,-1.884842872619628906e+00,6.615643501281738281e-01,2.624124521389603615e-03,3.126635565422475338e-04,-7.433356046676635742e-01,-6.689134836196899414e-01,-9.824207983911037445e-03,-1.628190837800502777e-02,3.554411828517913818e-01,4.489838344035246685e-18,2.305941656231880188e-03,2.112383954226970673e-02,-3.833695501089096069e-02,7.271807640790939331e-03,7.460789382457733154e-02,6.275356603284674119e-19,3.577053546905517578e-02,-6.064228946343064308e-04,-5.398215726017951965e-02,-3.364945575594902039e-02,-6.767199188470840454e-02,1.182743161916732788e-01,1.570799946784973145e+00,-5.952864885330200195e-02,4.777462780475616455e-02,-7.273013144731521606e-02,1.570799946784973145e+00
-7.789129734039306641e+00,-1.884723305702209473e+00,6.615670919418334961e-01,2.594721969217061996e-03,2.815839252434670925e-04,-7.433353662490844727e-01,-6.689138412475585938e-01,-9.673443622887134552e-03,-1.624305732548236847e-02,3.556307256221771240e-01,-7.247270972170059860e-18,2.190137980505824089e-03,2.113183960318565369e-02,-3.857871145009994507e-02,7.252423092722892761e-03,7.444827258586883545e-02,7.034725466208487431e-19,3.583120927214622498e-02,-6.947888759896159172e-04,-5.398144945502281189e-02,-3.340156748890876770e-02,-6.762842088937759399e-02,1.178875267505645752e-01,1.570799946784973145e+00,-5.983071774244308472e-02,4.735677689313888550e-02,-7.202868908643722534e-02,1.570799946784973145e+00
-7.789009571075439453e+00,-1.884665608406066895e+00,6.615667939186096191e-01,2.594860503450036049e-03,2.821303787641227245e-04,-7.433347702026367188e-01,-6.689144968986511230e-01,-9.618540294468402863e-03,-1.609803177416324615e-02,3.556424677371978760e-01,8.222807254765085601e-18,2.294509438797831535e-03,2.096624672412872314e-02,-3.830894827842712402e-02,7.378791924566030502e-03,7.443322241306304932e-02,-2.744218417849278557e-18,3.555131331086158752e-02,-7.837281445972621441e-04,-5.415416508913040161e-02,-3.342355042695999146e-02,-6.727431714534759521e-02,1.178529709577560425e-01,1.570799946784973145e+00,-5.994017422199249268e-02,4.720469936728477478e-02,-7.152440398931503296e-02,1.570799946784973145e+00
-7.789069175720214844e+00,-1.884607076644897461e+00,6.615633368492126465e-01,2.566554816439747810e-03,2.529981138650327921e-04,-7.433927655220031738e-01,-6.688501834869384766e-01,-9.640413336455821991e-03,-1.601577736437320709e-02,3.554823994636535645e-01,-8.975673133905736717e-18,2.302936278283596039e-03,2.063345350325107574e-02,-3.830035030841827393e-02,7.467161864042282104e-03,7.425722479820251465e-02,-1.597069144916984116e-18,3.553421050310134888e-02,-9.612691937945783138e-04,-5.432755872607231140e-02,-3.308810666203498840e-02,-6.737472862005233765e-02,1.178323552012443542e-01,1.570799946784973145e+00,-5.977787822484970093e-02,4.696995392441749573e-02,-7.136484235525131226e-02,1.570799946784973145e+00
-7.788829803466796875e+00,-1.884489059448242188e+00,6.615628004074096680e-01,2.536214422434568405e-03,2.229713718406856060e-04,-7.434507012367248535e-01,-6.687859296798706055e-01,-9.492156095802783966e-03,-1.594647206366062164e-02,3.551303446292877197e-01,4.031488467632875967e-18,2.157739363610744476e-03,2.049307897686958313e-02,-3.822141140699386597e-02,7.564167492091655731e-03,7.408198714256286621e-02,2.191340615791032358e-18,3.561784699559211731e-02,-1.143790083006024361e-03,-5.450073629617691040e-02,-3.289385139942169189e-02,-6.711964309215545654e-02,1.178327575325965881e-01,1.570799946784973145e+00,-5.963512137532234192e-02,4.690128564834594727e-02,-7.119779288768768311e-02,1.570799946784973145e+00
-7.788712501525878906e+00,-1.884429812431335449e+00,6.615639925003051758e-01,2.475285436958074570e-03,2.238233719253912568e-04,-7.435671091079711914e-01,-6.686567068099975586e-01,-9.339606389403343201e-03,-1.569034717977046967e-02,3.547729551792144775e-01,-1.577508867010488612e-17,2.199210692197084427e-03,2.018316090106964111e-02,-3.792557492852210999e-02,7.959481328725814819e-03,7.355647534132003784e-02,-1.500815823900899588e-20,3.537485748529434204e-02,-1.639706781134009361e-03,-5.502285808324813843e-02,-3.279969841241836548e-02,-6.721276044845581055e-02,1.179914548993110657e-01,1.570799946784973145e+00,-5.962415412068367004e-02,4.684641957283020020e-02,-7.084538787603378296e-02,1.570799946784973145e+00
-7.788532257080078125e+00,-1.884189009666442871e+00,6.615673303604125977e-01,2.444292418658733368e-03,1.977011997951194644e-04,-7.438582777976989746e-01,-6.683328747749328613e-01,-9.188826195895671844e-03,-1.528609823435544968e-02,3.540539443492889404e-01,-1.344595486030869845e-17,2.279783366248011589e-03,1.971831172704696655e-02,-3.758750483393669128e-02,8.184960111975669861e-03,7.287020981311798096e-02,-2.967045416933367128e-19,3.502347320318222046e-02,-1.967761898413300514e-03,-5.571956187486648560e-02,-3.284458070993423462e-02,-6.745223701000213623e-02,1.179917603731155396e-01,1.570799946784973145e+00,-5.972789227962493896e-02,4.643958061933517456e-02,-7.032284140586853027e-02,1.570799946784973145e+00
-7.787996768951416016e+00,-1.883828043937683105e+00,6.615765094757080078e-01,2.469690749421715736e-03,2.334417076781392097e-04,-7.442665696144104004e-01,-6.678780913352966309e-01,-8.726387284696102142e-03,-1.428093016147613525e-02,3.529243171215057373e-01,3.766212472367732545e-18,2.250037854537367821e-03,1.869214884936809540e-02,-3.671810775995254517e-02,9.209465235471725464e-03,7.165059447288513184e-02,6.730535999796705651e-19,3.425461426377296448e-02,-3.090939950197935104e-03,-5.694217979907989502e-02,-3.257817402482032776e-02,-6.771470606327056885e-02,1.185018569231033325e-01,1.570799946784973145e+00,-6.010669097304344177e-02,4.603896290063858032e-02,-6.943621486425399780e-02,1.570799946784973145e+00
-7.787340164184570312e+00,-1.883343815803527832e+00,6.616527438163757324e-01,2.465059049427509308e-03,3.052624524571001530e-04,-7.445011734962463379e-01,-6.676165461540222168e-01,-8.152706548571586609e-03,-1.281469035893678665e-02,3.523360192775726318e-01,-1.865220978338275336e-17,2.325552050024271011e-03,1.730355620384216309e-02,-3.561924025416374207e-02,1.054597925394773483e-02,7.095048576593399048e-02,-4.919140222264169300e-19,3.316355124115943909e-02,-4.492675885558128357e-03,-5.729492008686065674e-02,-3.142469003796577454e-02,-6.806105375289916992e-02,1.186350509524345398e-01,1.570799946784973145e+00,-5.978984758257865906e-02,4.430199414491653442e-02,-6.870549917221069336e-02,1.570799946784973145e+00
-7.786322116851806641e+00,-1.882785797119140625e+00,6.616679430007934570e-01,2.407991327345371246e-03,1.940560177899897099e-04,-7.443290948867797852e-01,-6.678086519241333008e-01,-7.361141033470630646e-03,-1.134597975760698318e-02,3.532356321811676025e-01,-1.729514388787315658e-17,2.307860413566231728e-03,1.553703378885984421e-02,-3.558279573917388916e-02,1.198012474924325943e-02,7.186211645603179932e-02,7.660525734536349773e-04,3.238687664270401001e-02,-6.134877912700176239e-03,-5.573274940252304077e-02,-2.780853398144245148e-02,-6.617420166730880737e-02,1.149530410766601562e-01,1.570799946784973145e+00,-6.053752824664115906e-02,4.222585260868072510e-02,-6.697539240121841431e-02,1.570799946784973145e+00
-7.785370349884033203e+00,-1.882333874702453613e+00,6.617380976676940918e-01,2.649434143677353859e-03,2.589750511106103659e-04,-7.434505224227905273e-01,-6.687856316566467285e-01,-6.715658120810985565e-03,-9.007434360682964325e-03,3.559392094612121582e-01,1.850502085159476134e-18,2.630315022543072701e-03,1.300608925521373749e-02,-3.894809633493423462e-02,1.434453763067722321e-02,7.475224882364273071e-02,7.469871547073125839e-03,2.833486348390579224e-02,-7.685868069529533386e-03,-5.292711779475212097e-02,-2.049475349485874176e-02,-6.173523887991905212e-02,1.064818277955055237e-01,1.567010760307312012e+00,-6.298048794269561768e-02,3.956643491983413696e-02,-6.122897565364837646e-02,1.570799946784973145e+00
-7.784367561340332031e+00,-1.882246494293212891e+00,6.616480350494384766e-01,3.075157059356570244e-03,3.075310669373720884e-04,-7.426204681396484375e-01,-6.697053313255310059e-01,-7.197583094239234924e-03,-6.687323097139596939e-03,3.583792150020599365e-01,9.353661586617968243e-18,4.120792262256145477e-03,1.132531184703111649e-02,-4.289362952113151550e-02,1.685551181435585022e-02,7.755952328443527222e-02,1.429232209920883179e-02,2.480239421129226685e-02,-9.181088767945766449e-03,-5.166881158947944641e-02,-8.779391646385192871e-03,-5.654214695096015930e-02,9.391022473573684692e-02,1.553872227668762207e+00,-6.819440424442291260e-02,3.662569820880889893e-02,-5.108618363738059998e-02,1.570799946784973145e+00
-7.783610820770263672e+00,-1.882389307022094727e+00,6.614961028099060059e-01,3.325460245832800865e-03,-4.117851858609355986e-05,-7.408433556556701660e-01,-6.716696023941040039e-01,-8.442598395049571991e-03,-4.582966677844524384e-03,3.630362451076507568e-01,-2.233010873124156818e-18,8.907958865165710449e-03,9.548055939376354218e-03,-4.971128702163696289e-02,1.880607940256595612e-02,8.308526873588562012e-02,2.421850711107254028e-02,2.087165042757987976e-02,-1.054223999381065369e-02,-4.776858538389205933e-02,7.782541681081056595e-03,-5.154690146446228027e-02,8.014383167028427124e-02,1.537601351737976074e+00,-7.733566313982009888e-02,3.431913256645202637e-02,-3.774083778262138367e-02,1.569419145584106445e+00
-7.782777309417724609e+00,-1.883006811141967773e+00,6.612741351127624512e-01,3.796793520450592041e-03,-2.761321957223117352e-04,-7.379015088081359863e-01,-6.748976707458496094e-01,-2.723262086510658264e-02,4.307593218982219696e-03,3.716423511505126953e-01,4.027796536684036255e-02,-2.173954388126730919e-03,7.864957675337791443e-03,-6.089007109403610229e-02,2.139475755393505096e-02,9.196425229310989380e-02,3.977764025330543518e-02,1.587793044745922089e-02,-1.145027298480272293e-02,-4.025063291192054749e-02,3.220396861433982849e-02,-4.670983925461769104e-02,7.269711792469024658e-02,1.519390821456909180e+00,-8.920137584209442139e-02,3.231643140316009521e-02,-2.462208084762096405e-02,1.558599948883056641e+00
-7.782276153564453125e+00,-1.884591221809387207e+00,6.611385941505432129e-01,4.246695432811975479e-03,-9.568980894982814789e-04,-7.345939874649047852e-01,-6.784930229187011719e-01,-6.546813249588012695e-02,1.921737380325794220e-02,3.809038102626800537e-01,1.187741532921791077e-01,-1.604299061000347137e-02,7.054381538182497025e-03,-7.469101250171661377e-02,2.316805906593799591e-02,1.008017510175704956e-01,5.607077851891517639e-02,1.198516134172677994e-02,-1.174585986882448196e-02,-2.855579927563667297e-02,6.362581253051757812e-02,-4.211882501840591431e-02,7.506639510393142700e-02,1.503136157989501953e+00,-1.033863201737403870e-01,2.878974564373493195e-02,-1.099668350070714951e-02,1.539058208465576172e+00
-7.781160354614257812e+00,-1.887192249298095703e+00,6.610009074211120605e-01,4.514811094850301743e-03,-1.815603696741163731e-03,-7.332715988159179688e-01,-6.799184679985046387e-01,-1.267419308423995972e-01,4.247109219431877136e-02,3.842273950576782227e-01,2.273608595132827759e-01,-2.570699667558073997e-03,6.520257797092199326e-03,-8.585914969444274902e-02,2.477890439331531525e-02,1.037925481796264648e-01,6.471648067235946655e-02,1.340211182832717896e-02,-1.300781033933162689e-02,-1.978073269128799438e-02,1.011938825249671936e-01,-3.726813197135925293e-02,8.853280544281005859e-02,1.489934086799621582e+00,-1.203585788607597351e-01,2.323888801038265228e-02,5.740588530898094177e-03,1.513826489448547363e+00
-7.779278755187988281e+00,-1.890075564384460449e+00,6.608825325965881348e-01,4.914716351777315140e-03,-2.895531011745333672e-03,-7.332891225814819336e-01,-6.798930168151855469e-01,-2.052863091230392456e-01,6.888971477746963501e-02,3.756111860275268555e-01,3.507103323936462402e-01,4.211466386914253235e-02,7.733478210866451263e-03,-9.421393275260925293e-02,2.676969580352306366e-02,1.020206362009048462e-01,6.599691510200500488e-02,1.857939548790454865e-02,-1.537919323891401291e-02,-1.233656611293554306e-02,1.438674479722976685e-01,-3.217282891273498535e-02,1.122108846902847290e-01,1.480307459831237793e+00,-1.402922719717025757e-01,1.515830773860216141e-02,2.765947952866554260e-02,1.482121229171752930e+00
-7.776999950408935547e+00,-1.892933249473571777e+00,6.609061360359191895e-01,5.365575663745403290e-03,-4.034381359815597534e-03,-7.328972220420837402e-01,-6.803062558174133301e-01,-2.878920435905456543e-01,8.969699591398239136e-02,3.522321879863739014e-01,4.781670272350311279e-01,7.718754559755325317e-02,1.135954540222883224e-02,-9.988044202327728271e-02,2.927092276513576508e-02,1.020537763833999634e-01,6.086531281471252441e-02,2.801635675132274628e-02,-1.845026761293411255e-02,-3.166817827150225639e-03,1.916747093200683594e-01,-2.788925170898437500e-02,1.473824232816696167e-01,1.476945042610168457e+00,-1.618346571922302246e-01,4.698635078966617584e-03,5.188293009996414185e-02,1.448661208152770996e+00
-7.774647235870361328e+00,-1.895263433456420898e+00,6.612116694450378418e-01,5.408851429820060730e-03,-5.146660376340150833e-03,-7.311639785766601562e-01,-6.821608543395996094e-01,-3.725510835647583008e-01,1.040371805429458618e-01,3.225310146808624268e-01,6.177927851676940918e-01,7.530692964792251587e-02,1.652215979993343353e-02,-1.032186374068260193e-01,3.108209930360317230e-02,1.054610013961791992e-01,5.151878297328948975e-02,3.927074372768402100e-02,-2.180094271898269653e-02,6.446205545216798782e-03,2.421444654464721680e-01,-2.780356258153915405e-02,1.888207495212554932e-01,1.480155229568481445e+00,-1.855335682630538940e-01,-7.146577350795269012e-03,7.366088777780532837e-02,1.416695356369018555e+00
-7.773001194000244141e+00,-1.896878004074096680e+00,6.616650819778442383e-01,5.100149195641279221e-03,-6.250076461583375931e-03,-7.294340729713439941e-01,-6.840035319328308105e-01,-4.538833498954772949e-01,1.164448708295822144e-01,2.978889346122741699e-01,7.582092881202697754e-01,5.246562138199806213e-02,1.941267400979995728e-02,-1.026941612362861633e-01,3.183637559413909912e-02,1.090083643794059753e-01,3.799107670783996582e-02,5.161673203110694885e-02,-2.407261729240417480e-02,1.202124916017055511e-02,2.925689816474914551e-01,-3.310641273856163025e-02,2.245440483093261719e-01,1.487862110137939453e+00,-2.072634845972061157e-01,-1.806640252470970154e-02,8.654978126287460327e-02,1.387111425399780273e+00
-7.772058963775634766e+00,-1.897657036781311035e+00,6.620622873306274414e-01,5.218199919909238815e-03,-7.079640403389930725e-03,-7.274593114852905273e-01,-6.860944628715515137e-01,-5.284214019775390625e-01,1.301363706588745117e-01,2.778340280055999756e-01,8.885922431945800781e-01,2.435886301100254059e-02,1.854650117456912994e-02,-1.004676893353462219e-01,3.178998827934265137e-02,1.129203215241432190e-01,2.395017072558403015e-02,6.229022145271301270e-02,-2.526875585317611694e-02,1.569335721433162689e-02,3.372500538825988770e-01,-4.066627845168113708e-02,2.455228269100189209e-01,1.499112486839294434e+00,-2.256878912448883057e-01,-2.874547988176345825e-02,8.918230980634689331e-02,1.356896519660949707e+00
-7.771811008453369141e+00,-1.897787690162658691e+00,6.624081730842590332e-01,5.337470676749944687e-03,-7.961382158100605011e-03,-7.246929407119750977e-01,-6.890052556991577148e-01,-5.921920537948608398e-01,1.409031152725219727e-01,2.577939033508300781e-01,9.975751042366027832e-01,-3.017609007656574249e-03,1.581148058176040649e-02,-9.930190443992614746e-02,3.084963373839855194e-02,1.192979887127876282e-01,1.397395506501197815e-02,7.003577053546905518e-02,-2.525313943624496460e-02,1.901443861424922943e-02,3.757164776325225830e-01,-5.004354193806648254e-02,2.565057277679443359e-01,1.513455629348754883e+00,-2.429181337356567383e-01,-3.874599561095237732e-02,9.310519695281982422e-02,1.329117059707641602e+00
-7.772389888763427734e+00,-1.897353291511535645e+00,6.626456975936889648e-01,5.516638047993183136e-03,-8.612399920821189880e-03,-7.202312946319580078e-01,-6.936586499214172363e-01,-6.402530670166015625e-01,1.458054482936859131e-01,2.362088412046432495e-01,1.076922655105590820e+00,-2.677120454609394073e-02,1.107159722596406937e-02,-1.006107330322265625e-01,3.028059005737304688e-02,1.306765526533126831e-01,9.792210534214973450e-03,7.473456114530563354e-02,-2.406800724565982819e-02,2.529100514948368073e-02,4.073830246925354004e-01,-6.004240736365318298e-02,2.656384408473968506e-01,1.529229044914245605e+00,-2.611763477325439453e-01,-4.656495526432991028e-02,1.048863008618354797e-01,1.306103229522705078e+00
-7.773529529571533203e+00,-1.896524548530578613e+00,6.626763939857482910e-01,5.797999911010265350e-03,-9.076727554202079773e-03,-7.142236232757568359e-01,-6.998347043991088867e-01,-6.693775653839111328e-01,1.443459540605545044e-01,2.159757316112518311e-01,1.122981429100036621e+00,-4.762961342930793762e-02,6.771430373191833496e-03,-1.042729541659355164e-01,2.995461039245128632e-02,1.463999897241592407e-01,1.134259346872568130e-02,7.691223174333572388e-02,-2.193900942802429199e-02,3.275803849101066589e-02,4.313645958900451660e-01,-6.956823170185089111e-02,2.748568654060363770e-01,1.545974493026733398e+00,-2.792717218399047852e-01,-5.160362273454666138e-02,1.204377040266990662e-01,1.289840102195739746e+00
-7.775071144104003906e+00,-1.895292162895202637e+00,6.626872420310974121e-01,6.269844248890876770e-03,-9.134568274021148682e-03,-7.070048451423645020e-01,-7.071219086647033691e-01,-6.805401444435119629e-01,1.374036520719528198e-01,1.957262307405471802e-01,1.137001395225524902e+00,-6.810057908296585083e-02,2.433684654533863068e-03,-1.093688979744911194e-01,3.026012517511844635e-02,1.659083366394042969e-01,1.621097885072231293e-02,7.740908116102218628e-02,-1.930056512355804443e-02,3.916135057806968689e-02,4.475522935390472412e-01,-7.961259782314300537e-02,2.853315770626068115e-01,1.559205770492553711e+00,-2.951868772506713867e-01,-5.232575535774230957e-02,1.335330158472061157e-01,1.282347559928894043e+00
-7.777376174926757812e+00,-1.893638968467712402e+00,6.625967025756835938e-01,6.466817110776901245e-03,-8.878135122358798981e-03,-6.987810730934143066e-01,-7.152512669563293457e-01,-6.698536872863769531e-01,1.231851801276206970e-01,1.724825799465179443e-01,1.114022374153137207e+00,-8.658123016357421875e-02,-2.461310708895325661e-03,-1.137018725275993347e-01,3.013801947236061096e-02,1.878308504819869995e-01,2.221569605171680450e-02,7.663275301456451416e-02,-1.526298746466636658e-02,4.519902169704437256e-02,4.556880891323089600e-01,-8.957693725824356079e-02,2.911788523197174072e-01,1.567555665969848633e+00,-3.072302937507629395e-01,-4.898986965417861938e-02,1.428262591361999512e-01,1.283877253532409668e+00
-7.779860496520996094e+00,-1.891304731369018555e+00,6.623500585556030273e-01,6.796339992433786392e-03,-8.162409998476505280e-03,-6.883194446563720703e-01,-7.253299355506896973e-01,-6.421015262603759766e-01,1.035642251372337341e-01,1.422336995601654053e-01,1.058316588401794434e+00,-1.030164510011672974e-01,-9.413423947989940643e-03,-1.174230203032493591e-01,3.052877262234687805e-02,2.159695923328399658e-01,2.831405587494373322e-02,7.508687674999237061e-02,-1.048798765987157822e-02,5.209738388657569885e-02,4.558522105216979980e-01,-9.797582775354385376e-02,2.918453216552734375e-01,1.570799946784973145e+00,-3.141015768051147461e-01,-4.140989482402801514e-02,1.471471786499023438e-01,1.295416712760925293e+00
-7.782752037048339844e+00,-1.888012528419494629e+00,6.620660424232482910e-01,6.836704909801483154e-03,-7.222289219498634338e-03,-6.757069230079650879e-01,-7.371032834053039551e-01,-5.952842235565185547e-01,8.259312063455581665e-02,1.115059107542037964e-01,9.722863435745239258e-01,-1.141391471028327942e-01,-1.519568543881177902e-02,-1.197535470128059387e-01,3.107932768762111664e-02,2.492818832397460938e-01,3.345066681504249573e-02,7.329223304986953735e-02,-4.817977081984281540e-03,6.269042193889617920e-02,4.483690559864044189e-01,-1.033480763435363770e-01,2.852133214473724365e-01,1.570799946784973145e+00,-3.150823116302490234e-01,-3.197010979056358337e-02,1.464206427335739136e-01,1.313352584838867188e+00
-7.785778999328613281e+00,-1.883776426315307617e+00,6.616717576980590820e-01,7.066108286380767822e-03,-6.026308517903089523e-03,-6.599398851394653320e-01,-7.512609958648681641e-01,-5.375295877456665039e-01,6.454769521951675415e-02,8.247067034244537354e-02,8.646564483642578125e-01,-1.181815266609191895e-01,-2.028603106737136841e-02,-1.220445781946182251e-01,3.262072429060935974e-02,2.903784811496734619e-01,3.864662349224090576e-02,7.131494581699371338e-02,1.168721355497837067e-03,7.452023029327392578e-02,4.339529871940612793e-01,-1.068963780999183655e-01,2.765286862850189209e-01,1.570799946784973145e+00,-3.104263246059417725e-01,-2.140693552792072296e-02,1.436851471662521362e-01,1.338038802146911621e+00
-7.789169311523437500e+00,-1.878919959068298340e+00,6.612553000450134277e-01,7.111198268830776215e-03,-4.842299036681652069e-03,-6.423962116241455078e-01,-7.663244009017944336e-01,-4.682777822017669678e-01,4.782798513770103455e-02,5.410391464829444885e-02,7.387366890907287598e-01,-1.184797659516334534e-01,-2.313336543738842010e-02,-1.250875592231750488e-01,3.367961198091506958e-02,3.350939154624938965e-01,4.624189436435699463e-02,6.788375228643417358e-02,8.508581668138504028e-03,8.618745952844619751e-02,4.107308387756347656e-01,-1.088203862309455872e-01,2.623039484024047852e-01,1.570799946784973145e+00,-3.010555505752563477e-01,-1.146532688289880753e-02,1.403605490922927856e-01,1.365045666694641113e+00
-7.793070793151855469e+00,-1.873458027839660645e+00,6.607339978218078613e-01,7.170671597123146057e-03,-3.615387016907334328e-03,-6.241567730903625488e-01,-7.812578678131103516e-01,-3.936294615268707275e-01,3.574248030781745911e-02,3.282950818538665771e-02,6.061604619026184082e-01,-1.112239435315132141e-01,-2.199205383658409119e-02,-1.281894147396087646e-01,3.424349054694175720e-02,3.808446228504180908e-01,5.574290454387664795e-02,6.204237416386604309e-02,1.694438233971595764e-02,8.757928013801574707e-02,3.805794417858123779e-01,-1.119522303342819214e-01,2.490340918302536011e-01,1.570799946784973145e+00,-2.857650816440582275e-01,-2.052745781838893890e-03,1.376767307519912720e-01,1.392930507659912109e+00
-7.798100471496582031e+00,-1.867192149162292480e+00,6.599149107933044434e-01,7.707143668085336685e-03,-2.179053146392107010e-03,-6.072294116020202637e-01,-7.944861650466918945e-01,-3.241206109523773193e-01,2.918144501745700836e-02,3.119489550590515137e-02,4.917810261249542236e-01,-1.048003658652305603e-01,-1.412443630397319794e-02,-1.329233050346374512e-01,3.417093306779861450e-02,4.227862656116485596e-01,7.176426798105239868e-02,5.014875158667564392e-02,2.706794440746307373e-02,7.764097303152084351e-02,3.416027426719665527e-01,-1.126552000641822815e-01,2.333927601575851440e-01,1.570799946784973145e+00,-2.666879594326019287e-01,6.377679295837879181e-03,1.354251950979232788e-01,1.420059919357299805e+00
-7.804197788238525391e+00,-1.861383080482482910e+00,6.589221358299255371e-01,9.167429059743881226e-03,-7.253000512719154358e-04,-5.927088856697082520e-01,-8.053643107414245605e-01,-2.715132832527160645e-01,2.592486515641212463e-02,4.407097026705741882e-02,4.109109342098236084e-01,-9.941691160202026367e-02,-3.413868369534611702e-03,-1.433418244123458862e-01,3.552434593439102173e-02,4.581222832202911377e-01,9.843523055315017700e-02,3.416292741894721985e-02,3.862213343381881714e-02,5.214000493288040161e-02,2.930764853954315186e-01,-1.089633554220199585e-01,2.152740806341171265e-01,1.570799946784973145e+00,-2.389102876186370850e-01,1.210380438715219498e-02,1.256905794143676758e-01,1.445574402809143066e+00
-7.811164379119873047e+00,-1.857483744621276855e+00,6.578730344772338867e-01,9.541874751448631287e-03,-1.120599335990846157e-04,-5.806522965431213379e-01,-8.140957355499267578e-01,-2.379625588655471802e-01,2.308973297476768494e-02,6.202788650989532471e-02,3.585993349552154541e-01,-9.192313998937606812e-02,4.511578474193811417e-03,-1.645437479019165039e-01,3.757119551301002502e-02,4.890804886817932129e-01,1.429869085550308228e-01,1.401569042354822159e-02,5.233023688197135925e-02,2.047876827418804169e-02,2.364486008882522583e-01,-1.008204519748687744e-01,1.831587404012680054e-01,1.567343831062316895e+00,-2.014727294445037842e-01,1.145903486758470535e-02,1.044441536068916321e-01,1.464569807052612305e+00
-7.817926883697509766e+00,-1.855419039726257324e+00,6.569554805755615234e-01,9.934786707162857056e-03,-6.228765705600380898e-04,-5.701274275779724121e-01,-8.214959502220153809e-01,-2.191547751426696777e-01,2.015277743339538574e-02,8.233359456062316895e-02,3.268698751926422119e-01,-8.726952224969863892e-02,1.108650676906108856e-02,-1.913036853075027466e-01,4.094107821583747864e-02,5.184807181358337402e-01,1.875646114349365234e-01,2.367774723097681999e-03,6.624128669500350952e-02,-1.558201853185892105e-02,1.820271611213684082e-01,-8.672595024108886719e-02,1.485314220190048218e-01,1.552749395370483398e+00,-1.531097143888473511e-01,6.643165368586778641e-03,6.978109478950500488e-02,1.476017713546752930e+00
-7.824662685394287109e+00,-1.854436159133911133e+00,6.565258502960205078e-01,1.049811393022537231e-02,-1.406703027896583080e-03,-5.605245232582092285e-01,-8.280701041221618652e-01,-2.077401429414749146e-01,1.572206616401672363e-02,1.030006408691406250e-01,3.039487302303314209e-01,-8.334700018167495728e-02,1.923809014260768890e-02,-2.197399288415908813e-01,4.644178599119186401e-02,5.442122817039489746e-01,2.308871001005172729e-01,1.071646343916654587e-03,7.935108244419097900e-02,-5.286315456032752991e-02,1.261458098888397217e-01,-6.147082522511482239e-02,1.079501509666442871e-01,1.530097484588623047e+00,-1.053298339247703552e-01,-9.224822279065847397e-04,3.442969918251037598e-02,1.485620498657226562e+00
-7.831525325775146484e+00,-1.855356574058532715e+00,6.570388674736022949e-01,1.165374834090471268e-02,-2.201840514317154884e-03,-5.451496243476867676e-01,-8.382548689842224121e-01,-1.936697512865066528e-01,1.364584732800722122e-02,1.382499635219573975e-01,2.724684476852416992e-01,-7.290459424257278442e-02,2.744275517761707306e-02,-2.566551864147186279e-01,5.865730717778205872e-02,5.634081363677978516e-01,2.898105382919311523e-01,-7.659965194761753082e-03,9.224263578653335571e-02,-7.842615246772766113e-02,6.910561025142669678e-02,-2.693348191678524017e-02,7.225648313760757446e-02,1.506708264350891113e+00,-6.036480888724327087e-02,-9.253747761249542236e-03,6.169265601783990860e-03,1.496981620788574219e+00
-7.837862014770507812e+00,-1.856716275215148926e+00,6.583323478698730469e-01,1.361004542559385300e-02,-2.387769054621458054e-03,-5.249547958374023438e-01,-8.510179519653320312e-01,-1.757790148258209229e-01,1.484482176601886749e-02,1.834880858659744263e-01,2.368205487728118896e-01,-6.111377105116844177e-02,3.388638421893119812e-02,-3.032159507274627686e-01,7.184422016143798828e-02,5.390439629554748535e-01,3.758101463317871094e-01,-3.895877301692962646e-02,1.014389321208000183e-01,-9.272224456071853638e-02,1.217349525541067123e-02,1.618140563368797302e-02,4.732893034815788269e-02,1.485795617103576660e+00,-1.903294585645198822e-02,-1.592912897467613220e-02,-1.882555708289146423e-02,1.508951663970947266e+00
-7.842988967895507812e+00,-1.858062028884887695e+00,6.601079106330871582e-01,1.618658006191253662e-02,-2.357993973419070244e-03,-5.027515888214111328e-01,-8.642761707305908203e-01,-1.558855324983596802e-01,1.782991737127304077e-02,2.325314283370971680e-01,1.988622248172760010e-01,-4.910282045602798462e-02,3.832821920514106750e-02,-3.534776270389556885e-01,7.748502492904663086e-02,4.705576896667480469e-01,4.791184961795806885e-01,-8.980447053909301758e-02,1.045233830809593201e-01,-1.030845120549201965e-01,-3.949451074004173279e-02,6.281191110610961914e-02,4.136157035827636719e-02,1.467867851257324219e+00,2.428676001727581024e-02,-1.981204934418201447e-02,-5.528311431407928467e-02,1.522955179214477539e+00
-7.847694396972656250e+00,-1.859283089637756348e+00,6.619732379913330078e-01,1.878939010202884674e-02,-2.285089809447526932e-03,-4.799329340457916260e-01,-8.771010041236877441e-01,-1.331525593996047974e-01,1.914309151470661163e-02,2.833188474178314209e-01,1.562415510416030884e-01,-3.483217582106590271e-02,4.184031859040260315e-02,-4.019419550895690918e-01,6.375566124916076660e-02,3.479398488998413086e-01,5.914731025695800781e-01,-1.496240496635437012e-01,9.886597096920013428e-02,-1.088245883584022522e-01,-8.794927597045898438e-02,1.117843613028526306e-01,4.144177585840225220e-02,1.451681494712829590e+00,6.590203940868377686e-02,-2.185212448239326477e-02,-9.626247733831405640e-02,1.536952257156372070e+00
-7.851372241973876953e+00,-1.860417246818542480e+00,6.635069847106933594e-01,2.106799557805061340e-02,-2.219286048784852028e-03,-4.560014903545379639e-01,-8.897268176078796387e-01,-1.101499274373054504e-01,1.931820623576641083e-02,3.366898298263549805e-01,1.155304610729217529e-01,-2.321755327284336090e-02,4.362453520298004150e-02,-4.386801719665527344e-01,3.503480181097984314e-02,2.104927152395248413e-01,6.933099031448364258e-01,-2.046315371990203857e-01,8.787880092859268188e-02,-1.091687753796577454e-01,-1.320269107818603516e-01,1.590910404920578003e-01,3.959558159112930298e-02,1.437787055969238281e+00,1.079837456345558167e-01,-2.364442124962806702e-02,-1.350087523460388184e-01,1.548661708831787109e+00
-7.853562355041503906e+00,-1.860507607460021973e+00,6.647065877914428711e-01,2.256045117974281311e-02,-2.188086975365877151e-03,-4.315300583839416504e-01,-9.018137454986572266e-01,-8.398543298244476318e-02,1.723033003509044647e-02,3.909138441085815430e-01,7.599665969610214233e-02,-1.568030938506126404e-02,4.275754466652870178e-02,-4.607239067554473877e-01,1.858071540482342243e-03,8.579627424478530884e-02,7.791962623596191406e-01,-2.431187629699707031e-01,6.949741393327713013e-02,-1.053776890039443970e-01,-1.733617782592773438e-01,2.040005922317504883e-01,3.330003470182418823e-02,1.421526908874511719e+00,1.458589285612106323e-01,-2.453583292663097382e-02,-1.649922430515289307e-01,1.558821082115173340e+00
-7.854476451873779297e+00,-1.859773159027099609e+00,6.655365228652954102e-01,2.315345034003257751e-02,-2.127691637724637985e-03,-4.057455062866210938e-01,-9.136903285980224609e-01,-5.559456348419189453e-02,1.198898255825042725e-02,4.475629031658172607e-01,3.930458799004554749e-02,-1.220738515257835388e-02,3.981852531433105469e-02,-4.702804684638977051e-01,-2.528471127152442932e-02,-1.723502180539071560e-03,8.408054709434509277e-01,-2.617107927799224854e-01,5.131753161549568176e-02,-1.000895053148269653e-01,-2.061550915241241455e-01,2.450869828462600708e-01,3.343208506703376770e-02,1.401637554168701172e+00,1.782954186201095581e-01,-2.683256193995475769e-02,-1.862409859895706177e-01,1.566591739654541016e+00
-7.854380607604980469e+00,-1.858006954193115234e+00,6.659687161445617676e-01,2.307841181755065918e-02,-2.147289225831627846e-03,-3.801418244838714600e-01,-9.246377348899841309e-01,-2.870968356728553772e-02,3.691668622195720673e-03,5.024340748786926270e-01,9.011885151267051697e-03,-1.316320430487394333e-02,3.595628589391708374e-02,-4.678403437137603760e-01,-4.923210293054580688e-02,-6.668736785650253296e-02,8.752901554107666016e-01,-2.704644799232482910e-01,3.777708858251571655e-02,-9.467115253210067749e-02,-2.295362651348114014e-01,2.820310890674591064e-01,3.863044828176498413e-02,1.377445220947265625e+00,2.044693380594253540e-01,-2.918054535984992981e-02,-2.037171423435211182e-01,1.570799946784973145e+00
-7.854566097259521484e+00,-1.855925917625427246e+00,6.660926938056945801e-01,2.219741046428680420e-02,-2.165604382753372192e-03,-3.550895750522613525e-01,-9.345661997795104980e-01,-1.011855248361825943e-02,-3.448061179369688034e-03,5.549662113189697266e-01,-1.675803814534961210e-18,-2.503216266632080078e-02,3.164882957935333252e-02,-4.516995549201965332e-01,-7.105633616447448730e-02,-1.172209754586219788e-01,8.819645643234252930e-01,-2.772250771522521973e-01,2.930848672986030579e-02,-9.138822555541992188e-02,-2.412578165531158447e-01,3.132984936237335205e-01,5.458508804440498352e-02,1.353596925735473633e+00,2.262429893016815186e-01,-3.079537488520145416e-02,-2.235082983970642090e-01,1.570799946784973145e+00
-7.854070663452148438e+00,-1.853110909461975098e+00,6.659684777259826660e-01,2.059701830148696899e-02,-2.178004942834377289e-03,-3.312739729881286621e-01,-9.433072805404663086e-01,5.610746797174215317e-03,-1.158658228814601898e-02,6.034191846847534180e-01,2.766035513300517801e-18,-4.109837487339973450e-02,2.688877470791339874e-02,-4.184637069702148438e-01,-9.674562513828277588e-02,-1.747626066207885742e-01,8.571628332138061523e-01,-2.872891426086425781e-01,2.569559030234813690e-02,-9.003347903490066528e-02,-2.431091815233230591e-01,3.364184796810150146e-01,7.908636331558227539e-02,1.333706617355346680e+00,2.438413798809051514e-01,-3.185872361063957214e-02,-2.446341514587402344e-01,1.570799946784973145e+00
-7.852951049804687500e+00,-1.850237965583801270e+00,6.658076643943786621e-01,1.875934936106204987e-02,-2.251971978694200516e-03,-3.088257312774658203e-01,-9.509309530258178711e-01,2.080616913735866547e-02,-2.030873112380504608e-02,6.488702297210693359e-01,5.498414288247171735e-19,-5.577929690480232239e-02,2.096932753920555115e-02,-3.682805597782135010e-01,-1.198532134294509888e-01,-2.411819249391555786e-01,8.029695749282836914e-01,-3.011049032211303711e-01,2.407854981720447540e-02,-8.955810219049453735e-02,-2.363503277301788330e-01,3.501897454261779785e-01,1.072952002286911011e-01,1.320247411727905273e+00,2.573876082897186279e-01,-3.157180920243263245e-02,-2.650825977325439453e-01,1.570799946784973145e+00
-7.851168155670166016e+00,-1.847705245018005371e+00,6.655529141426086426e-01,1.665675640106201172e-02,-2.277155406773090363e-03,-2.882124185562133789e-01,-9.574189186096191406e-01,3.560315445065498352e-02,-2.874490432441234589e-02,6.894619464874267578e-01,-5.268915508836171865e-18,-6.911655515432357788e-02,1.368555705994367599e-02,-2.985549271106719971e-01,-1.359920054674148560e-01,-3.283760249614715576e-01,7.141878008842468262e-01,-3.151893913745880127e-01,2.709274925291538239e-02,-8.961305022239685059e-02,-2.258110046386718750e-01,3.539195358753204346e-01,1.306256055831909180e-01,1.314723730087280273e+00,2.650698125362396240e-01,-2.995254099369049072e-02,-2.811501920223236084e-01,1.570799946784973145e+00
-7.848604679107666016e+00,-1.845792889595031738e+00,6.651989817619323730e-01,1.430769730359315872e-02,-2.433432266116142273e-03,-2.689760923385620117e-01,-9.630374908447265625e-01,4.963041469454765320e-02,-3.666649013757705688e-02,7.275346517562866211e-01,-5.178068330111004218e-18,-8.020853251218795776e-02,5.292570684105157852e-03,-2.216148674488067627e-01,-1.370998471975326538e-01,-4.171202778816223145e-01,6.007415652275085449e-01,-3.110834360122680664e-01,3.665564581751823425e-02,-9.071397036314010620e-02,-2.099985182285308838e-01,3.501465022563934326e-01,1.510499119758605957e-01,1.315351724624633789e+00,2.648914158344268799e-01,-2.675615064799785614e-02,-2.910070419311523438e-01,1.570799946784973145e+00
-7.844922065734863281e+00,-1.844156146049499512e+00,6.646226048469543457e-01,1.203439850360155106e-02,-2.529980847612023354e-03,-2.511369585990905762e-01,-9.678734540939331055e-01,6.383994221687316895e-02,-4.349037259817123413e-02,7.621500492095947266e-01,-7.406899459599930588e-18,-8.953300118446350098e-02,-4.755661822855472565e-03,-1.481293290853500366e-01,-1.227985098958015442e-01,-4.867324829101562500e-01,4.705088734626770020e-01,-2.774882018566131592e-01,4.643497988581657410e-02,-9.215122461318969727e-02,-1.874442398548126221e-01,3.403229117393493652e-01,1.700950860977172852e-01,1.320574402809143066e+00,2.562072277069091797e-01,-2.340538986027240753e-02,-2.899375855922698975e-01,1.570799946784973145e+00
-7.841027736663818359e+00,-1.842983841896057129e+00,6.638419032096862793e-01,9.083740413188934326e-03,-2.777772024273872375e-03,-2.328662276268005371e-01,-9.724623560905456543e-01,7.756812125444412231e-02,-5.149665474891662598e-02,7.979465723037719727e-01,5.478530520682622055e-18,-9.754412621259689331e-02,-1.574040204286575317e-02,-9.260540455579757690e-02,-1.030631959438323975e-01,-5.205129981040954590e-01,3.520232439041137695e-01,-2.314803898334503174e-01,5.196239054203033447e-02,-9.077785164117813110e-02,-1.581712067127227783e-01,3.238814771175384521e-01,1.925057619810104370e-01,1.329289793968200684e+00,2.369039505720138550e-01,-2.077201381325721741e-02,-2.802209854125976562e-01,1.570799946784973145e+00
-7.837571144104003906e+00,-1.842341542243957520e+00,6.626837253570556641e-01,5.313428118824958801e-03,-3.394448664039373398e-03,-2.115162461996078491e-01,-9.773541688919067383e-01,9.083342552185058594e-02,-6.178664416074752808e-02,8.404176831245422363e-01,-9.572598303582431640e-19,-1.036874130368232727e-01,-2.771851606667041779e-02,-6.230251118540763855e-02,-8.752467483282089233e-02,-5.171388387680053711e-01,2.608591616153717041e-01,-1.818460673093795776e-01,5.158257484436035156e-02,-8.223158866167068481e-02,-1.244522407650947571e-01,3.010174930095672607e-01,2.196061015129089355e-01,1.342787027359008789e+00,2.085059732198715210e-01,-2.072579413652420044e-02,-2.610795199871063232e-01,1.570799946784973145e+00
-7.835433006286621094e+00,-1.842884063720703125e+00,6.616457104682922363e-01,1.084410119801759720e-03,-4.234037362039089203e-03,-1.866195946931838989e-01,-9.824225306510925293e-01,9.178736060857772827e-02,-6.067104265093803406e-02,8.886116743087768555e-01,3.070392459630966187e-02,-1.142535731196403503e-01,-4.054061695933341980e-02,-4.977755248546600342e-02,-7.680413126945495605e-02,-4.890177249908447266e-01,1.959626227617263794e-01,-1.384526640176773071e-01,4.568782448768615723e-02,-6.774017959833145142e-02,-7.678534835577011108e-02,2.709956467151641846e-01,2.522291541099548340e-01,1.348289847373962402e+00,1.673767417669296265e-01,-2.171796560287475586e-02,-2.284074425697326660e-01,1.570799946784973145e+00
-7.834770202636718750e+00,-1.844432711601257324e+00,6.609684824943542480e-01,-2.601151354610919952e-03,-5.350301973521709442e-03,-1.601705402135848999e-01,-9.870714545249938965e-01,7.964271306991577148e-02,-4.158962890505790710e-02,9.353690147399902344e-01,9.230921417474746704e-02,-1.129425838589668274e-01,-5.374685674905776978e-02,-4.943603649735450745e-02,-6.953156739473342896e-02,-4.486676156520843506e-01,1.520356088876724243e-01,-1.039413511753082275e-01,3.736013546586036682e-02,-4.792543873190879822e-02,-2.334758453071117401e-02,2.380053699016571045e-01,2.770889699459075928e-01,1.349319100379943848e+00,1.209395974874496460e-01,-2.235490642488002777e-02,-1.908893138170242310e-01,1.570799946784973145e+00
-7.834312438964843750e+00,-1.846086621284484863e+00,6.608519554138183594e-01,-5.525425542145967484e-03,-6.523386109620332718e-03,-1.367232948541641235e-01,-9.905723929405212402e-01,5.481150746345520020e-02,-9.346444276161491871e-04,9.674426913261413574e-01,1.803831309080123901e-01,-7.923301309347152710e-02,-6.591890007257461548e-02,-4.898089170455932617e-02,-6.277047097682952881e-02,-4.109618365764617920e-01,1.118752434849739075e-01,-7.098627090454101562e-02,2.988971583545207977e-02,-3.214466571807861328e-02,2.924940735101699829e-02,2.040178030729293823e-01,2.854978740215301514e-01,1.347177505493164062e+00,6.917119771242141724e-02,-2.319709584116935730e-02,-1.548354923725128174e-01,1.570799946784973145e+00
-7.833308219909667969e+00,-1.848826289176940918e+00,6.613097190856933594e-01,-8.464832790195941925e-03,-7.861771620810031891e-03,-1.174665987491607666e-01,-9.930096268653869629e-01,1.399324834346771240e-02,5.369228497147560120e-02,9.735106825828552246e-01,2.959312796592712402e-01,-2.868790738284587860e-02,-7.133598625659942627e-02,-4.655550792813301086e-02,-5.606636032462120056e-02,-3.785849809646606445e-01,7.471953332424163818e-02,-4.080810770392417908e-02,2.189270779490470886e-02,-2.166170626878738403e-02,7.569311559200286865e-02,1.713204979896545410e-01,2.849195897579193115e-01,1.349726557731628418e+00,1.655375584959983826e-02,-2.639609761536121368e-02,-1.200233846902847290e-01,1.570799946784973145e+00
-7.831371784210205078e+00,-1.852795958518981934e+00,6.621046066284179688e-01,-1.144536025822162628e-02,-9.186550043523311615e-03,-1.003542691469192505e-01,-9.948435425758361816e-01,-3.904409334063529968e-02,1.071975529193878174e-01,9.499120712280273438e-01,4.247361719608306885e-01,1.117829699069261551e-02,-6.745781749486923218e-02,-4.493163526058197021e-02,-4.910423234105110168e-02,-3.480302095413208008e-01,4.635612666606903076e-02,-1.903047785162925720e-02,1.271970383822917938e-02,-1.350484509021043777e-02,1.199608147144317627e-01,1.379125118255615234e-01,2.880523502826690674e-01,1.354642271995544434e+00,-4.185997694730758667e-02,-3.318026661872863770e-02,-7.775474339723587036e-02,1.559021830558776855e+00
-7.829006671905517578e+00,-1.857381701469421387e+00,6.631927490234375000e-01,-1.430726796388626099e-02,-1.029274985194206238e-02,-8.595707267522811890e-02,-9.961429238319396973e-01,-1.103135496377944946e-01,1.606892049312591553e-01,9.045881032943725586e-01,5.849795341491699219e-01,4.200684372335672379e-03,-5.577560141682624817e-02,-4.313285276293754578e-02,-4.247191175818443298e-02,-3.214766681194305420e-01,2.541626617312431335e-02,-4.025044851005077362e-03,3.527003806084394455e-03,-7.371967658400535583e-03,1.611671894788742065e-01,1.042159125208854675e-01,2.966664731502532959e-01,1.364805817604064941e+00,-1.001535952091217041e-01,-4.139531776309013367e-02,-3.477973118424415588e-02,1.536836147308349609e+00
-7.826838016510009766e+00,-1.861200094223022461e+00,6.641995310783386230e-01,-1.691778562963008881e-02,-1.125070918351411819e-02,-7.489605247974395752e-02,-9.969843626022338867e-01,-1.962185502052307129e-01,2.106264680624008179e-01,8.399624824523925781e-01,7.565022110939025879e-01,-3.151790797710418701e-02,-4.217989370226860046e-02,-4.062614962458610535e-02,-3.784339874982833862e-02,-3.007422983646392822e-01,8.424117229878902435e-03,7.520732935518026352e-03,-3.843594342470169067e-03,-4.114774521440267563e-03,1.992911249399185181e-01,7.275651395320892334e-02,2.935076951980590820e-01,1.371375083923339844e+00,-1.543140709400177002e-01,-5.059194564819335938e-02,-5.132838618010282516e-03,1.508424520492553711e+00
-7.824778556823730469e+00,-1.863890767097473145e+00,6.650137901306152344e-01,-1.921600289642810822e-02,-1.191172003746032715e-02,-6.657923758029937744e-02,-9.975249767303466797e-01,-2.983356714248657227e-01,2.480802685022354126e-01,7.425836324691772461e-01,9.221338033676147461e-01,-7.624110579490661621e-02,-2.999401465058326721e-02,-3.957843035459518433e-02,-3.586145490407943726e-02,-2.856293320655822754e-01,-7.055269530697007565e-19,1.328097656369209290e-02,-9.152366779744625092e-03,-1.643509836867451668e-03,2.308450192213058472e-01,4.702796787023544312e-02,2.690176367759704590e-01,1.374021172523498535e+00,-1.992574185132980347e-01,-6.055262684822082520e-02,8.274411782622337341e-03,1.475197792053222656e+00
-7.822852134704589844e+00,-1.865664720535278320e+00,6.656537055969238281e-01,-2.123800665140151978e-02,-1.266880240291357040e-02,-5.917609855532646179e-02,-9.979411959648132324e-01,-4.001748263835906982e-01,2.608246505260467529e-01,6.364026665687561035e-01,1.055404424667358398e+00,-1.149875372648239136e-01,-2.024119719862937927e-02,-4.168120026588439941e-02,-3.630943223834037781e-02,-2.720677852630615234e-01,6.234621577031617426e-19,1.384351588785648346e-02,-1.247122604399919510e-02,2.838878659531474113e-03,2.560320496559143066e-01,2.662757597863674164e-02,2.315602749586105347e-01,1.373161911964416504e+00,-2.389564812183380127e-01,-7.257294654846191406e-02,1.853450015187263489e-02,1.437293052673339844e+00
-7.821299552917480469e+00,-1.866471052169799805e+00,6.662117838859558105e-01,-2.308452501893043518e-02,-1.323189493268728256e-02,-5.102368444204330444e-02,-9.983429312705993652e-01,-4.902732372283935547e-01,2.482594847679138184e-01,5.339831113815307617e-01,1.149107336997985840e+00,-1.454643905162811279e-01,-1.171113550662994385e-02,-4.415572434663772583e-02,-3.794846311211585999e-02,-2.575391232967376709e-01,9.941302687894521122e-19,1.583949103951454163e-02,-1.427209470421075821e-02,1.021322980523109436e-02,2.748161852359771729e-01,1.060222368687391281e-02,1.985901594161987305e-01,1.374037861824035645e+00,-2.754954397678375244e-01,-8.485274016857147217e-02,3.519000485539436340e-02,1.401971340179443359e+00
-7.819659709930419922e+00,-1.866513967514038086e+00,6.665518879890441895e-01,-2.446592599153518677e-02,-1.352986413985490799e-02,-4.141158983111381531e-02,-9.987509250640869141e-01,-5.575162768363952637e-01,2.220711559057235718e-01,4.505932331085205078e-01,1.202878475189208984e+00,-1.671577543020248413e-01,-4.952212795615196228e-03,-4.687428846955299377e-02,-3.995577245950698853e-02,-2.397692203521728516e-01,-9.606609902419080756e-19,1.884865388274192810e-02,-1.493948604911565781e-02,1.932307891547679901e-02,2.913919985294342041e-01,-2.131456509232521057e-03,1.809724718332290649e-01,1.378711700439453125e+00,-3.101890385150909424e-01,-9.610615670680999756e-02,6.078285351395606995e-02,1.371450662612915039e+00
-7.817814826965332031e+00,-1.865955471992492676e+00,6.668283343315124512e-01,-2.576700598001480103e-02,-1.352068409323692322e-02,-3.074287809431552887e-02,-9.991036653518676758e-01,-5.965009331703186035e-01,1.885644495487213135e-01,3.854812085628509521e-01,1.212096333503723145e+00,-1.781468838453292847e-01,-1.843855367042124271e-03,-4.869342222809791565e-02,-4.277499020099639893e-02,-2.199786603450775146e-01,2.561712182627722467e-18,2.139378152787685394e-02,-1.447158586233854294e-02,2.653763443231582642e-02,3.047360479831695557e-01,-1.229630690068006516e-02,1.795818060636520386e-01,1.386068701744079590e+00,-3.426439464092254639e-01,-1.032406240701675415e-01,8.899303525686264038e-02,1.348553419113159180e+00
-7.815235137939453125e+00,-1.864786744117736816e+00,6.669049263000488281e-01,-2.648225054144859314e-02,-1.305330451577901840e-02,-1.876831799745559692e-02,-9.993878602981567383e-01,-6.086699366569519043e-01,1.581649631261825562e-01,3.373856544494628906e-01,1.184234142303466797e+00,-1.827623695135116577e-01,-2.181857824325561523e-03,-4.929632693529129028e-02,-4.483898729085922241e-02,-1.975243985652923584e-01,-5.562798408213119489e-19,2.390076778829097748e-02,-1.302425935864448547e-02,3.185291960835456848e-02,3.134626150131225586e-01,-1.979470998048782349e-02,1.850472390651702881e-01,1.394971728324890137e+00,-3.696500360965728760e-01,-1.059633418917655945e-01,1.114588528871536255e-01,1.334925055503845215e+00
-7.812059879302978516e+00,-1.863239407539367676e+00,6.669210195541381836e-01,-2.658279053866863251e-02,-1.224364154040813446e-02,-5.665571428835391998e-03,-9.995555877685546875e-01,-5.963993668556213379e-01,1.297123879194259644e-01,2.987158596515655518e-01,1.117763519287109375e+00,-1.817509829998016357e-01,-5.751219112426042557e-03,-4.846468195319175720e-02,-4.699945449829101562e-02,-1.729993671178817749e-01,1.339759364239820911e-19,2.533745206892490387e-02,-1.039606146514415741e-02,3.474970161914825439e-02,3.165972828865051270e-01,-2.447387203574180603e-02,1.903392523527145386e-01,1.403720974922180176e+00,-3.873758614063262939e-01,-1.049769520759582520e-01,1.239119544625282288e-01,1.327252626419067383e+00
-7.809008598327636719e+00,-1.861857414245605469e+00,6.667957305908203125e-01,-2.623839117586612701e-02,-1.119634974747896194e-02,8.753505535423755646e-03,-9.995546936988830566e-01,-5.697703957557678223e-01,1.084835156798362732e-01,2.709160149097442627e-01,1.035289049148559570e+00,-1.786798536777496338e-01,-9.766992181539535522e-03,-4.694439843297004700e-02,-4.765765741467475891e-02,-1.462502032518386841e-01,-2.081484619794242996e-18,2.596009522676467896e-02,-8.124280720949172974e-03,3.871814534068107605e-02,3.134682774543762207e-01,-2.593923360109329224e-02,1.907820701599121094e-01,1.411130547523498535e+00,-3.962410688400268555e-01,-1.011556312441825867e-01,1.287891119718551636e-01,1.323661088943481445e+00
-7.804246425628662109e+00,-1.859221577644348145e+00,6.663721799850463867e-01,-2.511510998010635376e-02,-9.987604804337024689e-03,2.648098394274711609e-02,-9.992838501930236816e-01,-5.257006287574768066e-01,8.314717561006546021e-02,2.386266887187957764e-01,9.209038019180297852e-01,-1.810312271118164062e-01,-1.498222351074218750e-02,-4.594619572162628174e-02,-4.851739853620529175e-02,-1.127537116408348083e-01,3.476514796697573534e-18,2.771905809640884399e-02,-3.948241472244262695e-03,4.196506366133689880e-02,3.038030266761779785e-01,-2.539188414812088013e-02,1.895661056041717529e-01,1.416641354560852051e+00,-3.947284221649169922e-01,-9.368085116147994995e-02,1.295270621776580811e-01,1.325552940368652344e+00
-7.799802303314208984e+00,-1.856364369392395020e+00,6.658558249473571777e-01,-2.361460588872432709e-02,-8.620656095445156097e-03,4.672147333621978760e-02,-9.985916018486022949e-01,-4.741708934307098389e-01,5.928558856248855591e-02,2.038015574216842651e-01,7.978657484054565430e-01,-1.876236200332641602e-01,-1.915734820067882538e-02,-4.600259661674499512e-02,-4.979549720883369446e-02,-7.424253225326538086e-02,2.826272459867854382e-18,3.004517219960689545e-02,1.453626668080687523e-03,4.398454353213310242e-02,2.882668972015380859e-01,-2.333077415823936462e-02,1.885683983564376831e-01,1.421133756637573242e+00,-3.857111036777496338e-01,-8.435299247503280640e-02,1.283300369977951050e-01,1.333222031593322754e+00
-7.794226169586181641e+00,-1.852762222290039062e+00,6.649863123893737793e-01,-2.161984704434871674e-02,-7.491663563996553421e-03,6.845384091138839722e-02,-9.973918795585632324e-01,-4.120779931545257568e-01,3.650254756212234497e-02,1.651906967163085938e-01,6.537668108940124512e-01,-1.707017421722412109e-01,-2.132336609065532684e-02,-4.643209278583526611e-02,-5.108242854475975037e-02,-3.257869184017181396e-02,-2.872278694574405244e-20,3.223734721541404724e-02,7.806375622749328613e-03,4.236742854118347168e-02,2.687375545501708984e-01,-2.046926878392696381e-02,1.898045837879180908e-01,1.424670338630676270e+00,-3.692609965801239014e-01,-7.367702573537826538e-02,1.256443411111831665e-01,1.345655441284179688e+00
-7.789044380187988281e+00,-1.848161935806274414e+00,6.636066436767578125e-01,-1.855109259486198425e-02,-6.537519861012697220e-03,9.133064001798629761e-02,-9.956263303756713867e-01,-3.439454436302185059e-01,2.514769695699214935e-02,1.451010406017303467e-01,5.065064430236816406e-01,-1.242143437266349792e-01,-1.917270012199878693e-02,-5.705267563462257385e-02,-5.211093276739120483e-02,1.211574114859104156e-02,2.053674496710300446e-02,2.318094670772552490e-02,1.669191382825374603e-02,3.104954399168491364e-02,2.442475259304046631e-01,-1.667905971407890320e-02,1.968281865119934082e-01,1.426983118057250977e+00,-3.477579355239868164e-01,-6.111032888293266296e-02,1.248296052217483521e-01,1.365543961524963379e+00
-7.784004211425781250e+00,-1.842365980148315430e+00,6.616868376731872559e-01,-1.435217168182134628e-02,-5.981404799968004227e-03,1.132091954350471497e-01,-9.934495091438293457e-01,-2.863108813762664795e-01,2.185133285820484161e-02,1.497088074684143066e-01,3.944633603096008301e-01,-8.559582382440567017e-02,-1.206539943814277649e-02,-7.806459069252014160e-02,-5.170330032706260681e-02,5.534571036696434021e-02,6.194669380784034729e-02,2.850435208529233932e-03,2.789347618818283081e-02,1.047299802303314209e-02,2.134267687797546387e-01,-1.009668689221143723e-02,2.045764327049255371e-01,1.432808995246887207e+00,-3.214231729507446289e-01,-4.866190627217292786e-02,1.222745478153228760e-01,1.387173652648925781e+00
-7.781801700592041016e+00,-1.834990620613098145e+00,6.591668725013732910e-01,-7.924085482954978943e-03,-5.797162186354398727e-03,1.421037316322326660e-01,-9.898030757904052734e-01,-2.197606116533279419e-01,1.985245198011398315e-02,1.735073328018188477e-01,2.740767002105712891e-01,-4.279772564768791199e-02,7.214536890387535095e-04,-1.125397384166717529e-01,-4.812452569603919983e-02,1.130163148045539856e-01,1.295918524265289307e-01,-3.087674826383590698e-02,4.473176226019859314e-02,-2.339120395481586456e-02,1.674445420503616333e-01,3.392059821635484695e-03,2.146500498056411743e-01,1.444139480590820312e+00,-2.798812091350555420e-01,-3.389999270439147949e-02,1.155829653143882751e-01,1.414970517158508301e+00
-7.779955387115478516e+00,-1.830252528190612793e+00,6.579203009605407715e-01,-5.218430887907743454e-03,-5.682999733835458755e-03,1.567373573780059814e-01,-9.876101613044738770e-01,-1.938032507896423340e-01,1.930898055434226990e-02,1.944428682327270508e-01,2.288651466369628906e-01,-2.668378502130508423e-02,6.980716716498136520e-03,-1.438833624124526978e-01,-4.505019262433052063e-02,1.452687084674835205e-01,1.879827231168746948e-01,-5.484568700194358826e-02,5.443698912858963013e-02,-4.561057314276695251e-02,1.348866969347000122e-01,1.295569911599159241e-02,1.963092088699340820e-01,1.444786548614501953e+00,-2.490898370742797852e-01,-2.895358763635158539e-02,1.005184948444366455e-01,1.434179186820983887e+00
-7.775907993316650391e+00,-1.825125813484191895e+00,6.573834419250488281e-01,-4.290058277547359467e-03,-6.368809845298528671e-03,1.714808493852615356e-01,-9.851575493812561035e-01,-1.852271258831024170e-01,2.307180315256118774e-02,2.241192162036895752e-01,2.142532616853713989e-01,-2.479069866240024567e-02,9.069819934666156769e-03,-1.972275525331497192e-01,-3.983441367745399475e-02,1.809210032224655151e-01,2.697041928768157959e-01,-6.395721435546875000e-02,6.469611078500747681e-02,-6.580521911382675171e-02,9.343685954809188843e-02,2.791891433298587799e-02,1.405012160539627075e-01,1.427522778511047363e+00,-1.999704986810684204e-01,-2.807393297553062439e-02,5.321804434061050415e-02,1.451097607612609863e+00
-7.774530410766601562e+00,-1.819434285163879395e+00,6.578310728073120117e-01,-2.887089038267731667e-03,-7.660058327019214630e-03,1.924583464860916138e-01,-9.812710285186767578e-01,-1.711119860410690308e-01,2.611872181296348572e-02,2.653690278530120850e-01,1.897933930158615112e-01,-1.918948441743850708e-02,1.255688071250915527e-02,-2.630712389945983887e-01,-3.124031424522399902e-02,2.049697190523147583e-01,3.764424026012420654e-01,-8.493763208389282227e-02,7.639992237091064453e-02,-8.508514612913131714e-02,4.341946169734001160e-02,5.297298356890678406e-02,8.406120538711547852e-02,1.409065008163452148e+00,-1.423593759536743164e-01,-2.670826949179172516e-02,5.154188722372055054e-03,1.469775199890136719e+00
-7.776206970214843750e+00,-1.813246130943298340e+00,6.589843630790710449e-01,-1.018124516122043133e-03,-8.878408931195735931e-03,2.167897224426269531e-01,-9.761773943901062012e-01,-1.541759520769119263e-01,2.719118818640708923e-02,3.137238621711730957e-01,1.582702845335006714e-01,-1.042655110359191895e-02,1.788614690303802490e-02,-3.262288868427276611e-01,-2.395140938460826874e-02,1.940443068742752075e-01,4.961169660091400146e-01,-1.280464977025985718e-01,8.285461366176605225e-02,-1.035979166626930237e-01,-1.276942528784275055e-02,8.395647257566452026e-02,4.396539553999900818e-02,1.397325992584228516e+00,-8.414167910814285278e-02,-2.573228254914283752e-02,-2.747167088091373444e-02,1.487254500389099121e+00
-7.777673721313476562e+00,-1.807878017425537109e+00,6.603276133537292480e-01,1.202543266117572784e-03,-1.030496135354042053e-02,2.405051141977310181e-01,-9.705924391746520996e-01,-1.360852718353271484e-01,2.730347774922847748e-02,3.610191047191619873e-01,1.268515139818191528e-01,-3.496753517538309097e-03,2.252281829714775085e-02,-3.811767995357513428e-01,-2.589029073715209961e-02,1.419736146926879883e-01,6.163595318794250488e-01,-1.801573783159255981e-01,8.178442716598510742e-02,-1.208478957414627075e-01,-6.339529901742935181e-02,1.167986541986465454e-01,3.359000012278556824e-02,1.391721487045288086e+00,-2.783268317580223083e-02,-2.469465136528015137e-02,-5.516651272773742676e-02,1.502267837524414062e+00
-7.778638362884521484e+00,-1.803608536720275879e+00,6.616236567497253418e-01,3.613402601331472397e-03,-1.149812992662191391e-02,2.640853822231292725e-01,-9.644240140914916992e-01,-1.166895180940628052e-01,2.725947462022304535e-02,4.080742597579956055e-01,9.651595354080200195e-02,1.073120511136949062e-03,2.486513741314411163e-02,-4.252440333366394043e-01,-3.694315999746322632e-02,7.537583261728286743e-02,7.274781465530395508e-01,-2.298489362001419067e-01,7.772526144981384277e-02,-1.323528885841369629e-01,-1.098767146468162537e-01,1.515012830495834351e-01,4.114726558327674866e-02,1.385978102684020996e+00,3.193932399153709412e-02,-2.395098470151424408e-02,-9.344671666622161865e-02,1.514690041542053223e+00
-7.779017448425292969e+00,-1.800355792045593262e+00,6.627558469772338867e-01,5.249371286481618881e-03,-1.250549312680959702e-02,2.878390848636627197e-01,-9.575827717781066895e-01,-9.503864496946334839e-02,2.505608089268207550e-02,4.566962718963623047e-01,6.484961509704589844e-02,4.993827547878026962e-03,2.568428218364715576e-02,-4.580679535865783691e-01,-5.335421487689018250e-02,1.183802448213100433e-02,8.256719112396240234e-01,-2.710093557834625244e-01,7.283102720975875854e-02,-1.337474435567855835e-01,-1.520014703273773193e-01,1.855318397283554077e-01,4.196925461292266846e-02,1.376148223876953125e+00,9.131496399641036987e-02,-2.466315962374210358e-02,-1.375015377998352051e-01,1.524483203887939453e+00
-7.779110431671142578e+00,-1.798073887825012207e+00,6.636325716972351074e-01,5.950920749455690384e-03,-1.264993939548730850e-02,3.119065761566162109e-01,-9.500099420547485352e-01,-7.267094403505325317e-02,2.034142985939979553e-02,5.067291259765625000e-01,3.563331440091133118e-02,7.027540821582078934e-03,2.444016002118587494e-02,-4.807199537754058838e-01,-6.984504312276840210e-02,-3.864425793290138245e-02,9.063156247138977051e-01,-2.999260425567626953e-01,6.761397421360015869e-02,-1.321952342987060547e-01,-1.918175965547561646e-01,2.188213318586349487e-01,3.066550381481647491e-02,1.359463691711425781e+00,1.458855122327804565e-01,-2.759111858904361725e-02,-1.754407882690429688e-01,1.534988999366760254e+00
-7.778135776519775391e+00,-1.796644806861877441e+00,6.642913818359375000e-01,5.902414675801992416e-03,-1.226690504699945450e-02,3.351899087429046631e-01,-9.420522451400756836e-01,-5.086017772555351257e-02,1.319949328899383545e-02,5.544430613517761230e-01,1.312262937426567078e-02,4.342297557741403580e-03,2.194430120289325714e-02,-4.890525937080383301e-01,-8.791033178567886353e-02,-8.357644826173782349e-02,9.629703164100646973e-01,-3.176126778125762939e-01,6.214201822876930237e-02,-1.322112232446670532e-01,-2.235713452100753784e-01,2.494711875915527344e-01,2.223465219140052795e-02,1.338176488876342773e+00,1.920244097709655762e-01,-3.203976526856422424e-02,-2.060220837593078613e-01,1.546974182128906250e+00
-7.776151180267333984e+00,-1.795578002929687500e+00,6.645798683166503906e-01,5.242530722171068192e-03,-1.143204700201749802e-02,3.575310707092285156e-01,-9.338165521621704102e-01,-3.217976912856101990e-02,5.062275566160678864e-03,5.996388196945190430e-01,9.723177937705912433e-14,-2.442809753119945526e-03,1.901749521493911743e-02,-4.823549687862396240e-01,-1.064248383045196533e-01,-1.265944540500640869e-01,9.932850003242492676e-01,-3.305527269840240479e-01,5.645809322595596313e-02,-1.317017227411270142e-01,-2.470997124910354614e-01,2.761249840259552002e-01,2.501482143998146057e-02,1.314462542533874512e+00,2.302421629428863525e-01,-3.661487251520156860e-02,-2.392053306102752686e-01,1.558653712272644043e+00
-7.773660659790039062e+00,-1.794986605644226074e+00,6.645815372467041016e-01,4.210606683045625687e-03,-1.030147541314363480e-02,3.786945641040802002e-01,-9.254547953605651855e-01,-1.827931962907314301e-02,-1.779713900759816170e-03,6.425389647483825684e-01,7.934458090288541163e-19,-1.465345546603202820e-02,1.542676147073507309e-02,-4.594330787658691406e-01,-1.262982636690139771e-01,-1.743901669979095459e-01,9.949418902397155762e-01,-3.412276208400726318e-01,4.898305237293243408e-02,-1.305041164159774780e-01,-2.609651982784271240e-01,2.969883680343627930e-01,3.901573270559310913e-02,1.291709661483764648e+00,2.607466280460357666e-01,-4.044776409864425659e-02,-2.728968560695648193e-01,1.566955804824829102e+00
-7.771412372589111328e+00,-1.794878125190734863e+00,6.644236445426940918e-01,2.745824400335550308e-03,-8.895913138985633850e-03,3.988541960716247559e-01,-9.169670939445495605e-01,-4.555216059088706970e-03,-9.287966415286064148e-03,6.841154098510742188e-01,-1.507896386546776935e-18,-2.513693459331989288e-02,1.065531373023986816e-02,-4.203507304191589355e-01,-1.460397243499755859e-01,-2.289793789386749268e-01,9.658096432685852051e-01,-3.506704270839691162e-01,4.161735624074935913e-02,-1.280764192342758179e-01,-2.664825022220611572e-01,3.109278678894042969e-01,5.822262912988662720e-02,1.270872831344604492e+00,2.842038571834564209e-01,-4.376992210745811462e-02,-3.053959608078002930e-01,1.570799946784973145e+00
-7.769301414489746094e+00,-1.795582056045532227e+00,6.642898917198181152e-01,1.116743544116616249e-03,-7.528988178819417953e-03,4.176326692104339600e-01,-9.085840582847595215e-01,8.377030491828918457e-03,-1.625484600663185120e-02,7.228091955184936523e-01,2.171661161837783276e-18,-3.406568989157676697e-02,4.414894152432680130e-03,-3.616394698619842529e-01,-1.625243872404098511e-01,-2.967279553413391113e-01,8.999530673027038574e-01,-3.599576056003570557e-01,4.020533338189125061e-02,-1.251311004161834717e-01,-2.642487287521362305e-01,3.187179267406463623e-01,7.810743898153305054e-02,1.253680944442749023e+00,2.989579141139984131e-01,-4.524883255362510681e-02,-3.307341039180755615e-01,1.570799946784973145e+00
-7.767870903015136719e+00,-1.796945810317993164e+00,6.640641093254089355e-01,-5.748359253630042076e-04,-5.986262112855911255e-03,4.353671669960021973e-01,-9.002329111099243164e-01,2.095726877450942993e-02,-2.240430749952793121e-02,7.601041793823242188e-01,7.965806167552769530e-20,-4.217246547341346741e-02,-3.042203374207019806e-03,-2.928889989852905273e-01,-1.688548922538757324e-01,-3.674699962139129639e-01,8.048398494720458984e-01,-3.626549243927001953e-01,4.310260340571403503e-02,-1.230721771717071533e-01,-2.541820108890533447e-01,3.197904527187347412e-01,9.592965990304946899e-02,1.242055416107177734e+00,3.037086427211761475e-01,-4.569384455680847168e-02,-3.455650806427001953e-01,1.570799946784973145e+00
-7.766706943511962891e+00,-1.799564123153686523e+00,6.638565659523010254e-01,-2.063862513750791550e-03,-4.604103509336709976e-03,4.522280991077423096e-01,-8.918880820274353027e-01,3.450248017907142639e-02,-2.721720375120639801e-02,7.965679168701171875e-01,-6.585241725201766340e-19,-4.961211234331130981e-02,-1.253742817789316177e-02,-2.181231677532196045e-01,-1.619127541780471802e-01,-4.368830323219299316e-01,6.820178031921386719e-01,-3.510471582412719727e-01,4.648631438612937927e-02,-1.227645874023437500e-01,-2.361823469400405884e-01,3.160893023014068604e-01,1.146678850054740906e-01,1.235604882240295410e+00,2.983150184154510498e-01,-4.573225229978561401e-02,-3.473571240901947021e-01,1.570799946784973145e+00
-7.765789031982421875e+00,-1.803003191947937012e+00,6.635664701461791992e-01,-3.614135552197694778e-03,-3.076370805501937866e-03,4.699288606643676758e-01,-8.826915025711059570e-01,4.906957596540451050e-02,-3.175146505236625671e-02,8.350912928581237793e-01,1.608003645434322589e-18,-5.715599283576011658e-02,-2.408786863088607788e-02,-1.507943868637084961e-01,-1.419076919555664062e-01,-4.818442463874816895e-01,5.446144938468933105e-01,-3.137830495834350586e-01,4.881807789206504822e-02,-1.205372810363769531e-01,-2.112032324075698853e-01,3.077714741230010986e-01,1.340918391942977905e-01,1.237287759780883789e+00,2.825556695461273193e-01,-4.420849680900573730e-02,-3.384638428688049316e-01,1.570799946784973145e+00
-7.765617847442626953e+00,-1.807546854019165039e+00,6.629370450973510742e-01,-5.758433137089014053e-03,-1.724560512229800224e-03,4.882855415344238281e-01,-8.726631999015808105e-01,6.401731073856353760e-02,-3.615200519561767578e-02,8.758446574211120605e-01,3.169045507458230715e-19,-6.279543042182922363e-02,-3.807640820741653442e-02,-9.848203510046005249e-02,-1.159660145640373230e-01,-4.966365993022918701e-01,4.151473939418792725e-01,-2.643021643161773682e-01,4.669985175132751465e-02,-1.144562959671020508e-01,-1.818212568759918213e-01,2.957436144351959229e-01,1.534659564495086670e-01,1.244685769081115723e+00,2.576818168163299561e-01,-4.152603074908256531e-02,-3.245173096656799316e-01,1.570799946784973145e+00
-7.766386032104492188e+00,-1.811770319938659668e+00,6.619703173637390137e-01,-8.166834712028503418e-03,-1.568235311424359679e-04,5.079418420791625977e-01,-8.613526225090026855e-01,7.634115219116210938e-02,-3.873572498559951782e-02,9.199951887130737305e-01,6.176062393933534622e-03,-6.968512386083602905e-02,-5.292678624391555786e-02,-6.645496934652328491e-02,-9.283626824617385864e-02,-4.835685789585113525e-01,3.145090639591217041e-01,-2.161307483911514282e-01,4.033330455422401428e-02,-1.067988574504852295e-01,-1.438399702310562134e-01,2.786764800548553467e-01,1.758624613285064697e-01,1.257328391075134277e+00,2.218500375747680664e-01,-3.843973949551582336e-02,-3.033531606197357178e-01,1.570799946784973145e+00
-7.768299102783203125e+00,-1.814734935760498047e+00,6.610265970230102539e-01,-1.033006981015205383e-02,6.318423547782003880e-04,5.271417498588562012e-01,-8.497143387794494629e-01,7.695087045431137085e-02,-2.635557390749454498e-02,9.623036980628967285e-01,4.137752950191497803e-02,-7.931532710790634155e-02,-6.735618412494659424e-02,-5.119704827666282654e-02,-7.462317496538162231e-02,-4.559547305107116699e-01,2.439891248941421509e-01,-1.745399832725524902e-01,3.107976913452148438e-02,-9.856516867876052856e-02,-9.814199805259704590e-02,2.580926418304443359e-01,2.017826437950134277e-01,1.270911455154418945e+00,1.782224774360656738e-01,-3.283332660794258118e-02,-2.758473157882690430e-01,1.570799946784973145e+00
-7.771149635314941406e+00,-1.816314578056335449e+00,6.602798104286193848e-01,-1.170281879603862762e-02,1.109351724153384566e-04,5.479333996772766113e-01,-8.364400863647460938e-01,7.020435482263565063e-02,-1.618830719962716103e-03,1.005337238311767578e+00,9.411691874265670776e-02,-8.344501256942749023e-02,-8.122519403696060181e-02,-5.048655346035957336e-02,-6.012668088078498840e-02,-4.170646667480468750e-01,2.003084570169448853e-01,-1.421221941709518433e-01,2.076240070164203644e-02,-8.380137383937835693e-02,-4.718820378184318542e-02,2.342747300863265991e-01,2.234035283327102661e-01,1.282746672630310059e+00,1.288722157478332520e-01,-2.434154786169528961e-02,-2.410296648740768433e-01,1.570799946784973145e+00
-7.773967266082763672e+00,-1.817387938499450684e+00,6.599196791648864746e-01,-1.306355465203523636e-02,-3.915644192602485418e-04,5.687893629074096680e-01,-8.223793506622314453e-01,5.798370391130447388e-02,3.458719700574874878e-02,1.038167595863342285e+00,1.626247018575668335e-01,-6.494187563657760620e-02,-9.469968825578689575e-02,-5.740247666835784912e-02,-5.003886297345161438e-02,-3.739124536514282227e-01,1.760072410106658936e-01,-1.198208928108215332e-01,1.122859027236700058e-02,-6.579171866178512573e-02,-1.864397781901061535e-03,2.091983109712600708e-01,2.308581471443176270e-01,1.296462059020996094e+00,7.534198462963104248e-02,-1.757700555026531219e-02,-1.971311569213867188e-01,1.570799946784973145e+00
-7.777506351470947266e+00,-1.818989276885986328e+00,6.601163744926452637e-01,-1.488235779106616974e-02,-2.000473177758976817e-04,5.874012112617492676e-01,-8.091589808464050293e-01,3.693422302603721619e-02,7.681430131196975708e-02,1.039581298828125000e+00,2.454390823841094971e-01,-3.151605650782585144e-02,-1.028076931834220886e-01,-6.345766037702560425e-02,-4.118590801954269409e-02,-3.335013985633850098e-01,1.575503945350646973e-01,-1.021843478083610535e-01,1.155527075752615929e-03,-5.070866644382476807e-02,3.591145202517509460e-02,1.838505119085311890e-01,2.183850705623626709e-01,1.314927458763122559e+00,1.438995357602834702e-02,-1.415652688592672348e-02,-1.438205987215042114e-01,1.570799946784973145e+00
-7.781778812408447266e+00,-1.821224093437194824e+00,6.608984470367431641e-01,-1.702427864074707031e-02,5.357536138035356998e-04,6.039502620697021484e-01,-7.968399524688720703e-01,-1.129332522395998240e-04,1.233580410480499268e-01,9.984352588653564453e-01,3.576789498329162598e-01,-1.550192665308713913e-02,-1.034481897950172424e-01,-6.565840542316436768e-02,-3.259448707103729248e-02,-2.960637211799621582e-01,1.375949829816818237e-01,-8.566271513700485229e-02,-8.798798546195030212e-03,-3.671390935778617859e-02,6.901732087135314941e-02,1.578347235918045044e-01,1.972662806510925293e-01,1.333224177360534668e+00,-4.758128896355628967e-02,-1.290285866707563400e-02,-9.259431809186935425e-02,1.563282251358032227e+00
-7.786081790924072266e+00,-1.823590040206909180e+00,6.619576811790466309e-01,-1.951611042022705078e-02,1.515204203315079212e-03,6.180172562599182129e-01,-7.859207987785339355e-01,-5.239328742027282715e-02,1.711903810501098633e-01,9.402019381523132324e-01,4.966229498386383057e-01,-2.519438043236732483e-02,-1.016066893935203552e-01,-6.595951318740844727e-02,-2.565723657608032227e-02,-2.639274001121520996e-01,1.193007230758666992e-01,-7.134044915437698364e-02,-1.831719838082790375e-02,-2.557374164462089539e-02,1.024288237094879150e-01,1.285805702209472656e-01,1.785303503274917603e-01,1.349778890609741211e+00,-1.098552122712135315e-01,-1.428012177348136902e-02,-4.712998121976852417e-02,1.550598859786987305e+00
-7.789849758148193359e+00,-1.825671672821044922e+00,6.630854010581970215e-01,-2.210613712668418884e-02,2.751764841377735138e-03,6.299644708633422852e-01,-7.763044238090515137e-01,-1.185027807950973511e-01,2.170725911855697632e-01,8.703837394714355469e-01,6.534118056297302246e-01,-5.211383476853370667e-02,-9.903634339570999146e-02,-6.539650261402130127e-02,-2.071152254939079285e-02,-2.355509698390960693e-01,1.017138883471488953e-01,-5.695298686623573303e-02,-2.645896933972835541e-02,-1.465395465493202209e-02,1.353912651538848877e-01,9.833859652280807495e-02,1.637104004621505737e-01,1.363660097122192383e+00,-1.678853780031204224e-01,-1.714059524238109589e-02,-1.036919374018907547e-02,1.534715890884399414e+00
-7.792657852172851562e+00,-1.827673792839050293e+00,6.642705798149108887e-01,-2.469214983284473419e-02,4.042729735374450684e-03,6.394563913345336914e-01,-7.684201002120971680e-01,-1.942921429872512817e-01,2.517092227935791016e-01,7.897548079490661621e-01,8.055090904235839844e-01,-8.267927169799804688e-02,-9.460069239139556885e-02,-6.163370981812477112e-02,-1.806578971445560455e-02,-2.131974697113037109e-01,8.212365955114364624e-02,-4.252993687987327576e-02,-3.243884071707725525e-02,-6.400565616786479950e-03,1.677357405424118042e-01,7.044510543346405029e-02,1.462360024452209473e-01,1.374165654182434082e+00,-2.216332852840423584e-01,-2.182883583009243011e-02,1.957645639777183533e-02,1.514582037925720215e+00
-7.794552803039550781e+00,-1.829690456390380859e+00,6.653448939323425293e-01,-2.717183716595172882e-02,5.469514522701501846e-03,6.474249958992004395e-01,-7.616249918937683105e-01,-2.789716720581054688e-01,2.687636315822601318e-01,6.955059170722961426e-01,9.430959820747375488e-01,-1.109124645590782166e-01,-8.632490783929824829e-02,-5.565715581178665161e-02,-1.723241247236728668e-02,-1.942248344421386719e-01,6.052475795149803162e-02,-2.730362676084041595e-02,-3.644607961177825928e-02,1.788281952030956745e-03,1.969224512577056885e-01,4.643120989203453064e-02,1.266340017318725586e-01,1.382187604904174805e+00,-2.693724930286407471e-01,-2.962686493992805481e-02,4.625850915908813477e-02,1.491645097732543945e+00
-7.795661926269531250e+00,-1.831347703933715820e+00,6.662748456001281738e-01,-2.947163768112659454e-02,6.857024971395730972e-03,6.545191407203674316e-01,-7.554396390914916992e-01,-3.601792156696319580e-01,2.659688889980316162e-01,6.044980287551879883e-01,1.052643656730651855e+00,-1.335058659315109253e-01,-7.499843090772628784e-02,-5.067586898803710938e-02,-1.827955991029739380e-02,-1.770139783620834351e-01,4.270942136645317078e-02,-1.443677395582199097e-02,-3.877951949834823608e-02,1.080656517297029495e-02,2.231213301420211792e-01,2.561702020466327667e-02,1.111226305365562439e-01,1.389263987541198730e+00,-3.118702769279479980e-01,-3.973152860999107361e-02,7.325400412082672119e-02,1.466416001319885254e+00
-7.796207427978515625e+00,-1.832520604133605957e+00,6.670444607734680176e-01,-3.151831030845642090e-02,8.119682781398296356e-03,6.619347929954528809e-01,-7.488544583320617676e-01,-4.321568310260772705e-01,2.470440566539764404e-01,5.211479663848876953e-01,1.133045792579650879e+00,-1.517404764890670776e-01,-6.187249347567558289e-02,-4.916144907474517822e-02,-2.053078263998031616e-02,-1.585177481174468994e-01,3.074249066412448883e-02,-3.749260911718010902e-03,-4.036462679505348206e-02,2.154121734201908112e-02,2.470344454050064087e-01,8.590987883508205414e-03,1.042573153972625732e-01,1.395948410034179688e+00,-3.495641946792602539e-01,-5.048563703894615173e-02,9.933245927095413208e-02,1.441726684570312500e+00
-7.796148777008056641e+00,-1.833478808403015137e+00,6.676109433174133301e-01,-3.346229717135429382e-02,9.356531314551830292e-03,6.694829463958740234e-01,-7.420143485069274902e-01,-4.889352917671203613e-01,2.197976708412170410e-01,4.539837241172790527e-01,1.184605240821838379e+00,-1.664886921644210815e-01,-4.925905913114547729e-02,-4.998612031340599060e-02,-2.389952726662158966e-02,-1.393164247274398804e-01,2.331407740712165833e-02,4.535942804068326950e-03,-4.056510701775550842e-02,3.193352743983268738e-02,2.696606218814849854e-01,-5.397689528763294220e-03,1.081773042678833008e-01,1.403436064720153809e+00,-3.827675879001617432e-01,-6.069869548082351685e-02,1.220379024744033813e-01,1.420614957809448242e+00
-7.795645236968994141e+00,-1.834708452224731445e+00,6.680280566215515137e-01,-3.487018868327140808e-02,1.035959832370281219e-02,6.775454282760620117e-01,-7.345808148384094238e-01,-5.296291112899780273e-01,1.912811845541000366e-01,4.001216888427734375e-01,1.208498120307922363e+00,-1.801438182592391968e-01,-3.959015756845474243e-02,-5.140571296215057373e-02,-2.733864635229110718e-02,-1.182701736688613892e-01,1.891326159238815308e-02,1.052951812744140625e-02,-4.015332087874412537e-02,4.076618328690528870e-02,2.898389995098114014e-01,-1.654697582125663757e-02,1.196155175566673279e-01,1.411685347557067871e+00,-4.112656414508819580e-01,-6.807919591665267944e-02,1.409668028354644775e-01,1.406144499778747559e+00
-7.794691562652587891e+00,-1.836106777191162109e+00,6.681916713714599609e-01,-3.568597137928009033e-02,1.092997100204229355e-02,6.859802007675170898e-01,-7.266623377799987793e-01,-5.520539283752441406e-01,1.658727675676345825e-01,3.607039749622344971e-01,1.203753590583801270e+00,-1.892688274383544922e-01,-3.288450837135314941e-02,-5.393802374601364136e-02,-3.020720370113849640e-02,-9.620381891727447510e-02,1.810846291482448578e-02,1.380911190062761307e-02,-3.873593732714653015e-02,4.717165604233741760e-02,3.068100214004516602e-01,-2.532744780182838440e-02,1.337198615074157715e-01,1.420439004898071289e+00,-4.343546926975250244e-01,-7.245303690433502197e-02,1.546977162361145020e-01,1.399338722229003906e+00
-7.793300151824951172e+00,-1.838056921958923340e+00,6.681749820709228516e-01,-3.579572215676307678e-02,1.127517409622669220e-02,6.955265998840332031e-01,-7.175195813179016113e-01,-5.553991198539733887e-01,1.420225799083709717e-01,3.310656249523162842e-01,1.166025638580322266e+00,-1.948896050453186035e-01,-2.896934561431407928e-02,-5.741970241069793701e-02,-3.220616281032562256e-02,-7.035033404827117920e-02,2.090353332459926605e-02,1.444419845938682556e-02,-3.664754703640937805e-02,5.253057181835174561e-02,3.193529248237609863e-01,-3.104133903980255127e-02,1.479962468147277832e-01,1.428410649299621582e+00,-4.512095153331756592e-01,-7.302653789520263672e-02,1.635359376668930054e-01,1.399215936660766602e+00
-7.791500568389892578e+00,-1.840326428413391113e+00,6.679806709289550781e-01,-3.510943055152893066e-02,1.134029217064380646e-02,7.054700255393981934e-01,-7.077787518501281738e-01,-5.410741567611694336e-01,1.177467405796051025e-01,3.078109323978424072e-01,1.100171566009521484e+00,-2.013142853975296021e-01,-2.423005923628807068e-02,-6.077822297811508179e-02,-3.325789049267768860e-02,-4.330725222826004028e-02,2.602357603609561920e-02,1.280902419239282608e-02,-3.419937193393707275e-02,5.561895668506622314e-02,3.264729976654052734e-01,-3.305739536881446838e-02,1.590897291898727417e-01,1.436404943466186523e+00,-4.604339003562927246e-01,-7.096500694751739502e-02,1.680501252412796021e-01,1.404333949089050293e+00
-7.789420127868652344e+00,-1.843025684356689453e+00,6.675221323966979980e-01,-3.358523175120353699e-02,1.121724862605333328e-02,7.168702483177185059e-01,-6.963068842887878418e-01,-5.120121240615844727e-01,9.128668904304504395e-02,2.833484709262847900e-01,1.006033301353454590e+00,-2.069313228130340576e-01,-2.022765763103961945e-02,-6.480481475591659546e-02,-3.303623944520950317e-02,-1.134807057678699493e-02,3.425225242972373962e-02,9.583987295627593994e-03,-3.062624484300613403e-02,5.991738662123680115e-02,3.289696276187896729e-01,-3.195121884346008301e-02,1.683517098426818848e-01,1.443711042404174805e+00,-4.612970352172851562e-01,-6.633219867944717407e-02,1.689568758010864258e-01,1.413002490997314453e+00
-7.787306785583496094e+00,-1.846285104751586914e+00,6.668448448181152344e-01,-3.134075924754142761e-02,1.052137836813926697e-02,7.295292019844055176e-01,-6.831502318382263184e-01,-4.727891385555267334e-01,6.536750495433807373e-02,2.553406655788421631e-01,8.943331837654113770e-01,-2.106917798519134521e-01,-1.667739264667034149e-02,-7.001250237226486206e-02,-3.099601529538631439e-02,2.424612455070018768e-02,4.503100737929344177e-02,5.249964538961648941e-03,-2.666730247437953949e-02,6.316429376602172852e-02,3.249483406543731689e-01,-2.785262092947959900e-02,1.731376796960830688e-01,1.451417326927185059e+00,-4.534731507301330566e-01,-6.007724627852439880e-02,1.671886295080184937e-01,1.423707365989685059e+00
-7.784743309020996094e+00,-1.850169897079467773e+00,6.659188270568847656e-01,-2.853328920900821686e-02,9.329658001661300659e-03,7.435963749885559082e-01,-6.679545044898986816e-01,-4.249096810817718506e-01,4.040790349245071411e-02,2.177666276693344116e-01,7.706577777862548828e-01,-2.179697751998901367e-01,-1.538988947868347168e-02,-7.697547227144241333e-02,-2.740743197500705719e-02,6.507419049739837646e-02,6.027697026729583740e-02,-1.329351216554641724e-03,-2.193756401538848877e-02,6.693609058856964111e-02,3.178090155124664307e-01,-2.293117716908454895e-02,1.767360717058181763e-01,1.457582712173461914e+00,-4.388610720634460449e-01,-5.268912017345428467e-02,1.637732535600662231e-01,1.436236381530761719e+00
-7.781593322753906250e+00,-1.854087710380554199e+00,6.647718548774719238e-01,-2.519843541085720062e-02,7.717710919678211212e-03,7.580984234809875488e-01,-6.516074538230895996e-01,-3.760371208190917969e-01,2.152589149773120880e-02,1.792989522218704224e-01,6.546123623847961426e-01,-2.255943566560745239e-01,-1.336682774126529694e-02,-8.681187778711318970e-02,-2.239267900586128235e-02,1.074746996164321899e-01,8.039012551307678223e-02,-9.556449949741363525e-03,-1.603123731911182404e-02,6.583362072706222534e-02,3.055213391780853271e-01,-1.757281273603439331e-02,1.789975315332412720e-01,1.463550090789794922e+00,-4.179497361183166504e-01,-4.398575425148010254e-02,1.597988158464431763e-01,1.450376749038696289e+00
-7.777844429016113281e+00,-1.858827710151672363e+00,6.633473038673400879e-01,-2.174962311983108521e-02,5.267289467155933380e-03,7.736847996711730957e-01,-6.331753730773925781e-01,-3.252134323120117188e-01,1.006442494690418243e-02,1.516555100679397583e-01,5.378640890121459961e-01,-1.992443799972534180e-01,-7.913517765700817108e-03,-9.909548610448837280e-02,-1.650667563080787659e-02,1.535067111253738403e-01,1.049984022974967957e-01,-2.038953639566898346e-02,-8.279209956526756287e-03,6.144557148218154907e-02,2.894699573516845703e-01,-1.203693170100450516e-02,1.812657415866851807e-01,1.468387722969055176e+00,-3.934358060359954834e-01,-3.292764723300933838e-02,1.577642261981964111e-01,1.464430332183837891e+00
-7.773632049560546875e+00,-1.864030957221984863e+00,6.614632606506347656e-01,-1.854356005787849426e-02,1.887853723019361496e-03,7.882248759269714355e-01,-6.151049733161926270e-01,-2.743997871875762939e-01,5.643316544592380524e-03,1.444674134254455566e-01,4.277365803718566895e-01,-1.520413905382156372e-01,-3.519337333273142576e-04,-1.151398420333862305e-01,-9.215157479047775269e-03,1.972973644733428955e-01,1.370680034160614014e-01,-3.566759079694747925e-02,5.576912080869078636e-04,4.711813107132911682e-02,2.679302394390106201e-01,-6.348914001137018204e-03,1.756168603897094727e-01,1.467948555946350098e+00,-3.638105690479278564e-01,-2.235065773129463196e-02,1.531464010477066040e-01,1.477221250534057617e+00
-7.768998622894287109e+00,-1.869228601455688477e+00,6.597663760185241699e-01,-1.587476208806037903e-02,-1.036476227454841137e-03,8.015283942222595215e-01,-5.977450609207153320e-01,-2.334137260913848877e-01,4.265987314283847809e-03,1.569826751947402954e-01,3.471466898918151855e-01,-1.178721711039543152e-01,8.290547877550125122e-03,-1.391092836856842041e-01,-1.030370709486305714e-03,2.407741099596023560e-01,1.850323081016540527e-01,-5.665912479162216187e-02,1.066072657704353333e-02,2.432979457080364227e-02,2.416989058256149292e-01,-9.947762591764330864e-04,1.677786409854888916e-01,1.466825246810913086e+00,-3.306094408035278320e-01,-1.518457289785146713e-02,1.435278356075286865e-01,1.491266608238220215e+00
-7.764608383178710938e+00,-1.872100472450256348e+00,6.581704616546630859e-01,-1.382419280707836151e-02,-3.204614855349063873e-03,8.115704655647277832e-01,-5.840821266174316406e-01,-2.108164131641387939e-01,3.992286045104265213e-03,1.751821935176849365e-01,3.036818504333496094e-01,-1.013828366994857788e-01,1.589585840702056885e-02,-1.680454164743423462e-01,7.771327625960111618e-03,2.768136560916900635e-01,2.371272444725036621e-01,-7.070337980985641479e-02,1.998577080667018890e-02,-1.123485807329416275e-02,2.056140154600143433e-01,6.367747206240892410e-03,1.471786499023437500e-01,1.463652729988098145e+00,-2.917884588241577148e-01,-1.174585893750190735e-02,1.227085217833518982e-01,1.505658030509948730e+00
-7.760988235473632812e+00,-1.873350143432617188e+00,6.571176648139953613e-01,-1.258863136172294617e-02,-5.468324758112430573e-03,8.213065862655639648e-01,-5.703219175338745117e-01,-1.986303329467773438e-01,7.197700440883636475e-03,1.999447792768478394e-01,2.822593748569488525e-01,-9.657489508390426636e-02,2.047718502581119537e-02,-2.001581937074661255e-01,1.912963017821311951e-02,3.066446781158447266e-01,2.857405543327331543e-01,-7.103813439607620239e-02,2.796516381204128265e-02,-4.593024775385856628e-02,1.668813079595565796e-01,1.836435869336128235e-02,1.180558502674102783e-01,1.453772783279418945e+00,-2.458967119455337524e-01,-1.153304427862167358e-02,8.573310077190399170e-02,1.518367409706115723e+00
-7.757378101348876953e+00,-1.874153256416320801e+00,6.574535369873046875e-01,-1.158605143427848816e-02,-8.438399061560630798e-03,8.332270383834838867e-01,-5.527452230453491211e-01,-1.823751181364059448e-01,1.196712441742420197e-02,2.356944680213928223e-01,2.565071284770965576e-01,-9.124935418367385864e-02,2.486038021743297577e-02,-2.439121156930923462e-01,3.088479861617088318e-02,3.173813521862030029e-01,3.557460010051727295e-01,-8.356060832738876343e-02,3.800825774669647217e-02,-7.185044139623641968e-02,1.238079369068145752e-01,4.049535095691680908e-02,8.548379689455032349e-02,1.439486265182495117e+00,-1.944156289100646973e-01,-1.223477348685264587e-02,3.755867481231689453e-02,1.529779672622680664e+00
-7.753034591674804688e+00,-1.874229192733764648e+00,6.589704751968383789e-01,-1.047748234122991562e-02,-1.196569669991731644e-02,8.473343253135681152e-01,-5.308215618133544922e-01,-1.592084616422653198e-01,1.526890601962804794e-02,2.820411026477813721e-01,2.158083170652389526e-01,-7.875661551952362061e-02,2.926344238221645355e-02,-2.939687073230743408e-01,3.915325924754142761e-02,2.950782775878906250e-01,4.503537118434906006e-01,-1.209818050265312195e-01,4.734298586845397949e-02,-8.809322118759155273e-02,7.896396517753601074e-02,6.938163936138153076e-02,5.939996615052223206e-02,1.427159547805786133e+00,-1.436335593461990356e-01,-1.245490275323390961e-02,9.904348989948630333e-04,1.540820837020874023e+00
-7.748588562011718750e+00,-1.873828768730163574e+00,6.607994437217712402e-01,-9.104303084313869476e-03,-1.549750100821256638e-02,8.610048294067382812e-01,-5.082791447639465332e-01,-1.337755024433135986e-01,1.724447682499885559e-02,3.310956656932830811e-01,1.708539873361587524e-01,-6.336913257837295532e-02,3.306686505675315857e-02,-3.453285694122314453e-01,3.780280053615570068e-02,2.417664974927902222e-01,5.575840473175048828e-01,-1.677024513483047485e-01,5.567506328225135803e-02,-9.835260361433029175e-02,3.139434009790420532e-02,1.028963699936866760e-01,4.000440612435340881e-02,1.418580532073974609e+00,-9.266596287488937378e-02,-1.274781208485364914e-02,-2.224441245198249817e-02,1.551317453384399414e+00
-7.744705200195312500e+00,-1.873119235038757324e+00,6.625760793685913086e-01,-7.666937075555324554e-03,-1.881423965096473694e-02,8.744171261787414551e-01,-4.847493767738342285e-01,-1.080475226044654846e-01,1.814367622137069702e-02,3.822466135025024414e-01,1.269415020942687988e-01,-5.018515139818191528e-02,3.503048792481422424e-02,-3.901166319847106934e-01,2.715024724602699280e-02,1.663564890623092651e-01,6.654942631721496582e-01,-2.149507850408554077e-01,5.911306291818618774e-02,-1.056235879659652710e-01,-1.309418026357889175e-02,1.377664506435394287e-01,3.427126258611679077e-02,1.411505460739135742e+00,-4.194379970431327820e-02,-1.281933207064867020e-02,-3.960602357983589172e-02,1.560544490814208984e+00
-7.741860389709472656e+00,-1.872400164604187012e+00,6.641173958778381348e-01,-6.507052574306726456e-03,-2.160508744418621063e-02,8.869413137435913086e-01,-4.613307118415832520e-01,-8.300251513719558716e-02,1.720909588038921356e-02,4.344143271446228027e-01,8.495503664016723633e-02,-3.795159608125686646e-02,3.507957980036735535e-02,-4.249655008316040039e-01,8.907961659133434296e-03,8.760928362607955933e-02,7.617889642715454102e-01,-2.565873265266418457e-01,5.886568129062652588e-02,-1.095806732773780823e-01,-5.858581140637397766e-02,1.746625751256942749e-01,2.967332117259502411e-02,1.402950644493103027e+00,1.071637216955423355e-02,-1.423881854861974716e-02,-6.327095627784729004e-02,1.567094206809997559e+00
-7.739879131317138672e+00,-1.872047066688537598e+00,6.651682257652282715e-01,-5.576895549893379211e-03,-2.340748719871044159e-02,8.991514444351196289e-01,-4.369756281375885010e-01,-5.687235295772552490e-02,1.333027705550193787e-02,4.879828393459320068e-01,4.516731202602386475e-02,-2.814431674778461456e-02,3.325545787811279297e-02,-4.491584897041320801e-01,-1.119701005518436432e-02,1.711601018905639648e-02,8.403922319412231445e-01,-2.880681753158569336e-01,5.473241955041885376e-02,-1.097202822566032410e-01,-9.941558539867401123e-02,2.104223519563674927e-01,2.558951452374458313e-02,1.392779707908630371e+00,6.056680157780647278e-02,-1.685076020658016205e-02,-8.773923665285110474e-02,1.570697784423828125e+00
-7.738751888275146484e+00,-1.872750163078308105e+00,6.659538149833679199e-01,-4.941197577863931656e-03,-2.429550513625144958e-02,9.104861617088317871e-01,-4.127957224845886230e-01,-3.191256895661354065e-02,6.481639575213193893e-03,5.401118397712707520e-01,1.191583648324012756e-02,-2.349276468157768250e-02,3.014152310788631439e-02,-4.622448384761810303e-01,-3.366020321846008301e-02,-4.291111603379249573e-02,8.986327648162841797e-01,-3.108323812484741211e-01,4.979419708251953125e-02,-1.077734977006912231e-01,-1.367805600166320801e-01,2.438415884971618652e-01,2.270742692053318024e-02,1.379307985305786133e+00,1.085422262549400330e-01,-2.065505459904670715e-02,-1.156312376260757446e-01,1.570799946784973145e+00
-7.737951278686523438e+00,-1.874490857124328613e+00,6.662906408309936523e-01,-4.645912442356348038e-03,-2.423144690692424774e-02,9.211819767951965332e-01,-3.883491456508636475e-01,-1.354812271893024445e-02,-2.025986759690567851e-04,5.912551283836364746e-01,2.374468994230804894e-19,-3.246045857667922974e-02,2.629249915480613708e-02,-4.653303027153015137e-01,-5.778124928474426270e-02,-9.846735000610351562e-02,9.376721382141113281e-01,-3.294988870620727539e-01,4.376882687211036682e-02,-1.079585850238800049e-01,-1.635390967130661011e-01,2.737847268581390381e-01,3.259929642081260681e-02,1.364836454391479492e+00,1.504002362489700317e-01,-2.508621104061603546e-02,-1.415293663740158081e-01,1.570799946784973145e+00
-7.737322807312011719e+00,-1.876761436462402344e+00,6.664113402366638184e-01,-4.376435186713933945e-03,-2.358480542898178101e-02,9.306569099426269531e-01,-3.651058673858642578e-01,2.358719066251069307e-04,-6.214624270796775818e-03,6.392021775245666504e-01,-2.950244913403320575e-18,-4.733189940452575684e-02,2.236049994826316833e-02,-4.569497108459472656e-01,-8.487222343683242798e-02,-1.544039994478225708e-01,9.557257294654846191e-01,-3.457671701908111572e-01,3.886980563402175903e-02,-1.081504672765731812e-01,-1.821852475404739380e-01,2.997474670410156250e-01,4.823844507336616516e-02,1.348534941673278809e+00,1.881138086318969727e-01,-2.769017033278942108e-02,-1.731071472167968750e-01,1.570799946784973145e+00
-7.736942291259765625e+00,-1.878753900527954102e+00,6.663672924041748047e-01,-4.356587771326303482e-03,-2.255214937031269073e-02,9.395515322685241699e-01,-3.416363000869750977e-01,1.323956530541181564e-02,-1.356473285704851151e-02,6.870188713073730469e-01,-8.710226325844101094e-19,-6.090621277689933777e-02,1.742736622691154480e-02,-4.392127096652984619e-01,-1.108146831393241882e-01,-2.110991775989532471e-01,9.527547955513000488e-01,-3.593820631504058838e-01,3.411157429218292236e-02,-1.078321784734725952e-01,-1.919808685779571533e-01,3.208872377872467041e-01,6.714580953121185303e-02,1.333188176155090332e+00,2.189827114343643188e-01,-3.030600771307945251e-02,-2.007760107517242432e-01,1.570799946784973145e+00
-7.736991405487060547e+00,-1.880390644073486328e+00,6.661722660064697266e-01,-4.602049477398395538e-03,-2.136767096817493439e-02,9.474104642868041992e-01,-3.192735612392425537e-01,2.498735487461090088e-02,-2.045483142137527466e-02,7.329984307289123535e-01,-2.730675713462983819e-19,-7.239224761724472046e-02,1.137702446430921555e-02,-4.087443947792053223e-01,-1.316555142402648926e-01,-2.666259706020355225e-01,9.236059784889221191e-01,-3.716292381286621094e-01,3.435912728309631348e-02,-1.064664497971534729e-01,-1.971891820430755615e-01,3.362583220005035400e-01,8.149978518486022949e-02,1.320290207862854004e+00,2.448583990335464478e-01,-3.109633363783359528e-02,-2.270252853631973267e-01,1.570799946784973145e+00
-7.737814426422119141e+00,-1.881960868835449219e+00,6.659138798713684082e-01,-4.969674628227949142e-03,-1.996949873864650726e-02,9.545301795005798340e-01,-2.974031567573547363e-01,3.650999441742897034e-02,-2.760961279273033142e-02,7.770898938179016113e-01,-3.081709968927292093e-19,-8.324372768402099609e-02,4.130296409130096436e-03,-3.672872483730316162e-01,-1.467411071062088013e-01,-3.241150379180908203e-01,8.691446185111999512e-01,-3.810282647609710693e-01,3.997425362467765808e-02,-1.045820713043212891e-01,-1.977532655000686646e-01,3.457377552986145020e-01,9.047123789787292480e-02,1.311564922332763672e+00,2.629452943801879883e-01,-3.097398765385150909e-02,-2.461015880107879639e-01,1.570799946784973145e+00
-7.739594936370849609e+00,-1.883568644523620605e+00,6.655406951904296875e-01,-5.307538434863090515e-03,-1.842177473008632660e-02,9.606629610061645508e-01,-2.770544290542602539e-01,4.827727377414703369e-02,-3.460149094462394714e-02,8.177515864372253418e-01,-2.492151049400535019e-18,-9.283319860696792603e-02,-4.485070239752531052e-03,-3.145624995231628418e-01,-1.545551866292953491e-01,-3.851777315139770508e-01,7.917431592941284180e-01,-3.850855231285095215e-01,4.567638784646987915e-02,-1.026933640241622925e-01,-1.950258612632751465e-01,3.501905202865600586e-01,9.212701022624969482e-02,1.307159781455993652e+00,2.728960514068603516e-01,-2.824742160737514496e-02,-2.582761049270629883e-01,1.570799946784973145e+00
-7.742012500762939453e+00,-1.884992003440856934e+00,6.650892496109008789e-01,-5.664236377924680710e-03,-1.658551767468452454e-02,9.660514593124389648e-01,-2.577546238899230957e-01,6.000250950455665588e-02,-4.178059101104736328e-02,8.564379215240478516e-01,2.983107971959439812e-18,-1.010797321796417236e-01,-1.401140447705984116e-02,-2.567229270935058594e-01,-1.533967554569244385e-01,-4.488717913627624512e-01,6.981206536293029785e-01,-3.851526379585266113e-01,4.819324240088462830e-02,-1.020080298185348511e-01,-1.858135312795639038e-01,3.499739468097686768e-01,9.254462271928787231e-02,1.305897831916809082e+00,2.738578021526336670e-01,-2.585557848215103149e-02,-2.610081434249877930e-01,1.570799946784973145e+00
-7.744805812835693359e+00,-1.886171460151672363e+00,6.644260883331298828e-01,-6.023060530424118042e-03,-1.462139375507831573e-02,9.707415103912353516e-01,-2.396057099103927612e-01,7.145716995000839233e-02,-4.874119162559509277e-02,8.923044204711914062e-01,4.704703057639264666e-18,-1.075958609580993652e-01,-2.410463616251945496e-02,-1.998675018548965454e-01,-1.395671367645263672e-01,-4.990122616291046143e-01,5.858867168426513672e-01,-3.618140220642089844e-01,4.878737404942512512e-02,-1.018219962716102600e-01,-1.689079552888870239e-01,3.453179299831390381e-01,9.090542048215866089e-02,1.305458545684814453e+00,2.658314406871795654e-01,-2.330546826124191284e-02,-2.564682960510253906e-01,1.570799946784973145e+00
-7.747945308685302734e+00,-1.886908292770385742e+00,6.632992029190063477e-01,-6.623908877372741699e-03,-1.202190760523080826e-02,9.749204516410827637e-01,-2.221298664808273315e-01,8.154894411563873291e-02,-5.506113916635513306e-02,9.269498586654663086e-01,2.772504929453134537e-03,-1.128304749727249146e-01,-3.504077345132827759e-02,-1.514558345079421997e-01,-1.183946728706359863e-01,-5.216637253761291504e-01,4.663633406162261963e-01,-3.045274615287780762e-01,4.842815920710563660e-02,-1.028135418891906738e-01,-1.434517353773117065e-01,3.371877372264862061e-01,8.833359181880950928e-02,1.302227377891540527e+00,2.478316426277160645e-01,-2.096498198807239532e-02,-2.428310811519622803e-01,1.570799946784973145e+00
-7.750196933746337891e+00,-1.886362195014953613e+00,6.614791750907897949e-01,-7.426408585160970688e-03,-8.917419239878654480e-03,9.786783456802368164e-01,-2.050706446170806885e-01,7.556284219026565552e-02,-4.101099818944931030e-02,9.596545100212097168e-01,5.647641420364379883e-02,-1.368794441223144531e-01,-4.571655765175819397e-02,-1.209513545036315918e-01,-9.882330894470214844e-02,-5.201163887977600098e-01,3.710680603981018066e-01,-2.508692443370819092e-01,4.411460086703300476e-02,-1.017007976770401001e-01,-1.146429553627967834e-01,3.265822827816009521e-01,8.091869205236434937e-02,1.300011038780212402e+00,2.206747382879257202e-01,-1.984187215566635132e-02,-2.221719473600387573e-01,1.570799946784973145e+00
-7.751621246337890625e+00,-1.884461522102355957e+00,6.597693562507629395e-01,-8.707295171916484833e-03,-6.530211772769689560e-03,9.826205968856811523e-01,-1.853058338165283203e-01,5.671332776546478271e-02,-4.558815155178308487e-03,9.918754100799560547e-01,1.444757431745529175e-01,-1.426512300968170166e-01,-5.828605964779853821e-02,-1.084395274519920349e-01,-8.215551078319549561e-02,-4.980314075946807861e-01,3.051519691944122314e-01,-2.070925980806350708e-01,3.641055524349212646e-02,-9.367948770523071289e-02,-8.152029663324356079e-02,3.137198686599731445e-01,7.844206690788269043e-02,1.297743797302246094e+00,1.834266334772109985e-01,-1.820710860192775726e-02,-1.916958689689636230e-01,1.570799946784973145e+00
-7.752809524536132812e+00,-1.882410883903503418e+00,6.587333083152770996e-01,-1.050257682800292969e-02,-4.480956122279167175e-03,9.864351749420166016e-01,-1.637535542249679565e-01,2.832734771072864532e-02,5.133245885372161865e-02,1.016834974288940430e+00,2.548332512378692627e-01,-1.097639873623847961e-01,-7.232892513275146484e-02,-1.061495617032051086e-01,-6.970585137605667114e-02,-4.656893014907836914e-01,2.601558864116668701e-01,-1.729157119989395142e-01,2.802086807787418365e-02,-7.975924760103225708e-02,-3.952268883585929871e-02,2.956318259239196777e-01,8.192095905542373657e-02,1.294148683547973633e+00,1.369886249303817749e-01,-1.620298996567726135e-02,-1.509487479925155640e-01,1.570799946784973145e+00
-7.755065441131591797e+00,-1.879566907882690430e+00,6.584461927413940430e-01,-1.222084555774927139e-02,-1.859253155998885632e-03,9.900856018066406250e-01,-1.399202644824981689e-01,-6.759709212929010391e-03,1.134211793541908264e-01,1.023116350173950195e+00,3.730999529361724854e-01,-4.617713019251823425e-02,-8.325484395027160645e-02,-1.083051115274429321e-01,-5.914558470249176025e-02,-4.253828227519989014e-01,2.291396111249923706e-01,-1.486752182245254517e-01,1.898467354476451874e-02,-6.104859337210655212e-02,4.826707765460014343e-03,2.721151709556579590e-01,8.434024453163146973e-02,1.291991353034973145e+00,8.199679851531982422e-02,-1.613462530076503754e-02,-1.003572866320610046e-01,1.570799946784973145e+00
-7.757759094238281250e+00,-1.875779628753662109e+00,6.586692929267883301e-01,-1.327549014240503311e-02,8.666240610182285309e-04,9.931432008743286133e-01,-1.161449477076530457e-01,-4.603868350386619568e-02,1.650701165199279785e-01,9.966698288917541504e-01,4.818711578845977783e-01,1.193723920732736588e-02,-8.664420247077941895e-02,-1.102065220475196838e-01,-4.867746680974960327e-02,-3.834597468376159668e-01,2.053545266389846802e-01,-1.298175007104873657e-01,8.796764537692070007e-03,-4.226650297641754150e-02,4.465716332197189331e-02,2.450664788484573364e-01,7.698228210210800171e-02,1.296419501304626465e+00,1.894390583038330078e-02,-1.831569336354732513e-02,-4.541092365980148315e-02,1.570799946784973145e+00
-7.760874271392822266e+00,-1.872306108474731445e+00,6.594442129135131836e-01,-1.374154817312955856e-02,4.390743561089038849e-03,9.956994056701660156e-01,-9.151246398687362671e-02,-9.482524544000625610e-02,2.065877914428710938e-01,9.450204372406005859e-01,5.976809263229370117e-01,2.837706357240676880e-02,-8.443925529718399048e-02,-1.127288565039634705e-01,-4.176985844969749451e-02,-3.379910290241241455e-01,1.878774166107177734e-01,-1.136072129011154175e-01,-2.178280847147107124e-04,-2.416851744055747986e-02,8.502937108278274536e-02,2.125309854745864868e-01,7.489334791898727417e-02,1.307978510856628418e+00,-5.314990133047103882e-02,-2.251887694001197815e-02,1.067212875932455063e-02,1.570799946784973145e+00
-7.764250755310058594e+00,-1.869510412216186523e+00,6.604269742965698242e-01,-1.400724798440933228e-02,8.103637956082820892e-03,9.975067377090454102e-01,-6.869129836559295654e-02,-1.541103273630142212e-01,2.423356324434280396e-01,8.804847002029418945e-01,7.200917601585388184e-01,1.323919184505939484e-02,-8.066944777965545654e-02,-1.132526472210884094e-01,-3.705012053251266479e-02,-2.952855229377746582e-01,1.719044744968414307e-01,-9.910403937101364136e-02,-7.044061087071895599e-03,-9.459630586206912994e-03,1.285891681909561157e-01,1.731711775064468384e-01,8.201631903648376465e-02,1.324104428291320801e+00,-1.230638772249221802e-01,-2.687638625502586365e-02,5.711780488491058350e-02,1.566633582115173340e+00
-7.767668247222900391e+00,-1.867290258407592773e+00,6.614702939987182617e-01,-1.398246828466653824e-02,1.147107593715190887e-02,9.986398220062255859e-01,-4.890250787138938904e-02,-2.209271490573883057e-01,2.704434990882873535e-01,8.036457300186157227e-01,8.374190926551818848e-01,-1.078783534467220306e-02,-7.752332091331481934e-02,-1.106561124324798584e-01,-3.391180187463760376e-02,-2.579548358917236328e-01,1.553142070770263672e-01,-8.519975095987319946e-02,-1.228259690105915070e-02,1.041186624206602573e-03,1.724745631217956543e-01,1.319640278816223145e-01,9.152440726757049561e-02,1.339053750038146973e+00,-1.877223998308181763e-01,-3.184036910533905029e-02,9.228339046239852905e-02,1.552263975143432617e+00
-7.771253108978271484e+00,-1.865686893463134766e+00,6.624754071235656738e-01,-1.376521587371826172e-02,1.448653638362884521e-02,9.992936849594116211e-01,-3.182465210556983948e-02,-2.881049811840057373e-01,2.831835746765136719e-01,7.202606797218322754e-01,9.331638813018798828e-01,-3.294185176491737366e-02,-7.347060739994049072e-02,-1.048850268125534058e-01,-3.181147947907447815e-02,-2.258425951004028320e-01,1.362891197204589844e-01,-7.103203982114791870e-02,-1.555993407964706421e-02,8.515723980963230133e-03,2.132274359464645386e-01,9.332101792097091675e-02,9.516104310750961304e-02,1.352951288223266602e+00,-2.465151101350784302e-01,-3.725337982177734375e-02,1.216851398348808289e-01,1.528455018997192383e+00
-7.774864196777343750e+00,-1.864664196968078613e+00,6.633108258247375488e-01,-1.351652015000581741e-02,1.678863167762756348e-02,9.996559023857116699e-01,-1.495074946433305740e-02,-3.518159091472625732e-01,2.802734375000000000e-01,6.350734233856201172e-01,1.004611492156982422e+00,-5.205693468451499939e-02,-6.764943897724151611e-02,-9.870137274265289307e-02,-2.987417951226234436e-02,-1.942488104104995728e-01,1.181821078062057495e-01,-5.726888403296470642e-02,-1.793790422379970551e-02,1.714299060404300690e-02,2.494494616985321045e-01,5.920061841607093811e-02,9.706050157546997070e-02,1.364758849143981934e+00,-3.020735979080200195e-01,-4.298844560980796814e-02,1.536269336938858032e-01,1.501048326492309570e+00
-7.778545856475830078e+00,-1.864087820053100586e+00,6.639413237571716309e-01,-1.305725425481796265e-02,1.850574463605880737e-02,9.997421503067016602e-01,1.645291573368012905e-03,-4.056637287139892578e-01,2.649998962879180908e-01,5.575573444366455078e-01,1.051905155181884766e+00,-6.780878454446792603e-02,-5.992060527205467224e-02,-9.224499762058258057e-02,-2.861819416284561157e-02,-1.634353846311569214e-01,1.010665372014045715e-01,-4.398117959499359131e-02,-1.916974224150180817e-02,2.662072330713272095e-02,2.824338376522064209e-01,2.936625853180885315e-02,1.010526493191719055e-01,1.375343084335327148e+00,-3.520626127719879150e-01,-4.708036035299301147e-02,1.851413697004318237e-01,1.471385717391967773e+00
-7.782285690307617188e+00,-1.863882780075073242e+00,6.644988059997558594e-01,-1.252467837184667587e-02,1.990624703466892242e-02,9.995408058166503906e-01,1.910658925771713257e-02,-4.484216868877410889e-01,2.397289276123046875e-01,4.873532354831695557e-01,1.076706767082214355e+00,-8.266916871070861816e-02,-5.107574164867401123e-02,-8.749165385961532593e-02,-2.769819274544715881e-02,-1.308193653821945190e-01,8.689203113317489624e-02,-3.197078406810760498e-02,-1.959275081753730774e-02,3.696043416857719421e-02,3.127974271774291992e-01,3.840533783659338951e-03,1.084137782454490662e-01,1.384324193000793457e+00,-3.960973918437957764e-01,-4.902708902955055237e-02,2.101718038320541382e-01,1.445896506309509277e+00
-7.785828113555908203e+00,-1.864194512367248535e+00,6.648830771446228027e-01,-1.175177097320556641e-02,2.088802307844161987e-02,9.990501403808593750e-01,3.639195114374160767e-02,-4.779053032398223877e-01,2.092887461185455322e-01,4.246139228343963623e-01,1.079937577247619629e+00,-9.865449368953704834e-02,-4.336154088377952576e-02,-8.321545273065567017e-02,-2.764030732214450836e-02,-9.818103909492492676e-02,7.520191371440887451e-02,-2.156120724976062775e-02,-1.875968836247920990e-02,4.591109976172447205e-02,3.383459448814392090e-01,-1.676076278090476990e-02,1.166751459240913391e-01,1.393723249435424805e+00,-4.334431290626525879e-01,-4.865964874625205994e-02,2.262210547924041748e-01,1.425305962562561035e+00
-7.789494037628173828e+00,-1.865010023117065430e+00,6.650483608245849609e-01,-1.076714880764484406e-02,2.119567245244979858e-02,9.982421398162841797e-01,5.429086461663246155e-02,-4.930098056793212891e-01,1.781523823738098145e-01,3.703440129756927490e-01,1.061726808547973633e+00,-1.152758449316024780e-01,-3.771395608782768250e-02,-8.008550107479095459e-02,-2.782067283987998962e-02,-6.435682624578475952e-02,6.787490844726562500e-02,-1.399360410869121552e-02,-1.691677048802375793e-02,5.313191190361976624e-02,3.574934303760528564e-01,-3.287494182586669922e-02,1.273487806320190430e-01,1.404946327209472656e+00,-4.637262821197509766e-01,-4.594603180885314941e-02,2.368269860744476318e-01,1.409898638725280762e+00
-7.793582439422607422e+00,-1.866080880165100098e+00,6.651093363761901855e-01,-9.905528277158737183e-03,2.091231383383274078e-02,9.970851540565490723e-01,7.270324230194091797e-02,-4.954526722431182861e-01,1.505281925201416016e-01,3.259499967098236084e-01,1.024244546890258789e+00,-1.305834501981735229e-01,-3.371537849307060242e-02,-7.899248600006103516e-02,-2.717911638319492340e-02,-2.899068035185337067e-02,6.421401351690292358e-02,-9.007865563035011292e-03,-1.463052351027727127e-02,6.089054793119430542e-02,3.687951266765594482e-01,-4.303828254342079163e-02,1.351312398910522461e-01,1.416763305664062500e+00,-4.852605164051055908e-01,-4.156375676393508911e-02,2.449219375848770142e-01,1.397592067718505859e+00
-7.797826290130615234e+00,-1.867105126380920410e+00,6.649402976036071777e-01,-8.981156162917613983e-03,1.983370445668697357e-02,9.954192042350769043e-01,9.309421479701995850e-02,-4.833375215530395508e-01,1.270414739847183228e-01,2.903099656105041504e-01,9.659776687622070312e-01,-1.463775336742401123e-01,-3.153447806835174561e-02,-7.977619022130966187e-02,-2.528395876288414001e-02,1.041695661842823029e-02,6.400726735591888428e-02,-5.761284846812486649e-03,-1.183988433331251144e-02,6.830983608961105347e-02,3.735148012638092041e-01,-4.891967028379440308e-02,1.415040642023086548e-01,1.427423357963562012e+00,-4.974817931652069092e-01,-3.453233093023300171e-02,2.503682076930999756e-01,1.389107584953308105e+00
-7.802211761474609375e+00,-1.868317842483520508e+00,6.645441651344299316e-01,-8.201644755899906158e-03,1.800828613340854645e-02,9.932375550270080566e-01,1.144012585282325745e-01,-4.597811698913574219e-01,1.027971208095550537e-01,2.537299990653991699e-01,8.886244893074035645e-01,-1.636311411857604980e-01,-2.972830645740032196e-02,-8.186325430870056152e-02,-2.245344407856464386e-02,5.131727457046508789e-02,6.703910976648330688e-02,-4.595606587827205658e-03,-8.585327304899692535e-03,7.311074435710906982e-02,3.711885213851928711e-01,-4.901155084371566772e-02,1.437858194112777710e-01,1.436642885208129883e+00,-5.014601349830627441e-01,-2.589773014187812805e-02,2.526935040950775146e-01,1.385458230972290039e+00
-7.807057857513427734e+00,-1.869742631912231445e+00,6.638345718383789062e-01,-7.499636616557836533e-03,1.535210758447647095e-02,9.900683164596557617e-01,1.395451128482818604e-01,-4.254660606384277344e-01,7.823867350816726685e-02,2.114389836788177490e-01,7.936356663703918457e-01,-1.795749515295028687e-01,-2.852227725088596344e-02,-8.778224885463714600e-02,-1.738590002059936523e-02,9.981817007064819336e-02,7.530991733074188232e-02,-5.413750186562538147e-03,-4.230335354804992676e-03,8.035103231668472290e-02,3.634243607521057129e-01,-4.528716206550598145e-02,1.446607559919357300e-01,1.443279385566711426e+00,-4.970260262489318848e-01,-1.493191812187433243e-02,2.501855492591857910e-01,1.387584209442138672e+00
-7.812429904937744141e+00,-1.871776700019836426e+00,6.628051996231079102e-01,-7.109380792826414108e-03,1.234015822410583496e-02,9.859080910682678223e-01,1.666804403066635132e-01,-3.841856420040130615e-01,5.637928098440170288e-02,1.663481891155242920e-01,6.903693079948425293e-01,-1.893767714500427246e-01,-2.725104987621307373e-02,-9.850310534238815308e-02,-1.164215896278619766e-02,1.520758271217346191e-01,9.285201132297515869e-02,-1.105779316276311874e-02,1.760240760631859303e-03,8.952754735946655273e-02,3.482832610607147217e-01,-3.710775077342987061e-02,1.390645354986190796e-01,1.448288798332214355e+00,-4.854423999786376953e-01,-4.402194637805223465e-03,2.422145158052444458e-01,1.393603682518005371e+00
-7.818186283111572266e+00,-1.874118804931640625e+00,6.612115502357482910e-01,-7.025301456451416016e-03,8.564853109419345856e-03,9.805547595024108887e-01,1.959328353404998779e-01,-3.353907763957977295e-01,3.946318104863166809e-02,1.287021040916442871e-01,5.811685323715209961e-01,-1.811546385288238525e-01,-2.176579646766185760e-02,-1.141155734658241272e-01,-3.119362983852624893e-03,2.081981301307678223e-01,1.206688061356544495e-01,-2.232360467314720154e-02,9.457184933125972748e-03,9.209888428449630737e-02,3.298579454421997070e-01,-2.728983946144580841e-02,1.386751681566238403e-01,1.452742099761962891e+00,-4.680830240249633789e-01,7.640207652002573013e-03,2.349283844232559204e-01,1.403934836387634277e+00
-7.823863983154296875e+00,-1.877439141273498535e+00,6.591281890869140625e-01,-7.295134011656045914e-03,4.852850455790758133e-03,9.743167757987976074e-01,2.250111401081085205e-01,-2.849122881889343262e-01,3.145598247647285461e-02,1.192698180675506592e-01,4.803262352943420410e-01,-1.580731868743896484e-01,-1.194254495203495026e-02,-1.390629410743713379e-01,7.301537785679101944e-03,2.644809186458587646e-01,1.658940166234970093e-01,-4.225957766175270081e-02,1.899287290871143341e-02,8.629544824361801147e-02,3.064723312854766846e-01,-1.619143411517143250e-02,1.359379291534423828e-01,1.453897833824157715e+00,-4.462665319442749023e-01,1.855446584522724152e-02,2.317632883787155151e-01,1.414615869522094727e+00
-7.828898906707763672e+00,-1.881714701652526855e+00,6.575586795806884766e-01,-8.047983981668949127e-03,1.776518998667597771e-03,9.674256443977355957e-01,2.530210316181182861e-01,-2.415201365947723389e-01,2.782613039016723633e-02,1.384851336479187012e-01,4.088302850723266602e-01,-1.451202929019927979e-01,-2.655617026903200895e-05,-1.717787683010101318e-01,1.970227621495723724e-02,3.202956318855285645e-01,2.238426804542541504e-01,-6.589762121438980103e-02,3.078456781804561615e-02,6.437204778194427490e-02,2.792066931724548340e-01,-5.627485457807779312e-03,1.356520652770996094e-01,1.454645872116088867e+00,-4.203237891197204590e-01,2.776752598583698273e-02,2.350609004497528076e-01,1.425365447998046875e+00
-7.833075046539306641e+00,-1.886368632316589355e+00,6.562660932540893555e-01,-8.702983148396015167e-03,-2.264410431962460279e-04,9.609944224357604980e-01,2.764307260513305664e-01,-2.131290882825851440e-01,2.447438798844814301e-02,1.674037724733352661e-01,3.699091374874114990e-01,-1.440571397542953491e-01,1.110653392970561981e-02,-2.082705944776535034e-01,3.287910297513008118e-02,3.680250048637390137e-01,2.849825024604797363e-01,-8.012294769287109375e-02,4.283190891146659851e-02,3.000851161777973175e-02,2.437451481819152832e-01,8.927960880100727081e-03,1.229126155376434326e-01,1.457598686218261719e+00,-3.877827525138854980e-01,3.243175521492958069e-02,2.335228919982910156e-01,1.435456395149230957e+00
-7.835719585418701172e+00,-1.890341043472290039e+00,6.555857658386230469e-01,-9.583965875208377838e-03,-1.887858496047556400e-03,9.538685083389282227e-01,3.000657856464385986e-01,-1.924594044685363770e-01,2.510012499988079071e-02,2.058764696121215820e-01,3.467959165573120117e-01,-1.470424234867095947e-01,1.892203092575073242e-02,-2.479167580604553223e-01,5.120326206088066101e-02,4.169359505176544189e-01,3.398035764694213867e-01,-6.623337417840957642e-02,5.460810661315917969e-02,-2.109094522893428802e-03,2.055659145116806030e-01,2.976211719214916229e-02,1.012775525450706482e-01,1.455678224563598633e+00,-3.398755788803100586e-01,3.111650981009006500e-02,2.043049633502960205e-01,1.442759513854980469e+00
-7.837463378906250000e+00,-1.893589973449707031e+00,6.559958457946777344e-01,-1.108091417700052261e-02,-3.758626058697700500e-03,9.453667998313903809e-01,3.257984817028045654e-01,-1.700287908315658569e-01,2.831889316439628601e-02,2.529313862323760986e-01,3.177212178707122803e-01,-1.448138803243637085e-01,2.335219085216522217e-02,-2.981745898723602295e-01,7.440105825662612915e-02,4.598652422428131104e-01,3.997415006160736084e-01,-2.389733679592609406e-02,6.949155777692794800e-02,-2.257547527551651001e-02,1.630516648292541504e-01,6.093157455325126648e-02,7.227137684822082520e-02,1.449688434600830078e+00,-2.834291160106658936e-01,2.592251263558864594e-02,1.576489657163619995e-01,1.446068763732910156e+00
-7.838589668273925781e+00,-1.897566795349121094e+00,6.574429869651794434e-01,-1.284656673669815063e-02,-5.492909811437129974e-03,9.354228377342224121e-01,3.532546758651733398e-01,-1.427555233240127563e-01,2.840137667953968048e-02,3.068645894527435303e-01,2.750729918479919434e-01,-1.338880956172943115e-01,2.769563905894756317e-02,-3.506214022636413574e-01,9.620295464992523193e-02,4.807868003845214844e-01,4.654699862003326416e-01,1.083875726908445358e-02,8.508961647748947144e-02,-3.621267154812812805e-02,1.178937628865242004e-01,9.847176820039749146e-02,5.125516280531883240e-02,1.446568369865417480e+00,-2.227666079998016357e-01,1.786071807146072388e-02,1.148417592048645020e-01,1.448016047477722168e+00
-7.839461803436279297e+00,-1.902080535888671875e+00,6.593859195709228516e-01,-1.461915578693151474e-02,-7.407717406749725342e-03,9.253688454627990723e-01,3.787134289741516113e-01,-1.164008826017379761e-01,2.627670764923095703e-02,3.588726520538330078e-01,2.281710058450698853e-01,-1.180237308144569397e-01,3.155563026666641235e-02,-4.041648507118225098e-01,1.095807477831840515e-01,4.555084705352783203e-01,5.538241267204284668e-01,-3.033757209777832031e-03,9.361444413661956787e-02,-4.791943356394767761e-02,7.068780809640884399e-02,1.415357887744903564e-01,3.813458234071731567e-02,1.446061134338378906e+00,-1.617107093334197998e-01,8.059613406658172607e-03,8.392529189586639404e-02,1.449714779853820801e+00
-7.840532302856445312e+00,-1.906353831291198730e+00,6.614109873771667480e-01,-1.642709039151668549e-02,-9.613359346985816956e-03,9.155322313308715820e-01,4.017941057682037354e-01,-9.182121604681015015e-02,2.198042534291744232e-02,4.067400693893432617e-01,1.830330044031143188e-01,-1.026970371603965759e-01,3.501674160361289978e-02,-4.546882212162017822e-01,1.128965392708778381e-01,3.979316949844360352e-01,6.536875367164611816e-01,-4.502098262310028076e-02,9.445288777351379395e-02,-6.159963831305503845e-02,2.580856159329414368e-02,1.858215779066085815e-01,3.806579113006591797e-02,1.447182893753051758e+00,-9.640445560216903687e-02,-3.131613368168473244e-03,5.302566662430763245e-02,1.453454494476318359e+00
-7.841917037963867188e+00,-1.910049915313720703e+00,6.632117629051208496e-01,-1.824692077934741974e-02,-1.178537495434284210e-02,9.059857130050659180e-01,4.227506220340728760e-01,-6.836010515689849854e-02,1.615841872990131378e-02,4.515389800071716309e-01,1.394897699356079102e-01,-8.735510706901550293e-02,3.780709207057952881e-02,-4.992117285728454590e-01,1.009270399808883667e-01,3.106516897678375244e-01,7.508637309074401855e-01,-8.673591166734695435e-02,8.873614668846130371e-02,-7.313596457242965698e-02,-1.738466136157512665e-02,2.285553812980651855e-01,4.253313317894935608e-02,1.446886301040649414e+00,-3.018993698060512543e-02,-1.503335125744342804e-02,1.099576521664857864e-02,1.458930134773254395e+00
-7.843488693237304688e+00,-1.912826657295227051e+00,6.648133397102355957e-01,-1.969425752758979797e-02,-1.351903285831212997e-02,8.958085775375366211e-01,4.437976181507110596e-01,-4.517001286149024963e-02,9.004649706184864044e-03,4.977889358997344971e-01,9.831786900758743286e-02,-7.333011180162429810e-02,3.856723010540008545e-02,-5.338571071624755859e-01,7.994373887777328491e-02,2.198128253221511841e-01,8.376564383506774902e-01,-1.262858211994171143e-01,7.857191562652587891e-02,-8.101677149534225464e-02,-5.618799105286598206e-02,2.684168219566345215e-01,5.099491029977798462e-02,1.444332599639892578e+00,3.640806302428245544e-02,-2.638009376823902130e-02,-3.914253786206245422e-02,1.467130780220031738e+00
-7.845237255096435547e+00,-1.914442658424377441e+00,6.659430861473083496e-01,-2.081869728863239288e-02,-1.487249881029129028e-02,8.855620026588439941e-01,4.638161063194274902e-01,-2.345145493745803833e-02,1.058982568792998791e-03,5.428956747055053711e-01,6.319477409124374390e-02,-6.385705620050430298e-02,3.768479824066162109e-02,-5.565645098686218262e-01,5.203942209482192993e-02,1.333766430616378784e-01,9.103538393974304199e-01,-1.620432883501052856e-01,6.833280622959136963e-02,-8.666091412305831909e-02,-9.187786281108856201e-02,3.044877350330352783e-01,5.995289236307144165e-02,1.439142584800720215e+00,9.844768047332763672e-02,-3.615787252783775330e-02,-8.535549789667129517e-02,1.476649403572082520e+00
-7.847363948822021484e+00,-1.915156006813049316e+00,6.666624546051025391e-01,-2.131772041320800781e-02,-1.557845529168844223e-02,8.751533627510070801e-01,4.831246733665466309e-01,-3.151338780298829079e-03,-8.288449607789516449e-03,5.868122577667236328e-01,3.602016717195510864e-02,-6.069367006421089172e-02,3.588350862264633179e-02,-5.666005611419677734e-01,2.495389431715011597e-02,6.380499154329299927e-02,9.627676606178283691e-01,-1.888092756271362305e-01,6.010128185153007507e-02,-9.148327261209487915e-02,-1.194213926792144775e-01,3.369434773921966553e-01,7.432846724987030029e-02,1.429572343826293945e+00,1.564073711633682251e-01,-4.363634437322616577e-02,-1.298283934593200684e-01,1.488279700279235840e+00
-7.849982261657714844e+00,-1.915417790412902832e+00,6.670452952384948730e-01,-2.165568806231021881e-02,-1.610303111374378204e-02,8.651274442672729492e-01,5.008255243301391602e-01,1.314008701592683792e-02,-1.734226942062377930e-02,6.266561150550842285e-01,1.884662918746471405e-02,-6.344304233789443970e-02,3.342714533209800720e-02,-5.619355440139770508e-01,-4.783263429999351501e-03,-2.161935437470674515e-03,9.918358325958251953e-01,-2.106614559888839722e-01,5.270419642329216003e-02,-9.580148011445999146e-02,-1.435022652149200439e-01,3.650752902030944824e-01,8.696127682924270630e-02,1.417318940162658691e+00,2.077509164810180664e-01,-4.890543967485427856e-02,-1.742013096809387207e-01,1.501210689544677734e+00
-7.852618217468261719e+00,-1.915469527244567871e+00,6.670379042625427246e-01,-2.154621668159961700e-02,-1.604986377060413361e-02,8.551265597343444824e-01,5.177226066589355469e-01,2.610645443201065063e-02,-2.635089866816997528e-02,6.646744012832641602e-01,9.643314406275749207e-03,-7.045219838619232178e-02,3.082949481904506683e-02,-5.456144213676452637e-01,-3.471893444657325745e-02,-6.458519399166107178e-02,1.000596880912780762e+00,-2.312341332435607910e-01,4.665195569396018982e-02,-9.909248352050781250e-02,-1.613105237483978271e-01,3.871939182281494141e-01,9.931871294975280762e-02,1.404859185218811035e+00,2.546679675579071045e-01,-5.104753002524375916e-02,-2.241661250591278076e-01,1.514272093772888184e+00
-7.854952812194824219e+00,-1.915199160575866699e+00,6.668922305107116699e-01,-2.131506428122520447e-02,-1.586101576685905457e-02,8.453700542449951172e-01,5.335199832916259766e-01,3.739387914538383484e-02,-3.463666513562202454e-02,7.005852460861206055e-01,3.836425719782710075e-03,-7.920914888381958008e-02,2.721634134650230408e-02,-5.132879018783569336e-01,-6.566002219915390015e-02,-1.341539025306701660e-01,9.832925796508789062e-01,-2.522118091583251953e-01,4.097558930516242981e-02,-1.006483882665634155e-01,-1.766072511672973633e-01,4.024363756179809570e-01,1.058901697397232056e-01,1.393874406814575195e+00,2.947184741497039795e-01,-4.983387887477874756e-02,-2.717000544071197510e-01,1.525965929031372070e+00
-7.856699466705322266e+00,-1.914383172988891602e+00,6.666507124900817871e-01,-2.082380652427673340e-02,-1.529306173324584961e-02,8.358615636825561523e-01,5.483319759368896484e-01,4.690830036997795105e-02,-4.164480790495872498e-02,7.344093918800354004e-01,1.505684922449290752e-03,-8.869558572769165039e-02,2.256292290985584259e-02,-4.697906672954559326e-01,-9.265506267547607422e-02,-2.057958841323852539e-01,9.423392415046691895e-01,-2.685202062129974365e-01,3.670950606465339661e-02,-1.020433902740478516e-01,-1.864783167839050293e-01,4.108975231647491455e-01,1.105854809284210205e-01,1.384312510490417480e+00,3.263771235942840576e-01,-4.411251842975616455e-02,-3.114637434482574463e-01,1.538788795471191406e+00
-7.857887268066406250e+00,-1.912722706794738770e+00,6.663226485252380371e-01,-2.036289684474468231e-02,-1.472266670316457748e-02,8.266819715499877930e-01,5.621080994606018066e-01,5.644930154085159302e-02,-4.732175171375274658e-02,7.663195729255676270e-01,6.331437616609036922e-04,-9.835362434387207031e-02,1.639526896178722382e-02,-4.111902713775634766e-01,-1.123893484473228455e-01,-2.815479040145874023e-01,8.721002340316772461e-01,-2.813434302806854248e-01,3.365977853536605835e-02,-1.029372438788414001e-01,-1.894267648458480835e-01,4.128555655479431152e-01,1.156082078814506531e-01,1.375675082206726074e+00,3.474239110946655273e-01,-3.608643263578414917e-02,-3.377010822296142578e-01,1.551443219184875488e+00
-7.858934402465820312e+00,-1.910577774047851562e+00,6.659500598907470703e-01,-1.973759010434150696e-02,-1.406435109674930573e-02,8.174290657043457031e-01,5.755192041397094727e-01,6.573627889156341553e-02,-5.231027677655220032e-02,7.975148558616638184e-01,1.530262525193393230e-03,-1.081167459487915039e-01,9.273388423025608063e-03,-3.474139869213104248e-01,-1.193570196628570557e-01,-3.479591608047485352e-01,7.819846272468566895e-01,-2.889455854892730713e-01,3.222398459911346436e-02,-1.033076047897338867e-01,-1.844105273485183716e-01,4.091909825801849365e-01,1.241864264011383057e-01,1.367993593215942383e+00,3.576692640781402588e-01,-2.646607719361782074e-02,-3.509247303009033203e-01,1.560953497886657715e+00
-7.859451770782470703e+00,-1.907672643661499023e+00,6.654424667358398438e-01,-1.880236528813838959e-02,-1.306530833244323730e-02,8.080213069915771484e-01,5.887081623077392578e-01,7.506850361824035645e-02,-5.683676153421401978e-02,8.282647728919982910e-01,4.927371628582477570e-03,-1.184052452445030212e-01,5.730115226469933987e-04,-2.821444571018218994e-01,-1.125575304031372070e-01,-3.952192068099975586e-01,6.710552573204040527e-01,-2.884418070316314697e-01,3.263494372367858887e-02,-1.026139333844184875e-01,-1.724784225225448608e-01,4.000880718231201172e-01,1.323159039020538330e-01,1.360889673233032227e+00,3.573015928268432617e-01,-1.603384129703044891e-02,-3.528286218643188477e-01,1.566514492034912109e+00
-7.859600543975830078e+00,-1.904055356979370117e+00,6.646665930747985840e-01,-1.744228787720203400e-02,-1.171377394348382950e-02,7.984039783477783203e-01,6.017554402351379395e-01,8.404862880706787109e-02,-6.005880236625671387e-02,8.594389557838439941e-01,1.343707367777824402e-02,-1.309370100498199463e-01,-9.768456220626831055e-03,-2.226254492998123169e-01,-9.603013098239898682e-02,-4.158674478530883789e-01,5.470287203788757324e-01,-2.610645294189453125e-01,3.404735773801803589e-02,-1.024639457464218140e-01,-1.510977447032928467e-01,3.866543769836425781e-01,1.450452059507369995e-01,1.353787183761596680e+00,3.455033302307128906e-01,-6.262818351387977600e-03,-3.412474095821380615e-01,1.569558024406433105e+00
-7.859330654144287109e+00,-1.900201559066772461e+00,6.634680032730102539e-01,-1.584376581013202667e-02,-9.903068654239177704e-03,7.884200811386108398e-01,6.148533821105957031e-01,9.082002937793731689e-02,-6.073430925607681274e-02,8.907837867736816406e-01,2.995616383850574493e-02,-1.465623527765274048e-01,-2.125879935920238495e-02,-1.728590428829193115e-01,-7.630331814289093018e-02,-4.170285463333129883e-01,4.268574714660644531e-01,-2.165449708700180054e-01,3.358240053057670593e-02,-1.012694537639617920e-01,-1.232107579708099365e-01,3.689288794994354248e-01,1.576567292213439941e-01,1.346651911735534668e+00,3.245187103748321533e-01,2.680414123460650444e-03,-3.206792771816253662e-01,1.570799946784973145e+00
-7.858815193176269531e+00,-1.896762371063232422e+00,6.616224646568298340e-01,-1.379648316651582718e-02,-7.632676512002944946e-03,7.766826152801513672e-01,6.296947598457336426e-01,9.324476122856140137e-02,-5.716747790575027466e-02,9.266571998596191406e-01,6.326668709516525269e-02,-1.699269115924835205e-01,-3.320386633276939392e-02,-1.402581185102462769e-01,-5.873168259859085083e-02,-3.988665044307708740e-01,3.340332508087158203e-01,-1.744062900543212891e-01,2.916005626320838928e-02,-9.762829542160034180e-02,-8.936687558889389038e-02,3.471702635288238525e-01,1.756501495838165283e-01,1.344189286231994629e+00,2.878204286098480225e-01,8.872642181813716888e-03,-2.866987586021423340e-01,1.570799946784973145e+00
-7.856910705566406250e+00,-1.894520521163940430e+00,6.596752405166625977e-01,-1.153840962797403336e-02,-4.630630370229482651e-03,7.643413543701171875e-01,6.446919441223144531e-01,8.331269770860671997e-02,-3.605335578322410583e-02,9.594800472259521484e-01,1.288591474294662476e-01,-1.840082108974456787e-01,-4.590164870023727417e-02,-1.218667700886726379e-01,-4.509456455707550049e-02,-3.716486990451812744e-01,2.667155563831329346e-01,-1.377041041851043701e-01,2.154782414436340332e-02,-9.249093383550643921e-02,-4.900671169161796570e-02,3.196355998516082764e-01,1.969451606273651123e-01,1.343929171562194824e+00,2.413087338209152222e-01,1.264939270913600922e-02,-2.447138875722885132e-01,1.570799946784973145e+00
-7.854946613311767578e+00,-1.892440915107727051e+00,6.584995985031127930e-01,-9.180049411952495575e-03,-1.393342157825827599e-03,7.504996657371520996e-01,6.608055830001831055e-01,6.440007686614990234e-02,5.448948941193521023e-04,9.881120324134826660e-01,2.163227051496505737e-01,-1.656976789236068726e-01,-6.004916876554489136e-02,-1.145055517554283142e-01,-3.750764578580856323e-02,-3.370751142501831055e-01,2.245169132947921753e-01,-1.102147102355957031e-01,1.429559662938117981e-02,-8.251618593931198120e-02,-4.066962283104658127e-03,2.858752906322479248e-01,2.158545702695846558e-01,1.342938899993896484e+00,1.874799877405166626e-01,1.365944277495145798e-02,-1.981143355369567871e-01,1.570799946784973145e+00
-7.852355480194091797e+00,-1.890632748603820801e+00,6.582008600234985352e-01,-6.884307134896516800e-03,1.761265448294579983e-03,7.359833121299743652e-01,6.769623756408691406e-01,3.728422522544860840e-02,4.598369449377059937e-02,1.000084161758422852e+00,3.152524828910827637e-01,-1.182298213243484497e-01,-6.958591192960739136e-02,-1.124473959207534790e-01,-3.145365417003631592e-02,-2.989602684974670410e-01,1.953506767749786377e-01,-8.900184929370880127e-02,6.790580693632364273e-03,-7.052684575319290161e-02,3.637336939573287964e-02,2.508342564105987549e-01,2.232325226068496704e-01,1.345263361930847168e+00,1.300829797983169556e-01,1.213543489575386047e-02,-1.495548188686370850e-01,1.570799946784973145e+00
-7.848881721496582031e+00,-1.888813734054565430e+00,6.583229899406433105e-01,-4.719385877251625061e-03,4.613840486854314804e-03,7.210506796836853027e-01,6.928508877754211426e-01,1.802827348001301289e-03,8.850167691707611084e-02,9.782957434654235840e-01,4.139990210533142090e-01,-5.743015184998512268e-02,-6.967134028673171997e-02,-1.139086857438087463e-01,-2.543888241052627563e-02,-2.592791914939880371e-01,1.764021664857864380e-01,-7.414016872644424438e-02,-1.467915135435760021e-03,-5.854968726634979248e-02,7.065923511981964111e-02,2.179434150457382202e-01,2.166463136672973633e-01,1.352154970169067383e+00,6.286679208278656006e-02,7.444561924785375595e-03,-9.240013360977172852e-02,1.567981481552124023e+00
-7.845423698425292969e+00,-1.887192010879516602e+00,6.587989926338195801e-01,-2.443259814754128456e-03,7.453490048646926880e-03,7.063440084457397461e-01,7.078252434730529785e-01,-4.816133901476860046e-02,1.289400607347488403e-01,9.347335696220397949e-01,5.259377956390380859e-01,-2.319300360977649689e-02,-6.226322427392005920e-02,-1.176007166504859924e-01,-2.086532860994338989e-02,-2.202264815568923950e-01,1.644573807716369629e-01,-6.198928132653236389e-02,-9.160196408629417419e-03,-4.577144980430603027e-02,1.013914048671722412e-01,1.832374185323715210e-01,2.010496109724044800e-01,1.362398862838745117e+00,-9.027852676808834076e-03,1.504670828580856323e-03,-3.125517815351486206e-02,1.563405990600585938e+00
-7.842710971832275391e+00,-1.885624527931213379e+00,6.595937013626098633e-01,-1.390629477100446820e-04,1.013811025768518448e-02,6.918526291847229004e-01,7.219675779342651367e-01,-1.093802973628044128e-01,1.665410846471786499e-01,8.770284056663513184e-01,6.524161100387573242e-01,-2.435512281954288483e-02,-5.274293944239616394e-02,-1.219624057412147522e-01,-1.809838041663169861e-02,-1.819906234741210938e-01,1.560899317264556885e-01,-5.121906101703643799e-02,-1.507276855409145355e-02,-3.343468531966209412e-02,1.321574300527572632e-01,1.469040960073471069e-01,1.871505528688430786e-01,1.372897148132324219e+00,-8.432012051343917847e-02,-5.583758465945720673e-03,2.696926333010196686e-02,1.556285858154296875e+00
-7.840584754943847656e+00,-1.883677959442138672e+00,6.605738997459411621e-01,1.986033981665968895e-03,1.254730019718408585e-02,6.790229678153991699e-01,7.340071201324462891e-01,-1.826754063367843628e-01,1.981012821197509766e-01,8.008341193199157715e-01,7.831762433052062988e-01,-4.616811498999595642e-02,-4.181218147277832031e-02,-1.216256171464920044e-01,-1.633496768772602081e-02,-1.487618535757064819e-01,1.427181214094161987e-01,-3.919933736324310303e-02,-1.934526115655899048e-02,-2.290869131684303284e-02,1.610705554485321045e-01,1.120209991931915283e-01,1.686534881591796875e-01,1.382496953010559082e+00,-1.565208435058593750e-01,-1.311840582638978958e-02,7.505013048648834229e-02,1.547170639038085938e+00
-7.838991165161132812e+00,-1.881184935569763184e+00,6.615848541259765625e-01,4.068011883646249771e-03,1.443104539066553116e-02,6.677721142768859863e-01,7.442147731781005859e-01,-2.608040869235992432e-01,2.158315330743789673e-01,7.106491923332214355e-01,9.003738760948181152e-01,-7.437702268362045288e-02,-3.139615803956985474e-02,-1.164053156971931458e-01,-1.544522214680910110e-02,-1.204012632369995117e-01,1.245994716882705688e-01,-2.645359374582767487e-02,-2.197347208857536316e-02,-1.368216611444950104e-02,1.868662685155868530e-01,8.091851323843002319e-02,1.428408026695251465e-01,1.389504551887512207e+00,-2.244255840778350830e-01,-2.161545306444168091e-02,1.158997565507888794e-01,1.533778548240661621e+00
-7.838188171386718750e+00,-1.878424525260925293e+00,6.625593304634094238e-01,5.786948837339878082e-03,1.589332334697246552e-02,6.574410796165466309e-01,7.533161044120788574e-01,-3.362502455711364746e-01,2.186516821384429932e-01,6.194910407066345215e-01,9.946659207344055176e-01,-9.913250058889389038e-02,-2.199289761483669281e-02,-1.094215363264083862e-01,-1.547159440815448761e-02,-9.462501108646392822e-02,1.051177307963371277e-01,-1.341098919510841370e-02,-2.306872420012950897e-02,-2.753664972260594368e-03,2.099714875221252441e-01,5.270341038703918457e-02,1.153795495629310608e-01,1.393537163734436035e+00,-2.838655710220336914e-01,-3.079344891011714935e-02,1.528447717428207397e-01,1.516715764999389648e+00
-7.837876319885253906e+00,-1.875542163848876953e+00,6.634580492973327637e-01,7.314389105886220932e-03,1.714997179806232452e-02,6.471400260925292969e-01,7.621431350708007812e-01,-4.026627838611602783e-01,2.054466605186462402e-01,5.346502065658569336e-01,1.059464573860168457e+00,-1.175038665533065796e-01,-1.191209722310304642e-02,-1.034609302878379822e-01,-1.663806289434432983e-02,-6.924369931221008301e-02,8.866232633590698242e-02,-1.773677766323089600e-03,-2.291409112513065338e-02,9.356006048619747162e-03,2.327583879232406616e-01,2.872576564550399780e-02,9.852501004934310913e-02,1.396488070487976074e+00,-3.375391662120819092e-01,-4.061008244752883911e-02,1.894588768482208252e-01,1.495761036872863770e+00
-7.837780475616455078e+00,-1.872805356979370117e+00,6.640623211860656738e-01,8.732262998819351196e-03,1.823515258729457855e-02,6.367188096046447754e-01,7.708309888839721680e-01,-4.530855417251586914e-01,1.825206875801086426e-01,4.619166553020477295e-01,1.093412756919860840e+00,-1.282022148370742798e-01,-3.654022002592682838e-03,-1.000407114624977112e-01,-1.815012842416763306e-02,-4.323404654860496521e-02,7.710404694080352783e-02,7.260786369442939758e-03,-2.228848077356815338e-02,2.303973957896232605e-02,2.554750144481658936e-01,8.873865008354187012e-03,9.702333062887191772e-02,1.400594234466552734e+00,-3.831156790256500244e-01,-4.940835759043693542e-02,2.206137925386428833e-01,1.473549842834472656e+00
-7.838043689727783203e+00,-1.870202422142028809e+00,6.644381880760192871e-01,9.753220714628696442e-03,1.890529133379459381e-02,6.251699328422546387e-01,7.801986932754516602e-01,-4.883685410022735596e-01,1.583999544382095337e-01,4.016227424144744873e-01,1.102441906929016113e+00,-1.340643614530563354e-01,8.822156232781708241e-04,-1.003750413656234741e-01,-1.909954845905303955e-02,-1.416736841201782227e-02,7.245176285505294800e-02,1.314780768007040024e-02,-2.102234587073326111e-02,3.655388206243515015e-02,2.789248228073120117e-01,-7.752814795821905136e-03,1.118197888135910034e-01,1.404562354087829590e+00,-4.222797751426696777e-01,-5.616868287324905396e-02,2.456718087196350098e-01,1.452687621116638184e+00
-7.838829517364501953e+00,-1.867491126060485840e+00,6.645695567131042480e-01,1.071957871317863464e-02,1.927701011300086975e-02,6.130623221397399902e-01,7.897265553474426270e-01,-5.066897869110107422e-01,1.358740180730819702e-01,3.527129888534545898e-01,1.083283424377441406e+00,-1.354933977127075195e-01,3.724421840161085129e-04,-1.031850799918174744e-01,-2.070247009396553040e-02,1.601644046604633331e-02,7.373818755149841309e-02,1.542801037430763245e-02,-1.861837320029735565e-02,4.782228544354438782e-02,3.013402819633483887e-01,-2.159922569990158081e-02,1.367998421192169189e-01,1.410055041313171387e+00,-4.554622471332550049e-01,-6.007543578743934631e-02,2.657601237297058105e-01,1.437294363975524902e+00
-7.839760303497314453e+00,-1.864104986190795898e+00,6.645572185516357422e-01,1.131124142557382584e-02,1.913252659142017365e-02,6.004062891006469727e-01,7.993862032890319824e-01,-5.122572183609008789e-01,1.148195341229438782e-01,3.111578524112701416e-01,1.046290755271911621e+00,-1.446960568428039551e-01,-1.544069848023355007e-03,-1.057295501232147217e-01,-2.172257564961910248e-02,4.668093845248222351e-02,7.614649087190628052e-02,1.635833829641342163e-02,-1.541405264288187027e-02,5.507208034396171570e-02,3.202453553676605225e-01,-3.187391906976699829e-02,1.626416146755218506e-01,1.416113257408142090e+00,-4.815022349357604980e-01,-5.967045202851295471e-02,2.793765366077423096e-01,1.427086949348449707e+00
-7.841143131256103516e+00,-1.860026359558105469e+00,6.644207835197448730e-01,1.133670192211866379e-02,1.862837746739387512e-02,5.873205661773681641e-01,8.090605735778808594e-01,-5.016869306564331055e-01,9.450625628232955933e-02,2.758661210536956787e-01,9.813755154609680176e-01,-1.523464322090148926e-01,-3.999742679297924042e-03,-1.074842140078544617e-01,-2.222494967281818390e-02,7.782766968011856079e-02,7.949066907167434692e-02,1.557041145861148834e-02,-1.141413394361734390e-02,5.954548344016075134e-02,3.321528434753417969e-01,-3.847008198499679565e-02,1.806582212448120117e-01,1.422838449478149414e+00,-4.992761611938476562e-01,-5.571413785219192505e-02,2.874089479446411133e-01,1.420960903167724609e+00
-7.842637538909912109e+00,-1.855674624443054199e+00,6.641445755958557129e-01,1.101484056562185287e-02,1.756518892943859100e-02,5.728098154067993164e-01,8.194260597229003906e-01,-4.789570868015289307e-01,7.323275506496429443e-02,2.412222474813461304e-01,8.969187140464782715e-01,-1.626333296298980713e-01,-6.216824054718017578e-03,-1.095878928899765015e-01,-2.139484137296676636e-02,1.119201183319091797e-01,8.332737535238265991e-02,1.446212083101272583e-02,-6.776880472898483276e-03,6.313715875148773193e-02,3.383438289165496826e-01,-4.042499884963035583e-02,1.917066276073455811e-01,1.428168654441833496e+00,-5.065593719482421875e-01,-4.825680702924728394e-02,2.905102074146270752e-01,1.419358372688293457e+00
-7.844043254852294922e+00,-1.850851774215698242e+00,6.636405587196350098e-01,1.015820447355508804e-02,1.611375063657760620e-02,5.565273761749267578e-01,8.306108713150024414e-01,-4.458774328231811523e-01,5.046066269278526306e-02,1.982904970645904541e-01,7.937260270118713379e-01,-1.722218841314315796e-01,-9.261419065296649933e-03,-1.122830882668495178e-01,-1.898144930601119995e-02,1.493077725172042847e-01,8.861587941646575928e-02,1.288195047527551651e-02,-1.492473413236439228e-03,6.673076003789901733e-02,3.388028740882873535e-01,-3.814068809151649475e-02,1.983051747083663940e-01,1.431339383125305176e+00,-5.069794654846191406e-01,-3.865886107087135315e-02,2.911532521247863770e-01,1.421960592269897461e+00
-7.845409393310546875e+00,-1.845270395278930664e+00,6.629641652107238770e-01,8.881561458110809326e-03,1.415486354380846024e-02,5.379654169082641602e-01,8.428012728691101074e-01,-4.043530821800231934e-01,2.949032187461853027e-02,1.502600610256195068e-01,6.845354437828063965e-01,-1.832862645387649536e-01,-1.213532499969005585e-02,-1.149576902389526367e-01,-1.511771325021982193e-02,1.912918239831924438e-01,9.488958120346069336e-02,1.015640329569578171e-02,4.083062056452035904e-03,6.720233708620071411e-02,3.352613151073455811e-01,-3.384558111429214478e-02,2.067161202430725098e-01,1.433032631874084473e+00,-5.004219412803649902e-01,-2.752821892499923706e-02,2.901263535022735596e-01,1.429299354553222656e+00
-7.846383094787597656e+00,-1.838408827781677246e+00,6.617959141731262207e-01,6.875490304082632065e-03,1.198358647525310516e-02,5.177711844444274902e-01,8.554075956344604492e-01,-3.490945696830749512e-01,1.504967827349901199e-02,1.153632849454879761e-01,5.598354935646057129e-01,-1.654206961393356323e-01,-9.693227708339691162e-03,-1.196897998452186584e-01,-9.534816257655620575e-03,2.362547516822814941e-01,1.086581349372863770e-01,1.671381411142647266e-03,1.049075182527303696e-02,6.318689137697219849e-02,3.260946273803710938e-01,-2.764835022389888763e-02,2.115259319543838501e-01,1.433252573013305664e+00,-4.892588555812835693e-01,-1.454720832407474518e-02,2.908211052417755127e-01,1.438699483871459961e+00
-7.848210334777832031e+00,-1.831418752670288086e+00,6.599363088607788086e-01,3.766927635297179222e-03,9.516408666968345642e-03,4.943155944347381592e-01,8.692222833633422852e-01,-2.944495677947998047e-01,1.326617132872343063e-02,1.137755438685417175e-01,4.527865350246429443e-01,-1.354918479919433594e-01,-3.291142638772726059e-03,-1.346710026264190674e-01,3.841539146378636360e-04,2.878395915031433105e-01,1.397925317287445068e-01,-1.400449965149164200e-02,1.859141141176223755e-02,5.428637936711311340e-02,3.133054673671722412e-01,-1.937530189752578735e-02,2.178177535533905029e-01,1.430511832237243652e+00,-4.726757705211639404e-01,4.174363566562533379e-04,2.930385768413543701e-01,1.449111700057983398e+00
-7.850797176361083984e+00,-1.824976563453674316e+00,6.578971147537231445e-01,1.350807375274598598e-03,7.534427568316459656e-03,4.707385301589965820e-01,8.822395801544189453e-01,-2.540693283081054688e-01,1.367870625108480453e-02,1.366593390703201294e-01,3.873768448829650879e-01,-1.185480952262878418e-01,6.107029970735311508e-03,-1.641679555177688599e-01,1.310732588171958923e-02,3.407118320465087891e-01,2.002056688070297241e-01,-4.114845022559165955e-02,2.904862537980079651e-02,3.500900045037269592e-02,2.921768426895141602e-01,-1.017118431627750397e-02,2.180896699428558350e-01,1.431275010108947754e+00,-4.534589648246765137e-01,1.495479140430688858e-02,2.961675226688385010e-01,1.462876439094543457e+00
-7.854056835174560547e+00,-1.821250557899475098e+00,6.557405591011047363e-01,5.094295484013855457e-04,6.570086814463138580e-03,4.497320353984832764e-01,8.931392431259155273e-01,-2.318344414234161377e-01,1.394243817776441574e-02,1.683927923440933228e-01,3.574255108833312988e-01,-1.143530234694480896e-01,1.411813031882047653e-02,-2.017357796430587769e-01,2.820286527276039124e-02,3.882951140403747559e-01,2.678288221359252930e-01,-5.842773616313934326e-02,3.923741728067398071e-02,3.256368450820446014e-03,2.641875147819519043e-01,2.564813010394573212e-03,1.961693316698074341e-01,1.429660201072692871e+00,-4.197443127632141113e-01,2.491233497858047485e-02,2.772279381752014160e-01,1.476252317428588867e+00
-7.857183456420898438e+00,-1.820412158966064453e+00,6.546859145164489746e-01,-3.119469329249113798e-04,6.087215151637792587e-03,4.313089549541473389e-01,9.021837115287780762e-01,-2.172809243202209473e-01,1.629263535141944885e-02,2.003713250160217285e-01,3.342943191528320312e-01,-1.088728532195091248e-01,1.907362416386604309e-02,-2.452850639820098877e-01,4.420935735106468201e-02,4.133161604404449463e-01,3.413209915161132812e-01,-5.805198848247528076e-02,4.866839572787284851e-02,-3.003752231597900391e-02,2.323572188615798950e-01,2.394909784197807312e-02,1.531283408403396606e-01,1.419407606124877930e+00,-3.744913339614868164e-01,3.124811314046382904e-02,2.327791899442672729e-01,1.485008478164672852e+00
-7.860493659973144531e+00,-1.820199847221374512e+00,6.552149057388305664e-01,-1.165199326351284981e-03,6.047779228538274765e-03,4.093372523784637451e-01,9.123623371124267578e-01,-1.960693299770355225e-01,1.876427792012691498e-02,2.428265213966369629e-01,2.986992001533508301e-01,-9.717044234275817871e-02,2.259848266839981079e-02,-2.965667247772216797e-01,5.777795612812042236e-02,4.093908965587615967e-01,4.302511811256408691e-01,-6.476438790559768677e-02,5.780053883790969849e-02,-5.367976427078247070e-02,1.928959339857101440e-01,5.530732125043869019e-02,1.022248044610023499e-01,1.413468956947326660e+00,-3.178491294384002686e-01,3.450378030538558960e-02,1.714859008789062500e-01,1.489267349243164062e+00
-7.864432811737060547e+00,-1.819736719131469727e+00,6.566909551620483398e-01,-1.944097806699573994e-03,5.933313630521297455e-03,3.844157755374908447e-01,9.231389760971069336e-01,-1.690620183944702148e-01,1.828961260616779327e-02,2.928710877895355225e-01,2.534611821174621582e-01,-8.169279992580413818e-02,2.598512917757034302e-02,-3.519294857978820801e-01,6.206244602799415588e-02,3.620153069496154785e-01,5.394208431243896484e-01,-9.939345717430114746e-02,6.231881305575370789e-02,-6.847638636827468872e-02,1.511833071708679199e-01,9.055183827877044678e-02,6.348589062690734863e-02,1.412392377853393555e+00,-2.578244805335998535e-01,3.507116809487342834e-02,1.180630177259445190e-01,1.491243720054626465e+00
-7.868402957916259766e+00,-1.818810105323791504e+00,6.584273576736450195e-01,-3.036654321476817131e-03,5.834166891872882843e-03,3.583630621433258057e-01,9.335591197013854980e-01,-1.414136290550231934e-01,1.606295630335807800e-02,3.453665077686309814e-01,2.088023424148559570e-01,-6.752394884824752808e-02,2.923200465738773346e-02,-4.052807390689849854e-01,5.703470483422279358e-02,2.931488156318664551e-01,6.514086127281188965e-01,-1.436928063631057739e-01,6.179456040263175964e-02,-7.870538532733917236e-02,1.078098788857460022e-01,1.302424818277359009e-01,4.930134490132331848e-02,1.418569564819335938e+00,-1.947648525238037109e-01,3.395319357514381409e-02,7.955402135848999023e-02,1.494359970092773438e+00
-7.871508598327636719e+00,-1.817047119140625000e+00,6.601230502128601074e-01,-3.838065778836607933e-03,6.002647802233695984e-03,3.311908543109893799e-01,9.435368776321411133e-01,-1.118144094944000244e-01,1.073417067527770996e-02,4.007917642593383789e-01,1.634228974580764771e-01,-5.511817708611488342e-02,3.075668215751647949e-02,-4.524503350257873535e-01,4.114972427487373352e-02,2.083883732557296753e-01,7.584870457649230957e-01,-1.881098449230194092e-01,5.556287989020347595e-02,-8.385059982538223267e-02,6.856809556484222412e-02,1.713988333940505981e-01,5.556603893637657166e-02,1.423225879669189453e+00,-1.343556642532348633e-01,3.098079189658164978e-02,5.012083053588867188e-02,1.500918388366699219e+00
-7.873868942260742188e+00,-1.815652966499328613e+00,6.616144180297851562e-01,-4.010598175227642059e-03,6.163535173982381821e-03,3.025032579898834229e-01,9.531199932098388672e-01,-8.331692963838577271e-02,4.003497771918773651e-03,4.594047069549560547e-01,1.221071928739547729e-01,-4.449240118265151978e-02,3.011790104210376740e-02,-4.903143942356109619e-01,2.022278495132923126e-02,1.286754757165908813e-01,8.529541492462158203e-01,-2.288442105054855347e-01,4.615859687328338623e-02,-8.692805469036102295e-02,3.231846541166305542e-02,2.135478258132934570e-01,6.475361436605453491e-02,1.425370335578918457e+00,-7.139103114604949951e-02,2.433389984071254730e-02,1.523114275187253952e-02,1.509274005889892578e+00
-7.875098228454589844e+00,-1.814227700233459473e+00,6.626629829406738281e-01,-3.391588339582085609e-03,6.422590930014848709e-03,2.738074660301208496e-01,9.617571234703063965e-01,-5.579925701022148132e-02,-5.034772679209709167e-03,5.172894597053527832e-01,8.575569093227386475e-02,-3.750781714916229248e-02,2.717692777514457703e-02,-5.193126797676086426e-01,-5.141648929566144943e-03,6.029149517416954041e-02,9.306285977363586426e-01,-2.593854069709777832e-01,3.834334760904312134e-02,-8.776150643825531006e-02,1.327891135588288307e-03,2.534176409244537354e-01,7.109156996011734009e-02,1.420274257659912109e+00,-1.060682162642478943e-02,1.359980553388595581e-02,-2.316478639841079712e-02,1.516852855682373047e+00
-7.875520229339599609e+00,-1.812384605407714844e+00,6.632525324821472168e-01,-1.763508655130863190e-03,6.560210604220628738e-03,2.450557351112365723e-01,9.694851636886596680e-01,-3.013390675187110901e-02,-1.737772673368453979e-02,5.740423202514648438e-01,5.626057460904121399e-02,-3.558271378278732300e-02,2.349574305117130280e-02,-5.362756848335266113e-01,-3.186833858489990234e-02,5.897756665945053101e-03,9.856909513473510742e-01,-2.788425683975219727e-01,3.226400911808013916e-02,-8.792126178741455078e-02,-2.601075172424316406e-02,2.899220883846282959e-01,8.270431309938430786e-02,1.415633797645568848e+00,4.916340112686157227e-02,-6.302984547801315784e-04,-6.301023811101913452e-02,1.524638533592224121e+00
-7.875476837158203125e+00,-1.810077428817749023e+00,6.635037064552307129e-01,2.357699413551017642e-04,6.706550717353820801e-03,2.178836762905120850e-01,9.759516716003417969e-01,-8.020233362913131714e-03,-3.095119446516036987e-02,6.262512207031250000e-01,3.486302867531776428e-02,-3.889791667461395264e-02,1.908438839018344879e-02,-5.395082235336303711e-01,-6.471745669841766357e-02,-5.154126510024070740e-02,1.019843697547912598e+00,-2.952697873115539551e-01,2.681914903223514557e-02,-8.844273537397384644e-02,-4.602507129311561584e-02,3.217803835868835449e-01,1.035872176289558411e-01,1.408554673194885254e+00,1.028486266732215881e-01,-1.490595936775207520e-02,-9.586548060178756714e-02,1.532277107238769531e+00
-7.874940872192382812e+00,-1.807858347892761230e+00,6.635217666625976562e-01,2.394557464867830276e-03,6.749433465301990509e-03,1.926088333129882812e-01,9.812495112419128418e-01,1.070781424641609192e-02,-4.433321952819824219e-02,6.743072867393493652e-01,1.995383016765117645e-02,-4.525746032595634460e-02,1.395661476999521255e-02,-5.284760594367980957e-01,-1.016877591609954834e-01,-1.147079691290855408e-01,1.032187819480895996e+00,-3.099233210086822510e-01,1.756160892546176910e-02,-8.953326195478439331e-02,-6.077874451875686646e-02,3.481507301330566406e-01,1.267297267913818359e-01,1.399451375007629395e+00,1.534734815359115601e-01,-2.625329233705997467e-02,-1.279708892107009888e-01,1.538412809371948242e+00
-7.873647212982177734e+00,-1.805872559547424316e+00,6.633371710777282715e-01,4.603064153343439102e-03,6.818956695497035980e-03,1.698845922946929932e-01,9.854296445846557617e-01,2.684480510652065277e-02,-5.650348961353302002e-02,7.172002196311950684e-01,1.000867038965225220e-02,-5.369656160473823547e-02,7.850516587495803833e-03,-5.001368522644042969e-01,-1.424991637468338013e-01,-1.927666962146759033e-01,1.019585967063903809e+00,-3.239008486270904541e-01,4.782941192388534546e-03,-9.130793809890747070e-02,-7.173617184162139893e-02,3.689336478710174561e-01,1.452841758728027344e-01,1.386826395988464355e+00,1.976849883794784546e-01,-3.465886041522026062e-02,-1.588501930236816406e-01,1.543448448181152344e+00
-7.871840476989746094e+00,-1.804721117019653320e+00,6.630477309226989746e-01,6.725262384861707687e-03,6.666603032499551773e-03,1.490683555603027344e-01,9.887815713882446289e-01,4.122442379593849182e-02,-6.666582077741622925e-02,7.567666769027709961e-01,3.425874514505267143e-03,-6.279566884040832520e-02,6.439057760871946812e-04,-4.559794068336486816e-01,-1.782353222370147705e-01,-2.754749357700347900e-01,9.812136888504028320e-01,-3.355033993721008301e-01,-2.366201253607869148e-03,-9.381050616502761841e-02,-8.085584640502929688e-02,3.838365375995635986e-01,1.550513803958892822e-01,1.373340368270874023e+00,2.360789328813552856e-01,-3.976644575595855713e-02,-1.923820525407791138e-01,1.548115968704223633e+00
-7.868931293487548828e+00,-1.804302692413330078e+00,6.626923084259033203e-01,8.638880215585231781e-03,6.586479023098945618e-03,1.303515583276748657e-01,9.914083480834960938e-01,5.392046272754669189e-02,-7.358697056770324707e-02,7.922456264495849609e-01,1.328081358224153519e-03,-7.228982448577880859e-02,-8.223228156566619873e-03,-3.968019783496856689e-01,-2.051738053560256958e-01,-3.654956221580505371e-01,9.152709245681762695e-01,-3.456597924232482910e-01,3.012143133673816919e-04,-9.807056933641433716e-02,-8.420091122388839722e-02,3.920669257640838623e-01,1.618870347738265991e-01,1.360844492912292480e+00,2.654272615909576416e-01,-4.245838150382041931e-02,-2.247059196233749390e-01,1.553322434425354004e+00
-7.865722656250000000e+00,-1.804392457008361816e+00,6.623540520668029785e-01,1.000520307570695877e-02,6.158473901450634003e-03,1.125521808862686157e-01,9.935763478279113770e-01,6.650366634130477905e-02,-7.785785198211669922e-02,8.263108134269714355e-01,1.924555981531739235e-03,-8.252465724945068359e-02,-1.843342930078506470e-02,-3.281132876873016357e-01,-2.156445831060409546e-01,-4.517776370048522949e-01,8.240790963172912598e-01,-3.484060168266296387e-01,9.222751483321189880e-03,-1.044151186943054199e-01,-7.916810363531112671e-02,3.936948776245117188e-01,1.699228137731552124e-01,1.347425103187561035e+00,2.838305532932281494e-01,-4.227346181869506836e-02,-2.499319463968276978e-01,1.559522867202758789e+00
-7.861411094665527344e+00,-1.804651618003845215e+00,6.619302034378051758e-01,1.090477313846349716e-02,5.790491122752428055e-03,9.505858272314071655e-02,9.953951239585876465e-01,7.805642485618591309e-02,-7.953233271837234497e-02,8.595410585403442383e-01,7.534757256507873535e-03,-9.491578489542007446e-02,-3.011382184922695160e-02,-2.576398849487304688e-01,-2.086445987224578857e-01,-5.238556861877441406e-01,7.129082679748535156e-01,-3.456309139728546143e-01,1.816635020077228546e-02,-1.105756983160972595e-01,-6.622348725795745850e-02,3.905842602252960205e-01,1.803782880306243896e-01,1.334542155265808105e+00,2.898414134979248047e-01,-4.042892530560493469e-02,-2.627564072608947754e-01,1.564733147621154785e+00
-7.857252120971679688e+00,-1.805621027946472168e+00,6.612217426300048828e-01,1.197644229978322983e-02,5.534929689019918442e-03,7.708431780338287354e-02,9.969372749328613281e-01,8.750716596841812134e-02,-7.806476950645446777e-02,8.943545818328857422e-01,2.042922563850879669e-02,-1.089986637234687805e-01,-4.270186647772789001e-02,-1.970630288124084473e-01,-1.883093863725662231e-01,-5.629631280899047852e-01,5.902023315429687500e-01,-3.167591392993927002e-01,2.628510259091854095e-02,-1.145973056554794312e-01,-4.584064707159996033e-02,3.821896612644195557e-01,1.864421218633651733e-01,1.320027112960815430e+00,2.830000817775726318e-01,-3.762840479612350464e-02,-2.626326978206634521e-01,1.568166971206665039e+00
-7.852686882019042969e+00,-1.807322382926940918e+00,6.599988937377929688e-01,1.331040076911449432e-02,5.368878133594989777e-03,5.933088064193725586e-02,9.981352090835571289e-01,9.462236613035202026e-02,-7.209138572216033936e-02,9.292961359024047852e-01,4.430302977561950684e-02,-1.265359967947006226e-01,-5.696783214807510376e-02,-1.509397923946380615e-01,-1.642380356788635254e-01,-5.722936391830444336e-01,4.742205142974853516e-01,-2.700430750846862793e-01,3.143578395247459412e-02,-1.175576001405715942e-01,-2.046142704784870148e-02,3.703620135784149170e-01,1.870471090078353882e-01,1.304688811302185059e+00,2.650634646415710449e-01,-3.498266264796257019e-02,-2.526607215404510498e-01,1.570243120193481445e+00
-7.848464488983154297e+00,-1.809506177902221680e+00,6.586121916770935059e-01,1.466883160173892975e-02,5.333550274372100830e-03,3.909111022949218750e-02,9.991137385368347168e-01,9.812925010919570923e-02,-5.923266708850860596e-02,9.679499268531799316e-01,8.082898706197738647e-02,-1.409442722797393799e-01,-7.315935939550399780e-02,-1.244822144508361816e-01,-1.410585045814514160e-01,-5.557501912117004395e-01,3.881727159023284912e-01,-2.273029834032058716e-01,2.990433014929294586e-02,-1.150810122489929199e-01,7.902030833065509796e-03,3.550052344799041748e-01,1.859221011400222778e-01,1.293776392936706543e+00,2.325457185506820679e-01,-3.218131884932518005e-02,-2.304942160844802856e-01,1.570799946784973145e+00
-7.844884395599365234e+00,-1.812461018562316895e+00,6.575524210929870605e-01,1.523740775883197784e-02,5.816335789859294891e-03,1.450201869010925293e-02,9.997618198394775391e-01,9.402807801961898804e-02,-2.976093254983425140e-02,1.008643865585327148e+00,1.399832218885421753e-01,-1.355720758438110352e-01,-9.200858324766159058e-02,-1.140912100672721863e-01,-1.186858266592025757e-01,-5.201145410537719727e-01,3.314070999622344971e-01,-1.967520415782928467e-01,2.331272698938846588e-02,-1.048208624124526978e-01,4.616620764136314392e-02,3.356489241123199463e-01,1.932098865509033203e-01,1.281254053115844727e+00,1.879660934209823608e-01,-2.813919819891452789e-02,-1.950306594371795654e-01,1.570799946784973145e+00
-7.842028617858886719e+00,-1.814862370491027832e+00,6.569279432296752930e-01,1.507688313722610474e-02,6.952048745006322861e-03,-1.555611845105886459e-02,9.997411370277404785e-01,8.474721759557723999e-02,1.268123835325241089e-02,1.050956726074218750e+00,2.163478285074234009e-01,-1.034285500645637512e-01,-1.123957261443138123e-01,-1.164631471037864685e-01,-1.006660833954811096e-01,-4.695909321308135986e-01,2.967190146446228027e-01,-1.740979403257369995e-01,1.572456210851669312e-02,-8.642569184303283691e-02,9.218439459800720215e-02,3.080186843872070312e-01,1.996275484561920166e-01,1.267214894294738770e+00,1.309679448604583740e-01,-2.352139167487621307e-02,-1.473101973533630371e-01,1.570799946784973145e+00
-7.839082241058349609e+00,-1.818649172782897949e+00,6.569833755493164062e-01,1.502612046897411346e-02,7.632139604538679123e-03,-4.495488107204437256e-02,9.988468289375305176e-01,6.711028516292572021e-02,6.621629744768142700e-02,1.068058609962463379e+00,3.094777166843414307e-01,-3.604425489902496338e-02,-1.290499567985534668e-01,-1.171074286103248596e-01,-8.201701194047927856e-02,-4.183850884437561035e-01,2.656598389148712158e-01,-1.541394293308258057e-01,6.330441683530807495e-03,-6.930657476186752319e-02,1.334606558084487915e-01,2.753067016601562500e-01,1.922471225261688232e-01,1.258396983146667480e+00,6.587431579828262329e-02,-1.999698206782341003e-02,-9.273390471935272217e-02,1.570799946784973145e+00
-7.836442947387695312e+00,-1.823945760726928711e+00,6.576068401336669922e-01,1.535680051892995834e-02,8.101301267743110657e-03,-7.290316373109817505e-02,9.971878528594970703e-01,4.050539061427116394e-02,1.181539669632911682e-01,1.054650783538818359e+00,4.101283252239227295e-01,2.545648813247680664e-02,-1.385926306247711182e-01,-1.153483390808105469e-01,-6.321223825216293335e-02,-3.687425255775451660e-01,2.355000674724578857e-01,-1.352757960557937622e-01,-4.072959534823894501e-03,-5.520200356841087341e-02,1.690577566623687744e-01,2.379811704158782959e-01,1.700181216001510620e-01,1.258133292198181152e+00,-6.599684711545705795e-03,-1.672610081732273102e-02,-3.296535089612007141e-02,1.570799946784973145e+00
-7.834325790405273438e+00,-1.829524755477905273e+00,6.587113738059997559e-01,1.666801236569881439e-02,8.554410189390182495e-03,-1.001440733671188354e-01,9.947965145111083984e-01,-9.054813417606055737e-04,1.661512702703475952e-01,1.015427589416503906e+00,5.336834788322448730e-01,4.223797097802162170e-02,-1.393270194530487061e-01,-1.140385866165161133e-01,-4.696716368198394775e-02,-3.185267448425292969e-01,2.078780978918075562e-01,-1.171767711639404297e-01,-1.486757397651672363e-02,-4.030773043632507324e-02,2.026815712451934814e-01,1.967517286539077759e-01,1.552036255598068237e-01,1.264455437660217285e+00,-7.996451109647750854e-02,-1.564188487827777863e-02,2.937420271337032318e-02,1.570799946784973145e+00
-7.832591056823730469e+00,-1.834545135498046875e+00,6.598519682884216309e-01,1.840297318994998932e-02,8.927522227168083191e-03,-1.269192099571228027e-01,9.917021393775939941e-01,-5.524309352040290833e-02,2.100073695182800293e-01,9.634099006652832031e-01,6.721735000610351562e-01,2.321153134107589722e-02,-1.346986144781112671e-01,-1.135012283921241760e-01,-3.429176658391952515e-02,-2.676554620265960693e-01,1.834583580493927002e-01,-9.842640161514282227e-02,-2.430744096636772156e-02,-2.375007607042789459e-02,2.377999871969223022e-01,1.523960679769515991e-01,1.552192419767379761e-01,1.277278184890747070e+00,-1.539922058582305908e-01,-1.566540822386741638e-02,9.375533461570739746e-02,1.567583918571472168e+00
-7.831252574920654297e+00,-1.838418722152709961e+00,6.610578298568725586e-01,2.026318944990634918e-02,9.105654433369636536e-03,-1.506299674510955811e-01,9.883405566215515137e-01,-1.305466592311859131e-01,2.498795688152313232e-01,8.814560770988464355e-01,8.214911222457885742e-01,-1.456672791391611099e-02,-1.233499795198440552e-01,-1.116679832339286804e-01,-2.468206733465194702e-02,-2.224824130535125732e-01,1.592257916927337646e-01,-7.877219468355178833e-02,-3.173914924263954163e-02,-1.092781312763690948e-02,2.703310847282409668e-01,1.104345917701721191e-01,1.594834476709365845e-01,1.292086243629455566e+00,-2.227094173431396484e-01,-1.562747545540332794e-02,1.528124511241912842e-01,1.551967144012451172e+00
-7.829463481903076172e+00,-1.841282844543457031e+00,6.621240377426147461e-01,2.185380458831787109e-02,9.261572733521461487e-03,-1.717979162931442261e-01,9.848462343215942383e-01,-2.164713442325592041e-01,2.750107645988464355e-01,7.840193510055541992e-01,9.574275612831115723e-01,-5.547336861491203308e-02,-1.089310348033905029e-01,-1.078485846519470215e-01,-1.817775517702102661e-02,-1.819171309471130371e-01,1.341718584299087524e-01,-5.844020470976829529e-02,-3.645893931388854980e-02,-1.259881537407636642e-04,3.007271587848663330e-01,7.130096107721328735e-02,1.577227711677551270e-01,1.303599953651428223e+00,-2.866883277893066406e-01,-1.615918055176734924e-02,2.041070461273193359e-01,1.529369354248046875e+00
-7.827402114868164062e+00,-1.843142986297607422e+00,6.631945967674255371e-01,2.338858321309089661e-02,9.463751688599586487e-03,-1.910386532545089722e-01,9.812582135200500488e-01,-3.070073723793029785e-01,2.780872583389282227e-01,6.769018769264221191e-01,1.066408872604370117e+00,-9.524641931056976318e-02,-9.035586565732955933e-02,-1.024507507681846619e-01,-1.411127671599388123e-02,-1.453546583652496338e-01,1.090672612190246582e-01,-3.877186402678489685e-02,-3.879119083285331726e-02,9.354453533887863159e-03,3.272806107997894287e-01,3.641748055815696716e-02,1.556925773620605469e-01,1.313605189323425293e+00,-3.441118001937866211e-01,-1.824305020272731781e-02,2.484249472618103027e-01,1.502248764038085938e+00
-7.825276851654052734e+00,-1.844189286231994629e+00,6.640458703041076660e-01,2.476781234145164490e-02,9.813380427658557892e-03,-2.098404318094253540e-01,9.773726463317871094e-01,-3.857908248901367188e-01,2.625119984149932861e-01,5.804166197776794434e-01,1.139234066009521484e+00,-1.258938312530517578e-01,-7.188103348016738892e-02,-9.992818534374237061e-02,-1.241316180676221848e-02,-1.090831086039543152e-01,8.915864676237106323e-02,-2.100105211138725281e-02,-3.936139494180679321e-02,1.896257698535919189e-02,3.500792384147644043e-01,7.223243359476327896e-03,1.583510637283325195e-01,1.323555469512939453e+00,-3.942098915576934814e-01,-2.028912119567394257e-02,2.876688838005065918e-01,1.471624732017517090e+00
-7.826503276824951172e+00,-1.845976471900939941e+00,6.654822230339050293e-01,2.657278627157211304e-02,1.010746415704488754e-02,-2.344750463962554932e-01,9.717063307762145996e-01,-4.818744659423828125e-01,2.254901677370071411e-01,4.603951275348663330e-01,1.212198615074157715e+00,-1.565881371498107910e-01,-4.706826806068420410e-02,-9.796046465635299683e-02,-1.147956494241952896e-02,-6.118897721171379089e-02,6.654380261898040771e-02,7.979142246767878532e-04,-3.930967301130294800e-02,3.217413276433944702e-02,3.771517276763916016e-01,-2.764348126947879791e-02,1.636336445808410645e-01,1.336568355560302734e+00,-4.570638537406921387e-01,-2.097532339394092560e-02,3.365696072578430176e-01,1.428257703781127930e+00
-7.831408977508544922e+00,-1.847836852073669434e+00,6.666425466537475586e-01,2.763671055436134338e-02,1.035437453538179398e-02,-2.497273236513137817e-01,9.678663611412048340e-01,-5.370196700096130371e-01,1.948199570178985596e-01,3.893863260746002197e-01,1.246987700462341309e+00,-1.708356291055679321e-01,-3.108763694763183594e-02,-9.717919677495956421e-02,-1.177638117223978043e-02,-3.149116784334182739e-02,5.334126576781272888e-02,1.402833499014377594e-02,-3.865205124020576477e-02,4.006880149245262146e-02,3.923754096031188965e-01,-4.813835769891738892e-02,1.685971021652221680e-01,1.344838857650756836e+00,-4.944674074649810791e-01,-2.085305750370025635e-02,3.655820786952972412e-01,1.399354934692382812e+00
-7.821790695190429688e+00,-1.845337867736816406e+00,6.656648516654968262e-01,2.751076593995094299e-02,1.023165322840213776e-02,-2.474656999111175537e-01,9.684519767761230469e-01,-5.211375355720520020e-01,2.029824107885360718e-01,4.085942506790161133e-01,1.234821677207946777e+00,-1.675748378038406372e-01,-3.682111576199531555e-02,-9.862662851810455322e-02,-1.189334597438573837e-02,-3.610867634415626526e-02,5.802575871348381042e-02,1.096113678067922592e-02,-3.867483884096145630e-02,3.974979743361473083e-02,3.903817832469940186e-01,-4.301609098911285400e-02,1.664444208145141602e-01,1.342490196228027344e+00,-4.861339330673217773e-01,-2.080729417502880096e-02,3.589409887790679932e-01,1.405338883399963379e+00
-7.816317558288574219e+00,-1.843466162681579590e+00,6.653163433074951172e-01,2.778965607285499573e-02,1.037856750190258026e-02,-2.704662382602691650e-01,9.622723460197448730e-01,-5.262642502784729004e-01,1.653793752193450928e-01,3.531335294246673584e-01,1.159631609916687012e+00,-1.689114719629287720e-01,-3.713723272085189819e-02,-1.097125187516212463e-01,-1.284258440136909485e-02,1.024103816598653793e-02,6.542607396841049194e-02,1.488228980451822281e-02,-3.425620868802070618e-02,4.902671277523040771e-02,3.949286937713623047e-01,-4.952121526002883911e-02,1.736747324466705322e-01,1.348111987113952637e+00,-5.083323717117309570e-01,-1.304053235799074173e-02,3.773695826530456543e-01,1.390169024467468262e+00
-7.809821128845214844e+00,-1.841741800308227539e+00,6.647901535034179688e-01,2.733430825173854828e-02,1.048387866467237473e-02,-2.999885082244873047e-01,9.534934759140014648e-01,-5.081838965415954590e-01,1.259269416332244873e-01,2.954850792884826660e-01,1.039990663528442383e+00,-1.711247414350509644e-01,-4.092566668987274170e-02,-1.219225972890853882e-01,-1.242125779390335083e-02,6.935395300388336182e-02,7.595293968915939331e-02,1.651805825531482697e-02,-2.742354013025760651e-02,5.656137689948081970e-02,3.952724933624267578e-01,-5.386168137192726135e-02,1.797533780336380005e-01,1.354370236396789551e+00,-5.259531140327453613e-01,9.427454206161201000e-04,3.901531100273132324e-01,1.378882050514221191e+00
-7.803999900817871094e+00,-1.840851902961730957e+00,6.640955209732055664e-01,2.587125450372695923e-02,1.041169930249452591e-02,-3.321230709552764893e-01,9.428237080574035645e-01,-4.708414375782012939e-01,9.683237224817276001e-02,2.493862211704254150e-01,9.049010872840881348e-01,-1.758247613906860352e-01,-4.410204663872718811e-02,-1.347384452819824219e-01,-9.210051968693733215e-03,1.339573860168457031e-01,9.078132361173629761e-02,1.547172386199235916e-02,-1.950921863317489624e-02,6.272622197866439819e-02,3.881834745407104492e-01,-5.247151479125022888e-02,1.814780086278915405e-01,1.359632611274719238e+00,-5.315710306167602539e-01,1.841698400676250458e-02,3.911571800708770752e-01,1.373502850532531738e+00
-7.798677444458007812e+00,-1.839904308319091797e+00,6.631087064743041992e-01,2.372033335268497467e-02,1.023925561457872391e-02,-3.643125891685485840e-01,9.309182763099670410e-01,-4.219267666339874268e-01,7.311178743839263916e-02,2.063906341791152954e-01,7.655458450317382812e-01,-1.806472837924957275e-01,-4.540575295686721802e-02,-1.492453366518020630e-01,-3.715713974088430405e-03,1.986950337886810303e-01,1.117333471775054932e-01,1.009425800293684006e-02,-1.028926298022270203e-02,6.663576513528823853e-02,3.770665824413299561e-01,-4.892968758940696716e-02,1.827183067798614502e-01,1.363044857978820801e+00,-5.264323353767395020e-01,3.540350496768951416e-02,3.846842944622039795e-01,1.373929619789123535e+00
-7.792754173278808594e+00,-1.838686227798461914e+00,6.617328524589538574e-01,2.083816565573215485e-02,1.028686016798019409e-02,-3.958362340927124023e-01,9.180270433425903320e-01,-3.715968430042266846e-01,5.707101523876190186e-02,1.734342724084854126e-01,6.404405236244201660e-01,-1.838527917861938477e-01,-4.249209165573120117e-02,-1.670345515012741089e-01,4.986529704183340073e-03,2.636950612068176270e-01,1.400466561317443848e-01,4.358115547802299261e-04,3.908760554622858763e-04,6.409093737602233887e-02,3.609325885772705078e-01,-4.164084792137145996e-02,1.841343790292739868e-01,1.365455627441406250e+00,-5.108721852302551270e-01,5.134364590048789978e-02,3.737988173961639404e-01,1.378765344619750977e+00
-7.786559581756591797e+00,-1.836356639862060547e+00,6.596643328666687012e-01,1.796971447765827179e-02,1.117307879030704498e-02,-4.258819520473480225e-01,9.045312404632568359e-01,-3.178333938121795654e-01,4.726458713412284851e-02,1.655243188142776489e-01,5.239027738571166992e-01,-1.700167357921600342e-01,-3.326828777790069580e-02,-1.924504190683364868e-01,1.641429215669631958e-02,3.267322480678558350e-01,1.807615458965301514e-01,-1.547528151422739029e-02,1.306954771280288696e-02,5.475153774023056030e-02,3.413500487804412842e-01,-3.105246461927890778e-02,1.848184168338775635e-01,1.366773247718811035e+00,-4.873032271862030029e-01,6.334691494703292847e-02,3.609791398048400879e-01,1.384477734565734863e+00
-7.782138824462890625e+00,-1.833951473236083984e+00,6.567587852478027344e-01,1.387667655944824219e-02,1.299907267093658447e-02,-4.657661616802215576e-01,8.847035169601440430e-01,-2.475908845663070679e-01,3.872042521834373474e-02,1.753892004489898682e-01,3.820722103118896484e-01,-1.450736224651336670e-01,-1.671129092574119568e-02,-2.301120758056640625e-01,3.791008889675140381e-02,4.115727841854095459e-01,2.432850152254104614e-01,-4.152796790003776550e-02,3.173004090785980225e-02,3.646748885512351990e-02,3.148249685764312744e-01,-1.425854302942752838e-02,1.885432004928588867e-01,1.367970466613769531e+00,-4.482155442237854004e-01,7.561516761779785156e-02,3.432730436325073242e-01,1.392919540405273438e+00
-7.779031753540039062e+00,-1.831267356872558594e+00,6.554554700851440430e-01,1.175682432949542999e-02,1.423338521271944046e-02,-4.859226047992706299e-01,8.738068342208862305e-01,-2.166766673326492310e-01,3.653958067297935486e-02,1.970444470643997192e-01,3.260173499584197998e-01,-1.331173777580261230e-01,-7.760458625853061676e-03,-2.550066411495208740e-01,5.190438777208328247e-02,4.558612108230590820e-01,2.835282981395721436e-01,-5.592191219329833984e-02,4.385703057050704956e-02,1.854182407259941101e-02,2.929851114749908447e-01,2.631114912219345570e-04,1.800035536289215088e-01,1.368197321891784668e+00,-4.220938384532928467e-01,7.778868079185485840e-02,3.332471847534179688e-01,1.398958563804626465e+00
-7.772962093353271484e+00,-1.825872421264648438e+00,6.551308631896972656e-01,1.090468838810920715e-02,1.544575300067663193e-02,-5.049257874488830566e-01,8.629556894302368164e-01,-2.011871933937072754e-01,4.022223129868507385e-02,2.443315237760543823e-01,3.123240172863006592e-01,-1.331880092620849609e-01,-2.802343340590596199e-03,-2.865213751792907715e-01,6.580621004104614258e-02,5.005660057067871094e-01,3.222295641899108887e-01,-5.350357294082641602e-02,5.897139012813568115e-02,-8.567375130951404572e-03,2.520579397678375244e-01,2.558418922126293182e-02,1.456314325332641602e-01,1.366905093193054199e+00,-3.785955905914306641e-01,6.744631379842758179e-02,3.023513257503509521e-01,1.409417033195495605e+00
-7.765877723693847656e+00,-1.820804834365844727e+00,6.555741429328918457e-01,1.080809906125068665e-02,1.704998500645160675e-02,-5.281914472579956055e-01,8.488852977752685547e-01,-1.795009970664978027e-01,4.159494489431381226e-02,3.001995980739593506e-01,2.858552038669586182e-01,-1.292210519313812256e-01,1.031408202834427357e-03,-3.203761577606201172e-01,8.499468863010406494e-02,5.495213866233825684e-01,3.573498427867889404e-01,-2.852642349898815155e-02,7.337544858455657959e-02,-2.874738164246082306e-02,2.055959552526473999e-01,5.839744210243225098e-02,1.124731749296188354e-01,1.365989685058593750e+00,-3.242107331752777100e-01,5.315726995468139648e-02,2.536044120788574219e-01,1.422072768211364746e+00
-7.761938095092773438e+00,-1.816383957862854004e+00,6.569509506225585938e-01,1.078619901090860367e-02,1.938385330140590668e-02,-5.559270977973937988e-01,8.309350013732910156e-01,-1.521472930908203125e-01,4.058430716395378113e-02,3.665861189365386963e-01,2.458393722772598267e-01,-1.194311007857322693e-01,3.909886348992586136e-03,-3.579207956790924072e-01,1.062793359160423279e-01,5.755816102027893066e-01,3.971247673034667969e-01,8.633947581984102726e-04,8.525913208723068237e-02,-4.139927029609680176e-02,1.570616513490676880e-01,9.945223480463027954e-02,9.434879571199417114e-02,1.366148352622985840e+00,-2.619126141071319580e-01,3.709184750914573669e-02,1.983675062656402588e-01,1.433404088020324707e+00
-7.759001731872558594e+00,-1.811614751815795898e+00,6.588826179504394531e-01,1.019815448671579361e-02,2.194045670330524445e-02,-5.838990807533264160e-01,8.114656209945678711e-01,-1.248862296342849731e-01,3.755106776952743530e-02,4.337548911571502686e-01,2.009197175502777100e-01,-1.062343940138816833e-01,6.452685687690973282e-03,-3.997408449649810791e-01,1.190063059329986572e-01,5.442294478416442871e-01,4.548543095588684082e-01,1.948381774127483368e-03,9.029858559370040894e-02,-4.793219268321990967e-02,1.160852909088134766e-01,1.435752213001251221e-01,9.587870538234710693e-02,1.364984989166259766e+00,-2.045442909002304077e-01,2.294152975082397461e-02,1.566940993070602417e-01,1.443460702896118164e+00
-7.756159782409667969e+00,-1.807358980178833008e+00,6.608946919441223145e-01,9.154717437922954559e-03,2.472411841154098511e-02,-6.084364056587219238e-01,7.931645512580871582e-01,-1.016113683581352234e-01,3.306354582309722900e-02,4.937651455402374268e-01,1.601599156856536865e-01,-9.410890191793441772e-02,8.439971134066581726e-03,-4.437792897224426270e-01,1.174040362238883972e-01,4.580618143081665039e-01,5.333532691001892090e-01,-2.919014357030391693e-02,8.534177392721176147e-02,-5.916639417409896851e-02,8.065803349018096924e-02,1.928079128265380859e-01,1.078816726803779602e-01,1.363458275794982910e+00,-1.495916694402694702e-01,8.627166040241718292e-03,1.256185621023178101e-01,1.452152371406555176e+00
-7.753141880035400391e+00,-1.803653478622436523e+00,6.626573204994201660e-01,8.130867965519428253e-03,2.709666453301906586e-02,-6.323032975196838379e-01,7.742042541503906250e-01,-7.847858965396881104e-02,2.587419562041759491e-02,5.532996654510498047e-01,1.210424154996871948e-01,-8.368387073278427124e-02,9.864367544651031494e-03,-4.851007163524627686e-01,1.026580631732940674e-01,3.383615911006927490e-01,6.246775984764099121e-01,-7.462125271558761597e-02,7.140854746103286743e-02,-6.681698560714721680e-02,5.093102529644966125e-02,2.416985034942626953e-01,1.217073202133178711e-01,1.362587690353393555e+00,-9.418474137783050537e-02,-7.046916987746953964e-03,9.073223918676376343e-02,1.458270192146301270e+00
-7.750375270843505859e+00,-1.800715446472167969e+00,6.640354394912719727e-01,7.562755141407251358e-03,2.846717275679111481e-02,-6.547978520393371582e-01,7.552298903465270996e-01,-5.591289326548576355e-02,1.563310995697975159e-02,6.107364296913146973e-01,8.262173831462860107e-02,-7.336691766977310181e-02,9.788209572434425354e-03,-5.191413164138793945e-01,7.626970857381820679e-02,2.111406028270721436e-01,7.147126793861389160e-01,-1.216020807623863220e-01,5.305051431059837341e-02,-7.309018820524215698e-02,2.419637143611907959e-02,2.881318628787994385e-01,1.339093297719955444e-01,1.360561609268188477e+00,-3.574287518858909607e-02,-2.374715544283390045e-02,4.561981186270713806e-02,1.462328195571899414e+00
-7.748086929321289062e+00,-1.798970937728881836e+00,6.649727225303649902e-01,7.395246997475624084e-03,2.879346720874309540e-02,-6.770354509353637695e-01,7.353497147560119629e-01,-3.202127292752265930e-02,2.854495542123913765e-03,6.691182851791381836e-01,4.582633078098297119e-02,-6.409900635480880737e-02,6.924093700945377350e-03,-5.448408126831054688e-01,4.389433562755584717e-02,9.736037999391555786e-02,7.982605695724487305e-01,-1.642599999904632568e-01,3.660605847835540771e-02,-7.418035715818405151e-02,2.176382113248109818e-03,3.298673629760742188e-01,1.496675908565521240e-01,1.359774470329284668e+00,1.962941326200962067e-02,-3.905475139617919922e-02,3.992802929133176804e-03,1.466128110885620117e+00
-7.746091842651367188e+00,-1.798785686492919922e+00,6.655122041702270508e-01,7.387848105281591415e-03,2.821983583271503448e-02,-6.977806687355041504e-01,7.157172560691833496e-01,-8.740982040762901306e-03,-1.199306361377239227e-02,7.249099612236022949e-01,1.462012436240911484e-02,-5.890712887048721313e-02,2.249898156151175499e-03,-5.606173872947692871e-01,1.074844691902399063e-02,8.762274868786334991e-03,8.660163283348083496e-01,-1.960487812757492065e-01,2.555804327130317688e-02,-7.549995183944702148e-02,-1.440954022109508514e-02,3.662888109683990479e-01,1.722332239151000977e-01,1.357560753822326660e+00,7.380649447441101074e-02,-5.214823782444000244e-02,-2.884413115680217743e-02,1.467856764793395996e+00
-7.743813037872314453e+00,-1.799498438835144043e+00,6.656454801559448242e-01,7.602784782648086548e-03,2.705893665552139282e-02,-7.168476581573486328e-01,6.966630816459655762e-01,9.467020630836486816e-03,-2.485772222280502319e-02,7.770412564277648926e-01,1.966608274408328423e-15,-6.436458230018615723e-02,-3.375451313331723213e-03,-5.648343563079833984e-01,-2.236652001738548279e-02,-6.269206851720809937e-02,9.148138761520385742e-01,-2.203678786754608154e-01,1.832869090139865875e-02,-7.670912146568298340e-02,-2.200772985816001892e-02,3.951956927776336670e-01,2.031608521938323975e-01,1.352086663246154785e+00,1.226298958063125610e-01,-6.228836998343467712e-02,-5.352789908647537231e-02,1.469872832298278809e+00
-7.741819381713867188e+00,-1.800680756568908691e+00,6.655112504959106445e-01,7.739848457276821136e-03,2.541549690067768097e-02,-7.338465452194213867e-01,6.787955164909362793e-01,2.277029864490032196e-02,-3.422612696886062622e-02,8.250206708908081055e-01,5.169539684405276227e-19,-7.730950415134429932e-02,-9.564598090946674347e-03,-5.565539598464965820e-01,-5.636303871870040894e-02,-1.302714496850967407e-01,9.441189765930175781e-01,-2.417713105678558350e-01,1.205657981336116791e-02,-8.057402819395065308e-02,-2.408989518880844116e-02,4.166107475757598877e-01,2.360004782676696777e-01,1.343684077262878418e+00,1.694208234548568726e-01,-6.962990760803222656e-02,-8.010056614875793457e-02,1.472829222679138184e+00
-7.740564823150634766e+00,-1.802356719970703125e+00,6.652438640594482422e-01,8.037565276026725769e-03,2.342122606933116913e-02,-7.491862773895263672e-01,6.618963479995727539e-01,3.582165762782096863e-02,-4.423103481531143188e-02,8.695142865180969238e-01,-3.615976620793401447e-18,-8.919233828783035278e-02,-1.637171581387519836e-02,-5.342164635658264160e-01,-9.215620905160903931e-02,-2.019679248332977295e-01,9.525768756866455078e-01,-2.632273435592651367e-01,3.665472846478223801e-03,-8.425742387771606445e-02,-2.409744821488857269e-02,4.309472143650054932e-01,2.615935206413269043e-01,1.335037946701049805e+00,2.128929644823074341e-01,-7.297809422016143799e-02,-1.154640540480613708e-01,1.477298378944396973e+00
-7.739541530609130859e+00,-1.804412007331848145e+00,6.648595333099365234e-01,8.034783415496349335e-03,2.114218287169933319e-02,-7.624948620796203613e-01,6.465988159179687500e-01,4.911691695451736450e-02,-5.341038852930068970e-02,9.093039035797119141e-01,-5.429607336943479510e-18,-1.000259071588516235e-01,-2.418637089431285858e-02,-4.970494806766510010e-01,-1.257168948650360107e-01,-2.802762091159820557e-01,9.374268651008605957e-01,-2.835504710674285889e-01,-4.053665790706872940e-03,-9.143349528312683105e-02,-2.198169939219951630e-02,4.385402798652648926e-01,2.762407362461090088e-01,1.326431751251220703e+00,2.519599199295043945e-01,-7.279202342033386230e-02,-1.563127636909484863e-01,1.483947157859802246e+00
-7.739648342132568359e+00,-1.807115435600280762e+00,6.643254160881042480e-01,8.057557046413421631e-03,1.878339610993862152e-02,-7.748770713806152344e-01,6.317814588546752930e-01,6.281928718090057373e-02,-6.215434521436691284e-02,9.469385147094726562e-01,1.193923441440024221e-18,-1.101059913635253906e-01,-3.360350802540779114e-02,-4.448668956756591797e-01,-1.528642177581787109e-01,-3.643811941146850586e-01,8.953258991241455078e-01,-3.046670556068420410e-01,-5.895564332604408264e-03,-9.756177663803100586e-02,-1.758978515863418579e-02,4.396692812442779541e-01,2.838691771030426025e-01,1.318542122840881348e+00,2.838256359100341797e-01,-6.875511258840560913e-02,-1.951822191476821899e-01,1.492014765739440918e+00
-7.740398406982421875e+00,-1.810550332069396973e+00,6.637449860572814941e-01,8.043970912694931030e-03,1.657392270863056183e-02,-7.857248783111572266e-01,6.183016896247863770e-01,7.683780789375305176e-02,-7.022487372159957886e-02,9.800324440002441406e-01,6.229390900428138355e-18,-1.190282031893730164e-01,-4.377353191375732422e-02,-3.830144703388214111e-01,-1.673521250486373901e-01,-4.461035728454589844e-01,8.281243443489074707e-01,-3.195895552635192871e-01,-3.057124093174934387e-03,-1.042270883917808533e-01,-1.205473486334085464e-02,4.335996806621551514e-01,2.843119502067565918e-01,1.310721039772033691e+00,3.079492449760437012e-01,-6.030491739511489868e-02,-2.298029810190200806e-01,1.500435233116149902e+00
-7.741676807403564453e+00,-1.814780473709106445e+00,6.629905104637145996e-01,7.965850643813610077e-03,1.440945733338594437e-02,-7.960184216499328613e-01,6.050484180450439453e-01,9.192544966936111450e-02,-7.762971520423889160e-02,1.012252926826477051e+00,5.694426728510493661e-18,-1.278214305639266968e-01,-5.607016012072563171e-02,-3.157947957515716553e-01,-1.653796881437301636e-01,-5.162394046783447266e-01,7.358124852180480957e-01,-3.236132264137268066e-01,1.135550672188401222e-03,-1.100215017795562744e-01,-2.485422417521476746e-03,4.218477010726928711e-01,2.841559946537017822e-01,1.303879380226135254e+00,3.225688636302947998e-01,-5.016252771019935608e-02,-2.533980011940002441e-01,1.508424878120422363e+00
-7.748264312744140625e+00,-1.821921944618225098e+00,6.623172163963317871e-01,7.728411816060543060e-03,1.153283379971981049e-02,-8.093764781951904297e-01,5.871260762214660645e-01,1.128393188118934631e-01,-8.782376348972320557e-02,1.055101871490478516e+00,2.772871747472962298e-18,-1.385294198989868164e-01,-7.340420782566070557e-02,-2.276647090911865234e-01,-1.482152491807937622e-01,-6.001402139663696289e-01,5.977556109428405762e-01,-3.203062117099761963e-01,1.136033982038497925e-02,-1.194844767451286316e-01,1.416152156889438629e-02,4.023979902267456055e-01,2.864639461040496826e-01,1.294548869132995605e+00,3.353494405746459961e-01,-3.436109796166419983e-02,-2.773638665676116943e-01,1.519269943237304688e+00
-7.752174377441406250e+00,-1.826451539993286133e+00,6.614757180213928223e-01,7.865578867495059967e-03,9.020242840051651001e-03,-8.182429671287536621e-01,5.747479796409606934e-01,1.275216192007064819e-01,-9.501857310533523560e-02,1.084371805191040039e+00,1.459092110020688888e-18,-1.434787809848785400e-01,-8.681818842887878418e-02,-1.804151386022567749e-01,-1.283503621816635132e-01,-6.191232800483703613e-01,5.016868114471435547e-01,-2.976898252964019775e-01,1.702091097831726074e-02,-1.235133185982704163e-01,3.017636947333812714e-02,3.842200040817260742e-01,2.867120802402496338e-01,1.287995696067810059e+00,3.305896520614624023e-01,-2.532740496098995209e-02,-2.801003456115722656e-01,1.527599334716796875e+00
-7.754276275634765625e+00,-1.830160140991210938e+00,6.598045825958251953e-01,8.486604318022727966e-03,5.577143747359514236e-03,-8.281964659690856934e-01,5.603458285331726074e-01,1.434713006019592285e-01,-1.031109765172004700e-01,1.118885636329650879e+00,7.874276564822245635e-19,-1.463155746459960938e-01,-1.030499264597892761e-01,-1.552087068557739258e-01,-1.088248044252395630e-01,-5.887755155563354492e-01,4.228976070880889893e-01,-2.561480998992919922e-01,1.493191160261631012e-02,-1.237147152423858643e-01,5.313593521714210510e-02,3.599755465984344482e-01,2.841127812862396240e-01,1.282602548599243164e+00,3.058505356311798096e-01,-2.001123875379562378e-02,-2.622055113315582275e-01,1.539015412330627441e+00
-7.754626750946044922e+00,-1.833093881607055664e+00,6.578037738800048828e-01,9.384026750922203064e-03,2.064296277239918709e-03,-8.416476249694824219e-01,5.399416685104370117e-01,1.586349606513977051e-01,-1.136976629495620728e-01,1.163929700851440430e+00,4.641842910046989346e-09,-1.422471404075622559e-01,-1.212313845753669739e-01,-1.416072398424148560e-01,-8.943300694227218628e-02,-5.414083003997802734e-01,3.626055717468261719e-01,-2.179657220840454102e-01,6.867933552712202072e-03,-1.169050410389900208e-01,8.357284218072891235e-02,3.309176564216613770e-01,2.867987155914306641e-01,1.278496384620666504e+00,2.683076560497283936e-01,-1.629085652530193329e-02,-2.328207790851593018e-01,1.550864696502685547e+00
-7.756138801574707031e+00,-1.835540175437927246e+00,6.560296416282653809e-01,1.025204639881849289e-02,-1.333826512563973665e-04,-8.566913008689880371e-01,5.157275199890136719e-01,1.614651530981063843e-01,-9.559458494186401367e-02,1.207078218460083008e+00,5.968431383371353149e-02,-1.523894518613815308e-01,-1.391315311193466187e-01,-1.397060602903366089e-01,-7.367847114801406860e-02,-4.868836998939514160e-01,3.253870904445648193e-01,-1.885969936847686768e-01,-1.962319016456604004e-03,-1.031822934746742249e-01,1.189900711178779602e-01,2.982149422168731689e-01,2.834763824939727783e-01,1.272455096244812012e+00,2.223482728004455566e-01,-9.150623343884944916e-03,-1.990184485912322998e-01,1.556561708450317383e+00
-7.757237911224365234e+00,-1.837589383125305176e+00,6.550053954124450684e-01,1.083535049110651016e-02,-1.736078294925391674e-03,-8.724884390830993652e-01,4.885114729404449463e-01,1.583410650491714478e-01,-5.791695788502693176e-02,1.222057342529296875e+00,1.429680436849594116e-01,-1.361889243125915527e-01,-1.523687392473220825e-01,-1.446524262428283691e-01,-6.179718300700187683e-02,-4.271865487098693848e-01,3.018519282341003418e-01,-1.643149554729461670e-01,-9.036246687173843384e-03,-8.231347799301147461e-02,1.484129279851913452e-01,2.647356092929840088e-01,2.649252712726593018e-01,1.268599510192871094e+00,1.732526570558547974e-01,-3.614725312218070030e-03,-1.635313183069229126e-01,1.556339859962463379e+00
-7.760174751281738281e+00,-1.839018940925598145e+00,6.552683711051940918e-01,1.135464757680892944e-02,-3.890980966389179230e-03,-8.867891430854797363e-01,4.620183706283569336e-01,1.456695944070816040e-01,-8.532858453691005707e-03,1.200755357742309570e+00,2.539721131324768066e-01,-1.228906810283660889e-01,-1.584309637546539307e-01,-1.458982080221176147e-01,-4.968493431806564331e-02,-3.701682984828948975e-01,2.779035568237304688e-01,-1.426896750926971436e-01,-1.699530705809593201e-02,-6.592748314142227173e-02,1.683108955621719360e-01,2.295541912317276001e-01,2.232252806425094604e-01,1.270668745040893555e+00,1.149844974279403687e-01,-3.078473033383488655e-03,-1.168598309159278870e-01,1.555112600326538086e+00
-7.764851093292236328e+00,-1.840361595153808594e+00,6.564968228340148926e-01,1.217846572399139404e-02,-6.885332986712455750e-03,-8.998159766197204590e-01,4.360453188419342041e-01,1.164790168404579163e-01,4.707961156964302063e-02,1.148768782615661621e+00,4.003499150276184082e-01,-1.274352669715881348e-01,-1.544239819049835205e-01,-1.432313621044158936e-01,-3.854724764823913574e-02,-3.149668276309967041e-01,2.538373172283172607e-01,-1.242956295609474182e-01,-2.482088468968868256e-02,-5.130331218242645264e-02,1.860814988613128662e-01,1.928482353687286377e-01,1.840871870517730713e-01,1.276196241378784180e+00,4.684526845812797546e-02,-6.499488372355699539e-03,-6.133112311363220215e-02,1.557341814041137695e+00
-7.770282268524169922e+00,-1.841399192810058594e+00,6.580107808113098145e-01,1.326044835150241852e-02,-9.949970059096813202e-03,-9.108716845512390137e-01,4.123564958572387695e-01,6.655558943748474121e-02,1.081461757421493530e-01,1.078140377998352051e+00,5.733470916748046875e-01,-1.469362229108810425e-01,-1.448535770177841187e-01,-1.382033377885818481e-01,-2.867743186652660370e-02,-2.646773159503936768e-01,2.298805266618728638e-01,-1.071754544973373413e-01,-3.252561017870903015e-02,-4.024209082126617432e-02,2.076472938060760498e-01,1.548662930727005005e-01,1.660296767950057983e-01,1.285145521163940430e+00,-2.431416697800159454e-02,-1.080124452710151672e-02,-1.210386119782924652e-02,1.559049248695373535e+00
-7.775457859039306641e+00,-1.842443585395812988e+00,6.596076488494873047e-01,1.412591710686683655e-02,-1.286351494491100311e-02,-9.201960563659667969e-01,3.909913003444671631e-01,-5.149058531969785690e-03,1.698830127716064453e-01,9.874556064605712891e-01,7.597891092300415039e-01,-1.719560176134109497e-01,-1.312780082225799561e-01,-1.301115900278091431e-01,-2.060179598629474640e-02,-2.195383459329605103e-01,2.036756426095962524e-01,-8.932825177907943726e-02,-3.871547058224678040e-02,-3.239655494689941406e-02,2.314261794090270996e-01,1.196971312165260315e-01,1.620645076036453247e-01,1.294220924377441406e+00,-9.160983562469482422e-02,-1.548120193183422089e-02,2.751231752336025238e-02,1.556224942207336426e+00
-7.780480861663818359e+00,-1.844191789627075195e+00,6.611268520355224609e-01,1.469624694436788559e-02,-1.518802624195814133e-02,-9.280704259872436523e-01,3.718045949935913086e-01,-8.874987810850143433e-02,2.167216092348098755e-01,8.885532021522521973e-01,9.284972548484802246e-01,-1.938731372356414795e-01,-1.168355494737625122e-01,-1.174340695142745972e-01,-1.417281199246644974e-02,-1.800145655870437622e-01,1.725573241710662842e-01,-6.971596926450729370e-02,-4.301198571920394897e-02,-2.654473111033439636e-02,2.543075382709503174e-01,8.809730410575866699e-02,1.571875661611557007e-01,1.302641749382019043e+00,-1.562972664833068848e-01,-2.030801773071289062e-02,6.658511608839035034e-02,1.546833515167236328e+00
-7.784970760345458984e+00,-1.846428990364074707e+00,6.625352501869201660e-01,1.525070518255233765e-02,-1.710906252264976501e-02,-9.355013966560363770e-01,3.525788486003875732e-01,-1.781566292047500610e-01,2.441389262676239014e-01,7.872828245162963867e-01,1.070882081985473633e+00,-2.130683213472366333e-01,-1.002352386713027954e-01,-1.043502315878868103e-01,-9.321230463683605194e-03,-1.414335817098617554e-01,1.405939310789108276e-01,-4.868110269308090210e-02,-4.551226273179054260e-02,-1.919291913509368896e-02,2.751705646514892578e-01,6.139385700225830078e-02,1.536583304405212402e-01,1.308978199958801270e+00,-2.174313664436340332e-01,-2.493290416896343231e-02,1.098010390996932983e-01,1.532329082489013672e+00
-7.788927078247070312e+00,-1.848591685295104980e+00,6.637012958526611328e-01,1.580381765961647034e-02,-1.872563362121582031e-02,-9.424116015434265137e-01,3.335565030574798584e-01,-2.611855268478393555e-01,2.524288296699523926e-01,6.955252289772033691e-01,1.177970170974731445e+00,-2.266532182693481445e-01,-8.350084722042083740e-02,-9.276343137025833130e-02,-6.418885663151741028e-03,-1.037820428609848022e-01,1.113049089908599854e-01,-2.872545644640922546e-02,-4.723124951124191284e-02,-1.136458758264780045e-02,2.959479391574859619e-01,3.832900151610374451e-02,1.527709811925888062e-01,1.313482403755187988e+00,-2.746222317218780518e-01,-2.773308940231800079e-02,1.500651985406875610e-01,1.514893412590026855e+00
-7.792424678802490234e+00,-1.850563168525695801e+00,6.645638942718505859e-01,1.627349853515625000e-02,-2.047143876552581787e-02,-9.496344923973083496e-01,3.122665882110595703e-01,-3.342199623584747314e-01,2.447631210088729858e-01,6.147669553756713867e-01,1.249079108238220215e+00,-2.349038869142532349e-01,-6.618817895650863647e-02,-8.576755970716476440e-02,-4.727349150925874710e-03,-6.119048967957496643e-02,8.886865526437759399e-02,-1.112501975148916245e-02,-4.847172647714614868e-02,-1.486623543314635754e-03,3.175233304500579834e-01,1.762986183166503906e-02,1.610227376222610474e-01,1.317403435707092285e+00,-3.259137570858001709e-01,-2.881540916860103607e-02,1.828621029853820801e-01,1.498061060905456543e+00
-7.795207977294921875e+00,-1.852769732475280762e+00,6.652767658233642578e-01,1.646021194756031036e-02,-2.201741375029087067e-02,-9.563539028167724609e-01,2.909148931503295898e-01,-3.941939771175384521e-01,2.281927019357681274e-01,5.445355772972106934e-01,1.285525679588317871e+00,-2.360149025917053223e-01,-5.141971632838249207e-02,-8.219242841005325317e-02,-4.830633290112018585e-03,-1.876991987228393555e-02,7.395092397928237915e-02,2.326076151803135872e-03,-4.838471114635467529e-02,6.465238519012928009e-03,3.383331298828125000e-01,7.953334716148674488e-05,1.748647540807723999e-01,1.322931170463562012e+00,-3.726407289505004883e-01,-2.744248323142528534e-02,2.070247679948806763e-01,1.481558322906494141e+00
-7.797599315643310547e+00,-1.855538606643676758e+00,6.657292842864990234e-01,1.649970933794975281e-02,-2.332331053912639618e-02,-9.626646041870117188e-01,2.691851258277893066e-01,-4.418835341930389404e-01,2.044721394777297974e-01,4.766089022159576416e-01,1.288989901542663574e+00,-2.359249144792556763e-01,-4.197993129491806030e-02,-8.112335950136184692e-02,-6.108879111707210541e-03,2.399411052465438843e-02,6.533666700124740601e-02,1.194396242499351501e-02,-4.656310379505157471e-02,1.229969970881938934e-02,3.554203808307647705e-01,-1.459354534745216370e-02,1.903786063194274902e-01,1.331122636795043945e+00,-4.136805832386016846e-01,-2.313141338527202606e-02,2.272839248180389404e-01,1.465701818466186523e+00
-7.799817562103271484e+00,-1.858607172966003418e+00,6.659577488899230957e-01,1.641852967441082001e-02,-2.432843856513500214e-02,-9.684003591537475586e-01,2.476676553487777710e-01,-4.724833369255065918e-01,1.763336211442947388e-01,4.162403345108032227e-01,1.260677933692932129e+00,-2.348999828100204468e-01,-3.614776581525802612e-02,-8.228937536478042603e-02,-7.266029715538024902e-03,6.651064008474349976e-02,6.196671351790428162e-02,1.781388185918331146e-02,-4.393900930881500244e-02,1.726486533880233765e-02,3.659452795982360840e-01,-2.450721152126789093e-02,1.963530331850051880e-01,1.342046856880187988e+00,-4.450076818466186523e-01,-1.722336560487747192e-02,2.404555529356002808e-01,1.450329065322875977e+00
-7.802027702331542969e+00,-1.861988425254821777e+00,6.660226583480834961e-01,1.590390689671039581e-02,-2.485332451760768890e-02,-9.737747311592102051e-01,2.255928963422775269e-01,-4.842839539051055908e-01,1.446515917778015137e-01,3.622965216636657715e-01,1.200174450874328613e+00,-2.329098433256149292e-01,-3.221284225583076477e-02,-8.448238670825958252e-02,-7.933873683214187622e-03,1.102828606963157654e-01,6.278727203607559204e-02,2.057137899100780487e-02,-4.045298695564270020e-02,1.945251226425170898e-02,3.706529736518859863e-01,-3.143049031496047974e-02,1.996662467718124390e-01,1.353592038154602051e+00,-4.675240814685821533e-01,-8.915002457797527313e-03,2.509012222290039062e-01,1.435763478279113770e+00
-7.804500102996826172e+00,-1.865630030632019043e+00,6.658620834350585938e-01,1.523413881659507751e-02,-2.484610117971897125e-02,-9.786093235015869141e-01,2.036527246236801147e-01,-4.783285260200500488e-01,1.160232573747634888e-01,3.180459737777709961e-01,1.114276409149169922e+00,-2.264938801527023315e-01,-3.013478405773639679e-02,-8.737108856439590454e-02,-7.980150170624256134e-03,1.533453762531280518e-01,6.663160026073455811e-02,2.058302983641624451e-02,-3.614280372858047485e-02,2.114149183034896851e-02,3.699102997779846191e-01,-3.380326181650161743e-02,2.009351998567581177e-01,1.365254640579223633e+00,-4.795940816402435303e-01,-8.788131526671350002e-04,2.548244595527648926e-01,1.421831250190734863e+00
-7.807271003723144531e+00,-1.869602084159851074e+00,6.653918623924255371e-01,1.394705288112163544e-02,-2.375208958983421326e-02,-9.832831621170043945e-01,1.799876987934112549e-01,-4.555376172065734863e-01,8.965295553207397461e-02,2.774523794651031494e-01,1.002423405647277832e+00,-2.206022590398788452e-01,-2.972475066781044006e-02,-9.100315719842910767e-02,-5.233259405940771103e-03,2.000944316387176514e-01,7.373419404029846191e-02,1.803180202841758728e-02,-3.152779862284660339e-02,2.352300286293029785e-02,3.646858036518096924e-01,-3.219778835773468018e-02,2.024950087070465088e-01,1.375675201416015625e+00,-4.822049140930175781e-01,7.664119824767112732e-03,2.562774121761322021e-01,1.410632133483886719e+00
-7.809815883636474609e+00,-1.873798012733459473e+00,6.646447181701660156e-01,1.259749010205268860e-02,-2.183436788618564606e-02,-9.874681830406188965e-01,1.557920277118682861e-01,-4.233907461166381836e-01,6.418506801128387451e-02,2.317632734775543213e-01,8.803148269653320312e-01,-2.173496335744857788e-01,-2.988218329846858978e-02,-9.715492278337478638e-02,-7.853693095967173576e-04,2.476991266012191772e-01,8.544442057609558105e-02,1.359579712152481079e-02,-2.550312690436840057e-02,2.537527307868003845e-02,3.551522195339202881e-01,-2.625362202525138855e-02,2.024970501661300659e-01,1.383656382560729980e+00,-4.753046631813049316e-01,1.649044081568717957e-02,2.536246776580810547e-01,1.404656887054443359e+00
-7.812986373901367188e+00,-1.878683447837829590e+00,6.635766029357910156e-01,1.137328334152698517e-02,-1.887556724250316620e-02,-9.915348887443542480e-01,1.279567629098892212e-01,-3.879723250865936279e-01,4.195971786975860596e-02,1.786593347787857056e-01,7.610856890678405762e-01,-2.208432555198669434e-01,-3.072977438569068909e-02,-1.066690459847450256e-01,6.493243854492902756e-03,3.019331991672515869e-01,1.032943800091743469e-01,6.259884685277938843e-03,-1.856451295316219330e-02,2.740501984953880310e-02,3.447846472263336182e-01,-1.903718523681163788e-02,2.098692506551742554e-01,1.388853669166564941e+00,-4.624585807323455811e-01,2.755948901176452637e-02,2.516969442367553711e-01,1.405972242355346680e+00
-7.816337108612060547e+00,-1.883896470069885254e+00,6.623564362525939941e-01,1.027623657137155533e-02,-1.570587418973445892e-02,-9.949569702148437500e-01,9.853120893239974976e-02,-3.474218547344207764e-01,2.489513345062732697e-02,1.290121376514434814e-01,6.446432471275329590e-01,-2.183924317359924316e-01,-2.943188697099685669e-02,-1.198378428816795349e-01,1.591543108224868774e-02,3.592672348022460938e-01,1.287140697240829468e-01,-4.978603217750787735e-03,-1.035473961383104324e-02,2.751126512885093689e-02,3.287871778011322021e-01,-8.282612077891826630e-03,2.149904668331146240e-01,1.393479943275451660e+00,-4.435788393020629883e-01,3.738115727901458740e-02,2.475749701261520386e-01,1.415809392929077148e+00
-7.819692134857177734e+00,-1.889319539070129395e+00,6.605961322784423828e-01,9.470574557781219482e-03,-1.182592567056417465e-02,-9.976091384887695312e-01,6.742782890796661377e-02,-2.963160872459411621e-01,1.874539256095886230e-02,1.051952391862869263e-01,5.193243026733398438e-01,-1.815895885229110718e-01,-2.398538962006568909e-02,-1.368051171302795410e-01,2.911210432648658752e-02,4.190759062767028809e-01,1.615488976240158081e-01,-1.980003900825977325e-02,-1.102716894820332527e-03,2.048725821077823639e-02,3.098721504211425781e-01,3.829308785498142242e-03,2.211535274982452393e-01,1.395889401435852051e+00,-4.215955734252929688e-01,4.894063249230384827e-02,2.486237138509750366e-01,1.430739164352416992e+00
-7.822901725769042969e+00,-1.895751833915710449e+00,6.588644981384277344e-01,9.041967801749706268e-03,-8.018957450985908508e-03,-9.992144107818603516e-01,3.774228319525718689e-02,-2.494618296623229980e-01,1.851972192525863647e-02,1.108311116695404053e-01,4.222743511199951172e-01,-1.488239467144012451e-01,-1.547997538000345230e-02,-1.596579998731613159e-01,4.471736028790473938e-02,4.762961864471435547e-01,2.098412811756134033e-01,-4.203066602349281311e-02,1.052160933613777161e-02,4.867533687502145767e-03,2.835675179958343506e-01,1.864950172603130341e-02,2.149992585182189941e-01,1.397191166877746582e+00,-3.952237367630004883e-01,5.582155287265777588e-02,2.490486800670623779e-01,1.448865056037902832e+00
-7.825267314910888672e+00,-1.901405930519104004e+00,6.571583151817321777e-01,8.824064396321773529e-03,-6.305663380771875381e-03,-9.998922348022460938e-01,9.892255067825317383e-03,-2.153918147087097168e-01,1.717734150588512421e-02,1.390957683324813843e-01,3.680600523948669434e-01,-1.375502049922943115e-01,-5.776348058134317398e-03,-1.866578906774520874e-01,6.086937338113784790e-02,5.315064191818237305e-01,2.641566991806030273e-01,-6.127773225307464600e-02,2.205580659210681915e-02,-2.181810326874256134e-02,2.500044107437133789e-01,3.290078788995742798e-02,1.981385797262191772e-01,1.401400685310363770e+00,-3.643850088119506836e-01,5.736723542213439941e-02,2.474875152111053467e-01,1.470575213432312012e+00
-7.825704097747802734e+00,-1.905723214149475098e+00,6.556913852691650391e-01,8.802753873169422150e-03,-4.699639976024627686e-03,-9.998801946640014648e-01,-1.183520909398794174e-02,-1.981214880943298340e-01,1.696870476007461548e-02,1.681955754756927490e-01,3.448048830032348633e-01,-1.380160748958587646e-01,2.196861431002616882e-03,-2.163455039262771606e-01,7.894961535930633545e-02,5.719872117042541504e-01,3.164480924606323242e-01,-6.190294399857521057e-02,3.287297859787940979e-02,-5.968060716986656189e-02,2.111497223377227783e-01,5.167691409587860107e-02,1.668346375226974487e-01,1.397789359092712402e+00,-3.231035470962524414e-01,5.283701419830322266e-02,2.232716977596282959e-01,1.492552995681762695e+00
-7.824634075164794922e+00,-1.909109234809875488e+00,6.554641723632812500e-01,9.557800367474555969e-03,-2.101891674101352692e-03,-9.992953538894653320e-01,-3.623519092798233032e-02,-1.831019669771194458e-01,2.181133441627025604e-02,2.068325430154800415e-01,3.239047527313232422e-01,-1.372588127851486206e-01,7.503978908061981201e-03,-2.556204795837402344e-01,1.013303622603416443e-01,5.942488908767700195e-01,3.748680353164672852e-01,-3.930065035820007324e-02,4.516310989856719971e-02,-8.811541646718978882e-02,1.678630262613296509e-01,8.195702731609344482e-02,1.311241239309310913e-01,1.388309001922607422e+00,-2.731550931930541992e-01,4.609060660004615784e-02,1.781074404716491699e-01,1.510204672813415527e+00
-7.822875022888183594e+00,-1.912842750549316406e+00,6.565536856651306152e-01,1.071901526302099228e-02,7.928129052743315697e-04,-9.979180097579956055e-01,-6.359303742647171021e-02,-1.622805744409561157e-01,2.617289125919342041e-02,2.543625533580780029e-01,2.907505035400390625e-01,-1.292713880538940430e-01,1.217209361493587494e-02,-3.042965233325958252e-01,1.199550628662109375e-01,5.710487961769104004e-01,4.515055418014526367e-01,-2.679264545440673828e-02,5.602607876062393188e-02,-1.016671806573867798e-01,1.182306110858917236e-01,1.228785514831542969e-01,9.249250590801239014e-02,1.378099560737609863e+00,-2.160648554563522339e-01,3.615195676684379578e-02,1.233183965086936951e-01,1.522969365119934082e+00
-7.820627212524414062e+00,-1.917170882225036621e+00,6.582969427108764648e-01,1.211946550756692886e-02,3.418579231947660446e-03,-9.956214427947998047e-01,-9.262459725141525269e-02,-1.383153349161148071e-01,2.755620703101158142e-02,3.082420825958251953e-01,2.487357705831527710e-01,-1.155692636966705322e-01,1.665845140814781189e-02,-3.600850701332092285e-01,1.268567740917205811e-01,5.000485181808471680e-01,5.475954413414001465e-01,-4.386626929044723511e-02,6.159415841102600098e-02,-1.083004400134086609e-01,6.676490604877471924e-02,1.671011149883270264e-01,6.345979869365692139e-02,1.370193839073181152e+00,-1.536752283573150635e-01,2.440941520035266876e-02,8.184452354907989502e-02,1.528207778930664062e+00
-7.818618774414062500e+00,-1.921434879302978516e+00,6.602271199226379395e-01,1.345039159059524536e-02,5.563525017350912094e-03,-9.925420284271240234e-01,-1.210309937596321106e-01,-1.129628196358680725e-01,2.511816471815109253e-02,3.624018132686614990e-01,2.042253166437149048e-01,-1.001309975981712341e-01,2.044305577874183655e-02,-4.181968271732330322e-01,1.236711591482162476e-01,4.061854183673858643e-01,6.590778231620788574e-01,-7.987165451049804688e-02,6.040897592902183533e-02,-1.102959513664245605e-01,1.206425949931144714e-02,2.134378254413604736e-01,4.714621230959892273e-02,1.364851593971252441e+00,-9.252157062292098999e-02,1.220155227929353714e-02,5.311266705393791199e-02,1.531405806541442871e+00
-7.817356109619140625e+00,-1.925806641578674316e+00,6.618787050247192383e-01,1.449553016573190689e-02,6.839808076620101929e-03,-9.884960055351257324e-01,-1.503953635692596436e-01,-8.764440566301345825e-02,1.905302517116069794e-02,4.195221960544586182e-01,1.623148024082183838e-01,-8.720067888498306274e-02,2.323049679398536682e-02,-4.694838821887969971e-01,1.108209192752838135e-01,3.109458684921264648e-01,7.633648514747619629e-01,-1.121383905410766602e-01,5.422196537256240845e-02,-1.087959185242652893e-01,-3.751901909708976746e-02,2.583288848400115967e-01,4.635278135538101196e-02,1.359584093093872070e+00,-2.942269295454025269e-02,-8.703840430825948715e-04,2.070444636046886444e-02,1.532130241394042969e+00
-7.816656589508056641e+00,-1.929388761520385742e+00,6.632053852081298828e-01,1.492196600884199142e-02,7.378079928457736969e-03,-9.836875200271606445e-01,-1.791138797998428345e-01,-6.393699347972869873e-02,1.135072577744722366e-02,4.760681390762329102e-01,1.268457174301147461e-01,-7.746327668428421021e-02,2.421791665256023407e-02,-5.111153125762939453e-01,9.052044898271560669e-02,2.227878272533416748e-01,8.562536835670471191e-01,-1.429741233587265015e-01,4.551375657320022583e-02,-1.067643240094184875e-01,-8.247236907482147217e-02,3.006058931350708008e-01,4.910413548350334167e-02,1.347611904144287109e+00,2.939279004931449890e-02,-1.405448280274868011e-02,-1.424239762127399445e-02,1.535505652427673340e+00
-7.816693305969238281e+00,-1.932343840599060059e+00,6.640930175781250000e-01,1.501392479985952377e-02,7.207106333225965500e-03,-9.778396487236022949e-01,-2.086917459964752197e-01,-4.162112995982170105e-02,1.779162208549678326e-03,5.337372422218322754e-01,9.804924577474594116e-02,-7.260725647211074829e-02,2.336718142032623291e-02,-5.420665144920349121e-01,6.515660136938095093e-02,1.482011377811431885e-01,9.320625066757202148e-01,-1.688406169414520264e-01,3.812095522880554199e-02,-1.047571897506713867e-01,-1.174452081322669983e-01,3.393426537513732910e-01,5.723276734352111816e-02,1.329537272453308105e+00,8.378648757934570312e-02,-2.683507464826107025e-02,-4.871685057878494263e-02,1.538980245590209961e+00
-7.817569732666015625e+00,-1.934968948364257812e+00,6.646581888198852539e-01,1.452368590980768204e-02,6.539984606206417084e-03,-9.713255763053894043e-01,-2.372190505266189575e-01,-2.049076929688453674e-02,-9.952485561370849609e-03,5.891077518463134766e-01,7.472132146358489990e-02,-7.177577912807464600e-02,2.136763185262680054e-02,-5.616388320922851562e-01,3.669379651546478271e-02,8.586943149566650391e-02,9.895876646041870117e-01,-1.887321174144744873e-01,3.225949779152870178e-02,-1.024238467216491699e-01,-1.454088985919952393e-01,3.737939000129699707e-01,6.666618585586547852e-02,1.308812975883483887e+00,1.309376060962677002e-01,-3.838476538658142090e-02,-8.238420635461807251e-02,1.545575737953186035e+00
-7.819133758544921875e+00,-1.937106728553771973e+00,6.648369431495666504e-01,1.358437910676002502e-02,5.212498828768730164e-03,-9.640132784843444824e-01,-2.654555737972259521e-01,-6.550902617163956165e-04,-2.316724136471748352e-02,6.441364288330078125e-01,5.676974356174468994e-02,-7.502464950084686279e-02,1.792002655565738678e-02,-5.707511305809020996e-01,3.946145065128803253e-03,2.895303815603256226e-02,1.029461383819580078e+00,-2.057012319564819336e-01,2.629276551306247711e-02,-1.016776189208030701e-01,-1.619312763214111328e-01,4.030136168003082275e-01,8.555800467729568481e-02,1.288358807563781738e+00,1.716475188732147217e-01,-4.877018183469772339e-02,-1.194232702255249023e-01,1.552020907402038574e+00
-7.821074485778808594e+00,-1.938547015190124512e+00,6.646925806999206543e-01,1.262241043150424957e-02,3.637201152741909027e-03,-9.563407897949218750e-01,-2.919584214687347412e-01,1.729745231568813324e-02,-3.684291988611221313e-02,6.960705518722534180e-01,4.306232184171676636e-02,-8.121404051780700684e-02,1.325921434909105301e-02,-5.670411586761474609e-01,-3.398983553051948547e-02,-3.044138103723526001e-02,1.048371315002441406e+00,-2.230377048254013062e-01,1.731799915432929993e-02,-1.018334105610847473e-01,-1.718826591968536377e-01,4.254634976387023926e-01,1.067909970879554749e-01,1.270396113395690918e+00,2.064333260059356689e-01,-5.764478072524070740e-02,-1.574313044548034668e-01,1.558777928352355957e+00
-7.823346138000488281e+00,-1.939012646675109863e+00,6.644465923309326172e-01,1.141005195677280426e-02,1.840307726524770260e-03,-9.484164714813232422e-01,-3.168164491653442383e-01,3.456150367856025696e-02,-5.045017600059509277e-02,7.453437447547912598e-01,3.163209185004234314e-02,-8.899853378534317017e-02,6.860492285341024399e-03,-5.506582856178283691e-01,-7.596114277839660645e-02,-9.478092938661575317e-02,1.047510504722595215e+00,-2.441330403089523315e-01,6.724310573190450668e-03,-1.032256484031677246e-01,-1.753862500190734863e-01,4.408493340015411377e-01,1.272844374179840088e-01,1.256750822067260742e+00,2.353996634483337402e-01,-6.270284950733184814e-02,-1.943103373050689697e-01,1.563966155052185059e+00
-7.825397014617919922e+00,-1.938058972358703613e+00,6.640588641166687012e-01,1.004286389797925949e-02,2.006230351980775595e-04,-9.406197667121887207e-01,-3.393134176731109619e-01,5.073998123407363892e-02,-6.225862354040145874e-02,7.904183864593505859e-01,2.315249480307102203e-02,-9.774365276098251343e-02,-1.536757918074727058e-03,-5.186645984649658203e-01,-1.136078163981437683e-01,-1.609289050102233887e-01,1.016479849815368652e+00,-2.594124376773834229e-01,-1.756114215822890401e-04,-1.058812588453292847e-01,-1.745974272489547729e-01,4.484356045722961426e-01,1.430335789918899536e-01,1.248630046844482422e+00,2.571619153022766113e-01,-6.476297974586486816e-02,-2.247111797332763672e-01,1.568003535270690918e+00
-7.827282428741455078e+00,-1.935942769050598145e+00,6.635918021202087402e-01,8.717491291463375092e-03,-1.343937590718269348e-03,-9.329836964607238770e-01,-3.598104715347290039e-01,6.603500992059707642e-02,-7.154355943202972412e-02,8.322207331657409668e-01,1.773667894303798676e-02,-1.071064546704292297e-01,-1.176818832755088806e-02,-4.733768701553344727e-01,-1.447124034166336060e-01,-2.311299890279769897e-01,9.604752659797668457e-01,-2.755501568317413330e-01,2.741804113611578941e-03,-1.111703217029571533e-01,-1.654208600521087646e-01,4.490013718605041504e-01,1.601763665676116943e-01,1.244654178619384766e+00,2.712955772876739502e-01,-6.354412436485290527e-02,-2.473127841949462891e-01,1.570620656013488770e+00
-7.829024791717529297e+00,-1.932834863662719727e+00,6.631278395652770996e-01,7.483735214918851852e-03,-2.632486168295145035e-03,-9.255284070968627930e-01,-3.785951435565948486e-01,8.000652492046356201e-02,-7.859956473112106323e-02,8.709104061126708984e-01,1.495421584695577621e-02,-1.153271123766899109e-01,-2.321616373956203461e-02,-4.144420921802520752e-01,-1.662577986717224121e-01,-3.065646588802337646e-01,8.780005574226379395e-01,-2.918465435504913330e-01,8.852462284266948700e-03,-1.166311800479888916e-01,-1.526541560888290405e-01,4.429813027381896973e-01,1.754790246486663818e-01,1.245001077651977539e+00,2.779470086097717285e-01,-5.920380353927612305e-02,-2.625946104526519775e-01,1.570799946784973145e+00
-7.830630779266357422e+00,-1.928412437438964844e+00,6.625198721885681152e-01,6.164362188428640366e-03,-3.889670828357338905e-03,-9.176594018936157227e-01,-3.973009884357452393e-01,9.605123102664947510e-02,-8.503842353820800781e-02,9.102148413658142090e-01,1.102981716394424438e-02,-1.219509243965148926e-01,-3.750118985772132874e-02,-3.528622090816497803e-01,-1.728698462247848511e-01,-3.732258975505828857e-01,7.798236608505249023e-01,-3.018751740455627441e-01,1.259475294500589371e-02,-1.210579872131347656e-01,-1.321776062250137329e-01,4.312170743942260742e-01,1.953811347484588623e-01,1.248068094253540039e+00,2.760678231716156006e-01,-5.155193060636520386e-02,-2.705433070659637451e-01,1.570799946784973145e+00
-7.832497596740722656e+00,-1.922808647155761719e+00,6.618495583534240723e-01,4.829809535294771194e-03,-5.014405120164155960e-03,-9.093006253242492676e-01,-4.160816073417663574e-01,1.136693134903907776e-01,-9.132133424282073975e-02,9.503534436225891113e-01,6.283611524850130081e-03,-1.276190578937530518e-01,-5.403997376561164856e-02,-2.893774509429931641e-01,-1.638771444559097290e-01,-4.256567060947418213e-01,6.586548089981079102e-01,-2.915428876876831055e-01,1.429592538625001907e-02,-1.227083504199981689e-01,-1.061777323484420776e-01,4.141250252723693848e-01,2.142827659845352173e-01,1.251828432083129883e+00,2.669192850589752197e-01,-4.231738299131393433e-02,-2.709543704986572266e-01,1.570799946784973145e+00
-7.835144042968750000e+00,-1.916680693626403809e+00,6.610147356986999512e-01,3.394222119823098183e-03,-6.251296494156122208e-03,-9.007825851440429688e-01,-4.342121481895446777e-01,1.310116052627563477e-01,-9.684065729379653931e-02,9.897245168685913086e-01,4.313113633543252945e-03,-1.333518326282501221e-01,-7.175901532173156738e-02,-2.335764020681381226e-01,-1.460496634244918823e-01,-4.533889889717102051e-01,5.357358455657958984e-01,-2.563591599464416504e-01,1.624070852994918823e-02,-1.240052655339241028e-01,-7.622312009334564209e-02,3.958798944950103760e-01,2.340714335441589355e-01,1.254689931869506836e+00,2.510406672954559326e-01,-3.263572230935096741e-02,-2.651520073413848877e-01,1.570799946784973145e+00
-7.835996627807617188e+00,-1.909619212150573730e+00,6.594600677490234375e-01,1.509754103608429432e-03,-7.993790321052074432e-03,-8.909094333648681641e-01,-4.541081190109252930e-01,1.475713849067687988e-01,-1.007210239768028259e-01,1.032967209815979004e+00,1.076727267354726791e-02,-1.426894813776016235e-01,-9.167427569627761841e-02,-1.996722817420959473e-01,-1.279366314411163330e-01,-4.500086605548858643e-01,4.504551291465759277e-01,-2.242680937051773071e-01,1.489036995917558670e-02,-1.233816370368003845e-01,-4.142010957002639771e-02,3.741859197616577148e-01,2.502630054950714111e-01,1.260643124580383301e+00,2.247778326272964478e-01,-2.426214516162872314e-02,-2.513558864593505859e-01,1.570799946784973145e+00
-7.836082935333251953e+00,-1.902363777160644531e+00,6.573978066444396973e-01,-3.939762536901980639e-04,-1.014545746147632599e-02,-8.776646852493286133e-01,-4.791676402091979980e-01,1.608247905969619751e-01,-9.738355875015258789e-02,1.085302472114562988e+00,3.648531064391136169e-02,-1.550857126712799072e-01,-1.148256659507751465e-01,-1.855293661355972290e-01,-1.085214018821716309e-01,-4.168519973754882812e-01,3.966625034809112549e-01,-1.977504789829254150e-01,7.286891341209411621e-03,-1.194141060113906860e-01,6.290333811193704605e-03,3.460671007633209229e-01,2.784047126770019531e-01,1.268065094947814941e+00,1.813965290784835815e-01,-1.646031998097896576e-02,-2.240988016128540039e-01,1.570799946784973145e+00
-7.834518909454345703e+00,-1.895464658737182617e+00,6.556439399719238281e-01,-1.563968020491302013e-03,-1.173912640661001205e-02,-8.626621365547180176e-01,-5.056419968605041504e-01,1.662963181734085083e-01,-7.517429441213607788e-02,1.132919311523437500e+00,9.052114188671112061e-02,-1.498766392469406128e-01,-1.392349898815155029e-01,-1.776003539562225342e-01,-8.879443258047103882e-02,-3.726222515106201172e-01,3.529518246650695801e-01,-1.718807667493820190e-01,-1.397258020006120205e-03,-1.128588169813156128e-01,6.416729837656021118e-02,3.112290203571319580e-01,3.084495365619659424e-01,1.271706461906433105e+00,1.286816745996475220e-01,-6.042558699846267700e-03,-1.903300285339355469e-01,1.570799946784973145e+00
-7.834658622741699219e+00,-1.890354156494140625e+00,6.547374129295349121e-01,-2.426848746836185455e-03,-1.284191105514764786e-02,-8.457096815109252930e-01,-5.334832072257995605e-01,1.653240919113159180e-01,-3.828198835253715515e-02,1.164085984230041504e+00,1.654667258262634277e-01,-1.188788041472434998e-01,-1.602537482976913452e-01,-1.763980835676193237e-01,-7.226723432540893555e-02,-3.194274306297302246e-01,3.216578364372253418e-01,-1.481510400772094727e-01,-8.150472305715084076e-03,-1.019471660256385803e-01,1.163849607110023499e-01,2.726986706256866455e-01,3.250451683998107910e-01,1.277743339538574219e+00,7.101443409919738770e-02,5.162608344107866287e-03,-1.572704464197158813e-01,1.570799946784973145e+00
-7.833129405975341797e+00,-1.885085344314575195e+00,6.548966765403747559e-01,-3.617093432694673538e-03,-1.375155802816152573e-02,-8.294103145599365234e-01,-5.584589242935180664e-01,1.542356163263320923e-01,7.507178466767072678e-03,1.154757499694824219e+00,2.626149356365203857e-01,-9.435649216175079346e-02,-1.707256734371185303e-01,-1.733579039573669434e-01,-5.524466931819915771e-02,-2.692129313945770264e-01,2.939099967479705811e-01,-1.274419128894805908e-01,-1.711884886026382446e-02,-9.291758388280868530e-02,1.541668176651000977e-01,2.359916120767593384e-01,3.134427666664123535e-01,1.289739370346069336e+00,1.481300871819257736e-02,1.387318130582571030e-02,-1.231471076607704163e-01,1.570799946784973145e+00
-7.830154418945312500e+00,-1.878777146339416504e+00,6.558624505996704102e-01,-5.048590246587991714e-03,-1.531404443085193634e-02,-8.126255273818969727e-01,-5.825630426406860352e-01,1.281120777130126953e-01,5.629736185073852539e-02,1.117133617401123047e+00,3.896424770355224609e-01,-9.743073582649230957e-02,-1.711096912622451782e-01,-1.691257059574127197e-01,-3.878884017467498779e-02,-2.172308266162872314e-01,2.702249288558959961e-01,-1.109605133533477783e-01,-2.710318006575107574e-02,-8.166206628084182739e-02,1.829852014780044556e-01,2.002817690372467041e-01,2.910729944705963135e-01,1.303447842597961426e+00,-4.408498480916023254e-02,1.765121333301067352e-02,-7.738690078258514404e-02,1.570799946784973145e+00
-7.826505184173583984e+00,-1.872529625892639160e+00,6.570985913276672363e-01,-6.875258870422840118e-03,-1.749010942876338959e-02,-7.957820892333984375e-01,-6.052913665771484375e-01,8.810354769229888916e-02,1.036552563309669495e-01,1.067925572395324707e+00,5.344177484512329102e-01,-1.198323294520378113e-01,-1.653230041265487671e-01,-1.657796204090118408e-01,-2.440195716917514801e-02,-1.655858159065246582e-01,2.508084177970886230e-01,-9.649324417114257812e-02,-3.743328154087066650e-02,-6.750351935625076294e-02,2.067970037460327148e-01,1.630541086196899414e-01,2.664118409156799316e-01,1.318039655685424805e+00,-1.027840152382850647e-01,1.876395009458065033e-02,-2.522483468055725098e-02,1.570799946784973145e+00
-7.823260784149169922e+00,-1.866640567779541016e+00,6.583445668220520020e-01,-9.183964692056179047e-03,-1.974149793386459351e-02,-7.792387604713439941e-01,-6.263488531112670898e-01,3.384815901517868042e-02,1.492086499929428101e-01,1.006344079971313477e+00,6.870360970497131348e-01,-1.505389213562011719e-01,-1.544161885976791382e-01,-1.615128964185714722e-01,-1.348188426345586777e-02,-1.155319586396217346e-01,2.337354272603988647e-01,-8.271822333335876465e-02,-4.603334516286849976e-02,-5.427697673439979553e-02,2.301475405693054199e-01,1.263193488121032715e-01,2.439325749874114990e-01,1.329403877258300781e+00,-1.630137264728546143e-01,1.789226569235324860e-02,2.649229019880294800e-02,1.570799946784973145e+00
-7.821231842041015625e+00,-1.861183762550354004e+00,6.596720814704895020e-01,-1.123499684035778046e-02,-2.175841107964515686e-02,-7.640660405158996582e-01,-6.446731090545654297e-01,-3.176360577344894409e-02,1.867672353982925415e-01,9.349629878997802734e-01,8.289370536804199219e-01,-1.796287298202514648e-01,-1.392180323600769043e-01,-1.540960818529129028e-01,-6.157362367957830429e-03,-7.097367942333221436e-02,2.140895277261734009e-01,-6.865173578262329102e-02,-5.157542601227760315e-02,-4.265814274549484253e-02,2.517112493515014648e-01,9.255351126194000244e-02,2.187580168247222900e-01,1.337424039840698242e+00,-2.193552702665328979e-01,1.557597238570451736e-02,6.931928545236587524e-02,1.566627383232116699e+00
-7.820086479187011719e+00,-1.855948448181152344e+00,6.608623266220092773e-01,-1.319881994277238846e-02,-2.361280284821987152e-02,-7.490561008453369141e-01,-6.619541049003601074e-01,-1.026737689971923828e-01,2.104676514863967896e-01,8.578236103057861328e-01,9.482441544532775879e-01,-2.027510255575180054e-01,-1.206330806016921997e-01,-1.456899493932723999e-01,-1.817869138903915882e-03,-2.743126265704631805e-02,1.940438449382781982e-01,-5.489141866564750671e-02,-5.474342033267021179e-02,-3.126757219433784485e-02,2.710866332054138184e-01,6.245818734169006348e-02,1.998771578073501587e-01,1.343540787696838379e+00,-2.722996175289154053e-01,1.127446629106998444e-02,1.049527078866958618e-01,1.552377223968505859e+00
-7.819599628448486328e+00,-1.851217389106750488e+00,6.619336605072021484e-01,-1.518049556761980057e-02,-2.534260414540767670e-02,-7.344985604286193848e-01,-6.779669523239135742e-01,-1.717876493930816650e-01,2.185160517692565918e-01,7.825218439102172852e-01,1.038436770439147949e+00,-2.208533883094787598e-01,-9.978771954774856567e-02,-1.371595412492752075e-01,2.342176594538614154e-04,1.464872434735298157e-02,1.740707010030746460e-01,-4.213388636708259583e-02,-5.616735666990280151e-02,-1.975269243121147156e-02,2.899701595306396484e-01,3.677051514387130737e-02,1.900867521762847900e-01,1.348795890808105469e+00,-3.197649717330932617e-01,5.754231475293636322e-03,1.360872536897659302e-01,1.534834146499633789e+00
-7.819560050964355469e+00,-1.846827268600463867e+00,6.628741621971130371e-01,-1.713893935084342957e-02,-2.700307779014110565e-02,-7.196062803268432617e-01,-6.936453580856323242e-01,-2.347185164690017700e-01,2.115184366703033447e-01,7.125576138496398926e-01,1.098867535591125488e+00,-2.350435405969619751e-01,-7.693514972925186157e-02,-1.300917863845825195e-01,5.869119195267558098e-04,5.687139928340911865e-02,1.566758751869201660e-01,-3.067679516971111298e-02,-5.644140392541885376e-02,-8.974984288215637207e-03,3.079254627227783203e-01,1.468576770275831223e-02,1.917007416486740112e-01,1.353553414344787598e+00,-3.657017350196838379e-01,-2.693154674489051104e-04,1.679107248783111572e-01,1.515316843986511230e+00
-7.819507122039794922e+00,-1.842731714248657227e+00,6.636046767234802246e-01,-1.891723088920116425e-02,-2.827284112572669983e-02,-7.044611573219299316e-01,-7.089268565177917480e-01,-2.882316112518310547e-01,1.945038288831710815e-01,6.480293869972229004e-01,1.131033420562744141e+00,-2.440728992223739624e-01,-5.463162437081336975e-02,-1.247047856450080872e-01,9.123372728936374187e-04,9.897788614034652710e-02,1.431647539138793945e-01,-1.969086751341819763e-02,-5.641999095678329468e-02,1.249634893611073494e-03,3.238819241523742676e-01,-1.738964463584125042e-03,1.996676921844482422e-01,1.359187722206115723e+00,-4.065591394901275635e-01,-4.586840048432350159e-03,1.979738622903823853e-01,1.496560811996459961e+00
-7.819598197937011719e+00,-1.839012980461120605e+00,6.640548706054687500e-01,-2.061858400702476501e-02,-2.894051186740398407e-02,-6.874259114265441895e-01,-7.253847122192382812e-01,-3.313451707363128662e-01,1.719761341810226440e-01,5.885249972343444824e-01,1.137410640716552734e+00,-2.499935179948806763e-01,-3.583494201302528381e-02,-1.229372695088386536e-01,2.289784373715519905e-03,1.455519646406173706e-01,1.348947882652282715e-01,-9.941000491380691528e-03,-5.541585385799407959e-02,9.880195371806621552e-03,3.382988274097442627e-01,-1.465911604464054108e-02,2.135933637619018555e-01,1.363905787467956543e+00,-4.435334503650665283e-01,-5.732762627303600311e-03,2.252927273511886597e-01,1.478457450866699219e+00
-7.820033073425292969e+00,-1.835317373275756836e+00,6.643069982528686523e-01,-2.177211269736289978e-02,-2.902331762015819550e-02,-6.690553426742553711e-01,-7.423264980316162109e-01,-3.609413206577301025e-01,1.462636739015579224e-01,5.367640256881713867e-01,1.117157697677612305e+00,-2.541046142578125000e-01,-2.083351649343967438e-02,-1.232334524393081665e-01,4.800631199032068253e-03,1.942104995250701904e-01,1.316018849611282349e-01,-2.758171875029802322e-03,-5.362506583333015442e-02,1.887658983469009399e-02,3.490321636199951172e-01,-2.176359109580516815e-02,2.256740927696228027e-01,1.368283867835998535e+00,-4.724559187889099121e-01,-4.271192010492086411e-03,2.429599165916442871e-01,1.462413430213928223e+00
-7.820612430572509766e+00,-1.831304192543029785e+00,6.643425822257995605e-01,-2.247613854706287384e-02,-2.860727347433567047e-02,-6.495571136474609375e-01,-7.594419121742248535e-01,-3.768387436866760254e-01,1.206682398915290833e-01,4.878857135772705078e-01,1.069408655166625977e+00,-2.535182833671569824e-01,-1.181991025805473328e-02,-1.258740723133087158e-01,8.996319957077503204e-03,2.441473156213760376e-01,1.329221874475479126e-01,2.778177382424473763e-03,-5.116002634167671204e-02,2.543158084154129028e-02,3.557682931423187256e-01,-2.423986606299877167e-02,2.362386435270309448e-01,1.372931718826293945e+00,-4.927177727222442627e-01,-5.070124752819538116e-04,2.508328855037689209e-01,1.448753595352172852e+00
-7.821403503417968750e+00,-1.827385544776916504e+00,6.640661954879760742e-01,-2.275520004332065582e-02,-2.764616720378398895e-02,-6.289606094360351562e-01,-7.766121625900268555e-01,-3.776940703392028809e-01,9.313083440065383911e-02,4.427950382232666016e-01,9.967281222343444824e-01,-2.514630556106567383e-01,-6.025050301104784012e-03,-1.317640990018844604e-01,1.514351554214954376e-02,2.962254285812377930e-01,1.424810588359832764e-01,4.032575059682130814e-03,-4.761762544512748718e-02,3.198804333806037903e-02,3.573555648326873779e-01,-2.157345972955226898e-02,2.405092865228652954e-01,1.377490997314453125e+00,-5.047707557678222656e-01,4.501129966229200363e-03,2.541742026805877686e-01,1.438955187797546387e+00
-7.822534561157226562e+00,-1.823276162147521973e+00,6.634232997894287109e-01,-2.254606224596500397e-02,-2.629440650343894958e-02,-6.063359379768371582e-01,-7.944539189338684082e-01,-3.680323660373687744e-01,6.813878566026687622e-02,3.975124061107635498e-01,9.064379930496215820e-01,-2.517981827259063721e-01,-3.780278144404292107e-03,-1.406716555356979370e-01,2.390982210636138916e-02,3.516599535942077637e-01,1.591511219739913940e-01,9.528681403025984764e-04,-4.277999699115753174e-02,3.608420118689537048e-02,3.560877144336700439e-01,-1.592263020575046539e-02,2.456799596548080444e-01,1.381117820739746094e+00,-5.090577602386474609e-01,1.171779166907072067e-02,2.560913562774658203e-01,1.433213949203491211e+00
-7.824146747589111328e+00,-1.819607019424438477e+00,6.624122858047485352e-01,-2.194485068321228027e-02,-2.454311400651931763e-02,-5.822970867156982422e-01,-8.123091459274291992e-01,-3.475976586341857910e-01,3.900641575455665588e-02,3.435699045658111572e-01,8.007017374038696289e-01,-2.523694634437561035e-01,-1.935115782544016838e-03,-1.548093557357788086e-01,3.607975691556930542e-02,4.099233746528625488e-01,1.861150562763214111e-01,-5.815577227622270584e-03,-3.608424589037895203e-02,4.035702720284461975e-02,3.508219718933105469e-01,-5.514185409992933273e-03,2.461728304624557495e-01,1.382689118385314941e+00,-5.063681602478027344e-01,1.988643407821655273e-02,2.548741400241851807e-01,1.431582927703857422e+00
-7.825795173645019531e+00,-1.815940022468566895e+00,6.609752178192138672e-01,-2.081076800823211670e-02,-2.281048707664012909e-02,-5.558490157127380371e-01,-8.307096362113952637e-01,-3.252148628234863281e-01,1.239078491926193237e-02,2.789943516254425049e-01,6.943576335906982422e-01,-2.487172484397888184e-01,-1.641717855818569660e-03,-1.723079085350036621e-01,5.205918848514556885e-02,4.727773666381835938e-01,2.195300161838531494e-01,-1.565260626375675201e-02,-2.797258086502552032e-02,4.184799641370773315e-02,3.449016809463500977e-01,6.610419601202011108e-03,2.479355931282043457e-01,1.381111145019531250e+00,-4.962293207645416260e-01,2.880812808871269226e-02,2.506931126117706299e-01,1.435070157051086426e+00
-7.828303337097167969e+00,-1.812194585800170898e+00,6.589619517326354980e-01,-1.948557980358600616e-02,-2.103007212281227112e-02,-5.274044275283813477e-01,-8.491305112838745117e-01,-2.995010018348693848e-01,-7.915080524981021881e-03,2.202669084072113037e-01,5.978273749351501465e-01,-2.429958432912826538e-01,2.643501793500036001e-04,-1.926447898149490356e-01,7.205237448215484619e-02,5.381144881248474121e-01,2.618564665317535400e-01,-3.049814887344837189e-02,-1.807286217808723450e-02,4.124391824007034302e-02,3.370418548583984375e-01,2.051598578691482544e-02,2.488970309495925903e-01,1.376867890357971191e+00,-4.812754988670349121e-01,3.733625635504722595e-02,2.462369352579116821e-01,1.441084623336791992e+00
-7.830897331237792969e+00,-1.808445334434509277e+00,6.564598083496093750e-01,-1.771008409559726715e-02,-1.887204498052597046e-02,-4.979702830314636230e-01,-8.668078184127807617e-01,-2.681459784507751465e-01,-1.866269670426845551e-02,1.844945251941680908e-01,5.029631257057189941e-01,-2.126959413290023804e-01,5.059840157628059387e-03,-2.137523144483566284e-01,9.586914628744125366e-02,6.040779948234558105e-01,3.083595335483551025e-01,-4.769888892769813538e-02,-6.154623813927173615e-03,2.965872175991535187e-02,3.306075036525726318e-01,3.352374210953712463e-02,2.587939798831939697e-01,1.370378136634826660e+00,-4.609436094760894775e-01,4.535415396094322205e-02,2.474696785211563110e-01,1.447576165199279785e+00
-7.834767818450927734e+00,-1.804139375686645508e+00,6.542562246322631836e-01,-1.620047912001609802e-02,-1.708410121500492096e-02,-4.694033861160278320e-01,-8.826698660850524902e-01,-2.376135587692260742e-01,-2.215316519141197205e-02,1.828197538852691650e-01,4.277978837490081787e-01,-1.811773478984832764e-01,1.127757970243692398e-02,-2.347573786973953247e-01,1.192924454808235168e-01,6.677230596542358398e-01,3.577734827995300293e-01,-6.561046093702316284e-02,8.106566034257411957e-03,1.193732861429452896e-02,3.180402517318725586e-01,4.990256577730178833e-02,2.602306008338928223e-01,1.363060832023620605e+00,-4.366992115974426270e-01,4.988327249884605408e-02,2.494931519031524658e-01,1.453223943710327148e+00
-7.838705062866210938e+00,-1.799198269844055176e+00,6.531848907470703125e-01,-1.471449807286262512e-02,-1.558882184326648712e-02,-4.412228763103485107e-01,-8.971415162086486816e-01,-2.113063782453536987e-01,-2.201664447784423828e-02,2.090145796537399292e-01,3.760201334953308105e-01,-1.610320955514907837e-01,1.841738261282444000e-02,-2.547583281993865967e-01,1.449072062969207764e-01,7.306199669837951660e-01,4.065699577331542969e-01,-7.543624937534332275e-02,2.293463796377182007e-02,-1.146411150693893433e-02,3.001676499843597412e-01,6.804858148097991943e-02,2.582855522632598877e-01,1.359060287475585938e+00,-4.043346047401428223e-01,4.882637411355972290e-02,2.419532537460327148e-01,1.460595726966857910e+00
-7.842157363891601562e+00,-1.795433402061462402e+00,6.528897881507873535e-01,-1.300731115043163300e-02,-1.398797053843736649e-02,-4.161406159400939941e-01,-9.090996384620666504e-01,-1.904273331165313721e-01,-1.953029260039329529e-02,2.449651509523391724e-01,3.405596315860748291e-01,-1.489549726247787476e-01,2.439218759536743164e-02,-2.750039398670196533e-01,1.736992448568344116e-01,7.813434004783630371e-01,4.466290771961212158e-01,-5.373783037066459656e-02,3.494003042578697205e-02,-4.103914275765419006e-02,2.752897143363952637e-01,9.158659726381301880e-02,2.466079741716384888e-01,1.354882597923278809e+00,-3.654211759567260742e-01,4.457144439220428467e-02,2.221784591674804688e-01,1.468168377876281738e+00
-7.845623970031738281e+00,-1.793890833854675293e+00,6.532961130142211914e-01,-1.095124986022710800e-02,-1.305320672690868378e-02,-3.899517953395843506e-01,-9.206776022911071777e-01,-1.718169152736663818e-01,-1.461702678352594376e-02,2.897442281246185303e-01,3.105834722518920898e-01,-1.399835050106048584e-01,2.762276493012905121e-02,-2.991051077842712402e-01,2.041516304016113281e-01,8.188557028770446777e-01,4.814149737358093262e-01,-1.632066629827022552e-02,4.613546282052993774e-02,-6.700193136930465698e-02,2.472943365573883057e-01,1.203736215829849243e-01,2.329131513833999634e-01,1.348605513572692871e+00,-3.182151317596435547e-01,3.604403883218765259e-02,1.878139078617095947e-01,1.475434422492980957e+00
-7.849536895751953125e+00,-1.793001174926757812e+00,6.541722416877746582e-01,-8.896892890334129333e-03,-1.261791586875915527e-02,-3.620980679988861084e-01,-9.320121407508850098e-01,-1.516845822334289551e-01,-1.132445409893989563e-02,3.409147262573242188e-01,2.774002850055694580e-01,-1.298003345727920532e-01,3.010838292539119720e-02,-3.308655619621276855e-01,2.201596498489379883e-01,8.081736564636230469e-01,5.173799395561218262e-01,3.471207455731928349e-04,9.235341101884841919e-02,-8.312292397022247314e-02,2.145539224147796631e-01,1.558197289705276489e-01,2.155392020940780640e-01,1.343029141426086426e+00,-2.674260735511779785e-01,2.391650527715682983e-02,1.497767716646194458e-01,1.482331395149230957e+00
-7.853852748870849609e+00,-1.792990207672119141e+00,6.555108428001403809e-01,-6.511775311082601547e-03,-1.222028397023677826e-02,-3.326861858367919922e-01,-9.429359436035156250e-01,-1.307854950428009033e-01,-9.182567708194255829e-03,3.968696296215057373e-01,2.406555265188217163e-01,-1.171781942248344421e-01,3.221669793128967285e-02,-3.714624345302581787e-01,2.218352109193801880e-01,7.449944019317626953e-01,5.638632774353027344e-01,-8.291271515190601349e-03,1.485914736986160278e-01,-9.506697207689285278e-02,1.814983040094375610e-01,1.937694698572158813e-01,2.070546895265579224e-01,1.337660312652587891e+00,-2.156298458576202393e-01,9.655696339905261993e-03,1.227053478360176086e-01,1.492269873619079590e+00
-7.858239173889160156e+00,-1.793282389640808105e+00,6.573328971862792969e-01,-4.066059831529855728e-03,-1.181957405060529709e-02,-3.033328652381896973e-01,-9.528026580810546875e-01,-1.080822348594665527e-01,-9.202427230775356293e-03,4.543349444866180420e-01,1.995395123958587646e-01,-1.024745330214500427e-01,3.283208236098289490e-02,-4.269798099994659424e-01,2.141890823841094971e-01,6.324674487113952637e-01,6.442157626152038574e-01,-4.274154454469680786e-02,1.568776518106460571e-01,-1.024210005998611450e-01,1.486778259277343750e-01,2.346095591783523560e-01,2.060920894145965576e-01,1.331540822982788086e+00,-1.645538359880447388e-01,-3.130808006972074509e-03,1.022110804915428162e-01,1.503336429595947266e+00
-7.862387657165527344e+00,-1.793938517570495605e+00,6.591717004776000977e-01,-2.013385994359850883e-03,-1.169088389724493027e-02,-2.737137973308563232e-01,-9.617380499839782715e-01,-8.705706149339675903e-02,-1.122501399368047714e-02,5.121237635612487793e-01,1.596519052982330322e-01,-8.737055212259292603e-02,3.244113549590110779e-02,-4.868045449256896973e-01,1.991920918226242065e-01,5.083140134811401367e-01,7.432737350463867188e-01,-8.802377432584762573e-02,1.198773607611656189e-01,-1.074211597442626953e-01,1.198771744966506958e-01,2.751813828945159912e-01,2.110468745231628418e-01,1.323699831962585449e+00,-1.106081232428550720e-01,-1.570718549191951752e-02,7.237313687801361084e-02,1.515126824378967285e+00
-7.865994453430175781e+00,-1.794451117515563965e+00,6.607562303543090820e-01,-6.143140490166842937e-04,-1.155616249889135361e-02,-2.439999580383300781e-01,-9.697061777114868164e-01,-6.657670438289642334e-02,-1.539318542927503586e-02,5.706170201301574707e-01,1.234365999698638916e-01,-7.431906461715698242e-02,3.056070953607559204e-02,-5.384767055511474609e-01,1.702200323343276978e-01,3.780895769596099854e-01,8.370934724807739258e-01,-1.319721788167953491e-01,7.602258771657943726e-02,-1.080534309148788452e-01,9.152938425540924072e-02,3.146064579486846924e-01,2.116860002279281616e-01,1.312992215156555176e+00,-5.989029631018638611e-02,-2.825530245900154114e-02,3.820746019482612610e-02,1.525792837142944336e+00
-7.868764877319335938e+00,-1.794615983963012695e+00,6.618630290031433105e-01,-3.251055895816534758e-04,-1.160258240997791290e-02,-2.137472331523895264e-01,-9.768200516700744629e-01,-4.633551836013793945e-02,-2.221172861754894257e-02,6.299521923065185547e-01,9.065090119838714600e-02,-6.435821205377578735e-02,2.697809599339962006e-02,-5.757629275321960449e-01,1.337372809648513794e-01,2.655737698078155518e-01,9.145138263702392578e-01,-1.693999916315078735e-01,4.338723793625831604e-02,-1.077060922980308533e-01,6.774639338254928589e-02,3.495981991291046143e-01,2.187035232782363892e-01,1.300617933273315430e+00,-9.229601360857486725e-03,-4.162961989641189575e-02,4.569904413074254990e-03,1.533631682395935059e+00
-7.870221138000488281e+00,-1.794206380844116211e+00,6.626352071762084961e-01,-7.246066816151142120e-04,-1.133805513381958008e-02,-1.850362271070480347e-01,-9.826660156250000000e-01,-2.717263065278530121e-02,-3.119263239204883575e-02,6.852558851242065430e-01,6.448958069086074829e-02,-5.927182361483573914e-02,2.239133417606353760e-02,-5.990548133850097656e-01,9.095085412263870239e-02,1.700900048017501831e-01,9.748180508613586426e-01,-2.006388008594512939e-01,2.313642576336860657e-02,-1.065455228090286255e-01,4.566058516502380371e-02,3.807676434516906738e-01,2.284305244684219360e-01,1.287845134735107422e+00,3.820007294416427612e-02,-5.412807688117027283e-02,-2.559889666736125946e-02,1.537702798843383789e+00
-7.870874881744384766e+00,-1.793382763862609863e+00,6.629992723464965820e-01,-1.787778222933411598e-03,-1.110860612243413925e-02,-1.584338694810867310e-01,-9.873054623603820801e-01,-1.010741665959358215e-02,-4.112148284912109375e-02,7.358815670013427734e-01,4.617585241794586182e-02,-5.946183577179908752e-02,1.704483479261398315e-02,-6.085436940193176270e-01,4.626392200589179993e-02,9.421185404062271118e-02,1.015544772148132324e+00,-2.246107012033462524e-01,1.281980797648429871e-02,-1.080287471413612366e-01,2.752272225916385651e-02,4.066656827926635742e-01,2.398181408643722534e-01,1.275604367256164551e+00,8.459133654832839966e-02,-6.377886235713958740e-02,-5.733167007565498352e-02,1.538577437400817871e+00
-7.870704650878906250e+00,-1.792377829551696777e+00,6.631268262863159180e-01,-3.223170991986989975e-03,-1.063800137490034103e-02,-1.345003992319107056e-01,-9.908512234687805176e-01,4.973472096025943756e-03,-5.060517415404319763e-02,7.811907529830932617e-01,3.429719433188438416e-02,-6.395734846591949463e-02,1.088526565581560135e-02,-6.025673747062683105e-01,-4.784727934747934341e-03,2.119934931397438049e-02,1.033010840415954590e+00,-2.440660148859024048e-01,8.983262814581394196e-03,-1.106064394116401672e-01,1.050953194499015808e-02,4.265321195125579834e-01,2.472818046808242798e-01,1.263705968856811523e+00,1.293910741806030273e-01,-7.038932293653488159e-02,-9.094541519880294800e-02,1.536904454231262207e+00
-7.869981765747070312e+00,-1.791589975357055664e+00,6.629371643066406250e-01,-5.194217897951602936e-03,-1.005894411355257034e-02,-1.123268678784370422e-01,-9.936068058013916016e-01,1.845565810799598694e-02,-6.021404266357421875e-02,8.235211968421936035e-01,2.620305120944976807e-02,-7.010770589113235474e-02,4.211237188428640366e-03,-5.818740129470825195e-01,-5.761294066905975342e-02,-5.190441757440567017e-02,1.028060078620910645e+00,-2.625334262847900391e-01,8.189162239432334900e-03,-1.142495423555374146e-01,-3.742272499948740005e-03,4.389100074768066406e-01,2.521495819091796875e-01,1.252825856208801270e+00,1.719348430633544922e-01,-7.320323586463928223e-02,-1.271572113037109375e-01,1.534779667854309082e+00
-7.868120670318603516e+00,-1.791090726852416992e+00,6.626295447349548340e-01,-7.275000214576721191e-03,-9.346763603389263153e-03,-9.211374074220657349e-02,-9.956780672073364258e-01,3.262642771005630493e-02,-6.914406269788742065e-02,8.621959090232849121e-01,2.040170319378376007e-02,-7.773157209157943726e-02,-4.100368823856115341e-03,-5.435761213302612305e-01,-1.140074580907821655e-01,-1.402617841958999634e-01,9.998297095298767090e-01,-2.848624587059020996e-01,2.652646508067846298e-03,-1.186064183712005615e-01,-1.854446902871131897e-02,4.432620108127593994e-01,2.501028776168823242e-01,1.244444251060485840e+00,2.088794857263565063e-01,-7.287722826004028320e-02,-1.621979773044586182e-01,1.534258604049682617e+00
-7.865313529968261719e+00,-1.791062831878662109e+00,6.622869968414306641e-01,-9.653523564338684082e-03,-8.354580029845237732e-03,-7.327482104301452637e-02,-9.972300529479980469e-01,4.723372682929039001e-02,-7.756679505109786987e-02,8.982639312744140625e-01,1.598821394145488739e-02,-8.482344448566436768e-02,-1.412104070186614990e-02,-4.892040491104125977e-01,-1.634984910488128662e-01,-2.359228581190109253e-01,9.503774642944335938e-01,-3.083663880825042725e-01,-2.216650173068046570e-03,-1.256210505962371826e-01,-2.670355513691902161e-02,4.400302767753601074e-01,2.513827979564666748e-01,1.238147139549255371e+00,2.379627972841262817e-01,-6.913841515779495239e-02,-1.961635500192642212e-01,1.537925004959106445e+00
-7.860930442810058594e+00,-1.791576504707336426e+00,6.619333624839782715e-01,-1.165396068245172501e-02,-7.231903728097677231e-03,-5.564670264720916748e-02,-9.983563423156738281e-01,6.358557194471359253e-02,-8.411773294210433960e-02,9.324111938476562500e-01,1.286289654672145844e-02,-9.215010702610015869e-02,-2.665493637323379517e-02,-4.173472225666046143e-01,-1.991601586341857910e-01,-3.405281603336334229e-01,8.710307478904724121e-01,-3.247228562831878662e-01,8.761593926465138793e-05,-1.342301517724990845e-01,-2.751293778419494629e-02,4.298132658004760742e-01,2.570102214813232422e-01,1.231955170631408691e+00,2.585032582283020020e-01,-6.260707229375839233e-02,-2.281426936388015747e-01,1.545019626617431641e+00
-7.855823516845703125e+00,-1.792839765548706055e+00,6.614543199539184570e-01,-1.343336328864097595e-02,-6.171377375721931458e-03,-3.904790431261062622e-02,-9.991279840469360352e-01,7.921864837408065796e-02,-8.820068091154098511e-02,9.650365114212036133e-01,1.271648332476615906e-02,-9.914088249206542969e-02,-4.050522670149803162e-02,-3.385119438171386719e-01,-2.151033580303192139e-01,-4.424760937690734863e-01,7.702584862709045410e-01,-3.259927630424499512e-01,6.716519128531217575e-03,-1.456354856491088867e-01,-1.991933397948741913e-02,4.134461879730224609e-01,2.667020559310913086e-01,1.226812958717346191e+00,2.692159414291381836e-01,-5.356651917099952698e-02,-2.564514875411987305e-01,1.554647684097290039e+00
-7.850089073181152344e+00,-1.795146822929382324e+00,6.608327627182006836e-01,-1.473599765449762344e-02,-4.964046645909547806e-03,-2.234277501702308655e-02,-9.996294379234313965e-01,9.425579011440277100e-02,-8.710582554340362549e-02,9.983522295951843262e-01,1.984940096735954285e-02,-1.083792820572853088e-01,-5.668576434254646301e-02,-2.626982629299163818e-01,-2.089426517486572266e-01,-5.262067317962646484e-01,6.499830484390258789e-01,-3.002170324325561523e-01,1.282525993883609772e-02,-1.598259508609771729e-01,-3.424720605835318565e-03,3.928886353969573975e-01,2.782233655452728271e-01,1.222785234451293945e+00,2.700491845607757568e-01,-4.334685206413269043e-02,-2.739907801151275635e-01,1.562573909759521484e+00
-7.844743251800537109e+00,-1.798030853271484375e+00,6.597471833229064941e-01,-1.605943590402603149e-02,-3.829819848760962486e-03,-3.253246657550334930e-03,-9.998584389686584473e-01,1.072955951094627380e-01,-8.211620151996612549e-02,1.036474347114562988e+00,3.705825656652450562e-02,-1.211601644754409790e-01,-7.421439886093139648e-02,-2.015366554260253906e-01,-1.861248910427093506e-01,-5.723230242729187012e-01,5.323283076286315918e-01,-2.629419863224029541e-01,1.543980278074741364e-02,-1.738000363111495972e-01,2.137795649468898773e-02,3.694202899932861328e-01,2.917623221874237061e-01,1.219601273536682129e+00,2.600306570529937744e-01,-3.439496830105781555e-02,-2.808081507682800293e-01,1.567278027534484863e+00
-7.842094421386718750e+00,-1.803204774856567383e+00,6.584151387214660645e-01,-1.793218217790126801e-02,-2.589052310213446617e-03,2.328087761998176575e-02,-9.995647668838500977e-01,1.232681497931480408e-01,-7.362197339534759521e-02,1.089398264884948730e+00,6.798547506332397461e-02,-1.411077231168746948e-01,-9.791067242622375488e-02,-1.299804002046585083e-01,-1.463420540094375610e-01,-6.086907982826232910e-01,3.773326873779296875e-01,-2.085320949554443359e-01,1.678896322846412659e-02,-1.912411600351333618e-01,5.645751953125000000e-02,3.336317837238311768e-01,3.054445087909698486e-01,1.214814186096191406e+00,2.405490130186080933e-01,-2.280542068183422089e-02,-2.831958234310150146e-01,1.570619344711303711e+00
-7.838927745819091797e+00,-1.806353092193603516e+00,6.571204066276550293e-01,-1.820597611367702484e-02,-3.071428742259740829e-03,4.674440622329711914e-02,-9.987362623214721680e-01,1.187866777181625366e-01,-4.127712547779083252e-02,1.126523971557617188e+00,1.275264769792556763e-01,-1.328568309545516968e-01,-1.143452376127243042e-01,-1.297605037689208984e-01,-1.265936195850372314e-01,-5.718851089477539062e-01,3.400505185127258301e-01,-1.825089156627655029e-01,8.255325257778167725e-03,-1.741408109664916992e-01,7.820582389831542969e-02,3.127011656761169434e-01,2.982031106948852539e-01,1.212317705154418945e+00,2.191313356161117554e-01,-1.734048128128051758e-02,-2.877376079559326172e-01,1.570799946784973145e+00
-7.836944103240966797e+00,-1.809208035469055176e+00,6.559374332427978516e-01,-1.820503734052181244e-02,-4.037780221551656723e-03,8.154511451721191406e-02,-9.964951872825622559e-01,1.136764585971832275e-01,1.523462706245481968e-03,1.168348550796508789e+00,2.056540846824645996e-01,-1.050926670432090759e-01,-1.338758170604705811e-01,-1.443416029214859009e-01,-1.096758469939231873e-01,-5.096122622489929199e-01,3.226307332515716553e-01,-1.622829884290695190e-01,-1.626237411983311176e-03,-1.434933841228485107e-01,1.101537570357322693e-01,2.833152115345001221e-01,2.945367395877838135e-01,1.208928346633911133e+00,1.896043270826339722e-01,-1.474685221910476685e-02,-2.785752713680267334e-01,1.569235086441040039e+00
-7.833364009857177734e+00,-1.812027931213378906e+00,6.552947163581848145e-01,-1.856207102537155151e-02,-4.478754010051488876e-03,1.182377710938453674e-01,-9.928017258644104004e-01,1.066614910960197449e-01,4.445490986108779907e-02,1.186777591705322266e+00,2.874677479267120361e-01,-7.164312154054641724e-02,-1.483022272586822510e-01,-1.581624001264572144e-01,-9.388042986392974854e-02,-4.433258175849914551e-01,3.124185800552368164e-01,-1.487647593021392822e-01,-1.074310392141342163e-02,-1.149328202009201050e-01,1.393984258174896240e-01,2.513895332813262939e-01,2.908106446266174316e-01,1.210865497589111328e+00,1.525789350271224976e-01,-1.713659055531024933e-02,-2.545268237590789795e-01,1.563739418983459473e+00
-7.830490112304687500e+00,-1.818011760711669922e+00,6.554844975471496582e-01,-1.992655918002128601e-02,-4.318413790315389633e-03,1.686519980430603027e-01,-9.854647517204284668e-01,8.956442028284072876e-02,1.072834208607673645e-01,1.182785272598266602e+00,4.295885264873504639e-01,-5.123255774378776550e-02,-1.660021841526031494e-01,-1.714501827955245972e-01,-6.989491730928421021e-02,-3.512638211250305176e-01,2.958459854125976562e-01,-1.308906972408294678e-01,-2.430677413940429688e-02,-8.039187639951705933e-02,1.728274077177047729e-01,2.052633762359619141e-01,2.771062552928924561e-01,1.224615931510925293e+00,9.064675122499465942e-02,-2.242000214755535126e-02,-2.116693854331970215e-01,1.556491971015930176e+00
-7.827318191528320312e+00,-1.823673605918884277e+00,6.569157838821411133e-01,-2.232668921351432800e-02,-3.133337711915373802e-03,1.965232789516448975e-01,-9.802399277687072754e-01,5.709250643849372864e-02,1.484577804803848267e-01,1.135151505470275879e+00,5.597574710845947266e-01,-8.393525332212448120e-02,-1.610359251499176025e-01,-1.675044149160385132e-01,-5.500220507383346558e-02,-2.989037930965423584e-01,2.735716998577117920e-01,-1.167283877730369568e-01,-3.335998207330703735e-02,-6.993164867162704468e-02,1.872326880693435669e-01,1.748684495687484741e-01,2.585038542747497559e-01,1.247911214828491211e+00,3.676902875304222107e-02,-3.292952477931976318e-02,-1.815004795789718628e-01,1.552203059196472168e+00
-7.822417259216308594e+00,-1.828859567642211914e+00,6.585902571678161621e-01,-2.529608085751533508e-02,-1.658125082030892372e-03,2.255740016698837280e-01,-9.738961458206176758e-01,2.361224265769124031e-03,1.939535886049270630e-01,1.058439016342163086e+00,7.151327729225158691e-01,-1.251235157251358032e-01,-1.491353809833526611e-01,-1.596723943948745728e-01,-4.288883879780769348e-02,-2.429873794317245483e-01,2.451758980751037598e-01,-9.796579182147979736e-02,-4.078753292560577393e-02,-6.089533120393753052e-02,2.063529789447784424e-01,1.389453709125518799e-01,2.483365088701248169e-01,1.273269414901733398e+00,-2.180922962725162506e-02,-4.396911337971687317e-02,-1.533669680356979370e-01,1.544375777244567871e+00
-7.819034099578857422e+00,-1.833905220031738281e+00,6.603712439537048340e-01,-2.827415987849235535e-02,-1.264310230908449739e-05,2.547251880168914795e-01,-9.666000604629516602e-01,-6.361656635999679565e-02,2.284616529941558838e-01,9.732635021209716797e-01,8.604733943939208984e-01,-1.630418300628662109e-01,-1.347302347421646118e-01,-1.495049744844436646e-01,-3.322012349963188171e-02,-1.863980442285537720e-01,2.141499072313308716e-01,-7.696747034788131714e-02,-4.620469361543655396e-02,-5.280155315995216370e-02,2.267585396766662598e-01,1.038675308227539062e-01,2.355814278125762939e-01,1.294896006584167480e+00,-8.422187715768814087e-02,-5.465520545840263367e-02,-1.257562488317489624e-01,1.534487485885620117e+00
-7.815546512603759766e+00,-1.837984204292297363e+00,6.619156599044799805e-01,-3.110377490520477295e-02,1.722642802633345127e-03,2.827837467193603516e-01,-9.586777091026306152e-01,-1.319728791713714600e-01,2.448126673698425293e-01,8.898689150810241699e-01,9.792464971542358398e-01,-1.944458633661270142e-01,-1.165850684046745300e-01,-1.400810182094573975e-01,-2.721198089420795441e-02,-1.309804916381835938e-01,1.860341578722000122e-01,-5.624897405505180359e-02,-4.982595890760421753e-02,-4.423655569553375244e-02,2.450989484786987305e-01,7.282402366399765015e-02,2.208458632230758667e-01,1.312712669372558594e+00,-1.441203504800796509e-01,-6.367776542901992798e-02,-9.516100585460662842e-02,1.523292064666748047e+00
-7.812295913696289062e+00,-1.841320276260375977e+00,6.632620692253112793e-01,-3.387779742479324341e-02,3.498960752040147781e-03,3.111616671085357666e-01,-9.497465491294860840e-01,-1.929692924022674561e-01,2.468142956495285034e-01,8.210852146148681641e-01,1.067204236984252930e+00,-2.187355607748031616e-01,-9.836046397686004639e-02,-1.341488659381866455e-01,-2.393529191613197327e-02,-7.401737570762634277e-02,1.635604053735733032e-01,-3.677655011415481567e-02,-5.157298594713211060e-02,-3.379419445991516113e-02,2.617774605751037598e-01,4.458669573068618774e-02,2.073591649532318115e-01,1.326610207557678223e+00,-2.018458992242813110e-01,-7.126570492982864380e-02,-6.313096731901168823e-02,1.507704138755798340e+00
-7.812437534332275391e+00,-1.846306800842285156e+00,6.652892827987670898e-01,-3.762857615947723389e-02,5.823773797601461411e-03,3.486482799053192139e-01,-9.364798665046691895e-01,-2.710861861705780029e-01,2.387530952692031860e-01,7.386783361434936523e-01,1.164358973503112793e+00,-2.432541251182556152e-01,-7.535220682621002197e-02,-1.280186623334884644e-01,-2.174902707338333130e-02,2.019586274400353432e-03,1.370088458061218262e-01,-1.261511910706758499e-02,-5.290474742650985718e-02,-1.885000430047512054e-02,2.819454669952392578e-01,8.310553617775440216e-03,1.907499581575393677e-01,1.343965053558349609e+00,-2.759945094585418701e-01,-7.691204547882080078e-02,-1.977834105491638184e-02,1.484674096107482910e+00
-7.808740615844726562e+00,-1.847304105758666992e+00,6.656451821327209473e-01,-3.894865140318870544e-02,6.685442291200160980e-03,3.640966117382049561e-01,-9.305224418640136719e-01,-3.000919520854949951e-01,2.275224030017852783e-01,7.048764228820800781e-01,1.181958675384521484e+00,-2.519537210464477539e-01,-6.322868168354034424e-02,-1.272558569908142090e-01,-2.148795872926712036e-02,3.382182121276855469e-02,1.297847032546997070e-01,-4.337578546255826950e-03,-5.257795378565788269e-02,-1.348513457924127579e-02,2.905927002429962158e-01,-3.833726746961474419e-03,1.924694180488586426e-01,1.348968148231506348e+00,-3.033496737480163574e-01,-7.810337841510772705e-02,-4.420268349349498749e-03,1.474813818931579590e+00
-7.803207397460937500e+00,-1.848322272300720215e+00,6.659958362579345703e-01,-4.053658246994018555e-02,7.961270399391651154e-03,3.865720629692077637e-01,-9.213334918022155762e-01,-3.364838361740112305e-01,2.046145051717758179e-01,6.523887515068054199e-01,1.179847002029418945e+00,-2.590593397617340088e-01,-4.700548946857452393e-02,-1.291057914495468140e-01,-2.145791612565517426e-02,8.086175471544265747e-02,1.253351271152496338e-01,4.494908265769481659e-03,-5.057589337229728699e-02,-8.355647325515747070e-03,3.016078472137451172e-01,-1.708917506039142609e-02,2.001443207263946533e-01,1.356003642082214355e+00,-3.406848907470703125e-01,-7.790382206439971924e-02,2.008475176990032196e-02,1.460745930671691895e+00
-7.798194885253906250e+00,-1.849369645118713379e+00,6.662039160728454590e-01,-4.162693396210670471e-02,9.188378229737281799e-03,4.110221564769744873e-01,-9.106281399726867676e-01,-3.690863549709320068e-01,1.737471967935562134e-01,5.917003750801086426e-01,1.154188036918640137e+00,-2.634500563144683838e-01,-3.149826824665069580e-02,-1.324182599782943726e-01,-2.084112726151943207e-02,1.330031752586364746e-01,1.234343945980072021e-01,1.164786517620086670e-02,-4.722577705979347229e-02,-4.497028887271881104e-03,3.094586431980133057e-01,-2.740183658897876740e-02,2.054809480905532837e-01,1.363349556922912598e+00,-3.762769401073455811e-01,-7.551668584346771240e-02,4.645355045795440674e-02,1.444605350494384766e+00
-7.794348716735839844e+00,-1.850680351257324219e+00,6.661965250968933105e-01,-4.181769862771034241e-02,1.024365890771150589e-02,4.358903467655181885e-01,-8.989694118499755859e-01,-3.907188475131988525e-01,1.338307112455368042e-01,5.242959260940551758e-01,1.097469925880432129e+00,-2.661651968955993652e-01,-1.852271519601345062e-02,-1.363423019647598267e-01,-1.876313611865043640e-02,1.866056770086288452e-01,1.240312755107879639e-01,1.688281260430812836e-02,-4.267680272459983826e-02,-9.856243850663304329e-04,3.133259117603302002e-01,-3.273355215787887573e-02,2.075440287590026855e-01,1.368915319442749023e+00,-4.035353362560272217e-01,-7.142365723848342896e-02,6.667832285165786743e-02,1.429426550865173340e+00
-7.790886878967285156e+00,-1.852089881896972656e+00,6.659383177757263184e-01,-4.093344137072563171e-02,1.076774951070547104e-02,4.603896737098693848e-01,-8.867073059082031250e-01,-3.960108757019042969e-01,9.893498569726943970e-02,4.671480655670166016e-01,1.021586775779724121e+00,-2.644684016704559326e-01,-8.943292312324047089e-03,-1.421605944633483887e-01,-1.405293121933937073e-02,2.400159835815429688e-01,1.293337792158126831e-01,1.857765205204486847e-02,-3.790535777807235718e-02,2.040023449808359146e-03,3.138708472251892090e-01,-3.252359479665756226e-02,2.098162919282913208e-01,1.371942639350891113e+00,-4.206486046314239502e-01,-6.491447985172271729e-02,7.983584702014923096e-02,1.417388200759887695e+00
-7.787029743194580078e+00,-1.853172183036804199e+00,6.652846932411193848e-01,-3.895538672804832458e-02,1.090006809681653976e-02,4.845598042011260986e-01,-8.738223314285278320e-01,-3.881358206272125244e-01,6.870587915182113647e-02,4.119296967983245850e-01,9.271337985992431641e-01,-2.621949911117553711e-01,-4.914653021842241287e-03,-1.490377336740493774e-01,-7.037205621600151062e-03,2.936364412307739258e-01,1.383994221687316895e-01,1.786192320287227631e-02,-3.157216310501098633e-02,3.663738723844289780e-03,3.124270737171173096e-01,-2.820573374629020691e-02,2.141596376895904541e-01,1.372904896736145020e+00,-4.289222955703735352e-01,-5.579188093543052673e-02,8.899646997451782227e-02,1.410427927970886230e+00
-7.782841205596923828e+00,-1.854481697082519531e+00,6.644511222839355469e-01,-3.609225153923034668e-02,1.045362651348114014e-02,5.098831057548522949e-01,-8.594226837158203125e-01,-3.705381155014038086e-01,4.434593021869659424e-02,3.574722409248352051e-01,8.250144124031066895e-01,-2.623150050640106201e-01,-4.499062430113554001e-03,-1.565081179141998291e-01,3.333891741931438446e-03,3.503706455230712891e-01,1.487423032522201538e-01,1.672878861427307129e-02,-2.471330575644969940e-02,6.156741641461849213e-03,3.074348866939544678e-01,-1.926725357770919800e-02,2.172454148530960083e-01,1.371944308280944824e+00,-4.291977882385253906e-01,-4.460354521870613098e-02,9.323080629110336304e-02,1.411146163940429688e+00
-7.778282642364501953e+00,-1.856000065803527832e+00,6.633472442626953125e-01,-3.260993957519531250e-02,9.587788023054599762e-03,5.347943902015686035e-01,-8.442983031272888184e-01,-3.443453013896942139e-01,2.022933214902877808e-02,2.890853583812713623e-01,7.136301398277282715e-01,-2.552020549774169922e-01,-6.355172954499721527e-03,-1.639541983604431152e-01,1.560347154736518860e-02,4.064172208309173584e-01,1.610050797462463379e-01,1.369741745293140411e-02,-1.720738597214221954e-02,7.110780570656061172e-03,3.006108403205871582e-01,-7.272843271493911743e-03,2.217544019222259521e-01,1.369515180587768555e+00,-4.223809242248535156e-01,-3.269342333078384399e-02,9.290611743927001953e-02,1.417750477790832520e+00
-7.773215770721435547e+00,-1.857618212699890137e+00,6.619706749916076660e-01,-2.868714556097984314e-02,8.176271803677082062e-03,5.594992637634277344e-01,-8.282939195632934570e-01,-3.110820353031158447e-01,-6.521000759676098824e-04,2.172490209341049194e-01,6.003495454788208008e-01,-2.310434579849243164e-01,-6.519022863358259201e-03,-1.720945686101913452e-01,2.942993119359016418e-02,4.627531766891479492e-01,1.759824007749557495e-01,8.660229854285717010e-03,-8.927504532039165497e-03,4.778336733579635620e-03,2.884925007820129395e-01,7.898550480604171753e-03,2.254194319248199463e-01,1.368963837623596191e+00,-4.095277190208435059e-01,-2.175720967352390289e-02,8.929321914911270142e-02,1.431455254554748535e+00
-7.767577648162841797e+00,-1.859302759170532227e+00,6.601161956787109375e-01,-2.406780235469341278e-02,6.059438921511173248e-03,5.828980803489685059e-01,-8.121661543846130371e-01,-2.712398767471313477e-01,-1.234453264623880386e-02,1.665520071983337402e-01,4.973421096801757812e-01,-1.997862756252288818e-01,-2.048524096608161926e-03,-1.817111521959304810e-01,4.589096829295158386e-02,5.161413550376892090e-01,1.982946246862411499e-01,-2.274240599945187569e-03,4.388020024634897709e-04,-1.538142212666571140e-03,2.727525234222412109e-01,2.511347457766532898e-02,2.270362228155136108e-01,1.369064688682556152e+00,-3.913453519344329834e-01,-1.226220093667507172e-02,8.471584320068359375e-02,1.449753403663635254e+00
-7.761268138885498047e+00,-1.860413789749145508e+00,6.576946377754211426e-01,-1.887493580579757690e-02,3.147811861708760262e-03,6.054007411003112793e-01,-7.956907749176025391e-01,-2.389197796583175659e-01,-1.216231659054756165e-02,1.529928743839263916e-01,4.330426156520843506e-01,-1.850414425134658813e-01,5.516386590898036957e-03,-1.975805610418319702e-01,6.711376458406448364e-02,5.684608221054077148e-01,2.355133593082427979e-01,-2.233935147523880005e-02,1.205303985625505447e-02,-1.399820111691951752e-02,2.507433593273162842e-01,4.578418657183647156e-02,2.248525917530059814e-01,1.368995428085327148e+00,-3.677968382835388184e-01,-2.560589928179979324e-03,7.832685858011245728e-02,1.470897436141967773e+00
-7.755198478698730469e+00,-1.859375953674316406e+00,6.554764509201049805e-01,-1.552868820726871490e-02,1.246574451215565205e-03,6.257943511009216309e-01,-7.798325419425964355e-01,-2.145168483257293701e-01,-8.808195590972900391e-03,1.678795665502548218e-01,3.922776579856872559e-01,-1.760987341403961182e-01,1.207149866968393326e-02,-2.213413417339324951e-01,8.797691762447357178e-02,6.197960376739501953e-01,2.831231653690338135e-01,-4.014281556010246277e-02,2.628019265830516815e-02,-3.266927599906921387e-02,2.260621935129165649e-01,6.428582221269607544e-02,2.202858626842498779e-01,1.367435336112976074e+00,-3.373358547687530518e-01,1.594539266079664230e-03,6.417898088693618774e-02,1.490462064743041992e+00
-7.750493526458740234e+00,-1.857596635818481445e+00,6.540519595146179199e-01,-1.370111946016550064e-02,1.409418327966704965e-04,6.444587111473083496e-01,-7.645163536071777344e-01,-1.945668309926986694e-01,-5.285602528601884842e-03,1.979409307241439819e-01,3.629807233810424805e-01,-1.703227311372756958e-01,1.681863889098167419e-02,-2.437603920698165894e-01,1.072330176830291748e-01,6.688110232353210449e-01,3.191762864589691162e-01,-4.089368879795074463e-02,4.002113640308380127e-02,-5.260511115193367004e-02,1.955700814723968506e-01,8.734396100044250488e-02,2.028281837701797485e-01,1.360597491264343262e+00,-2.974680960178375244e-01,9.952604887075722218e-05,3.463300317525863647e-02,1.509458899497985840e+00
-7.747926235198974609e+00,-1.855262398719787598e+00,6.538230776786804199e-01,-1.246119011193513870e-02,-1.322310999967157841e-03,6.627519726753234863e-01,-7.487341165542602539e-01,-1.768845766782760620e-01,3.958052911912091076e-05,2.358557432889938354e-01,3.354703783988952637e-01,-1.637996584177017212e-01,1.899297162890434265e-02,-2.654411494731903076e-01,1.261257529258728027e-01,7.020500302314758301e-01,3.530523478984832764e-01,-3.580936416983604431e-02,5.076059699058532715e-02,-6.778082996606826782e-02,1.601873338222503662e-01,1.148492842912673950e-01,1.784223765134811401e-01,1.351994276046752930e+00,-2.527428865432739258e-01,-4.254179541021585464e-03,2.371362643316388130e-03,1.525364398956298828e+00
-7.745309352874755859e+00,-1.851608514785766602e+00,6.547219157218933105e-01,-1.141882315278053284e-02,-3.570216009393334389e-03,6.832327842712402344e-01,-7.301025986671447754e-01,-1.574122160673141479e-01,4.687834531068801880e-03,2.838850617408752441e-01,3.000931143760681152e-01,-1.522856652736663818e-01,2.147699333727359772e-02,-2.977608740329742432e-01,1.407983899116516113e-01,6.871437430381774902e-01,4.059132039546966553e-01,-4.662076011300086975e-02,7.045864313840866089e-02,-7.364127784967422485e-02,1.194033399224281311e-01,1.470097452402114868e-01,1.606948673725128174e-01,1.343156218528747559e+00,-2.039829790592193604e-01,-9.148954413831233978e-03,-1.828845404088497162e-02,1.534816741943359375e+00
-7.742733955383300781e+00,-1.847677111625671387e+00,6.563497185707092285e-01,-1.030188240110874176e-02,-6.230256985872983932e-03,7.037163376808166504e-01,-7.103790640830993652e-01,-1.352400928735733032e-01,6.849022582173347473e-03,3.352790176868438721e-01,2.571671307086944580e-01,-1.367096900939941406e-01,2.434485219419002533e-02,-3.430997133255004883e-01,1.430480480194091797e-01,6.044869422912597656e-01,4.797231853008270264e-01,-7.291528582572937012e-02,1.008118167519569397e-01,-7.628151029348373413e-02,8.000081032514572144e-02,1.816456764936447144e-01,1.589093953371047974e-01,1.333940982818603516e+00,-1.557814925909042358e-01,-1.337978057563304901e-02,-2.669686079025268555e-02,1.541704177856445312e+00
-7.739952564239501953e+00,-1.844232320785522461e+00,6.583817005157470703e-01,-8.831813931465148926e-03,-9.334946982562541962e-03,7.225291728973388672e-01,-6.912209391593933105e-01,-1.136393994092941284e-01,8.281086571514606476e-03,3.847101330757141113e-01,2.146847844123840332e-01,-1.211167275905609131e-01,2.619284950196743011e-02,-3.982178866863250732e-01,1.367366313934326172e-01,4.871096312999725342e-01,5.813289880752563477e-01,-1.151918768882751465e-01,9.840379655361175537e-02,-8.053925633430480957e-02,4.226405546069145203e-02,2.197024971246719360e-01,1.610959768295288086e-01,1.320881485939025879e+00,-1.077222153544425964e-01,-1.639661937952041626e-02,-3.459980338811874390e-02,1.548757791519165039e+00
-7.737075328826904297e+00,-1.841251969337463379e+00,6.603721380233764648e-01,-7.157825399190187454e-03,-1.210527308285236359e-02,7.399005889892578125e-01,-6.725692152976989746e-01,-9.183735400438308716e-02,6.922720000147819519e-03,4.333235025405883789e-01,1.733773797750473022e-01,-1.073344498872756958e-01,2.820110134780406952e-02,-4.528622031211853027e-01,1.203070208430290222e-01,3.556096851825714111e-01,6.970731616020202637e-01,-1.682999134063720703e-01,7.453615218400955200e-02,-8.665435016155242920e-02,9.098776616156101227e-03,2.571885883808135986e-01,1.598218232393264771e-01,1.305482625961303711e+00,-5.988247320055961609e-02,-1.852352917194366455e-02,-4.976824298501014709e-02,1.555398106575012207e+00
-7.735387325286865234e+00,-1.838814616203308105e+00,6.619914770126342773e-01,-5.831646732985973358e-03,-1.422039978206157684e-02,7.556892037391662598e-01,-6.547499895095825195e-01,-7.167106121778488159e-02,3.331939456984400749e-03,4.799892008304595947e-01,1.358685493469238281e-01,-9.522377699613571167e-02,2.956419251859188080e-02,-4.947565197944641113e-01,9.744746983051300049e-02,2.406748980283737183e-01,7.966000437736511230e-01,-2.153847217559814453e-01,4.979807883501052856e-02,-9.140421450138092041e-02,-2.304118685424327850e-02,2.915964126586914062e-01,1.516667008399963379e-01,1.289939165115356445e+00,-1.315268222242593765e-02,-2.108774334192276001e-02,-7.353009283542633057e-02,1.559865593910217285e+00
-7.738240718841552734e+00,-1.836771130561828613e+00,6.648125648498535156e-01,-3.719436237588524818e-03,-1.709815673530101776e-02,7.784494757652282715e-01,-6.274633407592773438e-01,-4.232749342918395996e-02,-5.740921944379806519e-03,5.500522255897521973e-01,8.056422322988510132e-02,-7.886599749326705933e-02,3.138306736946105957e-02,-5.457999706268310547e-01,4.620444029569625854e-02,7.016352564096450806e-02,9.422747492790222168e-01,-2.928301692008972168e-01,6.657352205365896225e-03,-9.824386239051818848e-02,-7.091487199068069458e-02,3.446938097476959229e-01,1.326967328786849976e-01,1.266463994979858398e+00,5.788281559944152832e-02,-2.532607503235340118e-02,-1.139101088047027588e-01,1.565641999244689941e+00
-7.738217830657958984e+00,-1.836390972137451172e+00,6.653957366943359375e-01,-3.331993473693728447e-03,-1.763768121600151062e-02,7.865972518920898438e-01,-6.172054409980773926e-01,-3.066835552453994751e-02,-9.705900214612483978e-03,5.764219760894775391e-01,6.204082071781158447e-02,-7.490290701389312744e-02,3.000175021588802338e-02,-5.569148659706115723e-01,2.783634699881076813e-02,2.053614705801010132e-02,9.825853109359741211e-01,-3.102114796638488770e-01,-2.861165208742022514e-03,-9.926379472017288208e-02,-8.637344092130661011e-02,3.606484830379486084e-01,1.292779743671417236e-01,1.258907794952392578e+00,8.343402296304702759e-02,-2.635357528924942017e-02,-1.300826221704483032e-01,1.567190647125244141e+00
-7.735827922821044922e+00,-1.837146401405334473e+00,6.652838587760925293e-01,-3.249160945415496826e-03,-1.716388203203678131e-02,7.993963956832885742e-01,-6.005499958992004395e-01,-9.762515313923358917e-03,-1.660217531025409698e-02,6.173624396324157715e-01,3.763622418045997620e-02,-7.231289893388748169e-02,2.350379154086112976e-02,-5.633227825164794922e-01,7.782492786645889282e-03,-1.950044743716716766e-02,1.008681893348693848e+00,-3.044196367263793945e-01,1.362496113870292902e-04,-9.875512123107910156e-02,-1.026939004659652710e-01,3.765385150909423828e-01,1.383578926324844360e-01,1.246196866035461426e+00,1.185805425047874451e-01,-2.518166787922382355e-02,-1.462303698062896729e-01,1.569013476371765137e+00
-7.731790065765380859e+00,-1.838188767433166504e+00,6.650369167327880859e-01,-2.936282427981495857e-03,-1.641824282705783844e-02,8.137723803520202637e-01,-5.809443593025207520e-01,1.361414231359958649e-02,-2.708383835852146149e-02,6.644226312637329102e-01,1.288344152271747589e-02,-7.192631810903549194e-02,1.651362888514995575e-02,-5.615603923797607422e-01,-1.740845479071140289e-02,-6.322018802165985107e-02,1.024622559547424316e+00,-3.017222285270690918e-01,2.156544709578156471e-03,-1.008662581443786621e-01,-1.203443109989166260e-01,3.923643231391906738e-01,1.476171016693115234e-01,1.233809590339660645e+00,1.555387824773788452e-01,-2.262413315474987030e-02,-1.625507771968841553e-01,1.570799946784973145e+00
-7.730597496032714844e+00,-1.840735673904418945e+00,6.648620367050170898e-01,-2.751357620581984520e-03,-1.524915173649787903e-02,8.279589414596557617e-01,-5.605746507644653320e-01,3.345355391502380371e-02,-3.750453889369964600e-02,7.123168110847473145e-01,3.777005462134597896e-15,-7.903224974870681763e-02,9.006855078041553497e-03,-5.468586087226867676e-01,-4.941790923476219177e-02,-1.181496828794479370e-01,1.023413062095642090e+00,-3.063584566116333008e-01,2.650180831551551819e-03,-1.038650050759315491e-01,-1.336247920989990234e-01,4.038308560848236084e-01,1.566119492053985596e-01,1.225399494171142578e+00,1.891409903764724731e-01,-1.947747729718685150e-02,-1.815871149301528931e-01,1.570799946784973145e+00
-7.730070590972900391e+00,-1.843373060226440430e+00,6.645635366439819336e-01,-2.632115967571735382e-03,-1.373882777988910675e-02,8.411155343055725098e-01,-5.406745672225952148e-01,4.779056832194328308e-02,-4.557628184556961060e-02,7.576976418495178223e-01,3.501748354873809920e-18,-9.164093434810638428e-02,1.509138615801930428e-03,-5.189878344535827637e-01,-7.915296405553817749e-02,-1.764804124832153320e-01,9.989830255508422852e-01,-3.144641816616058350e-01,1.019066432490944862e-03,-1.073946803808212280e-01,-1.414293348789215088e-01,4.085513353347778320e-01,1.655065566301345825e-01,1.222579956054687500e+00,2.162967920303344727e-01,-1.524077169597148895e-02,-2.046673893928527832e-01,1.570799946784973145e+00
-7.730548858642578125e+00,-1.846457123756408691e+00,6.641880869865417480e-01,-2.639557700604200363e-03,-1.209636870771646500e-02,8.527446389198303223e-01,-5.221813321113586426e-01,6.271810829639434814e-02,-5.366673693060874939e-02,7.995415925979614258e-01,-6.340378169310170551e-19,-1.034234389662742615e-01,-7.684227079153060913e-03,-4.746283590793609619e-01,-1.055181920528411865e-01,-2.418814450502395630e-01,9.469666481018066406e-01,-3.244585990905761719e-01,-9.893978713080286980e-04,-1.138785332441329956e-01,-1.414526551961898804e-01,4.071238040924072266e-01,1.783400923013687134e-01,1.224803328514099121e+00,2.354543358087539673e-01,-9.205800481140613556e-03,-2.260910570621490479e-01,1.570799946784973145e+00
-7.731786251068115234e+00,-1.849997878074645996e+00,6.637231111526489258e-01,-2.769278595224022865e-03,-1.033432036638259888e-02,8.636156916618347168e-01,-5.040371417999267578e-01,7.769574970006942749e-02,-6.223122403025627136e-02,8.397642374038696289e-01,-3.428545972590164044e-18,-1.142339855432510376e-01,-1.784705929458141327e-02,-4.162081480026245117e-01,-1.254779249429702759e-01,-3.155138194561004639e-01,8.699604272842407227e-01,-3.334738910198211670e-01,-3.271230263635516167e-03,-1.202130690217018127e-01,-1.357574462890625000e-01,3.997961580753326416e-01,1.918493509292602539e-01,1.231218934059143066e+00,2.468346059322357178e-01,-1.920357928611338139e-03,-2.445010989904403687e-01,1.570799946784973145e+00
-7.733739376068115234e+00,-1.854168415069580078e+00,6.630709767341613770e-01,-2.858755644410848618e-03,-8.423304185271263123e-03,8.737180829048156738e-01,-4.863513112068176270e-01,9.336440265178680420e-02,-7.116365432739257812e-02,8.779038786888122559e-01,2.736555830244893586e-18,-1.251428276300430298e-01,-2.934729307889938354e-02,-3.449965417385101318e-01,-1.354798823595046997e-01,-3.972181975841522217e-01,7.689355611801147461e-01,-3.384736180305480957e-01,-4.467790015041828156e-03,-1.269024312496185303e-01,-1.241598427295684814e-01,3.890527188777923584e-01,2.050013244152069092e-01,1.239867568016052246e+00,2.506376504898071289e-01,5.420003551989793777e-03,-2.587791085243225098e-01,1.570799946784973145e+00
-7.735928535461425781e+00,-1.858099460601806641e+00,6.622452735900878906e-01,-3.080554306507110596e-03,-6.605859380215406418e-03,8.832985758781433105e-01,-4.687542319297790527e-01,1.080852150917053223e-01,-7.996323704719543457e-02,9.154662489891052246e-01,-3.032248290609377527e-18,-1.342371106147766113e-01,-4.148128256201744080e-02,-2.735915780067443848e-01,-1.313829571008682251e-01,-4.689162969589233398e-01,6.529978513717651367e-01,-3.254656493663787842e-01,-3.080182708799839020e-03,-1.363590806722640991e-01,-1.049197018146514893e-01,3.751651644706726074e-01,2.167470604181289673e-01,1.249597668647766113e+00,2.471628189086914062e-01,1.207853388041257858e-02,-2.672491371631622314e-01,1.570799946784973145e+00
-7.738676548004150391e+00,-1.862009644508361816e+00,6.608369350433349609e-01,-3.446927061304450035e-03,-4.228964913636445999e-03,8.924947977066040039e-01,-4.510247111320495605e-01,1.200478523969650269e-01,-8.539123833179473877e-02,9.531984329223632812e-01,1.224721129983663559e-02,-1.484769582748413086e-01,-5.458673834800720215e-02,-2.090806663036346436e-01,-1.148825883865356445e-01,-5.111815929412841797e-01,5.279507637023925781e-01,-2.858724892139434814e-01,4.764802870340645313e-04,-1.461300551891326904e-01,-7.972158491611480713e-02,3.595701158046722412e-01,2.237341105937957764e-01,1.257629394531250000e+00,2.365184873342514038e-01,1.718788407742977142e-02,-2.705766260623931885e-01,1.570799946784973145e+00
-7.741429328918457031e+00,-1.865443706512451172e+00,6.587830781936645508e-01,-4.158406518399715424e-03,-1.086661941371858120e-03,9.019027948379516602e-01,-4.319176971912384033e-01,1.241587251424789429e-01,-8.123533427715301514e-02,9.935803413391113281e-01,5.516011267900466919e-02,-1.760041564702987671e-01,-6.842067092657089233e-02,-1.648172736167907715e-01,-9.761200845241546631e-02,-5.189298987388610840e-01,4.293174445629119873e-01,-2.471893429756164551e-01,2.102084923535585403e-03,-1.496101915836334229e-01,-5.475916713476181030e-02,3.408981263637542725e-01,2.198907583951950073e-01,1.265315890312194824e+00,2.179878205060958862e-01,2.048173546791076660e-02,-2.712029218673706055e-01,1.570799946784973145e+00
-7.743873119354248047e+00,-1.868241548538208008e+00,6.570500135421752930e-01,-5.144926253706216812e-03,2.353679388761520386e-03,9.122444391250610352e-01,-4.096071720123291016e-01,1.205715388059616089e-01,-6.209700927138328552e-02,1.033986687660217285e+00,1.211260259151458740e-01,-1.824408471584320068e-01,-8.454015851020812988e-02,-1.417364329099655151e-01,-8.354148268699645996e-02,-4.973922073841094971e-01,3.633202612400054932e-01,-2.143104076385498047e-01,-3.471687377896159887e-04,-1.409422755241394043e-01,-2.856790646910667419e-02,3.199810981750488281e-01,2.150488644838333130e-01,1.270795941352844238e+00,1.917042583227157593e-01,2.104185707867145538e-02,-2.650802135467529297e-01,1.570799946784973145e+00
-7.745770931243896484e+00,-1.870336890220642090e+00,6.557977795600891113e-01,-6.147629115730524063e-03,5.468816030770540237e-03,9.243621230125427246e-01,-3.814275860786437988e-01,1.131182536482810974e-01,-3.108258731663227081e-02,1.075734853744506836e+00,1.997036933898925781e-01,-1.573999822139739990e-01,-1.027199849486351013e-01,-1.378083825111389160e-01,-7.427164167165756226e-02,-4.522069096565246582e-01,3.279151022434234619e-01,-1.903120726346969604e-01,-4.887871444225311279e-03,-1.220242679119110107e-01,8.890413679182529449e-03,2.943472564220428467e-01,2.217679917812347412e-01,1.269004821777343750e+00,1.563563495874404907e-01,1.754442043602466583e-02,-2.481958568096160889e-01,1.570799946784973145e+00
-7.748734951019287109e+00,-1.871590733528137207e+00,6.551887989044189453e-01,-7.170846685767173767e-03,8.301917463541030884e-03,9.368130564689636230e-01,-3.496583998203277588e-01,1.025877073407173157e-01,8.479641750454902649e-03,1.095727682113647461e+00,2.865875959396362305e-01,-1.014058068394660950e-01,-1.186447441577911377e-01,-1.428902745246887207e-01,-6.579558551311492920e-02,-3.949531316757202148e-01,3.097343742847442627e-01,-1.746387779712677002e-01,-1.118432451039552689e-02,-9.795525670051574707e-02,4.997850954532623291e-02,2.668904364109039307e-01,2.295964062213897705e-01,1.263380527496337891e+00,1.139141321182250977e-01,1.118917018175125122e-02,-2.250352799892425537e-01,1.570799946784973145e+00
-7.753125190734863281e+00,-1.871535181999206543e+00,6.552875041961669922e-01,-7.797172758728265762e-03,1.120868604630231857e-02,9.479407668113708496e-01,-3.181539475917816162e-01,8.098747581243515015e-02,4.925052449107170105e-02,1.080115914344787598e+00,3.839379847049713135e-01,-4.828773811459541321e-02,-1.239772886037826538e-01,-1.476428657770156860e-01,-5.525326356291770935e-02,-3.350959420204162598e-01,2.954576611518859863e-01,-1.613817512989044189e-01,-1.932416111230850220e-02,-7.809589803218841553e-02,8.589565753936767578e-02,2.383197844028472900e-01,2.250732481479644775e-01,1.262633204460144043e+00,6.232385709881782532e-02,1.217464799992740154e-03,-1.972657591104507446e-01,1.570799946784973145e+00
-7.758357524871826172e+00,-1.870877265930175781e+00,6.560607552528381348e-01,-8.470955304801464081e-03,1.462645828723907471e-02,9.576376080513000488e-01,-2.874795198440551758e-01,4.010302573442459106e-02,9.281624108552932739e-02,1.034830451011657715e+00,5.090206861495971680e-01,-2.630334347486495972e-02,-1.186849251389503479e-01,-1.505254358053207397e-01,-4.487187042832374573e-02,-2.753598093986511230e-01,2.812980115413665771e-01,-1.475267559289932251e-01,-2.757541462779045105e-02,-6.089613586664199829e-02,1.170115098357200623e-01,2.071056514978408813e-01,2.177336066961288452e-01,1.269604563713073730e+00,3.882642136886715889e-03,-1.126905251294374466e-02,-1.658111214637756348e-01,1.570799946784973145e+00
-7.763964176177978516e+00,-1.870332479476928711e+00,6.572937965393066406e-01,-9.047221392393112183e-03,1.810204423964023590e-02,9.654204249382019043e-01,-2.599112391471862793e-01,-1.806342974305152893e-02,1.352524906396865845e-01,9.696568250656127930e-01,6.490402817726135254e-01,-3.034371137619018555e-02,-1.069725975394248962e-01,-1.490010172128677368e-01,-3.590703755617141724e-02,-2.213916033506393433e-01,2.629910111427307129e-01,-1.318423449993133545e-01,-3.475153073668479919e-02,-4.950731992721557617e-02,1.485352069139480591e-01,1.707616150379180908e-01,2.163049131631851196e-01,1.281656026840209961e+00,-5.681756883859634399e-02,-2.522675879299640656e-02,-1.358396857976913452e-01,1.570799946784973145e+00
-7.769442081451416016e+00,-1.870155692100524902e+00,6.588005423545837402e-01,-9.553629904985427856e-03,2.114634029567241669e-02,9.720706939697265625e-01,-2.335382848978042603e-01,-9.064906835556030273e-02,1.677788943052291870e-01,8.840153217315673828e-01,7.867609858512878418e-01,-4.930884763598442078e-02,-8.922393620014190674e-02,-1.418277174234390259e-01,-2.793431282043457031e-02,-1.704640835523605347e-01,2.371252775192260742e-01,-1.124094873666763306e-01,-4.019552841782569885e-02,-3.926094248890876770e-02,1.759703755378723145e-01,1.354933083057403564e-01,2.157304883003234863e-01,1.297019362449645996e+00,-1.157750040292739868e-01,-3.896680101752281189e-02,-1.079462990164756775e-01,1.564276337623596191e+00
-7.774687767028808594e+00,-1.870396375656127930e+00,6.602904200553894043e-01,-9.737440384924411774e-03,2.386276610195636749e-02,9.775742888450622559e-01,-2.090076655149459839e-01,-1.686947941780090332e-01,1.836694180965423584e-01,7.914133667945861816e-01,9.046618938446044922e-01,-7.106344401836395264e-02,-6.790456920862197876e-02,-1.307765394449234009e-01,-2.141403593122959137e-02,-1.237044185400009155e-01,2.054421752691268921e-01,-8.986105769872665405e-02,-4.410214349627494812e-02,-3.330307453870773315e-02,2.012818157672882080e-01,1.024229526519775391e-01,2.098635584115982056e-01,1.312930822372436523e+00,-1.750441938638687134e-01,-5.196943134069442749e-02,-7.389899343252182007e-02,1.550003170967102051e+00
-7.779802799224853516e+00,-1.871072053909301758e+00,6.617051959037780762e-01,-9.848648682236671448e-03,2.625757642090320587e-02,9.827115535736083984e-01,-1.830070614814758301e-01,-2.436453253030776978e-01,1.867999881505966187e-01,7.028775215148925781e-01,9.986491799354553223e-01,-8.994931727647781372e-02,-4.883285239338874817e-02,-1.197678074240684509e-01,-1.645169034600257874e-02,-7.385023683309555054e-02,1.736576259136199951e-01,-6.679376959800720215e-02,-4.691722616553306580e-02,-2.357413619756698608e-02,2.251235246658325195e-01,7.300326973199844360e-02,2.023936659097671509e-01,1.325923800468444824e+00,-2.317996174097061157e-01,-6.336256116628646851e-02,-3.502832725644111633e-02,1.533013939857482910e+00
-7.784347057342529297e+00,-1.871885180473327637e+00,6.629228591918945312e-01,-9.890318848192691803e-03,2.825299277901649475e-02,9.872012138366699219e-01,-1.566452383995056152e-01,-3.101763725280761719e-01,1.781957149505615234e-01,6.221262812614440918e-01,1.065421581268310547e+00,-1.063500419259071350e-01,-3.195781260728836060e-02,-1.107162237167358398e-01,-1.303062494844198227e-02,-2.363923937082290649e-02,1.459103226661682129e-01,-4.504984989762306213e-02,-4.834770411252975464e-02,-1.336043234914541245e-02,2.496723383665084839e-01,4.649093747138977051e-02,2.003654986619949341e-01,1.335074543952941895e+00,-2.866906225681304932e-01,-7.292360812425613403e-02,3.454370424151420593e-03,1.514203310012817383e+00
-7.788660049438476562e+00,-1.872799277305603027e+00,6.637277603149414062e-01,-9.633115492761135101e-03,2.980610541999340057e-02,9.912732839584350586e-01,-1.280471086502075195e-01,-3.671476244926452637e-01,1.587458401918411255e-01,5.435294508934020996e-01,1.104445457458496094e+00,-1.221412494778633118e-01,-1.745558716356754303e-02,-1.058357581496238708e-01,-9.472481906414031982e-03,3.118595667183399200e-02,1.253679543733596802e-01,-2.640971913933753967e-02,-4.902147874236106873e-02,-7.158819789765402675e-05,2.743928134441375732e-01,2.359603345394134521e-02,2.086428850889205933e-01,1.342279434204101562e+00,-3.380764722824096680e-01,-7.965916395187377930e-02,4.023326188325881958e-02,1.493739366531372070e+00
-7.792655467987060547e+00,-1.873894214630126953e+00,6.643199920654296875e-01,-9.230196475982666016e-03,3.061547689139842987e-02,9.945038557052612305e-01,-9.969723969697952271e-02,-4.103177785873413086e-01,1.340876817703247070e-01,4.717730879783630371e-01,1.118095397949218750e+00,-1.357514113187789917e-01,-7.400088943541049957e-03,-1.035695448517799377e-01,-6.109298206865787506e-03,8.502200990915298462e-02,1.110862940549850464e-01,-1.116779260337352753e-02,-4.878263920545578003e-02,7.991286925971508026e-03,2.983855903148651123e-01,5.262402817606925964e-03,2.233675718307495117e-01,1.348657131195068359e+00,-3.869684040546417236e-01,-8.254076540470123291e-02,7.821799069643020630e-02,1.473337173461914062e+00
-7.796622276306152344e+00,-1.875486612319946289e+00,6.646028161048889160e-01,-8.744182065129280090e-03,3.097312338650226593e-02,9.969874620437622070e-01,-7.057081162929534912e-02,-4.360636174678802490e-01,1.091496422886848450e-01,4.083828032016754150e-01,1.102466464042663574e+00,-1.457385718822479248e-01,-4.679569974541664124e-03,-1.033126339316368103e-01,-2.783745760098099709e-03,1.402329653501510620e-01,1.019022688269615173e-01,1.004529651254415512e-03,-4.719536378979682922e-02,1.710389927029609680e-02,3.173851370811462402e-01,-7.078363094478845596e-03,2.346411794424057007e-01,1.355353593826293945e+00,-4.295135438442230225e-01,-8.226095885038375854e-02,1.144336685538291931e-01,1.454148292541503906e+00
-7.800710201263427734e+00,-1.877218604087829590e+00,6.646342873573303223e-01,-7.945714518427848816e-03,3.050894476473331451e-02,9.986242651939392090e-01,-4.190095514059066772e-02,-4.435992836952209473e-01,8.616957813501358032e-02,3.566987514495849609e-01,1.062073111534118652e+00,-1.538293510675430298e-01,-4.076070152223110199e-03,-1.037656217813491821e-01,1.378257875330746174e-03,1.942043304443359375e-01,9.692835807800292969e-02,9.487584233283996582e-03,-4.455703869462013245e-02,2.343996986746788025e-02,3.308127820491790771e-01,-1.447482313960790634e-02,2.359721809625625610e-01,1.362000703811645508e+00,-4.643219411373138428e-01,-7.949238270521163940e-02,1.464835107326507568e-01,1.436130285263061523e+00
-7.804942607879638672e+00,-1.879301309585571289e+00,6.644985675811767578e-01,-7.202321197837591171e-03,2.941159531474113464e-02,9.994676113128662109e-01,-1.214995421469211578e-02,-4.363464415073394775e-01,6.481260061264038086e-02,3.111411929130554199e-01,9.952269196510314941e-01,-1.615495085716247559e-01,-5.567086860537528992e-03,-1.058469340205192566e-01,6.536343134939670563e-03,2.501391768455505371e-01,9.574560821056365967e-02,1.565903797745704651e-02,-4.083488509058952332e-02,3.029792755842208862e-02,3.395251631736755371e-01,-1.700111851096153259e-02,2.337796986103057861e-01,1.368202924728393555e+00,-4.902014136314392090e-01,-7.355509698390960693e-02,1.727663576602935791e-01,1.420794606208801270e+00
-7.809461116790771484e+00,-1.881356000900268555e+00,6.640505790710449219e-01,-6.156127434223890305e-03,2.720606885850429535e-02,9.994676113128662109e-01,1.692330092191696167e-02,-4.189562201499938965e-01,4.537202790379524231e-02,2.656141519546508789e-01,9.121006131172180176e-01,-1.677323877811431885e-01,-7.291349116712808609e-03,-1.070157140493392944e-01,1.331317331641912460e-02,3.049084544181823730e-01,9.644471853971481323e-02,1.912092044949531555e-02,-3.650606423616409302e-02,3.332370147109031677e-02,3.420666754245758057e-01,-1.460940390825271606e-02,2.287070006132125854e-01,1.374676585197448730e+00,-5.066644549369812012e-01,-6.543201953172683716e-02,1.916651874780654907e-01,1.409362077713012695e+00
-7.814515590667724609e+00,-1.883517146110534668e+00,6.633982658386230469e-01,-5.331180058419704437e-03,2.421666495501995087e-02,9.986136555671691895e-01,4.643204435706138611e-02,-3.935987055301666260e-01,2.515413984656333923e-02,2.109114229679107666e-01,8.140829801559448242e-01,-1.737506836652755737e-01,-9.914164431393146515e-03,-1.082553714513778687e-01,2.191292122006416321e-02,3.603582680225372314e-01,9.910934418439865112e-02,2.054740302264690399e-02,-3.189947083592414856e-02,3.654025495052337646e-02,3.408180177211761475e-01,-8.755392394959926605e-03,2.246836572885513306e-01,1.381313920021057129e+00,-5.131754875183105469e-01,-5.588853731751441956e-02,2.021538317203521729e-01,1.402109384536743164e+00
-7.819574832916259766e+00,-1.885897874832153320e+00,6.625469923019409180e-01,-4.594680387526750565e-03,2.041268721222877502e-02,9.969081282615661621e-01,7.573920488357543945e-02,-3.634756505489349365e-01,8.345481008291244507e-03,1.531524658203125000e-01,7.163766622543334961e-01,-1.814382672309875488e-01,-1.153312437236309052e-02,-1.109725832939147949e-01,3.203372284770011902e-02,4.158614277839660645e-01,1.050677746534347534e-01,2.013147436082363129e-02,-2.623968571424484253e-02,3.593776002526283264e-02,3.338046669960021973e-01,6.181702337926253676e-05,2.211133986711502075e-01,1.389295339584350586e+00,-5.110307335853576660e-01,-4.505706951022148132e-02,2.048262208700180054e-01,1.402298688888549805e+00
-7.825040340423583984e+00,-1.888567805290222168e+00,6.613907814025878906e-01,-4.097734112292528152e-03,1.592904515564441681e-02,9.942356348037719727e-01,1.059481725096702576e-01,-3.286251425743103027e-01,-4.273131955415010452e-03,9.917485713958740234e-02,6.176705956459045410e-01,-1.832080185413360596e-01,-1.064369734376668930e-02,-1.153691411018371582e-01,4.366438835859298706e-02,4.732923507690429688e-01,1.159119755029678345e-01,1.667034253478050232e-02,-1.893462426960468292e-02,3.482294455170631409e-02,3.219274878501892090e-01,9.996002539992332458e-03,2.182250171899795532e-01,1.398340463638305664e+00,-5.014883279800415039e-01,-3.329287841916084290e-02,2.019832730293273926e-01,1.408970117568969727e+00
-7.830648422241210938e+00,-1.891584157943725586e+00,6.600269675254821777e-01,-4.121599718928337097e-03,1.113327685743570328e-02,9.907450079917907715e-01,1.352162063121795654e-01,-2.894596755504608154e-01,-8.459912613034248352e-03,6.717996299266815186e-02,5.178788900375366211e-01,-1.588562875986099243e-01,-4.888350144028663635e-03,-1.219926923513412476e-01,5.661230906844139099e-02,5.285648703575134277e-01,1.325836628675460815e-01,8.659637533128261566e-03,-1.104554068297147751e-02,2.798742428421974182e-02,3.034370839595794678e-01,2.256630361080169678e-02,2.096770405769348145e-01,1.406394481658935547e+00,-4.829010963439941406e-01,-2.292501926422119141e-02,1.922445297241210938e-01,1.419738531112670898e+00
-7.836696624755859375e+00,-1.895333528518676758e+00,6.585103273391723633e-01,-4.555079154670238495e-03,6.572114303708076477e-03,9.865686893463134766e-01,1.631511896848678589e-01,-2.510926425457000732e-01,-7.181893102824687958e-03,6.770044565200805664e-02,4.414072036743164062e-01,-1.399510204792022705e-01,4.625290166586637497e-03,-1.318651288747787476e-01,6.978627294301986694e-02,5.819364786148071289e-01,1.584078818559646606e-01,-5.017369054257869720e-03,-1.519133686088025570e-03,1.499235723167657852e-02,2.815307974815368652e-01,3.568446636199951172e-02,2.014738321304321289e-01,1.413535237312316895e+00,-4.591316580772399902e-01,-1.388841681182384491e-02,1.809331625699996948e-01,1.435151696205139160e+00
-7.841815471649169922e+00,-1.899014949798583984e+00,6.573044657707214355e-01,-4.410861525684595108e-03,4.561879206448793411e-03,9.820809364318847656e-01,1.883528530597686768e-01,-2.178642749786376953e-01,-7.851025089621543884e-03,8.976536989212036133e-02,3.876254558563232422e-01,-1.326482146978378296e-01,1.452534087002277374e-02,-1.472407728433609009e-01,8.224792778491973877e-02,6.311545372009277344e-01,1.984517127275466919e-01,-2.545823343098163605e-02,8.746385574340820312e-03,-9.219682775437831879e-03,2.534466683864593506e-01,4.639195650815963745e-02,1.905119419097900391e-01,1.421486377716064453e+00,-4.321225583553314209e-01,-9.376812726259231567e-03,1.733197867870330811e-01,1.457646250724792480e+00
-7.845736026763916016e+00,-1.902064442634582520e+00,6.562641263008117676e-01,-4.323532339185476303e-03,4.022542852908372879e-03,9.767205715179443359e-01,2.144343852996826172e-01,-1.903527677059173584e-01,-7.585576269775629044e-03,1.277717649936676025e-01,3.537028133869171143e-01,-1.354200243949890137e-01,2.170792594552040100e-02,-1.670730859041213989e-01,9.700238704681396484e-02,6.834549903869628906e-01,2.439986765384674072e-01,-4.285334050655364990e-02,1.928881928324699402e-02,-3.100049495697021484e-02,2.242363840341567993e-01,5.702479183673858643e-02,1.755849421024322510e-01,1.424431800842285156e+00,-3.989855051040649414e-01,-8.803093805909156799e-03,1.584688127040863037e-01,1.481078147888183594e+00
-7.848299026489257812e+00,-1.905992507934570312e+00,6.556369066238403320e-01,-4.534147679805755615e-03,3.316573565825819969e-03,9.711896777153015137e-01,2.382415831089019775e-01,-1.707867980003356934e-01,-8.327404037117958069e-03,1.684030741453170776e-01,3.314248621463775635e-01,-1.403140872716903687e-01,2.883590944111347198e-02,-1.898076981306076050e-01,1.129991561174392700e-01,7.228179574012756348e-01,2.882125675678253174e-01,-4.522031173110008240e-02,3.047548048198223114e-02,-5.714124441146850586e-02,1.943352669477462769e-01,7.653633505105972290e-02,1.541947573423385620e-01,1.419315695762634277e+00,-3.566064238548278809e-01,-9.703074581921100616e-03,1.263388097286224365e-01,1.501135110855102539e+00
-7.850108623504638672e+00,-1.910797476768493652e+00,6.560369133949279785e-01,-5.498063750565052032e-03,1.984851900488138199e-03,9.639713168144226074e-01,2.659419178962707520e-01,-1.491299867630004883e-01,-8.230459876358509064e-03,2.196665108203887939e-01,3.032885491847991943e-01,-1.407980769872665405e-01,3.579019010066986084e-02,-2.193763107061386108e-01,1.315903365612030029e-01,7.376028895378112793e-01,3.422681987285614014e-01,-4.054687917232513428e-02,4.168627038598060608e-02,-7.247177511453628540e-02,1.649401783943176270e-01,1.032324358820915222e-01,1.350854337215423584e-01,1.411486864089965820e+00,-3.123289942741394043e-01,-1.029238291084766388e-02,9.562546759843826294e-02,1.517126917839050293e+00
-7.851689815521240234e+00,-1.915168523788452148e+00,6.570487022399902344e-01,-6.647720932960510254e-03,2.672178088687360287e-04,9.548459053039550781e-01,2.970270216464996338e-01,-1.237926483154296875e-01,-8.240974508225917816e-03,2.791054546833038330e-01,2.699665725231170654e-01,-1.389595866203308105e-01,4.082854092121124268e-02,-2.595857977867126465e-01,1.483964025974273682e-01,7.100377082824707031e-01,4.145751893520355225e-01,-4.614226520061492920e-02,5.267012864351272583e-02,-8.129489421844482422e-02,1.365215778350830078e-01,1.343107968568801880e-01,1.267884969711303711e-01,1.404914498329162598e+00,-2.712889611721038818e-01,-1.025559380650520325e-02,8.528000861406326294e-02,1.533306121826171875e+00
-7.854019165039062500e+00,-1.919272899627685547e+00,6.584591269493103027e-01,-7.875813171267509460e-03,-1.641155569814145565e-03,9.439514279365539551e-01,3.299863040447235107e-01,-9.592165797948837280e-02,-1.000736840069293976e-02,3.442669510841369629e-01,2.340482324361801147e-01,-1.371281594038009644e-01,4.411613941192626953e-02,-3.077667057514190674e-01,1.583245843648910522e-01,6.391162276268005371e-01,5.033020973205566406e-01,-6.728097051382064819e-02,5.847019329667091370e-02,-8.881329745054244995e-02,1.121949478983879089e-01,1.663929969072341919e-01,1.378406435251235962e-01,1.401486396789550781e+00,-2.339325100183486938e-01,-9.711194783449172974e-03,8.765609562397003174e-02,1.548716664314270020e+00
-7.856018543243408203e+00,-1.922941446304321289e+00,6.597949862480163574e-01,-9.056649170815944672e-03,-3.528590546920895576e-03,9.326578378677368164e-01,3.606312274932861328e-01,-6.991501897573471069e-02,-1.438784971833229065e-02,4.062032401561737061e-01,1.994567364454269409e-01,-1.345207989215850830e-01,4.633215069770812988e-02,-3.596737682819366455e-01,1.576964855194091797e-01,5.439702272415161133e-01,6.007684469223022461e-01,-9.738076478242874146e-02,6.063536182045936584e-02,-9.572946280241012573e-02,8.639402687549591064e-02,2.018980234861373901e-01,1.535511612892150879e-01,1.401900053024291992e+00,-1.936693489551544189e-01,-1.226353738456964493e-02,7.456091046333312988e-02,1.560648322105407715e+00
-7.858281612396240234e+00,-1.926242113113403320e+00,6.609494686126708984e-01,-1.010597310960292816e-02,-5.206359084695577621e-03,9.206332564353942871e-01,3.902629613876342773e-01,-4.565531015396118164e-02,-2.025964669883251190e-02,4.677287340164184570e-01,1.676834374666213989e-01,-1.329106837511062622e-01,4.707576334476470947e-02,-4.071784615516662598e-01,1.477383971214294434e-01,4.417032897472381592e-01,6.944328546524047852e-01,-1.253967732191085815e-01,5.803856253623962402e-02,-1.024584099650382996e-01,6.520965695381164551e-02,2.370842546224594116e-01,1.722130477428436279e-01,1.402386546134948730e+00,-1.514040976762771606e-01,-1.682952046394348145e-02,4.824765771627426147e-02,1.568729996681213379e+00
-7.860194683074951172e+00,-1.928514480590820312e+00,6.618438363075256348e-01,-1.087955757975578308e-02,-6.333861034363508224e-03,9.083664417266845703e-01,4.179854989051818848e-01,-2.280574850738048553e-02,-2.814828231930732727e-02,5.264490842819213867e-01,1.375998109579086304e-01,-1.306353807449340820e-01,4.568266123533248901e-02,-4.473297297954559326e-01,1.324203014373779297e-01,3.533074557781219482e-01,7.782912254333496094e-01,-1.485213488340377808e-01,5.390633270144462585e-02,-1.067483499646186829e-01,4.207246378064155579e-02,2.723486423492431641e-01,1.817376762628555298e-01,1.400083422660827637e+00,-1.070277467370033264e-01,-2.374478243291378021e-02,1.229286286979913712e-02,1.570799946784973145e+00
-7.862297534942626953e+00,-1.929841518402099609e+00,6.625537872314453125e-01,-1.132908929139375687e-02,-7.008202839642763138e-03,8.959352374076843262e-01,4.439849555492401123e-01,-1.386544201523065567e-03,-3.789267688989639282e-02,5.820664763450622559e-01,1.100712493062019348e-01,-1.285133063793182373e-01,4.297512769699096680e-02,-4.793270826339721680e-01,1.152941808104515076e-01,2.816204130649566650e-01,8.505509495735168457e-01,-1.673185676336288452e-01,4.906819388270378113e-02,-1.112585589289665222e-01,2.305872924625873566e-02,3.039031922817230225e-01,1.923238486051559448e-01,1.395790934562683105e+00,-6.517922133207321167e-02,-3.093502484261989594e-02,-1.935909129679203033e-02,1.570799946784973145e+00
-7.864789485931396484e+00,-1.930482864379882812e+00,6.629847288131713867e-01,-1.131842005997896194e-02,-7.332745939493179321e-03,8.841625452041625977e-01,4.669847488403320312e-01,1.830611936748027802e-02,-4.919715598225593567e-02,6.315898895263671875e-01,8.619776368141174316e-02,-1.279584765434265137e-01,3.941819071769714355e-02,-5.016560554504394531e-01,9.632223099470138550e-02,2.260131835937500000e-01,9.078555703163146973e-01,-1.817211061716079712e-01,4.615085944533348083e-02,-1.152698695659637451e-01,1.960847526788711548e-03,3.323439955711364746e-01,2.007008343935012817e-01,1.390602111816406250e+00,-2.430346049368381500e-02,-3.710275143384933472e-02,-5.211856216192245483e-02,1.570799946784973145e+00
-7.867396354675292969e+00,-1.930665493011474609e+00,6.631677746772766113e-01,-1.117649860680103302e-02,-7.461259141564369202e-03,8.729558587074279785e-01,4.876140952110290527e-01,3.550803661346435547e-02,-6.096314638853073120e-02,6.766070723533630371e-01,6.661718338727951050e-02,-1.295001804828643799e-01,3.530977666378021240e-02,-5.132677555084228516e-01,7.570940256118774414e-02,1.779403984546661377e-01,9.467301964759826660e-01,-1.904370784759521484e-01,4.349379986524581909e-02,-1.205128207802772522e-01,-1.732720620930194855e-02,3.557256758213043213e-01,2.131907492876052856e-01,1.386376023292541504e+00,1.446117833256721497e-02,-4.149683192372322083e-02,-8.477060496807098389e-02,1.570799946784973145e+00
-7.870120525360107422e+00,-1.930449724197387695e+00,6.631242036819458008e-01,-1.110924035310745239e-02,-7.622924167662858963e-03,8.626834750175476074e-01,5.055646896362304688e-01,4.987291991710662842e-02,-7.172148674726486206e-02,7.161666154861450195e-01,5.223215743899345398e-02,-1.335349082946777344e-01,3.124042414128780365e-02,-5.126582980155944824e-01,5.136153846979141235e-02,1.329365223646163940e-01,9.650176167488098145e-01,-1.998659521341323853e-01,4.197050631046295166e-02,-1.260918825864791870e-01,-3.745430335402488708e-02,3.736440241336822510e-01,2.250646799802780151e-01,1.380372762680053711e+00,5.191572755575180054e-02,-4.434056952595710754e-02,-1.238745003938674927e-01,1.570799946784973145e+00
-7.872379779815673828e+00,-1.929620385169982910e+00,6.629189848899841309e-01,-1.054855994880199432e-02,-7.530425209552049637e-03,8.530536293983459473e-01,5.216622948646545410e-01,6.331275403499603271e-02,-8.252114057540893555e-02,7.520333528518676758e-01,4.042149707674980164e-02,-1.393894553184509277e-01,2.650733105838298798e-02,-5.010185837745666504e-01,2.298145368695259094e-02,8.459434658288955688e-02,9.635885953903198242e-01,-2.133948951959609985e-01,4.109923169016838074e-02,-1.318572461605072021e-01,-5.497708916664123535e-02,3.858989477157592773e-01,2.348960041999816895e-01,1.373782277107238770e+00,8.563682436943054199e-02,-4.481742903590202332e-02,-1.631107032299041748e-01,1.570799946784973145e+00
-7.873800277709960938e+00,-1.928074002265930176e+00,6.625909805297851562e-01,-1.023300085216760635e-02,-7.405571639537811279e-03,8.441067337989807129e-01,5.360263586044311523e-01,7.542381435632705688e-02,-9.131789952516555786e-02,7.843711972236633301e-01,3.073779307305812836e-02,-1.457654088735580444e-01,2.036330290138721466e-02,-4.774019122123718262e-01,-8.020166307687759399e-03,3.282149881124496460e-02,9.399830102920532227e-01,-2.288279980421066284e-01,4.177466034889221191e-02,-1.369109749794006348e-01,-7.155833393335342407e-02,3.924069702625274658e-01,2.389166951179504395e-01,1.365622043609619141e+00,1.145374849438667297e-01,-4.301653057336807251e-02,-1.994054615497589111e-01,1.570799946784973145e+00
-7.875369548797607422e+00,-1.926076650619506836e+00,6.622163057327270508e-01,-9.581428952515125275e-03,-6.961349397897720337e-03,8.345891237258911133e-01,5.507455468177795410e-01,8.755265176296234131e-02,-1.006145030260086060e-01,8.179148435592651367e-01,2.165958285331726074e-02,-1.516164094209671021e-01,1.261953450739383698e-02,-4.448923766613006592e-01,-4.013158753514289856e-02,-2.707721292972564697e-02,8.973076343536376953e-01,-2.470910549163818359e-01,4.180767387151718140e-02,-1.397086828947067261e-01,-8.364234119653701782e-02,3.935280442237854004e-01,2.415989339351654053e-01,1.356607198715209961e+00,1.361112296581268311e-01,-3.968866169452667236e-02,-2.296100705862045288e-01,1.570799946784973145e+00
-7.876724243164062500e+00,-1.923167586326599121e+00,6.617434620857238770e-01,-8.557872846722602844e-03,-6.134410854429006577e-03,8.250226378440856934e-01,5.650015473365783691e-01,1.005459278821945190e-01,-1.111783161759376526e-01,8.501170277595520020e-01,1.311432756483554840e-02,-1.578980833292007446e-01,4.141014534980058670e-03,-4.010527729988098145e-01,-7.136777043342590332e-02,-9.601476788520812988e-02,8.338190317153930664e-01,-2.664421498775482178e-01,4.137468710541725159e-02,-1.402417421340942383e-01,-9.250166267156600952e-02,3.892985582351684570e-01,2.421095520257949829e-01,1.346764445304870605e+00,1.523923575878143311e-01,-3.361782804131507874e-02,-2.596613466739654541e-01,1.570799946784973145e+00
-7.878408432006835938e+00,-1.919434428215026855e+00,6.611148715019226074e-01,-7.396243978291749954e-03,-5.034425295889377594e-03,8.154716491699218750e-01,5.787279009819030762e-01,1.135177910327911377e-01,-1.218651682138442993e-01,8.810881376266479492e-01,6.416498217731714249e-03,-1.639170050621032715e-01,-5.675788968801498413e-03,-3.491705656051635742e-01,-9.551548212766647339e-02,-1.706082969903945923e-01,7.511841058731079102e-01,-2.821995317935943604e-01,3.940295800566673279e-02,-1.415132582187652588e-01,-9.414906799793243408e-02,3.808116316795349121e-01,2.472071498632431030e-01,1.337704896926879883e+00,1.634851098060607910e-01,-2.659066580235958099e-02,-2.866307199001312256e-01,1.570799946784973145e+00
-7.879187107086181641e+00,-1.915300369262695312e+00,6.605127453804016113e-01,-6.113264244049787521e-03,-3.883982310071587563e-03,8.063654303550720215e-01,5.913732647895812988e-01,1.250092834234237671e-01,-1.296084821224212646e-01,9.100406169891357422e-01,3.746494650840759277e-03,-1.703546047210693359e-01,-1.650963351130485535e-02,-2.917245030403137207e-01,-1.027942672371864319e-01,-2.312800735235214233e-01,6.404021382331848145e-01,-2.733411490917205811e-01,3.660383075475692749e-02,-1.432917714118957520e-01,-9.103950858116149902e-02,3.673706352710723877e-01,2.554644942283630371e-01,1.330849647521972656e+00,1.701903492212295532e-01,-1.850482262670993805e-02,-3.106736540794372559e-01,1.570799946784973145e+00
-7.878599166870117188e+00,-1.910546302795410156e+00,6.599172949790954590e-01,-4.515977110713720322e-03,-2.504518022760748863e-03,7.973770499229431152e-01,6.034592986106872559e-01,1.357357203960418701e-01,-1.345236748456954956e-01,9.381498694419860840e-01,4.385634791105985641e-03,-1.750004589557647705e-01,-2.957497164607048035e-02,-2.389080375432968140e-01,-9.585921466350555420e-02,-2.616807520389556885e-01,5.210161805152893066e-01,-2.377297729253768921e-01,3.347584605216979980e-02,-1.447333395481109619e-01,-8.394518494606018066e-02,3.500953316688537598e-01,2.649416923522949219e-01,1.326451182365417480e+00,1.718540191650390625e-01,-9.491673670709133148e-03,-3.289345502853393555e-01,1.570799946784973145e+00
-7.877310752868652344e+00,-1.905543923377990723e+00,6.591986417770385742e-01,-2.950268797576427460e-03,-8.849722216837108135e-04,7.888461947441101074e-01,6.145829558372497559e-01,1.448471248149871826e-01,-1.372982859611511230e-01,9.639005064964294434e-01,8.599291555583477020e-03,-1.798821538686752319e-01,-4.268817603588104248e-02,-2.004831433296203613e-01,-8.553335815668106079e-02,-2.693865001201629639e-01,4.264259040355682373e-01,-1.979081928730010986e-01,3.043461218476295471e-02,-1.454848498106002808e-01,-7.447941601276397705e-02,3.284050822257995605e-01,2.719819545745849609e-01,1.326380014419555664e+00,1.680856049060821533e-01,8.800575160421431065e-04,-3.377464413642883301e-01,1.570799946784973145e+00
-7.875516414642333984e+00,-1.901437401771545410e+00,6.582822203636169434e-01,-1.295323600061237812e-03,7.626219303347170353e-04,7.791687250137329102e-01,6.268123984336853027e-01,1.511243730783462524e-01,-1.376422792673110962e-01,9.915964007377624512e-01,1.923759467899799347e-02,-1.861337721347808838e-01,-5.549959465861320496e-02,-1.811041086912155151e-01,-7.547140121459960938e-02,-2.577807605266571045e-01,3.669344186782836914e-01,-1.662636697292327881e-01,2.529482357203960419e-02,-1.420350819826126099e-01,-6.047201529145240784e-02,3.018394708633422852e-01,2.840929627418518066e-01,1.329559326171875000e+00,1.573129147291183472e-01,9.631512686610221863e-03,-3.347797989845275879e-01,1.570799946784973145e+00
-7.872855663299560547e+00,-1.898190975189208984e+00,6.575242280960083008e-01,-4.558139335131272674e-05,2.495175460353493690e-03,7.687192559242248535e-01,6.395815014839172363e-01,1.531348526477813721e-01,-1.324433237314224243e-01,1.019524335861206055e+00,3.865398839116096497e-02,-1.900285631418228149e-01,-6.828611344099044800e-02,-1.726397722959518433e-01,-6.527704745531082153e-02,-2.364110648632049561e-01,3.292525708675384521e-01,-1.430012583732604980e-01,1.835242472589015961e-02,-1.352255642414093018e-01,-3.908411785960197449e-02,2.695147991180419922e-01,3.026215732097625732e-01,1.332131862640380859e+00,1.417618095874786377e-01,1.712084747850894928e-02,-3.228586912155151367e-01,1.570799946784973145e+00
-7.870093345642089844e+00,-1.894949674606323242e+00,6.570881009101867676e-01,1.291680266149342060e-03,4.571853671222925186e-03,7.597238421440124512e-01,6.502285003662109375e-01,1.500059962272644043e-01,-1.175655648112297058e-01,1.041718482971191406e+00,7.258035987615585327e-02,-1.828945726156234741e-01,-8.102688938379287720e-02,-1.633916348218917847e-01,-5.715540423989295959e-02,-2.171756476163864136e-01,2.965596616268157959e-01,-1.238842532038688660e-01,1.183764077723026276e-02,-1.300597339868545532e-01,-1.469417940825223923e-02,2.352564334869384766e-01,3.198997676372528076e-01,1.332564353942871094e+00,1.234905943274497986e-01,2.356410212814807892e-02,-3.043774068355560303e-01,1.570799946784973145e+00
-7.867745876312255859e+00,-1.892054915428161621e+00,6.571574807167053223e-01,2.209708793088793755e-03,6.064205430448055267e-03,7.533682584762573242e-01,6.575672030448913574e-01,1.408361047506332397e-01,-8.976276218891143799e-02,1.053466677665710449e+00,1.237237751483917236e-01,-1.627468466758728027e-01,-9.263043850660324097e-02,-1.465779691934585571e-01,-4.912037029862403870e-02,-2.046423703432083130e-01,2.527174651622772217e-01,-9.983375668525695801e-02,6.881183478981256485e-03,-1.288238465785980225e-01,6.959216669201850891e-03,2.046095877885818481e-01,3.233635723590850830e-01,1.334066033363342285e+00,1.036097258329391479e-01,3.062850609421730042e-02,-2.792720496654510498e-01,1.570799946784973145e+00
-7.865283012390136719e+00,-1.889481902122497559e+00,6.575753688812255859e-01,2.668429398909211159e-03,7.058467715978622437e-03,7.474414110183715820e-01,6.642848849296569824e-01,1.233898550271987915e-01,-4.939346760511398315e-02,1.058116078376770020e+00,1.940338313579559326e-01,-1.310193091630935669e-01,-1.025347486138343811e-01,-1.300528496503829956e-01,-4.037668183445930481e-02,-1.919163614511489868e-01,2.104366272687911987e-01,-7.675745338201522827e-02,1.408291980624198914e-03,-1.240150853991508484e-01,2.312861755490303040e-02,1.799357384443283081e-01,3.151262104511260986e-01,1.338482141494750977e+00,8.277622610330581665e-02,3.688930347561836243e-02,-2.503536939620971680e-01,1.570799946784973145e+00
-7.861363410949707031e+00,-1.886933803558349609e+00,6.581506729125976562e-01,2.949082292616367340e-03,8.030826225876808167e-03,7.413327097892761230e-01,6.710832118988037109e-01,9.937786310911178589e-02,-4.275917075574398041e-03,1.051009893417358398e+00,2.730209827423095703e-01,-9.191543608903884888e-02,-1.081492826342582703e-01,-1.162764951586723328e-01,-2.965231798589229584e-02,-1.770702302455902100e-01,1.743778884410858154e-01,-5.832922458648681641e-02,-6.117867771536111832e-03,-1.148300468921661377e-01,3.766116872429847717e-02,1.559838205575942993e-01,3.051222860813140869e-01,1.346098661422729492e+00,6.122257933020591736e-02,3.977852314710617065e-02,-2.170757055282592773e-01,1.570771217346191406e+00
-7.856706142425537109e+00,-1.884323954582214355e+00,6.588299870491027832e-01,3.357589477673172951e-03,9.149378165602684021e-03,7.342919707298278809e-01,6.787638068199157715e-01,7.074902206659317017e-02,3.692197427153587341e-02,1.026272535324096680e+00,3.513314723968505859e-01,-5.397148430347442627e-02,-1.081114932894706726e-01,-1.065236702561378479e-01,-1.906571350991725922e-02,-1.588425338268280029e-01,1.470589190721511841e-01,-4.416115954518318176e-02,-1.491555850952863693e-02,-1.032561287283897400e-01,5.213249102234840393e-02,1.314593255519866943e-01,3.046427071094512939e-01,1.357032299041748047e+00,3.234212845563888550e-02,3.848102688789367676e-02,-1.708113998174667358e-01,1.570739746093750000e+00
-7.851909160614013672e+00,-1.881828784942626953e+00,6.595400571823120117e-01,3.962909337133169174e-03,1.020676828920841217e-02,7.275023460388183594e-01,6.860178112983703613e-01,4.073619097471237183e-02,6.846170127391815186e-02,9.880036711692810059e-01,4.242273271083831787e-01,-3.530601784586906433e-02,-1.043284758925437927e-01,-9.787736088037490845e-02,-9.374735876917839050e-03,-1.406350731849670410e-01,1.241658926010131836e-01,-3.227549418807029724e-02,-2.361439540982246399e-02,-9.248259663581848145e-02,6.754884123802185059e-02,1.079384237527847290e-01,3.081651329994201660e-01,1.369088411331176758e+00,-1.250980654731392860e-03,3.495313227176666260e-02,-1.167671009898185730e-01,1.570799946784973145e+00
-7.847794055938720703e+00,-1.879422307014465332e+00,6.603469848632812500e-01,4.721672274172306061e-03,1.136684045195579529e-02,7.217410206794738770e-01,6.920537948608398438e-01,6.935737561434507370e-03,9.322790801525115967e-02,9.384310841560363770e-01,4.948740005493164062e-01,-3.540097177028656006e-02,-9.721391648054122925e-02,-8.859284967184066772e-02,-2.070990856736898422e-03,-1.251394152641296387e-01,1.029877588152885437e-01,-2.199867926537990570e-02,-3.103066422045230865e-02,-8.523359149694442749e-02,8.343297988176345825e-02,8.630213886499404907e-02,3.079344928264617920e-01,1.378333091735839844e+00,-3.978262469172477722e-02,3.197899833321571350e-02,-6.063178554177284241e-02,1.570799946784973145e+00
-7.844484806060791016e+00,-1.876770377159118652e+00,6.611705422401428223e-01,5.931835155934095383e-03,1.251290179789066315e-02,7.173920869827270508e-01,6.965319514274597168e-01,-3.034583851695060730e-02,1.133764311671257019e-01,8.796139955520629883e-01,5.583618879318237305e-01,-3.953928127884864807e-02,-8.926822990179061890e-02,-7.716922461986541748e-02,2.654694486409425735e-03,-1.140126287937164307e-01,8.073882013559341431e-02,-1.207276433706283569e-02,-3.654671832919120789e-02,-7.992573827505111694e-02,9.785471111536026001e-02,6.664889305830001831e-02,3.023387491703033447e-01,1.385435819625854492e+00,-7.523368299007415771e-02,3.012638911604881287e-02,-1.419485826045274734e-02,1.570799946784973145e+00
-7.841839790344238281e+00,-1.874437570571899414e+00,6.619065403938293457e-01,7.076092995703220367e-03,1.379851717501878738e-02,7.141212821006774902e-01,6.998502016067504883e-01,-7.058850675821304321e-02,1.261363923549652100e-01,8.108814954757690430e-01,6.074790358543395996e-01,-4.121102020144462585e-02,-7.980687916278839111e-02,-6.629577279090881348e-02,5.005353130400180817e-03,-1.056698262691497803e-01,6.052340939640998840e-02,-3.155997721478343010e-03,-4.069160297513008118e-02,-7.376763224601745605e-02,1.096582561731338501e-01,5.110330134630203247e-02,2.942713499069213867e-01,1.391071319580078125e+00,-1.039114519953727722e-01,2.787470445036888123e-02,2.000388875603675842e-02,1.570799946784973145e+00
-7.839901924133300781e+00,-1.872612118721008301e+00,6.625718474388122559e-01,8.269737474620342255e-03,1.510699000209569931e-02,7.113975882530212402e-01,7.025787234306335449e-01,-1.073692888021469116e-01,1.278185993432998657e-01,7.408965826034545898e-01,6.350624561309814453e-01,-3.997882455587387085e-02,-6.946691870689392090e-02,-5.729199573397636414e-02,6.062126718461513519e-03,-9.876552969217300415e-02,4.356136545538902283e-02,4.283683840185403824e-03,-4.393367096781730652e-02,-6.712446361780166626e-02,1.192494779825210571e-01,3.863864392042160034e-02,2.883500456809997559e-01,1.396145105361938477e+00,-1.266700476408004761e-01,2.526557445526123047e-02,4.618619754910469055e-02,1.570481300354003906e+00
-7.838338851928710938e+00,-1.871102333068847656e+00,6.630176901817321777e-01,9.218343533575534821e-03,1.625648140907287598e-02,7.088013887405395508e-01,7.051604986190795898e-01,-1.374508142471313477e-01,1.188337728381156921e-01,6.721699237823486328e-01,6.402874588966369629e-01,-3.789781033992767334e-02,-5.799470096826553345e-02,-5.093658715486526489e-02,6.610277108848094940e-03,-9.215517342090606689e-02,3.137283772230148315e-02,9.838280268013477325e-03,-4.642646759748458862e-02,-5.894868448376655579e-02,1.271340250968933105e-01,3.027397580444812775e-02,2.872494459152221680e-01,1.400349497795104980e+00,-1.455045193433761597e-01,2.246315591037273407e-02,6.948733329772949219e-02,1.562120437622070312e+00
-7.837131977081298828e+00,-1.869799971580505371e+00,6.632933020591735840e-01,1.014743931591510773e-02,1.720791310071945190e-02,7.062675952911376953e-01,7.076630592346191406e-01,-1.583932638168334961e-01,1.033796891570091248e-01,6.116208434104919434e-01,6.259451508522033691e-01,-3.617496043443679810e-02,-4.650677368044853210e-02,-4.733927547931671143e-02,6.661915220320224762e-03,-8.516928553581237793e-02,2.484723925590515137e-02,1.271238178014755249e-02,-4.850910604000091553e-02,-5.148494988679885864e-02,1.326671838760375977e-01,2.632202580571174622e-02,2.894076704978942871e-01,1.404314517974853516e+00,-1.618597507476806641e-01,2.096743322908878326e-02,8.899071812629699707e-02,1.552099227905273438e+00
-7.836278915405273438e+00,-1.868640542030334473e+00,6.634523868560791016e-01,1.075958739966154099e-02,1.779133826494216919e-02,7.034287452697753906e-01,7.104616165161132812e-01,-1.696176379919052124e-01,8.614688366651535034e-02,5.616033077239990234e-01,5.970759391784667969e-01,-4.204084351658821106e-02,-3.617991507053375244e-02,-4.527420550584793091e-02,7.066234014928340912e-03,-7.717897742986679077e-02,2.130919136106967926e-02,1.433874666690826416e-02,-4.998162388801574707e-02,-4.543348774313926697e-02,1.366569697856903076e-01,2.482545003294944763e-02,2.924531698226928711e-01,1.407511234283447266e+00,-1.762100756168365479e-01,2.156998589634895325e-02,1.033369973301887512e-01,1.543026328086853027e+00
-7.835947513580322266e+00,-1.867254495620727539e+00,6.635282039642333984e-01,1.119676977396011353e-02,1.793237216770648956e-02,7.005909085273742676e-01,7.132499217987060547e-01,-1.717952489852905273e-01,7.059320807456970215e-02,5.253431797027587891e-01,5.596008896827697754e-01,-5.885171145200729370e-02,-2.828720957040786743e-02,-4.319505393505096436e-02,6.896936334669589996e-03,-6.979768723249435425e-02,1.948435790836811066e-02,1.461333595216274261e-02,-5.037380754947662354e-02,-4.183366149663925171e-02,1.390309482812881470e-01,2.523499354720115662e-02,2.944498360157012939e-01,1.410041213035583496e+00,-1.882613599300384521e-01,2.370121330022811890e-02,1.130911335349082947e-01,1.537288188934326172e+00
-7.836116313934326172e+00,-1.865930795669555664e+00,6.635060310363769531e-01,1.134934369474649429e-02,1.767560839653015137e-02,6.985653042793273926e-01,7.152379155158996582e-01,-1.661710739135742188e-01,5.704229697585105896e-02,5.028517246246337891e-01,5.140194892883300781e-01,-8.289691805839538574e-02,-2.096421644091606140e-02,-4.105964303016662598e-02,6.838216912001371384e-03,-6.486412137746810913e-02,1.919026300311088562e-02,1.350444648414850235e-02,-5.001834034919738770e-02,-4.330087825655937195e-02,1.390776038169860840e-01,2.755294740200042725e-02,2.952261567115783691e-01,1.413095116615295410e+00,-1.982222795486450195e-01,2.822866477072238922e-02,1.194257885217666626e-01,1.535009384155273438e+00
-7.836728572845458984e+00,-1.864728450775146484e+00,6.634233593940734863e-01,1.121705025434494019e-02,1.715272665023803711e-02,6.972328424453735352e-01,7.165517210960388184e-01,-1.541300117969512939e-01,4.515511915087699890e-02,4.934024512767791748e-01,4.612180888652801514e-01,-1.076634004712104797e-01,-1.409463770687580109e-02,-3.936661779880523682e-02,7.029352243989706039e-03,-6.137602403759956360e-02,1.993201114237308502e-02,1.168989017605781555e-02,-4.899366945028305054e-02,-4.738975316286087036e-02,1.359882801771163940e-01,3.190466389060020447e-02,2.927860021591186523e-01,1.416870474815368652e+00,-2.043469548225402832e-01,3.405536338686943054e-02,1.218562424182891846e-01,1.534377574920654297e+00
-7.837601661682128906e+00,-1.863470673561096191e+00,6.632758378982543945e-01,1.088546682149171829e-02,1.607729867100715637e-02,6.964113712310791016e-01,7.173801064491271973e-01,-1.376934498548507690e-01,3.408394008874893188e-02,4.930623173713684082e-01,4.019096791744232178e-01,-1.284048557281494141e-01,-7.357344031333923340e-03,-3.703192993998527527e-02,7.435762323439121246e-03,-5.890288576483726501e-02,2.092721126973628998e-02,9.639207273721694946e-03,-4.737789928913116455e-02,-5.218432843685150146e-02,1.294022649526596069e-01,3.815389052033424377e-02,2.872393429279327393e-01,1.419962882995605469e+00,-2.050727158784866333e-01,3.910937532782554626e-02,1.190439835190773010e-01,1.533893227577209473e+00
-7.838980674743652344e+00,-1.861937761306762695e+00,6.629747152328491211e-01,1.008775644004344940e-02,1.468027755618095398e-02,6.964025497436523438e-01,7.174302935600280762e-01,-1.189589798450469971e-01,2.210631221532821655e-02,4.909845292568206787e-01,3.323763906955718994e-01,-1.231193691492080688e-01,-9.917999850586056709e-04,-3.354517370462417603e-02,8.362636901438236237e-03,-5.820427462458610535e-02,2.168315462768077850e-02,6.413199938833713531e-03,-4.513566568493843079e-02,-5.730688199400901794e-02,1.196836009621620178e-01,4.527146369218826294e-02,2.794276177883148193e-01,1.422201752662658691e+00,-2.009404301643371582e-01,4.357916861772537231e-02,1.128150373697280884e-01,1.532963275909423828e+00
-7.840655803680419922e+00,-1.860370159149169922e+00,6.624692678451538086e-01,8.994409814476966858e-03,1.310554984956979752e-02,6.966359615325927734e-01,7.172487378120422363e-01,-9.919883310794830322e-02,1.100481394678354263e-02,4.886844754219055176e-01,2.659884989261627197e-01,-1.030396521091461182e-01,3.932330757379531860e-03,-3.054747544229030609e-02,9.442348033189773560e-03,-5.813061818480491638e-02,2.304341644048690796e-02,2.979316981509327888e-03,-4.204897582530975342e-02,-6.188191100955009460e-02,1.068309843540191650e-01,5.338829010725021362e-02,2.692866027355194092e-01,1.424852132797241211e+00,-1.929202824831008911e-01,4.622242599725723267e-02,1.069992631673812866e-01,1.532927513122558594e+00
-7.842761039733886719e+00,-1.859086990356445312e+00,6.619914770126342773e-01,7.797007914632558823e-03,1.157282292842864990e-02,6.976733207702636719e-01,7.162801027297973633e-01,-8.283836394548416138e-02,2.822185866534709930e-03,4.857529401779174805e-01,2.168420255184173584e-01,-8.481710404157638550e-02,7.771947886794805527e-03,-2.867899462580680847e-02,9.412558749318122864e-03,-5.980898439884185791e-02,2.693591453135013580e-02,-2.151650609448552132e-03,-3.844492137432098389e-02,-6.767033040523529053e-02,8.930048346519470215e-02,6.046092882752418518e-02,2.567595243453979492e-01,1.430228590965270996e+00,-1.845561265945434570e-01,4.802183434367179871e-02,1.029495522379875183e-01,1.536873459815979004e+00
-7.845081329345703125e+00,-1.858508586883544922e+00,6.616250276565551758e-01,7.079354487359523773e-03,1.031450368463993073e-02,6.998827457427978516e-01,7.141481637954711914e-01,-7.047385722398757935e-02,-3.995339386165142059e-03,4.796775281429290771e-01,1.841751188039779663e-01,-7.128645479679107666e-02,1.052601169794797897e-02,-2.814819477498531342e-02,8.099681697785854340e-03,-6.473541259765625000e-02,3.249726444482803345e-02,-7.779004517942667007e-03,-3.413723036646842957e-02,-7.606748491525650024e-02,7.034096121788024902e-02,6.447976082563400269e-02,2.423424869775772095e-01,1.436910390853881836e+00,-1.735925078392028809e-01,4.877385124564170837e-02,9.619135409593582153e-02,1.545475482940673828e+00
-7.847506523132324219e+00,-1.858632445335388184e+00,6.614556908607482910e-01,6.540260277688503265e-03,9.465558454394340515e-03,7.021389007568359375e-01,7.119470238685607910e-01,-6.225932762026786804e-02,-9.564810432493686676e-03,4.736388921737670898e-01,1.612703055143356323e-01,-6.010867655277252197e-02,1.345216110348701477e-02,-3.012804128229618073e-02,5.397618282586336136e-03,-6.878768652677536011e-02,4.003952443599700928e-02,-1.305878721177577972e-02,-2.973797172307968140e-02,-8.166117221117019653e-02,5.115620046854019165e-02,6.604799628257751465e-02,2.247173637151718140e-01,1.440826177597045898e+00,-1.607241034507751465e-01,4.882530868053436279e-02,8.390053361654281616e-02,1.555994749069213867e+00
-7.850219726562500000e+00,-1.859285712242126465e+00,6.613560914993286133e-01,6.254529114812612534e-03,9.102966636419296265e-03,7.043797969818115234e-01,7.097373604774475098e-01,-5.670469999313354492e-02,-1.643715612590312958e-02,4.676737189292907715e-01,1.423187553882598877e-01,-5.032410472631454468e-02,1.779571175575256348e-02,-3.269626200199127197e-02,1.041030045598745346e-03,-7.229697704315185547e-02,4.655830562114715576e-02,-1.730472594499588013e-02,-2.472849003970623016e-02,-8.620230108499526978e-02,3.325137495994567871e-02,6.561526656150817871e-02,2.060979753732681274e-01,1.441403508186340332e+00,-1.468117684125900269e-01,4.679983481764793396e-02,7.231035828590393066e-02,1.565115571022033691e+00
-7.852994441986083984e+00,-1.860298871994018555e+00,6.612970232963562012e-01,6.369858980178833008e-03,9.051914326846599579e-03,7.064226269721984863e-01,7.077037692070007324e-01,-5.255801975727081299e-02,-2.441958524286746979e-02,4.623361825942993164e-01,1.262705177068710327e-01,-4.303156211972236633e-02,2.290746383368968964e-02,-3.626141324639320374e-02,-3.977288957685232162e-03,-7.482148706912994385e-02,5.521620064973831177e-02,-2.492926456034183502e-02,-1.995697990059852600e-02,-9.143771976232528687e-02,1.722294837236404419e-02,6.335423141717910767e-02,1.899933516979217529e-01,1.439790129661560059e+00,-1.347770988941192627e-01,4.411694034934043884e-02,6.797225028276443481e-02,1.570799946784973145e+00
-7.855226993560791016e+00,-1.861192703247070312e+00,6.612408757209777832e-01,6.493174005299806595e-03,8.797507733106613159e-03,7.089525461196899414e-01,7.051714062690734863e-01,-4.968293756246566772e-02,-3.140011802315711975e-02,4.556854367256164551e-01,1.138368770480155945e-01,-3.883392736315727234e-02,2.834195457398891449e-02,-3.953547775745391846e-02,-8.700670674443244934e-03,-7.890641689300537109e-02,6.562718749046325684e-02,-3.644875064492225647e-02,-1.549697574228048325e-02,-9.999040514230728149e-02,3.224056679755449295e-03,5.982793122529983521e-02,1.775293797254562378e-01,1.439755797386169434e+00,-1.244538277387619019e-01,4.105763882398605347e-02,6.755761802196502686e-02,1.570799946784973145e+00
-7.857573509216308594e+00,-1.862148761749267578e+00,6.612424850463867188e-01,6.473090499639511108e-03,8.473423309624195099e-03,7.122693657875061035e-01,7.018252015113830566e-01,-4.754475504159927368e-02,-3.756785020232200623e-02,4.471836388111114502e-01,1.034858301281929016e-01,-3.611595183610916138e-02,3.325837850570678711e-02,-4.157116264104843140e-02,-1.230003032833337784e-02,-8.280394226312637329e-02,7.644163817167282104e-02,-5.460429936647415161e-02,-1.191245112568140030e-02,-1.118578165769577026e-01,-9.873213246464729309e-03,5.405985563993453979e-02,1.648915261030197144e-01,1.442628741264343262e+00,-1.144381016492843628e-01,3.859124705195426941e-02,6.188219040632247925e-02,1.570799946784973145e+00
-7.859501361846923828e+00,-1.862925529479980469e+00,6.613448858261108398e-01,6.099505349993705750e-03,7.908094674348831177e-03,7.157570719718933105e-01,6.982779502868652344e-01,-4.647538065910339355e-02,-4.163209348917007446e-02,4.380197227001190186e-01,9.520306438207626343e-02,-3.406634181737899780e-02,3.754027560353279114e-02,-4.162616282701492310e-02,-1.379891671240329742e-02,-8.418348431587219238e-02,8.577276021242141724e-02,-7.760363072156906128e-02,-8.982253260910511017e-03,-1.245983988046646118e-01,-2.227960154414176941e-02,4.784997925162315369e-02,1.506005078554153442e-01,1.448945522308349609e+00,-1.029683202505111694e-01,3.744066134095191956e-02,4.769999533891677856e-02,1.570799946784973145e+00
-7.860886096954345703e+00,-1.863401055335998535e+00,6.614039540290832520e-01,5.576757248491048813e-03,7.256492506712675095e-03,7.188646793365478516e-01,6.950897574424743652e-01,-4.567919299006462097e-02,-4.404153302311897278e-02,4.295383393764495850e-01,8.931478112936019897e-02,-3.333027660846710205e-02,4.093360900878906250e-02,-4.086019843816757202e-02,-1.348721049726009369e-02,-7.792560011148452759e-02,9.198305755853652954e-02,-1.001650169491767883e-01,-7.282902952283620834e-03,-1.357710063457489014e-01,-3.442328795790672302e-02,4.049644991755485535e-02,1.348971277475357056e-01,1.458376765251159668e+00,-9.190083295106887817e-02,3.702026978135108948e-02,3.197748959064483643e-02,1.570799946784973145e+00
-7.862222194671630859e+00,-1.863583803176879883e+00,6.615126132965087891e-01,4.948077257722616196e-03,6.707661785185337067e-03,7.203283905982971191e-01,6.935831308364868164e-01,-4.343381524085998535e-02,-4.614375159144401550e-02,4.257449209690093994e-01,8.223696798086166382e-02,-3.289242833852767944e-02,4.337894544005393982e-02,-4.248186200857162476e-02,-1.225502137094736099e-02,-6.577577441930770874e-02,9.699342399835586548e-02,-1.134271174669265747e-01,-6.238939240574836731e-03,-1.413639038801193237e-01,-4.476617276668548584e-02,3.284132853150367737e-02,1.195208951830863953e-01,1.468128681182861328e+00,-8.225921541452407837e-02,3.725370019674301147e-02,1.961406879127025604e-02,1.570799946784973145e+00
-7.863630294799804688e+00,-1.863355755805969238e+00,6.614985466003417969e-01,4.403822124004364014e-03,6.122749764472246170e-03,7.199784517288208008e-01,6.939554214477539062e-01,-3.859417513012886047e-02,-4.885978624224662781e-02,4.259495139122009277e-01,7.352951169013977051e-02,-3.303468972444534302e-02,4.546850919723510742e-02,-4.510874301195144653e-02,-1.193453557789325714e-02,-5.448713153600692749e-02,9.749290347099304199e-02,-1.048543155193328857e-01,-5.065228790044784546e-03,-1.413857489824295044e-01,-5.144769325852394104e-02,2.497317083179950714e-02,1.078765019774436951e-01,1.476128697395324707e+00,-7.460159808397293091e-02,3.812604397535324097e-02,1.144606620073318481e-02,1.570799946784973145e+00
-7.865110397338867188e+00,-1.863018155097961426e+00,6.614745855331420898e-01,3.892944660037755966e-03,5.672569852322340012e-03,7.182944416999816895e-01,6.957052350044250488e-01,-3.243329375982284546e-02,-5.176170170307159424e-02,4.300595521926879883e-01,6.356154382228851318e-02,-3.286179527640342712e-02,4.689580202102661133e-02,-4.732484370470046997e-02,-1.218641083687543869e-02,-4.592036083340644836e-02,9.348674863576889038e-02,-8.507941663265228271e-02,-3.203509841114282608e-03,-1.382702589035034180e-01,-5.521447211503982544e-02,1.711106859147548676e-02,1.014421805739402771e-01,1.482438087463378906e+00,-6.825394928455352783e-02,3.934080898761749268e-02,5.392198916524648666e-03,1.570799946784973145e+00
-7.865927219390869141e+00,-1.862447023391723633e+00,6.614565849304199219e-01,3.412092104554176331e-03,5.233292933553457260e-03,7.161176800727844238e-01,6.979515552520751953e-01,-2.558626793324947357e-02,-5.431501194834709167e-02,4.358188807964324951e-01,5.251358449459075928e-02,-3.140318021178245544e-02,4.726938530802726746e-02,-4.711614176630973816e-02,-1.287790294736623764e-02,-3.875690698623657227e-02,8.544076979160308838e-02,-6.629692763090133667e-02,-9.032138623297214508e-04,-1.337564438581466675e-01,-5.521652102470397949e-02,1.025047805160284042e-02,9.988293051719665527e-02,1.487549066543579102e+00,-6.313536316156387329e-02,4.148149862885475159e-02,5.555278621613979340e-04,1.570799946784973145e+00
-7.866559982299804688e+00,-1.861998438835144043e+00,6.615517735481262207e-01,2.738408278673887253e-03,4.741502925753593445e-03,7.137499451637268066e-01,7.003791928291320801e-01,-1.934280246496200562e-02,-5.552752688527107239e-02,4.421702027320861816e-01,4.249348491430282593e-02,-3.003309667110443115e-02,4.731780290603637695e-02,-4.634332284331321716e-02,-1.247890945523977280e-02,-3.187366947531700134e-02,7.797273248434066772e-02,-5.359496176242828369e-02,6.801570416428148746e-04,-1.288917511701583862e-01,-5.323953181505203247e-02,3.394824219867587090e-03,1.016585156321525574e-01,1.492073416709899902e+00,-5.882184579968452454e-02,4.386733099818229675e-02,-3.301169490441679955e-03,1.570799946784973145e+00
-7.866945266723632812e+00,-1.861722826957702637e+00,6.616187691688537598e-01,2.218484180048108101e-03,4.328955430537462234e-03,7.116774320602416992e-01,7.024895548820495605e-01,-1.463734824210405350e-02,-5.623934045433998108e-02,4.477083086967468262e-01,3.486542031168937683e-02,-2.867912873625755310e-02,4.714665189385414124e-02,-4.619146883487701416e-02,-1.174949388951063156e-02,-2.638806402683258057e-02,7.423590123653411865e-02,-4.628302529454231262e-02,1.477820682339370251e-03,-1.247195377945899963e-01,-4.885018989443778992e-02,-2.573528792709112167e-03,1.053238734602928162e-01,1.495547175407409668e+00,-5.543509498238563538e-02,4.683978110551834106e-02,-5.659341346472501755e-03,1.570799946784973145e+00
-7.867384433746337891e+00,-1.861557364463806152e+00,6.616372466087341309e-01,1.513660885393619537e-03,3.869443433359265327e-03,7.100276350975036621e-01,7.041615247726440430e-01,-1.201466470956802368e-02,-5.650656297802925110e-02,4.521208405494689941e-01,3.024196252226829529e-02,-2.836811169981956482e-02,4.725503921508789062e-02,-4.682569950819015503e-02,-1.028333138674497604e-02,-2.212638035416603088e-02,7.286894321441650391e-02,-4.111054167151451111e-02,1.718531944788992405e-03,-1.210651919245719910e-01,-4.395394772291183472e-02,-7.798441220074892044e-03,1.074179336428642273e-01,1.498961091041564941e+00,-5.353510007262229919e-02,5.003298819065093994e-02,-6.131561007350683212e-03,1.570799946784973145e+00
-7.867879390716552734e+00,-1.861443877220153809e+00,6.617355942726135254e-01,5.646741483360528946e-04,3.110305871814489365e-03,7.091121077537536621e-01,7.050886750221252441e-01,-1.074300706386566162e-02,-5.527176335453987122e-02,4.543644487857818604e-01,2.867975085973739624e-02,-2.895602956414222717e-02,4.760273918509483337e-02,-4.636805132031440735e-02,-7.419794797897338867e-03,-2.018855139613151550e-02,7.107707113027572632e-02,-3.791082650423049927e-02,1.439708401449024677e-03,-1.177592352032661438e-01,-3.894633054733276367e-02,-1.082948688417673111e-02,1.067452579736709595e-01,1.502739429473876953e+00,-5.222209170460700989e-02,5.381720140576362610e-02,-5.064638331532478333e-03,1.570799946784973145e+00
-7.868190288543701172e+00,-1.861268997192382812e+00,6.619079113006591797e-01,-8.260385948233306408e-04,2.190190600231289864e-03,7.089933753013610840e-01,7.052112817764282227e-01,-1.055762264877557755e-02,-5.275287479162216187e-02,4.548082649707794189e-01,2.804087102413177490e-02,-2.956875413656234741e-02,4.805775359272956848e-02,-4.505409672856330872e-02,-3.914224449545145035e-03,-2.015137299895286560e-02,6.812386214733123779e-02,-3.538929298520088196e-02,1.266166334971785545e-03,-1.153192222118377686e-01,-3.432371467351913452e-02,-1.218350697308778763e-02,1.063733547925949097e-01,1.507784008979797363e+00,-5.222812294960021973e-02,5.887110903859138489e-02,-2.155862748622894287e-03,1.570799946784973145e+00
-7.868319988250732422e+00,-1.861086487770080566e+00,6.617256402969360352e-01,-1.298342947848141193e-03,1.948014018125832081e-03,7.100377678871154785e-01,7.041596770286560059e-01,-1.281884871423244476e-02,-5.119799822568893433e-02,4.517902135848999023e-01,3.188300877809524536e-02,-3.116473369300365448e-02,4.857011884450912476e-02,-4.017948359251022339e-02,-2.691093366593122482e-03,-2.409482188522815704e-02,5.931285768747329712e-02,-3.068885207176208496e-02,1.020404510200023651e-03,-1.156680211424827576e-01,-3.071985021233558655e-02,-1.503034867346286774e-02,1.073071658611297607e-01,1.513747215270996094e+00,-5.290118232369422913e-02,6.187181174755096436e-02,8.676486904732882977e-04,1.570799946784973145e+00
-7.868384361267089844e+00,-1.860962748527526855e+00,6.614857912063598633e-01,-1.380485016852617264e-03,1.975455787032842636e-03,7.116315960884094238e-01,7.025486826896667480e-01,-1.603423245251178741e-02,-5.029113218188285828e-02,4.473924934864044189e-01,3.813517466187477112e-02,-3.409186378121376038e-02,4.902913793921470642e-02,-3.325521573424339294e-02,-2.620387356728315353e-03,-2.923994511365890503e-02,4.681503772735595703e-02,-2.484142966568470001e-02,7.593269110657274723e-04,-1.170613691210746765e-01,-2.729846723377704620e-02,-1.800599694252014160e-02,1.095987036824226379e-01,1.520765066146850586e+00,-5.437682196497917175e-02,6.398066133260726929e-02,4.831671714782714844e-03,1.570799946784973145e+00
-7.868031501770019531e+00,-1.860721230506896973e+00,6.612895727157592773e-01,-1.405226998031139374e-03,2.003086032345890999e-03,7.129779458045959473e-01,7.011822462081909180e-01,-1.824329979717731476e-02,-4.887274280190467834e-02,4.436726868152618408e-01,4.316350445151329041e-02,-3.626865893602371216e-02,4.877680912613868713e-02,-2.717924118041992188e-02,-2.006031107157468796e-03,-3.332695737481117249e-02,3.553383424878120422e-02,-1.927120424807071686e-02,5.737320170737802982e-04,-1.175844892859458923e-01,-2.359892055392265320e-02,-2.031745947897434235e-02,1.130268648266792297e-01,1.527544736862182617e+00,-5.687495693564414978e-02,6.588487327098846436e-02,9.784917347133159637e-03,1.570799946784973145e+00
-7.867681503295898438e+00,-1.860422849655151367e+00,6.611615419387817383e-01,-1.769944326952099800e-03,1.763019361533224583e-03,7.139561176300048828e-01,7.001860141754150391e-01,-1.994605176150798798e-02,-4.680759832262992859e-02,4.411077797412872314e-01,4.659488424658775330e-02,-3.765658289194107056e-02,4.820564389228820801e-02,-2.258824370801448822e-02,-3.503571788314729929e-04,-3.640041872859001160e-02,2.753634937107563019e-02,-1.581761240959167480e-02,-2.386709966231137514e-04,-1.174105331301689148e-01,-1.990668661892414093e-02,-2.148472703993320465e-02,1.154984161257743835e-01,1.533887505531311035e+00,-5.942807719111442566e-02,6.835045665502548218e-02,1.559827849268913269e-02,1.570799946784973145e+00
-7.867091655731201172e+00,-1.860066056251525879e+00,6.610971093177795410e-01,-2.010456519201397896e-03,1.678849104791879654e-03,7.148103713989257812e-01,6.993134021759033203e-01,-2.128599584102630615e-02,-4.489537328481674194e-02,4.386611282825469971e-01,4.935365542769432068e-02,-3.879824280738830566e-02,4.734170436859130859e-02,-1.911536976695060730e-02,1.190338633023202419e-03,-3.902819007635116577e-02,2.140299230813980103e-02,-1.343630719929933548e-02,-1.189755275845527649e-03,-1.174130663275718689e-01,-1.664175465703010559e-02,-2.247333899140357971e-02,1.168450266122817993e-01,1.540066361427307129e+00,-6.243524700403213501e-02,7.060057669878005981e-02,2.101561985909938812e-02,1.570799946784973145e+00
-7.866317749023437500e+00,-1.859888195991516113e+00,6.610927581787109375e-01,-2.283673267811536789e-03,1.503066509030759335e-03,7.152373790740966797e-01,6.988762617111206055e-01,-2.234679833054542542e-02,-4.276365786790847778e-02,4.376899898052215576e-01,5.167505890130996704e-02,-3.934997692704200745e-02,4.646876081824302673e-02,-1.726227439939975739e-02,3.038087859749794006e-03,-4.059984534978866577e-02,1.823692582547664642e-02,-1.204010006040334702e-02,-2.229599282145500183e-03,-1.165398508310317993e-01,-1.411891728639602661e-02,-2.449067868292331696e-02,1.174723431468009949e-01,1.546133160591125488e+00,-6.403603404760360718e-02,7.277825474739074707e-02,2.501216344535350800e-02,1.570799946784973145e+00
-7.865719318389892578e+00,-1.859830617904663086e+00,6.610994935035705566e-01,-2.345225075259804726e-03,1.519905752502381802e-03,7.154198288917541504e-01,6.986892819404602051e-01,-2.312423661351203918e-02,-4.120493680238723755e-02,4.373128414154052734e-01,5.319413542747497559e-02,-3.965444117784500122e-02,4.552216827869415283e-02,-1.607712730765342712e-02,4.036739002913236618e-03,-4.137594252824783325e-02,1.573127508163452148e-02,-1.091139856725931168e-02,-3.350316779688000679e-03,-1.156685575842857361e-01,-1.195741910487413406e-02,-2.715485543012619019e-02,1.191941127181053162e-01,1.551394581794738770e+00,-6.505053490400314331e-02,7.470841705799102783e-02,2.833715453743934631e-02,1.570799946784973145e+00
-7.865718841552734375e+00,-1.859893083572387695e+00,6.610965132713317871e-01,-2.286299830302596092e-03,1.589858904480934143e-03,7.154195308685302734e-01,6.986895799636840820e-01,-2.350421808660030365e-02,-4.004703834652900696e-02,4.376264512538909912e-01,5.458629876375198364e-02,-4.015604406595230103e-02,4.437059164047241211e-02,-1.537840068340301514e-02,5.074303597211837769e-03,-4.151119291782379150e-02,1.384554151445627213e-02,-9.689430706202983856e-03,-4.479982890188694000e-03,-1.142711937427520752e-01,-9.930253028869628906e-03,-3.032411634922027588e-02,1.216338425874710083e-01,1.555750846862792969e+00,-6.527974456548690796e-02,7.544387876987457275e-02,3.024604916572570801e-02,1.570799946784973145e+00
-7.864759922027587891e+00,-1.859716534614562988e+00,6.610968112945556641e-01,-2.191813895478844643e-03,1.740194740705192089e-03,7.153578996658325195e-01,6.987525820732116699e-01,-2.366607636213302612e-02,-3.905738145112991333e-02,4.382037520408630371e-01,5.548661947250366211e-02,-4.039285704493522644e-02,4.319467023015022278e-02,-1.444569882005453110e-02,5.855801515281200409e-03,-4.160192608833312988e-02,1.196038164198398590e-02,-8.857920765876770020e-03,-5.515646655112504959e-03,-1.126996502280235291e-01,-8.807302452623844147e-03,-3.378066048026084900e-02,1.252069622278213501e-01,1.559240460395812988e+00,-6.480323523283004761e-02,7.542323321104049683e-02,3.090160340070724487e-02,1.570799946784973145e+00
-7.864755153656005859e+00,-1.859717965126037598e+00,6.611589193344116211e-01,-1.979672582820057869e-03,1.938221394084393978e-03,7.152960896492004395e-01,6.988160610198974609e-01,-2.376206591725349426e-02,-3.854473307728767395e-02,4.385696053504943848e-01,5.607350543141365051e-02,-4.037806391716003418e-02,4.215081408619880676e-02,-1.377061195671558380e-02,6.062482949346303940e-03,-4.162488132715225220e-02,1.064637769013643265e-02,-8.077804930508136749e-03,-6.405662279576063156e-03,-1.116507053375244141e-01,-7.632120046764612198e-03,-3.698948398232460022e-02,1.286033391952514648e-01,1.561160683631896973e+00,-6.381785869598388672e-02,7.493460178375244141e-02,3.067034110426902771e-02,1.570799946784973145e+00
-7.866372585296630859e+00,-1.860140800476074219e+00,6.613987684249877930e-01,-1.702423323877155781e-03,2.193623688071966171e-03,7.152342200279235840e-01,6.988793015480041504e-01,-2.358270622789859772e-02,-3.774005547165870667e-02,4.392080605030059814e-01,5.638597160577774048e-02,-4.030248522758483887e-02,4.073786363005638123e-02,-1.299375947564840317e-02,6.747389677911996841e-03,-4.152292013168334961e-02,8.958777412772178650e-03,-7.062799762934446335e-03,-7.790300063788890839e-03,-1.111250966787338257e-01,-6.337685044854879379e-03,-4.112676903605461121e-02,1.337766051292419434e-01,1.562267065048217773e+00,-6.237808242440223694e-02,7.424976676702499390e-02,3.005645051598548889e-02,1.570799946784973145e+00
-7.864748477935791016e+00,-1.859721541404724121e+00,6.613321304321289062e-01,-1.453497679904103279e-03,2.416492206975817680e-03,7.152330875396728516e-01,6.988802552223205566e-01,-2.325670793652534485e-02,-3.749373555183410645e-02,4.391218721866607666e-01,5.661851540207862854e-02,-4.045322909951210022e-02,3.954811394214630127e-02,-1.176388189196586609e-02,7.221089676022529602e-03,-4.167262092232704163e-02,6.985860411077737808e-03,-6.201446987688541412e-03,-8.869698271155357361e-03,-1.121688187122344971e-01,-5.377543158829212189e-03,-4.417138174176216125e-02,1.366089582443237305e-01,1.560289621353149414e+00,-6.165789440274238586e-02,7.439361512660980225e-02,2.944320067763328552e-02,1.570799946784973145e+00
-7.863485813140869141e+00,-1.859362006187438965e+00,6.612719297409057617e-01,-1.141120097599923611e-03,2.692046575248241425e-03,7.152316570281982422e-01,6.988813281059265137e-01,-2.285206876695156097e-02,-3.704890608787536621e-02,4.390822350978851318e-01,5.683108419179916382e-02,-4.039668664336204529e-02,3.840201720595359802e-02,-1.038269605487585068e-02,7.350787520408630371e-03,-4.164801165461540222e-02,4.492484964430332184e-03,-4.884512629359960556e-03,-9.979973547160625458e-03,-1.128646135330200195e-01,-5.077975802123546600e-03,-4.672392085194587708e-02,1.380348205566406250e-01,1.557458877563476562e+00,-6.088427454233169556e-02,7.450322806835174561e-02,2.797232568264007568e-02,1.570799946784973145e+00
-7.861985683441162109e+00,-1.858883142471313477e+00,6.612024307250976562e-01,-9.177199099212884903e-04,2.886914182454347610e-03,7.149870395660400391e-01,6.991311907768249512e-01,-2.254158444702625275e-02,-3.646454587578773499e-02,4.396881461143493652e-01,5.701893940567970276e-02,-4.070144891738891602e-02,3.730737417936325073e-02,-8.989279158413410187e-03,8.040575310587882996e-03,-4.113545268774032593e-02,1.656101783737540245e-03,-3.174083773046731949e-03,-1.094978768378496170e-02,-1.133873909711837769e-01,-5.766673944890499115e-03,-4.992172494530677795e-02,1.378823369741439819e-01,1.554055333137512207e+00,-5.948341265320777893e-02,7.393926382064819336e-02,2.606567181646823883e-02,1.570799946784973145e+00
-7.861866474151611328e+00,-1.858828663825988770e+00,6.612568497657775879e-01,-7.937646005302667618e-04,3.057353897020220757e-03,7.148025631904602051e-01,6.993191838264465332e-01,-2.217425405979156494e-02,-3.570076450705528259e-02,4.404787719249725342e-01,5.715676769614219666e-02,-4.059019684791564941e-02,3.617950156331062317e-02,-7.976180873811244965e-03,8.757488802075386047e-03,-4.076145589351654053e-02,4.596843040188759635e-16,-2.323926892131567001e-03,-1.206112653017044067e-02,-1.135595142841339111e-01,-7.006612606346607208e-03,-5.245551839470863342e-02,1.360016316175460815e-01,1.551076173782348633e+00,-5.795783177018165588e-02,7.392656803131103516e-02,2.471651695668697357e-02,1.570799946784973145e+00
-7.867928981781005859e+00,-1.860227346420288086e+00,6.619118452072143555e-01,-6.016744882799685001e-04,3.225690918043255806e-03,7.144326567649841309e-01,6.996965408325195312e-01,-2.166915684938430786e-02,-3.451909869909286499e-02,4.416662454605102539e-01,5.733344331383705139e-02,-4.061137884855270386e-02,3.459602966904640198e-02,-7.860240526497364044e-03,9.706204757094383240e-03,-3.997655957937240601e-02,3.187055038851100087e-19,-2.377280266955494881e-03,-1.369900442659854889e-02,-1.137239858508110046e-01,-9.135265834629535675e-03,-5.563191697001457214e-02,1.325920671224594116e-01,1.546574473381042480e+00,-5.566192418336868286e-02,7.322822511196136475e-02,2.251958474516868591e-02,1.570799946784973145e+00
