-8.141459465026855469e+00,-1.706007838249206543e+00,6.616182327270507812e-01,3.434690297581255436e-04,-5.874324706383049488e-04,-6.830601096153259277e-01,-7.303618192672729492e-01,3.771914914250373840e-02,-1.058871857821941376e-03,3.981624543666839600e-01,3.346248532676344491e-18,-2.688175626099109650e-02,-1.454454846680164337e-02,-6.329028308391571045e-02,-1.572555117309093475e-02,2.025725841522216797e-01,1.009285822510719299e-02,5.324487015604972839e-02,2.754338458180427551e-02,-9.610997885465621948e-02,-5.254551023244857788e-02,-6.269053369760513306e-02,7.686873525381088257e-02,1.570799946784973145e+00,-4.354524612426757812e-02,2.382666245102882385e-02,-1.015274748206138611e-01,1.570799946784973145e+00
-8.141579627990722656e+00,-1.706007838249206543e+00,6.616182923316955566e-01,3.434095706325024366e-04,-5.874236812815070152e-04,-6.830601096153259277e-01,-7.303618192672729492e-01,3.771901875734329224e-02,-1.057640998624265194e-03,3.981560170650482178e-01,-2.344536533187384466e-18,-2.688157744705677032e-02,-1.454397849738597870e-02,-6.329018622636795044e-02,-1.572564244270324707e-02,2.025725990533828735e-01,1.009285449981689453e-02,5.324485898017883301e-02,2.754339762032032013e-02,-9.610997885465621948e-02,-5.254559963941574097e-02,-6.269048899412155151e-02,7.686873525381088257e-02,1.570799946784973145e+00,-4.366113618016242981e-02,2.380938641726970673e-02,-1.017165407538414001e-01,1.570799946784973145e+00
-8.141458511352539062e+00,-1.706007242202758789e+00,6.616144180297851562e-01,3.428770578466355801e-04,-5.847394349984824657e-04,-6.830598711967468262e-01,-7.303620576858520508e-01,3.766215220093727112e-02,-1.319712260738015175e-03,3.982851505279541016e-01,4.217434533431733824e-18,-2.680891193449497223e-02,-1.446498837321996689e-02,-6.328507512807846069e-02,-1.572102494537830353e-02,2.025728821754455566e-01,1.009299699217081070e-02,5.324650183320045471e-02,2.754163369536399841e-02,-9.628422558307647705e-02,-5.251729115843772888e-02,-6.268245726823806763e-02,7.703654468059539795e-02,1.570799946784973145e+00,-4.371288418769836426e-02,2.382786571979522705e-02,-1.015271693468093872e-01,1.570799946784973145e+00
-8.141518592834472656e+00,-1.706007480621337891e+00,6.616141200065612793e-01,3.429471398703753948e-04,-5.846739513799548149e-04,-6.830599308013916016e-01,-7.303619980812072754e-01,3.763355687260627747e-02,-1.395256374962627888e-03,3.982804715633392334e-01,-6.113992587532090571e-18,-2.680667117238044739e-02,-1.438058726489543915e-02,-6.328555941581726074e-02,-1.572185754776000977e-02,2.025728374719619751e-01,1.009314320981502533e-02,5.324676260352134705e-02,2.754273079335689545e-02,-9.628433734178543091e-02,-5.256204679608345032e-02,-6.269479542970657349e-02,7.686100155115127563e-02,1.570799946784973145e+00,-4.395354539155960083e-02,2.398358471691608429e-02,-1.013552471995353699e-01,1.570799946784973145e+00
-8.141518592834472656e+00,-1.706005930900573730e+00,6.616141796112060547e-01,4.071202711202204227e-04,-5.330809508450329304e-04,-6.830600500106811523e-01,-7.303619384765625000e-01,3.762361779808998108e-02,-1.224420848302543163e-03,3.982800841331481934e-01,-1.676247183343289632e-18,-2.679777890443801880e-02,-1.438609324395656586e-02,-6.328953057527542114e-02,-1.555323507636785507e-02,2.025617063045501709e-01,1.008825656026601791e-02,5.323426425457000732e-02,2.753645554184913635e-02,-9.628438204526901245e-02,-5.255913361907005310e-02,-6.270503252744674683e-02,7.685770094394683838e-02,1.570799946784973145e+00,-4.380903765559196472e-02,2.398176118731498718e-02,-1.013346314430236816e-01,1.570799946784973145e+00
-8.141518592834472656e+00,-1.706005573272705078e+00,6.616128087043762207e-01,4.067657864652574062e-04,-5.334579036571085453e-04,-6.830601096153259277e-01,-7.303618788719177246e-01,3.762364387512207031e-02,-1.221715239807963371e-03,3.982606232166290283e-01,-3.368264565064902738e-18,-2.679720707237720490e-02,-1.438453979790210724e-02,-6.330372393131256104e-02,-1.554850023239850998e-02,2.025616019964218140e-01,9.914985857903957367e-03,5.342045798897743225e-02,2.753876894712448120e-02,-9.611000865697860718e-02,-5.279727652668952942e-02,-6.254249066114425659e-02,7.651641964912414551e-02,1.570799946784973145e+00,-4.372457414865493774e-02,2.396511472761631012e-02,-1.016933992505073547e-01,1.570799946784973145e+00
-8.141578674316406250e+00,-1.706064224243164062e+00,6.616155505180358887e-01,4.009844269603490829e-04,-5.942761781625449657e-04,-6.830595731735229492e-01,-7.303622961044311523e-01,3.746528550982475281e-02,-1.304697128944098949e-03,3.982316553592681885e-01,2.737229568853818027e-18,-2.670929394662380219e-02,-1.428684033453464508e-02,-6.336938589811325073e-02,-1.565557718276977539e-02,2.024075239896774292e-01,9.923498146235942841e-03,5.339870229363441467e-02,2.753472886979579926e-02,-9.610885381698608398e-02,-5.291695520281791687e-02,-6.245035305619239807e-02,7.633671164512634277e-02,1.570799946784973145e+00,-4.380793496966362000e-02,2.404867298901081085e-02,-1.016972064971923828e-01,1.570799946784973145e+00
-8.141518592834472656e+00,-1.706004142761230469e+00,6.616156101226806641e-01,4.010287811979651451e-04,-5.942990537732839584e-04,-6.830595731735229492e-01,-7.303622961044311523e-01,3.746502101421356201e-02,-1.303442637436091900e-03,3.982252478599548340e-01,3.188431984378271171e-18,-2.670910395681858063e-02,-1.428627874702215195e-02,-6.336947530508041382e-02,-1.565555483102798462e-02,2.024075239896774292e-01,9.923492558300495148e-03,5.339868366718292236e-02,2.753474004566669464e-02,-9.610885381698608398e-02,-5.320823937654495239e-02,-6.230314821004867554e-02,7.582026720046997070e-02,1.570799946784973145e+00,-4.380784928798675537e-02,2.404858358204364777e-02,-1.016972064971923828e-01,1.570799946784973145e+00
-8.141697883605957031e+00,-1.706064224243164062e+00,6.616158485412597656e-01,4.011013079434633255e-04,-5.942312418483197689e-04,-6.830595731735229492e-01,-7.303622961044311523e-01,3.746500238776206970e-02,-1.301674637943506241e-03,3.982252478599548340e-01,-1.501947613774025268e-18,-2.670855447649955750e-02,-1.428771857172250748e-02,-6.335997581481933594e-02,-1.573874056339263916e-02,2.024068683385848999e-01,9.933056309819221497e-03,5.339842662215232849e-02,2.761661075055599213e-02,-9.610887616872787476e-02,-5.308279022574424744e-02,-6.232833862304687500e-02,7.563544064760208130e-02,1.570799946784973145e+00,-4.400957003235816956e-02,2.404875680804252625e-02,-1.015291810035705566e-01,1.570799946784973145e+00
-8.141697883605957031e+00,-1.706063985824584961e+00,6.616201996803283691e-01,3.999834298156201839e-04,-5.952764768153429031e-04,-6.830596327781677246e-01,-7.303622961044311523e-01,3.748511895537376404e-02,-1.314506400376558304e-03,3.982245624065399170e-01,7.421889419865463417e-19,-2.690072543919086456e-02,-1.410934142768383026e-02,-6.335828453302383423e-02,-1.574250310659408569e-02,2.024069577455520630e-01,9.931815788149833679e-03,5.339576303958892822e-02,2.761696465313434601e-02,-9.610896557569503784e-02,-5.312790349125862122e-02,-6.234573200345039368e-02,7.546003907918930054e-02,1.570799946784973145e+00,-4.398061335086822510e-02,2.387286350131034851e-02,-1.015368103981018066e-01,1.570799946784973145e+00
-8.141757965087890625e+00,-1.706123828887939453e+00,6.616205573081970215e-01,3.999672189820557833e-04,-5.952736828476190567e-04,-6.831232905387878418e-01,-7.303027510643005371e-01,3.746393322944641113e-02,-1.305610639974474907e-03,3.980438113212585449e-01,2.039689871778929305e-18,-2.688079327344894409e-02,-1.410150807350873947e-02,-6.333868950605392456e-02,-1.575561240315437317e-02,2.022393047809600830e-01,9.941357187926769257e-03,5.337026342749595642e-02,2.761066146194934845e-02,-9.628328680992126465e-02,-5.311562120914459229e-02,-6.217140331864356995e-02,7.546448707580566406e-02,1.570799946784973145e+00,-4.398582503199577332e-02,2.388246916234493256e-02,-1.015266254544258118e-01,1.570799946784973145e+00
-8.141757965087890625e+00,-1.706122517585754395e+00,6.616237163543701172e-01,4.619000537786632776e-04,-5.373723106458783150e-04,-6.831233501434326172e-01,-7.303026914596557617e-01,3.748235106468200684e-02,-9.805017616599798203e-04,3.980533778667449951e-01,1.802799199619002443e-18,-2.688238024711608887e-02,-1.408516243100166321e-02,-6.334754079580307007e-02,-1.558319106698036194e-02,2.023899257183074951e-01,9.953601285815238953e-03,5.337169393897056580e-02,2.762306854128837585e-02,-9.628369659185409546e-02,-5.333011969923973083e-02,-6.201494857668876648e-02,7.526575773954391479e-02,1.570799946784973145e+00,-4.389915242791175842e-02,2.404066734015941620e-02,-1.018821671605110168e-01,1.570799946784973145e+00
-8.141759872436523438e+00,-1.706182122230529785e+00,6.616128683090209961e-01,4.597803927026689053e-04,-5.393545725382864475e-04,-6.831238269805908203e-01,-7.303022146224975586e-01,3.732835501432418823e-02,-1.012499444186687469e-03,3.980574011802673340e-01,-4.108468790569204658e-18,-2.709322422742843628e-02,-1.417433377355337143e-02,-6.340010464191436768e-02,-1.533259078860282898e-02,2.023924887180328369e-01,9.804054163396358490e-03,5.372469127178192139e-02,2.772072702646255493e-02,-9.628503024578094482e-02,-5.333061516284942627e-02,-6.202071532607078552e-02,7.526607811450958252e-02,1.570799946784973145e+00,-4.412206634879112244e-02,2.401673048734664917e-02,-1.017143428325653076e-01,1.570799946784973145e+00
-8.142539024353027344e+00,-1.706480503082275391e+00,6.616700887680053711e-01,4.586445575114339590e-04,-5.389890284277498722e-04,-6.831238865852355957e-01,-7.303021550178527832e-01,3.705206885933876038e-02,-9.373884531669318676e-04,3.980407118797302246e-01,-3.651972212329258999e-18,-2.662915550172328949e-02,-1.400169171392917633e-02,-6.344562023878097534e-02,-1.524819340556859970e-02,2.022473663091659546e-01,9.427122771739959717e-03,5.399671196937561035e-02,2.762641943991184235e-02,-9.628538787364959717e-02,-5.333276838064193726e-02,-6.202007457613945007e-02,7.526616007089614868e-02,1.570799946784973145e+00,-4.412427917122840881e-02,2.401564270257949829e-02,-1.017142906785011292e-01,1.570799946784973145e+00
-8.141760826110839844e+00,-1.706598162651062012e+00,6.615985631942749023e-01,4.577656218316406012e-04,-5.398382199928164482e-04,-6.830607056617736816e-01,-7.303612828254699707e-01,3.670573607087135315e-02,-6.738544325344264507e-04,3.980014026165008545e-01,6.959837289836458485e-18,-2.628158219158649445e-02,-1.422957982867956161e-02,-6.365369260311126709e-02,-1.512476336210966110e-02,2.024773508310317993e-01,8.940313011407852173e-03,5.484284833073616028e-02,2.753531560301780701e-02,-9.611233323812484741e-02,-5.316581577062606812e-02,-6.203181296586990356e-02,7.525078207254409790e-02,1.570799946784973145e+00,-4.412452504038810730e-02,2.401308901607990265e-02,-1.017141714692115784e-01,1.570799946784973145e+00
-8.141702651977539062e+00,-1.706835389137268066e+00,6.616535782814025879e-01,4.577657673507928848e-04,-5.398108041845262051e-04,-6.831244230270385742e-01,-7.303016781806945801e-01,3.630610555410385132e-02,-4.406220687087625265e-04,3.977725207805633545e-01,2.103485762931775288e-18,-2.571555227041244507e-02,-1.427418924868106842e-02,-6.376353651285171509e-02,-1.502514723688364029e-02,2.023445665836334229e-01,8.228111080825328827e-03,5.547804012894630432e-02,2.727425657212734222e-02,-9.628680348396301270e-02,-5.336561426520347595e-02,-6.202920898795127869e-02,7.507198303937911987e-02,1.570799946784973145e+00,-4.412453621625900269e-02,2.401325106620788574e-02,-1.017141789197921753e-01,1.570799946784973145e+00
-8.141042709350585938e+00,-1.706830739974975586e+00,6.615855693817138672e-01,4.554262559395283461e-04,-5.419987137429416180e-04,-6.831246614456176758e-01,-7.303014397621154785e-01,3.595707565546035767e-02,-3.926481876987963915e-04,3.977334797382354736e-01,5.109333860508486953e-19,-2.535668201744556427e-02,-1.409325469285249710e-02,-6.421416997909545898e-02,-1.500266045331954956e-02,2.023981809616088867e-01,8.033806458115577698e-03,5.611742660403251648e-02,2.742468379437923431e-02,-9.628757089376449585e-02,-5.336857959628105164e-02,-6.203954294323921204e-02,7.506258040666580200e-02,1.570799946784973145e+00,-4.412522166967391968e-02,2.400688081979751587e-02,-1.017138883471488953e-01,1.570799946784973145e+00
-8.141041755676269531e+00,-1.707010030746459961e+00,6.615809798240661621e-01,4.548377764876931906e-04,-5.424141418188810349e-04,-6.831250786781311035e-01,-7.303010225296020508e-01,3.575763106346130371e-02,-2.006292925216257572e-04,3.978661596775054932e-01,7.109356286012435816e-19,-2.511367015540599823e-02,-1.417932379990816116e-02,-6.432390958070755005e-02,-1.480835024267435074e-02,2.025889009237289429e-01,7.838766090571880341e-03,5.642943829298019409e-02,2.725314535200595856e-02,-9.628871083259582520e-02,-5.336890369653701782e-02,-6.204104050993919373e-02,7.506266236305236816e-02,1.570799946784973145e+00,-4.412557929754257202e-02,2.400538325309753418e-02,-1.017138212919235229e-01,1.570799946784973145e+00
-8.141101837158203125e+00,-1.707127928733825684e+00,6.615750789642333984e-01,4.543797695077955723e-04,-5.428424337878823280e-04,-6.831253767013549805e-01,-7.303007841110229492e-01,3.547785058617591858e-02,-1.409806573064997792e-04,3.976937234401702881e-01,6.204406737206586708e-18,-2.482742816209793091e-02,-1.418292149901390076e-02,-6.446824222803115845e-02,-1.478559803217649460e-02,2.026501893997192383e-01,7.535845041275024414e-03,5.687333270907402039e-02,2.724066562950611115e-02,-9.628951549530029297e-02,-5.336901172995567322e-02,-6.204228848218917847e-02,7.506272941827774048e-02,1.570799946784973145e+00,-4.412571340799331665e-02,2.400413714349269867e-02,-1.017137616872787476e-01,1.570799946784973145e+00
-8.141043663024902344e+00,-1.707307100296020508e+00,6.616287231445312500e-01,4.226213204674422741e-04,-5.737274768762290478e-04,-6.831261515617370605e-01,-7.303000688552856445e-01,3.519134223461151123e-02,-1.906721445266157389e-04,3.976983428001403809e-01,1.398346860966938471e-18,-2.455546148121356964e-02,-1.412609312683343887e-02,-6.465138494968414307e-02,-1.468291506171226501e-02,2.025711387395858765e-01,7.350591477006673813e-03,5.723694711923599243e-02,2.703627571463584900e-02,-9.629161655902862549e-02,-5.337478592991828918e-02,-6.213046237826347351e-02,7.506760209798812866e-02,1.570799946784973145e+00,-4.401757940649986267e-02,2.393151074647903442e-02,-1.015206202864646912e-01,1.570799946784973145e+00
-8.140982627868652344e+00,-1.707484960556030273e+00,6.616197228431701660e-01,4.219059192109853029e-04,-5.731295677833259106e-04,-6.831268072128295898e-01,-7.302994728088378906e-01,3.503714874386787415e-02,-3.545499930623918772e-05,3.976874053478240967e-01,6.009445953694549387e-19,-2.418751083314418793e-02,-1.422740332782268524e-02,-6.473711133003234863e-02,-1.465439703315496445e-02,2.026875615119934082e-01,7.276534102857112885e-03,5.757107585668563843e-02,2.718142792582511902e-02,-9.629371017217636108e-02,-5.337704345583915710e-02,-6.213513389229774475e-02,7.506786286830902100e-02,1.570799946784973145e+00,-4.401925578713417053e-02,2.392863482236862183e-02,-1.015239208936691284e-01,1.570799946784973145e+00
-8.140984535217285156e+00,-1.707662582397460938e+00,6.616138815879821777e-01,3.883164026774466038e-04,-6.025060429237782955e-04,-6.831274628639221191e-01,-7.302988171577453613e-01,3.465076908469200134e-02,7.177086081355810165e-05,3.976957201957702637e-01,-3.987771558669142178e-18,-2.363210543990135193e-02,-1.416854094713926315e-02,-6.496500223875045776e-02,-1.453995518386363983e-02,2.027972936630249023e-01,7.313787471503019333e-03,5.793241411447525024e-02,2.697325497865676880e-02,-9.629581868648529053e-02,-5.338763073086738586e-02,-6.222431734204292297e-02,7.507278770208358765e-02,1.570799946784973145e+00,-4.402976855635643005e-02,2.384145371615886688e-02,-1.015215888619422913e-01,1.570799946784973145e+00
-8.140925407409667969e+00,-1.707840800285339355e+00,6.616041660308837891e-01,4.805536300409585238e-04,-5.857601063326001167e-04,-6.831285357475280762e-01,-7.302977442741394043e-01,3.411475569009780884e-02,4.997609066776931286e-04,3.977023065090179443e-01,-2.417705828246528220e-18,-2.318453602492809296e-02,-1.445527374744415283e-02,-6.555556505918502808e-02,-1.418729312717914581e-02,2.027057856321334839e-01,7.128002122044563293e-03,5.825328081846237183e-02,2.677126601338386536e-02,-9.629866480827331543e-02,-5.343014001846313477e-02,-6.204405054450035095e-02,7.522382587194442749e-02,1.570799946784973145e+00,-4.413832351565361023e-02,2.400059066712856293e-02,-1.015128567814826965e-01,1.570799946784973145e+00
-8.140867233276367188e+00,-1.708018541336059570e+00,6.616582870483398438e-01,4.805123608093708754e-04,-5.857987562194466591e-04,-6.831289529800415039e-01,-7.302973866462707520e-01,3.382715955376625061e-02,6.384328007698059082e-04,3.974936008453369141e-01,1.476008483459978221e-20,-2.270846627652645111e-02,-1.444191019982099533e-02,-6.579449772834777832e-02,-1.413897238671779633e-02,2.029649019241333008e-01,6.856933701783418655e-03,5.888671800494194031e-02,2.658933959901332855e-02,-9.629983454942703247e-02,-5.343015119433403015e-02,-6.204416230320930481e-02,7.522383332252502441e-02,1.570799946784973145e+00,-4.414221644401550293e-02,2.401019074022769928e-02,-1.015008240938186646e-01,1.570799946784973145e+00
-8.140747070312500000e+00,-1.708196163177490234e+00,6.616480946540832520e-01,4.794228298123925924e-04,-5.868177395313978195e-04,-6.831295490264892578e-01,-7.302968502044677734e-01,3.329886123538017273e-02,6.573424907401204109e-04,3.974916338920593262e-01,-2.036527456899562511e-19,-2.236409485340118408e-02,-1.437722146511077881e-02,-6.609634310007095337e-02,-1.403141207993030548e-02,2.030272036790847778e-01,6.759222596883773804e-03,5.930601432919502258e-02,2.666166983544826508e-02,-9.630142897367477417e-02,-5.343040451407432556e-02,-6.204712763428688049e-02,7.522399723529815674e-02,1.570799946784973145e+00,-4.392069578170776367e-02,2.402709797024726868e-02,-1.016664355993270874e-01,1.570799946784973145e+00
-8.140628814697265625e+00,-1.708314776420593262e+00,6.616412997245788574e-01,4.470978747121989727e-04,-6.144291255623102188e-04,-6.831299662590026855e-01,-7.302964329719543457e-01,3.322383016347885132e-02,6.951143732294440269e-04,3.976498842239379883e-01,-2.967065837954739531e-18,-2.230226993560791016e-02,-1.445274800062179565e-02,-6.637485325336456299e-02,-1.385627314448356628e-02,2.030808776617050171e-01,6.908690556883811951e-03,5.958968773484230042e-02,2.656986005604267120e-02,-9.630202502012252808e-02,-5.322037264704704285e-02,-6.196536496281623840e-02,7.538431882858276367e-02,1.570799946784973145e+00,-4.391321167349815369e-02,2.411079034209251404e-02,-1.016722023487091064e-01,1.570799946784973145e+00
-8.140628814697265625e+00,-1.708433508872985840e+00,6.616368889808654785e-01,4.470496496651321650e-04,-6.144741782918572426e-04,-6.831302046775817871e-01,-7.302961945533752441e-01,3.296357765793800354e-02,7.491461583413183689e-04,3.976454138755798340e-01,-7.930845585758368953e-18,-2.203496918082237244e-02,-1.446340885013341904e-02,-6.647350639104843140e-02,-1.383023243397474289e-02,2.031143456697463989e-01,6.573088932782411575e-03,5.985873937606811523e-02,2.657017484307289124e-02,-9.630269557237625122e-02,-5.322038382291793823e-02,-6.196549534797668457e-02,7.538432627916336060e-02,1.570799946784973145e+00,-4.393767565488815308e-02,2.426551841199398041e-02,-1.016783788800239563e-01,1.570799946784973145e+00
-8.140568733215332031e+00,-1.708553552627563477e+00,6.616359353065490723e-01,4.465160600375384092e-04,-6.149732507765293121e-04,-6.831306219100952148e-01,-7.302958369255065918e-01,3.269100934267044067e-02,8.549102349206805229e-04,3.974825143814086914e-01,1.083758390086869735e-18,-2.174627780914306641e-02,-1.430486422032117844e-02,-6.668411940336227417e-02,-1.382037904113531113e-02,2.031334936618804932e-01,6.650708615779876709e-03,5.999645963311195374e-02,2.655683457851409912e-02,-9.630387276411056519e-02,-5.322050675749778748e-02,-6.196694448590278625e-02,7.538440823554992676e-02,1.570799946784973145e+00,-4.388653859496116638e-02,2.426508814096450806e-02,-1.018556952476501465e-01,1.570799946784973145e+00
-8.140506744384765625e+00,-1.708611965179443359e+00,6.616294980049133301e-01,4.457559261936694384e-04,-6.156841409392654896e-04,-6.831307411193847656e-01,-7.302957177162170410e-01,3.253446146845817566e-02,7.833741256035864353e-04,3.974709510803222656e-01,-1.934838111692932623e-18,-2.156580239534378052e-02,-1.423243805766105652e-02,-6.685012578964233398e-02,-1.373085472732782364e-02,2.031288892030715942e-01,6.683804094791412354e-03,6.015803292393684387e-02,2.663717605173587799e-02,-9.630421549081802368e-02,-5.322068557143211365e-02,-6.196901574730873108e-02,7.538451999425888062e-02,1.570799946784973145e+00,-4.377089440822601318e-02,2.427856996655464172e-02,-1.016665250062942505e-01,1.570799946784973145e+00
-8.140507698059082031e+00,-1.708791136741638184e+00,6.616246700286865234e-01,4.453627043403685093e-04,-6.162177887745201588e-04,-6.831312179565429688e-01,-7.302953004837036133e-01,3.234121203422546387e-02,7.795913261361420155e-04,3.974679410457611084e-01,-2.723023982604138606e-18,-2.138648554682731628e-02,-1.415313594043254852e-02,-6.710129231214523315e-02,-1.371830049902200699e-02,2.031683772802352905e-01,6.795259658247232437e-03,6.047079712152481079e-02,2.661990560591220856e-02,-9.630545228719711304e-02,-5.342952162027359009e-02,-6.197085604071617126e-02,7.520986348390579224e-02,1.570799946784973145e+00,-4.354547709226608276e-02,2.429614774882793427e-02,-1.018322929739952087e-01,1.570799946784973145e+00
-8.140567779541015625e+00,-1.708909869194030762e+00,6.616175770759582520e-01,4.443085636012256145e-04,-6.172036519274115562e-04,-6.831316947937011719e-01,-7.302947640419006348e-01,3.195497393608093262e-02,8.970331400632858276e-04,3.976081907749176025e-01,1.161740532142576711e-18,-2.115487679839134216e-02,-1.416483707726001740e-02,-6.736520677804946899e-02,-1.370001677423715591e-02,2.032143175601959229e-01,6.781442090868949890e-03,6.074679642915725708e-02,2.677941508591175079e-02,-9.630689769983291626e-02,-5.342976748943328857e-02,-6.197372451424598694e-02,7.521001994609832764e-02,1.570799946784973145e+00,-4.354578629136085510e-02,2.429327927529811859e-02,-1.018321663141250610e-01,1.570799946784973145e+00
-8.140448570251464844e+00,-1.709085941314697266e+00,6.616097092628479004e-01,4.428286629263311625e-04,-6.184217054396867752e-04,-6.831319928169250488e-01,-7.302945256233215332e-01,3.175601735711097717e-02,1.101338886655867100e-03,3.975437581539154053e-01,-1.632943968083408926e-18,-2.078728005290031433e-02,-1.421026792377233505e-02,-6.766603142023086548e-02,-1.349063776433467865e-02,2.034168094396591187e-01,6.408892106264829636e-03,6.142044439911842346e-02,2.661601267755031586e-02,-9.630762040615081787e-02,-5.343034490942955017e-02,-6.197763234376907349e-02,7.521023601293563843e-02,1.570799946784973145e+00,-4.332241415977478027e-02,2.430623024702072144e-02,-1.019995957612991333e-01,1.570799946784973145e+00
-8.140449523925781250e+00,-1.709261298179626465e+00,6.616060137748718262e-01,4.424252838362008333e-04,-6.187989492900669575e-04,-6.831316351890563965e-01,-7.302948236465454102e-01,3.138587996363639832e-02,1.189504982903599739e-03,3.972849249839782715e-01,-4.036462769945251884e-19,-2.041321620345115662e-02,-1.415930129587650299e-02,-6.802591681480407715e-02,-1.348368171602487564e-02,2.032819092273712158e-01,6.306105758994817734e-03,6.170668452978134155e-02,2.660050056874752045e-02,-9.630673378705978394e-02,-5.344010144472122192e-02,-6.198289617896080017e-02,7.518471032381057739e-02,1.570799946784973145e+00,-4.325138404965400696e-02,2.413290180265903473e-02,-1.021794974803924561e-01,1.570799946784973145e+00
-8.140449523925781250e+00,-1.709377646446228027e+00,6.616099476814270020e-01,4.407733504194766283e-04,-6.202537333592772484e-04,-6.831951737403869629e-01,-7.302353978157043457e-01,3.120565041899681091e-02,1.078285626135766506e-03,3.971955180168151855e-01,2.512342528152954425e-18,-2.022936753928661346e-02,-1.360125839710235596e-02,-6.822481006383895874e-02,-1.349126547574996948e-02,2.031484097242355347e-01,6.413974799215793610e-03,6.179875507950782776e-02,2.658029273152351379e-02,-9.648070484399795532e-02,-5.325650051236152649e-02,-6.182949244976043701e-02,7.518012821674346924e-02,1.570799946784973145e+00,-4.325204715132713318e-02,2.412842959165573120e-02,-1.021792963147163391e-01,1.570799946784973145e+00
-8.140329360961914062e+00,-1.709436535835266113e+00,6.616098284721374512e-01,4.083040403202176094e-04,-6.448348285630345345e-04,-6.833221912384033203e-01,-7.301165461540222168e-01,3.081400319933891296e-02,1.049350481480360031e-03,3.966577947139739990e-01,-1.107809079987155291e-18,-2.001154981553554535e-02,-1.357421465218067169e-02,-6.820926070213317871e-02,-1.359884720295667648e-02,2.028337121009826660e-01,6.511374842375516891e-03,6.171228736639022827e-02,2.656550519168376923e-02,-9.682887792587280273e-02,-5.346496030688285828e-02,-6.173625960946083069e-02,7.502450048923492432e-02,1.570799946784973145e+00,-4.324297606945037842e-02,2.404694631695747375e-02,-1.021845042705535889e-01,1.570799946784973145e+00
-8.140510559082031250e+00,-1.709555506706237793e+00,6.616051197052001953e-01,4.088383866474032402e-04,-6.443348247557878494e-04,-6.833223104476928711e-01,-7.301164269447326660e-01,3.068457357585430145e-02,1.022321521304547787e-03,3.964914679527282715e-01,-1.798149824190995012e-18,-1.990417391061782837e-02,-1.365109719336032867e-02,-6.840867549180984497e-02,-1.360139250755310059e-02,2.026987820863723755e-01,6.595884449779987335e-03,6.182638555765151978e-02,2.654893323779106140e-02,-9.682921320199966431e-02,-5.323538184165954590e-02,-6.156101822853088379e-02,7.519697397947311401e-02,1.570799946784973145e+00,-4.324281588196754456e-02,2.404840104281902313e-02,-1.021845713257789612e-01,1.570799946784973145e+00
-8.140451431274414062e+00,-1.709557056427001953e+00,6.616040468215942383e-01,4.102155216969549656e-04,-6.428066408261656761e-04,-6.835135221481323242e-01,-7.299374341964721680e-01,3.069301508367061615e-02,9.757379302754998207e-04,3.962898850440979004e-01,7.741570117993985161e-18,-1.977802999317646027e-02,-1.363360229879617691e-02,-6.839247792959213257e-02,-1.378492824733257294e-02,2.025428861379623413e-01,6.808022968471050262e-03,6.160563603043556213e-02,2.670387923717498779e-02,-9.717849642038345337e-02,-5.337181314826011658e-02,-6.113512068986892700e-02,7.592643797397613525e-02,1.570799946784973145e+00,-4.324285686016082764e-02,2.405227720737457275e-02,-1.021847501397132874e-01,1.570799946784973145e+00
-8.140450477600097656e+00,-1.709498167037963867e+00,6.616157889366149902e-01,3.404286399018019438e-04,-6.880857981741428375e-04,-6.843395233154296875e-01,-7.291631102561950684e-01,3.033925220370292664e-02,9.555888245813548565e-04,3.937281072139739990e-01,-3.431446274612928097e-18,-1.991632953286170959e-02,-1.338801439851522446e-02,-6.800542771816253662e-02,-1.411826908588409424e-02,1.999416202306747437e-01,7.466108072549104691e-03,6.067027151584625244e-02,2.671239338815212250e-02,-9.926946461200714111e-02,-5.335546657443046570e-02,-6.071798503398895264e-02,7.662575691938400269e-02,1.570799946784973145e+00,-4.316515102982521057e-02,2.405371144413948059e-02,-1.025373786687850952e-01,1.570799946784973145e+00
-8.140512466430664062e+00,-1.709259986877441406e+00,6.616294980049133301e-01,3.068158694077283144e-04,-7.057142211124300957e-04,-6.856086254119873047e-01,-7.279699444770812988e-01,2.994354255497455597e-02,8.393316529691219330e-04,3.900724351406097412e-01,1.718862391128679358e-18,-2.010646648705005646e-02,-1.333740074187517166e-02,-6.742931157350540161e-02,-1.429610233753919601e-02,1.968023926019668579e-01,9.225518442690372467e-03,5.861512199044227600e-02,2.650961279869079590e-02,-1.020565330982208252e-01,-5.391917750239372253e-02,-6.036687642335891724e-02,7.700497657060623169e-02,1.570799946784973145e+00,-4.318406060338020325e-02,2.398196980357170105e-02,-1.030684038996696472e-01,1.570799946784973145e+00
-8.140633583068847656e+00,-1.708909034729003906e+00,6.615948677062988281e-01,2.410758170299232006e-04,-7.441123598255217075e-04,-6.872558593750000000e-01,-7.264150381088256836e-01,2.971640415489673615e-02,5.730928387492895126e-04,3.852258324623107910e-01,-2.997377871501745230e-19,-2.012106403708457947e-02,-1.284580957144498825e-02,-6.651650369167327881e-02,-1.480271667242050171e-02,1.919813305139541626e-01,1.157675962895154953e-02,5.549239367246627808e-02,2.633638307452201843e-02,-1.050182059407234192e-01,-5.410501360893249512e-02,-5.999068915843963623e-02,7.683035731315612793e-02,1.570799946784973145e+00,-4.279488325119018555e-02,2.349745668470859528e-02,-1.043264493346214294e-01,1.570799946784973145e+00
-8.140572547912597656e+00,-1.708383440971374512e+00,6.616240143775939941e-01,2.357616322115063667e-04,-7.873104186728596687e-04,-6.891534328460693359e-01,-7.246149778366088867e-01,2.934090606868267059e-02,7.873322465457022190e-04,3.801930546760559082e-01,-2.098404599224015178e-18,-2.001431770622730255e-02,-1.278390083461999893e-02,-6.583394855260848999e-02,-1.494982838630676270e-02,1.870551407337188721e-01,1.521204598248004913e-02,5.117417499423027039e-02,2.594286203384399414e-02,-1.076316088438034058e-01,-5.468199774622917175e-02,-5.920215696096420288e-02,7.597695291042327881e-02,1.570799946784973145e+00,-4.222179576754570007e-02,2.328685671091079712e-02,-1.053948327898979187e-01,1.570799946784973145e+00
-8.140453338623046875e+00,-1.707801222801208496e+00,6.616486310958862305e-01,2.711156266741454601e-04,-7.473193109035491943e-04,-6.914253234863281250e-01,-7.224474549293518066e-01,2.905749715864658356e-02,1.158931292593479156e-03,3.743764758110046387e-01,5.066754635079743284e-18,-2.014636993408203125e-02,-1.295059733092784882e-02,-6.488293409347534180e-02,-1.460237801074981689e-02,1.810586750507354736e-01,1.924719661474227905e-02,4.661257937550544739e-02,2.526274695992469788e-02,-1.095490008592605591e-01,-5.537312477827072144e-02,-5.803262814879417419e-02,7.335938513278961182e-02,1.570799946784973145e+00,-4.137048870325088501e-02,2.305022068321704865e-02,-1.060935035347938538e-01,1.570799946784973145e+00
-8.140211105346679688e+00,-1.707155466079711914e+00,6.616884469985961914e-01,3.046868368983268738e-04,-7.617783267050981522e-04,-6.937518119812011719e-01,-7.202137112617492676e-01,2.859990112483501434e-02,1.836790819652378559e-03,3.679210543632507324e-01,-3.121122229983299926e-18,-1.963017880916595459e-02,-1.315593905746936798e-02,-6.455953419208526611e-02,-1.443074084818363190e-02,1.745178997516632080e-01,2.483612857758998871e-02,4.071793332695960999e-02,2.450534701347351074e-02,-1.102410554885864258e-01,-5.509432032704353333e-02,-5.671089142560958862e-02,7.015935331583023071e-02,1.570799946784973145e+00,-4.075371101498603821e-02,2.219998091459274292e-02,-1.061057224869728088e-01,1.570799946784973145e+00
-8.139908790588378906e+00,-1.706377387046813965e+00,6.617355942726135254e-01,3.111930273007601500e-04,-8.109813788905739784e-04,-6.966937184333801270e-01,-7.173681855201721191e-01,2.802326343953609467e-02,2.609791466966271400e-03,3.601954579353332520e-01,-3.579311426551682219e-18,-1.887048780918121338e-02,-1.355119515210390091e-02,-6.382221728563308716e-02,-1.383203640580177307e-02,1.666548699140548706e-01,3.157755732536315918e-02,3.367180749773979187e-02,2.338651567697525024e-02,-1.107487827539443970e-01,-5.315034836530685425e-02,-5.458148568868637085e-02,6.637427955865859985e-02,1.568329453468322754e+00,-3.985568508505821228e-02,2.122031897306442261e-02,-1.065181791782379150e-01,1.570799946784973145e+00
-8.139188766479492188e+00,-1.705583453178405762e+00,6.617305278778076172e-01,3.467294154688715935e-04,-8.911004988476634026e-04,-6.999951004981994629e-01,-7.141470313072204590e-01,2.687972038984298706e-02,4.073266405612230301e-03,3.510856330394744873e-01,-5.215004115810604856e-19,-1.730907708406448364e-02,-1.435916870832443237e-02,-6.404267251491546631e-02,-1.279980037361383438e-02,1.576714366674423218e-01,3.989300504326820374e-02,2.569343522191047668e-02,2.191200852394104004e-02,-1.103762090206146240e-01,-4.897989332675933838e-02,-4.931694641709327698e-02,5.752409622073173523e-02,1.557605266571044922e+00,-3.977654874324798584e-02,1.962440274655818939e-02,-1.068190038204193115e-01,1.570799946784973145e+00
-8.138350486755371094e+00,-1.704942464828491211e+00,6.617996096611022949e-01,4.202737763989716768e-04,-8.871108875609934330e-04,-7.038964033126831055e-01,-7.103019356727600098e-01,2.486116252839565277e-02,6.252790335565805435e-03,3.400917947292327881e-01,5.874690994079301339e-19,-1.390742976218461990e-02,-1.539543364197015762e-02,-6.355398148298263550e-02,-1.138095557689666748e-02,1.469212621450424194e-01,4.773914813995361328e-02,1.779962703585624695e-02,1.968699879944324493e-02,-1.085899844765663147e-01,-4.264885932207107544e-02,-4.281819239258766174e-02,3.897861391305923462e-02,1.542317628860473633e+00,-4.202985018491744995e-02,1.748957857489585876e-02,-1.024394780397415161e-01,1.570799946784973145e+00
-8.136965751647949219e+00,-1.704587459564208984e+00,6.617515683174133301e-01,4.970653099007904530e-04,-9.510379750281572342e-04,-7.076529860496520996e-01,-7.065593600273132324e-01,2.002131007611751556e-02,9.996212087571620941e-03,3.298126757144927979e-01,5.777081474661827087e-03,-1.196490880101919174e-02,-1.720219291746616364e-02,-6.436389684677124023e-02,-9.270418435335159302e-03,1.368195563554763794e-01,5.663915723562240601e-02,1.051347889006137848e-02,1.712652854621410370e-02,-1.045306921005249023e-01,-3.214447945356369019e-02,-4.010709747672080994e-02,1.629112660884857178e-02,1.523879766464233398e+00,-4.710860177874565125e-02,1.578105613589286804e-02,-9.289477765560150146e-02,1.570799946784973145e+00
-8.135428428649902344e+00,-1.704563498497009277e+00,6.617644429206848145e-01,4.929485730826854706e-04,-1.191424089483916759e-03,-7.117638587951660156e-01,-7.024176120758056641e-01,3.286712104454636574e-03,1.729683764278888702e-02,3.184368014335632324e-01,3.495246171951293945e-02,-1.772044412791728973e-02,-1.948389224708080292e-02,-6.608868390321731567e-02,-7.045104634016752243e-03,1.258492618799209595e-01,6.602720916271209717e-02,3.776012687012553215e-03,1.394318416714668274e-02,-9.857167303562164307e-02,-1.513987313956022263e-02,-3.983617946505546570e-02,3.069249214604496956e-04,1.507773160934448242e+00,-5.512557551264762878e-02,1.466758642345666885e-02,-7.840813696384429932e-02,1.570799946784973145e+00
-8.133929252624511719e+00,-1.704949855804443359e+00,6.617148518562316895e-01,5.927386810071766376e-04,-1.480159233324229717e-03,-7.157873511314392090e-01,-6.983164548873901367e-01,-2.147868461906909943e-02,2.668470330536365509e-02,3.068688809871673584e-01,7.692454010248184204e-02,-2.195007726550102234e-02,-2.113412506878376007e-02,-6.782613694667816162e-02,-5.107719451189041138e-03,1.147710010409355164e-01,7.264222949743270874e-02,-1.809822424547746778e-04,1.135180145502090454e-02,-8.701959997415542603e-02,1.098318677395582199e-02,-4.083579033613204956e-02,5.043510464020073414e-04,1.495232343673706055e+00,-6.391831487417221069e-02,1.565551944077014923e-02,-6.269440799951553345e-02,1.570799946784973145e+00
-8.132835388183593750e+00,-1.706287145614624023e+00,6.616389751434326172e-01,1.196811092086136341e-03,-1.761020626872777939e-03,-7.206319570541381836e-01,-6.933145523071289062e-01,-5.673509463667869568e-02,3.759002313017845154e-02,2.923219203948974609e-01,1.318149864673614502e-01,-2.070828154683113098e-02,-2.214261889457702637e-02,-7.008609175682067871e-02,-3.766601672396063805e-03,1.009475290775299072e-01,7.648248225450515747e-02,-2.447173697873950005e-03,9.622737765312194824e-03,-6.743188202381134033e-02,4.157849028706550598e-02,-4.167963936924934387e-02,8.286567404866218567e-03,1.487282514572143555e+00,-7.340166717767715454e-02,1.710263639688491821e-02,-4.618288204073905945e-02,1.566481471061706543e+00
-8.131224632263183594e+00,-1.708909869194030762e+00,6.617136597633361816e-01,1.708649331703782082e-03,-2.617210149765014648e-03,-7.286661267280578613e-01,-6.848620176315307617e-01,-1.150189191102981567e-01,5.264893919229507446e-02,2.671008110046386719e-01,2.106372117996215820e-01,3.888617211487144232e-04,-2.430614270269870758e-02,-7.095912843942642212e-02,-3.197591053321957588e-03,7.841873914003372192e-02,7.565647363662719727e-02,-2.891157986596226692e-03,6.941580679267644882e-03,-5.043782293796539307e-02,7.932624220848083496e-02,-4.327266663312911987e-02,2.823449671268463135e-02,1.482508778572082520e+00,-8.475255966186523438e-02,1.797778159379959106e-02,-2.376979030668735504e-02,1.550166726112365723e+00
-8.128461837768554688e+00,-1.712260603904724121e+00,6.618201732635498047e-01,2.299705985933542252e-03,-4.207880236208438873e-03,-7.398803830146789551e-01,-6.727213859558105469e-01,-1.882272809743881226e-01,6.696649640798568726e-02,2.328027337789535522e-01,2.984869778156280518e-01,5.193736776709556580e-02,-2.825758606195449829e-02,-7.124292105436325073e-02,-3.199970349669456482e-03,4.714326933026313782e-02,7.293236255645751953e-02,-3.406032221391797066e-03,2.924731932580471039e-03,-3.583988919854164124e-02,1.201959550380706787e-01,-4.497200995683670044e-02,5.385864153504371643e-02,1.482174634933471680e+00,-1.023002043366432190e-01,1.767714135348796844e-02,9.289942681789398193e-03,1.525625944137573242e+00
-8.125312805175781250e+00,-1.715784549713134766e+00,6.619603037834167480e-01,2.996969269588589668e-03,-6.201386917382478714e-03,-7.508314251899719238e-01,-6.604579687118530273e-01,-2.656947672367095947e-01,7.968178391456604004e-02,2.058406025171279907e-01,3.872475028038024902e-01,1.017765775322914124e-01,-3.577396646142005920e-02,-7.368969172239303589e-02,-2.797897439450025558e-03,1.596680656075477600e-02,7.167104631662368774e-02,-3.870938206091523170e-03,-1.290201093070209026e-03,-2.193683572113513947e-02,1.677952855825424194e-01,-4.775511473417282104e-02,9.383670985698699951e-02,1.484986066818237305e+00,-1.245743781328201294e-01,1.611020788550376892e-02,4.447327181696891785e-02,1.497678637504577637e+00
-8.122162818908691406e+00,-1.718914985656738281e+00,6.623616814613342285e-01,3.841309109702706337e-03,-8.283180184662342072e-03,-7.601800560951232910e-01,-6.496483087539672852e-01,-3.339526653289794922e-01,9.195724129676818848e-02,2.021758705377578735e-01,4.797629714012145996e-01,1.174281835556030273e-01,-4.181415960192680359e-02,-7.732925564050674438e-02,-2.164243487641215324e-03,-1.103372126817703247e-02,7.121951878070831299e-02,-4.298537969589233398e-03,-6.007494870573282242e-03,-6.868946366012096405e-03,2.176696658134460449e-01,-5.100563541054725647e-02,1.410951465368270874e-01,1.492627143859863281e+00,-1.526460498571395874e-01,1.312311179935932159e-02,7.525271922349929810e-02,1.466936588287353516e+00
-8.119187355041503906e+00,-1.721506595611572266e+00,6.628667712211608887e-01,4.737046081572771072e-03,-1.032544020563364029e-02,-7.682250738143920898e-01,-6.400790810585021973e-01,-3.963382542133331299e-01,1.093222796916961670e-01,2.179948687553405762e-01,5.842489004135131836e-01,9.758933633565902710e-02,-4.025357589125633240e-02,-8.005318790674209595e-02,-1.889203907921910286e-03,-3.508091345429420471e-02,6.949566304683685303e-02,-4.185594618320465088e-03,-9.759092703461647034e-03,3.761895932257175446e-03,2.690806090831756592e-01,-5.635484680533409119e-02,1.922676265239715576e-01,1.507219433784484863e+00,-1.838042587041854858e-01,1.070364285260438919e-02,9.776690602302551270e-02,1.436486840248107910e+00
-8.116864204406738281e+00,-1.723466157913208008e+00,6.634388566017150879e-01,5.915395915508270264e-03,-1.170094963163137436e-02,-7.763823270797729492e-01,-6.301258802413940430e-01,-4.484243690967559814e-01,1.320270001888275146e-01,2.425601482391357422e-01,6.873927116394042969e-01,6.122135743498802185e-02,-3.654550015926361084e-02,-7.979449629783630371e-02,-1.159515464678406715e-03,-6.021499633789062500e-02,6.480065733194351196e-02,-3.873888170346617699e-03,-1.277765817940235138e-02,5.826570559293031693e-03,3.156262040138244629e-01,-6.382723897695541382e-02,2.321423590183258057e-01,1.526521682739257812e+00,-2.149906754493713379e-01,1.003479119390249252e-02,1.114853471517562866e-01,1.403928875923156738e+00
-8.115456581115722656e+00,-1.724587678909301758e+00,6.638473272323608398e-01,6.937758531421422958e-03,-1.258217543363571167e-02,-7.845670580863952637e-01,-6.198774576187133789e-01,-4.867290258407592773e-01,1.565029770135879517e-01,2.681878507137298584e-01,7.750903964042663574e-01,2.749885059893131256e-02,-3.564955294132232666e-02,-7.600345462560653687e-02,-7.915282039903104305e-04,-8.608920127153396606e-02,5.799539759755134583e-02,-3.881721757352352142e-03,-1.434508338570594788e-02,3.035279922187328339e-03,3.556931614875793457e-01,-7.217835634946823120e-02,2.547927796840667725e-01,1.545691847801208496e+00,-2.433204352855682373e-01,1.085976045578718185e-02,1.230640262365341187e-01,1.369009971618652344e+00
-8.114735603332519531e+00,-1.724856257438659668e+00,6.641614437103271484e-01,7.776892744004726410e-03,-1.302585657685995102e-02,-7.926107048988342285e-01,-6.095392107963562012e-01,-5.091047883033752441e-01,1.794182509183883667e-01,2.961867749691009521e-01,8.427896499633789062e-01,-2.356922021135687828e-03,-3.503005951642990112e-02,-6.935234367847442627e-02,-4.763768229167908430e-04,-1.125301942229270935e-01,5.090986937284469604e-02,-5.535550415515899658e-03,-1.511981990188360214e-02,-5.884912679903209209e-04,3.873710930347442627e-01,-7.855135947465896606e-02,2.620682120323181152e-01,1.558999180793762207e+00,-2.682367265224456787e-01,1.163182500749826431e-02,1.376927495002746582e-01,1.329623103141784668e+00
-8.114779472351074219e+00,-1.724318027496337891e+00,6.643347144126892090e-01,8.447844535112380981e-03,-1.292661111801862717e-02,-7.998367547988891602e-01,-6.000189185142517090e-01,-5.116238594055175781e-01,1.991623640060424805e-01,3.266227543354034424e-01,8.841748833656311035e-01,-2.916747704148292542e-02,-3.495464473962783813e-02,-6.026894971728324890e-02,2.076183882309123874e-04,-1.370974183082580566e-01,4.334627464413642883e-02,-7.702987641096115112e-03,-1.461724843829870224e-02,-1.761552761308848858e-03,4.099438488483428955e-01,-8.238432556390762329e-02,2.645203471183776855e-01,1.567277431488037109e+00,-2.880907654762268066e-01,1.202259398996829987e-02,1.524971723556518555e-01,1.291206836700439453e+00
-8.115546226501464844e+00,-1.723414063453674316e+00,6.643928289413452148e-01,9.067493490874767303e-03,-1.244641561061143875e-02,-8.062290549278259277e-01,-5.914030671119689941e-01,-4.957157075405120850e-01,2.153305560350418091e-01,3.630873858928680420e-01,8.970431685447692871e-01,-5.100732296705245972e-02,-3.535923361778259277e-02,-5.015990883111953735e-02,1.185284694656729698e-03,-1.595240384340286255e-01,3.554779663681983948e-02,-1.010983996093273163e-02,-1.348900888115167618e-02,2.207881188951432705e-04,4.250270426273345947e-01,-8.338697999715805054e-02,2.692689597606658936e-01,1.570799946784973145e+00,-3.015644252300262451e-01,1.146993506699800491e-02,1.629344373941421509e-01,1.258394479751586914e+00
-8.117174148559570312e+00,-1.721830964088439941e+00,6.643125414848327637e-01,9.612451307475566864e-03,-1.158861070871353149e-02,-8.121252655982971191e-01,-5.832887887954711914e-01,-4.598439335823059082e-01,2.262357622385025024e-01,4.068798422813415527e-01,8.793237805366516113e-01,-7.329279929399490356e-02,-3.602720424532890320e-02,-3.795555606484413147e-02,1.777937868610024452e-03,-1.812235862016677856e-01,2.737895958125591278e-02,-1.400503329932689667e-02,-1.078996621072292328e-02,2.539380919188261032e-03,4.324767291545867920e-01,-8.250497281551361084e-02,2.768224477767944336e-01,1.570799946784973145e+00,-3.092721402645111084e-01,1.115173846483230591e-02,1.679396331310272217e-01,1.235813856124877930e+00
-8.119857788085937500e+00,-1.720101356506347656e+00,6.641563177108764648e-01,9.840859100222587585e-03,-1.046767830848693848e-02,-8.177905678749084473e-01,-5.753365755081176758e-01,-4.070803225040435791e-01,2.328007370233535767e-01,4.643007516860961914e-01,8.348615169525146484e-01,-1.005716323852539062e-01,-3.626360371708869934e-02,-2.470489591360092163e-02,1.435140147805213928e-03,-2.017918676137924194e-01,1.993452012538909912e-02,-1.830697245895862579e-02,-6.138081662356853485e-03,4.828847479075193405e-03,4.331819117069244385e-01,-8.013738691806793213e-02,2.815297544002532959e-01,1.570799946784973145e+00,-3.114090263843536377e-01,1.052443590015172958e-02,1.691102385520935059e-01,1.226925730705261230e+00
-8.123844146728515625e+00,-1.718099594116210938e+00,6.638329029083251953e-01,9.851627051830291748e-03,-9.056929498910903931e-03,-8.232269883155822754e-01,-5.675546526908874512e-01,-3.353867828845977783e-01,2.314753830432891846e-01,5.398456454277038574e-01,7.584130764007568359e-01,-1.242621168494224548e-01,-3.692334145307540894e-02,-1.068687532097101212e-02,-4.863076319452375174e-04,-2.217833995819091797e-01,1.636981964111328125e-02,-2.632554434239864349e-02,4.611666081473231316e-04,4.825944546610116959e-03,4.253060817718505859e-01,-7.705581188201904297e-02,2.843919098377227783e-01,1.570799946784973145e+00,-3.092905879020690918e-01,1.007379032671451569e-02,1.671650856733322144e-01,1.232403397560119629e+00
-8.128747940063476562e+00,-1.716238617897033691e+00,6.633941531181335449e-01,9.537318721413612366e-03,-7.540510036051273346e-03,-8.288835287094116211e-01,-5.592890977859497070e-01,-2.563211321830749512e-01,2.215138077735900879e-01,6.341338753700256348e-01,6.589936614036560059e-01,-1.404698789119720459e-01,-3.716244921088218689e-02,1.360610360279679298e-03,-4.854217171669006348e-03,-2.418854385614395142e-01,2.001722529530525208e-02,-3.830369934439659119e-02,9.274340234696865082e-03,5.155342165380716324e-03,4.086360037326812744e-01,-7.224290817975997925e-02,2.822597622871398926e-01,1.570799946784973145e+00,-3.003583848476409912e-01,7.905031554400920868e-03,1.593485772609710693e-01,1.253703236579895020e+00
-8.135143280029296875e+00,-1.715360403060913086e+00,6.625513434410095215e-01,9.113865904510021210e-03,-5.861561745405197144e-03,-8.351410627365112305e-01,-5.499290823936462402e-01,-1.791250854730606079e-01,1.973361074924468994e-01,7.299338579177856445e-01,5.444568991661071777e-01,-1.501195579767227173e-01,-3.635276854038238525e-02,6.204921752214431763e-03,-1.385784521698951721e-02,-2.628818750381469727e-01,4.174943640828132629e-02,-5.981449037790298462e-02,2.092991769313812256e-02,3.344192868098616600e-03,3.826886713504791260e-01,-6.645579636096954346e-02,2.789744734764099121e-01,1.560191988945007324e+00,-2.849361598491668701e-01,3.276866627857089043e-03,1.456736326217651367e-01,1.283701300621032715e+00
-8.142604827880859375e+00,-1.716077923774719238e+00,6.612420082092285156e-01,9.022399783134460449e-03,-4.378500860184431076e-03,-8.429494500160217285e-01,-5.378993153572082520e-01,-1.165354251861572266e-01,1.581239104270935059e-01,7.983329296112060547e-01,4.169429242610931396e-01,-1.445636749267578125e-01,-3.403831645846366882e-02,7.895866874605417252e-04,-2.883172221481800079e-02,-2.891032993793487549e-01,8.671092242002487183e-02,-9.139668941497802734e-02,3.576360642910003662e-02,-2.875310368835926056e-03,3.496567010879516602e-01,-5.894452705979347229e-02,2.747818231582641602e-01,1.542831778526306152e+00,-2.582810521125793457e-01,-7.080688141286373138e-03,1.232630535960197449e-01,1.317675232887268066e+00
-8.152608871459960938e+00,-1.718919634819030762e+00,6.604621410369873047e-01,9.225548245012760162e-03,-2.954953815788030624e-03,-8.520482778549194336e-01,-5.233735442161560059e-01,-7.267939299345016479e-02,1.153273060917854309e-01,8.259024024009704590e-01,2.975956797599792480e-01,-1.252065300941467285e-01,-3.125947713851928711e-02,-2.379518747329711914e-02,-5.648065730929374695e-02,-3.179834783077239990e-01,1.719541698694229126e-01,-1.280366331338882446e-01,5.678893253207206726e-02,-1.433706842362880707e-02,3.093688786029815674e-01,-4.939348995685577393e-02,2.706221044063568115e-01,1.518610358238220215e+00,-2.240161001682281494e-01,-2.076711133122444153e-02,9.491179883480072021e-02,1.347466945648193359e+00
-8.162219047546386719e+00,-1.723335981369018555e+00,6.598752737045288086e-01,9.972531348466873169e-03,-1.783642801456153393e-03,-8.650766611099243164e-01,-5.015373826026916504e-01,-6.032557040452957153e-02,8.682408928871154785e-02,8.066493868827819824e-01,2.335853129625320435e-01,-1.151532754302024841e-01,-2.266887202858924866e-02,-6.171590089797973633e-02,-9.362910687923431396e-02,-3.537190258502960205e-01,2.767883241176605225e-01,-1.348084509372711182e-01,8.027133345603942871e-02,-3.640108928084373474e-02,2.577329277992248535e-01,-3.447255864739418030e-02,2.571538090705871582e-01,1.497100472450256348e+00,-1.801700294017791748e-01,-4.109921678900718689e-02,5.128262937068939209e-02,1.375744223594665527e+00
-8.169251441955566406e+00,-1.728320121765136719e+00,6.591781377792358398e-01,1.120918989181518555e-02,-7.992442115209996700e-04,-8.785922527313232422e-01,-4.774404168128967285e-01,-6.861108541488647461e-02,7.202382385730743408e-02,7.675934433937072754e-01,2.123480588197708130e-01,-1.136527359485626221e-01,-1.014232449233531952e-02,-1.184355467557907104e-01,-1.373016685247421265e-01,-3.711143136024475098e-01,3.895021378993988037e-01,-7.309815287590026855e-02,1.025022417306900024e-01,-5.725960433483123779e-02,1.949263811111450195e-01,-1.346956379711627960e-02,2.283809781074523926e-01,1.477057695388793945e+00,-1.279650479555130005e-01,-6.181681156158447266e-02,-3.696757135912775993e-03,1.401138544082641602e+00
-8.173301696777343750e+00,-1.732404112815856934e+00,6.590857505798339844e-01,1.263907924294471741e-02,-8.328191324835643172e-05,-8.911536931991577148e-01,-4.535254240036010742e-01,-7.896831631660461426e-02,5.876976251602172852e-02,7.239904403686523438e-01,1.913114935159683228e-01,-1.040955483913421631e-01,2.449756022542715073e-03,-1.888074874877929688e-01,-1.775990873575210571e-01,-3.561694920063018799e-01,4.985361993312835693e-01,2.071760967373847961e-02,1.151456534862518311e-01,-7.341567426919937134e-02,1.265082657337188721e-01,1.210265234112739563e-02,1.856817305088043213e-01,1.451620221138000488e+00,-6.921960413455963135e-02,-7.988181710243225098e-02,-5.507569015026092529e-02,1.425331950187683105e+00
-8.175917625427246094e+00,-1.735918998718261719e+00,6.596492528915405273e-01,1.358274277299642563e-02,4.724757454823702574e-04,-9.016559123992919922e-01,-4.322405755519866943e-01,-8.373279869556427002e-02,4.366282373666763306e-02,6.839700937271118164e-01,1.611603051424026489e-01,-8.597358316183090210e-02,1.399776618927717209e-02,-2.803214788436889648e-01,-2.081362456083297729e-01,-2.935357987880706787e-01,6.261919140815734863e-01,7.743278890848159790e-02,1.096685677766799927e-01,-8.496020734310150146e-02,5.617459118366241455e-02,3.849152475595474243e-02,1.424246728420257568e-01,1.422063708305358887e+00,-1.691043004393577576e-02,-9.380123019218444824e-02,-9.144265949726104736e-02,1.452399373054504395e+00
-8.178059577941894531e+00,-1.738146185874938965e+00,6.603813767433166504e-01,1.397925708442926407e-02,1.213479088619351387e-03,-9.103038907051086426e-01,-4.137026667594909668e-01,-8.649036288261413574e-02,3.231615200638771057e-02,6.476659178733825684e-01,1.378449499607086182e-01,-7.045746594667434692e-02,2.281223051249980927e-02,-3.806415796279907227e-01,-2.228585630655288696e-01,-2.054754793643951416e-01,7.629142403602600098e-01,8.300405740737915039e-02,1.090365275740623474e-01,-9.278009831905364990e-02,-8.210075087845325470e-03,6.271572411060333252e-02,1.071316599845886230e-01,1.388640642166137695e+00,2.767180092632770538e-02,-1.029247269034385681e-01,-1.167625635862350464e-01,1.488621830940246582e+00
-8.179797172546386719e+00,-1.738741159439086914e+00,6.611143350601196289e-01,1.451876200735569000e-02,3.017902374267578125e-03,-9.177325963973999023e-01,-3.969219326972961426e-01,-8.714693784713745117e-02,2.639539353549480438e-02,6.140903830528259277e-01,1.197933703660964966e-01,-5.799065902829170227e-02,2.851847186684608459e-02,-4.739864468574523926e-01,-2.129887193441390991e-01,-1.026696264743804932e-01,8.832936882972717285e-01,6.520672142505645752e-02,1.251170933246612549e-01,-1.014834940433502197e-01,-6.094819307327270508e-02,8.695465326309204102e-02,8.261951059103012085e-02,1.346149086952209473e+00,6.529157608747482300e-02,-1.076766625046730042e-01,-1.369867920875549316e-01,1.523415207862854004e+00
-8.181526184082031250e+00,-1.738124847412109375e+00,6.619778871536254883e-01,1.532032713294029236e-02,5.352251697331666946e-03,-9.246190786361694336e-01,-3.805473148822784424e-01,-8.552545309066772461e-02,2.360287867486476898e-02,5.811349749565124512e-01,1.010499671101570129e-01,-4.524007067084312439e-02,3.207285702228546143e-02,-5.449306964874267578e-01,-1.795079410076141357e-01,-2.880519954487681389e-03,9.649628996849060059e-01,5.538417771458625793e-02,1.540518552064895630e-01,-1.104177385568618774e-01,-1.050989255309104919e-01,1.123010441660881042e-01,6.157421693205833435e-02,1.301972985267639160e+00,9.722885489463806152e-02,-1.107972562313079834e-01,-1.519798487424850464e-01,1.547345519065856934e+00
-8.182994842529296875e+00,-1.736351132392883301e+00,6.627683043479919434e-01,1.599432155489921570e-02,7.771836128085851669e-03,-9.312209486961364746e-01,-3.640210330486297607e-01,-8.226346224546432495e-02,2.232180908322334290e-02,5.480202436447143555e-01,8.241665363311767578e-02,-3.192659839987754822e-02,3.355806693434715271e-02,-5.946606993675231934e-01,-1.283189356327056885e-01,9.313350915908813477e-02,1.012349843978881836e+00,5.091121792793273926e-02,1.806493848562240601e-01,-1.187066137790679932e-01,-1.464888900518417358e-01,1.386955380439758301e-01,4.034958779811859131e-02,1.262543439865112305e+00,1.247902438044548035e-01,-1.121399402618408203e-01,-1.643250882625579834e-01,1.561254382133483887e+00
-8.185085296630859375e+00,-1.733574867248535156e+00,6.635076999664306641e-01,1.639251969754695892e-02,9.987778961658477783e-03,-9.379298090934753418e-01,-3.462935090065002441e-01,-7.860740274190902710e-02,2.234465628862380981e-02,5.118682384490966797e-01,6.624818593263626099e-02,-1.991725713014602661e-02,3.374766930937767029e-02,-6.228919625282287598e-01,-7.832216471433639526e-02,1.704307198524475098e-01,1.032539844512939453e+00,3.943496569991111755e-02,1.973831206560134888e-01,-1.259848177433013916e-01,-1.874070763587951660e-01,1.615185737609863281e-01,1.597649604082107544e-02,1.232122182846069336e+00,1.491783857345581055e-01,-1.137931570410728455e-01,-1.770517081022262573e-01,1.569736242294311523e+00
-8.187885284423828125e+00,-1.729891180992126465e+00,6.641374826431274414e-01,1.648074202239513397e-02,1.148749142885208130e-02,-9.442846775054931641e-01,-3.285162448883056641e-01,-7.220557332038879395e-02,2.118141017854213715e-02,4.755873978137969971e-01,4.989234358072280884e-02,-9.587296284735202789e-03,3.245117515325546265e-02,-6.321935653686523438e-01,-4.039949178695678711e-02,2.287628948688507080e-01,1.021950721740722656e+00,1.791593991219997406e-02,2.075895518064498901e-01,-1.311482489109039307e-01,-2.275411784648895264e-01,1.792966127395629883e-01,-1.022657006978988647e-02,1.212981104850769043e+00,1.697724312543869019e-01,-1.149094328284263611e-01,-1.895931810140609741e-01,1.570799946784973145e+00
-8.191565513610839844e+00,-1.726027131080627441e+00,6.644810438156127930e-01,1.597736589610576630e-02,1.233640871942043304e-02,-9.504219293594360352e-01,-3.103073835372924805e-01,-6.551446765661239624e-02,1.948585361242294312e-02,4.386702477931976318e-01,3.737196698784828186e-02,-2.528826706111431122e-03,3.064602799713611603e-02,-6.245158314704895020e-01,-1.672562956809997559e-02,2.705437839031219482e-01,9.842958450317382812e-01,-1.046461891382932663e-02,2.119071334600448608e-01,-1.327760219573974609e-01,-2.641645967960357666e-01,1.901403814554214478e-01,-3.776451945304870605e-02,1.203697204589843750e+00,1.839267313480377197e-01,-1.148957088589668274e-01,-1.976231485605239868e-01,1.570799946784973145e+00
-8.195833206176757812e+00,-1.721734285354614258e+00,6.647467613220214844e-01,1.512599829584360123e-02,1.270496007055044174e-02,-9.561203122138977051e-01,-2.923075258731842041e-01,-5.975181609392166138e-02,1.859246194362640381e-02,4.025726616382598877e-01,3.200220689177513123e-02,-2.653672418091446161e-04,2.854134887456893921e-02,-6.005585789680480957e-01,7.362141739577054977e-03,3.191452920436859131e-01,9.143795371055603027e-01,-4.680031165480613708e-02,2.130923569202423096e-01,-1.310722082853317261e-01,-2.935736775398254395e-01,1.937012374401092529e-01,-5.798322707414627075e-02,1.203083515167236328e+00,1.921505033969879150e-01,-1.148179620504379272e-01,-2.043281495571136475e-01,1.570799946784973145e+00
-8.200086593627929688e+00,-1.717062711715698242e+00,6.647494435310363770e-01,1.394208241254091263e-02,1.239135302603244781e-02,-9.614447355270385742e-01,-2.743649482727050781e-01,-5.547243356704711914e-02,1.794896833598613739e-02,3.670563995838165283e-01,3.227568045258522034e-02,-9.648769628256559372e-04,2.510725148022174835e-02,-5.630651116371154785e-01,3.245611116290092468e-02,3.791993558406829834e-01,8.222240805625915527e-01,-8.496132493019104004e-02,2.107963860034942627e-01,-1.262195110321044922e-01,-3.127447664737701416e-01,1.903080940246582031e-01,-6.697458028793334961e-02,1.208413958549499512e+00,1.940600723028182983e-01,-1.136500760912895203e-01,-2.069111913442611694e-01,1.570799946784973145e+00
-8.204844474792480469e+00,-1.711716294288635254e+00,6.644876599311828613e-01,1.256324443966150284e-02,1.183920539915561676e-02,-9.665989875793457031e-01,-2.557114958763122559e-01,-5.222593247890472412e-02,1.880959048867225647e-02,3.303171098232269287e-01,3.784989938139915466e-02,-5.218455102294683456e-03,2.080163732171058655e-02,-5.107408165931701660e-01,6.093982607126235962e-02,4.653730690479278564e-01,7.015620470046997070e-01,-1.157726496458053589e-01,2.095998674631118774e-01,-1.208773404359817505e-01,-3.197583556175231934e-01,1.819224357604980469e-01,-6.228090450167655945e-02,1.218996405601501465e+00,1.909133940935134888e-01,-1.106304079294204712e-01,-2.056204825639724731e-01,1.570799946784973145e+00
-8.209934234619140625e+00,-1.706032872200012207e+00,6.640069484710693359e-01,1.123362872749567032e-02,1.093954313546419144e-02,-9.717856645584106445e-01,-2.353439629077911377e-01,-5.283693969249725342e-02,2.066964842379093170e-02,2.904145121574401855e-01,5.133656784892082214e-02,-1.304357964545488358e-02,1.600281707942485809e-02,-4.502505362033843994e-01,8.243166655302047729e-02,5.625548362731933594e-01,5.713875293731689453e-01,-1.305769681930541992e-01,2.033009231090545654e-01,-1.146623417735099792e-01,-3.164271116256713867e-01,1.692125499248504639e-01,-5.228705704212188721e-02,1.233502030372619629e+00,1.814357638359069824e-01,-1.043162643909454346e-01,-1.985286325216293335e-01,1.570799946784973145e+00
-8.214750289916992188e+00,-1.699759602546691895e+00,6.627742052078247070e-01,9.693810716271400452e-03,9.255959652364253998e-03,-9.768320918083190918e-01,-2.135868966579437256e-01,-6.189056485891342163e-02,2.422976866364479065e-02,2.478530704975128174e-01,8.152992278337478638e-02,-2.875656820833683014e-02,9.736366569995880127e-03,-3.940299153327941895e-01,9.475588798522949219e-02,6.468130350112915039e-01,4.514189362525939941e-01,-9.558633714914321899e-02,1.846638619899749756e-01,-1.083081215620040894e-01,-3.025308847427368164e-01,1.532222628593444824e-01,-4.166730120778083801e-02,1.251761913299560547e+00,1.686972379684448242e-01,-9.574090689420700073e-02,-1.906416267156600952e-01,1.570799946784973145e+00
-8.218452453613281250e+00,-1.693518996238708496e+00,6.608557105064392090e-01,8.458266966044902802e-03,6.727772299200296402e-03,-9.818637967109680176e-01,-1.892792433500289917e-01,-8.376087993383407593e-02,2.767612785100936890e-02,2.001251131296157837e-01,1.314455866813659668e-01,-5.222781375050544739e-02,2.720464020967483521e-03,-3.514818549156188965e-01,9.292923659086227417e-02,6.841987371444702148e-01,3.673899471759796143e-01,-5.718670412898063660e-02,1.625619083642959595e-01,-1.010218486189842224e-01,-2.788978815078735352e-01,1.348748654127120972e-01,-3.200477734208106995e-02,1.271226048469543457e+00,1.485045701265335083e-01,-8.535032719373703003e-02,-1.730557382106781006e-01,1.570799946784973145e+00
-8.220119476318359375e+00,-1.688089489936828613e+00,6.585442423820495605e-01,7.858595810830593109e-03,3.756063524633646011e-03,-9.865257740020751953e-01,-1.633739024400711060e-01,-1.243620216846466064e-01,3.046908974647521973e-02,1.484393328428268433e-01,2.041325122117996216e-01,-7.560254633426666260e-02,-3.922009840607643127e-03,-3.155120611190795898e-01,8.004160970449447632e-02,6.781884431838989258e-01,3.098167181015014648e-01,-3.233032673597335815e-02,1.392499059438705444e-01,-8.943197876214981079e-02,-2.506658434867858887e-01,1.147929280996322632e-01,-2.595272846519947052e-02,1.296087861061096191e+00,1.246183961629867554e-01,-7.382410019636154175e-02,-1.522213518619537354e-01,1.570799946784973145e+00
-8.219717025756835938e+00,-1.683489441871643066e+00,6.567046046257019043e-01,7.964545860886573792e-03,6.940344464965164661e-04,-9.903880953788757324e-01,-1.380851566791534424e-01,-1.736254692077636719e-01,2.985325828194618225e-02,9.778268635272979736e-02,2.714428305625915527e-01,-6.809798628091812134e-02,-1.075879391282796860e-02,-2.921916544437408447e-01,6.801105290651321411e-02,6.517131924629211426e-01,2.788155078887939453e-01,-1.947757788002490997e-02,1.192521303892135620e-01,-6.853967905044555664e-02,-2.120844870805740356e-01,9.304708987474441528e-02,-3.937616012990474701e-03,1.319004416465759277e+00,9.595406055450439453e-02,-6.308251619338989258e-02,-1.193837597966194153e-01,1.570799946784973145e+00
-8.217126846313476562e+00,-1.678863048553466797e+00,6.553928852081298828e-01,8.913389407098293304e-03,-1.903118682093918324e-03,-9.933371543884277344e-01,-1.148835569620132446e-01,-2.287143617868423462e-01,2.882597409188747406e-02,6.194492056965827942e-02,3.321050405502319336e-01,-2.784547954797744751e-02,-1.811978779733181000e-02,-2.841524183750152588e-01,6.230083480477333069e-02,6.192159652709960938e-01,2.696233689785003662e-01,-1.451250165700912476e-02,1.039091721177101135e-01,-4.310202226042747498e-02,-1.681422740221023560e-01,7.136246562004089355e-02,3.040823154151439667e-02,1.346985697746276855e+00,6.168209016323089600e-02,-5.557655543088912964e-02,-6.889873743057250977e-02,1.570799946784973145e+00
-8.214450836181640625e+00,-1.673398733139038086e+00,6.551626920700073242e-01,9.991405531764030457e-03,-4.065696150064468384e-03,-9.959949851036071777e-01,-8.875598013401031494e-02,-2.854442894458770752e-01,2.909157983958721161e-02,5.303004756569862366e-02,4.041228890419006348e-01,3.195917932316660881e-03,-2.365627512335777283e-02,-2.762834429740905762e-01,5.492680892348289490e-02,5.752483010292053223e-01,2.610701620578765869e-01,-1.122994162142276764e-02,8.856613188982009888e-02,-2.288523502647876740e-02,-1.159830689430236816e-01,5.046386271715164185e-02,7.453764975070953369e-02,1.374319195747375488e+00,1.853761635720729828e-02,-4.984620586037635803e-02,-3.055383451282978058e-03,1.564154148101806641e+00
-8.212675094604492188e+00,-1.667887568473815918e+00,6.561788320541381836e-01,1.091418694704771042e-02,-6.399973761290311813e-03,-9.980809092521667480e-01,-6.061706691980361938e-02,-3.406955599784851074e-01,3.569017723202705383e-02,8.570268005132675171e-02,5.006358027458190918e-01,-2.759451279416680336e-03,-2.349681034684181213e-02,-2.618449032306671143e-01,4.237537458539009094e-02,5.242747068405151367e-01,2.410870194435119629e-01,-5.136972293257713318e-03,7.379771769046783447e-02,-1.042205747216939926e-02,-6.055896356701850891e-02,3.218863904476165771e-02,1.099966838955879211e-01,1.402120232582092285e+00,-2.550602331757545471e-02,-4.652108624577522278e-02,4.873627796769142151e-02,1.542968869209289551e+00
-8.211718559265136719e+00,-1.662706613540649414e+00,6.578277349472045898e-01,1.178891025483608246e-02,-8.733872324228286743e-03,-9.993444681167602539e-01,-3.309617191553115845e-02,-3.881170451641082764e-01,5.292984470725059509e-02,1.500820815563201904e-01,6.078026890754699707e-01,-3.214379400014877319e-02,-1.891115494072437286e-02,-2.427865415811538696e-01,2.748201042413711548e-02,4.725438654422760010e-01,2.131177186965942383e-01,3.122396534308791161e-03,6.013327836990356445e-02,-1.499353791587054729e-03,4.364668391644954681e-03,1.588709652423858643e-02,1.332134008407592773e-01,1.419997453689575195e+00,-6.850085407495498657e-02,-4.593444615602493286e-02,7.435481250286102295e-02,1.512218236923217773e+00
-8.212324142456054688e+00,-1.657764673233032227e+00,6.595988869667053223e-01,1.230764109641313553e-02,-1.079295948147773743e-02,-9.998347759246826172e-01,-7.899209856986999512e-03,-4.203831553459167480e-01,8.111909031867980957e-02,2.382541596889495850e-01,7.118839621543884277e-01,-6.786022335290908813e-02,-1.112115848809480667e-02,-2.189985662698745728e-01,1.396036799997091293e-02,4.233142733573913574e-01,1.801465153694152832e-01,1.182392891496419907e-02,4.717377200722694397e-02,4.464787896722555161e-03,7.421799004077911377e-02,2.091503702104091644e-03,1.475587934255599976e-01,1.436255216598510742e+00,-1.095199584960937500e-01,-4.693762212991714478e-02,8.391541242599487305e-02,1.475892424583435059e+00
-8.213489532470703125e+00,-1.653364777565002441e+00,6.611652970314025879e-01,1.247140485793352127e-02,-1.223691180348396301e-02,-9.997139573097229004e-01,1.633182540535926819e-02,-4.382655024528503418e-01,1.123078987002372742e-01,3.214483559131622314e-01,8.026640415191650391e-01,-1.022659540176391602e-01,-3.309026127681136131e-03,-1.929398775100708008e-01,2.802154282107949257e-03,3.751421272754669189e-01,1.465945094823837280e-01,1.933312602341175079e-02,3.578979149460792542e-02,5.752630997449159622e-03,1.481091976165771484e-01,-9.402852505445480347e-03,1.632253527641296387e-01,1.444870829582214355e+00,-1.511854529380798340e-01,-4.626415669918060303e-02,9.549207985401153564e-02,1.432192564010620117e+00
-8.215207099914550781e+00,-1.649717211723327637e+00,6.623842716217041016e-01,1.224656589329242706e-02,-1.287336461246013641e-02,-9.990512728691101074e-01,3.976045921444892883e-02,-4.418759644031524658e-01,1.431211233139038086e-01,3.960581421852111816e-01,8.759490847587585449e-01,-1.344408690929412842e-01,2.177501795813441277e-03,-1.653279662132263184e-01,-5.574533715844154358e-03,3.276347517967224121e-01,1.146407797932624817e-01,2.489768899977207184e-02,2.553338557481765747e-02,3.574221627786755562e-03,2.179151177406311035e-01,-1.700468733906745911e-02,1.787988245487213135e-01,1.451486706733703613e+00,-1.902896612882614136e-01,-4.515341669321060181e-02,1.102303788065910339e-01,1.388112306594848633e+00
-8.217510223388671875e+00,-1.647219657897949219e+00,6.633243560791015625e-01,1.158572360873222351e-02,-1.280710101127624512e-02,-9.978809952735900879e-01,6.273184716701507568e-02,-4.325627982616424561e-01,1.691457480192184448e-01,4.581784307956695557e-01,9.254295825958251953e-01,-1.610634922981262207e-01,4.613311961293220520e-03,-1.379666179418563843e-01,-1.139605324715375900e-02,2.811082303524017334e-01,8.647971600294113159e-02,2.869074046611785889e-02,1.712257787585258484e-02,5.253653507679700851e-04,2.824269831180572510e-01,-2.100117504596710205e-02,2.007217556238174438e-01,1.460145235061645508e+00,-2.274702340364456177e-01,-4.410805925726890564e-02,1.278923749923706055e-01,1.341645479202270508e+00
-8.220075607299804688e+00,-1.645988345146179199e+00,6.639912724494934082e-01,1.082836277782917023e-02,-1.217539701610803604e-02,-9.962864518165588379e-01,8.454451709985733032e-02,-4.046476483345031738e-01,1.913546621799468994e-01,5.211668610572814941e-01,9.431151747703552246e-01,-1.817347556352615356e-01,2.660893602296710014e-03,-1.125550642609596252e-01,-1.494542509317398071e-02,2.367359548807144165e-01,6.463258713483810425e-02,3.025903552770614624e-02,1.079907920211553574e-02,-2.360168844461441040e-03,3.361168801784515381e-01,-2.236536517739295959e-02,2.303856760263442993e-01,1.469441771507263184e+00,-2.602984011173248291e-01,-4.251943528652191162e-02,1.431219130754470825e-01,1.299917101860046387e+00
-8.222448348999023438e+00,-1.645781278610229492e+00,6.644151210784912109e-01,1.022739242762327194e-02,-1.128855533897876740e-02,-9.942880272865295410e-01,1.056377291679382324e-01,-3.618183732032775879e-01,2.059524357318878174e-01,5.847634077072143555e-01,9.278013110160827637e-01,-1.974371820688247681e-01,-2.822759095579385757e-03,-9.131751209497451782e-02,-1.714543439447879791e-02,1.943605840206146240e-01,5.016135051846504211e-02,2.830026857554912567e-02,6.835343781858682632e-03,-1.428440446034073830e-03,3.794424533843994141e-01,-2.113565988838672638e-02,2.651770412921905518e-01,1.478536605834960938e+00,-2.859719991683959961e-01,-4.206973314285278320e-02,1.510711163282394409e-01,1.263020157814025879e+00
-8.224772453308105469e+00,-1.646528363227844238e+00,6.645889282226562500e-01,9.609293192625045776e-03,-1.029232423752546310e-02,-9.919521212577819824e-01,1.258282363414764404e-01,-2.985851764678955078e-01,2.112440317869186401e-01,6.619696021080017090e-01,8.704105615615844727e-01,-2.113702148199081421e-01,-1.073133479803800583e-02,-7.267653942108154297e-02,-1.905554719269275665e-02,1.533899903297424316e-01,4.195880517363548279e-02,2.173472009599208832e-02,4.540463909506797791e-03,1.568502164445817471e-03,4.106728434562683105e-01,-1.898097991943359375e-02,2.974828481674194336e-01,1.485591650009155273e+00,-3.045672178268432617e-01,-4.235924780368804932e-02,1.547704041004180908e-01,1.236107707023620605e+00
-8.226917266845703125e+00,-1.648384928703308105e+00,6.645525693893432617e-01,8.771800436079502106e-03,-9.571474976837635040e-03,-9.892289042472839355e-01,1.458000540733337402e-01,-2.276455909013748169e-01,2.047593891620635986e-01,7.449931502342224121e-01,7.822102904319763184e-01,-2.203498482704162598e-01,-2.011684142053127289e-02,-5.455197021365165710e-02,-2.172346785664558411e-02,1.124366894364356995e-01,3.714223206043243408e-02,1.194752007722854614e-02,4.524907097220420837e-03,2.616689540445804596e-03,4.292659461498260498e-01,-1.826178841292858124e-02,3.283995091915130615e-01,1.490348458290100098e+00,-3.182070255279541016e-01,-4.247851669788360596e-02,1.601471304893493652e-01,1.222673773765563965e+00
-8.228404998779296875e+00,-1.651206970214843750e+00,6.643521785736083984e-01,8.036057464778423309e-03,-8.856179192662239075e-03,-9.861430525779724121e-01,1.654655784368515015e-01,-1.526090204715728760e-01,1.836950033903121948e-01,8.376923203468322754e-01,6.634509563446044922e-01,-2.216561734676361084e-01,-2.864610962569713593e-02,-3.824714571237564087e-02,-2.559942193329334259e-02,7.226570695638656616e-02,3.610832616686820984e-02,-6.135347648523747921e-04,6.999658420681953430e-03,2.936969744041562080e-03,4.356929361820220947e-01,-1.758796721696853638e-02,3.520073890686035156e-01,1.492267489433288574e+00,-3.242344260215759277e-01,-4.398718848824501038e-02,1.632436066865921021e-01,1.219806671142578125e+00
-8.228844642639160156e+00,-1.654864072799682617e+00,6.639797091484069824e-01,7.269572932273149490e-03,-8.329427801072597504e-03,-9.824335575103759766e-01,1.862850487232208252e-01,-8.570510149002075195e-02,1.486459374427795410e-01,9.240279197692871094e-01,5.329965353012084961e-01,-2.171951085329055786e-01,-3.576987981796264648e-02,-2.342094480991363525e-02,-3.070324659347534180e-02,2.987404540181159973e-02,3.759692609310150146e-02,-1.456274744123220444e-02,1.190579775720834732e-02,1.295382506214082241e-03,4.274084866046905518e-01,-1.759961061179637909e-02,3.681214749813079834e-01,1.491194844245910645e+00,-3.204323053359985352e-01,-4.775895923376083374e-02,1.585552692413330078e-01,1.227534055709838867e+00
-8.228377342224121094e+00,-1.659501075744628906e+00,6.633321046829223633e-01,6.716109812259674072e-03,-7.656031753867864609e-03,-9.780263304710388184e-01,2.082325518131256104e-01,-3.485880419611930847e-02,1.020464673638343811e-01,9.817906022071838379e-01,3.953851163387298584e-01,-1.958277970552444458e-01,-4.005080834031105042e-02,-9.666030295193195343e-03,-3.714022785425186157e-02,-1.388598512858152390e-02,4.161958023905754089e-02,-3.021083585917949677e-02,1.923627965152263641e-02,-2.470609033480286598e-03,4.064193964004516602e-01,-1.643060147762298584e-02,3.760463595390319824e-01,1.487284302711486816e+00,-3.057750463485717773e-01,-5.456390976905822754e-02,1.443531364202499390e-01,1.241616606712341309e+00
-8.226746559143066406e+00,-1.665042161941528320e+00,6.623024940490722656e-01,6.247237324714660645e-03,-6.754525005817413330e-03,-9.728280305862426758e-01,2.313461154699325562e-01,-1.695037819445133209e-03,5.797608941793441772e-02,9.997211098670959473e-01,2.731723189353942871e-01,-1.643815785646438599e-01,-4.163240268826484680e-02,1.476761244703084230e-04,-4.494978860020637512e-02,-6.026896089315414429e-02,5.399948731064796448e-02,-4.867942631244659424e-02,2.954089827835559845e-02,-9.195831604301929474e-03,3.732413947582244873e-01,-1.365030556917190552e-02,3.776197135448455811e-01,1.478980660438537598e+00,-2.797970771789550781e-01,-6.334477663040161133e-02,1.215825229883193970e-01,1.263232707977294922e+00
-8.224144935607910156e+00,-1.670930147171020508e+00,6.612190008163452148e-01,5.823716521263122559e-03,-5.782473366707563400e-03,-9.664874076843261719e-01,2.565827071666717529e-01,1.249324437230825424e-02,3.083352558314800262e-02,9.837180376052856445e-01,1.959218531847000122e-01,-1.388102918863296509e-01,-3.947549685835838318e-02,3.060702467337250710e-03,-5.461771413683891296e-02,-1.090188845992088318e-01,8.134602755308151245e-02,-7.134181261062622070e-02,4.151164740324020386e-02,-2.145384065806865692e-02,3.300280570983886719e-01,-1.017809286713600159e-02,3.768569529056549072e-01,1.469811677932739258e+00,-2.461309432983398438e-01,-7.356193661689758301e-02,9.418744593858718872e-02,1.290164113044738770e+00
-8.220876693725585938e+00,-1.675529599189758301e+00,6.601155400276184082e-01,5.671595223248004913e-03,-5.100863054394721985e-03,-9.583105444908142090e-01,2.856268882751464844e-01,6.823971401900053024e-03,2.224980667233467102e-02,9.425498247146606445e-01,1.712855994701385498e-01,-1.289237141609191895e-01,-3.119796700775623322e-02,-3.616670146584510803e-04,-6.576556712388992310e-02,-1.634216755628585815e-01,1.237716749310493469e-01,-9.675549715757369995e-02,5.338504537940025330e-02,-4.376004636287689209e-02,2.775385677814483643e-01,-5.562537815421819687e-03,3.723819553852081299e-01,1.455380082130432129e+00,-2.052224874496459961e-01,-8.209840208292007446e-02,5.923581495881080627e-02,1.323994517326354980e+00
-8.216353416442871094e+00,-1.679773569107055664e+00,6.592509746551513672e-01,5.763642955571413040e-03,-4.365360829979181290e-03,-9.496147632598876953e-01,3.133361339569091797e-01,-6.309266667813062668e-03,1.590612530708312988e-02,8.969974517822265625e-01,1.655183136463165283e-01,-1.273514628410339355e-01,-1.809375360608100891e-02,-2.427605725824832916e-02,-8.423019200563430786e-02,-2.085699588060379028e-01,1.949690729379653931e-01,-1.061458736658096313e-01,6.757730245590209961e-02,-6.520297378301620483e-02,2.242319732904434204e-01,3.208365524187684059e-03,3.592828214168548584e-01,1.431243896484375000e+00,-1.564781516790390015e-01,-8.898929506540298462e-02,1.643137261271476746e-02,1.356215357780456543e+00
-8.211297035217285156e+00,-1.682725071907043457e+00,6.591196656227111816e-01,6.083599757403135300e-03,-3.408223856240510941e-03,-9.420558810234069824e-01,3.353835344314575195e-01,-1.531344093382358551e-02,3.937350586056709290e-03,8.583894968032836914e-01,1.468048393726348877e-01,-1.175653710961341858e-01,-4.578607622534036636e-03,-7.564868777990341187e-02,-1.135014072060585022e-01,-2.293266505002975464e-01,2.973032891750335693e-01,-8.564186841249465942e-02,8.561719954013824463e-02,-7.763005793094635010e-02,1.677587926387786865e-01,1.856577582657337189e-02,3.318295180797576904e-01,1.396664857864379883e+00,-1.041729524731636047e-01,-9.608339518308639526e-02,-2.695226483047008514e-02,1.388106465339660645e+00
-8.206772804260253906e+00,-1.684456706047058105e+00,6.595040559768676758e-01,6.532073952257633209e-03,-2.246679039672017097e-03,-9.356828331947326660e-01,3.527745604515075684e-01,-2.043609693646430969e-02,-9.977660141885280609e-03,8.258968591690063477e-01,1.190582215785980225e-01,-1.014063209295272827e-01,7.741931825876235962e-03,-1.499862968921661377e-01,-1.454431116580963135e-01,-2.174175977706909180e-01,4.198243916034698486e-01,-4.233400896191596985e-02,1.030686721205711365e-01,-8.484728634357452393e-02,1.113697066903114319e-01,3.758006542921066284e-02,2.918708920478820801e-01,1.356314539909362793e+00,-5.451769009232521057e-02,-1.024910360574722290e-01,-6.200763583183288574e-02,1.421012878417968750e+00
-8.203576087951660156e+00,-1.685870885848999023e+00,6.601271033287048340e-01,7.085596211254596710e-03,-1.041383133269846439e-03,-9.295076727867126465e-01,3.687332570552825928e-01,-2.342840284109115601e-02,-2.246443368494510651e-02,7.941000461578369141e-01,9.055035561323165894e-02,-8.380398899316787720e-02,1.838619634509086609e-02,-2.321371287107467651e-01,-1.697455346584320068e-01,-1.838993281126022339e-01,5.505545139312744141e-01,-1.792039163410663605e-02,1.174451932311058044e-01,-9.274703264236450195e-02,5.162299424409866333e-02,6.229932978749275208e-02,2.378784418106079102e-01,1.312946081161499023e+00,-5.939478985965251923e-03,-1.065530329942703247e-01,-9.444671124219894409e-02,1.454762339591979980e+00
-8.200566291809082031e+00,-1.687329173088073730e+00,6.608559489250183105e-01,7.301266305148601532e-03,1.992825418710708618e-04,-9.236052632331848145e-01,3.832753002643585205e-01,-2.309930324554443359e-02,-3.486676141619682312e-02,7.640270590782165527e-01,6.054013222455978394e-02,-6.492105126380920410e-02,2.781471610069274902e-02,-3.201484382152557373e-01,-1.854737401008605957e-01,-1.411800235509872437e-01,6.949571967124938965e-01,-3.502168133854866028e-02,1.231596991419792175e-01,-9.973382949829101562e-02,-8.294529281556606293e-03,8.877330273389816284e-02,1.785033941268920898e-01,1.274645924568176270e+00,4.140667617321014404e-02,-1.087828725576400757e-01,-1.293307989835739136e-01,1.488804697990417480e+00
-8.198522567749023438e+00,-1.688418388366699219e+00,6.615197062492370605e-01,7.455396931618452072e-03,1.313732471317052841e-03,-9.184489846229553223e-01,3.954670429229736328e-01,-2.194187417626380920e-02,-4.509200528264045715e-02,7.386415004730224609e-01,3.356504440307617188e-02,-4.702893644571304321e-02,3.526031970977783203e-02,-4.096697270870208740e-01,-1.916802227497100830e-01,-8.817761391401290894e-02,8.361220955848693848e-01,-7.175505906343460083e-02,1.237505301833152771e-01,-1.040843725204467773e-01,-6.573417782783508301e-02,1.150150075554847717e-01,1.282662898302078247e-01,1.241485118865966797e+00,8.491782099008560181e-02,-1.099194511771202087e-01,-1.576933860778808594e-01,1.520635843276977539e+00
-8.197964668273925781e+00,-1.688907384872436523e+00,6.621238589286804199e-01,7.392612751573324203e-03,2.194447442889213562e-03,-9.142307043075561523e-01,4.051206409931182861e-01,-1.890251971781253815e-02,-5.103068053722381592e-02,7.186743617057800293e-01,1.074651628732681274e-02,-3.067520260810852051e-02,3.901088610291481018e-02,-4.936683177947998047e-01,-1.775713860988616943e-01,-1.384217850863933563e-02,9.536197185516357422e-01,-1.050716340541839600e-01,1.326160728931427002e-01,-1.058284267783164978e-01,-1.142147406935691833e-01,1.392965465784072876e-01,9.767001867294311523e-02,1.212530016899108887e+00,1.212308034300804138e-01,-1.119526401162147522e-01,-1.745576411485671997e-01,1.544554710388183594e+00
-8.198431015014648438e+00,-1.689396381378173828e+00,6.625851988792419434e-01,7.367308717221021652e-03,3.154837060719728470e-03,-9.104793667793273926e-01,4.134768843650817871e-01,-1.793912984430789948e-02,-5.212386325001716614e-02,7.018229961395263672e-01,2.016982594330962546e-15,-2.164037339389324188e-02,4.082545265555381775e-02,-5.612070560455322266e-01,-1.422144919633865356e-01,6.846655905246734619e-02,1.034907579421997070e+00,-1.292720288038253784e-01,1.492325067520141602e-01,-1.076312810182571411e-01,-1.528225243091583252e-01,1.642418950796127319e-01,8.372768759727478027e-02,1.185355544090270996e+00,1.502632349729537964e-01,-1.147836446762084961e-01,-1.841103732585906982e-01,1.559260606765747070e+00
-8.199576377868652344e+00,-1.690458297729492188e+00,6.629515886306762695e-01,7.101779337972402573e-03,4.131963942199945450e-03,-9.067509174346923828e-01,4.215866327285766602e-01,-1.896467991173267365e-02,-5.031072720885276794e-02,6.849433183670043945e-01,2.416657273422540688e-19,-2.072447724640369415e-02,4.151909053325653076e-02,-6.070746779441833496e-01,-9.587652236223220825e-02,1.424472779035568237e-01,1.078534364700317383e+00,-1.471135467290878296e-01,1.601540446281433105e-01,-1.103541254997253418e-01,-1.831863671541213989e-01,1.873624771833419800e-01,7.378372550010681152e-02,1.162092447280883789e+00,1.720251291990280151e-01,-1.182265952229499817e-01,-1.914939880371093750e-01,1.568385362625122070e+00
-8.200679779052734375e+00,-1.692039847373962402e+00,6.631208062171936035e-01,6.996721029281616211e-03,4.953561350703239441e-03,-9.024971723556518555e-01,4.306104779243469238e-01,-1.950393617153167725e-02,-4.923827573657035828e-02,6.663721799850463867e-01,-1.832553054273596773e-20,-2.048905007541179657e-02,4.237811639904975891e-02,-6.301224827766418457e-01,-5.816387385129928589e-02,1.922833621501922607e-01,1.084751129150390625e+00,-1.601488143205642700e-01,1.643004566431045532e-01,-1.127195656299591064e-01,-2.092190086841583252e-01,2.070014923810958862e-01,5.877693369984626770e-02,1.147043347358703613e+00,1.882297843694686890e-01,-1.213548853993415833e-01,-1.997260451316833496e-01,1.570799946784973145e+00
-8.202178955078125000e+00,-1.694322347640991211e+00,6.631055474281311035e-01,6.773050874471664429e-03,5.398169625550508499e-03,-8.978932499885559082e-01,4.401280283927917480e-01,-1.840563490986824036e-02,-4.916927218437194824e-02,6.460966467857360840e-01,2.028634396097004952e-18,-2.210890315473079681e-02,4.290799796581268311e-02,-6.327477097511291504e-01,-3.453448414802551270e-02,2.202022522687911987e-01,1.053662419319152832e+00,-1.715720295906066895e-01,1.633735448122024536e-01,-1.132803708314895630e-01,-2.310416251420974731e-01,2.206630706787109375e-01,4.033266007900238037e-02,1.140976667404174805e+00,1.984731405973434448e-01,-1.240895539522171021e-01,-2.059256136417388916e-01,1.570799946784973145e+00
-8.203844070434570312e+00,-1.696978330612182617e+00,6.630433797836303711e-01,6.618614774197340012e-03,5.256180185824632645e-03,-8.927245140075683594e-01,4.505236148834228516e-01,-1.624057255685329437e-02,-5.004583299160003662e-02,6.238631010055541992e-01,-6.502212954228873342e-19,-2.425573579967021942e-02,4.322091117501258850e-02,-6.176002621650695801e-01,-2.008319087326526642e-02,2.373985499143600464e-01,9.914962053298950195e-01,-1.848864257335662842e-01,1.583445221185684204e-01,-1.113524362444877625e-01,-2.483020424842834473e-01,2.266772389411926270e-01,2.576654590666294098e-02,1.147678494453430176e+00,2.029108107089996338e-01,-1.263979673385620117e-01,-2.061208784580230713e-01,1.570799946784973145e+00
-8.206501007080078125e+00,-1.699896335601806641e+00,6.629152297973632812e-01,6.467767991125583649e-03,4.788223188370466232e-03,-8.868331909179687500e-01,4.620196223258972168e-01,-1.304483879357576370e-02,-5.074943229556083679e-02,5.992929339408874512e-01,-2.406739688070759594e-18,-2.589636296033859253e-02,4.239456355571746826e-02,-5.856812000274658203e-01,-4.732681438326835632e-03,2.586541473865509033e-01,8.977690935134887695e-01,-1.954211443662643433e-01,1.508981883525848389e-01,-1.078428775072097778e-01,-2.593177855014801025e-01,2.253343611955642700e-01,1.829035580158233643e-02,1.163531422615051270e+00,2.015871405601501465e-01,-1.271712332963943481e-01,-2.020579874515533447e-01,1.570799946784973145e+00
-8.209898948669433594e+00,-1.703063488006591797e+00,6.628537774085998535e-01,6.193545181304216385e-03,4.214499611407518387e-03,-8.803365826606750488e-01,4.742904305458068848e-01,-9.516566060483455658e-03,-5.089326575398445129e-02,5.731165409088134766e-01,-1.506701213959214380e-18,-2.704629115760326385e-02,4.108042642474174500e-02,-5.466958880424499512e-01,1.005930267274379730e-02,2.865297198295593262e-01,7.960540056228637695e-01,-2.007285803556442261e-01,1.432287395000457764e-01,-1.041523292660713196e-01,-2.620632350444793701e-01,2.183388769626617432e-01,1.908956654369831085e-02,1.184987902641296387e+00,1.967554390430450439e-01,-1.256882697343826294e-01,-1.969729363918304443e-01,1.570799946784973145e+00
-8.213007926940917969e+00,-1.707153439521789551e+00,6.625500917434692383e-01,5.768463481217622757e-03,3.395569045096635818e-03,-8.724665641784667969e-01,4.886279702186584473e-01,-4.140213131904602051e-03,-5.073609948158264160e-02,5.419697761535644531e-01,-5.700647540307198706e-19,-2.870740368962287903e-02,3.884760290384292603e-02,-4.900672733783721924e-01,3.263400495052337646e-02,3.470093011856079102e-01,6.611450314521789551e-01,-1.856308728456497192e-01,1.379232108592987061e-01,-1.005152761936187744e-01,-2.535857558250427246e-01,2.047429829835891724e-01,2.708143368363380432e-02,1.211461663246154785e+00,1.867957115173339844e-01,-1.209817305207252502e-01,-1.879990398883819580e-01,1.570799946784973145e+00
-8.217240333557128906e+00,-1.711906552314758301e+00,6.621887087821960449e-01,5.418105050921440125e-03,2.448495943099260330e-03,-8.636515736579895020e-01,5.040541291236877441e-01,5.677210283465683460e-04,-4.926628991961479187e-02,5.082978010177612305e-01,3.729799296706914902e-03,-3.286418691277503967e-02,3.578314930200576782e-02,-4.320971369743347168e-01,4.746358841657638550e-02,4.063895642757415771e-01,5.293660759925842285e-01,-1.407030820846557617e-01,1.275787949562072754e-01,-9.584949910640716553e-02,-2.359689921140670776e-01,1.874670684337615967e-01,3.450443968176841736e-02,1.241540193557739258e+00,1.694474816322326660e-01,-1.126785725355148315e-01,-1.714428514242172241e-01,1.570799946784973145e+00
-8.220779418945312500e+00,-1.716484069824218750e+00,6.614351272583007812e-01,5.485815927386283875e-03,1.249188208021223545e-03,-8.547427058219909668e-01,5.190213918685913086e-01,-5.519535043276846409e-04,-4.512579366564750671e-02,4.752328395843505859e-01,2.051652781665325165e-02,-4.353421926498413086e-02,3.229104727506637573e-02,-3.823639154434204102e-01,5.141516774892807007e-02,4.414770007133483887e-01,4.208181500434875488e-01,-8.687420934438705444e-02,1.132857948541641235e-01,-9.049885720014572144e-02,-2.122794687747955322e-01,1.694950610399246216e-01,3.956989571452140808e-02,1.269345521926879883e+00,1.488328874111175537e-01,-1.030167639255523682e-01,-1.520101428031921387e-01,1.570799946784973145e+00
-8.227682113647460938e+00,-1.722689270973205566e+00,6.604224443435668945e-01,5.841629579663276672e-03,-4.624500288628041744e-04,-8.425741195678710938e-01,5.385485291481018066e-01,-5.784705281257629395e-03,-3.978229314088821411e-02,4.318356812000274658e-01,4.932661354541778564e-02,-6.104464083909988403e-02,2.813565358519554138e-02,-3.266346156597137451e-01,4.952897876501083374e-02,4.678997397422790527e-01,3.028982579708099365e-01,-2.166819386184215546e-02,9.402912855148315430e-02,-8.252552896738052368e-02,-1.824126541614532471e-01,1.462954878807067871e-01,3.994614258408546448e-02,1.302921772003173828e+00,1.190995201468467712e-01,-9.007065743207931519e-02,-1.262930780649185181e-01,1.570799946784973145e+00
-8.230152130126953125e+00,-1.724585413932800293e+00,6.586989760398864746e-01,7.465792819857597351e-03,-2.267861505970358849e-03,-8.331018090248107910e-01,5.530646443367004395e-01,-3.668991103768348694e-02,-2.879179827868938446e-02,3.992046415805816650e-01,1.157922148704528809e-01,-8.399758487939834595e-02,2.577617205679416656e-02,-2.998390197753906250e-01,3.772990405559539795e-02,4.400202929973602295e-01,2.642423212528228760e-01,-1.947343233041465282e-03,7.917191833257675171e-02,-6.202706694602966309e-02,-1.486153155565261841e-01,1.245753988623619080e-01,4.853558167815208435e-02,1.328366398811340332e+00,8.582744002342224121e-02,-7.652016729116439819e-02,-9.660681337118148804e-02,1.570799946784973145e+00
-8.231958389282226562e+00,-1.724627733230590820e+00,6.572273969650268555e-01,9.116408415138721466e-03,-3.226970788091421127e-03,-8.247154355049133301e-01,5.654652118682861328e-01,-7.654193043708801270e-02,-1.631222292780876160e-02,3.716490268707275391e-01,1.864859759807586670e-01,-9.238547086715698242e-02,2.378286048769950867e-02,-2.840271592140197754e-01,3.058881126344203949e-02,4.137391149997711182e-01,2.415403872728347778e-01,1.154967304319143295e-02,6.746227294206619263e-02,-3.403502330183982849e-02,-1.079685315489768982e-01,1.048927903175354004e-01,7.279122620820999146e-02,1.354699850082397461e+00,4.777210205793380737e-02,-6.311617791652679443e-02,-5.618059262633323669e-02,1.570799946784973145e+00
-8.233966827392578125e+00,-1.723487615585327148e+00,6.564009189605712891e-01,1.087436545640230179e-02,-3.472953569144010544e-03,-8.166002631187438965e-01,5.770906805992126465e-01,-1.253076940774917603e-01,-3.157651226501911879e-04,3.623469173908233643e-01,2.647905647754669189e-01,-8.047353476285934448e-02,2.092323824763298035e-02,-2.760516405105590820e-01,2.631913311779499054e-02,3.879992365837097168e-01,2.305104881525039673e-01,1.889994367957115173e-02,5.785373225808143616e-02,1.447900664061307907e-03,-5.425484478473663330e-02,8.567884564399719238e-02,1.210590451955795288e-01,1.383983612060546875e+00,-2.023499691858887672e-03,-5.114134401082992554e-02,1.887781545519828796e-04,1.570799946784973145e+00
-8.236862182617187500e+00,-1.722900271415710449e+00,6.566464900970458984e-01,1.247768383473157883e-02,-3.651018720120191574e-03,-8.059988021850585938e-01,5.917744040489196777e-01,-1.761128157377243042e-01,1.885631680488586426e-02,3.735743463039398193e-01,3.573278188705444336e-01,-8.284784853458404541e-02,1.843433082103729248e-02,-2.631778717041015625e-01,1.981135085225105286e-02,3.539969623088836670e-01,2.146970629692077637e-01,2.394479513168334961e-02,4.759552702307701111e-02,2.454778365790843964e-02,4.401739221066236496e-03,6.807738542556762695e-02,1.676183342933654785e-01,1.410125851631164551e+00,-5.688903108239173889e-02,-4.117851331830024719e-02,5.221240967512130737e-02,1.570799946784973145e+00
-8.240942955017089844e+00,-1.722664237022399902e+00,6.578612923622131348e-01,1.391420606523752213e-02,-4.080496728420257568e-03,-7.926297187805175781e-01,6.095309257507324219e-01,-2.288046479225158691e-01,4.472864046692848206e-02,4.104854166507720947e-01,4.721337556838989258e-01,-1.046944409608840942e-01,1.716549322009086609e-02,-2.434695065021514893e-01,1.001956779509782791e-02,3.112800419330596924e-01,1.901088953018188477e-01,2.958931215107440948e-02,3.701831772923469543e-02,3.454522415995597839e-02,6.561852991580963135e-02,5.111184343695640564e-02,1.984728872776031494e-01,1.429195165634155273e+00,-1.123425066471099854e-01,-3.407343849539756775e-02,8.336108177900314331e-02,1.561114549636840820e+00
-8.244544982910156250e+00,-1.722762584686279297e+00,6.594213843345642090e-01,1.527868304401636124e-02,-4.722634330391883850e-03,-7.791915535926818848e-01,6.265818476676940918e-01,-2.723648548126220703e-01,7.313043624162673950e-02,4.580423831939697266e-01,5.838746428489685059e-01,-1.317804604768753052e-01,1.759520731866359711e-02,-2.208149880170822144e-01,-4.683572915382683277e-04,2.681083679199218750e-01,1.610322743654251099e-01,3.501615673303604126e-02,2.826922200620174408e-02,4.017639160156250000e-02,1.307541579008102417e-01,3.412421047687530518e-02,2.128233760595321655e-01,1.438675045967102051e+00,-1.634062826633453369e-01,-3.059047088027000427e-02,9.027458727359771729e-02,1.536526322364807129e+00
-8.247846603393554688e+00,-1.723525762557983398e+00,6.609886884689331055e-01,1.641903817653656006e-02,-5.355665925890207291e-03,-7.653931975364685059e-01,6.433311700820922852e-01,-3.059046864509582520e-01,1.019403934478759766e-01,5.058686733245849609e-01,6.870980262756347656e-01,-1.616375595331192017e-01,1.915474049746990204e-02,-1.957947760820388794e-01,-1.094600278884172440e-02,2.243317961692810059e-01,1.304008662700653076e-01,3.910480067133903503e-02,2.104562334716320038e-02,4.111935198307037354e-02,1.932372301816940308e-01,2.000484429299831390e-02,2.173681259155273438e-01,1.442847847938537598e+00,-2.120410650968551636e-01,-2.928862348198890686e-02,9.493786096572875977e-02,1.502726793289184570e+00
-8.250440597534179688e+00,-1.724796175956726074e+00,6.623213291168212891e-01,1.716562733054161072e-02,-5.912175402045249939e-03,-7.518754005432128906e-01,6.590552330017089844e-01,-3.314495384693145752e-01,1.293191313743591309e-01,5.448848605155944824e-01,7.777374982833862305e-01,-1.921705007553100586e-01,2.096746675670146942e-02,-1.695689260959625244e-01,-1.906824298202991486e-02,1.818958818912506104e-01,9.978303313255310059e-02,4.272592067718505859e-02,1.483040302991867065e-02,3.997778147459030151e-02,2.549705207347869873e-01,8.308493532240390778e-03,2.281777113676071167e-01,1.446245670318603516e+00,-2.600626647472381592e-01,-2.880903147161006927e-02,1.136568784713745117e-01,1.460002899169921875e+00
-8.252723693847656250e+00,-1.726401209831237793e+00,6.633642315864562988e-01,1.759543269872665405e-02,-6.160884164273738861e-03,-7.388665676116943359e-01,6.735938787460327148e-01,-3.447185158729553223e-01,1.549220532178878784e-01,5.833099484443664551e-01,8.483510017395019531e-01,-2.209788411855697632e-01,2.101559191942214966e-02,-1.450542956590652466e-01,-2.511013112962245941e-02,1.419679969549179077e-01,7.251349836587905884e-02,4.564667120575904846e-02,1.015605777502059937e-02,4.040883854031562805e-02,3.083217144012451172e-01,6.992873386479914188e-04,2.447480410337448120e-01,1.451252698898315430e+00,-3.029312789440155029e-01,-2.995054982602596283e-02,1.381777673959732056e-01,1.412613868713378906e+00
-8.254384040832519531e+00,-1.727979183197021484e+00,6.639849543571472168e-01,1.767785847187042236e-02,-6.079968530684709549e-03,-7.271950840950012207e-01,6.861762404441833496e-01,-3.421897888183593750e-01,1.763825416564941406e-01,6.250917315483093262e-01,8.914290070533752441e-01,-2.464066296815872192e-01,1.880665868520736694e-02,-1.250623315572738647e-01,-2.838519401848316193e-02,1.078852638602256775e-01,5.226568505167961121e-02,4.832921177148818970e-02,6.598766893148422241e-03,4.413738474249839783e-02,3.536511063575744629e-01,-4.429363645613193512e-03,2.701864540576934814e-01,1.458685517311096191e+00,-3.381612300872802734e-01,-3.239149972796440125e-02,1.587238907814025879e-01,1.363792419433593750e+00
-8.255367279052734375e+00,-1.729453802108764648e+00,6.643713116645812988e-01,1.740971021354198456e-02,-5.924983415752649307e-03,-7.156184315681457520e-01,6.982492804527282715e-01,-3.220600187778472900e-01,1.923965364694595337e-01,6.770765781402587891e-01,9.022645354270935059e-01,-2.693466842174530029e-01,1.526899915188550949e-02,-1.082938835024833679e-01,-3.046184405684471130e-02,7.495249807834625244e-02,3.868265077471733093e-02,4.806812107563018799e-02,4.510231781750917435e-03,4.506693780422210693e-02,3.892132043838500977e-01,-8.922270499169826508e-03,3.001648485660552979e-01,1.465806603431701660e+00,-3.666893541812896729e-01,-3.429673612117767334e-02,1.721887290477752686e-01,1.321879863739013672e+00
-8.255391120910644531e+00,-1.731325387954711914e+00,6.645835041999816895e-01,1.670498587191104889e-02,-5.610415246337652206e-03,-7.048314213752746582e-01,7.091559171676635742e-01,-2.877988517284393311e-01,2.006452530622482300e-01,7.338711619377136230e-01,8.808161616325378418e-01,-2.846749424934387207e-01,9.964502416551113129e-03,-9.211018681526184082e-02,-3.210608288645744324e-02,4.480476677417755127e-02,2.868861332535743713e-02,4.491221532225608826e-02,3.907051868736743927e-03,4.545509815216064453e-02,4.132418036460876465e-01,-1.295132562518119812e-02,3.274755477905273438e-01,1.471910357475280762e+00,-3.871726393699645996e-01,-3.572552651166915894e-02,1.785859465599060059e-01,1.289788722991943359e+00
-8.254569053649902344e+00,-1.733275890350341797e+00,6.646349430084228516e-01,1.569306291639804840e-02,-5.180420354008674622e-03,-6.934939622879028320e-01,7.202728986740112305e-01,-2.401976585388183594e-01,1.973592340946197510e-01,7.982752323150634766e-01,8.228958845138549805e-01,-2.940251231193542480e-01,4.203766118735074997e-03,-7.660044729709625244e-02,-3.378227725625038147e-02,1.412349939346313477e-02,2.128178253769874573e-02,3.906743600964546204e-02,4.915905185043811798e-03,4.284618422389030457e-02,4.255321323871612549e-01,-1.618068106472492218e-02,3.460145890712738037e-01,1.476165652275085449e+00,-3.987843096256256104e-01,-3.692931681871414185e-02,1.801367998123168945e-01,1.268110275268554688e+00
-8.252742767333984375e+00,-1.734995365142822266e+00,6.645794510841369629e-01,1.454940065741539001e-02,-4.711293149739503860e-03,-6.819764971733093262e-01,7.312142252922058105e-01,-1.854668706655502319e-01,1.814513653516769409e-01,8.668193221092224121e-01,7.400107383728027344e-01,-3.006761670112609863e-01,-1.860009972006082535e-03,-6.247163936495780945e-02,-3.656867519021034241e-02,-1.595287770032882690e-02,1.749507896602153778e-02,3.145289048552513123e-02,7.952212356030941010e-03,3.951415792107582092e-02,4.233300387859344482e-01,-1.808564923703670502e-02,3.556827604770660400e-01,1.478904724121093750e+00,-4.013501107692718506e-01,-3.737605363130569458e-02,1.773213893175125122e-01,1.257271170616149902e+00
-8.249695777893066406e+00,-1.736594438552856445e+00,6.643248200416564941e-01,1.350987050682306290e-02,-4.389491863548755646e-03,-6.698847413063049316e-01,7.423291802406311035e-01,-1.272783875465393066e-01,1.526274979114532471e-01,9.461706280708312988e-01,6.322976946830749512e-01,-2.978433072566986084e-01,-6.902259774506092072e-03,-4.879203811287879944e-02,-4.098621010780334473e-02,-4.699929803609848022e-02,1.601906307041645050e-02,2.207738719880580902e-02,1.344995945692062378e-02,3.388673812150955200e-02,4.093470871448516846e-01,-1.937663182616233826e-02,3.592039644718170166e-01,1.480497121810913086e+00,-3.934058547019958496e-01,-3.917654603719711304e-02,1.685627102851867676e-01,1.256873607635498047e+00
-8.245794296264648438e+00,-1.737995147705078125e+00,6.640013456344604492e-01,1.271541509777307510e-02,-4.206348210573196411e-03,-6.573300361633300781e-01,7.534837722778320312e-01,-7.256834954023361206e-02,1.113185882568359375e-01,1.023776769638061523e+00,5.096588134765625000e-01,-2.813448905944824219e-01,-1.297430414706468582e-02,-3.716461360454559326e-02,-4.728435352444648743e-02,-7.769382745027542114e-02,1.846570149064064026e-02,1.102008204907178879e-02,2.063460089266300201e-02,2.910001389682292938e-02,3.826208412647247314e-01,-1.917533762753009796e-02,3.566942214965820312e-01,1.477671742439270020e+00,-3.736374378204345703e-01,-4.444926232099533081e-02,1.513218283653259277e-01,1.265273928642272949e+00
-8.240312576293945312e+00,-1.738895654678344727e+00,6.631475687026977539e-01,1.146546471863985062e-02,-3.605627687647938728e-03,-6.423893570899963379e-01,7.662842273712158203e-01,-3.079258278012275696e-02,6.442836672067642212e-02,1.070892691612243652e+00,3.801009058952331543e-01,-2.408255636692047119e-01,-1.888883300125598907e-02,-2.705395780503749847e-02,-5.509096756577491760e-02,-1.143607497215270996e-01,2.918556705117225647e-02,-6.127552129328250885e-03,3.060321137309074402e-02,1.819751039147377014e-02,3.479616641998291016e-01,-1.625983044505119324e-02,3.526199758052825928e-01,1.471238255500793457e+00,-3.443424999713897705e-01,-5.136240646243095398e-02,1.267100274562835693e-01,1.281215548515319824e+00
-8.232905387878417969e+00,-1.739434242248535156e+00,6.618879437446594238e-01,9.983244352042675018e-03,-2.695872681215405464e-03,-6.261904835700988770e-01,7.796015143394470215e-01,-4.267573356628417969e-03,2.380790747702121735e-02,1.083686470985412598e+00,2.692673206329345703e-01,-1.963195651769638062e-01,-2.126801945269107819e-02,-2.468580938875675201e-02,-6.681489199399948120e-02,-1.533052623271942139e-01,6.030368432402610779e-02,-3.365678712725639343e-02,4.483291134238243103e-02,5.057376343756914139e-03,3.014785349369049072e-01,-1.009547431021928787e-02,3.478141427040100098e-01,1.462387919425964355e+00,-3.061151802539825439e-01,-6.180899217724800110e-02,9.787414222955703735e-02,1.305668354034423828e+00
-8.224319458007812500e+00,-1.738068580627441406e+00,6.607000231742858887e-01,9.214099496603012085e-03,-2.047367626801133156e-03,-6.073033809661865234e-01,7.944139242172241211e-01,6.089946720749139786e-03,-4.165403544902801514e-03,1.065100550651550293e+00,1.994832009077072144e-01,-1.678484678268432617e-01,-1.724630780518054962e-02,-3.975132852792739868e-02,-8.708199113607406616e-02,-1.951795965433120728e-01,1.284370124340057373e-01,-7.343359291553497314e-02,6.260455399751663208e-02,-1.467524003237485886e-02,2.462119460105895996e-01,-2.379243262112140656e-03,3.387017548084259033e-01,1.451458454132080078e+00,-2.590641975402832031e-01,-7.375343888998031616e-02,6.389765441417694092e-02,1.334064364433288574e+00
-8.216592788696289062e+00,-1.733626961708068848e+00,6.591877341270446777e-01,8.689117617905139923e-03,-1.265980536118149757e-03,-5.841172933578491211e-01,8.116217255592346191e-01,-1.760208979249000549e-03,-1.678736135363578796e-02,1.023372054100036621e+00,1.771581918001174927e-01,-1.603789180517196655e-01,-4.276392050087451935e-03,-7.361942529678344727e-02,-1.144461035728454590e-01,-2.391031980514526367e-01,2.229596525430679321e-01,-9.522389620542526245e-02,8.085639774799346924e-02,-4.153577610850334167e-02,1.838563233613967896e-01,1.093508023768663406e-02,3.160378336906433105e-01,1.430983901023864746e+00,-1.993944048881530762e-01,-8.586541563272476196e-02,1.833808794617652893e-02,1.361989259719848633e+00
-8.211280822753906250e+00,-1.729389548301696777e+00,6.581614613533020020e-01,8.137932047247886658e-03,-1.800006793928332627e-05,-5.632423758506774902e-01,8.262516260147094727e-01,-1.331128459423780441e-02,-2.548813261091709137e-02,9.818742871284484863e-01,1.713803261518478394e-01,-1.615177392959594727e-01,9.999721311032772064e-03,-1.231804192066192627e-01,-1.470205187797546387e-01,-2.658931016921997070e-01,3.260015845298767090e-01,-7.502342015504837036e-02,9.931869804859161377e-02,-6.372980773448944092e-02,1.246962547302246094e-01,2.664572745561599731e-02,2.832374572753906250e-01,1.405972361564636230e+00,-1.405256092548370361e-01,-9.449876844882965088e-02,-2.890992537140846252e-02,1.385677576065063477e+00
-8.206382751464843750e+00,-1.723803877830505371e+00,6.573516130447387695e-01,7.915990427136421204e-03,1.742107328027486801e-03,-5.360962748527526855e-01,8.441179394721984863e-01,-2.764511667191982269e-02,-4.011771455407142639e-02,9.274988770484924316e-01,1.592522710561752319e-01,-1.587354838848114014e-01,2.974371612071990967e-02,-2.079660594463348389e-01,-1.962192505598068237e-01,-2.739574015140533447e-01,4.785277247428894043e-01,-1.586595363914966583e-02,1.237763762474060059e-01,-8.878313004970550537e-02,3.904162347316741943e-02,4.944982007145881653e-02,2.235537320375442505e-01,1.363132476806640625e+00,-5.621692538261413574e-02,-1.035359799861907959e-01,-8.993617445230484009e-02,1.418306589126586914e+00
-8.203164100646972656e+00,-1.721738934516906738e+00,6.577447652816772461e-01,7.836139760911464691e-03,2.933151554316282272e-03,-5.226038098335266113e-01,8.525345921516418457e-01,-2.941084094345569611e-02,-5.236304178833961487e-02,8.994194269180297852e-01,1.328710764646530151e-01,-1.430079489946365356e-01,3.852488100528717041e-02,-2.796639204025268555e-01,-2.200537919998168945e-01,-2.407651096582412720e-01,5.824650526046752930e-01,3.125210478901863098e-02,1.230266466736793518e-01,-9.704826027154922485e-02,-1.738009415566921234e-02,7.053903490304946899e-02,1.736311763525009155e-01,1.329809427261352539e+00,-6.339794490486383438e-03,-1.105500012636184692e-01,-1.127202063798904419e-01,1.440601110458374023e+00
-8.198368072509765625e+00,-1.720200300216674805e+00,6.584492921829223633e-01,7.497444748878479004e-03,3.988561220467090607e-03,-5.080365538597106934e-01,8.612936139106750488e-01,-2.852612175047397614e-02,-6.468452513217926025e-02,8.680677413940429688e-01,1.060991138219833374e-01,-1.272123306989669800e-01,4.637575522065162659e-02,-3.657676875591278076e-01,-2.402049452066421509e-01,-1.966168582439422607e-01,7.162052392959594727e-01,2.342101000249385834e-02,1.079676449298858643e-01,-1.057796105742454529e-01,-8.063620328903198242e-02,9.645196050405502319e-02,1.198913305997848511e-01,1.296189904212951660e+00,4.711029678583145142e-02,-1.140747442841529846e-01,-1.403051167726516724e-01,1.468262910842895508e+00
-8.195701599121093750e+00,-1.719787716865539551e+00,6.593053936958312988e-01,6.576145067811012268e-03,4.970861133188009262e-03,-4.944718778133392334e-01,8.691545724868774414e-01,-2.531718462705612183e-02,-7.493722438812255859e-02,8.390681743621826172e-01,8.152158558368682861e-02,-1.127258539199829102e-01,5.287963151931762695e-02,-4.525873064994812012e-01,-2.488629817962646484e-01,-1.407169848680496216e-01,8.477604389190673828e-01,-1.063058245927095413e-02,9.481763839721679688e-02,-1.136246547102928162e-01,-1.401714384555816650e-01,1.222893744707107544e-01,7.066091150045394897e-02,1.262509822845458984e+00,9.751772880554199219e-02,-1.136315241456031799e-01,-1.659088730812072754e-01,1.497802495956420898e+00
-8.193505287170410156e+00,-1.720190644264221191e+00,6.599578261375427246e-01,5.493735894560813904e-03,5.699908826500177383e-03,-4.839101731777191162e-01,8.750818967819213867e-01,-2.016609348356723785e-02,-8.214256167411804199e-02,8.166951537132263184e-01,6.005479395389556885e-02,-1.000635251402854919e-01,5.665808171033859253e-02,-5.256050825119018555e-01,-2.357433885335922241e-01,-6.928925961256027222e-02,9.403634071350097656e-01,-2.794060297310352325e-02,1.055635958909988403e-01,-1.178360134363174438e-01,-1.885281205177307129e-01,1.468528658151626587e-01,3.469526022672653198e-02,1.226556062698364258e+00,1.388473361730575562e-01,-1.133518889546394348e-01,-1.795024573802947998e-01,1.525577187538146973e+00
-8.191627502441406250e+00,-1.721801280975341797e+00,6.605447530746459961e-01,4.194658715277910233e-03,6.173554342240095139e-03,-4.744946956634521484e-01,8.802267313003540039e-01,-1.270525436848402023e-02,-8.714043349027633667e-02,7.971047163009643555e-01,4.030638188123703003e-02,-8.975480496883392334e-02,5.789713189005851746e-02,-5.785480141639709473e-01,-1.988291889429092407e-01,1.388702169060707092e-02,9.915822148323059082e-01,-2.988534793257713318e-02,1.368935108184814453e-01,-1.218920052051544189e-01,-2.275082170963287354e-01,1.692745983600616455e-01,8.672919124364852905e-03,1.193156838417053223e+00,1.711693257093429565e-01,-1.129862368106842041e-01,-1.869191080331802368e-01,1.547142863273620605e+00
-8.189110755920410156e+00,-1.724080801010131836e+00,6.609505414962768555e-01,3.029922721907496452e-03,6.529015954583883286e-03,-4.658556282520294189e-01,8.848314881324768066e-01,-3.821661463007330894e-03,-9.167055040597915649e-02,7.790859937667846680e-01,2.350595965981483459e-02,-8.275382965803146362e-02,5.784030258655548096e-02,-6.101467609405517578e-01,-1.517876237630844116e-01,8.700781315565109253e-02,1.012780189514160156e+00,-3.471879288554191589e-02,1.599108427762985229e-01,-1.254500746726989746e-01,-2.602477669715881348e-01,1.915134787559509277e-01,-1.280700694769620895e-02,1.166479587554931641e+00,1.951713860034942627e-01,-1.134419664740562439e-01,-1.938502192497253418e-01,1.560807585716247559e+00
-8.186310768127441406e+00,-1.726963162422180176e+00,6.611837744712829590e-01,1.931197941303253174e-03,6.745198275893926620e-03,-4.570817649364471436e-01,8.893970251083374023e-01,5.171138793230056763e-03,-9.483688324689865112e-02,7.602322101593017578e-01,1.200227439403533936e-02,-8.061940968036651611e-02,5.702512711286544800e-02,-6.220924258232116699e-01,-1.081920936703681946e-01,1.421715319156646729e-01,1.008066058158874512e+00,-5.223494023084640503e-02,1.696147024631500244e-01,-1.286684274673461914e-01,-2.864651381969451904e-01,2.094142138957977295e-01,-3.343057632446289062e-02,1.147227048873901367e+00,2.124561518430709839e-01,-1.137752532958984375e-01,-2.018629759550094604e-01,1.568782091140747070e+00
-8.184156417846679688e+00,-1.729884982109069824e+00,6.613976955413818359e-01,1.124974456615746021e-03,6.849912460893392563e-03,-4.489643275737762451e-01,8.935227394104003906e-01,1.242334768176078796e-02,-9.637462347745895386e-02,7.429187893867492676e-01,5.657908506691455841e-03,-8.126765489578247070e-02,5.626508221030235291e-02,-6.164963245391845703e-01,-7.151912897825241089e-02,1.834615170955657959e-01,9.804494380950927734e-01,-7.553567737340927124e-02,1.691786497831344604e-01,-1.306528002023696899e-01,-3.040668964385986328e-01,2.212277203798294067e-01,-4.760915786027908325e-02,1.137030839920043945e+00,2.231743633747100830e-01,-1.140397712588310242e-01,-2.077433466911315918e-01,1.570799946784973145e+00
-8.180714607238769531e+00,-1.733118891716003418e+00,6.613749861717224121e-01,3.148838004563003778e-04,6.607144605368375778e-03,-4.393992125988006592e-01,8.982675671577453613e-01,1.859505474567413330e-02,-9.552763402462005615e-02,7.217469811439514160e-01,6.348465103656053543e-03,-8.529186993837356567e-02,5.494846031069755554e-02,-5.909193754196166992e-01,-3.577911853790283203e-02,2.231530845165252686e-01,9.187942147254943848e-01,-1.044694408774375916e-01,1.619468331336975098e-01,-1.303463280200958252e-01,-3.143329322338104248e-01,2.260996252298355103e-01,-5.563615262508392334e-02,1.137844920158386230e+00,2.268147468566894531e-01,-1.125308573246002197e-01,-2.091762423515319824e-01,1.570799946784973145e+00
-8.176984786987304688e+00,-1.736509442329406738e+00,6.612615585327148438e-01,-2.167121274396777153e-04,6.392547395080327988e-03,-4.286050200462341309e-01,9.034693241119384766e-01,2.261824719607830048e-02,-9.315685182809829712e-02,6.984081864356994629e-01,1.236507389694452286e-02,-9.102790057659149170e-02,5.343136191368103027e-02,-5.489817857742309570e-01,-4.771003965288400650e-03,2.618393599987030029e-01,8.290895223617553711e-01,-1.303093731403350830e-01,1.506296545267105103e-01,-1.307112127542495728e-01,-3.150753676891326904e-01,2.234066128730773926e-01,-5.254795774817466736e-02,1.149764180183410645e+00,2.207455486059188843e-01,-1.089288443326950073e-01,-2.006268501281738281e-01,1.570799946784973145e+00
-8.173808097839355469e+00,-1.740313649177551270e+00,6.610462665557861328e-01,-6.581535562872886658e-04,5.945917218923568726e-03,-4.145771861076354980e-01,9.099944829940795898e-01,2.398487180471420288e-02,-8.850556612014770508e-02,6.686111688613891602e-01,2.561338804662227631e-02,-9.963190555572509766e-02,5.266368389129638672e-02,-4.962458610534667969e-01,2.058281004428863525e-02,3.023285269737243652e-01,7.162960767745971680e-01,-1.495247483253479004e-01,1.373620629310607910e-01,-1.340189278125762939e-01,-3.070931136608123779e-01,2.140343189239501953e-01,-4.497217014431953430e-02,1.169620156288146973e+00,2.074711471796035767e-01,-1.029994264245033264e-01,-1.871650516986846924e-01,1.570799946784973145e+00
-8.170336723327636719e+00,-1.744161844253540039e+00,6.604115962982177734e-01,-4.723404708784073591e-04,5.107344593852758408e-03,-3.998121023178100586e-01,9.165827631950378418e-01,2.194764092564582825e-02,-8.243197947740554810e-02,6.385226845741271973e-01,4.772494360804557800e-02,-1.122585609555244446e-01,5.148883908987045288e-02,-4.351513981819152832e-01,4.064801335334777832e-02,3.484116792678833008e-01,5.901115536689758301e-01,-1.462891101837158203e-01,1.204987764358520508e-01,-1.357522159814834595e-01,-2.890781462192535400e-01,1.978303641080856323e-01,-3.598731756210327148e-02,1.196253657341003418e+00,1.879217028617858887e-01,-9.481938183307647705e-02,-1.686567515134811401e-01,1.570799946784973145e+00
-8.167378425598144531e+00,-1.748227715492248535e+00,6.590264439582824707e-01,6.087496294640004635e-04,4.159683827310800552e-03,-3.821180760860443115e-01,9.241039752960205078e-01,1.177274063229560852e-02,-7.297168672084808350e-02,6.030251979827880859e-01,8.785802870988845825e-02,-1.331323534250259399e-01,5.025302618741989136e-02,-3.738201558589935303e-01,4.756758362054824829e-02,3.787361979484558105e-01,4.605655968189239502e-01,-9.666796773672103882e-02,9.906163066625595093e-02,-1.327909082174301147e-01,-2.659004628658294678e-01,1.742113977670669556e-01,-3.434239327907562256e-02,1.223373174667358398e+00,1.655204594135284424e-01,-8.426886051893234253e-02,-1.517103910446166992e-01,1.570799946784973145e+00
-8.164813041687011719e+00,-1.751797556877136230e+00,6.573280096054077148e-01,2.231908030807971954e-03,3.515857039019465446e-03,-3.659237623214721680e-01,9.306355118751525879e-01,-8.715629577636718750e-03,-6.011509895324707031e-02,5.716376304626464844e-01,1.465154141187667847e-01,-1.581262648105621338e-01,4.886956885457038879e-02,-3.253263235092163086e-01,4.522821307182312012e-02,3.862286210060119629e-01,3.628857731819152832e-01,-4.842546954751014709e-02,7.948249578475952148e-02,-1.181255355477333069e-01,-2.346979230642318726e-01,1.472348868846893311e-01,-2.994351089000701904e-02,1.253376722335815430e+00,1.352803111076354980e-01,-7.159435749053955078e-02,-1.249290481209754944e-01,1.570799946784973145e+00
-8.163147926330566406e+00,-1.754693150520324707e+00,6.559653878211975098e-01,3.838893724605441093e-03,3.408862976357340813e-03,-3.541387915611267090e-01,9.351788163185119629e-01,-3.913372382521629333e-02,-4.154178872704505920e-02,5.500382184982299805e-01,2.165367454290390015e-01,-1.664358377456665039e-01,4.639645293354988098e-02,-2.974722087383270264e-01,4.364515841007232666e-02,3.823497891426086426e-01,3.113789558410644531e-01,-2.246710471808910370e-02,6.488390266895294189e-02,-8.510284125804901123e-02,-1.985718309879302979e-01,1.206844449043273926e-01,-1.986835338175296783e-02,1.284726023674011230e+00,9.773711115121841431e-02,-5.656357854604721069e-02,-8.985215425491333008e-02,1.570799946784973145e+00
-8.163311004638671875e+00,-1.757012844085693359e+00,6.553532481193542480e-01,5.208913236856460571e-03,3.878916148096323013e-03,-3.410138189792633057e-01,9.400358200073242188e-01,-8.685783296823501587e-02,-1.524350605905056000e-02,5.292187929153442383e-01,2.977420091629028320e-01,-1.365444511175155640e-01,4.345527291297912598e-02,-2.807817161083221436e-01,4.019916057586669922e-02,3.656132519245147705e-01,2.815904617309570312e-01,-8.341148495674133301e-03,5.373454838991165161e-02,-5.535354837775230408e-02,-1.515515893697738647e-01,9.613484889268875122e-02,1.066053006798028946e-02,1.317843914031982422e+00,4.986402392387390137e-02,-4.112164303660392761e-02,-3.590941056609153748e-02,1.570799946784973145e+00
-8.164702415466308594e+00,-1.759240865707397461e+00,6.556343436241149902e-01,6.717388052493333817e-03,4.642212297767400742e-03,-3.225485980510711670e-01,9.465177059173583984e-01,-1.486143022775650024e-01,1.452160626649856567e-02,5.121276974678039551e-01,3.913241326808929443e-01,-9.075939655303955078e-02,4.175563156604766846e-02,-2.657900750637054443e-01,3.261724114418029785e-02,3.346478939056396484e-01,2.564905583858489990e-01,1.028941129334270954e-03,4.378059506416320801e-02,-3.692236170172691345e-02,-9.785246849060058594e-02,7.297589629888534546e-02,5.123586207628250122e-02,1.350113630294799805e+00,-4.439998883754014969e-03,-2.770090475678443909e-02,2.209666185081005096e-02,1.570799946784973145e+00
-8.165431976318359375e+00,-1.762498140335083008e+00,6.566796898841857910e-01,8.056404069066047668e-03,4.961322993040084839e-03,-3.020336925983428955e-01,9.532502889633178711e-01,-2.062552720308303833e-01,4.328542202711105347e-02,5.134439468383789062e-01,4.921047985553741455e-01,-7.648024708032608032e-02,4.134355485439300537e-02,-2.456868588924407959e-01,2.365951240062713623e-02,2.968619167804718018e-01,2.295652925968170166e-01,7.845412939786911011e-03,3.357765078544616699e-02,-2.618201449513435364e-02,-3.650898858904838562e-02,5.211375281214714050e-02,9.153115004301071167e-02,1.384636521339416504e+00,-6.291320174932479858e-02,-1.724561862647533417e-02,7.330697774887084961e-02,1.570799946784973145e+00
-8.165948867797851562e+00,-1.765995979309082031e+00,6.582857370376586914e-01,9.970005601644515991e-03,4.902416374534368515e-03,-2.810214161872863770e-01,9.596371650695800781e-01,-2.566949725151062012e-01,7.295069843530654907e-02,5.381288528442382812e-01,6.005997657775878906e-01,-9.903305768966674805e-02,4.268653318285942078e-02,-2.229192405939102173e-01,1.257439795881509781e-02,2.564231157302856445e-01,2.019970268011093140e-01,1.250285375863313675e-02,2.493155933916568756e-02,-1.772908307611942291e-02,2.615231834352016449e-02,3.217951580882072449e-02,1.184352487325668335e-01,1.415500521659851074e+00,-1.188856512308120728e-01,-1.054801605641841888e-02,1.054461002349853516e-01,1.564540147781372070e+00
-8.165072441101074219e+00,-1.769302368164062500e+00,6.600912213325500488e-01,1.208066102117300034e-02,4.611625801771879196e-03,-2.611298859119415283e-01,9.652170538902282715e-01,-2.942299246788024902e-01,1.055556088685989380e-01,5.810662508010864258e-01,7.037822604179382324e-01,-1.341089159250259399e-01,4.356092214584350586e-02,-1.968645304441452026e-01,8.874748018570244312e-04,2.169825583696365356e-01,1.717606633901596069e-01,1.683042384684085846e-02,1.777770742774009705e-02,-1.033403072506189346e-02,9.379178285598754883e-02,1.241388637572526932e-02,1.405263543128967285e-01,1.440937757492065430e+00,-1.708228737115859985e-01,-7.686162367463111877e-03,1.229461655020713806e-01,1.545856595039367676e+00
-8.163184165954589844e+00,-1.772246718406677246e+00,6.617584824562072754e-01,1.408325415104627609e-02,4.338371101766824722e-03,-2.409724891185760498e-01,9.704200625419616699e-01,-3.185142278671264648e-01,1.376972496509552002e-01,6.309307813644409180e-01,7.956213951110839844e-01,-1.724015772342681885e-01,4.415329918265342712e-02,-1.691421866416931152e-01,-1.052809692919254303e-02,1.761982738971710205e-01,1.417313516139984131e-01,1.903533004224300385e-02,1.206190977245569229e-02,-4.471046850085258484e-03,1.613512784242630005e-01,-4.940690007060766220e-03,1.597850471735000610e-01,1.460178375244140625e+00,-2.189708650112152100e-01,-8.303922601044178009e-03,1.369427889585494995e-01,1.518914937973022461e+00
-8.160838127136230469e+00,-1.774734497070312500e+00,6.631224751472473145e-01,1.560078002512454987e-02,3.925559110939502716e-03,-2.213139384984970093e-01,9.750699400901794434e-01,-3.308597207069396973e-01,1.658707261085510254e-01,6.763797998428344727e-01,8.695998787879943848e-01,-2.078812718391418457e-01,4.421066492795944214e-02,-1.402079313993453979e-01,-1.997205801308155060e-02,1.353292912244796753e-01,1.121742799878120422e-01,2.052977681159973145e-02,8.275221101939678192e-03,-3.144938964396715164e-03,2.256366163492202759e-01,-1.758708991110324860e-02,1.814612597227096558e-01,1.477288365364074707e+00,-2.669844925403594971e-01,-1.068833470344543457e-02,1.605217009782791138e-01,1.486693620681762695e+00
-8.161932945251464844e+00,-1.778755426406860352e+00,6.651893854141235352e-01,1.723812147974967957e-02,3.392595099285244942e-03,-1.952620893716812134e-01,9.805937409400939941e-01,-3.371386826038360596e-01,2.017492204904556274e-01,7.365266680717468262e-01,9.565606117248535156e-01,-2.547416090965270996e-01,4.384939000010490417e-02,-1.011272966861724854e-01,-2.981139346957206726e-02,8.089240640401840210e-02,7.347226142883300781e-02,2.236011438071727753e-02,4.363121930509805679e-03,-3.341231262311339378e-03,3.083941638469696045e-01,-3.146969527006149292e-02,2.119027972221374512e-01,1.497884035110473633e+00,-3.290455937385559082e-01,-1.459177117794752121e-02,1.966041773557662964e-01,1.441572904586791992e+00
-8.156822204589843750e+00,-1.778770327568054199e+00,6.654530763626098633e-01,1.753321476280689240e-02,2.968321088701486588e-03,-1.802888512611389160e-01,9.834529757499694824e-01,-3.239144682884216309e-01,2.089298516511917114e-01,7.599394917488098145e-01,9.638883471488952637e-01,-2.712158262729644775e-01,3.920940682291984558e-02,-8.134703338146209717e-02,-3.448378667235374451e-02,5.011624842882156372e-02,5.932855606079101562e-02,1.863261498510837555e-02,4.355548880994319916e-03,-2.940392587333917618e-03,3.414611816406250000e-01,-3.324361890554428101e-02,2.389838695526123047e-01,1.507768869400024414e+00,-3.519943058490753174e-01,-2.023534849286079407e-02,2.036068737506866455e-01,1.416935443878173828e+00
-8.153692245483398438e+00,-1.778736829757690430e+00,6.656523942947387695e-01,1.740856468677520752e-02,2.732856897637248039e-03,-1.618211865425109863e-01,9.866627454757690430e-01,-2.966710329055786133e-01,2.109085470438003540e-01,7.919004559516906738e-01,9.468997120857238770e-01,-2.872620820999145508e-01,3.172713890671730042e-02,-6.056198105216026306e-02,-3.862398490309715271e-02,1.234309561550617218e-02,4.743571579456329346e-02,1.209991890937089920e-02,5.696250125765800476e-03,-2.380247227847576141e-03,3.742068111896514893e-01,-3.344125673174858093e-02,2.754181921482086182e-01,1.516784787178039551e+00,-3.735857307910919189e-01,-2.831708453595638275e-02,2.060020714998245239e-01,1.387903928756713867e+00
-8.148172378540039062e+00,-1.777389168739318848e+00,6.654685139656066895e-01,1.694064773619174957e-02,2.513117622584104538e-03,-1.423334330320358276e-01,9.896705746650695801e-01,-2.574329972267150879e-01,2.052038013935089111e-01,8.304601907730102539e-01,9.003781080245971680e-01,-2.959054708480834961e-01,2.220022864639759064e-02,-4.084454849362373352e-02,-4.227605834603309631e-02,-2.656468003988265991e-02,4.009165987372398376e-02,1.849020365625619888e-03,8.777922019362449646e-03,-3.242466133087873459e-03,3.980811238288879395e-01,-3.334642946720123291e-02,3.121451735496520996e-01,1.523807168006896973e+00,-3.891476392745971680e-01,-3.763680532574653625e-02,2.053289115428924561e-01,1.360408425331115723e+00
-8.144542694091796875e+00,-1.775763869285583496e+00,6.652041673660278320e-01,1.613303273916244507e-02,2.335930941626429558e-03,-1.215699836611747742e-01,9.924489855766296387e-01,-2.084662616252899170e-01,1.896139383316040039e-01,8.746671676635742188e-01,8.235064744949340820e-01,-2.972762584686279297e-01,1.187806855887174606e-02,-2.035612612962722778e-02,-4.588019475340843201e-02,-6.794571131467819214e-02,3.393794223666191101e-02,-1.001717895269393921e-02,1.363059040158987045e-02,-4.826804623007774353e-03,4.096565544605255127e-01,-3.141803294420242310e-02,3.403017520904541016e-01,1.528222799301147461e+00,-3.970656394958496094e-01,-4.764673486351966858e-02,2.023896127939224243e-01,1.338503479957580566e+00
-8.140470504760742188e+00,-1.772688269615173340e+00,6.647226214408874512e-01,1.516478229314088821e-02,2.141813514754176140e-03,-1.007389500737190247e-01,9.947950243949890137e-01,-1.564643681049346924e-01,1.650127023458480835e-01,9.237253069877624512e-01,7.296550869941711426e-01,-2.993345260620117188e-01,2.874519908800721169e-03,-1.474985620006918907e-03,-5.028088763356208801e-02,-1.096997559070587158e-01,3.066843934357166290e-02,-2.313568815588951111e-02,2.106830291450023651e-02,-6.953315343707799911e-03,4.070413708686828613e-01,-2.803911454975605011e-02,3.589515089988708496e-01,1.528857469558715820e+00,-3.956040441989898682e-01,-5.756080895662307739e-02,1.942217797040939331e-01,1.324963212013244629e+00
-8.138368606567382812e+00,-1.769002795219421387e+00,6.641660332679748535e-01,1.390601228922605515e-02,1.974744023755192757e-03,-7.915423065423965454e-02,9.967634081840515137e-01,-1.067516282200813293e-01,1.352473944425582886e-01,9.724273085594177246e-01,6.314774751663208008e-01,-3.030781447887420654e-01,-6.325636059045791626e-03,1.543440576642751694e-02,-5.405347421765327454e-02,-1.525502204895019531e-01,2.935658209025859833e-02,-3.523575514554977417e-02,2.982395514845848083e-02,-1.137767452746629715e-02,3.949141800403594971e-01,-2.232548408210277557e-02,3.661276996135711670e-01,1.527980685234069824e+00,-3.857260942459106445e-01,-6.806218624114990234e-02,1.797082126140594482e-01,1.317453622817993164e+00
-8.134827613830566406e+00,-1.763145327568054199e+00,6.630861759185791016e-01,1.223553158342838287e-02,1.835074508562684059e-03,-5.473486334085464478e-02,9.984242916107177734e-01,-5.704176053404808044e-02,9.401348233222961426e-02,1.017005324363708496e+00,5.107446908950805664e-01,-2.865562438964843750e-01,-1.505067292600870132e-02,3.352981805801391602e-02,-5.960699915885925293e-02,-2.018697410821914673e-01,3.080341964960098267e-02,-4.921841993927955627e-02,4.252543300390243530e-02,-1.896504499018192291e-02,3.642093539237976074e-01,-1.624874770641326904e-02,3.689849376678466797e-01,1.522551417350769043e+00,-3.633767366409301758e-01,-8.073385804891586304e-02,1.558351516723632812e-01,1.320822119712829590e+00
-8.132083892822265625e+00,-1.755763292312622070e+00,6.616014242172241211e-01,9.928454644978046417e-03,1.671602367423474789e-03,-2.661396004259586334e-02,9.995951056480407715e-01,-1.820505596697330475e-02,4.753024876117706299e-02,1.027882933616638184e+00,3.787853419780731201e-01,-2.463023513555526733e-01,-2.011364884674549103e-02,4.954513534903526306e-02,-6.623692810535430908e-02,-2.574355900287628174e-01,4.049284756183624268e-02,-6.494644284248352051e-02,5.857342854142189026e-02,-3.058195859193801880e-02,3.229405581951141357e-01,-6.217324174940586090e-03,3.671255409717559814e-01,1.513400316238403320e+00,-3.273805677890777588e-01,-9.599010646343231201e-02,1.200793907046318054e-01,1.327379941940307617e+00
-8.129093170166015625e+00,-1.745890498161315918e+00,6.600168943405151367e-01,8.202986791729927063e-03,1.522245001979172230e-03,4.737306851893663406e-03,9.999539852142333984e-01,2.725218189880251884e-03,1.131988316774368286e-02,1.005270361900329590e+00,2.810581624507904053e-01,-2.131095379590988159e-01,-1.838338188827037811e-02,5.270474404096603394e-02,-8.207581937313079834e-02,-3.164423406124114990e-01,8.353029191493988037e-02,-9.257841855287551880e-02,7.987567782402038574e-02,-4.722144082188606262e-02,2.676514983177185059e-01,5.734641104936599731e-03,3.617269694805145264e-01,1.499529600143432617e+00,-2.828594744205474854e-01,-1.143210381269454956e-01,7.443164288997650146e-02,1.342967987060546875e+00
-8.128441810607910156e+00,-1.736882328987121582e+00,6.582456231117248535e-01,6.948946043848991394e-03,1.646501827053725719e-03,3.997844085097312927e-02,9.991750121116638184e-01,1.979939173907041550e-03,-6.010896526277065277e-03,9.570140242576599121e-01,2.416578084230422974e-01,-2.013873010873794556e-01,-7.791892625391483307e-03,4.191509261727333069e-02,-1.052555590867996216e-01,-3.759916722774505615e-01,1.539409756660461426e-01,-1.118004024028778076e-01,1.018193587660789490e-01,-6.954958289861679077e-02,2.049684524536132812e-01,1.817081682384014130e-02,3.485357463359832764e-01,1.479526877403259277e+00,-2.267980724573135376e-01,-1.330507695674896240e-01,1.563891768455505371e-02,1.361443519592285156e+00
-8.129138946533203125e+00,-1.730228424072265625e+00,6.571539640426635742e-01,5.251434165984392166e-03,1.889844075776636600e-03,7.327648997306823730e-02,9.972960352897644043e-01,-6.117201875895261765e-03,-1.523570250719785690e-02,9.042721390724182129e-01,2.238108962774276733e-01,-1.957193613052368164e-01,5.426985677331686020e-03,6.026224233210086823e-03,-1.419589221477508545e-01,-4.108362197875976562e-01,2.578921020030975342e-01,-1.065493151545524597e-01,1.249209418892860413e-01,-8.791439235210418701e-02,1.410643309354782104e-01,3.472129255533218384e-02,3.226199746131896973e-01,1.447853207588195801e+00,-1.618252396583557129e-01,-1.470426172018051147e-01,-4.968528077006340027e-02,1.380474328994750977e+00
-8.129780769348144531e+00,-1.725493907928466797e+00,6.574658751487731934e-01,3.226150292903184891e-03,2.349254675209522247e-03,1.033026501536369324e-01,9.946419596672058105e-01,-1.006846781820058823e-02,-2.715906128287315369e-02,8.541627526283264160e-01,1.935653239488601685e-01,-1.798098385334014893e-01,1.767236180603504181e-02,-5.028660967946052551e-02,-1.828603446483612061e-01,-3.995935618877410889e-01,3.809368610382080078e-01,-9.040442109107971191e-02,1.392366886138916016e-01,-1.010968089103698730e-01,7.630557566881179810e-02,5.734933167695999146e-02,2.765573561191558838e-01,1.405840754508972168e+00,-9.636546671390533447e-02,-1.575639694929122925e-01,-1.048189476132392883e-01,1.400466799736022949e+00
-8.130345344543457031e+00,-1.721172094345092773e+00,6.585317254066467285e-01,1.085560070350766182e-03,2.650568727403879166e-03,1.290638148784637451e-01,9.916321635246276855e-01,-9.738598018884658813e-03,-4.043889790773391724e-02,8.078077435493469238e-01,1.583605408668518066e-01,-1.608611196279525757e-01,2.908820286393165588e-02,-1.270155012607574463e-01,-2.157105207443237305e-01,-3.450028300285339355e-01,5.315840840339660645e-01,-1.107223555445671082e-01,1.277382373809814453e-01,-1.121347919106483459e-01,8.995502255856990814e-03,8.385162055492401123e-02,2.184869945049285889e-01,1.359985113143920898e+00,-4.052799567580223083e-02,-1.645614653825759888e-01,-1.401631683111190796e-01,1.421255707740783691e+00
-8.130739212036132812e+00,-1.717207312583923340e+00,6.595417857170104980e-01,-1.481474610045552254e-03,2.751893131062388420e-03,1.515240371227264404e-01,9.884486198425292969e-01,-8.787992410361766815e-03,-5.021480843424797058e-02,7.655312418937683105e-01,1.305012553930282593e-01,-1.454621404409408569e-01,3.938240185379981995e-02,-2.118355780839920044e-01,-2.347283065319061279e-01,-2.765431702136993408e-01,6.820645928382873535e-01,-1.449997574090957642e-01,1.107796207070350647e-01,-1.212246417999267578e-01,-5.626445263624191284e-02,1.112255603075027466e-01,1.613843739032745361e-01,1.316920638084411621e+00,1.139671355485916138e-02,-1.680335700511932373e-01,-1.700526028871536255e-01,1.445196866989135742e+00
-8.130899429321289062e+00,-1.713901638984680176e+00,6.603941321372985840e-01,-4.228892270475625992e-03,2.669775625690817833e-03,1.697711050510406494e-01,9.854708313941955566e-01,-6.892221979796886444e-03,-5.615863204002380371e-02,7.305405139923095703e-01,1.084093376994132996e-01,-1.319892704486846924e-01,4.692028462886810303e-02,-3.049587607383728027e-01,-2.385060638189315796e-01,-1.900187581777572632e-01,8.198609948158264160e-01,-1.722985506057739258e-01,1.067826971411705017e-01,-1.275057345628738403e-01,-1.135949343442916870e-01,1.383957415819168091e-01,1.144132614135742188e-01,1.272562384605407715e+00,5.687370151281356812e-02,-1.688071787357330322e-01,-1.978325694799423218e-01,1.469624876976013184e+00
-8.130286216735839844e+00,-1.711538553237915039e+00,6.612764596939086914e-01,-6.674596574157476425e-03,2.537654014304280281e-03,1.855562925338745117e-01,9.826076626777648926e-01,-3.190214745700359344e-03,-6.029313057661056519e-02,7.000961899757385254e-01,8.766023814678192139e-02,-1.179412901401519775e-01,5.202504247426986694e-02,-3.920400440692901611e-01,-2.243302166461944580e-01,-9.494948387145996094e-02,9.295638203620910645e-01,-1.888560652732849121e-01,1.181766763329505920e-01,-1.313382685184478760e-01,-1.618148833513259888e-01,1.646828353404998779e-01,7.652829587459564209e-02,1.227739334106445312e+00,9.488930553197860718e-02,-1.697912067174911499e-01,-2.170266509056091309e-01,1.494863271713256836e+00
-8.129003524780273438e+00,-1.710022568702697754e+00,6.620251536369323730e-01,-8.799508213996887207e-03,2.203180221840739250e-03,1.994214206933975220e-01,9.798718094825744629e-01,1.046265126205980778e-03,-6.174331158399581909e-02,6.736304163932800293e-01,7.018746435642242432e-02,-1.055237725377082825e-01,5.500832200050354004e-02,-4.638850390911102295e-01,-1.907787322998046875e-01,1.551674795337021351e-04,1.002682685852050781e+00,-1.933207362890243530e-01,1.406464278697967529e-01,-1.344987154006958008e-01,-2.037881314754486084e-01,1.896311044692993164e-01,4.978863894939422607e-02,1.188291430473327637e+00,1.239773556590080261e-01,-1.719240397214889526e-01,-2.257570773363113403e-01,1.518357753753662109e+00
-8.127306938171386719e+00,-1.709014058113098145e+00,6.626585125923156738e-01,-1.057643629610538483e-02,1.826449763029813766e-03,2.128378301858901978e-01,9.770286083221435547e-01,4.948786459863185883e-03,-6.138863041996955872e-02,6.474766135215759277e-01,5.726895481348037720e-02,-9.578974545001983643e-02,5.668605491518974304e-02,-5.136806964874267578e-01,-1.496821045875549316e-01,7.845882326364517212e-02,1.040303826332092285e+00,-1.911621838808059692e-01,1.628162860870361328e-01,-1.369927972555160522e-01,-2.410173118114471436e-01,2.117358446121215820e-01,2.846671268343925476e-02,1.159859299659729004e+00,1.474518030881881714e-01,-1.744353771209716797e-01,-2.310825884342193604e-01,1.537728548049926758e+00
-8.124972343444824219e+00,-1.707999825477600098e+00,6.630281209945678711e-01,-1.201609522104263306e-02,1.604732125997543335e-03,2.255412638187408447e-01,9.741581678390502930e-01,7.770797237753868103e-03,-6.033072620630264282e-02,6.225152611732482910e-01,4.860067367553710938e-02,-8.980675041675567627e-02,5.735339224338531494e-02,-5.426999926567077637e-01,-1.076646819710731506e-01,1.383260637521743774e-01,1.044269680976867676e+00,-1.919547021389007568e-01,1.754798144102096558e-01,-1.382649838924407959e-01,-2.706692218780517578e-01,2.294654995203018188e-01,1.262310426682233810e-02,1.140888094902038574e+00,1.650332361459732056e-01,-1.762893497943878174e-01,-2.377183735370635986e-01,1.553029179573059082e+00
-8.122442245483398438e+00,-1.706466078758239746e+00,6.632236838340759277e-01,-1.315422076731920242e-02,1.348897116258740425e-03,2.383776456117630005e-01,9.710825085639953613e-01,1.127472519874572754e-02,-5.949094146490097046e-02,5.966323018074035645e-01,4.268928989768028259e-02,-8.712945133447647095e-02,5.784701555967330933e-02,-5.535635352134704590e-01,-7.359226793050765991e-02,1.795349419116973877e-01,1.022220969200134277e+00,-1.962279081344604492e-01,1.784444600343704224e-01,-1.376063823699951172e-01,-2.933180630207061768e-01,2.407319694757461548e-01,-2.547331852838397026e-03,1.130818724632263184e+00,1.770552545785903931e-01,-1.774222403764724731e-01,-2.435222119092941284e-01,1.563572287559509277e+00
-8.119278907775878906e+00,-1.704742431640625000e+00,6.631708741188049316e-01,-1.355331391096115112e-02,1.178590347990393639e-03,2.509200870990753174e-01,9.679121971130371094e-01,1.470633409917354584e-02,-5.893035978078842163e-02,5.711158514022827148e-01,3.996421769261360168e-02,-8.725053071975708008e-02,5.784115195274353027e-02,-5.467162132263183594e-01,-4.279055446386337280e-02,2.179625034332275391e-01,9.677090644836425781e-01,-1.944846957921981812e-01,1.755993366241455078e-01,-1.350341290235519409e-01,-3.075405061244964600e-01,2.459293603897094727e-01,-1.186305843293666840e-02,1.130301713943481445e+00,1.822438389062881470e-01,-1.772498637437820435e-01,-2.439858019351959229e-01,1.569405078887939453e+00
-8.115452766418457031e+00,-1.703272581100463867e+00,6.630761027336120605e-01,-1.359324622899293900e-02,9.790802141651511192e-04,2.647738158702850342e-01,9.642142057418823242e-01,1.660183258354663849e-02,-5.665873736143112183e-02,5.428392291069030762e-01,4.260840266942977905e-02,-8.910110592842102051e-02,5.670017376542091370e-02,-5.259854793548583984e-01,-1.459536980837583542e-02,2.591335475444793701e-01,8.878503441810607910e-01,-1.888663619756698608e-01,1.696095466613769531e-01,-1.319230198860168457e-01,-3.130764067173004150e-01,2.437251657247543335e-01,-1.359239779412746429e-02,1.138629436492919922e+00,1.803912222385406494e-01,-1.765491664409637451e-01,-2.374561727046966553e-01,1.570799946784973145e+00
-8.111253738403320312e+00,-1.701755046844482422e+00,6.628447175025939941e-01,-1.314646378159523010e-02,8.333349251188337803e-04,2.793377339839935303e-01,9.601025581359863281e-01,1.809161528944969177e-02,-5.390681326389312744e-02,5.133901238441467285e-01,4.778229817748069763e-02,-9.222218394279479980e-02,5.481185391545295715e-02,-4.897231161594390869e-01,1.619696803390979767e-02,3.168917000293731689e-01,7.813103795051574707e-01,-1.875680834054946899e-01,1.626372784376144409e-01,-1.281291097402572632e-01,-3.072457313537597656e-01,2.350244522094726562e-01,-7.178532425314188004e-03,1.153528809547424316e+00,1.742839962244033813e-01,-1.731949895620346069e-01,-2.276235222816467285e-01,1.570799946784973145e+00
-8.106438636779785156e+00,-1.699989914894104004e+00,6.623280048370361328e-01,-1.211840845644474030e-02,7.473410223610699177e-04,2.961700856685638428e-01,9.550580382347106934e-01,1.772636547684669495e-02,-5.081955716013908386e-02,4.799628257751464844e-01,5.904792994260787964e-02,-9.828101098537445068e-02,5.256348848342895508e-02,-4.449575543403625488e-01,3.987044468522071838e-02,3.791205585002899170e-01,6.652375459671020508e-01,-1.863368749618530273e-01,1.540552824735641479e-01,-1.238027513027191162e-01,-2.941159605979919434e-01,2.206828445196151733e-01,-3.407448530197143555e-03,1.173811435699462891e+00,1.616972237825393677e-01,-1.653774678707122803e-01,-2.116416394710540771e-01,1.570799946784973145e+00
-8.101570129394531250e+00,-1.697946429252624512e+00,6.613958477973937988e-01,-1.066630240529775620e-02,8.322692592628300190e-04,3.140778243541717529e-01,9.493369460105895996e-01,1.249578129500150681e-02,-4.641230776906013489e-02,4.437286257743835449e-01,8.058720082044601440e-02,-1.093922257423400879e-01,5.035078525543212891e-02,-3.889679014682769775e-01,5.408500134944915771e-02,4.365967214107513428e-01,5.317794084548950195e-01,-1.478895694017410278e-01,1.377641707658767700e-01,-1.191375181078910828e-01,-2.707487344741821289e-01,2.022966593503952026e-01,-4.276550025679171085e-04,1.197142958641052246e+00,1.431898623704910278e-01,-1.537304520606994629e-01,-1.899097114801406860e-01,1.570799946784973145e+00
-8.096717834472656250e+00,-1.696076273918151855e+00,6.597581505775451660e-01,-8.226862177252769470e-03,1.569640706293284893e-03,3.340884447097778320e-01,9.425045251846313477e-01,-9.327228763140738010e-04,-4.186597466468811035e-02,4.026536047458648682e-01,1.178216710686683655e-01,-1.266691982746124268e-01,4.862647503614425659e-02,-3.364751636981964111e-01,5.106252431869506836e-02,4.623312056064605713e-01,4.124722182750701904e-01,-9.260413050651550293e-02,1.188220903277397156e-01,-1.116501167416572571e-01,-2.395787239074707031e-01,1.794788241386413574e-01,4.967001150362193584e-04,1.220291495323181152e+00,1.192129179835319519e-01,-1.388943493366241455e-01,-1.636001616716384888e-01,1.570799946784973145e+00
-8.091798782348632812e+00,-1.694349527359008789e+00,6.585357189178466797e-01,-5.459264386445283890e-03,2.439071657136082649e-03,3.526909947395324707e-01,9.357207417488098145e-01,-2.122449502348899841e-02,-3.597443178296089172e-02,3.644100427627563477e-01,1.640929132699966431e-01,-1.354447156190872192e-01,4.544580727815628052e-02,-2.921239137649536133e-01,4.117355495691299438e-02,4.602643549442291260e-01,3.273312151432037354e-01,-5.121498927474021912e-02,9.933938086032867432e-02,-1.004468575119972229e-01,-2.008597254753112793e-01,1.590730100870132446e-01,1.084047555923461914e-02,1.249324321746826172e+00,8.901771903038024902e-02,-1.221730038523674011e-01,-1.312057673931121826e-01,1.570799946784973145e+00
-8.088095664978027344e+00,-1.693823933601379395e+00,6.580275297164916992e-01,-3.409561701118946075e-03,3.778198035433888435e-03,3.697437345981597900e-01,9.291198253631591797e-01,-5.297710001468658447e-02,-2.719461917877197266e-02,3.287074863910675049e-01,2.186582833528518677e-01,-1.271155327558517456e-01,4.227301105856895447e-02,-2.612751722335815430e-01,3.202122077345848083e-02,4.418693482875823975e-01,2.739382088184356689e-01,-2.602978236973285675e-02,8.325924724340438843e-02,-8.151303231716156006e-02,-1.595351248979568481e-01,1.408513635396957397e-01,2.670051530003547668e-02,1.284717917442321777e+00,4.780706018209457397e-02,-1.001041755080223083e-01,-8.469875156879425049e-02,1.570799946784973145e+00
-8.086452484130859375e+00,-1.696450948715209961e+00,6.578519940376281738e-01,-2.198702888563275337e-03,5.199833773076534271e-03,3.861802816390991211e-01,9.224060773849487305e-01,-1.022670641541481018e-01,-1.392044499516487122e-02,2.979367673397064209e-01,2.845517992973327637e-01,-9.224176406860351562e-02,3.832251578569412231e-02,-2.431906163692474365e-01,2.517471462488174438e-02,4.160501360893249512e-01,2.363884747028350830e-01,-4.895316902548074722e-03,7.137054949998855591e-02,-5.855790898203849792e-02,-1.019693762063980103e-01,1.228985041379928589e-01,6.200704723596572876e-02,1.317962765693664551e+00,2.971050329506397247e-03,-7.533004134893417358e-02,-3.567085042595863342e-02,1.570799946784973145e+00
-8.085063934326171875e+00,-1.700851678848266602e+00,6.581978201866149902e-01,-1.583387609571218491e-03,7.006491068750619888e-03,4.085351526737213135e-01,9.127143025398254395e-01,-1.665495485067367554e-01,1.463580294512212276e-03,2.747187018394470215e-01,3.703470230102539062e-01,-5.359675735235214233e-02,3.342101722955703735e-02,-2.277814149856567383e-01,1.655982062220573425e-02,3.740275800228118896e-01,2.042052298784255981e-01,1.071918010711669922e-02,5.999113991856575012e-02,-4.376832768321037292e-02,-4.013484716415405273e-02,1.057588681578636169e-01,9.274326264858245850e-02,1.348690629005432129e+00,-4.252312332391738892e-02,-5.386652797460556030e-02,8.088791742920875549e-03,1.547167897224426270e+00
-8.082236289978027344e+00,-1.704982161521911621e+00,6.591088771820068359e-01,-1.021272502839565277e-03,8.741823025047779083e-03,4.334069490432739258e-01,9.011553525924682617e-01,-2.375925183296203613e-01,2.029560506343841553e-02,2.717274725437164307e-01,4.827787876129150391e-01,-5.239372327923774719e-02,2.932709828019142151e-02,-2.087605148553848267e-01,7.744493894279003143e-03,3.230875432491302490e-01,1.733056902885437012e-01,2.164731174707412720e-02,4.827532917261123657e-02,-3.580853715538978577e-02,2.000334300100803375e-02,9.212105721235275269e-02,1.119928285479545593e-01,1.384436249732971191e+00,-8.942455798387527466e-02,-3.941554948687553406e-02,5.075254291296005249e-02,1.513593316078186035e+00
-8.079250335693359375e+00,-1.708403348922729492e+00,6.603019237518310547e-01,-2.673579438123852015e-04,1.054099760949611664e-02,4.562636911869049072e-01,8.897821307182312012e-01,-3.020626008510589600e-01,4.123744741082191467e-02,2.951805889606475830e-01,6.044400334358215332e-01,-8.197553455829620361e-02,2.908537536859512329e-02,-1.903834491968154907e-01,2.170889492845162749e-04,2.749000191688537598e-01,1.469449102878570557e-01,2.882035262882709503e-02,3.722854331135749817e-02,-2.616113051772117615e-02,7.781366258859634399e-02,8.045127242803573608e-02,1.231265589594841003e-01,1.418420433998107910e+00,-1.443028450012207031e-01,-2.983873896300792694e-02,9.723380208015441895e-02,1.478548645973205566e+00
-8.075968742370605469e+00,-1.710735678672790527e+00,6.615079641342163086e-01,4.730157088488340378e-04,1.229874230921268463e-02,4.766812324523925781e-01,8.789900541305541992e-01,-3.564776778221130371e-01,6.686603277921676636e-02,3.320664167404174805e-01,7.208420038223266602e-01,-1.184087097644805908e-01,2.985161170363426208e-02,-1.717593520879745483e-01,-6.179525982588529587e-03,2.303694486618041992e-01,1.226869225502014160e-01,3.403462469577789307e-02,2.780536003410816193e-02,-1.862200908362865448e-02,1.426420360803604126e-01,6.962206959724426270e-02,1.409119814634323120e-01,1.444754958152770996e+00,-1.999310702085494995e-01,-2.307222411036491394e-02,1.330304145812988281e-01,1.445212364196777344e+00
-8.072954177856445312e+00,-1.711892724037170410e+00,6.626296639442443848e-01,6.786726298741996288e-04,1.338334009051322937e-02,4.968478083610534668e-01,8.677341938018798828e-01,-3.981540501117706299e-01,9.556806832551956177e-02,3.698720037937164307e-01,8.248709440231323242e-01,-1.570202857255935669e-01,3.005138598382472992e-02,-1.503959149122238159e-01,-1.156999822705984116e-02,1.842651665210723877e-01,9.769546240568161011e-02,3.769843280315399170e-02,2.047870866954326630e-02,-1.630168221890926361e-02,2.102493047714233398e-01,6.126116588711738586e-02,1.621295809745788574e-01,1.462991595268249512e+00,-2.521395683288574219e-01,-1.754447631537914276e-02,1.504927724599838257e-01,1.408412694931030273e+00
-8.070598602294921875e+00,-1.711881518363952637e+00,6.635273098945617676e-01,4.840829351451247931e-04,1.387365534901618958e-02,5.166789293289184570e-01,8.560667037963867188e-01,-4.287120401859283447e-01,1.243572235107421875e-01,3.987103104591369629e-01,9.105536341667175293e-01,-1.928903609514236450e-01,2.786600589752197266e-02,-1.272890716791152954e-01,-1.602682843804359436e-02,1.378156095743179321e-01,7.314705103635787964e-02,3.965718299150466919e-02,1.486568525433540344e-02,-1.781054586172103882e-02,2.763909399509429932e-01,5.573872476816177368e-02,1.879650950431823730e-01,1.477411270141601562e+00,-2.968778908252716064e-01,-1.468771416693925858e-02,1.572263985872268677e-01,1.368571519851684570e+00
-8.068724632263183594e+00,-1.711582779884338379e+00,6.640679836273193359e-01,1.159543462563306093e-04,1.369693782180547714e-02,5.357279181480407715e-01,8.442795872688293457e-01,-4.442262351512908936e-01,1.498331725597381592e-01,4.231417775154113770e-01,9.693148136138916016e-01,-2.222903072834014893e-01,2.436986193060874939e-02,-1.054040864109992981e-01,-1.817092671990394592e-02,9.350174665451049805e-02,5.238722637295722961e-02,4.015610739588737488e-02,1.087645441293716431e-02,-1.792347431182861328e-02,3.339125514030456543e-01,5.405722931027412415e-02,2.122817933559417725e-01,1.488463640213012695e+00,-3.372690379619598389e-01,-1.580459438264369965e-02,1.665595769882202148e-01,1.328044295310974121e+00
-8.067177772521972656e+00,-1.710823297500610352e+00,6.644527316093444824e-01,-3.901364398188889027e-04,1.318602822721004486e-02,5.530576109886169434e-01,8.330385684967041016e-01,-4.420964717864990234e-01,1.720798611640930176e-01,4.511837661266326904e-01,9.969196319580078125e-01,-2.453634887933731079e-01,1.897466368973255157e-02,-8.612372726202011108e-02,-1.890334486961364746e-02,5.231327936053276062e-02,3.851420059800148010e-02,3.570197522640228271e-02,8.072696626186370850e-03,-1.734208501875400543e-02,3.822716176509857178e-01,5.399167910218238831e-02,2.395176589488983154e-01,1.496652364730834961e+00,-3.702220022678375244e-01,-1.889856904745101929e-02,1.797646284103393555e-01,1.290614485740661621e+00
-8.066246032714843750e+00,-1.709972381591796875e+00,6.645164489746093750e-01,-1.116492087021470070e-03,1.226668711751699448e-02,5.690842866897583008e-01,8.221869468688964844e-01,-4.222533702850341797e-01,1.920127272605895996e-01,4.896586835384368896e-01,9.933783411979675293e-01,-2.645088136196136475e-01,1.309553254395723343e-02,-6.990488618612289429e-02,-1.798896118998527527e-02,1.404185127466917038e-02,3.051490150392055511e-02,2.914875000715255737e-02,6.438018754124641418e-03,-1.571857370436191559e-02,4.207371175289154053e-01,5.437030270695686340e-02,2.712395787239074707e-01,1.501232743263244629e+00,-3.950637280941009521e-01,-2.273884415626525879e-02,1.916992068290710449e-01,1.258992791175842285e+00
-8.066258430480957031e+00,-1.708625793457031250e+00,6.644182801246643066e-01,-1.814631512388586998e-03,1.098287850618362427e-02,5.837755799293518066e-01,8.118387460708618164e-01,-3.816610574722290039e-01,2.073363065719604492e-01,5.402841567993164062e-01,9.537662863731384277e-01,-2.775603532791137695e-01,5.124238319694995880e-03,-5.477585271000862122e-02,-1.786145940423011780e-02,-2.225316315889358521e-02,2.556248381733894348e-02,2.057930827140808105e-02,7.281598635017871857e-03,-1.412439998239278793e-02,4.497582316398620605e-01,5.331301689147949219e-02,3.082405924797058105e-01,1.502032995223999023e+00,-4.104116261005401611e-01,-2.665390633046627045e-02,1.965429335832595825e-01,1.236668229103088379e+00
-8.067456245422363281e+00,-1.706572294235229492e+00,6.641856431961059570e-01,-2.564660506322979927e-03,9.601484052836894989e-03,5.977206826210021973e-01,8.016428351402282715e-01,-3.266839683055877686e-01,2.163569033145904541e-01,6.058579683303833008e-01,8.824591040611267090e-01,-2.845489680767059326e-01,-2.695399103686213493e-03,-3.906256705522537231e-02,-1.877000555396080017e-02,-5.758334696292877197e-02,2.071706764400005341e-02,1.125128101557493210e-02,1.017078384757041931e-02,-1.289005111902952194e-02,4.663866162300109863e-01,5.195344984531402588e-02,3.398279249668121338e-01,1.500670075416564941e+00,-4.154659211635589600e-01,-3.182786330580711365e-02,1.915080696344375610e-01,1.225201606750488281e+00
-8.069691658020019531e+00,-1.703411698341369629e+00,6.639101505279541016e-01,-3.163870424032211304e-03,8.009177632629871368e-03,6.110814213752746582e-01,7.915208935737609863e-01,-2.617835104465484619e-01,2.136905640363693237e-01,6.793824434280395508e-01,7.849239110946655273e-01,-2.849594354629516602e-01,-9.899074211716651917e-03,-2.177374809980392456e-02,-2.103718183934688568e-02,-9.231770038604736328e-02,1.567466370761394501e-02,1.651389873586595058e-03,1.562148984521627426e-02,-1.446814835071563721e-02,4.694362878799438477e-01,4.829389974474906921e-02,3.626467287540435791e-01,1.498254179954528809e+00,-4.118256568908691406e-01,-3.754032775759696960e-02,1.799443662166595459e-01,1.223824620246887207e+00
-8.072695732116699219e+00,-1.700247645378112793e+00,6.634966731071472168e-01,-3.694300539791584015e-03,6.467409431934356689e-03,6.240755319595336914e-01,7.813285589218139648e-01,-1.960749626159667969e-01,1.987806409597396851e-01,7.580183148384094238e-01,6.711007356643676758e-01,-2.833883166313171387e-01,-1.418552268296480179e-02,-6.379992701113224030e-03,-2.456808090209960938e-02,-1.259697079658508301e-01,1.426168251782655716e-02,-9.270046837627887726e-03,2.313218452036380768e-02,-1.799803599715232849e-02,4.584256708621978760e-01,4.363256692886352539e-02,3.749113976955413818e-01,1.495883703231811523e+00,-3.976887762546539307e-01,-4.471080005168914795e-02,1.640988290309906006e-01,1.231703162193298340e+00
-8.077676773071289062e+00,-1.697187781333923340e+00,6.628676056861877441e-01,-4.307511728256940842e-03,4.909948911517858505e-03,6.371771693229675293e-01,7.706896662712097168e-01,-1.325110793113708496e-01,1.689950525760650635e-01,8.270837664604187012e-01,5.418132543563842773e-01,-2.656102776527404785e-01,-2.002779766917228699e-02,5.055570509284734726e-03,-3.052022680640220642e-02,-1.594372987747192383e-01,2.137124910950660706e-02,-2.379318512976169586e-02,3.346974775195121765e-02,-2.399663813412189484e-02,4.330725073814392090e-01,3.908108919858932495e-02,3.778320550918579102e-01,1.492954373359680176e+00,-3.746156990528106689e-01,-5.361874029040336609e-02,1.438807696104049683e-01,1.246410608291625977e+00
-8.084082603454589844e+00,-1.694253683090209961e+00,6.618569493293762207e-01,-5.117469467222690582e-03,3.216931130737066269e-03,6.512200236320495605e-01,7.588649392127990723e-01,-8.021859824657440186e-02,1.286171823740005493e-01,8.645610213279724121e-01,4.016525447368621826e-01,-2.175110280513763428e-01,-2.449743263423442841e-02,1.229224167764186859e-02,-3.947472944855690002e-02,-1.949970424175262451e-01,3.901922330260276794e-02,-4.299790784716606140e-02,4.689468070864677429e-02,-3.365441411733627319e-02,3.960711061954498291e-01,3.580030053853988647e-02,3.731796443462371826e-01,1.484971642494201660e+00,-3.400547206401824951e-01,-6.700702756643295288e-02,1.146778240799903870e-01,1.268904685974121094e+00
-8.092728614807128906e+00,-1.691092133522033691e+00,6.611140370368957520e-01,-6.165345199406147003e-03,1.542474143207073212e-03,6.659452319145202637e-01,7.459735870361328125e-01,-4.498895630240440369e-02,9.092641621828079224e-02,8.693658113479614258e-01,2.845422327518463135e-01,-1.705282628536224365e-01,-2.491150796413421631e-02,7.961632683873176575e-03,-5.497967451810836792e-02,-2.301454842090606689e-01,8.367045223712921143e-02,-7.210312783718109131e-02,6.508195400238037109e-02,-4.695742949843406677e-02,3.486970365047454834e-01,3.664815053343772888e-02,3.626201748847961426e-01,1.468929052352905273e+00,-2.987561523914337158e-01,-8.275778591632843018e-02,7.715109735727310181e-02,1.297266721725463867e+00
-8.102682113647460938e+00,-1.689309120178222656e+00,6.606870889663696289e-01,-6.923596840351819992e-03,5.890993052162230015e-04,6.807914376258850098e-01,7.324444055557250977e-01,-2.950698882341384888e-02,6.444717198610305786e-02,8.517231345176696777e-01,2.156584411859512329e-01,-1.445791423320770264e-01,-2.011348679661750793e-02,-7.030466105788946152e-03,-7.605721056461334229e-02,-2.626196146011352539e-01,1.477924436330795288e-01,-1.032588854432106018e-01,8.365586400032043457e-02,-5.989429354667663574e-02,2.978492379188537598e-01,4.015690088272094727e-02,3.427165746688842773e-01,1.449740171432495117e+00,-2.508165538311004639e-01,-1.019887477159500122e-01,3.100305981934070587e-02,1.329040646553039551e+00
-8.117853164672851562e+00,-1.688299655914306641e+00,6.600469946861267090e-01,-7.767085451632738113e-03,-1.417586609022691846e-04,7.014254927635192871e-01,7.127004265785217285e-01,-2.183747850358486176e-02,3.612461686134338379e-02,8.139515519142150879e-01,1.587404161691665649e-01,-1.257388442754745483e-01,-8.537575602531433105e-03,-4.316058754920959473e-02,-1.125280708074569702e-01,-2.988388836383819580e-01,2.564371526241302490e-01,-1.232616603374481201e-01,1.092056632041931152e-01,-7.721567153930664062e-02,2.177115976810455322e-01,4.743332043290138245e-02,2.982489466667175293e-01,1.414108514785766602e+00,-1.761559844017028809e-01,-1.274824738502502441e-01,-3.959926962852478027e-02,1.373046398162841797e+00
-8.123139381408691406e+00,-1.689105629920959473e+00,6.594191789627075195e-01,-7.906494662165641785e-03,3.409547207411378622e-04,7.154295444488525391e-01,6.986400485038757324e-01,-3.232978284358978271e-02,2.423967979848384857e-02,7.801051735877990723e-01,1.564449965953826904e-01,-1.254261583089828491e-01,4.844036884605884552e-03,-9.460584819316864014e-02,-1.457083225250244141e-01,-2.988114058971405029e-01,3.464874923229217529e-01,-7.057176530361175537e-02,1.258283406496047974e-01,-8.463548868894577026e-02,1.487506926059722900e-01,6.243022158741950989e-02,2.368976473808288574e-01,1.371039390563964844e+00,-1.161344423890113831e-01,-1.462297886610031128e-01,-8.572269231081008911e-02,1.403756022453308105e+00
-8.127009391784667969e+00,-1.690076351165771484e+00,6.595858931541442871e-01,-8.550819009542465210e-03,5.127209587953984737e-04,7.295646667480468750e-01,6.838582158088684082e-01,-3.929680213332176208e-02,1.124761719256639481e-02,7.442538738250732422e-01,1.414597928524017334e-01,-1.155724078416824341e-01,1.758548431098461151e-02,-1.624354720115661621e-01,-1.774713248014450073e-01,-2.702631056308746338e-01,4.570629894733428955e-01,-2.279758825898170471e-02,1.305740177631378174e-01,-9.396908432245254517e-02,7.365347445011138916e-02,8.146227896213531494e-02,1.672366857528686523e-01,1.319110035896301270e+00,-5.795460939407348633e-02,-1.609602272510528564e-01,-1.208138540387153625e-01,1.436708450317382812e+00
-8.129839897155761719e+00,-1.690667629241943359e+00,6.602283120155334473e-01,-9.665900841355323792e-03,-3.484603948891162872e-04,7.431377768516540527e-01,6.690685153007507324e-01,-4.347182065248489380e-02,2.263039583340287209e-03,7.076852917671203613e-01,1.239019706845283508e-01,-1.028688475489616394e-01,2.756092138588428497e-02,-2.378143817186355591e-01,-2.020571082830429077e-01,-2.302200496196746826e-01,5.836603045463562012e-01,-1.367612835019826889e-02,1.272861659526824951e-01,-1.032371744513511658e-01,-2.831413643434643745e-03,1.018621549010276794e-01,9.790206700563430786e-02,1.269530296325683594e+00,-1.757850171998143196e-03,-1.707948744297027588e-01,-1.523448824882507324e-01,1.473696231842041016e+00
-8.132031440734863281e+00,-1.690499424934387207e+00,6.611989140510559082e-01,-1.112337969243526459e-02,-1.755157834850251675e-03,7.549058198928833008e-01,6.557365059852600098e-01,-4.391494020819664001e-02,-4.714412149041891098e-03,6.743973493576049805e-01,1.042886376380920410e-01,-8.959266543388366699e-02,3.546399623155593872e-02,-3.176513314247131348e-01,-2.171768397092819214e-01,-1.812619268894195557e-01,7.170053124427795410e-01,-3.841595724225044250e-02,1.183576285839080811e-01,-1.123009026050567627e-01,-7.459151744842529297e-02,1.231929510831832886e-01,3.972319141030311584e-02,1.221369862556457520e+00,4.997306317090988159e-02,-1.745512038469314575e-01,-1.843095719814300537e-01,1.509430408477783203e+00
-8.134487152099609375e+00,-1.689855813980102539e+00,6.620823144912719727e-01,-1.266564521938562393e-02,-3.581493860110640526e-03,7.648550868034362793e-01,6.440679430961608887e-01,-4.185448586940765381e-02,-1.003348641097545624e-02,6.453536152839660645e-01,8.523924648761749268e-02,-7.743006199598312378e-02,4.158609732985496521e-02,-3.919405937194824219e-01,-2.185407578945159912e-01,-1.262611448764801025e-01,8.313117027282714844e-01,-6.657052040100097656e-02,1.156994029879570007e-01,-1.196245476603507996e-01,-1.373419314622879028e-01,1.442078500986099243e-01,-5.407201126217842102e-03,1.175105094909667969e+00,9.641761332750320435e-02,-1.750527620315551758e-01,-2.131329327821731567e-01,1.537861347198486328e+00
-8.136114120483398438e+00,-1.688746452331542969e+00,6.629015803337097168e-01,-1.413960475474596024e-02,-5.510847084224224091e-03,7.727978825569152832e-01,6.344707608222961426e-01,-3.815547376871109009e-02,-1.304867584258317947e-02,6.220566630363464355e-01,6.789163500070571899e-02,-6.616295874118804932e-02,4.550975561141967773e-02,-4.561474919319152832e-01,-2.006723582744598389e-01,-6.012034788727760315e-02,9.163625240325927734e-01,-9.021282941102981567e-02,1.257495582103729248e-01,-1.246864050626754761e-01,-1.910297125577926636e-01,1.647772490978240967e-01,-4.031431674957275391e-02,1.130975008010864258e+00,1.355382055044174194e-01,-1.747930198907852173e-01,-2.351346462965011597e-01,1.555767774581909180e+00
-8.137400627136230469e+00,-1.686915516853332520e+00,6.636248230934143066e-01,-1.538625545799732208e-02,-7.324240170419216156e-03,7.794786095619201660e-01,6.261969804763793945e-01,-3.260005265474319458e-02,-1.481115072965621948e-02,6.020628809928894043e-01,5.171050131320953369e-02,-5.643506348133087158e-02,4.736227914690971375e-02,-5.067253112792968750e-01,-1.707471013069152832e-01,2.518685767427086830e-03,9.730802774429321289e-01,-1.090834289789199829e-01,1.389621347188949585e-01,-1.287135034799575806e-01,-2.378932088613510132e-01,1.844988167285919189e-01,-7.011827081441879272e-02,1.093091368675231934e+00,1.688091158866882324e-01,-1.749816983938217163e-01,-2.520875334739685059e-01,1.565909028053283691e+00
-8.138569831848144531e+00,-1.684020757675170898e+00,6.642209291458129883e-01,-1.614488475024700165e-02,-8.839756250381469727e-03,7.851657867431640625e-01,6.190119981765747070e-01,-2.365277893841266632e-02,-1.704294607043266296e-02,5.849477648735046387e-01,3.457148000597953796e-02,-4.814887046813964844e-02,4.746900498867034912e-02,-5.421262383460998535e-01,-1.367524564266204834e-01,5.249148234724998474e-02,9.990828037261962891e-01,-1.220620572566986084e-01,1.501006335020065308e-01,-1.318902969360351562e-01,-2.783317565917968750e-01,2.023214399814605713e-01,-9.497166424989700317e-02,1.063885688781738281e+00,1.963583678007125854e-01,-1.759824007749557495e-01,-2.676925063133239746e-01,1.570799946784973145e+00
-8.140046119689941406e+00,-1.680646419525146484e+00,6.646044850349426270e-01,-1.666611619293689728e-02,-9.937014430761337280e-03,7.904754281044006348e-01,6.121863722801208496e-01,-1.457453984767198563e-02,-1.939326152205467224e-02,5.680332183837890625e-01,1.984906569123268127e-02,-4.251507669687271118e-02,4.700589179992675781e-02,-5.611594915390014648e-01,-1.065611615777015686e-01,8.546801656484603882e-02,9.978151321411132812e-01,-1.308266520500183105e-01,1.574175208806991577e-01,-1.340155899524688721e-01,-3.094421625137329102e-01,2.162846475839614868e-01,-1.142537370324134827e-01,1.044474959373474121e+00,2.177109122276306152e-01,-1.756751090288162231e-01,-2.831854224205017090e-01,1.570799946784973145e+00
-8.141190528869628906e+00,-1.677151441574096680e+00,6.647938489913940430e-01,-1.682184636592864990e-02,-1.064984872937202454e-02,7.959453463554382324e-01,6.050410270690917969e-01,-8.005900308489799500e-03,-2.050837501883506775e-02,5.503175854682922363e-01,1.195604540407657623e-02,-4.066864028573036194e-02,4.607527330517768860e-02,-5.641213655471801758e-01,-7.969254255294799805e-02,1.078348755836486816e-01,9.691274166107177734e-01,-1.402918547391891479e-01,1.570982635021209717e-01,-1.359515935182571411e-01,-3.303861320018768311e-01,2.252077311277389526e-01,-1.238732561469078064e-01,1.035567164421081543e+00,2.307498157024383545e-01,-1.742917597293853760e-01,-2.957701086997985840e-01,1.570799946784973145e+00
-8.142335891723632812e+00,-1.673752307891845703e+00,6.648320555686950684e-01,-1.645364053547382355e-02,-1.116809528321027756e-02,8.019850254058837891e-01,5.970130562782287598e-01,-3.544610925018787384e-03,-2.094187960028648376e-02,5.299624204635620117e-01,1.001158077269792557e-02,-4.147744551301002502e-02,4.541223868727684021e-02,-5.511307120323181152e-01,-5.441144481301307678e-02,1.270484179258346558e-01,9.161090254783630371e-01,-1.482165902853012085e-01,1.497989892959594727e-01,-1.373624056577682495e-01,-3.405626416206359863e-01,2.276237457990646362e-01,-1.238067671656608582e-01,1.037016868591308594e+00,2.355117499828338623e-01,-1.712102293968200684e-01,-3.007378280162811279e-01,1.570799946784973145e+00
-8.143106460571289062e+00,-1.669821858406066895e+00,6.647446751594543457e-01,-1.598715595901012421e-02,-1.136932894587516785e-02,8.083660602569580078e-01,5.883532166481018066e-01,-8.536295499652624130e-04,-1.984659396111965179e-02,5.090013146400451660e-01,1.344768330454826355e-02,-4.432285204529762268e-02,4.394086450338363647e-02,-5.244496464729309082e-01,-2.650590054690837860e-02,1.540190726518630981e-01,8.362735509872436523e-01,-1.533841937780380249e-01,1.383445709943771362e-01,-1.363407373428344727e-01,-3.400836586952209473e-01,2.226731330156326294e-01,-1.150698140263557434e-01,1.048671483993530273e+00,2.334920018911361694e-01,-1.657616198062896729e-01,-2.982906401157379150e-01,1.570799946784973145e+00
-8.143671035766601562e+00,-1.665882825851440430e+00,6.644891500473022461e-01,-1.509512960910797119e-02,-1.129320822656154633e-02,8.157768845558166504e-01,5.780594348907470703e-01,-1.295128487981855869e-03,-1.756924390792846680e-02,4.843686819076538086e-01,2.320951595902442932e-02,-4.955415427684783936e-02,4.212494939565658569e-02,-4.870265722274780273e-01,-1.257502706721425056e-03,1.841525435447692871e-01,7.421651482582092285e-01,-1.580273658037185669e-01,1.250988394021987915e-01,-1.346140354871749878e-01,-3.300285637378692627e-01,2.118884027004241943e-01,-1.050839126110076904e-01,1.066849589347839355e+00,2.214641869068145752e-01,-1.561321318149566650e-01,-2.839672565460205078e-01,1.570799946784973145e+00
-8.144101142883300781e+00,-1.661864876747131348e+00,6.638372540473937988e-01,-1.388877723366022110e-02,-1.097822096198797226e-02,8.242984414100646973e-01,5.658786296844482422e-01,-6.912712007761001587e-03,-1.348493807017803192e-02,4.555689394474029541e-01,4.374378919601440430e-02,-5.943696945905685425e-02,4.064983129501342773e-02,-4.385482370853424072e-01,2.346497215330600739e-02,2.240630537271499634e-01,6.284613609313964844e-01,-1.563169807195663452e-01,1.111054569482803345e-01,-1.335936486721038818e-01,-3.066840767860412598e-01,1.956576853990554810e-01,-9.354534745216369629e-02,1.089135766029357910e+00,2.024260610342025757e-01,-1.430192738771438599e-01,-2.647930085659027100e-01,1.570799946784973145e+00
-8.144961357116699219e+00,-1.657465934753417969e+00,6.625961661338806152e-01,-1.211096346378326416e-02,-9.509780444204807281e-03,8.344429731369018555e-01,5.508791208267211914e-01,-1.765969581902027130e-02,-1.073534414172172546e-02,4.206871688365936279e-01,7.555766403675079346e-02,-7.539600133895874023e-02,3.980057686567306519e-02,-3.832222819328308105e-01,3.744736313819885254e-02,2.590108811855316162e-01,5.011141896247863770e-01,-1.180300116539001465e-01,9.354332089424133301e-02,-1.317148506641387939e-01,-2.715810835361480713e-01,1.741053462028503418e-01,-8.184484392404556274e-02,1.112409234046936035e+00,1.761932373046875000e-01,-1.265682578086853027e-01,-2.394897043704986572e-01,1.570799946784973145e+00
-8.146313667297363281e+00,-1.653565526008605957e+00,6.603717207908630371e-01,-9.982768446207046509e-03,-7.231571711599826813e-03,8.455243706703186035e-01,5.337945222854614258e-01,-4.158703237771987915e-02,-7.031997665762901306e-03,3.813997209072113037e-01,1.333135366439819336e-01,-1.017975956201553345e-01,3.974504023790359497e-02,-3.293939828872680664e-01,3.547569364309310913e-02,2.667628526687622070e-01,3.853362798690795898e-01,-6.544367969036102295e-02,7.603075355291366577e-02,-1.254695504903793335e-01,-2.328752577304840088e-01,1.502604037523269653e-01,-7.496685534715652466e-02,1.143139958381652832e+00,1.499080210924148560e-01,-1.096893474459648132e-01,-2.175909280776977539e-01,1.570799946784973145e+00
-8.153013229370117188e+00,-1.649683952331542969e+00,6.570928692817687988e-01,-7.080030627548694611e-03,-3.298065392300486565e-03,8.609046339988708496e-01,5.087063908576965332e-01,-8.581566065549850464e-02,-4.460922908037900925e-03,3.244575262069702148e-01,2.311246693134307861e-01,-1.431620717048645020e-01,4.059008136391639709e-02,-2.629683017730712891e-01,2.592204697430133820e-02,2.559578716754913330e-01,2.496409118175506592e-01,5.914698820561170578e-03,5.310492217540740967e-02,-1.131123602390289307e-01,-1.786265969276428223e-01,1.181674972176551819e-01,-7.186853885650634766e-02,1.188028693199157715e+00,1.144026294350624084e-01,-8.642482757568359375e-02,-1.921441256999969482e-01,1.570799946784973145e+00
-8.155948638916015625e+00,-1.648760080337524414e+00,6.557409167289733887e-01,-5.899964366108179092e-03,-1.514752046205103397e-03,8.683182597160339355e-01,4.959700405597686768e-01,-1.136905178427696228e-01,-3.057742491364479065e-03,2.959039807319641113e-01,2.863657772541046143e-01,-1.622437685728073120e-01,4.130036383867263794e-02,-2.363169044256210327e-01,2.070806734263896942e-02,2.401813268661499023e-01,2.005354315042495728e-01,3.246610984206199646e-02,4.292228072881698608e-02,-1.041932478547096252e-01,-1.468429565429687500e-01,1.040838956832885742e-01,-6.299258023500442505e-02,1.207229614257812500e+00,9.219012409448623657e-02,-7.446189224720001221e-02,-1.705532819032669067e-01,1.570799946784973145e+00
-8.152157783508300781e+00,-1.649050951004028320e+00,6.553807854652404785e-01,-6.147550418972969055e-03,-4.975479678250849247e-04,8.705445528030395508e-01,4.920509755611419678e-01,-1.400026082992553711e-01,2.292170654982328415e-03,2.897685468196868896e-01,3.219730556011199951e-01,-1.498921960592269897e-01,4.044980183243751526e-02,-2.368295639753341675e-01,2.046490088105201721e-02,2.299904674291610718e-01,2.019737064838409424e-01,3.033794090151786804e-02,3.886393085122108459e-02,-7.865535467863082886e-02,-1.069899424910545349e-01,9.635582566261291504e-02,-2.825361117720603943e-02,1.229788422584533691e+00,6.100420281291007996e-02,-6.462711095809936523e-02,-1.263906508684158325e-01,1.570799946784973145e+00
-8.146422386169433594e+00,-1.648973941802978516e+00,6.552722454071044922e-01,-6.619673222303390503e-03,1.353104249574244022e-03,8.738513588905334473e-01,4.861462712287902832e-01,-1.834652125835418701e-01,1.676585711538791656e-02,3.031941652297973633e-01,3.848835527896881104e-01,-1.286406219005584717e-01,3.627129271626472473e-02,-2.429646253585815430e-01,2.096624299883842468e-02,2.159763872623443604e-01,2.108613401651382446e-01,2.517124824225902557e-02,3.318168595433235168e-02,-3.408924490213394165e-02,-3.301171585917472839e-02,8.439128100872039795e-02,3.346090763807296753e-02,1.278161406517028809e+00,2.978063886985182762e-03,-5.261578038334846497e-02,-5.147881060838699341e-02,1.566398620605468750e+00
-8.139778137207031250e+00,-1.647669553756713867e+00,6.559627652168273926e-01,-6.744234822690486908e-03,3.596950788050889969e-03,8.821784853935241699e-01,4.708532094955444336e-01,-2.376028001308441162e-01,3.719637170433998108e-02,3.329011499881744385e-01,4.810015559196472168e-01,-1.319149285554885864e-01,3.312692791223526001e-02,-2.376133054494857788e-01,1.491681113839149475e-02,1.829027384519577026e-01,2.063840776681900024e-01,2.172987349331378937e-02,2.598219737410545349e-02,-1.737391576170921326e-03,5.544734001159667969e-02,7.087827473878860474e-02,8.267156779766082764e-02,1.331304311752319336e+00,-7.100799679756164551e-02,-4.149588197469711304e-02,2.020080946385860443e-02,1.547848820686340332e+00
-8.136372566223144531e+00,-1.645805954933166504e+00,6.575939059257507324e-01,-6.487531587481498718e-03,5.749694071710109711e-03,8.928465843200683594e-01,4.502774775028228760e-01,-2.872884869575500488e-01,6.488237529993057251e-02,3.861092329025268555e-01,5.925109386444091797e-01,-1.556955575942993164e-01,3.215863183140754700e-02,-2.204931229352951050e-01,4.858327098190784454e-03,1.390358209609985352e-01,1.874867528676986694e-01,2.154653519392013550e-02,1.883480884134769440e-02,1.507774274796247482e-02,1.384280622005462646e-01,5.905520543456077576e-02,1.090013310313224792e-01,1.385148406028747559e+00,-1.414222866296768188e-01,-3.399699926376342773e-02,6.932899355888366699e-02,1.523363232612609863e+00
-8.134669303894042969e+00,-1.643524169921875000e+00,6.593612432479858398e-01,-6.181110162287950516e-03,7.503416389226913452e-03,9.039667248725891113e-01,4.274922907352447510e-01,-3.245322704315185547e-01,9.460534155368804932e-02,4.412039518356323242e-01,6.957286596298217773e-01,-1.854713857173919678e-01,3.277406841516494751e-02,-1.963152289390563965e-01,-5.507766734808683395e-03,9.007392823696136475e-02,1.616360694169998169e-01,2.264583855867385864e-02,1.332522835582494736e-02,1.916861161589622498e-02,2.151474207639694214e-01,5.078572779893875122e-02,1.304445862770080566e-01,1.426076889038085938e+00,-2.039598375558853149e-01,-2.964337542653083801e-02,1.028826013207435608e-01,1.491563677787780762e+00
-8.134584426879882812e+00,-1.640963912010192871e+00,6.609845161437988281e-01,-5.927156656980514526e-03,8.369012735784053802e-03,9.148250818252563477e-01,4.037200212478637695e-01,-3.530411422252655029e-01,1.267927736043930054e-01,4.903033375740051270e-01,7.922494411468505859e-01,-2.178596109151840210e-01,3.249284625053405762e-02,-1.675070077180862427e-01,-1.397337298840284348e-02,3.889584541320800781e-02,1.329336464405059814e-01,2.278128080070018768e-02,9.345009922981262207e-03,1.524167042225599289e-02,2.866431772708892822e-01,4.666135087609291077e-02,1.602709293365478516e-01,1.458860754966735840e+00,-2.600968480110168457e-01,-2.834343910217285156e-02,1.309515833854675293e-01,1.456609606742858887e+00
-8.134419441223144531e+00,-1.638616919517517090e+00,6.621493101119995117e-01,-5.582411307841539383e-03,8.439587429165840149e-03,9.250316023826599121e-01,3.797554075717926025e-01,-3.728643655776977539e-01,1.575238853693008423e-01,5.287230610847473145e-01,8.734187483787536621e-01,-2.463705688714981079e-01,3.135141357779502869e-02,-1.386467367410659790e-01,-1.966208033263683319e-02,-1.237090211361646652e-02,1.060475558042526245e-01,2.223507687449455261e-02,6.702560931444168091e-03,9.226609952747821808e-03,3.536045253276824951e-01,4.952210187911987305e-02,2.012819200754165649e-01,1.481841564178466797e+00,-3.113869726657867432e-01,-2.893673628568649292e-02,1.582392007112503052e-01,1.416618585586547852e+00
-8.135321617126464844e+00,-1.636802077293395996e+00,6.629942059516906738e-01,-5.534909199923276901e-03,8.082448504865169525e-03,9.342403411865234375e-01,3.565095067024230957e-01,-3.794911801815032959e-01,1.870600134134292603e-01,5.657091140747070312e-01,9.330807328224182129e-01,-2.704641520977020264e-01,2.668683230876922607e-02,-1.124512925744056702e-01,-2.273093163967132568e-02,-6.175255402922630310e-02,8.405704796314239502e-02,1.949974335730075836e-02,5.605204962193965912e-03,2.163173630833625793e-03,4.109280705451965332e-01,5.490022897720336914e-02,2.451192587614059448e-01,1.495839715003967285e+00,-3.549507856369018555e-01,-3.122314438223838806e-02,1.794129759073257446e-01,1.377185821533203125e+00
-8.136617660522460938e+00,-1.635594964027404785e+00,6.634582877159118652e-01,-5.635879002511501312e-03,7.016465533524751663e-03,9.423469305038452148e-01,3.345163762569427490e-01,-3.753677308559417725e-01,2.130038440227508545e-01,5.994678735733032227e-01,9.684613347053527832e-01,-2.880536615848541260e-01,2.023440413177013397e-02,-8.965329080820083618e-02,-2.357482723891735077e-02,-1.087331175804138184e-01,6.788587570190429688e-02,1.446738373488187790e-02,5.987146403640508652e-03,-4.386324901133775711e-03,4.573484957218170166e-01,5.980463698506355286e-02,2.911922037601470947e-01,1.502117156982421875e+00,-3.890985250473022461e-01,-3.456949070096015930e-02,1.915310472249984741e-01,1.340777516365051270e+00
-8.138364791870117188e+00,-1.635109901428222656e+00,6.636231541633605957e-01,-5.918813869357109070e-03,5.902774631977081299e-03,9.492264986038208008e-01,3.144823610782623291e-01,-3.565613031387329102e-01,2.332272082567214966e-01,6.371786594390869141e-01,9.720638394355773926e-01,-2.984735667705535889e-01,1.174973510205745697e-02,-7.054180651903152466e-02,-2.418946288526058197e-02,-1.507199108600616455e-01,5.705627799034118652e-02,8.029690012335777283e-03,8.282324299216270447e-03,-9.217349812388420105e-03,4.900030195713043213e-01,6.361663341522216797e-02,3.323840200901031494e-01,1.502958178520202637e+00,-4.142501652240753174e-01,-3.798448666930198669e-02,1.978693008422851562e-01,1.311964154243469238e+00
-8.140778541564941406e+00,-1.635482788085937500e+00,6.636241078376770020e-01,-6.020250264555215836e-03,4.429714754223823547e-03,9.551442265510559082e-01,2.960467338562011719e-01,-3.267634212970733643e-01,2.458360642194747925e-01,6.772397756576538086e-01,9.457626342773437500e-01,-3.040526211261749268e-01,3.296185983344912529e-03,-5.341633409261703491e-02,-2.494144625961780548e-02,-1.892844736576080322e-01,4.957706481218338013e-02,2.334999153390526772e-04,1.241570152342319489e-02,-1.197747420519590378e-02,5.070151090621948242e-01,6.604809314012527466e-02,3.614701926708221436e-01,1.500363111495971680e+00,-4.309349656105041504e-01,-4.034765809774398804e-02,2.011361420154571533e-01,1.292407393455505371e+00
-8.143487930297851562e+00,-1.636672735214233398e+00,6.634108424186706543e-01,-5.970605183392763138e-03,2.809102647006511688e-03,9.602942466735839844e-01,2.789112329483032227e-01,-2.794361710548400879e-01,2.480599880218505859e-01,7.284908890724182129e-01,8.810738325119018555e-01,-3.082714974880218506e-01,-5.898364819586277008e-03,-3.777858242392539978e-02,-2.652834728360176086e-02,-2.244745343923568726e-01,4.445854946970939636e-02,-7.698837667703628540e-03,1.846522279083728790e-02,-1.582460291683673859e-02,5.099891424179077148e-01,6.574752181768417358e-02,3.768249452114105225e-01,1.496175885200500488e+00,-4.378940761089324951e-01,-4.167750477790832520e-02,2.020985633134841919e-01,1.280474901199340820e+00
-8.146785736083984375e+00,-1.638781428337097168e+00,6.631618142127990723e-01,-5.850219633430242538e-03,1.372984377667307854e-03,9.648143649101257324e-01,2.628633379936218262e-01,-2.231726199388504028e-01,2.394060492515563965e-01,7.889282703399658203e-01,7.907986640930175781e-01,-3.067113459110260010e-01,-1.478558406233787537e-02,-2.316870540380477905e-02,-2.961739525198936462e-02,-2.569090127944946289e-01,4.037710279226303101e-02,-1.486037857830524445e-02,2.627056278288364410e-02,-1.968207210302352905e-02,4.954197704792022705e-01,6.285773217678070068e-02,3.809136450290679932e-01,1.493759870529174805e+00,-4.326659142971038818e-01,-4.402143135666847229e-02,1.974891871213912964e-01,1.275911331176757812e+00
-8.151077270507812500e+00,-1.641807198524475098e+00,6.626747846603393555e-01,-5.421509500592947006e-03,-1.214375733979977667e-04,9.688504934310913086e-01,2.475868612527847290e-01,-1.605677157640457153e-01,2.173126041889190674e-01,8.582522869110107422e-01,6.718219518661499023e-01,-2.897928655147552490e-01,-2.242228761315345764e-02,-7.183429319411516190e-03,-3.434403240680694580e-02,-2.879752218723297119e-01,3.638606518507003784e-02,-2.166489884257316589e-02,3.685373440384864807e-02,-2.389249764382839203e-02,4.668979942798614502e-01,5.831354483962059021e-02,3.746042251586914062e-01,1.492408871650695801e+00,-4.144857525825500488e-01,-4.923519492149353027e-02,1.850440353155136108e-01,1.274424195289611816e+00
-8.156102180480957031e+00,-1.645864486694335938e+00,6.619060039520263672e-01,-5.264080129563808441e-03,-1.678714761510491371e-03,9.727654457092285156e-01,2.317257225513458252e-01,-1.052867472171783447e-01,1.817227751016616821e-01,9.115760922431945801e-01,5.390027761459350586e-01,-2.610054016113281250e-01,-2.824781462550163269e-02,7.385759148746728897e-03,-4.116406291723251343e-02,-3.201386928558349609e-01,3.690638020634651184e-02,-3.085094876587390900e-02,4.979567974805831909e-02,-3.039839304983615875e-02,4.244764149188995361e-01,5.132171884179115295e-02,3.650881946086883545e-01,1.488986849784851074e+00,-3.830423355102539062e-01,-5.725130811333656311e-02,1.652269065380096436e-01,1.276273488998413086e+00
-8.162191390991210938e+00,-1.651883006095886230e+00,6.609138846397399902e-01,-5.258821882307529449e-03,-3.898719558492302895e-03,9.765301346778869629e-01,2.152813971042633057e-01,-6.050873547792434692e-02,1.390891671180725098e-01,9.350830316543579102e-01,4.040483236312866211e-01,-2.224700450897216797e-01,-3.239427134394645691e-02,1.586885750293731689e-02,-5.268257111310958862e-02,-3.523130118846893311e-01,5.348799005150794983e-02,-4.685359075665473938e-02,6.725788861513137817e-02,-3.971605002880096436e-02,3.753112554550170898e-01,4.574093967676162720e-02,3.559703826904296875e-01,1.482031345367431641e+00,-3.425215184688568115e-01,-6.769336760044097900e-02,1.403099298477172852e-01,1.280838489532470703e+00
-8.167579650878906250e+00,-1.660318851470947266e+00,6.602911949157714844e-01,-5.568675696849822998e-03,-5.811563692986965179e-03,9.805971384048461914e-01,1.958686113357543945e-01,-3.279662504792213440e-02,1.023920699954032898e-01,9.273452758789062500e-01,3.022283315658569336e-01,-1.893431991338729858e-01,-3.201787918806076050e-02,1.059732865542173386e-02,-7.326211035251617432e-02,-3.877779841423034668e-01,9.912109375000000000e-02,-7.177978008985519409e-02,8.805841207504272461e-02,-5.443336442112922668e-02,3.100704550743103027e-01,4.314791038632392883e-02,3.399921953678131104e-01,1.475247621536254883e+00,-2.913848757743835449e-01,-8.351086080074310303e-02,1.038697510957717896e-01,1.293001770973205566e+00
-8.170753479003906250e+00,-1.670048832893371582e+00,6.593308448791503906e-01,-5.753155797719955444e-03,-5.646463017910718918e-03,9.845521450042724609e-01,1.749059557914733887e-01,-2.442046441137790680e-02,7.371288537979125977e-02,9.016464948654174805e-01,2.494765818119049072e-01,-1.738014668226242065e-01,-2.501216717064380646e-02,-1.673024147748947144e-02,-1.107309162616729736e-01,-4.145059287548065186e-01,1.780596971511840820e-01,-7.639606297016143799e-02,1.109945774078369141e-01,-6.970828026533126831e-02,2.365361750125885010e-01,3.840483352541923523e-02,3.116632699966430664e-01,1.462511539459228516e+00,-2.264798283576965332e-01,-1.040228679776191711e-01,4.954588413238525391e-02,1.312859892845153809e+00
-8.171957015991210938e+00,-1.677162051200866699e+00,6.589792966842651367e-01,-6.423942279070615768e-03,-5.466507282108068466e-03,9.879515171051025391e-01,1.545338332653045654e-01,-2.514501661062240601e-02,5.452138558030128479e-02,8.702369332313537598e-01,2.163482755422592163e-01,-1.608789563179016113e-01,-1.559687964618206024e-02,-6.257690489292144775e-02,-1.557460725307464600e-01,-4.210714995861053467e-01,2.760495245456695557e-01,-4.493679851293563843e-02,1.308267265558242798e-01,-8.241359889507293701e-02,1.586574614048004150e-01,4.061915725469589233e-02,2.636453807353973389e-01,1.435621500015258789e+00,-1.473421454429626465e-01,-1.213980168104171753e-01,-2.037816122174263000e-02,1.332573056221008301e+00
-8.172581672668457031e+00,-1.682559490203857422e+00,6.598165631294250488e-01,-7.143417838960886002e-03,-5.885195452719926834e-03,9.907590746879577637e-01,1.353174895048141479e-01,-2.412403374910354614e-02,3.472907841205596924e-02,8.379145264625549316e-01,1.738310009241104126e-01,-1.387593746185302734e-01,-5.491907708346843719e-03,-1.266452670097351074e-01,-2.003110349178314209e-01,-3.968479633331298828e-01,3.962742388248443604e-01,-1.303284429013729095e-02,1.263321787118911743e-01,-9.422599524259567261e-02,8.181791752576828003e-02,4.868439584970474243e-02,2.019105404615402222e-01,1.401148557662963867e+00,-7.089020311832427979e-02,-1.333054453134536743e-01,-7.951825112104415894e-02,1.353316664695739746e+00
-8.173147201538085938e+00,-1.687309384346008301e+00,6.611144542694091797e-01,-7.810319308191537857e-03,-6.605557166039943695e-03,9.930632710456848145e-01,1.171355769038200378e-01,-2.141602709889411926e-02,1.587344333529472351e-02,8.050083518028259277e-01,1.322162747383117676e-01,-1.162437275052070618e-01,4.633235279470682144e-03,-2.050445824861526489e-01,-2.368831187486648560e-01,-3.486640155315399170e-01,5.386542677879333496e-01,-2.146025374531745911e-02,1.053269878029823303e-01,-1.071722507476806641e-01,3.409351455047726631e-03,6.122902408242225647e-02,1.356194168329238892e-01,1.366077780723571777e+00,-2.066420158371329308e-03,-1.420289874076843262e-01,-1.190959289669990540e-01,1.380036711692810059e+00
-8.173786163330078125e+00,-1.691696763038635254e+00,6.621902585029602051e-01,-8.504253812134265900e-03,-7.978888228535652161e-03,9.948506355285644531e-01,1.006788089871406555e-01,-1.970978267490863800e-02,1.732081291265785694e-03,7.742202877998352051e-01,9.990713745355606079e-02,-9.907602518796920776e-02,1.432809419929981232e-02,-2.931404709815979004e-01,-2.602255642414093018e-01,-2.883784174919128418e-01,6.852074265480041504e-01,-5.391829833388328552e-02,8.834596723318099976e-02,-1.197431161999702454e-01,-6.916289031505584717e-02,7.675603777170181274e-02,7.584006339311599731e-02,1.332856535911560059e+00,6.045076623558998108e-02,-1.459831744432449341e-01,-1.488561630249023438e-01,1.409299969673156738e+00
-8.174744606018066406e+00,-1.695404767990112305e+00,6.631467342376708984e-01,-9.223903529345989227e-03,-1.033979188650846481e-02,9.961662292480468750e-01,8.637592196464538574e-02,-1.806236244738101959e-02,-7.626185193657875061e-03,7.468653321266174316e-01,7.444570213556289673e-02,-8.507322520017623901e-02,2.255086600780487061e-02,-3.785752356052398682e-01,-2.655934393405914307e-01,-2.216484248638153076e-01,8.087026476860046387e-01,-8.013342320919036865e-02,8.534023910760879517e-02,-1.302305310964584351e-01,-1.316432952880859375e-01,9.682128578424453735e-02,2.321255579590797424e-02,1.291761279106140137e+00,1.200587600469589233e-01,-1.462763547897338867e-01,-1.764958053827285767e-01,1.436344146728515625e+00
-8.176550865173339844e+00,-1.697978496551513672e+00,6.639249920845031738e-01,-9.917187504470348358e-03,-1.261886022984981537e-02,9.970659613609313965e-01,7.484533637762069702e-02,-1.356152910739183426e-02,-1.437654439359903336e-02,7.251000404357910156e-01,5.131168290972709656e-02,-7.307437807321548462e-02,2.768488600850105286e-02,-4.569266140460968018e-01,-2.478439658880233765e-01,-1.399206519126892090e-01,9.009701609611511230e-01,-9.581599384546279907e-02,9.795851260423660278e-02,-1.365328729152679443e-01,-1.852094084024429321e-01,1.175766587257385254e-01,-2.342683635652065277e-02,1.250254034996032715e+00,1.725852638483047485e-01,-1.473581492900848389e-01,-2.012490332126617432e-01,1.460732102394104004e+00
-8.178548812866210938e+00,-1.699288606643676758e+00,6.645172238349914551e-01,-1.025598030537366867e-02,-1.451242156326770782e-02,9.977079629898071289e-01,6.529203057289123535e-02,-7.804467808455228806e-03,-1.889589056372642517e-02,7.078360915184020996e-01,3.190642222762107849e-02,-6.326849758625030518e-02,3.001675568521022797e-02,-5.191017985343933105e-01,-2.105175703763961792e-01,-5.741138756275177002e-02,9.596488475799560547e-01,-1.053680330514907837e-01,1.179809272289276123e-01,-1.391635239124298096e-01,-2.363360375165939331e-01,1.389732509851455688e-01,-6.316198408603668213e-02,1.216139316558837891e+00,2.164801061153411865e-01,-1.494631022214889526e-01,-2.220581322908401489e-01,1.483814239501953125e+00
-8.181357383728027344e+00,-1.699845910072326660e+00,6.649361848831176758e-01,-1.042330265045166016e-02,-1.602906547486782074e-02,9.982639551162719727e-01,5.570929497480392456e-02,-1.762713305652141571e-03,-2.135948836803436279e-02,6.898138523101806641e-01,1.656578294932842255e-02,-5.595865100622177124e-02,3.088025376200675964e-02,-5.612022280693054199e-01,-1.635240018367767334e-01,1.091692224144935608e-02,9.852949380874633789e-01,-1.097340881824493408e-01,1.374351084232330322e-01,-1.418153792619705200e-01,-2.801348567008972168e-01,1.579295545816421509e-01,-9.490946680307388306e-02,1.190245270729064941e+00,2.509709000587463379e-01,-1.524144858121871948e-01,-2.413550317287445068e-01,1.504483938217163086e+00
-8.184596061706542969e+00,-1.700088024139404297e+00,6.651288270950317383e-01,-1.055078394711017609e-02,-1.716801524162292480e-02,9.987652897834777832e-01,4.540690034627914429e-02,3.511275164783000946e-03,-2.312074974179267883e-02,6.700380444526672363e-01,6.507802288979291916e-03,-5.232010781764984131e-02,3.114733472466468811e-02,-5.831075906753540039e-01,-1.184069961309432983e-01,6.119331344962120056e-02,9.805975556373596191e-01,-1.122566834092140198e-01,1.483837366104125977e-01,-1.441204100847244263e-01,-3.135463595390319824e-01,1.724698990583419800e-01,-1.164407953619956970e-01,1.171071529388427734e+00,2.761155366897583008e-01,-1.549208760261535645e-01,-2.608068585395812988e-01,1.522539138793945312e+00
-8.188371658325195312e+00,-1.700436115264892578e+00,6.651490330696105957e-01,-1.034837588667869568e-02,-1.796654053032398224e-02,9.992022514343261719e-01,3.413103893399238586e-02,7.263512350618839264e-03,-2.324688620865345001e-02,6.475993394851684570e-01,3.708646632730960846e-03,-5.344840884208679199e-02,3.132610023021697998e-02,-5.871862173080444336e-01,-7.234292477369308472e-02,1.107264012098312378e-01,9.443005323410034180e-01,-1.132493019104003906e-01,1.498886942863464355e-01,-1.452103853225708008e-01,-3.363545238971710205e-01,1.813325136899948120e-01,-1.305074989795684814e-01,1.159405112266540527e+00,2.929752767086029053e-01,-1.566428393125534058e-01,-2.751978635787963867e-01,1.537766933441162109e+00
-8.192181587219238281e+00,-1.700445532798767090e+00,6.650364995002746582e-01,-1.004222780466079712e-02,-1.833929680287837982e-02,9.995589256286621094e-01,2.108843438327312469e-02,8.474817499518394470e-03,-2.147556468844413757e-02,6.214433312416076660e-01,7.085947319865226746e-03,-5.627192184329032898e-02,3.126874938607215881e-02,-5.749315023422241211e-01,-2.516588009893894196e-02,1.683467179536819458e-01,8.780266046524047852e-01,-1.101672351360321045e-01,1.467399746179580688e-01,-1.454456597566604614e-01,-3.470872342586517334e-01,1.844868957996368408e-01,-1.331608444452285767e-01,1.157453775405883789e+00,3.000971376895904541e-01,-1.565667241811752319e-01,-2.798774242401123047e-01,1.550349235534667969e+00
-8.196452140808105469e+00,-1.699910044670104980e+00,6.648432016372680664e-01,-9.541800245642662048e-03,-1.832997240126132965e-02,9.997668266296386719e-01,6.267831660807132721e-03,1.030451525002717972e-02,-1.954679749906063080e-02,5.926055312156677246e-01,1.021352224051952362e-02,-5.818314477801322937e-02,3.007037192583084106e-02,-5.453564524650573730e-01,2.357270568609237671e-02,2.433180510997772217e-01,7.806752920150756836e-01,-1.026045009493827820e-01,1.425127387046813965e-01,-1.455526798963546753e-01,-3.462916314601898193e-01,1.817033290863037109e-01,-1.288706213235855103e-01,1.162810206413269043e+00,2.982924580574035645e-01,-1.548650264739990234e-01,-2.741602957248687744e-01,1.559789896011352539e+00
-8.201425552368164062e+00,-1.699248552322387695e+00,6.644327640533447266e-01,-8.964195847511291504e-03,-1.782112568616867065e-02,9.997383952140808105e-01,-1.118631940335035324e-02,1.235464774072170258e-02,-1.775212585926055908e-02,5.587956905364990234e-01,1.352952420711517334e-02,-6.004136055707931519e-02,2.871320769190788269e-02,-5.027633905410766602e-01,6.735312193632125854e-02,3.341871500015258789e-01,6.667946577072143555e-01,-9.888378530740737915e-02,1.404168605804443359e-01,-1.454902589321136475e-01,-3.308583796024322510e-01,1.725853383541107178e-01,-1.212924569845199585e-01,1.172922372817993164e+00,2.886113524436950684e-01,-1.505341827869415283e-01,-2.596801817417144775e-01,1.566310882568359375e+00
-8.207144737243652344e+00,-1.698391318321228027e+00,6.636787652969360352e-01,-8.182941935956478119e-03,-1.669810712337493896e-02,9.993187785148620605e-01,-3.187778219580650330e-02,1.157036237418651581e-02,-1.442464441061019897e-02,5.194182991981506348e-01,2.490640617907047272e-02,-6.572028994560241699e-02,2.665795572102069855e-02,-4.516368508338928223e-01,1.027643308043479919e-01,4.397659599781036377e-01,5.468075871467590332e-01,-9.015467017889022827e-02,1.374640464782714844e-01,-1.485783159732818604e-01,-3.044134378433227539e-01,1.589963138103485107e-01,-1.147445887327194214e-01,1.185506820678710938e+00,2.728792428970336914e-01,-1.444877982139587402e-01,-2.381554096937179565e-01,1.570059895515441895e+00
-8.212902069091796875e+00,-1.697471022605895996e+00,6.623412966728210449e-01,-7.523862179368734360e-03,-1.413841638714075089e-02,9.983004331588745117e-01,-5.603365600109100342e-02,3.135286038741469383e-03,-1.115106977522373199e-02,4.734916985034942627e-01,5.134971439838409424e-02,-7.842364907264709473e-02,2.492999844253063202e-02,-4.028130173683166504e-01,1.166958883404731750e-01,5.171383619308471680e-01,4.383645653724670410e-01,-5.100764706730842590e-02,1.252914518117904663e-01,-1.514770984649658203e-01,-2.665950357913970947e-01,1.396885365247726440e-01,-1.072754487395286560e-01,1.203447461128234863e+00,2.506479322910308838e-01,-1.366667896509170532e-01,-2.090245783329010010e-01,1.570799946784973145e+00
-8.217481613159179688e+00,-1.697076797485351562e+00,6.599485874176025391e-01,-7.289005443453788757e-03,-1.035357173532247543e-02,9.964930415153503418e-01,-8.271242678165435791e-02,-2.280182950198650360e-02,-5.164484493434429169e-03,4.221843481063842773e-01,1.103099063038825989e-01,-1.044619381427764893e-01,2.482064627110958099e-02,-3.610680997371673584e-01,1.099420636892318726e-01,5.425068736076354980e-01,3.575072884559631348e-01,-1.041954196989536285e-02,1.079290285706520081e-01,-1.476602554321289062e-01,-2.250776290893554688e-01,1.169539466500282288e-01,-1.018991321325302124e-01,1.226012229919433594e+00,2.252918034791946411e-01,-1.266743838787078857e-01,-1.773118227720260620e-01,1.568374991416931152e+00
-8.219423294067382812e+00,-1.696517944335937500e+00,6.578442454338073730e-01,-7.879919372498989105e-03,-6.423744373023509979e-03,9.939149022102355957e-01,-1.096805632114410400e-01,-6.584142893552780151e-02,1.479436876252293587e-03,3.691349625587463379e-01,1.903549879789352417e-01,-1.293636262416839600e-01,2.611329592764377594e-02,-3.275627791881561279e-01,9.393075853586196899e-02,5.303112268447875977e-01,3.079554736614227295e-01,9.653962217271327972e-03,9.003876894712448120e-02,-1.318560242652893066e-01,-1.724966317415237427e-01,9.464852511882781982e-02,-8.291576057672500610e-02,1.252449870109558105e+00,1.950876265764236450e-01,-1.137559488415718079e-01,-1.377261281013488770e-01,1.561016321182250977e+00
-8.219475746154785156e+00,-1.695391535758972168e+00,6.562047600746154785e-01,-9.089716710150241852e-03,-3.353976877406239510e-03,9.912434816360473633e-01,-1.316908150911331177e-01,-1.167300119996070862e-01,7.755707949399948120e-03,3.270204663276672363e-01,2.677541375160217285e-01,-1.287124156951904297e-01,2.723424322903156281e-02,-3.093802332878112793e-01,8.217724412679672241e-02,5.078224539756774902e-01,2.880558967590332031e-01,1.397530362010002136e-02,7.558839768171310425e-02,-1.022318229079246521e-01,-1.157785281538963318e-01,7.560920715332031250e-02,-5.040427297353744507e-02,1.283904910087585449e+00,1.568430364131927490e-01,-1.013387739658355713e-01,-8.007402718067169189e-02,1.547516703605651855e+00
-8.219251632690429688e+00,-1.693316578865051270e+00,6.550077795982360840e-01,-1.067636534571647644e-02,-1.031534513458609581e-03,9.886379837989807129e-01,-1.499328315258026123e-01,-1.656751334667205811e-01,1.443797070533037186e-02,3.048945367336273193e-01,3.362700045108795166e-01,-1.156891733407974243e-01,2.681631781160831451e-02,-3.033846914768218994e-01,7.635692507028579712e-02,4.830358922481536865e-01,2.883654832839965820e-01,8.429472334682941437e-03,6.407719105482101440e-02,-6.494863331317901611e-02,-5.168492719531059265e-02,6.093451008200645447e-02,3.617568872869014740e-03,1.325476527214050293e+00,1.051128208637237549e-01,-9.217980504035949707e-02,4.885306116193532944e-03,1.529703617095947266e+00
-8.219758987426757812e+00,-1.690121054649353027e+00,6.550444364547729492e-01,-1.246268954128026962e-02,1.035964465700089931e-03,9.848831892013549805e-01,-1.727676838636398315e-01,-2.174443006515502930e-01,2.527288533747196198e-02,3.070333302021026611e-01,4.243102371692657471e-01,-1.239123716950416565e-01,2.540274895727634430e-02,-2.953076362609863281e-01,6.615481525659561157e-02,4.452327787876129150e-01,2.836005389690399170e-01,3.524036845192313194e-03,5.228061228990554810e-02,-3.848656266927719116e-02,1.221397053450345993e-02,5.158893391489982605e-02,5.609132349491119385e-02,1.370677113533020020e+00,4.302568733692169189e-02,-8.389682322740554810e-02,9.184888005256652832e-02,1.513401627540588379e+00
-8.220800399780273438e+00,-1.686821579933166504e+00,6.561489701271057129e-01,-1.386875752359628677e-02,2.908308524638414383e-03,9.798734188079833984e-01,-1.991161406040191650e-01,-2.682226598262786865e-01,4.358853772282600403e-02,3.326639831066131592e-01,5.271416306495666504e-01,-1.484324336051940918e-01,2.335834875702857971e-02,-2.796005606651306152e-01,5.125865340232849121e-02,3.973244428634643555e-01,2.651425898075103760e-01,3.931193612515926361e-03,4.122306406497955322e-02,-2.111356146633625031e-02,7.888042926788330078e-02,4.537800326943397522e-02,9.012554585933685303e-02,1.415738463401794434e+00,-2.429050393402576447e-02,-7.703302055597305298e-02,1.547285765409469604e-01,1.496896982192993164e+00
-8.221817016601562500e+00,-1.683645606040954590e+00,6.579389572143554688e-01,-1.538736466318368912e-02,5.027076695114374161e-03,9.736555218696594238e-01,-2.274486571550369263e-01,-3.092694282531738281e-01,6.771511584520339966e-02,3.809561133384704590e-01,6.276075243949890137e-01,-1.755897849798202515e-01,2.128266170620918274e-02,-2.586730420589447021e-01,3.307574987411499023e-02,3.437845408916473389e-01,2.363685965538024902e-01,8.771829307079315186e-03,3.110009059309959412e-02,-1.281966548413038254e-02,1.437745988368988037e-01,4.099440202116966248e-02,1.045631617307662964e-01,1.454176664352416992e+00,-8.922298252582550049e-02,-7.396784424781799316e-02,1.889920532703399658e-01,1.474738836288452148e+00
-8.223531723022460938e+00,-1.681234240531921387e+00,6.598791480064392090e-01,-1.666359230875968933e-02,6.899445783346891403e-03,9.668163657188415527e-01,-2.548348903656005859e-01,-3.400927782058715820e-01,9.339707344770431519e-02,4.315880835056304932e-01,7.160048484802246094e-01,-2.009953111410140991e-01,2.079087495803833008e-02,-2.335145920515060425e-01,1.560349110513925552e-02,2.898342311382293701e-01,2.021474391222000122e-01,1.545546483248472214e-02,2.259468287229537964e-02,-5.571730900555849075e-03,2.087937891483306885e-01,3.940150141716003418e-02,1.142306923866271973e-01,1.484948277473449707e+00,-1.549319475889205933e-01,-7.365127652883529663e-02,2.167422622442245483e-01,1.444818496704101562e+00
-8.225639343261718750e+00,-1.679614067077636719e+00,6.616864204406738281e-01,-1.770991832017898560e-02,8.135043084621429443e-03,9.592113494873046875e-01,-2.820173203945159912e-01,-3.625788092613220215e-01,1.184856593608856201e-01,4.795988798141479492e-01,7.926470637321472168e-01,-2.255950123071670532e-01,2.196948602795600891e-02,-2.049226462841033936e-01,6.396957323886454105e-04,2.344742417335510254e-01,1.655581891536712646e-01,2.238953486084938049e-02,1.485133823007345200e-02,-3.203012980520725250e-03,2.698050141334533691e-01,4.216593503952026367e-02,1.297596246004104614e-01,1.507337927818298340e+00,-2.230170965194702148e-01,-7.378821074962615967e-02,2.559999227523803711e-01,1.412665605545043945e+00
-8.227704048156738281e+00,-1.678578734397888184e+00,6.631574034690856934e-01,-1.819980703294277191e-02,8.952883072197437286e-03,9.513372778892517090e-01,-3.074833452701568604e-01,-3.755442202091217041e-01,1.413869410753250122e-01,5.204514861106872559e-01,8.507147431373596191e-01,-2.445640116930007935e-01,2.245361544191837311e-02,-1.760613173246383667e-01,-1.054483838379383087e-02,1.818734407424926758e-01,1.311884224414825439e-01,2.865833602845668793e-02,8.979319594800472260e-03,-2.415273571386933327e-03,3.285846412181854248e-01,4.959398508071899414e-02,1.597826182842254639e-01,1.522863149642944336e+00,-2.909652888774871826e-01,-7.256587594747543335e-02,2.995491027832031250e-01,1.378222823143005371e+00
-8.229421615600585938e+00,-1.678178191184997559e+00,6.642578244209289551e-01,-1.822498999536037445e-02,9.355443529784679413e-03,9.431453943252563477e-01,-3.317484855651855469e-01,-3.759084641933441162e-01,1.606615036725997925e-01,5.612242817878723145e-01,8.854359388351440430e-01,-2.584797441959381104e-01,2.243789657950401306e-02,-1.478921025991439819e-01,-1.869190670549869537e-02,1.308615654706954956e-01,1.001966446638107300e-01,3.334881365299224854e-02,4.582394380122423172e-03,-4.949307069182395935e-03,3.794568777084350586e-01,5.772234499454498291e-02,1.987853050231933594e-01,1.534941434860229492e+00,-3.508891165256500244e-01,-7.045003026723861694e-02,3.338378667831420898e-01,1.344761490821838379e+00
-8.231074333190917969e+00,-1.678762912750244141e+00,6.650653481483459473e-01,-1.801691204309463501e-02,9.409897029399871826e-03,9.351753592491149902e-01,-3.536013364791870117e-01,-3.630283772945404053e-01,1.771954149007797241e-01,6.058347225189208984e-01,8.976737260818481445e-01,-2.716042697429656982e-01,2.070610411465167999e-02,-1.214628294110298157e-01,-2.476131916046142578e-02,8.442542701959609985e-02,7.343646138906478882e-02,3.545186668634414673e-02,2.154505345970392227e-03,-2.609597984701395035e-03,4.222383797168731689e-01,6.425490230321884155e-02,2.457021623849868774e-01,1.541517734527587891e+00,-4.003712534904479980e-01,-6.956633180379867554e-02,3.524203300476074219e-01,1.310858368873596191e+00
-8.231982231140136719e+00,-1.680145144462585449e+00,6.654618382453918457e-01,-1.752662844955921173e-02,9.141173213720321655e-03,9.270955920219421387e-01,-3.743033707141876221e-01,-3.362718820571899414e-01,1.884732842445373535e-01,6.574376821517944336e-01,8.823505640029907227e-01,-2.831562459468841553e-01,1.768678426742553711e-02,-9.623718261718750000e-02,-2.936674468219280243e-02,3.999884054064750671e-02,5.114267766475677490e-02,3.389745205640792847e-02,1.943444483913481236e-03,-9.833824587985873222e-04,4.543305635452270508e-01,6.791362911462783813e-02,2.931980788707733154e-01,1.544132590293884277e+00,-4.387101531028747559e-01,-6.911718100309371948e-02,3.625527918338775635e-01,1.279376387596130371e+00
-8.232098579406738281e+00,-1.682214140892028809e+00,6.656799316406250000e-01,-1.699245907366275787e-02,8.729199878871440887e-03,9.189672470092773438e-01,-3.938708603382110596e-01,-2.988436818122863770e-01,1.907255500555038452e-01,7.104243040084838867e-01,8.408400416374206543e-01,-2.905601263046264648e-01,1.348534505814313889e-02,-7.492911815643310547e-02,-3.348905593156814575e-02,-1.975690014660358429e-03,3.602099791169166565e-02,2.861153520643711090e-02,3.806844353675842285e-03,1.482066931203007698e-03,4.742104113101959229e-01,6.746811419725418091e-02,3.358268439769744873e-01,1.543619751930236816e+00,-4.657483696937561035e-01,-6.845849752426147461e-02,3.704967796802520752e-01,1.251751661300659180e+00
-8.230945587158203125e+00,-1.684531211853027344e+00,6.656453609466552734e-01,-1.620044559240341187e-02,8.224721066653728485e-03,9.104963541030883789e-01,-4.131177067756652832e-01,-2.534998655319213867e-01,1.828246563673019409e-01,7.666288614273071289e-01,7.766172289848327637e-01,-2.965257763862609863e-01,1.033270079642534256e-02,-5.798958614468574524e-02,-3.816946223378181458e-02,-4.312860965728759766e-02,2.925826236605644226e-02,2.051645517349243164e-02,8.240440860390663147e-03,1.817165291868150234e-03,4.799225926399230957e-01,6.499107927083969116e-02,3.649709224700927734e-01,1.542555451393127441e+00,-4.812680482864379883e-01,-6.779909878969192505e-02,3.750067651271820068e-01,1.230346798896789551e+00
-8.230317115783691406e+00,-1.687006473541259766e+00,6.655948758125305176e-01,-1.543210074305534363e-02,7.716717198491096497e-03,9.028575420379638672e-01,-4.295935034751892090e-01,-2.103529274463653564e-01,1.689991503953933716e-01,8.220798373222351074e-01,7.059159278869628906e-01,-2.998354434967041016e-01,7.619840092957019806e-03,-4.540494829416275024e-02,-4.260176792740821838e-02,-7.893414795398712158e-02,2.757544815540313721e-02,1.154088601469993591e-02,1.335113868117332458e-02,3.354888409376144409e-03,4.742842316627502441e-01,6.007482111454010010e-02,3.828290700912475586e-01,1.540454506874084473e+00,-4.857991635799407959e-01,-6.794261932373046875e-02,3.746517002582550049e-01,1.215869903564453125e+00
-8.226517677307128906e+00,-1.690472364425659180e+00,6.650516390800476074e-01,-1.440411806106567383e-02,6.898320745676755905e-03,8.937501311302185059e-01,-4.482806921005249023e-01,-1.597929745912551880e-01,1.433788836002349854e-01,8.811073899269104004e-01,6.066657304763793945e-01,-2.935330569744110107e-01,4.267708864063024521e-03,-3.239735215902328491e-02,-4.913229867815971375e-02,-1.187970563769340515e-01,3.017895109951496124e-02,-9.434902458451688290e-04,2.229146473109722137e-02,-8.947644964791834354e-04,4.533482193946838379e-01,5.207535251975059509e-02,3.888070881366729736e-01,1.536916136741638184e+00,-4.764925837516784668e-01,-6.927723437547683716e-02,3.642570674419403076e-01,1.210102677345275879e+00
-8.222530364990234375e+00,-1.694275140762329102e+00,6.643031239509582520e-01,-1.301507186144590378e-02,5.833765026181936264e-03,8.842995166778564453e-01,-4.667021930217742920e-01,-1.140348091721534729e-01,1.093325689435005188e-01,9.226684570312500000e-01,4.924788177013397217e-01,-2.655679285526275635e-01,4.567698924802243710e-04,-1.994552463293075562e-02,-5.577936768531799316e-02,-1.588666439056396484e-01,3.532711043953895569e-02,-1.416040584444999695e-02,3.266622871160507202e-02,-9.509767405688762665e-03,4.214336574077606201e-01,4.295323044061660767e-02,3.831731677055358887e-01,1.529231786727905273e+00,-4.554506540298461914e-01,-7.097788900136947632e-02,3.462217748165130615e-01,1.213218927383422852e+00
-8.218103408813476562e+00,-1.698612570762634277e+00,6.631660461425781250e-01,-1.146411802619695663e-02,4.071736242622137070e-03,8.748549818992614746e-01,-4.842320978641510010e-01,-7.699882239103317261e-02,7.399930059909820557e-02,9.390716552734375000e-01,3.759815990924835205e-01,-2.211373150348663330e-01,-3.155521117150783539e-03,-9.849248453974723816e-03,-6.276557594537734985e-02,-1.971822232007980347e-01,4.515583813190460205e-02,-2.799684368073940277e-02,4.501440003514289856e-02,-2.073046937584877014e-02,3.842886090278625488e-01,3.548667207360267639e-02,3.698097765445709229e-01,1.519775509834289551e+00,-4.255396723747253418e-01,-7.270503789186477661e-02,3.211001157760620117e-01,1.221406459808349609e+00
-8.211162567138671875e+00,-1.703987717628479004e+00,6.617176532745361328e-01,-9.582722559571266174e-03,1.924626179970800877e-03,8.636207580566406250e-01,-5.040473341941833496e-01,-5.020724982023239136e-02,4.146513715386390686e-02,9.253172874450683594e-01,2.732894122600555420e-01,-1.776821613311767578e-01,-3.214620519429445267e-03,-5.309806670993566513e-03,-7.423614710569381714e-02,-2.400712668895721436e-01,7.282993197441101074e-02,-4.851710051298141479e-02,6.189837679266929626e-02,-3.749838471412658691e-02,3.287090361118316650e-01,3.086461126804351807e-02,3.401600420475006104e-01,1.509579420089721680e+00,-3.794968426227569580e-01,-7.845734804868698120e-02,2.774897813796997070e-01,1.238092541694641113e+00
-8.203393936157226562e+00,-1.708584308624267578e+00,6.600481867790222168e-01,-8.684910833835601807e-03,9.071734966710209846e-04,8.503683805465698242e-01,-5.261153578758239746e-01,-4.234534874558448792e-02,1.754797250032424927e-02,8.917338848114013672e-01,2.196050435304641724e-01,-1.576972901821136475e-01,4.985889419913291931e-03,-1.549442019313573837e-02,-9.493400901556015015e-02,-2.829898893833160400e-01,1.304847151041030884e-01,-7.201004773378372192e-02,8.074687421321868896e-02,-6.036225706338882446e-02,2.636428177356719971e-01,2.460138313472270966e-02,2.977946102619171143e-01,1.497870445251464844e+00,-3.207125067710876465e-01,-8.944610506296157837e-02,2.179988026618957520e-01,1.261753320693969727e+00
-8.196111679077148438e+00,-1.710404753684997559e+00,6.585284471511840820e-01,-8.593813516199588776e-03,4.086472326889634132e-04,8.355829119682312012e-01,-5.492969751358032227e-01,-4.881068319082260132e-02,9.432749357074499130e-04,8.481532335281372070e-01,1.958519816398620605e-01,-1.484487354755401611e-01,1.907779276371002197e-02,-4.660177230834960938e-02,-1.247018277645111084e-01,-3.139394819736480713e-01,2.172022759914398193e-01,-7.688330858945846558e-02,9.935430437326431274e-02,-8.657147735357284546e-02,1.922814249992370605e-01,2.134637720882892609e-02,2.454833090305328369e-01,1.474098920822143555e+00,-2.499594539403915405e-01,-1.016952544450759888e-01,1.475231349468231201e-01,1.290280103683471680e+00
-8.190690994262695312e+00,-1.710946798324584961e+00,6.581657528877258301e-01,-8.373361080884933472e-03,-7.679365808144211769e-04,8.220514655113220215e-01,-5.693511366844177246e-01,-5.397965013980865479e-02,-1.375820022076368332e-02,8.075187206268310547e-01,1.703361570835113525e-01,-1.351221650838851929e-01,3.231258690357208252e-02,-9.726605564355850220e-02,-1.584108173847198486e-01,-3.044028580188751221e-01,3.303048908710479736e-01,-7.487102597951889038e-02,1.180326640605926514e-01,-1.089810729026794434e-01,1.224096417427062988e-01,2.562089264392852783e-02,1.878562122583389282e-01,1.441557765007019043e+00,-1.806239336729049683e-01,-1.110981851816177368e-01,8.390900492668151855e-02,1.323781251907348633e+00
-8.186332702636718750e+00,-1.711782693862915039e+00,6.586491465568542480e-01,-7.645065430551767349e-03,-2.364432904869318008e-03,8.108144998550415039e-01,-5.852485299110412598e-01,-5.371333286166191101e-02,-2.758303098380565643e-02,7.733609676361083984e-01,1.400487571954727173e-01,-1.187677755951881409e-01,4.295187070965766907e-02,-1.669240891933441162e-01,-1.855601519346237183e-01,-2.613625526428222656e-01,4.710558056831359863e-01,-9.843590855598449707e-02,1.291975826025009155e-01,-1.252508610486984253e-01,4.976755008101463318e-02,3.847179934382438660e-02,1.216167360544204712e-01,1.403555512428283691e+00,-1.174510717391967773e-01,-1.178177073597908020e-01,3.615480661392211914e-02,1.363820314407348633e+00
-8.183129310607910156e+00,-1.712898612022399902e+00,6.595701575279235840e-01,-6.337805651128292084e-03,-4.379090387374162674e-03,8.004850149154663086e-01,-5.993033051490783691e-01,-5.151025950908660889e-02,-3.808359801769256592e-02,7.418394684791564941e-01,1.122810766100883484e-01,-1.035783365368843079e-01,5.212193727493286133e-02,-2.451780885457992554e-01,-2.058150321245193481e-01,-2.101683467626571655e-01,6.264412403106689453e-01,-1.403789818286895752e-01,1.308294832706451416e-01,-1.408041864633560181e-01,-2.076906897127628326e-02,5.784869194030761719e-02,5.473374575376510620e-02,1.366282343864440918e+00,-5.610764771699905396e-02,-1.210265383124351501e-01,-3.237248631194233894e-03,1.403739929199218750e+00
-8.180091857910156250e+00,-1.714199066162109375e+00,6.605026721954345703e-01,-4.493028856813907623e-03,-6.694147363305091858e-03,7.914082407951354980e-01,-6.112347841262817383e-01,-4.762181639671325684e-02,-4.536151513457298279e-02,7.134545445442199707e-01,8.776294440031051636e-02,-8.998100459575653076e-02,5.920303240418434143e-02,-3.298997282981872559e-01,-2.181259840726852417e-01,-1.545783430337905884e-01,7.776578664779663086e-01,-1.796565949916839600e-01,1.301656663417816162e-01,-1.539183109998703003e-01,-8.885470032691955566e-02,8.340803533792495728e-02,-9.563261643052101135e-03,1.328912377357482910e+00,5.742327775806188583e-03,-1.224388554692268372e-01,-4.123479500412940979e-02,1.440560340881347656e+00
-8.178442955017089844e+00,-1.715870738029479980e+00,6.614262461662292480e-01,-2.690833294764161110e-03,-8.931445889174938202e-03,7.835594415664672852e-01,-6.212468147277832031e-01,-4.214220494031906128e-02,-5.039611086249351501e-02,6.892622113227844238e-01,6.495960056781768799e-02,-7.697606831789016724e-02,6.407543271780014038e-02,-4.097172617912292480e-01,-2.166089117527008057e-01,-8.839857578277587891e-02,9.035460352897644043e-01,-2.079661935567855835e-01,1.363185346126556396e-01,-1.633577793836593628e-01,-1.507167220115661621e-01,1.100166365504264832e-01,-6.756646186113357544e-02,1.293056845664978027e+00,6.497742980718612671e-02,-1.239052042365074158e-01,-7.614746689796447754e-02,1.473380208015441895e+00
-8.177309989929199219e+00,-1.717671751976013184e+00,6.621704697608947754e-01,-1.128991600126028061e-03,-1.051433384418487549e-02,7.768391370773315430e-01,-6.296103000640869141e-01,-3.605045005679130554e-02,-5.358977615833282471e-02,6.689988374710083008e-01,4.642793908715248108e-02,-6.588757038116455078e-02,6.683726608753204346e-02,-4.767803549766540527e-01,-1.968816816806793213e-01,-1.673414371907711029e-02,9.936180114746093750e-01,-2.208363115787506104e-01,1.521275192499160767e-01,-1.703690588474273682e-01,-2.077077776193618774e-01,1.373082995414733887e-01,-1.171993538737297058e-01,1.259091377258300781e+00,1.198673024773597717e-01,-1.270099431276321411e-01,-1.088181138038635254e-01,1.502771735191345215e+00
-8.177058219909667969e+00,-1.719944596290588379e+00,6.627575755119323730e-01,2.813849132508039474e-04,-1.199943292886018753e-02,7.704638242721557617e-01,-6.373707056045532227e-01,-3.044906817376613617e-02,-5.508017912507057190e-02,6.497064828872680664e-01,3.201641514897346497e-02,-5.704585462808609009e-02,6.812877207994461060e-02,-5.276345610618591309e-01,-1.627956181764602661e-01,5.203161016106605530e-02,1.046872615814208984e+00,-2.200057804584503174e-01,1.695041060447692871e-01,-1.773930937051773071e-01,-2.580629289150238037e-01,1.624095886945724487e-01,-1.585205495357513428e-01,1.228979110717773438e+00,1.695844084024429321e-01,-1.309716850519180298e-01,-1.444394886493682861e-01,1.528439521789550781e+00
-8.176642417907714844e+00,-1.722581744194030762e+00,6.631568074226379395e-01,1.205396139994263649e-03,-1.282167620956897736e-02,7.645699977874755859e-01,-6.444120407104492188e-01,-2.533393166959285736e-02,-5.651288852095603943e-02,6.314445137977600098e-01,2.230235934257507324e-02,-5.154525861144065857e-02,6.870266795158386230e-02,-5.608792304992675781e-01,-1.222613751888275146e-01,1.096699386835098267e-01,1.067705392837524414e+00,-2.165937572717666626e-01,1.773073673248291016e-01,-1.828655600547790527e-01,-3.023946285247802734e-01,1.865464895963668823e-01,-1.892975866794586182e-01,1.205671429634094238e+00,2.142615467309951782e-01,-1.355049759149551392e-01,-1.833565980195999146e-01,1.549525737762451172e+00
-8.177843093872070312e+00,-1.725368976593017578e+00,6.635302901268005371e-01,1.823837286792695522e-03,-1.360118109732866287e-02,7.595165967941284180e-01,-6.503431200981140137e-01,-2.142041735351085663e-02,-5.709262192249298096e-02,6.158717274665832520e-01,1.638832874596118927e-02,-4.870753735303878784e-02,6.917393952608108521e-02,-5.795021057128906250e-01,-8.720757812261581421e-02,1.524969041347503662e-01,1.065440177917480469e+00,-2.141333073377609253e-01,1.785641312599182129e-01,-1.871103197336196899e-01,-3.360861539840698242e-01,2.046830952167510986e-01,-2.097009271383285522e-01,1.189769625663757324e+00,2.484151870012283325e-01,-1.385618895292282104e-01,-2.172806560993194580e-01,1.564053893089294434e+00
-8.177289009094238281e+00,-1.728290081024169922e+00,6.635035276412963867e-01,2.211485523730516434e-03,-1.347240339964628220e-02,7.536250352859497070e-01,-6.571627259254455566e-01,-1.768444292247295380e-02,-5.830825120210647583e-02,5.974469184875488281e-01,1.457341853529214859e-02,-4.939735680818557739e-02,6.909202784299850464e-02,-5.807874202728271484e-01,-5.413173511624336243e-02,1.891109794378280640e-01,1.029171347618103027e+00,-2.148982137441635132e-01,1.733794957399368286e-01,-1.908141225576400757e-01,-3.617267906665802002e-01,2.188446521759033203e-01,-2.211168557405471802e-01,1.180819034576416016e+00,2.760810852050781250e-01,-1.415080875158309937e-01,-2.482624799013137817e-01,1.570799946784973145e+00
-8.177356719970703125e+00,-1.731715559959411621e+00,6.633507609367370605e-01,2.132780151441693306e-03,-1.281046960502862930e-02,7.461647987365722656e-01,-6.656346321105957031e-01,-1.424607075750827789e-02,-5.955357104539871216e-02,5.746889710426330566e-01,1.475546788424253464e-02,-5.069328844547271729e-02,6.825612485408782959e-02,-5.656448006629943848e-01,-1.977689564228057861e-02,2.302787005901336670e-01,9.586127996444702148e-01,-2.156440615653991699e-01,1.644089967012405396e-01,-1.917048543691635132e-01,-3.801299333572387695e-01,2.263182103633880615e-01,-2.272669374942779541e-01,1.178875088691711426e+00,2.976130545139312744e-01,-1.431938111782073975e-01,-2.746787965297698975e-01,1.570799946784973145e+00
-8.177384376525878906e+00,-1.735476136207580566e+00,6.630047559738159180e-01,1.794607145711779594e-03,-1.169769652187824249e-02,7.371361851692199707e-01,-6.756405234336853027e-01,-1.091444585472345352e-02,-6.038510054349899292e-02,5.478907227516174316e-01,1.646605134010314941e-02,-5.175904557108879089e-02,6.705868244171142578e-02,-5.315024256706237793e-01,1.640282385051250458e-02,2.803958952426910400e-01,8.563118577003479004e-01,-2.181187272071838379e-01,1.515600532293319702e-01,-1.908430755138397217e-01,-3.862060904502868652e-01,2.276730835437774658e-01,-2.196325510740280151e-01,1.183591842651367188e+00,3.115356564521789551e-01,-1.430953592061996460e-01,-2.916452288627624512e-01,1.570799946784973145e+00
-8.178799629211425781e+00,-1.740635514259338379e+00,6.626259088516235352e-01,1.116532017476856709e-03,-9.757484309375286102e-03,7.249785065650939941e-01,-6.887014508247375488e-01,-6.847148295491933823e-03,-6.269104778766632080e-02,5.126544833183288574e-01,1.834196597337722778e-02,-5.306936427950859070e-02,6.572803854942321777e-02,-4.852808117866516113e-01,5.021677166223526001e-02,3.437016904354095459e-01,7.334151268005371094e-01,-2.213242501020431519e-01,1.388925760984420776e-01,-1.938201189041137695e-01,-3.813799321651458740e-01,2.231103777885437012e-01,-2.015015035867691040e-01,1.192053437232971191e+00,3.167131841182708740e-01,-1.412495225667953491e-01,-2.985075712203979492e-01,1.570799946784973145e+00
-8.180015563964843750e+00,-1.746663331985473633e+00,6.620233654975891113e-01,9.536673314869403839e-05,-7.523495703935623169e-03,7.111725211143493652e-01,-7.029772400856018066e-01,-2.689325949177145958e-03,-6.555807590484619141e-02,4.732588827610015869e-01,2.323467470705509186e-02,-5.654762685298919678e-02,6.438825279474258423e-02,-4.306251108646392822e-01,7.477078586816787720e-02,4.104979634284973145e-01,5.988295078277587891e-01,-1.877781599760055542e-01,1.207685247063636780e-01,-1.959282159805297852e-01,-3.661389946937561035e-01,2.131036221981048584e-01,-1.791633367538452148e-01,1.205185294151306152e+00,3.110435903072357178e-01,-1.372793465852737427e-01,-2.904712259769439697e-01,1.570799946784973145e+00
-8.180765151977539062e+00,-1.752735733985900879e+00,6.606937050819396973e-01,-2.092603826895356178e-03,-4.399494268000125885e-03,6.945211887359619141e-01,-7.194557189941406250e-01,-5.572722759097814560e-03,-6.869141012430191040e-02,4.276661276817321777e-01,4.145520552992820740e-02,-6.626042723655700684e-02,6.354282051324844360e-02,-3.791261017322540283e-01,7.930126041173934937e-02,4.488589167594909668e-01,4.730899035930633545e-01,-1.156509518623352051e-01,9.959852695465087891e-02,-1.933223605155944824e-01,-3.446225523948669434e-01,1.947122216224670410e-01,-1.629132181406021118e-01,1.218150377273559570e+00,2.989610135555267334e-01,-1.305435001850128174e-01,-2.750849127769470215e-01,1.570799946784973145e+00
-8.181474685668945312e+00,-1.757457613945007324e+00,6.592580676078796387e-01,-4.532327875494956970e-03,-1.439238898456096649e-03,6.773801445960998535e-01,-7.356178164482116699e-01,-1.846991293132305145e-02,-6.950081139802932739e-02,3.819476366043090820e-01,7.635489106178283691e-02,-8.224215358495712280e-02,6.382875889539718628e-02,-3.352910876274108887e-01,7.077364623546600342e-02,4.548879861831665039e-01,3.802603185176849365e-01,-6.145353615283966064e-02,8.030731976032257080e-02,-1.866501718759536743e-01,-3.180840611457824707e-01,1.733291149139404297e-01,-1.450431495904922485e-01,1.233411192893981934e+00,2.799816429615020752e-01,-1.225379556417465210e-01,-2.487823516130447388e-01,1.570799946784973145e+00
-8.181370735168457031e+00,-1.759750843048095703e+00,6.576963067054748535e-01,-7.596840150654315948e-03,1.013420405797660351e-03,6.593783497810363770e-01,-7.517721652984619141e-01,-4.568539559841156006e-02,-6.915115565061569214e-02,3.356307744979858398e-01,1.284588873386383057e-01,-9.831968694925308228e-02,6.514705717563629150e-02,-3.003166615962982178e-01,5.641188472509384155e-02,4.332307577133178711e-01,3.244069218635559082e-01,-3.687310963869094849e-02,6.215870380401611328e-02,-1.584368497133255005e-01,-2.837886512279510498e-01,1.455767750740051270e-01,-1.254110932350158691e-01,1.255343556404113770e+00,2.558689415454864502e-01,-1.088796332478523254e-01,-2.157223224639892578e-01,1.570799946784973145e+00
-8.182848930358886719e+00,-1.760771155357360840e+00,6.566949486732482910e-01,-1.010053139179944992e-02,2.500684233382344246e-03,6.461892724037170410e-01,-7.631062269210815430e-01,-7.114835083484649658e-02,-6.935211271047592163e-02,3.020293116569519043e-01,1.713605821132659912e-01,-1.064209789037704468e-01,6.620609760284423828e-02,-2.799842953681945801e-01,4.666671156883239746e-02,4.128315448760986328e-01,2.943594157695770264e-01,-2.396441623568534851e-02,4.998692870140075684e-02,-1.220432892441749573e-01,-2.459187805652618408e-01,1.213257461786270142e-01,-1.015036702156066895e-01,1.275884985923767090e+00,2.313940376043319702e-01,-9.738051891326904297e-02,-1.782466769218444824e-01,1.570799946784973145e+00
-8.183293342590332031e+00,-1.760438442230224609e+00,6.556566357612609863e-01,-1.261997316032648087e-02,2.850830787792801857e-03,6.375684738159179688e-01,-7.702850103378295898e-01,-9.693172574043273926e-02,-6.703076511621475220e-02,2.972425520420074463e-01,2.110902518033981323e-01,-1.067833304405212402e-01,6.613714993000030518e-02,-2.773997187614440918e-01,4.445809870958328247e-02,3.998790979385375977e-01,2.900574505329132080e-01,-2.080333232879638672e-02,4.210041090846061707e-02,-6.703312695026397705e-02,-1.959984749555587769e-01,9.792979061603546143e-02,-6.390351802110671997e-02,1.298524379730224609e+00,2.017577290534973145e-01,-8.797530084848403931e-02,-1.274747699499130249e-01,1.570799946784973145e+00
-8.185134887695312500e+00,-1.761430859565734863e+00,6.559056043624877930e-01,-1.465184707194566727e-02,2.735587302595376968e-03,6.211826801300048828e-01,-7.835240364074707031e-01,-1.341339349746704102e-01,-5.744265764951705933e-02,3.245979547500610352e-01,2.854255735874176025e-01,-1.199655830860137939e-01,6.454258412122726440e-02,-2.662098705768585205e-01,3.703190013766288757e-02,3.644245266914367676e-01,2.777670919895172119e-01,-1.974814012646675110e-02,3.132970631122589111e-02,-2.210372313857078552e-02,-1.324593871831893921e-01,8.087988197803497314e-02,-1.766515709459781647e-02,1.328820824623107910e+00,1.472587287425994873e-01,-8.285106718540191650e-02,-4.407314583659172058e-02,1.570799946784973145e+00
-8.187457084655761719e+00,-1.762477993965148926e+00,6.574260592460632324e-01,-1.651448570191860199e-02,2.601172309368848801e-03,5.971999764442443848e-01,-8.019181489944458008e-01,-1.812465935945510864e-01,-3.810729831457138062e-02,3.709347248077392578e-01,3.951236307621002197e-01,-1.448303014039993286e-01,6.108560785651206970e-02,-2.428658008575439453e-01,2.148193493485450745e-02,3.094047307968139648e-01,2.458529919385910034e-01,-1.278508175164461136e-02,2.064197137951850891e-02,1.193959265947341919e-03,-6.771155446767807007e-02,7.016240805387496948e-02,1.309667434543371201e-02,1.361881732940673828e+00,8.354589343070983887e-02,-7.956732809543609619e-02,2.486447617411613464e-02,1.567552566528320312e+00
-8.189963340759277344e+00,-1.763561964035034180e+00,6.592373251914978027e-01,-1.806587725877761841e-02,2.558314939960837364e-03,5.735955238342285156e-01,-8.189353942871093750e-01,-2.238407582044601440e-01,-1.428372133523225784e-02,4.156720936298370361e-01,5.033820867538452148e-01,-1.710015535354614258e-01,5.886989831924438477e-02,-2.161937803030014038e-01,6.541059818118810654e-03,2.548405230045318604e-01,2.085520923137664795e-01,-3.739608917385339737e-03,1.249842531979084015e-02,1.138169411569833755e-02,-7.967330515384674072e-03,6.340203434228897095e-02,3.531591594219207764e-02,1.393477439880371094e+00,2.212873660027980804e-02,-7.986798137426376343e-02,7.065981626510620117e-02,1.556691765785217285e+00
-8.193062782287597656e+00,-1.765054941177368164e+00,6.611950993537902832e-01,-1.941317878663539886e-02,2.358766738325357437e-03,5.503060817718505859e-01,-8.347339630126953125e-01,-2.619778811931610107e-01,1.444216445088386536e-02,4.639236629009246826e-01,6.123003363609313965e-01,-1.967847496271133423e-01,5.645611882209777832e-02,-1.876284629106521606e-01,-6.806551478803157806e-03,2.010453939437866211e-01,1.686962395906448364e-01,5.604560952633619308e-03,6.253215018659830093e-03,1.510756369680166245e-02,5.201348662376403809e-02,5.985686928033828735e-02,5.332948267459869385e-02,1.423987030982971191e+00,-3.845012560486793518e-02,-8.295001089572906494e-02,9.562548995018005371e-02,1.541003942489624023e+00
-8.194430351257324219e+00,-1.766802072525024414e+00,6.627755761146545410e-01,-2.043236047029495239e-02,1.677491236478090286e-03,5.229527354240417480e-01,-8.521150946617126465e-01,-2.993656098842620850e-01,4.588972404599189758e-02,5.017018318176269531e-01,7.235895991325378418e-01,-2.221445888280868530e-01,5.328508466482162476e-02,-1.556934565305709839e-01,-1.869617030024528503e-02,1.367529481649398804e-01,1.298519521951675415e-01,1.097919233143329620e-02,8.836209890432655811e-04,1.204940211027860641e-02,1.243354678153991699e-01,6.062681972980499268e-02,7.280925661325454712e-02,1.453302621841430664e+00,-1.142779886722564697e-01,-8.803292363882064819e-02,1.251290887594223022e-01,1.512954235076904297e+00
-8.195054054260253906e+00,-1.768204331398010254e+00,6.639260649681091309e-01,-2.071351557970046997e-02,8.355557220056653023e-04,4.945970475673675537e-01,-8.688751459121704102e-01,-3.294521868228912354e-01,7.880591601133346558e-02,5.306682586669921875e-01,8.209379911422729492e-01,-2.432129681110382080e-01,4.845981672406196594e-02,-1.240895166993141174e-01,-2.698911353945732117e-02,7.025576382875442505e-02,9.439586848020553589e-02,1.458057295531034470e-02,-2.550451550632715225e-03,5.329823587089776993e-03,1.989306360483169556e-01,6.567224115133285522e-02,9.925079345703125000e-02,1.478019833564758301e+00,-1.978646516799926758e-01,-9.333694726228713989e-02,1.660123318433761597e-01,1.476291060447692871e+00
-8.193731307983398438e+00,-1.769377231597900391e+00,6.645985245704650879e-01,-2.065512165427207947e-02,-6.604494410566985607e-05,4.679363965988159180e-01,-8.835207223892211914e-01,-3.453251123428344727e-01,1.102739498019218445e-01,5.595167279243469238e-01,8.898912668228149414e-01,-2.597370743751525879e-01,4.154137521982192993e-02,-9.421432763338088989e-02,-3.170435875654220581e-02,8.856766857206821442e-03,6.357114762067794800e-02,1.625507511198520660e-02,-4.024281166493892670e-03,-1.927511999383568764e-03,2.698594927787780762e-01,7.108123600482940674e-02,1.392276734113693237e-01,1.500044703483581543e+00,-2.787125408649444580e-01,-9.733138978481292725e-02,2.042438387870788574e-01,1.433051586151123047e+00
-8.193351745605468750e+00,-1.770262479782104492e+00,6.651249527931213379e-01,-2.006684802472591400e-02,-5.905117723159492016e-04,4.434221982955932617e-01,-8.960880041122436523e-01,-3.435279130935668945e-01,1.381510496139526367e-01,5.942174196243286133e-01,9.253709316253662109e-01,-2.752426564693450928e-01,3.323092684149742126e-02,-6.877133995294570923e-02,-3.403049334883689880e-02,-4.650999233126640320e-02,4.092438146471977234e-02,1.509631052613258362e-02,-3.758282633498311043e-03,-7.100745104253292084e-03,3.284441828727722168e-01,7.641652226448059082e-02,1.832958757877349854e-01,1.518054485321044922e+00,-3.474946916103363037e-01,-1.012929007411003113e-01,2.294149249792098999e-01,1.388844251632690430e+00
-8.192102432250976562e+00,-1.770562887191772461e+00,6.653233766555786133e-01,-1.909553818404674530e-02,-1.245139050297439098e-03,4.222831130027770996e-01,-9.062619805335998535e-01,-3.254583179950714111e-01,1.595036536455154419e-01,6.354179382324218750e-01,9.249308705329895020e-01,-2.899042665958404541e-01,2.453542128205299377e-02,-4.882999509572982788e-02,-3.471009805798530579e-02,-9.344600141048431396e-02,2.673799172043800354e-02,1.087424345314502716e-02,-1.550261396914720535e-03,-9.160358458757400513e-03,3.749791979789733887e-01,7.925605773925781250e-02,2.282489538192749023e-01,1.531471014022827148e+00,-4.009051918983459473e-01,-1.055225282907485962e-01,2.480236440896987915e-01,1.341127634048461914e+00
-8.190034866333007812e+00,-1.770216584205627441e+00,6.652687191963195801e-01,-1.789011806249618530e-02,-1.884569181129336357e-03,4.022529423236846924e-01,-9.153518080711364746e-01,-2.916553616523742676e-01,1.699519008398056030e-01,6.819086074829101562e-01,8.827212452888488770e-01,-2.991483807563781738e-01,1.616135239601135254e-02,-3.066570684313774109e-02,-3.546847403049468994e-02,-1.381540596485137939e-01,1.571507565677165985e-02,5.482639186084270477e-03,2.563960151746869087e-03,-9.328994899988174438e-03,4.063002765178680420e-01,8.091430366039276123e-02,2.644976973533630371e-01,1.542524218559265137e+00,-4.441779553890228271e-01,-1.094269081950187683e-01,2.698865532875061035e-01,1.298001289367675781e+00
-8.188145637512207031e+00,-1.769746541976928711e+00,6.651374101638793945e-01,-1.671328954398632050e-02,-2.305656904354691505e-03,3.851609826087951660e-01,-9.226951599121093750e-01,-2.511321902275085449e-01,1.706757992506027222e-01,7.295110821723937988e-01,8.199248909950256348e-01,-3.057155907154083252e-01,7.903784513473510742e-03,-1.452635414898395538e-02,-3.680529072880744934e-02,-1.757466197013854980e-01,7.701841183006763458e-03,-6.621385109610855579e-04,8.358814753592014313e-03,-8.828798308968544006e-03,4.231546521186828613e-01,7.939130812883377075e-02,2.909664213657379150e-01,1.550940632820129395e+00,-4.746424257755279541e-01,-1.131883487105369568e-01,2.900245785713195801e-01,1.261110663414001465e+00
-8.183627128601074219e+00,-1.767884254455566406e+00,6.647971272468566895e-01,-1.555735897272825241e-02,-2.749877050518989563e-03,3.686527013778686523e-01,-9.294329285621643066e-01,-1.948176473379135132e-01,1.572384387254714966e-01,7.981207966804504395e-01,7.154426574707031250e-01,-3.090752065181732178e-01,2.813986036926507950e-03,-6.021967274136841297e-04,-3.989638760685920715e-02,-2.112274765968322754e-01,3.124115522950887680e-03,-7.309258915483951569e-03,1.611697860062122345e-02,-9.754538536071777344e-03,4.236807227134704590e-01,7.480650395154953003e-02,3.034629821777343750e-01,1.557696342468261719e+00,-4.899244308471679688e-01,-1.166780143976211548e-01,3.030257225036621094e-01,1.229571223258972168e+00
-8.180875778198242188e+00,-1.765865325927734375e+00,6.644078493118286133e-01,-1.433987356722354889e-02,-2.986673964187502861e-03,3.543044030666351318e-01,-9.350154399871826172e-01,-1.433348208665847778e-01,1.363716125488281250e-01,8.624116182327270508e-01,6.085407137870788574e-01,-3.049590587615966797e-01,-3.222715342417359352e-03,1.095259375870227814e-02,-4.390928894281387329e-02,-2.416574805974960327e-01,2.512732520699501038e-03,-1.444310601800680161e-02,2.519124746322631836e-02,-1.262251846492290497e-02,4.134674370288848877e-01,6.844082474708557129e-02,3.069411814212799072e-01,1.561486363410949707e+00,-4.944021105766296387e-01,-1.198131516575813293e-01,3.084037303924560547e-01,1.206368565559387207e+00
-8.175189018249511719e+00,-1.762186169624328613e+00,6.634966731071472168e-01,-1.262347679585218430e-02,-3.241545753553509712e-03,3.392921984195709229e-01,-9.405907392501831055e-01,-9.360304474830627441e-02,1.011324748396873474e-01,9.116633534431457520e-01,4.729160964488983154e-01,-2.630152106285095215e-01,-8.866645395755767822e-03,2.013516426086425781e-02,-5.040146037936210632e-02,-2.727419137954711914e-01,9.296456351876258850e-03,-2.577659487724304199e-02,3.721971064805984497e-02,-2.073093317449092865e-02,3.904214799404144287e-01,6.079889461398124695e-02,3.032780587673187256e-01,1.560389637947082520e+00,-4.821137785911560059e-01,-1.223704367876052856e-01,3.028046786785125732e-01,1.190652728080749512e+00
-8.168669700622558594e+00,-1.756572961807250977e+00,6.620888710021972656e-01,-1.054917834699153900e-02,-3.702586051076650620e-03,3.218061029911041260e-01,-9.467395544052124023e-01,-5.486024171113967896e-02,6.146010756492614746e-02,9.307770133018493652e-01,3.406543135643005371e-01,-2.083959132432937622e-01,-1.178753096610307693e-02,2.197886072099208832e-02,-6.294916570186614990e-02,-3.076318204402923584e-01,3.664473071694374084e-02,-4.655936360359191895e-02,5.421583354473114014e-02,-3.389012068510055542e-02,3.505799174308776855e-01,5.456693097949028015e-02,2.903452217578887939e-01,1.553864359855651855e+00,-4.514449238777160645e-01,-1.262786537408828735e-01,2.841966450214385986e-01,1.182236909866333008e+00
-8.161566734313964844e+00,-1.749120235443115234e+00,6.604815125465393066e-01,-9.292538277804851532e-03,-4.133576992899179459e-03,3.004010021686553955e-01,-9.537587761878967285e-01,-3.740499168634414673e-02,3.052646107971668243e-02,9.160400032997131348e-01,2.591862380504608154e-01,-1.755609363317489624e-01,-7.608017884194850922e-03,1.128863636404275894e-02,-8.425648510456085205e-02,-3.467713892459869385e-01,9.254509210586547852e-02,-7.519296556711196899e-02,7.356071472167968750e-02,-5.625514313578605652e-02,2.955418229103088379e-01,4.966161027550697327e-02,2.684999108314514160e-01,1.543937444686889648e+00,-4.004907011985778809e-01,-1.319836825132369995e-01,2.471251189708709717e-01,1.182815670967102051e+00
-8.158400535583496094e+00,-1.741009116172790527e+00,6.586755514144897461e-01,-8.414615876972675323e-03,-4.735110327601432800e-03,2.756563723087310791e-01,-9.612077474594116211e-01,-4.110305756330490112e-02,1.346403174102306366e-02,8.816112279891967773e-01,2.304213792085647583e-01,-1.657621711492538452e-01,4.257282242178916931e-03,-2.023190632462501526e-02,-1.156284660100936890e-01,-3.807772994041442871e-01,1.793124526739120483e-01,-8.359956741333007812e-02,9.314172714948654175e-02,-8.559922873973846436e-02,2.304279208183288574e-01,4.618314281105995178e-02,2.378892004489898682e-01,1.525275230407714844e+00,-3.335093259811401367e-01,-1.368899196386337280e-01,1.927986890077590942e-01,1.197016835212707520e+00
-8.156492233276367188e+00,-1.734152793884277344e+00,6.576231122016906738e-01,-7.430800702422857285e-03,-5.806660279631614685e-03,2.509562969207763672e-01,-9.679524898529052734e-01,-5.051425844430923462e-02,1.591013744473457336e-03,8.414161205291748047e-01,2.145704180002212524e-01,-1.589528322219848633e-01,1.809647679328918457e-02,-6.656439602375030518e-02,-1.532490402460098267e-01,-3.964139521121978760e-01,2.775780856609344482e-01,-5.813519656658172607e-02,1.120813116431236267e-01,-1.141308099031448364e-01,1.610138416290283203e-01,4.978010803461074829e-02,1.934299021959304810e-01,1.496144771575927734e+00,-2.520485520362854004e-01,-1.407878398895263672e-01,1.207423657178878784e-01,1.221327662467956543e+00
-8.156300544738769531e+00,-1.729571223258972168e+00,6.574180722236633301e-01,-6.423583254218101501e-03,-6.952684838324785233e-03,2.313571274280548096e-01,-9.728228449821472168e-01,-5.620967596769332886e-02,-9.746995754539966583e-03,8.080264925956726074e-01,1.956304311752319336e-01,-1.488389223814010620e-01,2.875172346830368042e-02,-1.154069006443023682e-01,-1.876138597726821899e-01,-3.882986009120941162e-01,3.704216480255126953e-01,-2.717554196715354919e-02,1.246016696095466614e-01,-1.351640671491622925e-01,9.586056321859359741e-02,5.794584006071090698e-02,1.434718668460845947e-01,1.466844797134399414e+00,-1.790427267551422119e-01,-1.411592513322830200e-01,5.481095239520072937e-02,1.246150970458984375e+00
-8.154275894165039062e+00,-1.724857807159423828e+00,6.582430005073547363e-01,-4.947284236550331116e-03,-8.027120493352413177e-03,2.113517671823501587e-01,-9.773645997047424316e-01,-5.717708542943000793e-02,-2.468949183821678162e-02,7.709556818008422852e-01,1.649238169193267822e-01,-1.320212036371231079e-01,4.054513573646545410e-02,-1.855198740959167480e-01,-2.210542559623718262e-01,-3.469986915588378906e-01,4.987536966800689697e-01,-2.912138774991035461e-02,1.098350733518600464e-01,-1.543936282396316528e-01,1.632559113204479218e-02,7.449305057525634766e-02,7.621687650680541992e-02,1.431014895439147949e+00,-9.514021128416061401e-02,-1.410620361566543579e-01,-1.801728084683418274e-02,1.286527752876281738e+00
-8.151811599731445312e+00,-1.721217513084411621e+00,6.591138839721679688e-01,-3.122212132439017296e-03,-8.907604962587356567e-03,1.938470751047134399e-01,-9.809863567352294922e-01,-5.698000639677047729e-02,-3.558582440018653870e-02,7.371771931648254395e-01,1.413228660821914673e-01,-1.194180324673652649e-01,4.965057224035263062e-02,-2.667398154735565186e-01,-2.464426755905151367e-01,-2.934132814407348633e-01,6.398065090179443359e-01,-5.822596698999404907e-02,8.984541147947311401e-02,-1.687125861644744873e-01,-6.174135208129882812e-02,9.297562390565872192e-02,1.542929932475090027e-02,1.396795749664306641e+00,-1.341584511101245880e-02,-1.356786936521530151e-01,-8.427034318447113037e-02,1.336219429969787598e+00
-8.149785041809082031e+00,-1.718479633331298828e+00,6.599094867706298828e-01,-1.102746347896754742e-03,-9.596908465027809143e-03,1.784270852804183960e-01,-9.839057326316833496e-01,-5.403409153223037720e-02,-4.427441582083702087e-02,7.070764303207397461e-01,1.201822087168693542e-01,-1.088097617030143738e-01,5.687820538878440857e-02,-3.508414924144744873e-01,-2.597264647483825684e-01,-2.273695468902587891e-01,7.708986401557922363e-01,-8.711758255958557129e-02,7.802470773458480835e-02,-1.774351894855499268e-01,-1.369953602552413940e-01,1.137995347380638123e-01,-3.899405524134635925e-02,1.360334515571594238e+00,6.557320058345794678e-02,-1.270906180143356323e-01,-1.410645395517349243e-01,1.399284839630126953e+00
-8.147409439086914062e+00,-1.717108488082885742e+00,6.606362462043762207e-01,7.669082842767238617e-04,-9.824562817811965942e-03,1.659710854291915894e-01,-9.860813617706298828e-01,-4.825617745518684387e-02,-5.052630230784416199e-02,6.833631992340087891e-01,9.968750923871994019e-02,-9.800609201192855835e-02,6.100477278232574463e-02,-4.296610653400421143e-01,-2.523249983787536621e-01,-1.439700275659561157e-01,8.730088472366333008e-01,-1.023291721940040588e-01,8.271368592977523804e-02,-1.807629764080047607e-01,-2.055351436138153076e-01,1.360091567039489746e-01,-8.475927263498306274e-02,1.323134183883666992e+00,1.319487839937210083e-01,-1.185228452086448669e-01,-1.766426712274551392e-01,1.460645794868469238e+00
-8.145059585571289062e+00,-1.717191338539123535e+00,6.612841486930847168e-01,2.501673297956585884e-03,-9.691894054412841797e-03,1.546047329902648926e-01,-9.879257082939147949e-01,-4.120296612381935120e-02,-5.398645251989364624e-02,6.617361903190612793e-01,8.239530026912689209e-02,-8.816532790660858154e-02,6.264997273683547974e-02,-4.917793571949005127e-01,-2.272615134716033936e-01,-6.229748576879501343e-02,9.417676329612731934e-01,-1.107056736946105957e-01,9.839288145303726196e-02,-1.821734905242919922e-01,-2.672872841358184814e-01,1.558694839477539062e-01,-1.253244727849960327e-01,1.290504097938537598e+00,1.883178800344467163e-01,-1.118634566664695740e-01,-1.998722553253173828e-01,1.508693218231201172e+00
-8.142563819885253906e+00,-1.717907428741455078e+00,6.617950797080993652e-01,3.892305539920926094e-03,-9.480832144618034363e-03,1.436376422643661499e-01,-9.895772933959960938e-01,-3.461945056915283203e-02,-5.589413642883300781e-02,6.403627395629882812e-01,6.931522488594055176e-02,-8.095061033964157104e-02,6.276896595954895020e-02,-5.348226428031921387e-01,-1.883464455604553223e-01,1.003480888903141022e-02,9.781926274299621582e-01,-1.183315366506576538e-01,1.190328672528266907e-01,-1.828841120004653931e-01,-3.224331736564636230e-01,1.744952648878097534e-01,-1.617492735385894775e-01,1.261811256408691406e+00,2.355560511350631714e-01,-1.070317402482032776e-01,-2.227286398410797119e-01,1.541167378425598145e+00
-8.138928413391113281e+00,-1.718647480010986328e+00,6.620830893516540527e-01,4.970615729689598083e-03,-9.055040776729583740e-03,1.321244090795516968e-01,-9.911793470382690430e-01,-2.766073122620582581e-02,-5.709757655858993530e-02,6.178182959556579590e-01,6.015498563647270203e-02,-7.705841213464736938e-02,6.241240352392196655e-02,-5.569368004798889160e-01,-1.472695022821426392e-01,6.397640705108642578e-02,9.858191013336181641e-01,-1.283279508352279663e-01,1.372589766979217529e-01,-1.839685291051864624e-01,-3.683290183544158936e-01,1.892681270837783813e-01,-1.949707120656967163e-01,1.238964557647705078e+00,2.776915729045867920e-01,-1.050074696540832520e-01,-2.538792788982391357e-01,1.560959339141845703e+00
-8.135174751281738281e+00,-1.719597935676574707e+00,6.622688174247741699e-01,5.858801770955324173e-03,-8.665283210575580597e-03,1.202417910099029541e-01,-9.926895499229431152e-01,-2.213533408939838409e-02,-5.697601288557052612e-02,5.942237377166748047e-01,5.601757019758224487e-02,-7.665123790502548218e-02,6.172240525484085083e-02,-5.600656270980834961e-01,-1.051608920097351074e-01,1.076840162277221680e-01,9.617698192596435547e-01,-1.411221772432327271e-01,1.441441476345062256e-01,-1.845293492078781128e-01,-4.043737351894378662e-01,2.001465409994125366e-01,-2.224088311195373535e-01,1.223154425621032715e+00,3.119899630546569824e-01,-1.045079082250595093e-01,-2.866708040237426758e-01,1.570799946784973145e+00
-8.131742477416992188e+00,-1.720736742019653320e+00,6.623761653900146484e-01,6.439094897359609604e-03,-8.015428669750690460e-03,1.081657782196998596e-01,-9.940797090530395508e-01,-1.806272566318511963e-02,-5.600176006555557251e-02,5.700164437294006348e-01,5.638960003852844238e-02,-7.779784500598907471e-02,6.080446392297744751e-02,-5.507468581199645996e-01,-6.823281943798065186e-02,1.451421529054641724e-01,9.202315807342529297e-01,-1.524278968572616577e-01,1.419701576232910156e-01,-1.847286820411682129e-01,-4.296391010284423828e-01,2.058659940958023071e-01,-2.405935376882553101e-01,1.214948534965515137e+00,3.357977271080017090e-01,-1.035748720169067383e-01,-3.138090074062347412e-01,1.570799946784973145e+00
-8.127808570861816406e+00,-1.722424745559692383e+00,6.623183488845825195e-01,6.779862102121114731e-03,-7.399620488286018372e-03,9.501665085554122925e-02,-9.954251050949096680e-01,-1.589348167181015015e-02,-5.291962996125221252e-02,5.440188646316528320e-01,6.087194383144378662e-02,-7.979202270507812500e-02,5.899545550346374512e-02,-5.261459946632385254e-01,-2.303127758204936981e-02,1.995449662208557129e-01,8.426090478897094727e-01,-1.586802750825881958e-01,1.340074092149734497e-01,-1.823314875364303589e-01,-4.423281550407409668e-01,2.064171433448791504e-01,-2.464924752712249756e-01,1.214624524116516113e+00,3.494603931903839111e-01,-1.020638421177864075e-01,-3.320871293544769287e-01,1.570799946784973145e+00
-8.123263359069824219e+00,-1.724444746971130371e+00,6.620793938636779785e-01,6.604722235351800919e-03,-6.680482532829046249e-03,7.974801212549209595e-02,-9.967707991600036621e-01,-1.467421278357505798e-02,-4.974005371332168579e-02,5.141360759735107422e-01,6.787274032831192017e-02,-8.253030478954315186e-02,5.643565580248832703e-02,-4.914867281913757324e-01,2.047425322234630585e-02,2.673299908638000488e-01,7.438560724258422852e-01,-1.600853353738784790e-01,1.250677853822708130e-01,-1.792305260896682739e-01,-4.419972002506256104e-01,2.010122686624526978e-01,-2.437734454870223999e-01,1.218836784362792969e+00,3.505295515060424805e-01,-9.993976354598999023e-02,-3.347217440605163574e-01,1.570799946784973145e+00
-8.118519783020019531e+00,-1.726486206054687500e+00,6.614459753036499023e-01,5.663141142576932907e-03,-5.979406647384166718e-03,6.235967576503753662e-02,-9.980197548866271973e-01,-1.595760695636272430e-02,-4.685351625084877014e-02,4.802574217319488525e-01,8.091959357261657715e-02,-8.870169520378112793e-02,5.406804755330085754e-02,-4.445619285106658936e-01,6.096742302179336548e-02,3.531958758831024170e-01,6.211895942687988281e-01,-1.468269228935241699e-01,1.150305792689323425e-01,-1.744128465652465820e-01,-4.285370707511901855e-01,1.904226839542388916e-01,-2.351735532283782959e-01,1.228269577026367188e+00,3.415134847164154053e-01,-9.626314789056777954e-02,-3.239300549030303955e-01,1.570799946784973145e+00
-8.114255905151367188e+00,-1.728031635284423828e+00,6.602149009704589844e-01,3.656413638964295387e-03,-5.371707491576671600e-03,4.191910475492477417e-02,-9.990998506546020508e-01,-2.345148660242557526e-02,-4.527151212096214294e-02,4.406360685825347900e-01,1.046837568283081055e-01,-9.960383176803588867e-02,5.306919664144515991e-02,-3.980834186077117920e-01,7.868255674839019775e-02,4.126855134963989258e-01,5.028685927391052246e-01,-1.056535616517066956e-01,1.001733094453811646e-01,-1.688742339611053467e-01,-4.101045429706573486e-01,1.733295172452926636e-01,-2.316244244575500488e-01,1.239879369735717773e+00,3.263462781906127930e-01,-9.063192456960678101e-02,-3.046776652336120605e-01,1.570799946784973145e+00
-8.110052108764648438e+00,-1.728841781616210938e+00,6.583105325698852539e-01,3.264391561970114708e-04,-5.191643256694078445e-03,1.452380698174238205e-02,-9.998809695243835449e-01,-4.579828679561614990e-02,-4.344421997666358948e-02,3.878203630447387695e-01,1.528872102499008179e-01,-1.164211779832839966e-01,5.392677336931228638e-02,-3.522188663482666016e-01,7.242230325937271118e-02,4.245674610137939453e-01,3.978015780448913574e-01,-5.395381897687911987e-02,8.181402087211608887e-02,-1.620656251907348633e-01,-3.831967711448669434e-01,1.490563601255416870e-01,-2.305583655834197998e-01,1.257870435714721680e+00,3.032109141349792480e-01,-8.266431838274002075e-02,-2.721307277679443359e-01,1.570799946784973145e+00
-8.108217239379882812e+00,-1.729566812515258789e+00,6.569587588310241699e-01,-2.840053522959351540e-03,-5.383289419114589691e-03,-1.533271744847297668e-02,-9.998639225959777832e-01,-8.536563813686370850e-02,-4.018166661262512207e-02,3.310616910457611084e-01,2.161291390657424927e-01,-1.207492649555206299e-01,5.586194247007369995e-02,-3.136171400547027588e-01,5.755213275551795959e-02,4.010481238365173340e-01,3.295431137084960938e-01,-2.745927497744560242e-02,6.366676837205886841e-02,-1.472869813442230225e-01,-3.495746850967407227e-01,1.214284971356391907e-01,-2.233314365148544312e-01,1.284609079360961914e+00,2.681810855865478516e-01,-7.086481153964996338e-02,-2.140118032693862915e-01,1.570799946784973145e+00
-8.109277725219726562e+00,-1.731098771095275879e+00,6.559635400772094727e-01,-5.292796064168214798e-03,-6.447515450417995453e-03,-3.731545060873031616e-02,-9.992687106132507324e-01,-1.287508159875869751e-01,-3.632210567593574524e-02,2.967426180839538574e-01,2.733412384986877441e-01,-1.030548810958862305e-01,5.651784688234329224e-02,-2.916686534881591797e-01,4.790682718157768250e-02,3.757484257221221924e-01,2.909760475158691406e-01,-1.280034426599740982e-02,4.985167831182479858e-02,-1.115546822547912598e-01,-2.973001897335052490e-01,9.459944814443588257e-02,-1.870973706245422363e-01,1.314835429191589355e+00,2.224384248256683350e-01,-5.843321606516838074e-02,-1.338268518447875977e-01,1.570799946784973145e+00
-8.110873222351074219e+00,-1.733096003532409668e+00,6.557012200355529785e-01,-7.212540134787559509e-03,-8.013985119760036469e-03,-5.772730708122253418e-02,-9.982741475105285645e-01,-1.687887907028198242e-01,-3.108453191816806793e-02,2.917815744876861572e-01,3.336724638938903809e-01,-9.464336186647415161e-02,5.653971061110496521e-02,-2.787016332149505615e-01,3.866533190011978149e-02,3.465279638767242432e-01,2.662568092346191406e-01,-3.982169553637504578e-03,3.993780910968780518e-02,-6.922847032546997070e-02,-2.362729907035827637e-01,6.911801546812057495e-02,-1.358742117881774902e-01,1.345155358314514160e+00,1.630118042230606079e-01,-4.938676208257675171e-02,-4.115687683224678040e-02,1.570799946784973145e+00
-8.111448287963867188e+00,-1.736289262771606445e+00,6.565062403678894043e-01,-8.698916062712669373e-03,-9.340162388980388641e-03,-8.299774676561355591e-02,-9.964680075645446777e-01,-2.131469100713729858e-01,-1.849009841680526733e-02,3.124144673347473145e-01,4.188914895057678223e-01,-1.129936948418617249e-01,5.557629466056823730e-02,-2.619125545024871826e-01,2.743018791079521179e-02,3.038045167922973633e-01,2.403906732797622681e-01,3.196216654032468796e-03,2.963920123875141144e-02,-4.053106904029846191e-02,-1.692524105310440063e-01,5.080373957753181458e-02,-8.126472681760787964e-02,1.378372907638549805e+00,9.339921176433563232e-02,-4.361109808087348938e-02,4.405701905488967896e-02,1.570799946784973145e+00
-8.111523628234863281e+00,-1.739953637123107910e+00,6.579064130783081055e-01,-1.038379129022359848e-02,-1.050981041043996811e-02,-1.126410961151123047e-01,-9.935259222984313965e-01,-2.554853856563568115e-01,9.208747069351375103e-04,3.580633997917175293e-01,5.201339721679687500e-01,-1.483596116304397583e-01,5.473034456372261047e-02,-2.405529022216796875e-01,1.386800687760114670e-02,2.496842294931411743e-01,2.117011696100234985e-01,8.566478267312049866e-03,1.929503679275512695e-02,-2.371528372168540955e-02,-1.000982597470283508e-01,4.041080921888351440e-02,-4.284437745809555054e-02,1.410217285156250000e+00,1.338764745742082596e-02,-4.149612784385681152e-02,1.056599617004394531e-01,1.570799946784973145e+00
-8.111029624938964844e+00,-1.743370890617370605e+00,6.595828533172607422e-01,-1.190996728837490082e-02,-1.127188466489315033e-02,-1.420232951641082764e-01,-9.897274971008300781e-01,-2.900556921958923340e-01,2.572692371904850006e-02,4.157159626483917236e-01,6.213252544403076172e-01,-1.872521191835403442e-01,5.471646413207054138e-02,-2.153230011463165283e-01,1.158321276307106018e-03,1.941810846328735352e-01,1.800799071788787842e-01,1.446605101227760315e-02,1.057323068380355835e-02,-1.337812934070825577e-02,-2.485592477023601532e-02,3.697339072823524475e-02,-9.192022494971752167e-03,1.437741994857788086e+00,-6.621330976486206055e-02,-4.299634322524070740e-02,1.399317979812622070e-01,1.564444899559020996e+00
-8.109702110290527344e+00,-1.745936393737792969e+00,6.611103415489196777e-01,-1.267846673727035522e-02,-1.162460260093212128e-02,-1.713762283325195312e-01,-9.850555062294006348e-01,-3.139521777629852295e-01,5.221339315176010132e-02,4.725417494773864746e-01,7.113658189773559570e-01,-2.233548760414123535e-01,5.506127700209617615e-02,-1.868001669645309448e-01,-9.299771860241889954e-03,1.371562033891677856e-01,1.471737772226333618e-01,1.884189248085021973e-02,3.496996825560927391e-03,-8.086867630481719971e-03,5.223972722887992859e-02,3.922788426280021667e-02,2.120900340378284454e-02,1.459031820297241211e+00,-1.464463323354721069e-01,-4.776352643966674805e-02,1.612003296613693237e-01,1.542624115943908691e+00
-8.107336997985839844e+00,-1.747577309608459473e+00,6.623963117599487305e-01,-1.273989304900169373e-02,-1.169974543154239655e-02,-2.001547068357467651e-01,-9.796116352081298828e-01,-3.292458355426788330e-01,8.101232349872589111e-02,5.214336514472961426e-01,7.867367267608642578e-01,-2.533324658870697021e-01,5.294153466820716858e-02,-1.553416103124618530e-01,-1.670581474900245667e-02,7.960334420204162598e-02,1.132406070828437805e-01,2.287048287689685822e-02,-2.200488233938813210e-03,-1.028968580067157745e-02,1.295091211795806885e-01,4.628533869981765747e-02,5.900435149669647217e-02,1.477878689765930176e+00,-2.247214466333389282e-01,-5.362881347537040710e-02,1.861585974693298340e-01,1.515717625617980957e+00
-8.105068206787109375e+00,-1.748891115188598633e+00,6.633692383766174316e-01,-1.208669040352106094e-02,-1.118717901408672333e-02,-2.292005419731140137e-01,-9.732398986816406250e-01,-3.339619934558868408e-01,1.091388911008834839e-01,5.656582713127136230e-01,8.430852890014648438e-01,-2.790048122406005859e-01,4.889146983623504639e-02,-1.222719103097915649e-01,-1.985936611890792847e-02,2.045527473092079163e-02,7.899831980466842651e-02,2.614801749587059021e-02,-7.025049068033695221e-03,-1.441032532602548599e-02,2.017566561698913574e-01,5.674545094370841980e-02,1.024768799543380737e-01,1.494789958000183105e+00,-3.020797371864318848e-01,-6.029412150382995605e-02,2.114384323358535767e-01,1.482340812683105469e+00
-8.102256774902343750e+00,-1.749390959739685059e+00,6.639868021011352539e-01,-1.085123140364885330e-02,-1.029674522578716278e-02,-2.573807239532470703e-01,-9.661942720413208008e-01,-3.263562917709350586e-01,1.346033215522766113e-01,6.086413860321044922e-01,8.748754262924194336e-01,-2.997691333293914795e-01,4.285240173339843750e-02,-8.876691758632659912e-02,-1.923675090074539185e-02,-3.705091401934623718e-02,4.665873944759368896e-02,2.809254638850688934e-02,-1.003900635987520218e-02,-2.028201706707477570e-02,2.686090171337127686e-01,6.920133531093597412e-02,1.546199768781661987e-01,1.509817242622375488e+00,-3.672448992729187012e-01,-6.735375523567199707e-02,2.258578389883041382e-01,1.442371368408203125e+00
-8.099747657775878906e+00,-1.748980045318603516e+00,6.642241477966308594e-01,-9.100651368498802185e-03,-9.198006242513656616e-03,-2.832563817501068115e-01,-9.589569568634033203e-01,-3.060592710971832275e-01,1.555349230766296387e-01,6.573953032493591309e-01,8.803568482398986816e-01,-3.178291618824005127e-01,3.637017682194709778e-02,-5.904101952910423279e-02,-1.567890867590904236e-02,-9.026952087879180908e-02,2.130469493567943573e-02,2.670448273420333862e-02,-1.106307934969663620e-02,-2.197394706308841705e-02,3.229543268680572510e-01,8.309633284807205200e-02,2.045138180255889893e-01,1.523205637931823730e+00,-4.197552800178527832e-01,-7.596520334482192993e-02,2.276227921247482300e-01,1.394603848457336426e+00
-8.098048210144042969e+00,-1.747746944427490234e+00,6.642562747001647949e-01,-7.336721289902925491e-03,-8.135677315294742584e-03,-3.062016069889068604e-01,-9.519036412239074707e-01,-2.735834419727325439e-01,1.684236079454421997e-01,7.088635563850402832e-01,8.555673360824584961e-01,-3.318206667900085449e-01,2.815724350512027740e-02,-3.643591701984405518e-02,-1.251079235225915909e-02,-1.370393484830856323e-01,7.337794639170169830e-03,2.063113637268543243e-02,-9.698756039142608643e-03,-2.056089602410793304e-02,3.671450018882751465e-01,9.513171762228012085e-02,2.566850185394287109e-01,1.534985065460205078e+00,-4.605268537998199463e-01,-8.434065431356430054e-02,2.275599241256713867e-01,1.346284866333007812e+00
-8.097331047058105469e+00,-1.746025323867797852e+00,6.640918850898742676e-01,-5.233968608081340790e-03,-6.979308091104030609e-03,-3.271694183349609375e-01,-9.449254274368286133e-01,-2.337028980255126953e-01,1.728642880916595459e-01,7.631347179412841797e-01,8.050231337547302246e-01,-3.416893184185028076e-01,2.054538950324058533e-02,-1.874736323952674866e-02,-9.247664362192153931e-03,-1.802939325571060181e-01,1.972598993871255146e-11,1.279785670340061188e-02,-6.530145183205604553e-03,-1.953155733644962311e-02,3.999369144439697266e-01,1.033075898885726929e-01,3.083762228488922119e-01,1.544342041015625000e+00,-4.920440316200256348e-01,-9.184969216585159302e-02,2.337114363908767700e-01,1.300422549247741699e+00
-8.097407341003417969e+00,-1.743120431900024414e+00,6.637325286865234375e-01,-2.944784937426447868e-03,-5.776931066066026688e-03,-3.465916514396667480e-01,-9.379937052726745605e-01,-1.883374005556106567e-01,1.677836477756500244e-01,8.202890753746032715e-01,7.322119474411010742e-01,-3.421967327594757080e-01,1.248299144208431244e-02,-5.137713160365819931e-03,-7.910458371043205261e-03,-2.206220328807830811e-01,-4.895946336382123826e-20,1.988957403227686882e-03,-9.417984983883798122e-04,-2.026177383959293365e-02,4.198762178421020508e-01,1.051371395587921143e-01,3.519127070903778076e-01,1.551624774932861328e+00,-5.119535923004150391e-01,-9.701401740312576294e-02,2.409203499555587769e-01,1.259860277175903320e+00
-8.098567962646484375e+00,-1.739762663841247559e+00,6.633783578872680664e-01,-1.160033862106502056e-03,-4.742343910038471222e-03,-3.651338219642639160e-01,-9.309422373771667480e-01,-1.390680074691772461e-01,1.532211750745773315e-01,8.846938610076904297e-01,6.412771940231323242e-01,-3.317669630050659180e-01,3.923727199435234070e-03,7.783646695315837860e-03,-8.324095979332923889e-03,-2.587864995002746582e-01,5.718983549548085101e-19,-7.711122278124094009e-03,6.761832628399133682e-03,-2.344801090657711029e-02,4.234578013420104980e-01,1.035175919532775879e-01,3.748103380203247070e-01,1.558017969131469727e+00,-5.181832909584045410e-01,-1.013524904847145081e-01,2.429395020008087158e-01,1.224938869476318359e+00
-8.100829124450683594e+00,-1.735345244407653809e+00,6.627802848815917969e-01,6.103803170844912529e-04,-3.659373847767710686e-03,-3.830594122409820557e-01,-9.237162470817565918e-01,-9.019843488931655884e-02,1.257705688476562500e-01,9.419732093811035156e-01,5.309002995491027832e-01,-3.060644865036010742e-01,-4.862785339355468750e-03,2.021643705666065216e-02,-1.151432935148477554e-02,-2.963460981845855713e-01,5.315341124113287113e-20,-1.630016043782234192e-02,1.728307642042636871e-02,-3.032590821385383606e-02,4.093934297561645508e-01,9.757162630558013916e-02,3.777203261852264404e-01,1.563844084739685059e+00,-5.121047496795654297e-01,-1.056598350405693054e-01,2.372594326734542847e-01,1.197188377380371094e+00
-8.104204177856445312e+00,-1.730000495910644531e+00,6.619185805320739746e-01,2.365975640714168549e-03,-2.510633086785674095e-03,-4.006799161434173584e-01,-9.162116050720214844e-01,-5.112123861908912659e-02,9.001330286264419556e-02,9.717912077903747559e-01,4.102508723735809326e-01,-2.650640904903411865e-01,-9.989282116293907166e-03,3.002983331680297852e-02,-1.718365773558616638e-02,-3.329864144325256348e-01,7.009137887507677078e-03,-2.778306230902671814e-02,3.062825463712215424e-02,-3.929788991808891296e-02,3.802639842033386230e-01,9.062127768993377686e-02,3.652444183826446533e-01,1.567921400070190430e+00,-4.890807867050170898e-01,-1.097626090049743652e-01,2.207188606262207031e-01,1.176667928695678711e+00
-8.109958648681640625e+00,-1.723857045173645020e+00,6.607933640480041504e-01,4.253960214555263519e-03,-1.371285296045243740e-03,-4.190095663070678711e-01,-9.079707860946655273e-01,-2.412544190883636475e-02,5.352643877267837524e-02,9.712640643119812012e-01,3.054887056350708008e-01,-2.271866798400878906e-01,-9.787725284695625305e-03,2.785300090909004211e-02,-3.128940984606742859e-02,-3.712146878242492676e-01,4.160688072443008423e-02,-4.926243796944618225e-02,4.779959097504615784e-02,-5.329152569174766541e-02,3.357852697372436523e-01,8.112993091344833374e-02,3.434111773967742920e-01,1.570176124572753906e+00,-4.541338980197906494e-01,-1.124153211712837219e-01,1.964531838893890381e-01,1.167543172836303711e+00
-8.117062568664550781e+00,-1.718992590904235840e+00,6.593776941299438477e-01,4.817822948098182678e-03,-1.244758022949099541e-03,-4.388848841190338135e-01,-8.985295295715332031e-01,-1.307262480258941650e-02,2.420415356755256653e-02,9.473448395729064941e-01,2.416148930788040161e-01,-2.053425163030624390e-01,-3.395003033801913261e-03,1.175858546048402786e-02,-5.596000328660011292e-02,-4.085597991943359375e-01,1.017446815967559814e-01,-7.343198359012603760e-02,6.586368381977081299e-02,-7.180500775575637817e-02,2.792882025241851807e-01,6.882940977811813354e-02,3.100305795669555664e-01,1.569107294082641602e+00,-4.041299819946289062e-01,-1.156641691923141479e-01,1.590117067098617554e-01,1.174408435821533203e+00
-8.124385833740234375e+00,-1.716111898422241211e+00,6.580439805984497070e-01,5.004951264709234238e-03,-1.443510991521179676e-03,-4.592585861682891846e-01,-8.882873654365539551e-01,-1.513885147869586945e-02,4.789237398654222488e-03,9.129325151443481445e-01,2.123765647411346436e-01,-1.970786750316619873e-01,8.512737229466438293e-03,-2.103535085916519165e-02,-8.973767608404159546e-02,-4.352428615093231201e-01,1.839587688446044922e-01,-7.791145890951156616e-02,8.330705016851425171e-02,-9.246365725994110107e-02,2.124726921319961548e-01,5.654548853635787964e-02,2.626640200614929199e-01,1.561071157455444336e+00,-3.431963622570037842e-01,-1.174516677856445312e-01,1.103429868817329407e-01,1.190911293029785156e+00
-8.129650115966796875e+00,-1.714896321296691895e+00,6.577423810958862305e-01,6.191283464431762695e-03,-1.445058849640190601e-03,-4.793319404125213623e-01,-8.776106834411621094e-01,-1.984830014407634735e-02,-7.839053869247436523e-03,8.755097985267639160e-01,1.882473826408386230e-01,-1.859126687049865723e-01,2.025410160422325134e-02,-6.511958688497543335e-02,-1.268804818391799927e-01,-4.433204829692840576e-01,2.757307291030883789e-01,-6.408075988292694092e-02,9.986329078674316406e-02,-1.121167242527008057e-01,1.405258178710937500e-01,5.269091576337814331e-02,1.980747580528259277e-01,1.543122172355651855e+00,-2.742218673229217529e-01,-1.164176240563392639e-01,5.558019503951072693e-02,1.220759391784667969e+00
-8.133403778076171875e+00,-1.714203596115112305e+00,6.583639979362487793e-01,8.074789308011531830e-03,-9.200980421155691147e-04,-4.989888072013854980e-01,-8.665702939033508301e-01,-2.275121025741100311e-02,-1.848770305514335632e-02,8.361620903015136719e-01,1.599315106868743896e-01,-1.688046455383300781e-01,3.089633584022521973e-02,-1.198730394244194031e-01,-1.608960479497909546e-01,-4.124763309955596924e-01,3.799686431884765625e-01,-5.706045776605606079e-02,1.101705878973007202e-01,-1.312118619680404663e-01,6.156760826706886292e-02,5.687430128455162048e-02,1.200403794646263123e-01,1.515268445014953613e+00,-2.059267610311508179e-01,-1.117359623312950134e-01,5.399047862738370895e-03,1.260781049728393555e+00
-8.135635375976562500e+00,-1.713273406028747559e+00,6.593751907348632812e-01,1.037632860243320465e-02,1.548602886032313108e-04,-5.188096165657043457e-01,-8.548268079757690430e-01,-2.458070963621139526e-02,-2.518933452665805817e-02,7.939159274101257324e-01,1.350337117910385132e-01,-1.516044586896896362e-01,4.031795263290405273e-02,-1.785542964935302734e-01,-1.850801259279251099e-01,-3.665034770965576172e-01,4.895509183406829834e-01,-6.830975413322448730e-02,1.147049367427825928e-01,-1.502515375614166260e-01,-2.002817578613758087e-02,6.566407531499862671e-02,4.211692512035369873e-02,1.482633233070373535e+00,-1.358420997858047485e-01,-1.033615022897720337e-01,-3.795571252703666687e-02,1.309978485107421875e+00
-8.137538909912109375e+00,-1.711896657943725586e+00,6.605510711669921875e-01,1.280334871262311935e-02,1.566327875480055809e-03,-5.362790226936340332e-01,-8.439422249794006348e-01,-2.345082163810729980e-02,-3.048105910420417786e-02,7.549590468406677246e-01,1.103207543492317200e-01,-1.349761635065078735e-01,4.786351323127746582e-02,-2.432714849710464478e-01,-2.006675302982330322e-01,-3.148624300956726074e-01,6.029204130172729492e-01,-9.400975704193115234e-02,1.123102977871894836e-01,-1.652655899524688721e-01,-9.801622480154037476e-02,7.926767319440841675e-02,-2.518542110919952393e-02,1.443535327911376953e+00,-6.840326637029647827e-02,-9.161800891160964966e-02,-7.398220151662826538e-02,1.364341974258422852e+00
-8.138781547546386719e+00,-1.710195899009704590e+00,6.616300344467163086e-01,1.524961926043033600e-02,3.131618257611989975e-03,-5.511105060577392578e-01,-8.342870473861694336e-01,-2.015435509383678436e-02,-3.521214798092842102e-02,7.210199236869812012e-01,8.624910563230514526e-02,-1.193199977278709412e-01,5.394747108221054077e-02,-3.081242740154266357e-01,-2.084843069314956665e-01,-2.629413306713104248e-01,7.064307332038879395e-01,-1.230873018503189087e-01,1.081762686371803284e-01,-1.734740287065505981e-01,-1.693299710750579834e-01,9.725885093212127686e-02,-8.585910499095916748e-02,1.397124290466308594e+00,-9.152134880423545837e-04,-7.986247539520263672e-02,-1.025034934282302856e-01,1.419875264167785645e+00
-8.139525413513183594e+00,-1.708423137664794922e+00,6.624841094017028809e-01,1.725655794143676758e-02,4.670517053455114365e-03,-5.637491941452026367e-01,-8.257525563240051270e-01,-1.607032492756843567e-02,-3.817858919501304626e-02,6.912218332290649414e-01,6.611293554306030273e-02,-1.060088574886322021e-01,5.827844515442848206e-02,-3.670362532138824463e-01,-2.048133164644241333e-01,-2.059251368045806885e-01,7.871901988983154297e-01,-1.472385078668594360e-01,1.091076657176017761e-01,-1.794018447399139404e-01,-2.368995398283004761e-01,1.193466112017631531e-01,-1.454108208417892456e-01,1.343977332115173340e+00,5.910642072558403015e-02,-6.990551203489303589e-02,-1.208814010024070740e-01,1.469454169273376465e+00
-8.139692306518554688e+00,-1.706427454948425293e+00,6.632156372070312500e-01,1.880079507827758789e-02,5.836995784193277359e-03,-5.755487680435180664e-01,-8.175304532051086426e-01,-1.220141816884279251e-02,-4.017844423651695251e-02,6.633048057556152344e-01,4.999375343322753906e-02,-9.479822963476181030e-02,6.104505807161331177e-02,-4.151744544506072998e-01,-1.898521035909652710e-01,-1.508343964815139771e-01,8.406537771224975586e-01,-1.626568138599395752e-01,1.140134707093238831e-01,-1.867274940013885498e-01,-3.009322881698608398e-01,1.438838839530944824e-01,-2.032038420438766479e-01,1.292468428611755371e+00,1.148941814899444580e-01,-6.209489330649375916e-02,-1.331627666950225830e-01,1.511983036994934082e+00
-8.139251708984375000e+00,-1.703826546669006348e+00,6.636769175529479980e-01,1.984743215143680573e-02,6.858648266643285751e-03,-5.861837267875671387e-01,-8.099059462547302246e-01,-7.412397302687168121e-03,-4.135003685951232910e-02,6.374530196189880371e-01,3.728153184056282043e-02,-8.622855693101882935e-02,6.244935095310211182e-02,-4.525108337402343750e-01,-1.606730818748474121e-01,-9.246288985013961792e-02,8.634567260742187500e-01,-1.666883081197738647e-01,1.210602223873138428e-01,-1.952898353338241577e-01,-3.606933951377868652e-01,1.688932627439498901e-01,-2.568745613098144531e-01,1.245924115180969238e+00,1.655583232641220093e-01,-5.732698738574981689e-02,-1.491007059812545776e-01,1.542465567588806152e+00
-8.138561248779296875e+00,-1.700827240943908691e+00,6.639170050621032715e-01,2.054359577596187592e-02,7.524541113525629044e-03,-5.964549779891967773e-01,-8.023482561111450195e-01,-3.316733520478010178e-03,-4.197352007031440735e-02,6.120010614395141602e-01,2.880743332207202911e-02,-8.069054782390594482e-02,6.320860236883163452e-02,-4.751714766025543213e-01,-1.242592409253120422e-01,-3.797327354550361633e-02,8.583405613899230957e-01,-1.634435057640075684e-01,1.242944747209548950e-01,-2.033356875181198120e-01,-4.115628004074096680e-01,1.896249204874038696e-01,-2.995606958866119385e-01,1.208169937133789062e+00,2.104260176420211792e-01,-5.485197156667709351e-02,-1.744044721126556396e-01,1.562400460243225098e+00
-8.137846946716308594e+00,-1.697470784187316895e+00,6.639873981475830078e-01,2.084402740001678467e-02,7.864560931921005249e-03,-6.064326167106628418e-01,-7.948227524757385254e-01,-4.090770380571484566e-04,-4.151296243071556091e-02,5.872915387153625488e-01,2.720378525555133820e-02,-7.982277870178222656e-02,6.330738961696624756e-02,-4.838043749332427979e-01,-8.008801937103271484e-02,2.417899481952190399e-02,8.219322562217712402e-01,-1.522819250822067261e-01,1.214679703116416931e-01,-2.100121229887008667e-01,-4.517703950405120850e-01,2.040263712406158447e-01,-3.266665637493133545e-01,1.182051181793212891e+00,2.471386045217514038e-01,-5.386040359735488892e-02,-2.017481327056884766e-01,1.570799946784973145e+00
-8.136829376220703125e+00,-1.693914651870727539e+00,6.638842821121215820e-01,2.073873579502105713e-02,8.174316026270389557e-03,-6.171497106552124023e-01,-7.865299582481384277e-01,-2.590406220406293869e-04,-3.949229419231414795e-02,5.604975223541259766e-01,3.348325937986373901e-02,-8.283263444900512695e-02,6.294795125722885132e-02,-4.784132838249206543e-01,-3.360865637660026550e-02,9.357424825429916382e-02,7.626211643218994141e-01,-1.391480267047882080e-01,1.155484840273857117e-01,-2.153150141239166260e-01,-4.825495481491088867e-01,2.110671103000640869e-01,-3.401291668415069580e-01,1.169043660163879395e+00,2.741555869579315186e-01,-5.441403388977050781e-02,-2.245822101831436157e-01,1.570799946784973145e+00
-8.135802268981933594e+00,-1.690301537513732910e+00,6.635003685951232910e-01,2.053783088922500610e-02,8.337873034179210663e-03,-6.285899281501770020e-01,-7.774209380149841309e-01,-3.652155166491866112e-03,-3.581434488296508789e-02,5.318569540977478027e-01,4.777876287698745728e-02,-8.967670798301696777e-02,6.275685876607894897e-02,-4.614892303943634033e-01,1.986618898808956146e-02,1.915359497070312500e-01,6.791117787361145020e-01,-1.274377107620239258e-01,1.126921027898788452e-01,-2.197742313146591187e-01,-5.008614063262939453e-01,2.124820202589035034e-01,-3.399512171745300293e-01,1.166538953781127930e+00,2.914734184741973877e-01,-5.500280857086181641e-02,-2.399850189685821533e-01,1.570799946784973145e+00
-8.134852409362792969e+00,-1.686393022537231445e+00,6.628330945968627930e-01,1.972483843564987183e-02,8.356101810932159424e-03,-6.411355137825012207e-01,-7.671286463737487793e-01,-8.496074005961418152e-03,-3.227810189127922058e-02,5.006012916564941406e-01,6.676496565341949463e-02,-9.859843552112579346e-02,6.221160665154457092e-02,-4.350646138191223145e-01,7.188830524682998657e-02,3.118351995944976807e-01,5.850371718406677246e-01,-1.187023743987083435e-01,1.127394437789916992e-01,-2.232226878404617310e-01,-5.077171325683593750e-01,2.080719769001007080e-01,-3.279725015163421631e-01,1.171998500823974609e+00,2.983235716819763184e-01,-5.645879730582237244e-02,-2.460453808307647705e-01,1.570799946784973145e+00
-8.133587837219238281e+00,-1.682026147842407227e+00,6.615815758705139160e-01,1.850485429167747498e-02,7.853033952414989471e-03,-6.551283597946166992e-01,-7.552500963211059570e-01,-1.729932613670825958e-02,-2.863642759621143341e-02,4.655855000019073486e-01,9.475926309823989868e-02,-1.127754300832748413e-01,6.174094974994659424e-02,-3.995448052883148193e-01,1.130467057228088379e-01,4.383497834205627441e-01,4.770176410675048828e-01,-7.857219129800796509e-02,1.096637472510337830e-01,-2.253311723470687866e-01,-5.029821991920471191e-01,1.985566616058349609e-01,-3.057395815849304199e-01,1.183249354362487793e+00,2.969343960285186768e-01,-5.748312920331954956e-02,-2.451360076665878296e-01,1.570799946784973145e+00
-8.132629394531250000e+00,-1.677420854568481445e+00,6.596060991287231445e-01,1.673581264913082123e-02,6.606874521821737289e-03,-6.720122098922729492e-01,-7.403214573860168457e-01,-3.309743851423263550e-02,-2.517824992537498474e-02,4.229477345943450928e-01,1.361795067787170410e-01,-1.328113824129104614e-01,6.192339956760406494e-02,-3.636068701744079590e-01,1.271385848522186279e-01,5.149646401405334473e-01,3.761361241340637207e-01,-1.472948491573333740e-02,1.004235744476318359e-01,-2.263822555541992188e-01,-4.853720366954803467e-01,1.834591925144195557e-01,-2.791615128517150879e-01,1.194412350654602051e+00,2.874932885169982910e-01,-5.750458315014839172e-02,-2.333030402660369873e-01,1.570799946784973145e+00
-8.132101058959960938e+00,-1.673346281051635742e+00,6.572185158729553223e-01,1.495834812521934509e-02,5.176887381821870804e-03,-6.907731294631958008e-01,-7.228982448577880859e-01,-6.186184287071228027e-02,-2.014037221670150757e-02,3.745068311691284180e-01,1.995690912008285522e-01,-1.578711718320846558e-01,6.304473429918289185e-02,-3.310040533542633057e-01,1.231667324900627136e-01,5.347232818603515625e-01,3.066632747650146484e-01,2.509563602507114410e-02,8.680658042430877686e-02,-2.210304141044616699e-01,-4.635198712348937988e-01,1.627256274223327637e-01,-2.610598504543304443e-01,1.213876962661743164e+00,2.749160826206207275e-01,-5.499665439128875732e-02,-2.167689502239227295e-01,1.570799946784973145e+00
-8.132532119750976562e+00,-1.670717716217041016e+00,6.556988358497619629e-01,1.363535132259130478e-02,3.949161153286695480e-03,-7.073076963424682617e-01,-7.067632675170898438e-01,-9.235330671072006226e-02,-1.659684814512729645e-02,3.309382796287536621e-01,2.601718306541442871e-01,-1.772103458642959595e-01,6.448077410459518433e-02,-3.054534494876861572e-01,1.158289089798927307e-01,5.269675850868225098e-01,2.650622129440307617e-01,4.273186996579170227e-02,7.237477600574493408e-02,-2.073771506547927856e-01,-4.410639703273773193e-01,1.410396099090576172e-01,-2.496488839387893677e-01,1.231572151184082031e+00,2.618556618690490723e-01,-5.072575062513351440e-02,-1.991980671882629395e-01,1.570799946784973145e+00
-8.130897521972656250e+00,-1.669331550598144531e+00,6.547915339469909668e-01,1.307552494108676910e-02,2.571213757619261742e-03,-7.221554517745971680e-01,-6.916024684906005859e-01,-1.305700093507766724e-01,-1.166479755192995071e-02,2.913421690464019775e-01,3.170636594295501709e-01,-1.671139746904373169e-01,6.429865956306457520e-02,-2.880211770534515381e-01,1.097525954246520996e-01,5.038163661956787109e-01,2.449363023042678833e-01,4.609667137265205383e-02,5.765469372272491455e-02,-1.681768298149108887e-01,-4.039742350578308105e-01,1.137617379426956177e-01,-2.303795069456100464e-01,1.263853192329406738e+00,2.385729402303695679e-01,-4.509988054633140564e-02,-1.620917618274688721e-01,1.570799946784973145e+00
-8.128389358520507812e+00,-1.669583201408386230e+00,6.545291543006896973e-01,1.294669788330793381e-02,8.574490202590823174e-04,-7.387336492538452148e-01,-6.738725900650024414e-01,-1.785096526145935059e-01,-7.610457483679056168e-03,2.518335878849029541e-01,3.728785812854766846e-01,-1.306812018156051636e-01,6.403473019599914551e-02,-2.769436240196228027e-01,1.004085168242454529e-01,4.682013988494873047e-01,2.303435653448104858e-01,4.745365679264068604e-02,4.628806561231613159e-02,-1.333253830671310425e-01,-3.543909788131713867e-01,8.839488029479980469e-02,-1.979889273643493652e-01,1.298422455787658691e+00,2.027634233236312866e-01,-4.317152500152587891e-02,-1.064002066850662231e-01,1.570799946784973145e+00
-8.125311851501464844e+00,-1.669911384582519531e+00,6.550527811050415039e-01,1.276455726474523544e-02,-9.293557959608733654e-04,-7.589700818061828613e-01,-6.509997248649597168e-01,-2.352956682443618774e-01,-2.623395994305610657e-03,2.292680591344833374e-01,4.414219856262207031e-01,-9.634917229413986206e-02,6.286291033029556274e-02,-2.636465430259704590e-01,8.663679659366607666e-02,4.166718125343322754e-01,2.139594256877899170e-01,4.680253192782402039e-02,3.483652323484420776e-02,-1.092518940567970276e-01,-2.970807850360870361e-01,6.683765351772308350e-02,-1.654511690139770508e-01,1.340519428253173828e+00,1.581756621599197388e-01,-4.414480552077293396e-02,-4.931015521287918091e-02,1.570799946784973145e+00
-8.123163223266601562e+00,-1.669598937034606934e+00,6.562106013298034668e-01,1.234712637960910797e-02,-2.829420147463679314e-03,-7.797626256942749023e-01,-6.259471178054809570e-01,-2.844714522361755371e-01,5.905733909457921982e-03,2.394638955593109131e-01,5.161193013191223145e-01,-9.100613743066787720e-02,6.226878240704536438e-02,-2.460218369960784912e-01,6.988789141178131104e-02,3.587625026702880859e-01,1.942483931779861450e-01,4.478216171264648438e-02,2.442003227770328522e-02,-8.971779048442840576e-02,-2.362409532070159912e-01,5.295928567647933960e-02,-1.447244733572006226e-01,1.381072878837585449e+00,1.069420427083969116e-01,-4.986906796693801880e-02,-6.878793705254793167e-03,1.570799946784973145e+00
-8.121459007263183594e+00,-1.668515801429748535e+00,6.577476859092712402e-01,1.162140071392059326e-02,-5.064823199063539505e-03,-7.983788251876831055e-01,-6.020220518112182617e-01,-3.213449716567993164e-01,2.541805058717727661e-02,2.962193787097930908e-01,5.975669622421264648e-01,-1.147022843360900879e-01,6.243484094738960266e-02,-2.255022823810577393e-01,5.280400067567825317e-02,3.030650019645690918e-01,1.713002175092697144e-01,4.359842091798782349e-02,1.603754796087741852e-02,-7.058197259902954102e-02,-1.737120002508163452e-01,4.535248875617980957e-02,-1.305112093687057495e-01,1.424103260040283203e+00,5.348748713731765747e-02,-6.079100072383880615e-02,2.052151039242744446e-02,1.570799946784973145e+00
-8.120072364807128906e+00,-1.666927814483642578e+00,6.593321561813354492e-01,1.096013560891151428e-02,-7.273925002664327621e-03,-8.156041502952575684e-01,-5.784607529640197754e-01,-3.455135524272918701e-01,5.031488090753555298e-02,3.707365095615386963e-01,6.744987964630126953e-01,-1.483009010553359985e-01,6.402427703142166138e-02,-2.030147165060043335e-01,3.665753453969955444e-02,2.480489462614059448e-01,1.470559388399124146e-01,4.180586338043212891e-02,8.878710679709911346e-03,-5.599626898765563965e-02,-1.037350669503211975e-01,4.356747493147850037e-02,-1.020201891660690308e-01,1.462018728256225586e+00,-6.035649683326482773e-03,-7.650756835937500000e-02,4.893822968006134033e-02,1.570799946784973145e+00
-8.118873596191406250e+00,-1.664881110191345215e+00,6.607548594474792480e-01,1.051556318998336792e-02,-8.829722180962562561e-03,-8.317477703094482422e-01,-5.549838542938232422e-01,-3.561506271362304688e-01,7.880651205778121948e-02,4.515240192413330078e-01,7.435733079910278320e-01,-1.864857077598571777e-01,6.497135758399963379e-02,-1.786331683397293091e-01,2.401751466095447540e-02,1.926658600568771362e-01,1.222780272364616394e-01,4.002783074975013733e-02,2.776625100523233414e-03,-4.717428609728813171e-02,-3.072034753859043121e-02,4.842583090066909790e-02,-6.064941734075546265e-02,1.497903704643249512e+00,-6.816099584102630615e-02,-9.272284805774688721e-02,7.822342216968536377e-02,1.570799946784973145e+00
-8.118310928344726562e+00,-1.662748575210571289e+00,6.618937849998474121e-01,1.004360243678092957e-02,-9.292660281062126160e-03,-8.476850986480712891e-01,-5.303232073783874512e-01,-3.568734526634216309e-01,1.063718497753143311e-01,5.212423801422119141e-01,7.999663352966308594e-01,-2.224679887294769287e-01,6.389858573675155640e-02,-1.506952792406082153e-01,1.419296115636825562e-02,1.353339403867721558e-01,9.605655819177627563e-02,3.766870126128196716e-02,-2.371472073718905449e-03,-4.271297156810760498e-02,4.530011117458343506e-02,5.944233015179634094e-02,-1.086985506117343903e-02,1.528921008110046387e+00,-1.339508146047592163e-01,-1.086065173149108887e-01,1.026757061481475830e-01,1.570799946784973145e+00
-8.118498802185058594e+00,-1.660112619400024414e+00,6.627873182296752930e-01,9.548241272568702698e-03,-8.952940814197063446e-03,-8.629854917526245117e-01,-5.050591230392456055e-01,-3.465692996978759766e-01,1.346319913864135742e-01,5.883684158325195312e-01,8.400971293449401855e-01,-2.546757757663726807e-01,5.882429704070091248e-02,-1.192316561937332153e-01,7.577504962682723999e-03,7.712402939796447754e-02,6.809907406568527222e-02,3.512899577617645264e-02,-5.945282988250255585e-03,-4.209149628877639771e-02,1.150293573737144470e-01,7.274435460567474365e-02,3.526369854807853699e-02,1.550859570503234863e+00,-1.962332278490066528e-01,-1.232880130410194397e-01,1.176527068018913269e-01,1.561671257019042969e+00
-8.119130134582519531e+00,-1.657752394676208496e+00,6.632930040359497070e-01,9.238100610673427582e-03,-8.001088164746761322e-03,-8.778281211853027344e-01,-4.788198173046112061e-01,-3.285403847694396973e-01,1.601925343275070190e-01,6.485263109207153320e-01,8.621793985366821289e-01,-2.814354598522186279e-01,5.066858232021331787e-02,-8.776587247848510742e-02,4.273544996976852417e-03,1.765071414411067963e-02,4.173510894179344177e-02,3.136999160051345825e-02,-7.982806302607059479e-03,-4.269995167851448059e-02,1.800415217876434326e-01,8.785997331142425537e-02,8.207247406244277954e-02,1.563981413841247559e+00,-2.493080049753189087e-01,-1.370479315519332886e-01,1.182697042822837830e-01,1.535955905914306641e+00
-8.120678901672363281e+00,-1.655931830406188965e+00,6.634842157363891602e-01,9.238908067345619202e-03,-6.445555947721004486e-03,-8.911263346672058105e-01,-4.536154270172119141e-01,-2.978676557540893555e-01,1.859619468450546265e-01,7.169501781463623047e-01,8.628801107406616211e-01,-3.063758313655853271e-01,3.852835297584533691e-02,-5.904629826545715332e-02,3.715767757967114449e-03,-3.918125480413436890e-02,2.065417729318141937e-02,2.509704418480396271e-02,-8.127423003315925598e-03,-4.175521060824394226e-02,2.374611347913742065e-01,1.033107936382293701e-01,1.310202330350875854e-01,1.570799946784973145e+00,-2.930649816989898682e-01,-1.490972042083740234e-01,1.118313446640968323e-01,1.505823969841003418e+00
-8.122657775878906250e+00,-1.655149459838867188e+00,6.633623838424682617e-01,9.382478892803192139e-03,-4.594867583364248276e-03,-9.027307629585266113e-01,-4.300791621208190918e-01,-2.598279416561126709e-01,2.077489346265792847e-01,7.893234491348266602e-01,8.450627923011779785e-01,-3.282680213451385498e-01,2.447891049087047577e-02,-3.589199483394622803e-02,4.157981369644403458e-03,-9.128402918577194214e-02,7.669035810977220535e-03,1.648976281285285950e-02,-5.667104385793209076e-03,-3.857027366757392883e-02,2.892799079418182373e-01,1.169418320059776306e-01,1.872573643922805786e-01,1.570799946784973145e+00,-3.312693536281585693e-01,-1.586700081825256348e-01,1.104272603988647461e-01,1.468537211418151855e+00
-8.125711441040039062e+00,-1.655495643615722656e+00,6.631291508674621582e-01,9.725488722324371338e-03,-2.612512093037366867e-03,-9.130759835243225098e-01,-4.076650440692901611e-01,-2.133292853832244873e-01,2.236444205045700073e-01,8.720745444297790527e-01,8.063552379608154297e-01,-3.466376662254333496e-01,9.870142675936222076e-03,-1.673186384141445160e-02,4.201316274702548981e-03,-1.405206769704818726e-01,6.589166587218642235e-04,6.037563551217317581e-03,-5.120101268403232098e-04,-3.542027249932289124e-02,3.310890197753906250e-01,1.268799006938934326e-01,2.401855438947677612e-01,1.570799946784973145e+00,-3.612967431545257568e-01,-1.667059659957885742e-01,1.105265691876411438e-01,1.427186608314514160e+00
-8.129036903381347656e+00,-1.656496047973632812e+00,6.627985239028930664e-01,9.916869923472404480e-03,-7.441542111337184906e-04,-9.226285219192504883e-01,-3.855615556240081787e-01,-1.664587259292602539e-01,2.297627776861190796e-01,9.548305273056030273e-01,7.528249621391296387e-01,-3.587481379508972168e-01,-3.446710528805851936e-03,-6.872405647300183773e-04,3.010988235473632812e-03,-1.883268058300018311e-01,5.743447933152223740e-19,-6.670142523944377899e-03,6.920279935002326965e-03,-3.333269059658050537e-02,3.620668649673461914e-01,1.310310959815979004e-01,2.876969873905181885e-01,1.570799946784973145e+00,-3.796533346176147461e-01,-1.729451715946197510e-01,1.054461151361465454e-01,1.378042459487915039e+00
-8.133530616760253906e+00,-1.658303499221801758e+00,6.622579693794250488e-01,1.025571487843990326e-02,1.125379581935703754e-03,-9.313598871231079102e-01,-3.639537692070007324e-01,-1.163316965103149414e-01,2.250997275114059448e-01,1.047498226165771484e+00,6.811819076538085938e-01,-3.638404309749603271e-01,-1.587165892124176025e-02,1.497886609286069870e-02,6.275965133681893349e-04,-2.345524877309799194e-01,-2.062347124238581002e-19,-1.944305747747421265e-02,1.644553989171981812e-02,-3.214176744222640991e-02,3.807591795921325684e-01,1.284646838903427124e-01,3.251333236694335938e-01,1.570799946784973145e+00,-3.861847519874572754e-01,-1.773631423711776733e-01,9.411682933568954468e-02,1.326728224754333496e+00
-8.138561248779296875e+00,-1.661605119705200195e+00,6.615739464759826660e-01,1.033845078200101852e-02,2.942105289548635483e-03,-9.394979476928710938e-01,-3.423859179019927979e-01,-7.329130172729492188e-02,2.076217383146286011e-01,1.125269532203674316e+00,5.939316749572753906e-01,-3.460201621055603027e-01,-2.721858769655227661e-02,3.023253381252288818e-02,-3.709464566782116890e-03,-2.792586386203765869e-01,-1.236738413343345502e-19,-3.039064630866050720e-02,2.886497043073177338e-02,-3.341778367757797241e-02,3.864718973636627197e-01,1.195172816514968872e-01,3.512452244758605957e-01,1.570799946784973145e+00,-3.818285465240478516e-01,-1.800060868263244629e-01,8.017583936452865601e-02,1.274981498718261719e+00
-8.144269943237304688e+00,-1.666542649269104004e+00,6.605527997016906738e-01,1.034511160105466843e-02,4.837183281779289246e-03,-9.470227956771850586e-01,-3.209633231163024902e-01,-3.858132287859916687e-02,1.757709830999374390e-01,1.169127583503723145e+00,4.821889698505401611e-01,-2.902655005455017090e-01,-3.848850727081298828e-02,4.195261746644973755e-02,-1.122391689568758011e-02,-3.227816522121429443e-01,7.351935375481843948e-03,-4.277408123016357422e-02,4.449285194277763367e-02,-3.732256218791007996e-02,3.802913129329681396e-01,1.067482829093933105e-01,3.661019504070281982e-01,1.570799946784973145e+00,-3.682619035243988037e-01,-1.797033548355102539e-01,6.491734832525253296e-02,1.225784301757812500e+00
-8.150408744812011719e+00,-1.672673940658569336e+00,6.593671441078186035e-01,1.052428036928176880e-02,6.369467824697494507e-03,-9.543684720993041992e-01,-2.983781695365905762e-01,-1.671231724321842194e-02,1.445624232292175293e-01,1.175995588302612305e+00,3.868401646614074707e-01,-2.389566004276275635e-01,-4.613452404737472534e-02,4.611034691333770752e-02,-2.411365695297718048e-02,-3.682971298694610596e-01,3.222838416695594788e-02,-6.121105700731277466e-02,6.248601526021957397e-02,-4.435689374804496765e-02,3.584354221820831299e-01,9.250512719154357910e-02,3.643444478511810303e-01,1.570799946784973145e+00,-3.423863053321838379e-01,-1.787133067846298218e-01,4.225952178239822388e-02,1.182302713394165039e+00
-8.156209945678710938e+00,-1.680595159530639648e+00,6.580249667167663574e-01,1.022030692547559738e-02,5.684312433004379272e-03,-9.617213606834411621e-01,-2.737795412540435791e-01,-1.006587501615285873e-02,1.167792975902557373e-01,1.153853297233581543e+00,3.296439349651336670e-01,-2.131297290325164795e-01,-4.567037895321846008e-02,3.889951854944229126e-02,-5.039640888571739197e-02,-4.141003489494323730e-01,8.261648565530776978e-02,-8.325847983360290527e-02,8.405046910047531128e-02,-5.679894611239433289e-02,3.258876204490661621e-01,7.488943636417388916e-02,3.493477702140808105e-01,1.564403653144836426e+00,-3.035724461078643799e-01,-1.795614063739776611e-01,7.152870763093233109e-03,1.150645732879638672e+00
-8.160733222961425781e+00,-1.688900828361511230e+00,6.569051742553710938e-01,1.000899542123079300e-02,4.095262382179498672e-03,-9.685971140861511230e-01,-2.484002113342285156e-01,-1.465463358908891678e-02,9.280689805746078491e-02,1.117545723915100098e+00,2.986549437046051025e-01,-2.036934792995452881e-01,-3.736159577965736389e-02,1.477027870714664459e-02,-8.925577253103256226e-02,-4.511093795299530029e-01,1.607903838157653809e-01,-8.977440744638442993e-02,1.072084903717041016e-01,-6.947029381990432739e-02,2.856815457344055176e-01,5.828273668885231018e-02,3.278188407421112061e-01,1.542626619338989258e+00,-2.495608180761337280e-01,-1.780387014150619507e-01,-4.270715266466140747e-02,1.132374405860900879e+00
-8.163966178894042969e+00,-1.695742726325988770e+00,6.570731997489929199e-01,1.051149610430002213e-02,3.474674187600612640e-03,-9.744877219200134277e-01,-2.241676300764083862e-01,-1.933830231428146362e-02,6.815397739410400391e-02,1.078352689743041992e+00,2.616352736949920654e-01,-1.901083737611770630e-01,-2.657038345932960510e-02,-2.861482277512550354e-02,-1.387745141983032227e-01,-4.628897905349731445e-01,2.631561160087585449e-01,-6.399019807577133179e-02,1.318167299032211304e-01,-7.992801815271377563e-02,2.422636300325393677e-01,5.164512619376182556e-02,2.974632382392883301e-01,1.506252408027648926e+00,-1.891104131937026978e-01,-1.713002175092697144e-01,-9.414976090192794800e-02,1.128664851188659668e+00
-8.166293144226074219e+00,-1.700962781906127930e+00,6.581073999404907227e-01,1.127760484814643860e-02,3.492629388347268105e-03,-9.797646403312683105e-01,-1.998045891523361206e-01,-2.336624264717102051e-02,4.474792629480361938e-02,1.035031080245971680e+00,2.211620956659317017e-01,-1.716174930334091187e-01,-1.509527303278446198e-02,-8.992518484592437744e-02,-1.878535002470016479e-01,-4.344616234302520752e-01,3.831616044044494629e-01,-3.346258401870727539e-02,1.399667710065841675e-01,-8.984438329935073853e-02,1.935052275657653809e-01,5.824150890111923218e-02,2.544558644294738770e-01,1.455538034439086914e+00,-1.281232386827468872e-01,-1.625297665596008301e-01,-1.384377479553222656e-01,1.139526605606079102e+00
-8.167840003967285156e+00,-1.705202221870422363e+00,6.592962145805358887e-01,1.188382320106029510e-02,4.108847584575414658e-03,-9.845442771911621094e-01,-1.746837347745895386e-01,-2.929125353693962097e-02,2.726112678647041321e-02,9.874364137649536133e-01,1.899486035108566284e-01,-1.548279523849487305e-01,-2.570681506767868996e-03,-1.698683798313140869e-01,-2.258103787899017334e-01,-3.660195171833038330e-01,5.257501602172851562e-01,-3.515109419822692871e-02,1.312616318464279175e-01,-9.999220818281173706e-02,1.409862637519836426e-01,7.471571117639541626e-02,2.026021480560302734e-01,1.398686051368713379e+00,-6.623347103595733643e-02,-1.510245800018310547e-01,-1.762215793132781982e-01,1.159833908081054688e+00
-8.169537544250488281e+00,-1.708432555198669434e+00,6.602977514266967773e-01,1.274042483419179916e-02,5.477663129568099976e-03,-9.888365268707275391e-01,-1.483576595783233643e-01,-3.648338094353675842e-02,1.635892316699028015e-02,9.358937144279479980e-01,1.684819161891937256e-01,-1.417612433433532715e-01,8.788307197391986847e-03,-2.566712498664855957e-01,-2.465712577104568481e-01,-2.838249802589416504e-01,6.684331893920898438e-01,-5.794934555888175964e-02,1.247603148221969604e-01,-1.109756082296371460e-01,8.206746727228164673e-02,1.009278222918510437e-01,1.449711620807647705e-01,1.337523341178894043e+00,-2.622775267809629440e-03,-1.365784257650375366e-01,-2.087946385145187378e-01,1.189027667045593262e+00
-8.171358108520507812e+00,-1.710805058479309082e+00,6.611124277114868164e-01,1.341242995113134384e-02,7.312553003430366516e-03,-9.923993945121765137e-01,-1.221069172024726868e-01,-4.261886328458786011e-02,8.920295163989067078e-03,8.840230703353881836e-01,1.519033014774322510e-01,-1.298533231019973755e-01,1.854605972766876221e-02,-3.449124693870544434e-01,-2.493778318166732788e-01,-1.935839354991912842e-01,7.945933341979980469e-01,-8.188099414110183716e-02,1.268365383148193359e-01,-1.198608949780464172e-01,2.007457241415977478e-02,1.305946558713912964e-01,8.531492948532104492e-02,1.279812097549438477e+00,5.886219441890716553e-02,-1.199889779090881348e-01,-2.355104088783264160e-01,1.224642395973205566e+00
-8.173223495483398438e+00,-1.711749315261840820e+00,6.619004011154174805e-01,1.389204338192939758e-02,9.216528385877609253e-03,-9.952389597892761230e-01,-9.602862596511840820e-02,-4.822938889265060425e-02,5.545653868466615677e-03,8.324292302131652832e-01,1.395773440599441528e-01,-1.176102459430694580e-01,2.637092955410480499e-02,-4.233210086822509766e-01,-2.343106865882873535e-01,-1.013577505946159363e-01,8.897701501846313477e-01,-1.003551259636878967e-01,1.398600488901138306e-01,-1.262999176979064941e-01,-4.641759023070335388e-02,1.610630154609680176e-01,2.581638656556606293e-02,1.226697802543640137e+00,1.158074960112571716e-01,-1.033266261219978333e-01,-2.550720572471618652e-01,1.265624403953552246e+00
-8.175786972045898438e+00,-1.710880041122436523e+00,6.626514196395874023e-01,1.417172700166702271e-02,1.118345465511083603e-02,-9.973923563957214355e-01,-6.987526267766952515e-02,-5.195158347487449646e-02,5.195585079491138458e-03,7.806548476219177246e-01,1.266061961650848389e-01,-1.034074425697326660e-01,3.058314323425292969e-02,-4.876977503299713135e-01,-2.015036493539810181e-01,-1.088293641805648804e-02,9.511083364486694336e-01,-1.133587360382080078e-01,1.595840901136398315e-01,-1.329207867383956909e-01,-1.137752160429954529e-01,1.873356848955154419e-01,-2.958855777978897095e-02,1.183042407035827637e+00,1.657446920871734619e-01,-8.857236057519912720e-02,-2.657818198204040527e-01,1.306388616561889648e+00
-8.179162025451660156e+00,-1.709192156791687012e+00,6.633964180946350098e-01,1.419830974191427231e-02,1.300633046776056290e-02,-9.989135861396789551e-01,-4.243671521544456482e-02,-5.344719439744949341e-02,5.718444474041461945e-03,7.274954319000244141e-01,1.131905168294906616e-01,-8.939839154481887817e-02,3.262908011674880981e-02,-5.330377817153930664e-01,-1.605272889137268066e-01,6.705091893672943115e-02,9.780400991439819336e-01,-1.211055368185043335e-01,1.791215837001800537e-01,-1.411487758159637451e-01,-1.791082024574279785e-01,2.082863152027130127e-01,-7.831503450870513916e-02,1.148657441139221191e+00,2.098214924335479736e-01,-7.584748417139053345e-02,-2.712037563323974609e-01,1.344985723495483398e+00
-8.183884620666503906e+00,-1.707443833351135254e+00,6.640490889549255371e-01,1.415302790701389313e-02,1.455540210008621216e-02,-9.996426701545715332e-01,-1.738869026303291321e-02,-5.298487469553947449e-02,6.680994294583797455e-03,6.787588000297546387e-01,1.004945710301399231e-01,-7.729031890630722046e-02,3.301140293478965759e-02,-5.626484155654907227e-01,-1.180294156074523926e-01,1.343768090009689331e-01,9.768635630607604980e-01,-1.266936808824539185e-01,1.929170042276382446e-01,-1.485419869422912598e-01,-2.346635162830352783e-01,2.222024202346801758e-01,-1.165547445416450500e-01,1.123363256454467773e+00,2.464715540409088135e-01,-6.574404984712600708e-02,-2.753050327301025391e-01,1.376713275909423828e+00
-8.188383102416992188e+00,-1.705345153808593750e+00,6.644071340560913086e-01,1.364026684314012527e-02,1.567970775067806244e-02,-9.997336268424987793e-01,1.003552787005901337e-02,-5.169497430324554443e-02,8.109988644719123840e-03,6.252121925354003906e-01,9.055507928133010864e-02,-6.728015840053558350e-02,3.235280886292457581e-02,-5.745728611946105957e-01,-7.498455792665481567e-02,2.006143331527709961e-01,9.417574405670166016e-01,-1.330609023571014404e-01,2.011367231607437134e-01,-1.536659896373748779e-01,-2.866792380809783936e-01,2.308122664690017700e-01,-1.499121189117431641e-01,1.107549309730529785e+00,2.806670367717742920e-01,-5.773943662643432617e-02,-2.856114804744720459e-01,1.405955076217651367e+00
-8.194190025329589844e+00,-1.703646302223205566e+00,6.646418571472167969e-01,1.294418610632419586e-02,1.633497327566146851e-02,-9.991191625595092773e-01,3.642114624381065369e-02,-4.939068481326103210e-02,9.211090393364429474e-03,5.738012790679931641e-01,8.358003944158554077e-02,-6.087285652756690979e-02,3.055660054087638855e-02,-5.713086724281311035e-01,-3.373397886753082275e-02,2.715266644954681396e-01,8.785775899887084961e-01,-1.344581544399261475e-01,2.066640555858612061e-01,-1.575851589441299438e-01,-3.284412324428558350e-01,2.331740409135818481e-01,-1.768160164356231689e-01,1.099487304687500000e+00,3.066151440143585205e-01,-5.168341845273971558e-02,-2.954689860343933105e-01,1.431750059127807617e+00
-8.200325965881347656e+00,-1.701943635940551758e+00,6.644997000694274902e-01,1.202200632542371750e-02,1.619039475917816162e-02,-9.977560639381408691e-01,6.384530663490295410e-02,-4.717177525162696838e-02,1.013041287660598755e-02,5.210173726081848145e-01,7.994031906127929688e-02,-5.660376697778701782e-02,2.780206874012947083e-02,-5.530497431755065918e-01,1.194760901853442192e-03,3.464188277721405029e-01,7.905615568161010742e-01,-1.314938217401504517e-01,2.107507735490798950e-01,-1.602788418531417847e-01,-3.571120798587799072e-01,2.289802581071853638e-01,-1.948580890893936157e-01,1.096764683723449707e+00,3.225841224193572998e-01,-4.733792692422866821e-02,-3.005612790584564209e-01,1.456435441970825195e+00
-8.207764625549316406e+00,-1.700444221496582031e+00,6.641489863395690918e-01,1.104679610580205917e-02,1.499851793050765991e-02,-9.956789016723632812e-01,9.097564220428466797e-02,-4.443558305501937866e-02,1.063169166445732117e-02,4.689441919326782227e-01,7.902393490076065063e-02,-5.466036498546600342e-02,2.396722137928009033e-02,-5.211448669433593750e-01,3.097257018089294434e-02,4.305086135864257812e-01,6.841211318969726562e-01,-1.323116719722747803e-01,2.143669426441192627e-01,-1.593061536550521851e-01,-3.737165033817291260e-01,2.180596292018890381e-01,-2.055678069591522217e-01,1.099092841148376465e+00,3.286895751953125000e-01,-4.424601048231124878e-02,-2.993577420711517334e-01,1.480031371116638184e+00
-8.215551376342773438e+00,-1.699317097663879395e+00,6.634859442710876465e-01,1.024486031383275986e-02,1.294090040028095245e-02,-9.930366277694702148e-01,1.166437938809394836e-01,-4.267866536974906921e-02,9.883712045848369598e-03,4.196098446846008301e-01,8.183797448873519897e-02,-5.551113188266754150e-02,1.962220296263694763e-02,-4.848270416259765625e-01,5.062935873866081238e-02,5.105181336402893066e-01,5.817061066627502441e-01,-1.316803097724914551e-01,2.131963819265365601e-01,-1.544701009988784790e-01,-3.773444294929504395e-01,2.039635479450225830e-01,-2.077067196369171143e-01,1.105196714401245117e+00,3.267498612403869629e-01,-4.317041859030723572e-02,-2.918088436126708984e-01,1.501248478889465332e+00
-8.223523139953613281e+00,-1.698105454444885254e+00,6.622887253761291504e-01,9.531491436064243317e-03,9.757602587342262268e-03,-9.897502064704895020e-01,1.421566903591156006e-01,-4.524724557995796204e-02,9.626852348446846008e-03,3.699182569980621338e-01,9.523158520460128784e-02,-6.182738393545150757e-02,1.467339787632226944e-02,-4.425784349441528320e-01,5.955022200942039490e-02,5.822198987007141113e-01,4.745106101036071777e-01,-1.046058833599090576e-01,2.049352526664733887e-01,-1.494686007499694824e-01,-3.688178658485412598e-01,1.878816038370132446e-01,-2.005232870578765869e-01,1.114847064018249512e+00,3.175752460956573486e-01,-4.483844712376594543e-02,-2.755993306636810303e-01,1.518489122390747070e+00
-8.229640007019042969e+00,-1.695901632308959961e+00,6.600428223609924316e-01,9.292174130678176880e-03,5.151092074811458588e-03,-9.847536087036132812e-01,1.736303567886352539e-01,-6.283012032508850098e-02,1.066007651388645172e-02,3.074464797973632812e-01,1.335202455520629883e-01,-7.793377339839935303e-02,8.981560356914997101e-03,-3.970847427845001221e-01,4.562630876898765564e-02,5.994054675102233887e-01,3.840868175029754639e-01,-6.140169128775596619e-02,1.853792816400527954e-01,-1.414159089326858521e-01,-3.491303622722625732e-01,1.676911711692810059e-01,-1.949356496334075928e-01,1.127951979637145996e+00,2.982649505138397217e-01,-4.682121425867080688e-02,-2.474878877401351929e-01,1.530664443969726562e+00
-8.235846519470214844e+00,-1.694109439849853516e+00,6.576578617095947266e-01,9.542322717607021332e-03,1.343661453574895859e-03,-9.786387085914611816e-01,2.053615897893905640e-01,-9.430373460054397583e-02,1.291121821850538254e-02,2.437532246112823486e-01,1.929351091384887695e-01,-9.893810003995895386e-02,4.037374164909124374e-03,-3.565343916416168213e-01,2.728689275681972504e-02,5.803334712982177734e-01,3.241010904312133789e-01,-3.269906714558601379e-02,1.627982407808303833e-01,-1.304842978715896606e-01,-3.223340809345245361e-01,1.493040770292282104e-01,-1.847840845584869385e-01,1.150556445121765137e+00,2.696225047111511230e-01,-4.802100732922554016e-02,-2.060167044401168823e-01,1.539405107498168945e+00
-8.239073753356933594e+00,-1.691827178001403809e+00,6.556729078292846680e-01,1.067528128623962402e-02,-1.219987287186086178e-03,-9.722683429718017578e-01,2.336211353540420532e-01,-1.331925392150878906e-01,1.439954061061143875e-02,1.878053247928619385e-01,2.530803084373474121e-01,-1.100785359740257263e-01,-5.424204864539206028e-04,-3.293292224407196045e-01,1.272896584123373032e-02,5.456079840660095215e-01,2.899687290191650391e-01,-1.742367818951606750e-02,1.434667408466339111e-01,-1.055797487497329712e-01,-2.770850956439971924e-01,1.295004487037658691e-01,-1.504254937171936035e-01,1.181546330451965332e+00,2.307332754135131836e-01,-4.972474277019500732e-02,-1.493697315454483032e-01,1.539995908737182617e+00
-8.242488861083984375e+00,-1.688552618026733398e+00,6.547464132308959961e-01,1.231568865478038788e-02,-2.838368527591228485e-03,-9.653682112693786621e-01,2.605848312377929688e-01,-1.750611364841461182e-01,1.516989711672067642e-02,1.458213925361633301e-01,3.019845485687255859e-01,-9.289161115884780884e-02,-5.584653932601213455e-03,-3.123748004436492920e-01,1.863981597125530243e-03,5.040358304977416992e-01,2.710729539394378662e-01,-9.262955747544765472e-03,1.272913217544555664e-01,-8.015623688697814941e-02,-2.207047492265701294e-01,1.092728599905967712e-01,-9.615278989076614380e-02,1.215401172637939453e+00,1.839988827705383301e-01,-5.519863963127136230e-02,-8.624555915594100952e-02,1.531774401664733887e+00
-8.245876312255859375e+00,-1.684183835983276367e+00,6.548830866813659668e-01,1.378032658249139786e-02,-3.544114064425230026e-03,-9.573166966438293457e-01,2.886906564235687256e-01,-2.174566239118576050e-01,1.713277399539947510e-02,1.273034363985061646e-01,3.550676405429840088e-01,-7.769425213336944580e-02,-9.007538668811321259e-03,-2.957358062267303467e-01,-7.337487302720546722e-03,4.540985524654388428e-01,2.558872103691101074e-01,-5.811460316181182861e-03,1.112122982740402222e-01,-6.014082580804824829e-02,-1.580182313919067383e-01,9.191436320543289185e-02,-4.256956279277801514e-02,1.252628326416015625e+00,1.280033886432647705e-01,-6.599956750869750977e-02,-2.178272977471351624e-02,1.520099043846130371e+00
-8.250079154968261719e+00,-1.679675936698913574e+00,6.560568213462829590e-01,1.479602232575416565e-02,-4.111992195248603821e-03,-9.475541710853576660e-01,3.192260265350341797e-01,-2.578740417957305908e-01,2.400436066091060638e-02,1.524510234594345093e-01,4.305242002010345459e-01,-9.760884195566177368e-02,-7.874541915953159332e-03,-2.727670967578887939e-01,-1.840193942189216614e-02,3.949049413204193115e-01,2.347351014614105225e-01,-2.100442070513963699e-03,9.508665651082992554e-02,-5.045612156391143799e-02,-9.729210287332534790e-02,7.877237349748611450e-02,-9.688219055533409119e-03,1.287182211875915527e+00,6.834466010332107544e-02,-7.908605039119720459e-02,2.277165837585926056e-02,1.506610989570617676e+00
-8.254054069519042969e+00,-1.675935387611389160e+00,6.578026413917541504e-01,1.570141129195690155e-02,-4.847850184887647629e-03,-9.373827576637268066e-01,3.479130864143371582e-01,-2.932779788970947266e-01,4.258543252944946289e-02,2.203065454959869385e-01,5.195661783218383789e-01,-1.397993862628936768e-01,-5.368097219616174698e-03,-2.472250759601593018e-01,-3.009978681802749634e-02,3.368326127529144287e-01,2.075677961111068726e-01,2.836667234078049660e-03,8.138961344957351685e-02,-4.012162983417510986e-02,-3.319753333926200867e-02,6.953536719083786011e-02,8.870668709278106689e-03,1.319072008132934570e+00,9.311703965067863464e-03,-9.486119449138641357e-02,3.440639749169349670e-02,1.486614346504211426e+00
-8.257382392883300781e+00,-1.673025250434875488e+00,6.595019698143005371e-01,1.652439869940280914e-02,-5.436613224446773529e-03,-9.267999529838562012e-01,3.751523196697235107e-01,-3.163220286369323730e-01,7.255190610885620117e-02,3.208962082862854004e-01,6.079292893409729004e-01,-1.853712946176528931e-01,-1.744431094266474247e-03,-2.199078351259231567e-01,-4.123731702566146851e-02,2.794470489025115967e-01,1.787200272083282471e-01,7.930166088044643402e-03,7.036971300840377808e-02,-3.537892177700996399e-02,3.271321207284927368e-02,6.464061886072158813e-02,2.655699104070663452e-02,1.345547795295715332e+00,-4.732898995280265808e-02,-1.118671149015426636e-01,2.982802130281925201e-02,1.461243271827697754e+00
-8.260427474975585938e+00,-1.670956373214721680e+00,6.608936786651611328e-01,1.680686324834823608e-02,-5.249823909252882004e-03,-9.158596396446228027e-01,4.011123478412628174e-01,-3.286899924278259277e-01,1.058852076530456543e-01,4.208899140357971191e-01,6.881742477416992188e-01,-2.268256843090057373e-01,2.730682957917451859e-03,-1.923298835754394531e-01,-4.918647557497024536e-02,2.229233384132385254e-01,1.509265601634979248e-01,1.099237147718667984e-02,6.111990660429000854e-02,-3.358658775687217712e-02,1.038842201232910156e-01,6.487138569355010986e-02,4.997276142239570618e-02,1.365831375122070312e+00,-1.052143499255180359e-01,-1.288685947656631470e-01,2.936844713985919952e-02,1.424579858779907227e+00
-8.264180183410644531e+00,-1.669714927673339844e+00,6.620427370071411133e-01,1.679601892828941345e-02,-4.836418200284242630e-03,-9.049449563026428223e-01,4.251695275306701660e-01,-3.326434791088104248e-01,1.360479444265365601e-01,5.072985887527465820e-01,7.561257481575012207e-01,-2.615988552570343018e-01,6.925774738192558289e-03,-1.657957285642623901e-01,-5.446669831871986389e-02,1.697344630956649780e-01,1.254798322916030884e-01,1.284224353730678558e-02,5.377838015556335449e-02,-3.841389343142509460e-02,1.692469716072082520e-01,6.823495775461196899e-02,7.523500919342041016e-02,1.382991552352905273e+00,-1.574182212352752686e-01,-1.433034390211105347e-01,3.570779785513877869e-02,1.384893536567687988e+00
-8.266427993774414062e+00,-1.669071555137634277e+00,6.626808047294616699e-01,1.617326773703098297e-02,-3.532659029588103294e-03,-8.940749764442443848e-01,4.476113021373748779e-01,-3.306147456169128418e-01,1.642127782106399536e-01,5.791035890579223633e-01,8.114480972290039062e-01,-2.907755970954895020e-01,9.713843464851379395e-03,-1.388204544782638550e-01,-5.592683702707290649e-02,1.191476061940193176e-01,1.019282564520835876e-01,1.264033094048500061e-02,4.787315428256988525e-02,-4.340431839227676392e-02,2.296679168939590454e-01,7.288549840450286865e-02,1.024053171277046204e-01,1.398624897003173828e+00,-2.074790000915527344e-01,-1.545016616582870483e-01,4.643079638481140137e-02,1.334973931312561035e+00
-8.268860816955566406e+00,-1.669012546539306641e+00,6.630421876907348633e-01,1.505083404481410980e-02,-2.197989728301763535e-03,-8.832706809043884277e-01,4.686166346073150635e-01,-3.196192085742950439e-01,1.907831132411956787e-01,6.465490460395812988e-01,8.516616225242614746e-01,-3.137024343013763428e-01,9.520412422716617584e-03,-1.137958094477653503e-01,-5.518849939107894897e-02,7.169052213430404663e-02,8.282871544361114502e-02,1.017578132450580597e-02,4.308359697461128235e-02,-4.734893888235092163e-02,2.842586040496826172e-01,7.698585838079452515e-02,1.336342990398406982e-01,1.413141846656799316e+00,-2.502197921276092529e-01,-1.626144647598266602e-01,5.253395810723304749e-02,1.282965183258056641e+00
-8.269148826599121094e+00,-1.669170498847961426e+00,6.630279421806335449e-01,1.350657548755407333e-02,-7.094026659615337849e-04,-8.719362020492553711e-01,4.894326627254486084e-01,-2.955937385559082031e-01,2.161273807287216187e-01,7.215583324432373047e-01,8.711854219436645508e-01,-3.298215866088867188e-01,5.487226881086826324e-03,-9.080222994089126587e-02,-5.347903072834014893e-02,2.489738538861274719e-02,6.947623193264007568e-02,4.461694974452257156e-03,4.060073941946029663e-02,-4.936164617538452148e-02,3.356977701187133789e-01,8.083648234605789185e-02,1.725026816129684448e-01,1.425085067749023438e+00,-2.849411964416503906e-01,-1.661746501922607422e-01,5.100797489285469055e-02,1.227702260017395020e+00
-8.269400596618652344e+00,-1.670241951942443848e+00,6.628471612930297852e-01,1.170448120683431625e-02,8.474719943478703499e-04,-8.598418235778808594e-01,5.104256272315979004e-01,-2.591693997383117676e-01,2.360403835773468018e-01,8.027669191360473633e-01,8.640393614768981934e-01,-3.407119810581207275e-01,-5.868414882570505142e-04,-6.853832304477691650e-02,-5.199551582336425781e-02,-2.334605343639850616e-02,5.994187295436859131e-02,-4.166325554251670837e-03,4.049370810389518738e-02,-5.296007916331291199e-02,3.774998486042022705e-01,8.356326073408126831e-02,2.107550352811813354e-01,1.434312820434570312e+00,-3.114051818847656250e-01,-1.658223122358322144e-01,4.883429408073425293e-02,1.175747871398925781e+00
-8.268839836120605469e+00,-1.671959519386291504e+00,6.624960899353027344e-01,9.883490391075611115e-03,2.397060627117753029e-03,-8.477384448051452637e-01,5.303170084953308105e-01,-2.121099531650543213e-01,2.464879453182220459e-01,8.899942040443420410e-01,8.293260931968688965e-01,-3.495425581932067871e-01,-8.714609779417514801e-03,-4.966363683342933655e-02,-5.213930830359458923e-02,-6.956936419010162354e-02,5.562052503228187561e-02,-1.477963291108608246e-02,4.369508847594261169e-02,-5.328234285116195679e-02,4.072406888008117676e-01,8.402825891971588135e-02,2.458457052707672119e-01,1.441073179244995117e+00,-3.285248279571533203e-01,-1.623851805925369263e-01,4.777406528592109680e-02,1.130334377288818359e+00
-8.266604423522949219e+00,-1.673949241638183594e+00,6.620194911956787109e-01,8.193318732082843781e-03,3.370529040694236755e-03,-8.355969190597534180e-01,5.492716431617736816e-01,-1.572646349668502808e-01,2.437811940908432007e-01,9.878420829772949219e-01,7.661591172218322754e-01,-3.533325791358947754e-01,-1.640657149255275726e-02,-3.326788917183876038e-02,-5.508258193731307983e-02,-1.139250770211219788e-01,5.524235218763351440e-02,-2.623726055026054382e-02,4.955403506755828857e-02,-5.450678244233131409e-02,4.218569397926330566e-01,8.233067393302917480e-02,2.733670175075531006e-01,1.446919679641723633e+00,-3.355040550231933594e-01,-1.576853841543197632e-01,4.632708057761192322e-02,1.096448302268981934e+00
-8.263310432434082031e+00,-1.676364064216613770e+00,6.614104509353637695e-01,6.625086534768342972e-03,4.112207796424627304e-03,-8.238121271133422852e-01,5.668092966079711914e-01,-1.040621176362037659e-01,2.274321019649505615e-01,1.085685849189758301e+00,6.851267218589782715e-01,-3.515676558017730713e-01,-2.343167737126350403e-02,-1.870279572904109955e-02,-5.975073575973510742e-02,-1.555766761302947998e-01,5.754987522959709167e-02,-3.793042898178100586e-02,5.813060700893402100e-02,-5.384200066328048706e-02,4.213536381721496582e-01,7.817734777927398682e-02,2.922456264495849609e-01,1.451189160346984863e+00,-3.316459059715270996e-01,-1.524729281663894653e-01,4.173092916607856750e-02,1.074456334114074707e+00
-8.258111000061035156e+00,-1.679001450538635254e+00,6.605440974235534668e-01,5.187261849641799927e-03,4.804144613444805145e-03,-8.112378716468811035e-01,5.846735239028930664e-01,-5.918234959244728088e-02,1.952740550041198730e-01,1.169286489486694336e+00,5.807337164878845215e-01,-3.357633054256439209e-01,-2.801132760941982269e-02,-5.194397177547216415e-03,-6.752362102270126343e-02,-1.982131898403167725e-01,6.363996118307113647e-02,-5.082290992140769958e-02,6.953120231628417969e-02,-5.758088827133178711e-02,4.091246426105499268e-01,7.345227152109146118e-02,3.017518520355224609e-01,1.453237175941467285e+00,-3.188714981079101562e-01,-1.472185701131820679e-01,3.502906113862991333e-02,1.066338539123535156e+00
-8.251275062561035156e+00,-1.682239294052124023e+00,6.594878435134887695e-01,4.093458876013755798e-03,5.112505052238702774e-03,-7.984299063682556152e-01,6.020521521568298340e-01,-2.608472108840942383e-02,1.516523659229278564e-01,1.221212148666381836e+00,4.546761214733123779e-01,-2.778792083263397217e-01,-3.418303281068801880e-02,5.503837484866380692e-03,-7.963214069604873657e-02,-2.395602911710739136e-01,7.718984037637710571e-02,-6.627628207206726074e-02,8.478689193725585938e-02,-6.376740336418151855e-02,3.828718364238739014e-01,6.548810750246047974e-02,3.041377067565917969e-01,1.453198790550231934e+00,-2.980701029300689697e-01,-1.432733535766601562e-01,2.632577717304229736e-02,1.069235086441040039e+00
-8.241988182067871094e+00,-1.685155153274536133e+00,6.588001847267150879e-01,3.735834266990423203e-03,4.740890581160783768e-03,-7.848708629608154297e-01,6.196299791336059570e-01,-7.106716744601726532e-03,1.103699058294296265e-01,1.234086275100708008e+00,3.480201065540313721e-01,-2.210310995578765869e-01,-3.786467388272285461e-02,6.279883440583944321e-03,-1.002607569098472595e-01,-2.791079580783843994e-01,1.112640276551246643e-01,-8.801671862602233887e-02,1.041686609387397766e-01,-7.570033520460128784e-02,3.467915356159210205e-01,5.732029303908348083e-02,2.990815043449401855e-01,1.451102733612060547e+00,-2.707225978374481201e-01,-1.415956318378448486e-01,1.331365481019020081e-02,1.081290841102600098e+00
-8.232531547546386719e+00,-1.685739040374755859e+00,6.582133173942565918e-01,4.099958576261997223e-03,4.070777911692857742e-03,-7.710966467857360840e-01,6.366919279098510742e-01,2.779833266686182469e-05,7.876047492027282715e-02,1.221832990646362305e+00,2.809163033962249756e-01,-1.874982118606567383e-01,-3.656910732388496399e-02,-6.062667351216077805e-03,-1.274544000625610352e-01,-3.129696547985076904e-01,1.645114570856094360e-01,-1.103338599205017090e-01,1.241149529814720154e-01,-9.109608083963394165e-02,3.030645847320556641e-01,4.955589771270751953e-02,2.857345640659332275e-01,1.448468089103698730e+00,-2.377137541770935059e-01,-1.398106515407562256e-01,-7.483053021132946014e-03,1.100986957550048828e+00
-8.219639778137207031e+00,-1.684541463851928711e+00,6.571097373962402344e-01,4.647710360586643219e-03,4.130654036998748779e-03,-7.541998028755187988e-01,6.566155552864074707e-01,-5.892925895750522614e-03,5.451527982950210571e-02,1.187491059303283691e+00,2.544811964035034180e-01,-1.843357831239700317e-01,-2.605096437036991119e-02,-3.949718549847602844e-02,-1.666723191738128662e-01,-3.364751338958740234e-01,2.431757748126983643e-01,-9.246654808521270752e-02,1.488323509693145752e-01,-1.096777915954589844e-01,2.465042620897293091e-01,4.804326593875885010e-02,2.505267560482025146e-01,1.438040256500244141e+00,-1.863643974065780640e-01,-1.365193724632263184e-01,-4.715088382363319397e-02,1.127894043922424316e+00
-8.209253311157226562e+00,-1.683306336402893066e+00,6.567841768264770508e-01,5.084767006337642670e-03,4.550428595393896103e-03,-7.370111942291259766e-01,6.758460998535156250e-01,-1.417995523661375046e-02,3.152083605527877808e-02,1.147573232650756836e+00,2.295188605785369873e-01,-1.806058883666992188e-01,-1.280091144144535065e-02,-8.526882529258728027e-02,-2.079882919788360596e-01,-3.429280817508697510e-01,3.315472900867462158e-01,-4.591641575098037720e-02,1.672257930040359497e-01,-1.253520399332046509e-01,1.792399287223815918e-01,5.507738888263702393e-02,1.944579780101776123e-01,1.422234058380126953e+00,-1.274873763322830200e-01,-1.320510804653167725e-01,-8.931429684162139893e-02,1.156886339187622070e+00
-8.201504707336425781e+00,-1.681949377059936523e+00,6.571919918060302734e-01,5.306796170771121979e-03,5.236538127064704895e-03,-7.197626829147338867e-01,6.941801905632019043e-01,-2.108883485198020935e-02,8.503844030201435089e-03,1.105417370796203613e+00,1.989576816558837891e-01,-1.703513413667678833e-01,1.440993160940706730e-03,-1.347337812185287476e-01,-2.468271255493164062e-01,-3.307478129863739014e-01,4.241377711296081543e-01,4.938085563480854034e-03,1.676440089941024780e-01,-1.427509635686874390e-01,1.118848100304603577e-01,6.617243587970733643e-02,1.323885917663574219e-01,1.403868198394775391e+00,-7.372772693634033203e-02,-1.268090754747390747e-01,-1.225198954343795776e-01,1.186539530754089355e+00
-8.195621490478515625e+00,-1.680746436119079590e+00,6.580393314361572266e-01,5.331089720129966736e-03,6.320884916931390762e-03,-6.979578137397766113e-01,7.160910964012145996e-01,-2.855217084288597107e-02,-1.709854602813720703e-02,1.051725745201110840e+00,1.630100458860397339e-01,-1.563241928815841675e-01,1.931936293840408325e-02,-1.997254788875579834e-01,-2.904714047908782959e-01,-2.988892495632171631e-01,5.447750091552734375e-01,5.887603387236595154e-02,1.651310771703720093e-01,-1.622098982334136963e-01,2.637049742043018341e-02,7.738914340734481812e-02,5.040382966399192810e-02,1.378670811653137207e+00,-7.099793292582035065e-03,-1.173733621835708618e-01,-1.606574505567550659e-01,1.226399779319763184e+00
-8.190859794616699219e+00,-1.680125355720520020e+00,6.588807106018066406e-01,3.574588568881154060e-03,8.148237131536006927e-03,-6.804002523422241211e-01,7.327867150306701660e-01,-3.375025466084480286e-02,-2.622106485068798065e-02,1.005133271217346191e+00,1.433309167623519897e-01,-1.455033123493194580e-01,3.085263818502426147e-02,-2.500258088111877441e-01,-3.019010424613952637e-01,-2.580711841583251953e-01,6.407801508903503418e-01,2.956042066216468811e-02,1.574623137712478638e-01,-1.772032678127288818e-01,-3.509805724024772644e-02,9.960268437862396240e-02,-1.160077191889286041e-02,1.352661252021789551e+00,4.370626062154769897e-02,-1.092584878206253052e-01,-1.854631602764129639e-01,1.260232210159301758e+00
-8.186185836791992188e+00,-1.680228114128112793e+00,6.598936915397644043e-01,8.573278319090604782e-04,1.064759492874145508e-02,-6.594923734664916992e-01,7.516353130340576172e-01,-3.726428374648094177e-02,-3.400735929608345032e-02,9.506405591964721680e-01,1.215967535972595215e-01,-1.328506320714950562e-01,4.302214458584785461e-02,-3.105114698410034180e-01,-3.072119951248168945e-01,-2.188577950000762939e-01,7.497598528861999512e-01,-1.753159984946250916e-02,1.524895131587982178e-01,-1.916876584291458130e-01,-1.077676415443420410e-01,1.282730996608734131e-01,-8.063156902790069580e-02,1.317091345787048340e+00,1.050920039415359497e-01,-9.674115478992462158e-02,-2.153383642435073853e-01,1.303258061408996582e+00
-8.182396888732910156e+00,-1.680938601493835449e+00,6.609713435173034668e-01,-2.368346787989139557e-03,1.291561499238014221e-02,-6.392590999603271484e-01,7.688792943954467773e-01,-3.787043318152427673e-02,-3.866899386048316956e-02,8.983309864997863770e-01,1.006860658526420593e-01,-1.196768209338188171e-01,5.254153162240982056e-02,-3.669092655181884766e-01,-3.052741289138793945e-01,-1.826025098562240601e-01,8.445549607276916504e-01,-6.324969232082366943e-02,1.532154381275177002e-01,-2.002357542514801025e-01,-1.811377704143524170e-01,1.548540741205215454e-01,-1.463147103786468506e-01,1.278566837310791016e+00,1.641944199800491333e-01,-8.225905895233154297e-02,-2.425587028264999390e-01,1.351497292518615723e+00
-8.180295944213867188e+00,-1.682266354560852051e+00,6.619967222213745117e-01,-5.621391814202070236e-03,1.478481478989124298e-02,-6.208915114402770996e-01,7.837369441986083984e-01,-3.652844950556755066e-02,-4.154190421104431152e-02,8.520150184631347656e-01,8.272547274827957153e-02,-1.074596419930458069e-01,6.003194674849510193e-02,-4.142494499683380127e-01,-2.933357656002044678e-01,-1.491200178861618042e-01,9.142671823501586914e-01,-9.895776957273483276e-02,1.568683236837387085e-01,-2.054516077041625977e-01,-2.515835165977478027e-01,1.798962801694869995e-01,-2.037652879953384399e-01,1.241279006004333496e+00,2.158360779285430908e-01,-6.766361743211746216e-02,-2.627829611301422119e-01,1.402400374412536621e+00
-8.178531646728515625e+00,-1.684240221977233887e+00,6.627911925315856934e-01,-8.604981936514377594e-03,1.637644879519939423e-02,-6.032102704048156738e-01,7.973676323890686035e-01,-3.472814336419105530e-02,-4.232161864638328552e-02,8.087081313133239746e-01,6.949213892221450806e-02,-9.776511788368225098e-02,6.556799262762069702e-02,-4.487077295780181885e-01,-2.717808187007904053e-01,-1.193009689450263977e-01,9.540140628814697266e-01,-1.249542608857154846e-01,1.635653227567672729e-01,-2.078596055507659912e-01,-3.143564164638519287e-01,1.999417096376419067e-01,-2.552622556686401367e-01,1.207911729812622070e+00,2.601529359817504883e-01,-5.363121628761291504e-02,-2.839565873146057129e-01,1.449849843978881836e+00
-8.176755905151367188e+00,-1.686623454093933105e+00,6.634928584098815918e-01,-1.135482825338840485e-02,1.763087697327136993e-02,-5.867745876312255859e-01,8.094787597656250000e-01,-3.235273808240890503e-02,-4.191432520747184753e-02,7.687457203865051270e-01,6.032340601086616516e-02,-9.101863205432891846e-02,6.992702186107635498e-02,-4.710818231105804443e-01,-2.416260540485382080e-01,-9.408722817897796631e-02,9.670318961143493652e-01,-1.431231945753097534e-01,1.711730062961578369e-01,-2.083689719438552856e-01,-3.665602803230285645e-01,2.169349491596221924e-01,-2.932935953140258789e-01,1.177252292633056641e+00,2.970560491085052490e-01,-4.185930639505386353e-02,-3.033427000045776367e-01,1.493429183959960938e+00
-8.174859046936035156e+00,-1.689488410949707031e+00,6.638971567153930664e-01,-1.386520825326442719e-02,1.844722777605056763e-02,-5.694461464881896973e-01,8.217046856880187988e-01,-3.039267845451831818e-02,-4.091129824519157410e-02,7.266316413879394531e-01,5.549404025077819824e-02,-8.665843307971954346e-02,7.355063408613204956e-02,-4.832275211811065674e-01,-2.072719633579254150e-01,-6.936655938625335693e-02,9.575526714324951172e-01,-1.553144901990890503e-01,1.759539544582366943e-01,-2.097411900758743286e-01,-4.083421826362609863e-01,2.284388691186904907e-01,-3.197637498378753662e-01,1.153750538825988770e+00,3.277194499969482422e-01,-3.058701381087303162e-02,-3.206869065761566162e-01,1.529105663299560547e+00
-8.174325942993164062e+00,-1.692563891410827637e+00,6.642007827758789062e-01,-1.580419391393661499e-02,1.880208775401115417e-02,-5.531727671623229980e-01,8.327043652534484863e-01,-2.856496162712574005e-02,-3.968293219804763794e-02,6.876638531684875488e-01,5.280596762895584106e-02,-8.367624133825302124e-02,7.619775086641311646e-02,-4.875502586364746094e-01,-1.705920398235321045e-01,-4.334146529436111450e-02,9.337461590766906738e-01,-1.624976247549057007e-01,1.722525805234909058e-01,-2.104219645261764526e-01,-4.399905800819396973e-01,2.356905639171600342e-01,-3.345650136470794678e-01,1.138699412345886230e+00,3.497897386550903320e-01,-2.178925834596157074e-02,-3.316211402416229248e-01,1.554038286209106445e+00
-8.174554824829101562e+00,-1.697383403778076172e+00,6.646661162376403809e-01,-1.817355491220951080e-02,1.908839866518974304e-02,-5.306138992309570312e-01,8.472037911415100098e-01,-2.617415599524974823e-02,-3.778464719653129578e-02,6.350231170654296875e-01,5.124446377158164978e-02,-8.098123967647552490e-02,7.888177782297134399e-02,-4.863367080688476562e-01,-1.144981980323791504e-01,3.014791989699006081e-03,8.814499974250793457e-01,-1.684847921133041382e-01,1.600132733583450317e-01,-2.091866582632064819e-01,-4.732192754745483398e-01,2.405492365360260010e-01,-3.449510037899017334e-01,1.123691201210021973e+00,3.725488185882568359e-01,-1.017120294272899628e-02,-3.421172201633453369e-01,1.570799946784973145e+00
-8.171295166015625000e+00,-1.700763225555419922e+00,6.644627451896667480e-01,-1.883804611861705780e-02,1.864141970872879028e-02,-5.151898264884948730e-01,8.566662669181823730e-01,-2.372693084180355072e-02,-3.744625672698020935e-02,5.998318791389465332e-01,5.179112404584884644e-02,-8.017419278621673584e-02,7.955840229988098145e-02,-4.701289832592010498e-01,-6.485822796821594238e-02,5.800203979015350342e-02,8.107852339744567871e-01,-1.737419217824935913e-01,1.435054093599319458e-01,-2.053735703229904175e-01,-4.748539030551910400e-01,2.368853539228439331e-01,-3.323576748371124268e-01,1.126211524009704590e+00,3.741586506366729736e-01,-6.206426769495010376e-03,-3.402028977870941162e-01,1.570799946784973145e+00
-8.167543411254882812e+00,-1.705090165138244629e+00,6.640482544898986816e-01,-1.899995096027851105e-02,1.783750578761100769e-02,-4.956531226634979248e-01,8.681294918060302734e-01,-2.115156687796115875e-02,-3.795360773801803589e-02,5.564638376235961914e-01,5.418145284056663513e-02,-8.059650659561157227e-02,7.993353158235549927e-02,-4.470830261707305908e-01,-1.217664778232574463e-02,1.323950439691543579e-01,7.211444973945617676e-01,-1.804372370243072510e-01,1.288846731185913086e-01,-2.020932137966156006e-01,-4.681892991065979004e-01,2.278352826833724976e-01,-3.122627437114715576e-01,1.134718179702758789e+00,3.697267472743988037e-01,-3.175263293087482452e-03,-3.341882526874542236e-01,1.570799946784973145e+00
-8.164140701293945312e+00,-1.709853410720825195e+00,6.633591651916503906e-01,-1.860621944069862366e-02,1.655734516680240631e-02,-4.740193188190460205e-01,8.801621198654174805e-01,-2.029035426676273346e-02,-3.873506933450698853e-02,5.089918971061706543e-01,6.180546060204505920e-02,-8.354217559099197388e-02,8.039851486682891846e-02,-4.154171943664550781e-01,3.847895190119743347e-02,2.208283990621566772e-01,6.153413057327270508e-01,-1.766132563352584839e-01,1.125959083437919617e-01,-1.997183412313461304e-01,-4.502533674240112305e-01,2.161934077739715576e-01,-2.831954061985015869e-01,1.150675415992736816e+00,3.560471832752227783e-01,-3.744933754205703735e-03,-3.146934211254119873e-01,1.570799946784973145e+00
-8.160265922546386719e+00,-1.714508891105651855e+00,6.621803641319274902e-01,-1.702124997973442078e-02,1.466786488890647888e-02,-4.493756294250488281e-01,8.930602669715881348e-01,-2.259424701333045959e-02,-4.178990796208381653e-02,4.547855556011199951e-01,7.542864233255386353e-02,-8.907675743103027344e-02,8.154013752937316895e-02,-3.777030706405639648e-01,7.120354473590850830e-02,2.937179207801818848e-01,4.981623589992523193e-01,-1.274789422750473022e-01,9.220834076404571533e-02,-1.963137984275817871e-01,-4.253710210323333740e-01,1.991228908300399780e-01,-2.616544067859649658e-01,1.169843673706054688e+00,3.363925218582153320e-01,-6.644247565418481827e-03,-2.894244492053985596e-01,1.570799946784973145e+00
-8.157364845275878906e+00,-1.718924880027770996e+00,6.608231663703918457e-01,-1.456027664244174957e-02,1.254687272012233734e-02,-4.251886904239654541e-01,9.049006104469299316e-01,-2.651787362992763519e-02,-4.685128107666969299e-02,4.021922349929809570e-01,9.213607758283615112e-02,-9.646774828433990479e-02,8.327956497669219971e-02,-3.442899882793426514e-01,8.208096772432327271e-02,3.292280733585357666e-01,4.024874866008758545e-01,-6.987161189317703247e-02,7.391086965799331665e-02,-1.874812394380569458e-01,-3.974648416042327881e-01,1.801121532917022705e-01,-2.511563003063201904e-01,1.190561771392822266e+00,3.134069144725799561e-01,-1.139170769602060318e-02,-2.611552476882934570e-01,1.570799946784973145e+00
-8.154580116271972656e+00,-1.722455263137817383e+00,6.594058275222778320e-01,-1.203862857073545456e-02,1.048727519810199738e-02,-4.043920636177062988e-01,9.144463539123535156e-01,-3.303416818380355835e-02,-5.180419608950614929e-02,3.574014604091644287e-01,1.149341836571693420e-01,-1.078676953911781311e-01,8.503730595111846924e-02,-3.170885145664215088e-01,8.093091845512390137e-02,3.342402577400207520e-01,3.414557874202728271e-01,-3.196235746145248413e-02,5.883270502090454102e-02,-1.747577339410781860e-01,-3.719787895679473877e-01,1.626080721616744995e-01,-2.476968318223953247e-01,1.212062716484069824e+00,2.900827527046203613e-01,-1.690508052706718445e-02,-2.323957830667495728e-01,1.570799946784973145e+00
-8.155184745788574219e+00,-1.728951573371887207e+00,6.572709679603576660e-01,-7.306334096938371658e-03,7.120940368622541428e-03,-3.707147240638732910e-01,9.286907315254211426e-01,-4.459107667207717896e-02,-6.227809563279151917e-02,2.860350608825683594e-01,1.545104533433914185e-01,-1.278169304132461548e-01,8.804897964000701904e-02,-2.775090038776397705e-01,7.435622066259384155e-02,3.265068829059600830e-01,2.557888031005859375e-01,3.035533800721168518e-02,3.668240457773208618e-02,-1.520978212356567383e-01,-3.295333981513977051e-01,1.362596005201339722e-01,-2.487085461616516113e-01,1.246622562408447266e+00,2.516334056854248047e-01,-2.662347443401813507e-02,-1.857404857873916626e-01,1.570799946784973145e+00
-8.154287338256835938e+00,-1.730399131774902344e+00,6.565055847167968750e-01,-5.493904463946819305e-03,5.964132957160472870e-03,-3.610013425350189209e-01,9.325300455093383789e-01,-5.014709010720252991e-02,-6.645753979682922363e-02,2.656961381435394287e-01,1.710656732320785522e-01,-1.366584599018096924e-01,8.913120627403259277e-02,-2.659994363784790039e-01,6.793890893459320068e-02,3.128835260868072510e-01,2.413255870342254639e-01,3.802692145109176636e-02,3.090080991387367249e-02,-1.386162042617797852e-01,-3.199578523635864258e-01,1.264737397432327271e-01,-2.560584843158721924e-01,1.259057283401489258e+00,2.421067059040069580e-01,-2.884563617408275604e-02,-1.776785254478454590e-01,1.570799946784973145e+00
-8.149235725402832031e+00,-1.729047417640686035e+00,6.554536223411560059e-01,-2.965801395475864410e-03,5.372135899960994720e-03,-3.488467931747436523e-01,9.371596574783325195e-01,-8.301565796136856079e-02,-6.422833353281021118e-02,2.624044120311737061e-01,2.227609008550643921e-01,-1.292803138494491577e-01,8.932508528232574463e-02,-2.585889101028442383e-01,5.600761249661445618e-02,2.824056148529052734e-01,2.489900887012481689e-01,1.891034096479415894e-02,2.623686380684375763e-02,-7.806868851184844971e-02,-2.512976825237274170e-01,1.136516258120536804e-01,-1.950851678848266602e-01,1.280077695846557617e+00,1.909700036048889160e-01,-4.458937421441078186e-02,-1.027565747499465942e-01,1.568703174591064453e+00
-8.148671150207519531e+00,-1.729598999023437500e+00,6.547762751579284668e-01,-5.315058515407145023e-04,5.673112347722053528e-03,-3.304437398910522461e-01,9.438084959983825684e-01,-1.199637129902839661e-01,-5.434252694249153137e-02,2.982801496982574463e-01,2.934837341308593750e-01,-1.393428891897201538e-01,8.599099516868591309e-02,-2.544203698635101318e-01,4.702412709593772888e-02,2.420405894517898560e-01,2.574951946735382080e-01,1.638643443584442139e-03,1.841077022254467010e-02,-1.092828437685966492e-02,-1.680395305156707764e-01,1.013593226671218872e-01,-1.392187029123306274e-01,1.306914806365966797e+00,1.236973702907562256e-01,-6.776915490627288818e-02,-2.187019772827625275e-02,1.542576909065246582e+00
-8.151009559631347656e+00,-1.731048941612243652e+00,6.552008986473083496e-01,1.595529844053089619e-03,6.323143839836120605e-03,-3.044284880161285400e-01,9.525128602981567383e-01,-1.633792817592620850e-01,-3.351650759577751160e-02,3.651818633079528809e-01,3.923936784267425537e-01,-1.667638570070266724e-01,8.031626790761947632e-02,-2.437286972999572754e-01,3.454557806253433228e-02,1.891739219427108765e-01,2.543320655822753906e-01,-1.182855572551488876e-02,1.116309501230716705e-02,3.524307161569595337e-02,-7.958497852087020874e-02,9.399144351482391357e-02,-8.306611329317092896e-02,1.332233190536499023e+00,4.650209099054336548e-02,-9.488835930824279785e-02,4.535096138715744019e-02,1.514719486236572266e+00
-8.153304100036621094e+00,-1.732049226760864258e+00,6.564601659774780273e-01,3.313572844490408897e-03,7.038349285721778870e-03,-2.727253735065460205e-01,9.620604515075683594e-01,-2.064491808414459229e-01,-3.305532038211822510e-03,4.440076053142547607e-01,5.089787244796752930e-01,-1.997805088758468628e-01,7.407065480947494507e-02,-2.256077527999877930e-01,1.818092167377471924e-02,1.258973330259323120e-01,2.394968569278717041e-01,-2.026554942131042480e-02,6.317444145679473877e-03,5.626027286052703857e-02,5.346113815903663635e-03,9.022071957588195801e-02,-2.457497827708721161e-02,1.352293133735656738e+00,-3.115359507501125336e-02,-1.215113252401351929e-01,8.332990109920501709e-02,1.491715908050537109e+00
-8.154813766479492188e+00,-1.732717514038085938e+00,6.578339338302612305e-01,4.780939314514398575e-03,7.966430857777595520e-03,-2.403042316436767578e-01,9.706531763076782227e-01,-2.414803355932235718e-01,3.343760594725608826e-02,5.195347666740417480e-01,6.248036026954650879e-01,-2.329686582088470459e-01,6.729737669229507446e-02,-2.038577049970626831e-01,2.662458457052707672e-03,6.124079972505569458e-02,2.194440364837646484e-01,-2.614037878811359406e-02,3.543192986398935318e-03,6.226861849427223206e-02,9.122942388057708740e-02,8.969081938266754150e-02,3.943740203976631165e-02,1.364175081253051758e+00,-1.037094518542289734e-01,-1.453084051609039307e-01,9.782098978757858276e-02,1.466057062149047852e+00
-8.155743598937988281e+00,-1.732901215553283691e+00,6.593108773231506348e-01,5.753505043685436249e-03,8.550619706511497498e-03,-2.059995383024215698e-01,9.784978032112121582e-01,-2.684541940689086914e-01,7.174821943044662476e-02,5.798746943473815918e-01,7.330495119094848633e-01,-2.627952694892883301e-01,5.996590107679367065e-02,-1.777125149965286255e-01,-1.179426908493041992e-02,-7.526102941483259201e-03,1.944382190704345703e-01,-2.926112711429595947e-02,2.646996174007654190e-03,5.799733474850654602e-02,1.700087487697601318e-01,9.097878634929656982e-02,9.355166554450988770e-02,1.371612191200256348e+00,-1.729345619678497314e-01,-1.668558716773986816e-01,9.769184887409210205e-02,1.437676548957824707e+00
-8.155599594116210938e+00,-1.733035802841186523e+00,6.606280207633972168e-01,6.159314885735511780e-03,8.940383791923522949e-03,-1.718675792217254639e-01,9.850602149963378906e-01,-2.876248061656951904e-01,1.089530736207962036e-01,6.250555515289306641e-01,8.259947896003723145e-01,-2.873955667018890381e-01,5.196262151002883911e-02,-1.466689705848693848e-01,-2.242053486406803131e-02,-7.574875652790069580e-02,1.637587100267410278e-01,-2.958107367157936096e-02,3.556767012923955917e-03,4.692295566201210022e-02,2.420224100351333618e-01,9.175007790327072144e-02,1.422998756170272827e-01,1.380447626113891602e+00,-2.346570938825607300e-01,-1.849817186594009399e-01,9.555897116661071777e-02,1.397980809211730957e+00
-8.155117034912109375e+00,-1.732979774475097656e+00,6.617267727851867676e-01,6.296929903328418732e-03,8.921394124627113342e-03,-1.372654139995574951e-01,9.904741048812866211e-01,-2.978334128856658936e-01,1.424711495637893677e-01,6.579000949859619141e-01,8.968327045440673828e-01,-3.053568899631500244e-01,4.256197810173034668e-02,-1.139014512300491333e-01,-2.947634086012840271e-02,-1.455941200256347656e-01,1.336375027894973755e-01,-3.001591563224792480e-02,5.565287545323371887e-03,3.427781164646148682e-02,3.014709651470184326e-01,9.321185201406478882e-02,1.831188052892684937e-01,1.390915036201477051e+00,-2.860158383846282959e-01,-2.009506672620773315e-01,9.178805351257324219e-02,1.352482199668884277e+00
-8.154303550720214844e+00,-1.732798218727111816e+00,6.625141501426696777e-01,6.373936310410499573e-03,8.852766826748847961e-03,-1.059601083397865295e-01,9.943105578422546387e-01,-2.971068620681762695e-01,1.717539727687835693e-01,6.900353431701660156e-01,9.403371810913085938e-01,-3.162184357643127441e-01,3.100291453301906586e-02,-8.439192920923233032e-02,-3.341263160109519958e-02,-2.089713960886001587e-01,1.079178526997566223e-01,-3.180610388517379761e-02,8.543418720364570618e-03,2.581561543047428131e-02,3.502647578716278076e-01,9.323816001415252686e-02,2.233137935400009155e-01,1.402435421943664551e+00,-3.263311982154846191e-01,-2.142147719860076904e-01,8.768570423126220703e-02,1.300910949707031250e+00
-8.153245925903320312e+00,-1.731815338134765625e+00,6.629281044006347656e-01,6.044059060513973236e-03,8.703064173460006714e-03,-7.697242498397827148e-02,9.969769120216369629e-01,-2.840057313442230225e-01,1.954323351383209229e-01,7.264568209648132324e-01,9.532942175865173340e-01,-3.255879580974578857e-01,1.914828456938266754e-02,-5.767891928553581238e-02,-3.526594862341880798e-02,-2.674510180950164795e-01,8.705361932516098022e-02,-3.431268408894538879e-02,1.345962099730968475e-02,2.047976292669773102e-02,3.881363272666931152e-01,9.234584122896194458e-02,2.584131956100463867e-01,1.412202954292297363e+00,-3.595801591873168945e-01,-2.226729691028594971e-01,8.639692515134811401e-02,1.252468585968017578e+00
-8.151807785034179688e+00,-1.729622602462768555e+00,6.630552411079406738e-01,5.458638537675142288e-03,8.580224588513374329e-03,-5.173386633396148682e-02,9.986091256141662598e-01,-2.601092755794525146e-01,2.113731354475021362e-01,7.675980329513549805e-01,9.354578256607055664e-01,-3.345390856266021729e-01,7.669173181056976318e-03,-3.432780131697654724e-02,-3.704073652625083923e-02,-3.189167380332946777e-01,6.984220445156097412e-02,-3.738544881343841553e-02,2.042697183787822723e-02,1.598329842090606689e-02,4.156858026981353760e-01,8.740111440420150757e-02,2.914979457855224609e-01,1.420229434967041016e+00,-3.856086432933807373e-01,-2.261792719364166260e-01,8.823888748884201050e-02,1.208228111267089844e+00
-8.150485038757324219e+00,-1.726577281951904297e+00,6.630008220672607422e-01,4.857449326664209366e-03,8.245773613452911377e-03,-2.853604406118392944e-02,9.995469450950622559e-01,-2.244164347648620605e-01,2.180777788162231445e-01,8.161516785621643066e-01,8.844779729843139648e-01,-3.428483903408050537e-01,-3.347061108797788620e-03,-1.349258888512849808e-02,-3.884423896670341492e-02,-3.656759560108184814e-01,5.521545931696891785e-02,-3.973659500479698181e-02,2.911166101694107056e-02,1.162445731461048126e-02,4.304927885532379150e-01,7.993567734956741333e-02,3.151553273200988770e-01,1.428141355514526367e+00,-4.016332328319549561e-01,-2.239893376827239990e-01,8.712007105350494385e-02,1.172558784484863281e+00
-8.149453163146972656e+00,-1.722535133361816406e+00,6.628246903419494629e-01,4.086118191480636597e-03,7.958272472023963928e-03,-8.098036050796508789e-03,9.999272227287292480e-01,-1.818596720695495605e-01,2.137663513422012329e-01,8.708649277687072754e-01,8.050956130027770996e-01,-3.468597829341888428e-01,-1.252182852476835251e-02,4.486327990889549255e-03,-4.149109125137329102e-02,-4.066708683967590332e-01,4.378227517008781433e-02,-4.134180769324302673e-02,3.913343697786331177e-02,7.757976651191711426e-03,4.327751398086547852e-01,6.908404827117919922e-02,3.315615355968475342e-01,1.435539722442626953e+00,-4.077772796154022217e-01,-2.166917324066162109e-01,8.077522367238998413e-02,1.147007822990417480e+00
-8.148836135864257812e+00,-1.717680096626281738e+00,6.624457836151123047e-01,3.424413269385695457e-03,7.676703855395317078e-03,1.052694767713546753e-02,9.999092817306518555e-01,-1.385723054409027100e-01,1.947057396173477173e-01,9.216412901878356934e-01,6.976469159126281738e-01,-3.401771485805511475e-01,-1.881300844252109528e-02,1.870880648493766785e-02,-4.612790420651435852e-02,-4.432899355888366699e-01,3.714042156934738159e-02,-4.296429827809333801e-02,5.020355805754661560e-02,3.691081190481781960e-03,4.230257868766784668e-01,5.838135629892349243e-02,3.372906744480133057e-01,1.441087484359741211e+00,-4.016917049884796143e-01,-2.044409513473510742e-01,6.633533537387847900e-02,1.132846593856811523e+00
-8.148594856262207031e+00,-1.711295843124389648e+00,6.618592143058776855e-01,3.015657188370823860e-03,7.401550654321908951e-03,2.758283354341983795e-02,9.995875954627990723e-01,-9.861769527196884155e-02,1.621135771274566650e-01,9.573469758033752441e-01,5.691059827804565430e-01,-3.083364367485046387e-01,-2.370275370776653290e-02,2.915507555007934570e-02,-5.480131879448890686e-02,-4.759986400604248047e-01,3.726701810956001282e-02,-4.617683216929435730e-02,6.341146677732467651e-02,-1.437227707356214523e-03,4.008340239524841309e-01,4.731637611985206604e-02,3.315512835979461670e-01,1.442525863647460938e+00,-3.854642510414123535e-01,-1.904161274433135986e-01,4.688668623566627502e-02,1.129415035247802734e+00
-8.149142265319824219e+00,-1.704025030136108398e+00,6.608994007110595703e-01,2.471720799803733826e-03,6.937688682228326797e-03,4.540373384952545166e-02,9.989415407180786133e-01,-6.277818232774734497e-02,1.187223419547080994e-01,9.694448113441467285e-01,4.287894368171691895e-01,-2.493312954902648926e-01,-2.699827775359153748e-02,3.787930309772491455e-02,-6.616181135177612305e-02,-5.100682377815246582e-01,4.315864667296409607e-02,-5.056162178516387939e-02,7.819929718971252441e-02,-1.090097520500421524e-02,3.679012954235076904e-01,3.724919632077217102e-02,3.149978220462799072e-01,1.440039992332458496e+00,-3.581592142581939697e-01,-1.766680479049682617e-01,2.180100604891777039e-02,1.137239336967468262e+00
-8.149138450622558594e+00,-1.694558978080749512e+00,6.600095033645629883e-01,2.742544980719685555e-03,6.745768245309591293e-03,6.310155987739562988e-02,9.979805350303649902e-01,-3.589387610554695129e-02,7.543295621871948242e-02,9.631032347679138184e-01,3.143375813961029053e-01,-1.985412091016769409e-01,-2.661856077611446381e-02,4.129800572991371155e-02,-8.683364838361740112e-02,-5.432592630386352539e-01,6.517054140567779541e-02,-6.044568493962287903e-02,9.706786274909973145e-02,-2.399543300271034241e-02,3.213267922401428223e-01,2.922435849905014038e-02,2.864751219749450684e-01,1.434709429740905762e+00,-3.233229517936706543e-01,-1.658803820610046387e-01,-8.093562908470630646e-03,1.153755307197570801e+00
-8.150805473327636719e+00,-1.684565901756286621e+00,6.588857769966125488e-01,3.502609906718134880e-03,6.655933335423469543e-03,8.406508713960647583e-02,9.964318871498107910e-01,-2.631535567343235016e-02,4.442242532968521118e-02,9.351562857627868652e-01,2.548239827156066895e-01,-1.755320578813552856e-01,-1.969967223703861237e-02,3.935944661498069763e-02,-1.145933270454406738e-01,-5.795775055885314941e-01,1.027212664484977722e-01,-7.184805721044540405e-02,1.178028509020805359e-01,-4.404806345701217651e-02,2.616934478282928467e-01,2.389148063957691193e-02,2.440167814493179321e-01,1.428534269332885742e+00,-2.759708464145660400e-01,-1.562089473009109497e-01,-4.668479040265083313e-02,1.183474540710449219e+00
-8.153522491455078125e+00,-1.675702214241027832e+00,6.573618054389953613e-01,4.065710119903087616e-03,6.660101003944873810e-03,1.074322015047073364e-01,9.941818118095397949e-01,-3.210347145795822144e-02,2.779067307710647583e-02,8.958563804626464844e-01,2.419540733098983765e-01,-1.748527139425277710e-01,-7.755104452371597290e-03,2.813411690294742584e-02,-1.484734863042831421e-01,-6.092270016670227051e-01,1.557690799236297607e-01,-6.809556484222412109e-02,1.377444565296173096e-01,-6.833245605230331421e-02,1.938932389020919800e-01,2.274909429252147675e-02,1.882079541683197021e-01,1.415836691856384277e+00,-2.197243720293045044e-01,-1.450621038675308228e-01,-9.140390157699584961e-02,1.218868374824523926e+00
-8.155738830566406250e+00,-1.668338418006896973e+00,6.565560698509216309e-01,4.367491230368614197e-03,6.755705457180738449e-03,1.314644664525985718e-01,9.912882447242736816e-01,-3.836129978299140930e-02,1.194974966347217560e-02,8.534470200538635254e-01,2.301112413406372070e-01,-1.728603690862655640e-01,4.605531692504882812e-03,1.006000861525535583e-02,-1.878443211317062378e-01,-6.269636750221252441e-01,2.175503522157669067e-01,-4.052872210741043091e-02,1.584745049476623535e-01,-9.286271780729293823e-02,1.225208193063735962e-01,2.773009985685348511e-02,1.233241856098175049e-01,1.395836353302001953e+00,-1.601554751396179199e-01,-1.334020197391510010e-01,-1.366503387689590454e-01,1.261368870735168457e+00
-8.157792091369628906e+00,-1.661804437637329102e+00,6.570135354995727539e-01,4.611724987626075745e-03,6.763772107660770416e-03,1.524246037006378174e-01,9.882811903953552246e-01,-3.765138611197471619e-02,-9.422985836863517761e-03,8.150157928466796875e-01,2.013442218303680420e-01,-1.613178104162216187e-01,1.729349605739116669e-02,-2.736568637192249298e-02,-2.394831627607345581e-01,-6.072768568992614746e-01,3.069843351840972900e-01,-2.984864171594381332e-03,1.506692916154861450e-01,-1.109677553176879883e-01,4.439248889684677124e-02,3.887677565217018127e-02,5.578732863068580627e-02,1.373462200164794922e+00,-1.052751764655113220e-01,-1.239471733570098877e-01,-1.718700081110000610e-01,1.306429147720336914e+00
-8.159808158874511719e+00,-1.655607461929321289e+00,6.578442454338073730e-01,4.517646972090005875e-03,6.673947907984256744e-03,1.725972592830657959e-01,9.849594831466674805e-01,-3.620216622948646545e-02,-3.044944256544113159e-02,7.764191031455993652e-01,1.711518615484237671e-01,-1.473395228385925293e-01,3.044553846120834351e-02,-8.559518307447433472e-02,-2.905438244342803955e-01,-5.442506670951843262e-01,4.230822026729583740e-01,1.195155363529920578e-02,1.212309747934341431e-01,-1.251670867204666138e-01,-3.437216952443122864e-02,5.300318077206611633e-02,-1.016885507851839066e-02,1.348907589912414551e+00,-5.009542778134346008e-02,-1.159357428550720215e-01,-1.939082294702529907e-01,1.351603507995605469e+00
-8.161629676818847656e+00,-1.650143265724182129e+00,6.584643721580505371e-01,3.898790804669260979e-03,6.345240399241447449e-03,1.925862282514572144e-01,9.812517762184143066e-01,-3.489777073264122009e-02,-4.680846258997917175e-02,7.365691065788269043e-01,1.472299396991729736e-01,-1.356561630964279175e-01,4.277344048023223877e-02,-1.596787422895431519e-01,-3.279193937778472900e-01,-4.494494795799255371e-01,5.526311397552490234e-01,1.092826423700898886e-04,1.001401841640472412e-01,-1.379066407680511475e-01,-1.126598194241523743e-01,7.127385586500167847e-02,-7.331097871065139771e-02,1.323787808418273926e+00,4.852911457419395447e-03,-1.067029386758804321e-01,-2.118919789791107178e-01,1.393086910247802734e+00
-8.163027763366699219e+00,-1.645595312118530273e+00,6.590351462364196777e-01,2.386511769145727158e-03,6.040839012712240219e-03,2.134326547384262085e-01,9.769361615180969238e-01,-3.459151461720466614e-02,-5.808183550834655762e-02,6.954667568206787109e-01,1.287453621625900269e-01,-1.252563148736953735e-01,5.364576354622840881e-02,-2.320096641778945923e-01,-3.455072641372680664e-01,-3.574163913726806641e-01,6.708817481994628906e-01,-2.429041638970375061e-02,9.040243923664093018e-02,-1.490645259618759155e-01,-1.857642233371734619e-01,9.089092910289764404e-02,-1.338899135589599609e-01,1.294835448265075684e+00,6.168545410037040710e-02,-9.737139195203781128e-02,-2.366441637277603149e-01,1.435434699058532715e+00
-8.163273811340332031e+00,-1.642441034317016602e+00,6.596387028694152832e-01,7.802104810252785683e-04,5.325057078152894974e-03,2.329103499650955200e-01,9.724833369255065918e-01,-3.307078778743743896e-02,-6.462319940328598022e-02,6.568236947059631348e-01,1.126256585121154785e-01,-1.139133125543594360e-01,6.164985522627830505e-02,-3.046639859676361084e-01,-3.453664183616638184e-01,-2.613315582275390625e-01,7.782392501831054688e-01,-5.550302192568778992e-02,8.304229378700256348e-02,-1.570703238248825073e-01,-2.523026168346405029e-01,1.091951504349708557e-01,-1.871851682662963867e-01,1.261863946914672852e+00,1.131012365221977234e-01,-8.981327712535858154e-02,-2.595575451850891113e-01,1.475306510925292969e+00
-8.162680625915527344e+00,-1.640499234199523926e+00,6.602185964584350586e-01,-9.917654097080230713e-04,4.771241452544927597e-03,2.522859275341033936e-01,9.676404595375061035e-01,-3.180032223463058472e-02,-6.787910312414169312e-02,6.187085509300231934e-01,9.832546114921569824e-02,-1.019155755639076233e-01,6.732673197984695435e-02,-3.680509924888610840e-01,-3.290030360221862793e-01,-1.708532422780990601e-01,8.610914349555969238e-01,-8.201737701892852783e-02,8.346401900053024292e-02,-1.636870801448822021e-01,-3.117397725582122803e-01,1.243769973516464233e-01,-2.321367114782333374e-01,1.231452941894531250e+00,1.589185893535614014e-01,-8.381739258766174316e-02,-2.726231515407562256e-01,1.510282397270202637e+00
-8.161547660827636719e+00,-1.638971090316772461e+00,6.607591509819030762e-01,-2.835429739207029343e-03,4.042400512844324112e-03,2.713968157768249512e-01,9.624548554420471191e-01,-3.077535703778266907e-02,-6.829193979501724243e-02,5.809821486473083496e-01,8.760975301265716553e-02,-9.151475131511688232e-02,7.121269404888153076e-02,-4.189558029174804688e-01,-2.936100065708160400e-01,-8.519538491964340210e-02,9.123969078063964844e-01,-9.772121906280517578e-02,9.182862937450408936e-02,-1.697764694690704346e-01,-3.634207546710968018e-01,1.379329115152359009e-01,-2.661239206790924072e-01,1.204246163368225098e+00,1.968860179185867310e-01,-7.939271628856658936e-02,-2.806652188301086426e-01,1.538124322891235352e+00
-8.159748077392578125e+00,-1.637362360954284668e+00,6.611608862876892090e-01,-4.687892273068428040e-03,3.433219389989972115e-03,2.917427718639373779e-01,9.564791917800903320e-01,-3.073781542479991913e-02,-6.733570992946624756e-02,5.401482582092285156e-01,8.088131248950958252e-02,-8.309050649404525757e-02,7.429223507642745972e-02,-4.523659646511077881e-01,-2.494668513536453247e-01,-1.604937948286533356e-02,9.326162338256835938e-01,-1.081071719527244568e-01,1.052906811237335205e-01,-1.755340546369552612e-01,-4.059676826000213623e-01,1.468904763460159302e-01,-2.921085655689239502e-01,1.182683467864990234e+00,2.315909862518310547e-01,-7.712960988283157349e-02,-2.894458472728729248e-01,1.556450366973876953e+00
-8.157647132873535156e+00,-1.635748863220214844e+00,6.613394618034362793e-01,-6.211746484041213989e-03,2.853351878002285957e-03,3.118018805980682373e-01,9.501225352287292480e-01,-3.175403177738189697e-02,-6.557735800743103027e-02,4.994614720344543457e-01,7.825120538473129272e-02,-7.725586742162704468e-02,7.673838734626770020e-02,-4.672679901123046875e-01,-1.980067640542984009e-01,4.418073967099189758e-02,9.173619747161865234e-01,-1.149052381515502930e-01,1.280902624130249023e-01,-1.794030666351318359e-01,-4.390532076358795166e-01,1.509911119937896729e-01,-3.097393214702606201e-01,1.168265938758850098e+00,2.612760961055755615e-01,-7.648933678865432739e-02,-3.005563914775848389e-01,1.567202091217041016e+00
-8.155208587646484375e+00,-1.633935332298278809e+00,6.614360809326171875e-01,-7.692825514823198318e-03,2.121887402608990669e-03,3.335425257682800293e-01,9.427012801170349121e-01,-3.405763581395149231e-02,-6.284458935260772705e-02,4.550062119960784912e-01,7.977261394262313843e-02,-7.297531515359878540e-02,7.875552773475646973e-02,-4.656977057456970215e-01,-1.485763341188430786e-01,9.196884930133819580e-02,8.745910525321960449e-01,-1.200796216726303101e-01,1.452161371707916260e-01,-1.815193891525268555e-01,-4.637295305728912354e-01,1.492432355880737305e-01,-3.241167366504669189e-01,1.161968708038330078e+00,2.847164571285247803e-01,-7.650195807218551636e-02,-3.117253184318542480e-01,1.570799946784973145e+00
-8.152424812316894531e+00,-1.632492542266845703e+00,6.614781022071838379e-01,-8.648035116493701935e-03,1.482337014749646187e-03,3.548670411109924316e-01,9.348756074905395508e-01,-3.736182302236557007e-02,-5.975791811943054199e-02,4.116418957710266113e-01,8.356022089719772339e-02,-6.971085071563720703e-02,7.957903295755386353e-02,-4.520452320575714111e-01,-9.757569432258605957e-02,1.402391195297241211e-01,8.054885864257812500e-01,-1.294796317815780640e-01,1.457121372222900391e-01,-1.810492873191833496e-01,-4.758626818656921387e-01,1.444723159074783325e-01,-3.272858858108520508e-01,1.162228226661682129e+00,3.015286624431610107e-01,-7.729358226060867310e-02,-3.175382614135742188e-01,1.570799946784973145e+00
-8.148841857910156250e+00,-1.630740880966186523e+00,6.614201068878173828e-01,-9.392794221639633179e-03,9.154686122201383114e-04,3.758514225482940674e-01,9.266318678855895996e-01,-3.988527506589889526e-02,-5.657453462481498718e-02,3.688208460807800293e-01,8.849070221185684204e-02,-6.768655031919479370e-02,7.907573133707046509e-02,-4.289108812808990479e-01,-5.119806155562400818e-02,1.843751370906829834e-01,7.191089391708374023e-01,-1.429784893989562988e-01,1.339190751314163208e-01,-1.753413826227188110e-01,-4.773687422275543213e-01,1.358664780855178833e-01,-3.219311237335205078e-01,1.167993307113647461e+00,3.094910681247711182e-01,-7.913593202829360962e-02,-3.155456781387329102e-01,1.570799946784973145e+00
-8.144852638244628906e+00,-1.628492355346679688e+00,6.612098813056945801e-01,-9.736425243318080902e-03,5.463555571623146534e-04,3.964077234268188477e-01,9.180227518081665039e-01,-4.208162426948547363e-02,-5.378819257020950317e-02,3.264940977096557617e-01,9.552687406539916992e-02,-6.859789043664932251e-02,7.779761403799057007e-02,-3.985479176044464111e-01,-3.566798754036426544e-03,2.442621886730194092e-01,6.182150244712829590e-01,-1.571789830923080444e-01,1.176736950874328613e-01,-1.673642396926879883e-01,-4.660086333751678467e-01,1.264551728963851929e-01,-3.066630959510803223e-01,1.178071856498718262e+00,3.091120719909667969e-01,-8.137456327676773071e-02,-3.052765130996704102e-01,1.570799946784973145e+00
-8.140419960021972656e+00,-1.625790715217590332e+00,6.606082320213317871e-01,-9.149878285825252533e-03,7.167831063270568848e-04,4.175750017166137695e-01,9.085960984230041504e-01,-4.620461910963058472e-02,-5.253012105822563171e-02,2.824220657348632812e-01,1.089653745293617249e-01,-7.361338287591934204e-02,7.592038810253143311e-02,-3.652026951313018799e-01,3.532843291759490967e-02,3.101026117801666260e-01,5.104830861091613770e-01,-1.321912705898284912e-01,9.757216274738311768e-02,-1.566139906644821167e-01,-4.466387927532196045e-01,1.160022765398025513e-01,-2.937489151954650879e-01,1.191386580467224121e+00,2.985779345035552979e-01,-8.421630412340164185e-02,-2.827935516834259033e-01,1.570799946784973145e+00
-8.136065483093261719e+00,-1.623137593269348145e+00,6.593703627586364746e-01,-7.975852116942405701e-03,1.059953006915748119e-03,4.392265379428863525e-01,8.983402848243713379e-01,-5.694518983364105225e-02,-5.133453384041786194e-02,2.363214492797851562e-01,1.353765726089477539e-01,-8.500605821609497070e-02,7.391504943370819092e-02,-3.333517313003540039e-01,5.377848073840141296e-02,3.415357172489166260e-01,4.177970588207244873e-01,-8.117445558309555054e-02,7.630042731761932373e-02,-1.457019150257110596e-01,-4.178287982940673828e-01,1.070169731974601746e-01,-2.812382578849792480e-01,1.209011316299438477e+00,2.801914215087890625e-01,-8.649806678295135498e-02,-2.524514496326446533e-01,1.570799946784973145e+00
-8.132317543029785156e+00,-1.620314121246337891e+00,6.578857898712158203e-01,-6.321206223219633102e-03,1.869914238341152668e-03,4.622158706188201904e-01,8.867429494857788086e-01,-7.668957859277725220e-02,-5.210522562265396118e-02,1.866719275712966919e-01,1.763032823801040649e-01,-9.872279316186904907e-02,7.249197363853454590e-02,-3.033637106418609619e-01,5.554855242371559143e-02,3.347979485988616943e-01,3.523229062557220459e-01,-4.502187669277191162e-02,5.651802942156791687e-02,-1.319279670715332031e-01,-3.845793902873992920e-01,9.776180982589721680e-02,-2.714603841304779053e-01,1.233726859092712402e+00,2.540988326072692871e-01,-8.745379745960235596e-02,-2.122582644224166870e-01,1.570799946784973145e+00
-8.129831314086914062e+00,-1.619375586509704590e+00,6.566129326820373535e-01,-5.147525109350681305e-03,2.938114339485764503e-03,4.816597104072570801e-01,8.763383030891418457e-01,-1.043621227145195007e-01,-5.221328511834144592e-02,1.445775479078292847e-01,2.239771783351898193e-01,-1.060932353138923645e-01,7.061373442411422729e-02,-2.810831367969512939e-01,5.385811626911163330e-02,3.133251070976257324e-01,3.115586042404174805e-01,-2.630591951310634613e-02,4.049796238541603088e-02,-1.079769283533096313e-01,-3.449447751045227051e-01,9.030976146459579468e-02,-2.551994025707244873e-01,1.266637921333312988e+00,2.243282496929168701e-01,-8.710537850856781006e-02,-1.690213978290557861e-01,1.570799946784973145e+00
-8.127758979797363281e+00,-1.619860887527465820e+00,6.558834314346313477e-01,-4.290371667593717575e-03,4.056223668158054352e-03,5.011499524116516113e-01,8.653403520584106445e-01,-1.384549736976623535e-01,-5.285527184605598450e-02,1.035750880837440491e-01,2.707519531250000000e-01,-9.599551558494567871e-02,6.803093105554580688e-02,-2.663460373878479004e-01,4.875095561146736145e-02,2.808332741260528564e-01,2.884160578250885010e-01,-1.876502670347690582e-02,2.868769876658916473e-02,-8.328977227210998535e-02,-2.992381155490875244e-01,8.494409918785095215e-02,-2.282882034778594971e-01,1.303864717483520508e+00,1.874242573976516724e-01,-8.939822018146514893e-02,-1.126161441206932068e-01,1.570799946784973145e+00
-8.125016212463378906e+00,-1.621921896934509277e+00,6.556926369667053223e-01,-3.703160211443901062e-03,5.466225091367959976e-03,5.188170075416564941e-01,8.548598289489746094e-01,-1.725863814353942871e-01,-5.286473408341407776e-02,7.291220128536224365e-02,3.092182576656341553e-01,-6.966926157474517822e-02,6.348968297243118286e-02,-2.562647163867950439e-01,4.477764293551445007e-02,2.479184567928314209e-01,2.719574868679046631e-01,-1.371583156287670135e-02,1.797974482178688049e-02,-5.964367091655731201e-02,-2.455614954233169556e-01,8.348589390516281128e-02,-1.866829991340637207e-01,1.344364523887634277e+00,1.451285183429718018e-01,-9.501302242279052734e-02,-4.977766424417495728e-02,1.570799946784973145e+00
-8.121392250061035156e+00,-1.624234557151794434e+00,6.560477018356323242e-01,-2.899846993386745453e-03,6.948832888156175613e-03,5.364096164703369141e-01,8.439241647720336914e-01,-2.028182297945022583e-01,-5.109236016869544983e-02,6.244297698140144348e-02,3.455156981945037842e-01,-4.915837571024894714e-02,5.806279927492141724e-02,-2.445898503065109253e-01,4.028655216097831726e-02,2.124758064746856689e-01,2.546562254428863525e-01,-9.795247577130794525e-03,7.410046644508838654e-03,-4.106101766228675842e-02,-1.899199038743972778e-01,8.482845872640609741e-02,-1.463714540004730225e-01,1.383440136909484863e+00,9.388000518083572388e-02,-1.013033762574195862e-01,8.746158331632614136e-03,1.570799946784973145e+00
-8.117686271667480469e+00,-1.626118063926696777e+00,6.570774316787719727e-01,-1.896124915219843388e-03,8.309739641845226288e-03,5.534961223602294922e-01,8.328081369400024414e-01,-2.288706600666046143e-01,-4.384074732661247253e-02,8.627688139677047729e-02,3.906824886798858643e-01,-5.465173348784446716e-02,5.317385867238044739e-02,-2.285509258508682251e-01,3.456424549221992493e-02,1.757473796606063843e-01,2.314155697822570801e-01,-4.315556026995182037e-03,-2.328315516933798790e-03,-3.054536879062652588e-02,-1.283298134803771973e-01,8.991575241088867188e-02,-1.062812209129333496e-01,1.417717456817626953e+00,3.622933849692344666e-02,-1.084737777709960938e-01,5.395628139376640320e-02,1.570799946784973145e+00
-8.114156723022460938e+00,-1.627226710319519043e+00,6.584373116493225098e-01,-3.988838871009647846e-04,9.850952774286270142e-03,5.689290761947631836e-01,8.223274946212768555e-01,-2.474794685840606689e-01,-2.910837158560752869e-02,1.499217003583908081e-01,4.423664212226867676e-01,-7.999135553836822510e-02,4.941272735595703125e-02,-2.103516757488250732e-01,2.734240330755710602e-02,1.412753760814666748e-01,2.056598961353302002e-01,1.886777114123106003e-03,-9.893277660012245178e-03,-2.495056763291358948e-02,-6.380906701087951660e-02,9.571021795272827148e-02,-6.528163701295852661e-02,1.447291493415832520e+00,-2.694125473499298096e-02,-1.160129606723785400e-01,8.599946647882461548e-02,1.570799946784973145e+00
-8.111137390136718750e+00,-1.627570271492004395e+00,6.598140001296997070e-01,1.163219683803617954e-03,1.129688322544097900e-02,5.827453732490539551e-01,8.125754594802856445e-01,-2.589884698390960693e-01,-8.556137792766094208e-03,2.268095165491104126e-01,4.900567829608917236e-01,-1.029620841145515442e-01,4.374638944864273071e-02,-1.923509836196899414e-01,2.058404497802257538e-02,1.093932017683982849e-01,1.825052499771118164e-01,5.861752200871706009e-03,-1.614792644977569580e-02,-2.301905304193496704e-02,4.202368669211864471e-03,1.014938130974769592e-01,-1.647885702550411224e-02,1.474722981452941895e+00,-8.810514211654663086e-02,-1.219512671232223511e-01,1.053887009620666504e-01,1.570799946784973145e+00
-8.108568191528320312e+00,-1.627720117568969727e+00,6.610358953475952148e-01,2.426372375339269638e-03,1.255378779023885727e-02,5.960425138473510742e-01,8.028510212898254395e-01,-2.630618810653686523e-01,1.346249878406524658e-02,3.011024892330169678e-01,5.296947360038757324e-01,-1.197532787919044495e-01,3.744569420814514160e-02,-1.756238788366317749e-01,1.461235340684652328e-02,7.748608291149139404e-02,1.615431010723114014e-01,8.968703448772430420e-03,-2.101998217403888702e-02,-2.439432777464389801e-02,6.853310763835906982e-02,1.069283336400985718e-01,3.323267772793769836e-02,1.499091386795043945e+00,-1.466403603553771973e-01,-1.252645701169967651e-01,1.147231236100196838e-01,1.570799946784973145e+00
-8.106321334838867188e+00,-1.627725124359130859e+00,6.620615720748901367e-01,3.767249407246708870e-03,1.361517887562513351e-02,6.084116697311401367e-01,7.934958934783935547e-01,-2.602779269218444824e-01,3.419379889965057373e-02,3.667162060737609863e-01,5.590098500251770020e-01,-1.325034052133560181e-01,2.969209477305412292e-02,-1.591038405895233154e-01,9.202886372804641724e-03,4.693764075636863708e-02,1.422260999679565430e-01,1.109402440488338470e-02,-2.496315725147724152e-02,-2.680705673992633820e-02,1.281633526086807251e-01,1.114781275391578674e-01,8.349743485450744629e-02,1.523307800292968750e+00,-1.983159184455871582e-01,-1.266243457794189453e-01,1.184467673301696777e-01,1.560444712638854980e+00
-8.104324340820312500e+00,-1.627590537071228027e+00,6.628993153572082520e-01,5.153093487024307251e-03,1.454830169677734375e-02,6.200190186500549316e-01,7.844349741935729980e-01,-2.529810070991516113e-01,5.169391632080078125e-02,4.221197366714477539e-01,5.784085988998413086e-01,-1.406763941049575806e-01,2.168747782707214355e-02,-1.437514573335647583e-01,4.227417986840009689e-03,1.796315982937812805e-02,1.252712458372116089e-01,1.238222699612379074e-02,-2.826247923076152802e-02,-2.799527905881404877e-02,1.795243322849273682e-01,1.147922500967979431e-01,1.322771459817886353e-01,1.544040203094482422e+00,-2.451097965240478516e-01,-1.262509375810623169e-01,1.213593780994415283e-01,1.539804697036743164e+00
-8.102651596069335938e+00,-1.627382874488830566e+00,6.636472344398498535e-01,6.407299544662237167e-03,1.530694402754306793e-02,6.306124329566955566e-01,7.759204506874084473e-01,-2.409444600343704224e-01,6.631825119256973267e-02,4.702010154724121094e-01,5.861801505088806152e-01,-1.441756635904312134e-01,1.262002903968095779e-02,-1.297813504934310913e-01,5.775297759100794792e-04,-8.729888126254081726e-03,1.106260120868682861e-01,1.318142842501401901e-02,-3.092238679528236389e-02,-2.813954651355743408e-02,2.242007255554199219e-01,1.163918375968933105e-01,1.859958320856094360e-01,1.558311223983764648e+00,-2.854932546615600586e-01,-1.237292289733886719e-01,1.232549920678138733e-01,1.517850756645202637e+00
-8.101165771484375000e+00,-1.627353668212890625e+00,6.642906069755554199e-01,7.735978811979293823e-03,1.605634577572345734e-02,6.408890485763549805e-01,7.674265503883361816e-01,-2.266412675380706787e-01,7.820539176464080811e-02,5.144550204277038574e-01,5.860125422477722168e-01,-1.485880613327026367e-01,4.266903270035982132e-03,-1.165973916649818420e-01,-2.988782478496432304e-03,-3.505499288439750671e-02,9.714721143245697021e-02,1.376022305339574814e-02,-3.313990682363510132e-02,-2.811516076326370239e-02,2.624083757400512695e-01,1.160184890031814575e-01,2.392569631338119507e-01,1.566276192665100098e+00,-3.209314048290252686e-01,-1.185325384140014648e-01,1.234618201851844788e-01,1.496567249298095703e+00
-8.100055694580078125e+00,-1.627033352851867676e+00,6.648759245872497559e-01,8.872342295944690704e-03,1.664227806031703949e-02,6.511218547821044922e-01,7.587388753890991211e-01,-2.104505300521850586e-01,8.668226748704910278e-02,5.553069710731506348e-01,5.783076882362365723e-01,-1.532504260540008545e-01,-2.810879843309521675e-03,-1.023523882031440735e-01,-6.205319426953792572e-03,-6.130794808268547058e-02,8.229584246873855591e-02,1.505952607840299606e-02,-3.442413732409477234e-02,-2.966869808733463287e-02,2.923825681209564209e-01,1.139389500021934509e-01,2.894398272037506104e-01,1.570739388465881348e+00,-3.499566912651062012e-01,-1.114367097616195679e-01,1.227067708969116211e-01,1.476905703544616699e+00
-8.099607467651367188e+00,-1.626532077789306641e+00,6.653416752815246582e-01,9.955274872481822968e-03,1.715990528464317322e-02,6.612395048141479492e-01,7.499125003814697266e-01,-1.920839548110961914e-01,9.290197491645812988e-02,5.953608751296997070e-01,5.656931996345520020e-01,-1.583051383495330811e-01,-9.697774425148963928e-03,-8.842019736766815186e-02,-9.541968815028667450e-03,-8.752138167619705200e-02,6.794290244579315186e-02,1.575903594493865967e-02,-3.459355980157852173e-02,-3.087333217263221741e-02,3.131848573684692383e-01,1.105188503861427307e-01,3.304229080677032471e-01,1.570799946784973145e+00,-3.714939951896667480e-01,-1.032820940017700195e-01,1.215835586190223694e-01,1.456903219223022461e+00
-8.099717140197753906e+00,-1.625984191894531250e+00,6.657410860061645508e-01,1.065228879451751709e-02,1.753177307546138763e-02,6.709873676300048828e-01,7.411848902702331543e-01,-1.712510436773300171e-01,9.458298236131668091e-02,6.325029730796813965e-01,5.428254604339599609e-01,-1.611487567424774170e-01,-1.587122865021228790e-02,-7.519326359033584595e-02,-1.291804388165473938e-02,-1.130362749099731445e-01,5.518225952982902527e-02,1.564099825918674469e-02,-3.365904837846755981e-02,-3.243738412857055664e-02,3.259132802486419678e-01,1.059974879026412964e-01,3.625853359699249268e-01,1.570799946784973145e+00,-3.859353959560394287e-01,-9.463029354810714722e-02,1.194894760847091675e-01,1.439517378807067871e+00
-8.100264549255371094e+00,-1.625569224357604980e+00,6.659992337226867676e-01,1.109162718057632446e-02,1.774952001869678497e-02,6.806939244270324707e-01,7.322688698768615723e-01,-1.503422558307647705e-01,9.208309650421142578e-02,6.620361804962158203e-01,5.144235491752624512e-01,-1.657838225364685059e-01,-2.036321163177490234e-02,-6.336244940757751465e-02,-1.568436995148658752e-02,-1.383543163537979126e-01,4.392834380269050598e-02,1.557112298905849457e-02,-3.184118494391441345e-02,-3.401495888829231262e-02,3.299132287502288818e-01,1.001558899879455566e-01,3.808951973915100098e-01,1.570799946784973145e+00,-3.929389715194702148e-01,-8.477897942066192627e-02,1.170374825596809387e-01,1.425270318984985352e+00
-8.101549148559570312e+00,-1.625461697578430176e+00,6.660396456718444824e-01,1.113606244325637817e-02,1.762849651277065277e-02,6.895350217819213867e-01,7.239521145820617676e-01,-1.295117586851119995e-01,8.501556515693664551e-02,6.816286444664001465e-01,4.774138331413269043e-01,-1.672934293746948242e-01,-2.354733459651470184e-02,-5.398448556661605835e-02,-1.855453848838806152e-02,-1.615358442068099976e-01,3.609331324696540833e-02,1.476486120373010635e-02,-2.886765450239181519e-02,-3.577774390578269958e-02,3.256486654281616211e-01,9.300295263528823853e-02,3.882250487804412842e-01,1.563494563102722168e+00,-3.948491811752319336e-01,-7.411490380764007568e-02,1.146460026502609253e-01,1.415959000587463379e+00
-8.103494644165039062e+00,-1.625717520713806152e+00,6.659885048866271973e-01,1.104881241917610168e-02,1.727620325982570648e-02,6.974707841873168945e-01,7.163197398185729980e-01,-1.095849871635437012e-01,7.466405630111694336e-02,6.915289759635925293e-01,4.340377449989318848e-01,-1.679164320230484009e-01,-2.525582537055015564e-02,-4.679537564516067505e-02,-2.144732140004634857e-02,-1.825431585311889648e-01,3.106698021292686462e-02,1.369510497897863388e-02,-2.487856894731521606e-02,-3.702194988727569580e-02,3.144516050815582275e-01,8.618048578500747681e-02,3.849162757396697998e-01,1.551135540008544922e+00,-3.909778296947479248e-01,-6.256048381328582764e-02,1.119002103805541992e-01,1.412371158599853516e+00
-8.106162071228027344e+00,-1.625984191894531250e+00,6.658604741096496582e-01,1.062573865056037903e-02,1.677704602479934692e-02,7.042131423950195312e-01,7.097108364105224609e-01,-8.928672224283218384e-02,6.013278663158416748e-02,6.922581791877746582e-01,3.805411159992218018e-01,-1.691105067729949951e-01,-2.532637305557727814e-02,-4.153760895133018494e-02,-2.530472353100776672e-02,-2.000003606081008911e-01,2.864118292927742004e-02,1.199594140052795410e-02,-1.959116570651531219e-02,-3.862249106168746948e-02,2.976004183292388916e-01,7.774066179990768433e-02,3.734551072120666504e-01,1.535761117935180664e+00,-3.832326531410217285e-01,-5.063998326659202576e-02,1.078092530369758606e-01,1.414913535118103027e+00
-8.109712600708007812e+00,-1.626718282699584961e+00,6.655018925666809082e-01,9.961163625121116638e-03,1.596915163099765778e-02,7.099153399467468262e-01,7.040355205535888672e-01,-7.063809782266616821e-02,4.298823699355125427e-02,6.785475611686706543e-01,3.194074928760528564e-01,-1.657587736845016479e-01,-2.353802509605884552e-02,-3.935685381293296814e-02,-2.982873842120170593e-02,-2.147849798202514648e-01,2.909731492400169373e-02,1.066258922219276428e-02,-1.300257723778486252e-02,-4.126698151230812073e-02,2.766891419887542725e-01,6.833024322986602783e-02,3.559240400791168213e-01,1.518807530403137207e+00,-3.711710274219512939e-01,-3.788617998361587524e-02,1.029725819826126099e-01,1.423422217369079590e+00
-8.113757133483886719e+00,-1.627469182014465332e+00,6.649779677391052246e-01,9.027321822941303253e-03,1.488904934376478195e-02,7.151417136192321777e-01,6.987625956535339355e-01,-5.276419222354888916e-02,2.409864589571952820e-02,6.570180654525756836e-01,2.505051195621490479e-01,-1.436506509780883789e-01,-1.910910755395889282e-02,-3.790909796953201294e-02,-3.492969274520874023e-02,-2.286788076162338257e-01,3.189101442694664001e-02,8.275023661553859711e-03,-5.751786287873983383e-03,-4.702590405941009521e-02,2.526571750640869141e-01,5.881684273481369019e-02,3.340439200401306152e-01,1.500750184059143066e+00,-3.567881286144256592e-01,-2.503659762442111969e-02,9.891121834516525269e-02,1.434982299804687500e+00
-8.118487358093261719e+00,-1.628555059432983398e+00,6.642817258834838867e-01,7.751291617751121521e-03,1.360045094043016434e-02,7.205078601837158203e-01,6.932700276374816895e-01,-3.889549896121025085e-02,7.733795791864395142e-03,6.363292336463928223e-01,1.924668550491333008e-01,-1.172228232026100159e-01,-1.251780055463314056e-02,-3.807879239320755005e-02,-4.045782238245010376e-02,-2.430722117424011230e-01,3.680476546287536621e-02,5.561798810958862305e-03,2.580830594524741173e-03,-5.608662962913513184e-02,2.223072499036788940e-01,5.023685097694396973e-02,3.057262599468231201e-01,1.486760139465332031e+00,-3.397358059883117676e-01,-1.326731313019990921e-02,9.536974132061004639e-02,1.449659228324890137e+00
-8.124238967895507812e+00,-1.630010485649108887e+00,6.635182499885559082e-01,6.511787883937358856e-03,1.224843971431255341e-02,7.258908748626708984e-01,6.876699924468994141e-01,-2.892036363482475281e-02,-5.847857799381017685e-03,6.204289793968200684e-01,1.489789336919784546e-01,-9.511633217334747314e-02,-4.808602854609489441e-03,-4.168673604726791382e-02,-4.882760345935821533e-02,-2.569770216941833496e-01,4.930965229868888855e-02,-2.512085484340786934e-04,1.260913349688053131e-02,-6.654717028141021729e-02,1.841311752796173096e-01,4.127579554915428162e-02,2.663823366165161133e-01,1.478133201599121094e+00,-3.202926218509674072e-01,-2.725057769566774368e-03,8.981610089540481567e-02,1.464923024177551270e+00
-8.130659103393554688e+00,-1.631593227386474609e+00,6.625910401344299316e-01,5.044205114245414734e-03,1.073584519326686859e-02,7.311704158782958984e-01,6.820917129516601562e-01,-2.387398108839988708e-02,-1.555019710212945938e-02,6.066927313804626465e-01,1.183611303567886353e-01,-7.753235846757888794e-02,3.131835721433162689e-03,-4.986867308616638184e-02,-5.928969010710716248e-02,-2.705325484275817871e-01,7.271314412355422974e-02,-1.114594377577304840e-02,2.381878718733787537e-02,-7.875496149063110352e-02,1.429114490747451782e-01,3.249787539243698120e-02,2.205041795969009399e-01,1.470696210861206055e+00,-2.958579361438751221e-01,5.811759736388921738e-03,7.996895164251327515e-02,1.480920672416687012e+00
-8.136482238769531250e+00,-1.632992982864379883e+00,6.616511344909667969e-01,3.973593469709157944e-03,9.472340345382690430e-03,7.371060252189636230e-01,6.756990551948547363e-01,-2.357228845357894897e-02,-2.305161952972412109e-02,5.916050076484680176e-01,1.017622798681259155e-01,-6.907925754785537720e-02,1.177171990275382996e-02,-6.065890938043594360e-02,-7.138689607381820679e-02,-2.850496470928192139e-01,1.042920649051666260e-01,-2.563137747347354889e-02,3.473389521241188049e-02,-9.462318569421768188e-02,1.014135032892227173e-01,2.289679832756519318e-02,1.710006445646286011e-01,1.462096571922302246e+00,-2.694304585456848145e-01,1.171924173831939697e-02,6.836794316768646240e-02,1.495455145835876465e+00
-8.141876220703125000e+00,-1.634735941886901855e+00,6.607394814491271973e-01,3.192349104210734367e-03,8.603190071880817413e-03,7.438500523567199707e-01,6.682835221290588379e-01,-2.850678004324436188e-02,-2.859742939472198486e-02,5.732299685478210449e-01,9.831580519676208496e-02,-6.839659810066223145e-02,2.129329368472099304e-02,-7.145837694406509399e-02,-8.415792137384414673e-02,-3.013224005699157715e-01,1.360303163528442383e-01,-3.912958130240440369e-02,4.486061260104179382e-02,-1.148403659462928772e-01,6.174783036112785339e-02,1.297427713871002197e-02,1.228706911206245422e-01,1.454394936561584473e+00,-2.436368912458419800e-01,1.523513346910476685e-02,5.972148850560188293e-02,1.509235739707946777e+00
-8.146601676940917969e+00,-1.637054562568664551e+00,6.599504947662353516e-01,2.479452406987547874e-03,7.923585362732410431e-03,7.510341405868530273e-01,6.602111458778381348e-01,-3.760271146893501282e-02,-3.393052518367767334e-02,5.525656342506408691e-01,1.023913621902465820e-01,-7.100173830986022949e-02,3.172289952635765076e-02,-8.207000046968460083e-02,-9.711403399705886841e-02,-3.200656473636627197e-01,1.652997732162475586e-01,-4.673478007316589355e-02,5.385087430477142334e-02,-1.387186795473098755e-01,2.453346177935600281e-02,4.506499040871858597e-03,7.927744090557098389e-02,1.449930429458618164e+00,-2.201347351074218750e-01,1.771989651024341583e-02,5.371351912617683411e-02,1.522718548774719238e+00
-8.150748252868652344e+00,-1.639549970626831055e+00,6.595296859741210938e-01,1.417295774444937706e-03,7.187668699771165848e-03,7.555128931999206543e-01,6.550928354263305664e-01,-4.410186409950256348e-02,-3.889871761202812195e-02,5.385411977767944336e-01,1.025445684790611267e-01,-7.145086675882339478e-02,4.113012924790382385e-02,-9.601482748985290527e-02,-1.077712029218673706e-01,-3.339811563491821289e-01,1.954872310161590576e-01,-5.251444131135940552e-02,6.041275337338447571e-02,-1.565022468566894531e-01,-9.738728404045104980e-03,-2.276370534673333168e-03,4.228842630982398987e-02,1.450321078300476074e+00,-1.963130384683609009e-01,2.013866975903511047e-02,4.367843642830848694e-02,1.537114500999450684e+00
-8.153958320617675781e+00,-1.642246842384338379e+00,6.595635414123535156e-01,3.887051716446876526e-04,6.338542792946100235e-03,7.562046051025390625e-01,6.543043851852416992e-01,-4.492716118693351746e-02,-4.436199739575386047e-02,5.358708500862121582e-01,9.263567626476287842e-02,-6.673510372638702393e-02,4.812005534768104553e-02,-1.158035099506378174e-01,-1.141558066010475159e-01,-3.312971889972686768e-01,2.330050021409988403e-01,-6.788262724876403809e-02,6.285936385393142700e-02,-1.627829223871231079e-01,-3.836457431316375732e-02,-7.075703237205743790e-03,1.344737783074378967e-02,1.452960968017578125e+00,-1.726570725440979004e-01,2.258446626365184784e-02,2.837729267776012421e-02,1.550398230552673340e+00
-8.156087875366210938e+00,-1.644784927368164062e+00,6.598787307739257812e-01,-4.980358062312006950e-04,5.537690594792366028e-03,7.544388771057128906e-01,6.563467383384704590e-01,-4.186864942312240601e-02,-4.941632598638534546e-02,5.406464934349060059e-01,7.693091034889221191e-02,-5.942297354340553284e-02,5.301856622099876404e-02,-1.386498808860778809e-01,-1.149220243096351624e-01,-3.121952414512634277e-01,2.721737027168273926e-01,-8.857230097055435181e-02,6.110907346010208130e-02,-1.613944172859191895e-01,-6.288260966539382935e-02,-1.060258969664573669e-02,-1.110033411532640457e-02,1.457918524742126465e+00,-1.499651968479156494e-01,2.482651360332965851e-02,1.362754963338375092e-02,1.561354041099548340e+00
-8.157280921936035156e+00,-1.646784782409667969e+00,6.602756381034851074e-01,-1.474848482757806778e-03,4.677302669733762741e-03,7.515759468078613281e-01,6.596283316612243652e-01,-3.784649446606636047e-02,-5.229619517922401428e-02,5.490558147430419922e-01,6.173029541969299316e-02,-5.244236066937446594e-02,5.544050410389900208e-02,-1.607532054185867310e-01,-1.075392141938209534e-01,-2.796266376972198486e-01,3.047187924385070801e-01,-1.090424284338951111e-01,5.540268495678901672e-02,-1.565178930759429932e-01,-8.275763690471649170e-02,-1.247826218605041504e-02,-3.271023184061050415e-02,1.464259982109069824e+00,-1.304654330015182495e-01,2.659278549253940582e-02,5.714912898838520050e-03,1.568999052047729492e+00
-8.157621383666992188e+00,-1.647873759269714355e+00,6.606397628784179688e-01,-2.229793230071663857e-03,3.795173717662692070e-03,7.482389807701110840e-01,6.634147167205810547e-01,-3.253743797540664673e-02,-5.363400653004646301e-02,5.589621663093566895e-01,4.824693500995635986e-02,-4.678625240921974182e-02,5.584279075264930725e-02,-1.764309406280517578e-01,-9.189124405384063721e-02,-2.409931421279907227e-01,3.228045105934143066e-01,-1.228653937578201294e-01,4.554102569818496704e-02,-1.504379957914352417e-01,-9.817360341548919678e-02,-1.396618317812681198e-02,-5.102118849754333496e-02,1.470673799514770508e+00,-1.125202104449272156e-01,2.775550819933414459e-02,2.292267046868801117e-03,1.570799946784973145e+00
-8.158205032348632812e+00,-1.648211598396301270e+00,6.607999205589294434e-01,-2.873519901186227798e-03,2.924435772001743317e-03,7.447726130485534668e-01,6.673057079315185547e-01,-2.722453325986862183e-02,-5.475495383143424988e-02,5.686769485473632812e-01,3.863148391246795654e-02,-4.466962814331054688e-02,5.584395304322242737e-02,-1.837116777896881104e-01,-6.815987080335617065e-02,-1.951039731502532959e-01,3.172110915184020996e-01,-1.201202422380447388e-01,3.145708143711090088e-02,-1.440219730138778687e-01,-1.083193272352218628e-01,-1.418305002152919769e-02,-6.430097669363021851e-02,1.476353883743286133e+00,-9.634061157703399658e-02,2.916517294943332672e-02,-2.686213469132781029e-03,1.570799946784973145e+00
-8.158945083618164062e+00,-1.647853136062622070e+00,6.606137156486511230e-01,-3.154387930408120155e-03,2.547086216509342194e-03,7.418758869171142578e-01,6.705249547958374023e-01,-2.290785498917102814e-02,-5.639105290174484253e-02,5.760684013366699219e-01,3.399104997515678406e-02,-4.605867341160774231e-02,5.533967912197113037e-02,-1.807725131511688232e-01,-4.458473250269889832e-02,-1.573935002088546753e-01,2.905606925487518311e-01,-1.059598699212074280e-01,1.701977103948593140e-02,-1.379660218954086304e-01,-1.139659434556961060e-01,-1.502804923802614212e-02,-7.240927964448928833e-02,1.481352686882019043e+00,-8.180777728557586670e-02,3.036725334823131561e-02,-1.103095430880784988e-02,1.570799946784973145e+00
-8.159962654113769531e+00,-1.646997690200805664e+00,6.602640748023986816e-01,-3.011181950569152832e-03,2.389868954196572304e-03,7.394928932189941406e-01,6.731533408164978027e-01,-2.060442231595516205e-02,-5.766170844435691833e-02,5.814830660820007324e-01,3.659316152334213257e-02,-5.174229666590690613e-02,5.558774247765541077e-02,-1.746004521846771240e-01,-2.928206510841846466e-02,-1.329709291458129883e-01,2.614082396030426025e-01,-9.027139842510223389e-02,7.254525087773799896e-03,-1.326100230216979980e-01,-1.167227178812026978e-01,-1.659454219043254852e-02,-7.611120492219924927e-02,1.489403247833251953e+00,-6.974335759878158569e-02,3.196743503212928772e-02,-1.805609092116355896e-02,1.570799946784973145e+00
-8.161034584045410156e+00,-1.646288037300109863e+00,6.598950028419494629e-01,-2.504507312551140785e-03,2.723977668210864067e-03,7.364457845687866211e-01,6.764864325523376465e-01,-1.849748939275741577e-02,-5.991035327315330505e-02,5.891925096511840820e-01,4.029332846403121948e-02,-5.851852893829345703e-02,5.529627576470375061e-02,-1.707517206668853760e-01,-2.164251543581485748e-02,-1.142731010913848877e-01,2.373262792825698853e-01,-7.185474783182144165e-02,2.227586926892399788e-03,-1.235777214169502258e-01,-1.169084534049034119e-01,-2.084861136972904205e-02,-7.396059483289718628e-02,1.501855850219726562e+00,-5.966779589653015137e-02,3.497550636529922485e-02,-2.377968654036521912e-02,1.570799946784973145e+00
-8.161485671997070312e+00,-1.645128369331359863e+00,6.596132516860961914e-01,-2.180009149014949799e-03,3.161177271977066994e-03,7.325507998466491699e-01,6.807014942169189453e-01,-1.408532541245222092e-02,-6.196296587586402893e-02,5.998526215553283691e-01,3.946249932050704956e-02,-6.292919069528579712e-02,5.319963768124580383e-02,-1.626208722591400146e-01,-1.635771058499813080e-02,-9.927781671285629272e-02,2.072448134422302246e-01,-4.830371960997581482e-02,-7.004039362072944641e-04,-1.112300753593444824e-01,-1.127241849899291992e-01,-2.904011495411396027e-02,-6.557013094425201416e-02,1.518369674682617188e+00,-4.840001463890075684e-02,3.767031058669090271e-02,-3.028676658868789673e-02,1.570799946784973145e+00
-8.160955429077148438e+00,-1.643334507942199707e+00,6.596847772598266602e-01,-2.168037928640842438e-03,3.529224079102277756e-03,7.291050553321838379e-01,6.843892931938171387e-01,-7.926236838102340698e-03,-6.301512569189071655e-02,6.099516153335571289e-01,3.446587920188903809e-02,-6.370671838521957397e-02,4.953704401850700378e-02,-1.493809223175048828e-01,-1.114803273230791092e-02,-8.829715847969055176e-02,1.724625080823898315e-01,-2.638285234570503235e-02,-3.703738562762737274e-03,-1.034099087119102478e-01,-1.007339507341384888e-01,-4.014647379517555237e-02,-4.960962012410163879e-02,1.531691074371337891e+00,-3.556383401155471802e-02,4.199335351586341858e-02,-3.679458796977996826e-02,1.570799946784973145e+00
-8.160173416137695312e+00,-1.641370296478271484e+00,6.598596572875976562e-01,-2.455348381772637367e-03,3.441832028329372406e-03,7.268959283828735352e-01,6.867346167564392090e-01,-2.199568087235093117e-03,-6.182647123932838440e-02,6.162184476852416992e-01,3.034893982112407684e-02,-6.361583620309829712e-02,4.543362557888031006e-02,-1.341555714607238770e-01,-5.764517467468976974e-03,-8.229555934667587280e-02,1.390568763017654419e-01,-8.941737934947013855e-03,-6.316738203167915344e-03,-1.025582104921340942e-01,-8.563374727964401245e-02,-5.003567785024642944e-02,-3.387362882494926453e-02,1.542491793632507324e+00,-2.405289001762866974e-02,4.744476824998855591e-02,-4.407332837581634521e-02,1.568570613861083984e+00
-8.159636497497558594e+00,-1.639873862266540527e+00,6.600269675254821777e-01,-2.954105148091912270e-03,2.953598275780677795e-03,7.258791923522949219e-01,6.878095269203186035e-01,7.865387015044689178e-04,-5.941987410187721252e-02,6.188731193542480469e-01,3.005014173686504364e-02,-6.469143182039260864e-02,4.278780892491340637e-02,-1.217465028166770935e-01,-1.127965748310089111e-03,-7.953972369432449341e-02,1.137471273541450500e-01,3.464783309027552605e-03,-8.231183513998985291e-03,-1.060590669512748718e-01,-7.082486897706985474e-02,-5.604712665081024170e-02,-2.829422056674957275e-02,1.550908684730529785e+00,-1.584451645612716675e-02,5.405928194522857666e-02,-5.185597389936447144e-02,1.562988877296447754e+00
-8.158995628356933594e+00,-1.638772130012512207e+00,6.602430343627929688e-01,-3.436204511672258377e-03,2.454294124618172646e-03,7.250434756278991699e-01,6.886901259422302246e-01,2.472680760547518730e-03,-5.669417232275009155e-02,6.211908459663391113e-01,3.071396984159946442e-02,-6.425343453884124756e-02,4.052068665623664856e-02,-1.123882755637168884e-01,2.780482172966003418e-03,-7.654391229152679443e-02,9.539916366338729858e-02,1.228041108697652817e-02,-9.510842151939868927e-03,-1.086930856108665466e-01,-5.765798315405845642e-02,-6.033304333686828613e-02,-3.324533998966217041e-02,1.555770158767700195e+00,-1.114623434841632843e-02,6.037668883800506592e-02,-5.744451284408569336e-02,1.560586810111999512e+00
-8.158120155334472656e+00,-1.637543916702270508e+00,6.604686975479125977e-01,-3.728032344952225685e-03,2.244957024231553078e-03,7.240256667137145996e-01,6.897593140602111816e-01,3.988626413047313690e-03,-5.373158678412437439e-02,6.238449811935424805e-01,3.165576606988906860e-02,-6.268945336341857910e-02,3.757346421480178833e-02,-1.052145287394523621e-01,6.247201003134250641e-03,-7.251694798469543457e-02,8.143360912799835205e-02,1.874189265072345734e-02,-1.151775196194648743e-02,-1.085329949855804443e-01,-4.442225396633148193e-02,-6.689401715993881226e-02,-4.085656628012657166e-02,1.557767868041992188e+00,-9.892527014017105103e-03,6.583850085735321045e-02,-5.520763993263244629e-02,1.562095284461975098e+00
-8.157172203063964844e+00,-1.636088013648986816e+00,6.606552004814147949e-01,-3.880305448547005653e-03,2.295505488291382790e-03,7.229428887367248535e-01,6.908930540084838867e-01,5.262446124106645584e-03,-5.094274133443832397e-02,6.268835067749023438e-01,3.419696167111396790e-02,-6.216978281736373901e-02,3.412956371903419495e-02,-9.945298731327056885e-02,9.131282567977905273e-03,-6.835849583148956299e-02,7.138364017009735107e-02,2.246680669486522675e-02,-1.325873378664255142e-02,-1.066211313009262085e-01,-3.208937495946884155e-02,-7.491290569305419922e-02,-4.453173279762268066e-02,1.558495640754699707e+00,-1.131295692175626755e-02,6.882467865943908691e-02,-4.719934239983558655e-02,1.565392255783081055e+00
-8.156339645385742188e+00,-1.634999394416809082e+00,6.608027815818786621e-01,-3.825967432931065559e-03,2.622615545988082886e-03,7.217369079589843750e-01,6.921519637107849121e-01,6.414708681404590607e-03,-4.902199283242225647e-02,6.302244663238525391e-01,3.555318340659141541e-02,-6.126715615391731262e-02,3.125045076012611389e-02,-9.610961377620697021e-02,1.109937857836484909e-02,-6.455944478511810303e-02,6.540354341268539429e-02,2.474683523178100586e-02,-1.516904961317777634e-02,-1.033092439174652100e-01,-2.043276838958263397e-02,-8.398088067770004272e-02,-4.156617447733879089e-02,1.558798313140869141e+00,-1.389207877218723297e-02,6.924750655889511108e-02,-3.764307871460914612e-02,1.568580985069274902e+00
-8.155033111572265625e+00,-1.634387373924255371e+00,6.608746647834777832e-01,-3.570396220311522484e-03,3.027499420568346977e-03,7.204097509384155273e-01,6.935328841209411621e-01,7.807440590113401413e-03,-4.842579364776611328e-02,6.340999007225036621e-01,3.460541740059852600e-02,-5.862742289900779724e-02,2.891431748867034912e-02,-9.526026993989944458e-02,1.244130730628967285e-02,-6.017848104238510132e-02,6.301978230476379395e-02,2.612286061048507690e-02,-1.684743165969848633e-02,-9.913147240877151489e-02,-1.079143024981021881e-02,-9.277048707008361816e-02,-3.599319979548454285e-02,1.557860970497131348e+00,-1.777703501284122467e-02,6.720523536205291748e-02,-2.760252356529235840e-02,1.570793628692626953e+00
-8.154374122619628906e+00,-1.634068012237548828e+00,6.610156893730163574e-01,-3.265687497332692146e-03,3.556732786819338799e-03,7.189564108848571777e-01,6.950383782386779785e-01,7.487076334655284882e-03,-4.736871644854545593e-02,6.381224393844604492e-01,3.587042912840843201e-02,-5.548981577157974243e-02,2.664314210414886475e-02,-9.598743170499801636e-02,1.307973265647888184e-02,-5.554777756333351135e-02,6.273521482944488525e-02,2.653418108820915222e-02,-1.836714893579483032e-02,-9.372199326753616333e-02,-4.894167184829711914e-03,-9.939272701740264893e-02,-3.149713575839996338e-02,1.556825995445251465e+00,-2.412728779017925262e-02,6.501878798007965088e-02,-1.579223573207855225e-02,1.570799946784973145e+00
-8.153383255004882812e+00,-1.634027361869812012e+00,6.611254811286926270e-01,-3.077423665672540665e-03,4.152263980358839035e-03,7.179185748100280762e-01,6.961079239845275879e-01,2.010223921388387680e-03,-4.304567724466323853e-02,6.407823562622070312e-01,4.804977402091026306e-02,-5.501768365502357483e-02,2.490937523543834686e-02,-9.657412767410278320e-02,1.353537850081920624e-02,-5.266191065311431885e-02,6.118519231677055359e-02,2.851302549242973328e-02,-1.965495944023132324e-02,-8.829504251480102539e-02,-3.451923141255974770e-03,-1.010016500949859619e-01,-3.191195055842399597e-02,1.556590676307678223e+00,-3.097284585237503052e-02,6.354945898056030273e-02,-3.816784359514713287e-03,1.570799946784973145e+00
-8.152615547180175781e+00,-1.634326219558715820e+00,6.612650156021118164e-01,-3.002793062478303909e-03,4.568180069327354431e-03,7.179084420204162598e-01,6.961160898208618164e-01,-7.194684352725744247e-03,-3.608405962586402893e-02,6.400269865989685059e-01,6.727943569421768188e-02,-5.507996678352355957e-02,2.397637441754341125e-02,-9.699087589979171753e-02,1.412757020443677902e-02,-5.233198031783103943e-02,5.965142324566841125e-02,2.983743697404861450e-02,-2.085105888545513153e-02,-8.425231277942657471e-02,-7.419144269078969955e-03,-9.863030165433883667e-02,-4.091474786400794983e-02,1.556898593902587891e+00,-3.916021063923835754e-02,6.269655376672744751e-02,9.312723763287067413e-03,1.570799946784973145e+00
-8.152248382568359375e+00,-1.634955167770385742e+00,6.613593101501464844e-01,-3.208869369700551033e-03,4.963847342878580093e-03,7.191669344902038574e-01,6.948122382164001465e-01,-2.165316231548786163e-02,-2.614147216081619263e-02,6.341915726661682129e-01,9.404406696557998657e-02,-5.466866120696067810e-02,2.372126653790473938e-02,-9.679145365953445435e-02,1.455876883119344711e-02,-5.561198666691780090e-02,5.671600624918937683e-02,3.149937838315963745e-02,-2.193013764917850494e-02,-8.228714019060134888e-02,-1.506396010518074036e-02,-9.421449154615402222e-02,-5.527678504586219788e-02,1.556506752967834473e+00,-4.814112186431884766e-02,6.260398775339126587e-02,2.444275096058845520e-02,1.570799946784973145e+00
-8.151791572570800781e+00,-1.636040329933166504e+00,6.613311767578125000e-01,-3.594217589125037193e-03,5.279848352074623108e-03,7.215656042098999023e-01,6.923165917396545410e-01,-4.079072549939155579e-02,-1.458630990236997604e-02,6.201912760734558105e-01,1.271152794361114502e-01,-5.383543670177459717e-02,2.445779182016849518e-02,-9.574385732412338257e-02,1.457554381340742111e-02,-6.213966757059097290e-02,5.070115998387336731e-02,3.455106541514396667e-02,-2.228299528360366821e-02,-8.205195516347885132e-02,-2.552806027233600616e-02,-8.766076713800430298e-02,-7.264597713947296143e-02,1.553995370864868164e+00,-5.766721442341804504e-02,6.333362311124801636e-02,4.099381342530250549e-02,1.570799946784973145e+00
-8.151808738708496094e+00,-1.637423396110534668e+00,6.612854003906250000e-01,-4.460078664124011993e-03,5.533290561288595200e-03,7.240138649940490723e-01,6.897488236427307129e-01,-6.230730190873146057e-02,-2.008631359785795212e-03,5.976094603538513184e-01,1.604704856872558594e-01,-5.118779093027114868e-02,2.512419223785400391e-02,-9.326980262994766235e-02,1.529990509152412415e-02,-6.926355510950088501e-02,3.970073908567428589e-02,4.050469025969505310e-02,-2.243307977914810181e-02,-8.111473917961120605e-02,-3.707467019557952881e-02,-8.129729330539703369e-02,-8.730281144380569458e-02,1.550204157829284668e+00,-6.523185968399047852e-02,6.320676952600479126e-02,5.431970581412315369e-02,1.570799946784973145e+00
-8.151545524597167969e+00,-1.638247728347778320e+00,6.612906455993652344e-01,-5.778581369668245316e-03,5.997934378683567047e-03,7.262143492698669434e-01,6.874178647994995117e-01,-7.985490560531616211e-02,7.508427370339632034e-03,5.743924975395202637e-01,1.847846359014511108e-01,-4.981819912791252136e-02,2.503792382776737213e-02,-8.996390551328659058e-02,1.629776135087013245e-02,-7.559330016374588013e-02,2.649678289890289307e-02,4.726221784949302673e-02,-2.272368595004081726e-02,-8.036740869283676147e-02,-4.735774174332618713e-02,-7.628419995307922363e-02,-9.685432165861129761e-02,1.543398857116699219e+00,-7.053824514150619507e-02,6.238132715225219727e-02,6.638510525226593018e-02,1.569884181022644043e+00
-8.150938987731933594e+00,-1.638185739517211914e+00,6.612681150436401367e-01,-7.747255731374025345e-03,6.673444528132677078e-03,7.275775671005249023e-01,6.859492063522338867e-01,-8.714202046394348145e-02,1.147574465721845627e-02,5.599958896636962891e-01,1.890735328197479248e-01,-5.051584169268608093e-02,2.377037331461906433e-02,-8.719174563884735107e-02,1.925765164196491241e-02,-8.034376055002212524e-02,1.400980073958635330e-02,5.335337668657302856e-02,-2.374406717717647552e-02,-8.001014590263366699e-02,-5.304132029414176941e-02,-7.257574051618576050e-02,-1.003039553761482239e-01,1.532115578651428223e+00,-7.456734031438827515e-02,6.121625006198883057e-02,8.098719269037246704e-02,1.559690952301025391e+00
-8.150104522705078125e+00,-1.637412071228027344e+00,6.613177061080932617e-01,-1.015847735106945038e-02,7.592171430587768555e-03,7.285856604576110840e-01,6.848372817039489746e-01,-8.528146147727966309e-02,1.074894331395626068e-02,5.534713864326477051e-01,1.749286800622940063e-01,-5.146276578307151794e-02,2.268340066075325012e-02,-8.494640886783599854e-02,2.281034924089908600e-02,-8.438315987586975098e-02,2.046648645773530006e-03,5.890921875834465027e-02,-2.488563582301139832e-02,-8.179376274347305298e-02,-5.271797627210617065e-02,-7.022050768136978149e-02,-1.012082844972610474e-01,1.516483426094055176e+00,-7.757393270730972290e-02,5.998551100492477417e-02,9.707142412662506104e-02,1.545148611068725586e+00
-8.149664878845214844e+00,-1.636158466339111328e+00,6.614353656768798828e-01,-1.300495117902755737e-02,8.807495236396789551e-03,7.304164171218872070e-01,6.828214526176452637e-01,-7.998105883598327637e-02,6.351741030812263489e-03,5.472463965415954590e-01,1.478236168622970581e-01,-4.816672205924987793e-02,2.251364476978778839e-02,-8.643721789121627808e-02,2.561214193701744080e-02,-9.069233387708663940e-02,2.241279215430872029e-19,5.728488042950630188e-02,-2.567553892731666565e-02,-8.586739748716354370e-02,-4.921701923012733459e-02,-6.971616297960281372e-02,-1.048148721456527710e-01,1.502718925476074219e+00,-7.801237702369689941e-02,5.873722955584526062e-02,1.059022620320320129e-01,1.529608726501464844e+00
-8.149116516113281250e+00,-1.635127663612365723e+00,6.615489721298217773e-01,-1.611291430890560150e-02,1.007033791393041611e-02,7.332445979118347168e-01,6.796994805335998535e-01,-7.496865093708038330e-02,1.187187968753278255e-03,5.395394563674926758e-01,1.178269088268280029e-01,-4.236312955617904663e-02,2.321259863674640656e-02,-8.913964778184890747e-02,2.822987735271453857e-02,-9.968563914299011230e-02,-2.953394610380769366e-19,5.420254543423652649e-02,-2.617561817169189453e-02,-9.170197695493698120e-02,-4.698370024561882019e-02,-7.100311666727066040e-02,-1.157895550131797791e-01,1.496469736099243164e+00,-7.490722835063934326e-02,5.858784541487693787e-02,1.020816788077354431e-01,1.515607118606567383e+00
-8.148808479309082031e+00,-1.634485721588134766e+00,6.615757942199707031e-01,-1.924296841025352478e-02,1.144293788820505142e-02,7.362331748008728027e-01,6.763575077056884766e-01,-6.923297047615051270e-02,-4.427944310009479523e-03,5.313197374343872070e-01,8.435904979705810547e-02,-3.251562267541885376e-02,2.359917387366294861e-02,-9.269728511571884155e-02,3.085372783243656158e-02,-1.086745262145996094e-01,-7.688201769040559214e-19,5.165031924843788147e-02,-2.674553915858268738e-02,-9.685856103897094727e-02,-4.653413966298103333e-02,-7.322532683610916138e-02,-1.324866712093353271e-01,1.495918512344360352e+00,-7.016663998365402222e-02,5.992586165666580200e-02,9.434142708778381348e-02,1.505628466606140137e+00
-8.148306846618652344e+00,-1.633952140808105469e+00,6.617112755775451660e-01,-2.219869196414947510e-02,1.298260688781738281e-02,7.390220165252685547e-01,6.731902360916137695e-01,-6.310687959194183350e-02,-1.043909229338169098e-02,5.237150192260742188e-01,5.083015561103820801e-02,-2.030012570321559906e-02,2.390660531818866730e-02,-9.629402309656143188e-02,3.272413462400436401e-02,-1.169222891330718994e-01,7.800943901592122658e-19,4.941841587424278259e-02,-2.734231017529964447e-02,-9.956453740596771240e-02,-4.770242795348167419e-02,-7.596624642610549927e-02,-1.510510742664337158e-01,1.499649882316589355e+00,-6.541991233825683594e-02,6.323693692684173584e-02,9.074556827545166016e-02,1.500316619873046875e+00
-8.148083686828613281e+00,-1.633305072784423828e+00,6.618257761001586914e-01,-2.465271949768066406e-02,1.451043412089347839e-02,7.417298555374145508e-01,6.700884699821472168e-01,-5.566012859344482422e-02,-1.716367714107036591e-02,5.160787105560302734e-01,1.609223894774913788e-02,-5.181198008358478546e-03,2.414778992533683777e-02,-9.931577742099761963e-02,3.390395268797874451e-02,-1.251668035984039307e-01,6.560656883420924667e-19,4.693228751420974731e-02,-2.765536122024059296e-02,-1.018987670540809631e-01,-4.904705286026000977e-02,-7.841271907091140747e-02,-1.662530153989791870e-01,1.506337881088256836e+00,-6.312425434589385986e-02,6.706288456916809082e-02,9.231343865394592285e-02,1.500523686408996582e+00
-8.148040771484375000e+00,-1.632414937019348145e+00,6.619308590888977051e-01,-2.666819095611572266e-02,1.586689427495002747e-02,7.439081072807312012e-01,6.675610542297363281e-01,-5.362189561128616333e-02,-2.022781036794185638e-02,5.101296305656433105e-01,-1.123512793723744814e-18,2.439602976664900780e-04,2.398481406271457672e-02,-1.009775102138519287e-01,3.421387448906898499e-02,-1.321733891963958740e-01,-1.459659142330593988e-18,4.417688399553298950e-02,-2.740410529077053070e-02,-1.031713113188743591e-01,-4.961895197629928589e-02,-8.184172213077545166e-02,-1.741680055856704712e-01,1.514459371566772461e+00,-6.260640174150466919e-02,7.071974128484725952e-02,9.654760360717773438e-02,1.505319237709045410e+00
-8.147952079772949219e+00,-1.631151795387268066e+00,6.620053648948669434e-01,-2.819268591701984406e-02,1.709576882421970367e-02,7.453891038894653320e-01,6.658137440681457520e-01,-5.572964251041412354e-02,-1.998704671859741211e-02,5.061206817626953125e-01,-1.015356447090598786e-18,-3.102404531091451645e-03,2.333846874535083771e-02,-1.016924008727073669e-01,3.439087048172950745e-02,-1.376475393772125244e-01,-8.214168697435464626e-19,4.111504554748535156e-02,-2.725955285131931305e-02,-1.032172664999961853e-01,-4.802314937114715576e-02,-8.532700687646865845e-02,-1.752155274152755737e-01,1.521084070205688477e+00,-6.340899318456649780e-02,7.355010509490966797e-02,1.008656993508338928e-01,1.512855052947998047e+00
-8.147869110107421875e+00,-1.629917263984680176e+00,6.620526909828186035e-01,-2.942381426692008972e-02,1.800040714442729950e-02,7.465787529945373535e-01,6.644022464752197266e-01,-5.697808414697647095e-02,-1.999972388148307800e-02,5.031904578208923340e-01,3.169247598021635076e-18,-5.538974422961473465e-03,2.237634360790252686e-02,-1.015458777546882629e-01,3.450240567326545715e-02,-1.416936665773391724e-01,4.285061098001312878e-18,3.797394037246704102e-02,-2.707909606397151947e-02,-1.030725762248039246e-01,-4.462855309247970581e-02,-8.871212601661682129e-02,-1.710307598114013672e-01,1.526463985443115234e+00,-6.526318937540054321e-02,7.498410344123840332e-02,1.063475459814071655e-01,1.521013975143432617e+00
-8.147912979125976562e+00,-1.629051923751831055e+00,6.621242165565490723e-01,-3.027607128024101257e-02,1.898347586393356323e-02,7.475352883338928223e-01,6.632601022720336914e-01,-5.847998708486557007e-02,-2.033546194434165955e-02,5.003915429115295410e-01,5.010959234811510185e-18,-7.046919781714677811e-03,2.216997928917407990e-02,-1.019994691014289856e-01,3.408263623714447021e-02,-1.446261107921600342e-01,-7.980919791319879037e-19,3.590284660458564758e-02,-2.665894664824008942e-02,-1.029296368360519409e-01,-4.083086177706718445e-02,-9.052923321723937988e-02,-1.666756123304367065e-01,1.531364321708679199e+00,-6.638386845588684082e-02,7.635470479726791382e-02,1.113453581929206848e-01,1.526896476745605469e+00
-8.147900581359863281e+00,-1.628446936607360840e+00,6.621915698051452637e-01,-3.108716197311878204e-02,1.962667703628540039e-02,7.484916448593139648e-01,6.621243357658386230e-01,-5.994725227355957031e-02,-2.066912129521369934e-02,4.975920021533966064e-01,-7.793236646234659822e-19,-7.494668941944837570e-03,2.228419668972492218e-02,-1.023444607853889465e-01,3.373282775282859802e-02,-1.478653699159622192e-01,5.794785243509102297e-18,3.447102755308151245e-02,-2.613081783056259155e-02,-1.032903641462326050e-01,-3.874212503433227539e-02,-9.116353094577789307e-02,-1.666458696126937866e-01,1.535660505294799805e+00,-6.554747372865676880e-02,7.710960507392883301e-02,1.146710440516471863e-01,1.528388381004333496e+00
-8.148132324218750000e+00,-1.627877116203308105e+00,6.621991991996765137e-01,-3.148913383483886719e-02,2.013265155255794525e-02,7.493954896926879883e-01,6.610669493675231934e-01,-6.065756082534790039e-02,-2.145282179117202759e-02,4.948956668376922607e-01,-1.594308408943073072e-17,-8.373445831239223480e-03,2.217565849423408508e-02,-1.019537374377250671e-01,3.304262459278106689e-02,-1.506009548902511597e-01,-8.541585912435618268e-19,3.294733539223670959e-02,-2.555419877171516418e-02,-1.040039807558059692e-01,-3.832413256168365479e-02,-9.007804095745086670e-02,-1.692158281803131104e-01,1.539886593818664551e+00,-6.412295997142791748e-02,7.775878161191940308e-02,1.174768060445785522e-01,1.528776645660400391e+00
-8.148545265197753906e+00,-1.627231478691101074e+00,6.622110605239868164e-01,-3.135811164975166321e-02,2.019553072750568390e-02,7.499110102653503418e-01,6.604864597320556641e-01,-5.951094254851341248e-02,-2.214799448847770691e-02,4.934424459934234619e-01,5.588508732614916126e-18,-9.479557164013385773e-03,2.216176129877567291e-02,-1.002223938703536987e-01,3.224090114235877991e-02,-1.524034291505813599e-01,8.113668837949685992e-19,3.169069811701774597e-02,-2.489775419235229492e-02,-1.041575521230697632e-01,-4.009374976158142090e-02,-8.828981965780258179e-02,-1.724691241979598999e-01,1.544844746589660645e+00,-6.216434761881828308e-02,7.779704034328460693e-02,1.191356256604194641e-01,1.528516292572021484e+00
-8.149444580078125000e+00,-1.626572608947753906e+00,6.622793674468994141e-01,-3.069256059825420380e-02,1.975283958017826080e-02,7.502134442329406738e-01,6.601875424385070801e-01,-5.677667632699012756e-02,-2.281508222222328186e-02,4.927072525024414062e-01,-7.443519572498265676e-18,-1.086213905364274979e-02,2.180335670709609985e-02,-9.712489694356918335e-02,3.181870281696319580e-02,-1.535721123218536377e-01,-1.581487750513475872e-18,3.036062978208065033e-02,-2.455092780292034149e-02,-1.039425358176231384e-01,-4.286260530352592468e-02,-8.581271022558212280e-02,-1.748573482036590576e-01,1.550459623336791992e+00,-5.928000062704086304e-02,7.823444157838821411e-02,1.185273155570030212e-01,1.527888417243957520e+00
-8.149504661560058594e+00,-1.625606298446655273e+00,6.622959971427917480e-01,-2.943912521004676819e-02,1.893045194447040558e-02,7.501866817474365234e-01,6.602990627288818359e-01,-5.200982093811035156e-02,-2.328790351748466492e-02,4.926747977733612061e-01,-1.605741099663836920e-19,-1.229360885918140411e-02,2.125578932464122772e-02,-9.225808829069137573e-02,3.108844161033630371e-02,-1.538519263267517090e-01,5.633196338027480894e-18,2.883880585432052612e-02,-2.408364787697792053e-02,-1.033424809575080872e-01,-4.533121734857559204e-02,-8.359315991401672363e-02,-1.757351756095886230e-01,1.555645108222961426e+00,-5.502396076917648315e-02,7.885172218084335327e-02,1.169546619057655334e-01,1.527864933013916016e+00
-8.149325370788574219e+00,-1.624515414237976074e+00,6.622446179389953613e-01,-2.786297537386417389e-02,1.780933514237403870e-02,7.499951720237731934e-01,6.606161594390869141e-01,-4.620189592242240906e-02,-2.394830249249935150e-02,4.929890930652618408e-01,1.035766363563278133e-17,-1.405776198953390121e-02,2.065375447273254395e-02,-8.689139038324356079e-02,3.056968003511428833e-02,-1.533878445625305176e-01,4.283275215058810891e-18,2.748858742415904999e-02,-2.343967743217945099e-02,-1.027507781982421875e-01,-4.604551568627357483e-02,-8.229458332061767578e-02,-1.745437085628509521e-01,1.559258103370666504e+00,-5.050958320498466492e-02,7.972712069749832153e-02,1.165034100413322449e-01,1.528593182563781738e+00
-8.149682998657226562e+00,-1.623431682586669922e+00,6.623168587684631348e-01,-2.635059691965579987e-02,1.655605062842369080e-02,7.499181628227233887e-01,6.607982516288757324e-01,-4.034354165196418762e-02,-2.436657622456550598e-02,4.934332370758056641e-01,-6.799507353247142790e-19,-1.534561719745397568e-02,1.986381225287914276e-02,-8.091684430837631226e-02,3.013534843921661377e-02,-1.530176401138305664e-01,2.045965484291215988e-18,2.565765008330345154e-02,-2.302918210625648499e-02,-1.026885807514190674e-01,-4.536437243223190308e-02,-8.114177733659744263e-02,-1.739807426929473877e-01,1.560937762260437012e+00,-4.667244479060173035e-02,8.118668198585510254e-02,1.168470457196235657e-01,1.531417489051818848e+00
-8.149739265441894531e+00,-1.622228980064392090e+00,6.623208522796630859e-01,-2.478668838739395142e-02,1.542455237358808517e-02,7.498394846916198730e-01,6.609753966331481934e-01,-3.432212769985198975e-02,-2.460511587560176849e-02,4.939899146556854248e-01,6.615347997571399474e-18,-1.639962941408157349e-02,1.877009123563766479e-02,-7.496111840009689331e-02,2.995014190673828125e-02,-1.527437120676040649e-01,-2.074579109245497183e-18,2.379762195050716400e-02,-2.268744073808193207e-02,-1.019225344061851501e-01,-4.554491862654685974e-02,-8.011271059513092041e-02,-1.760244816541671753e-01,1.562145471572875977e+00,-4.389627650380134583e-02,8.278433978557586670e-02,1.175187677145004272e-01,1.536408066749572754e+00
-8.149735450744628906e+00,-1.620857954025268555e+00,6.623875498771667480e-01,-2.325735613703727722e-02,1.437346078455448151e-02,7.496443390846252441e-01,6.612759232521057129e-01,-2.829061448574066162e-02,-2.522235549986362457e-02,4.945107996463775635e-01,2.242516832723616212e-18,-1.801327802240848541e-02,1.765569671988487244e-02,-6.884774565696716309e-02,2.953303605318069458e-02,-1.521193683147430420e-01,-1.101449922233000752e-18,2.194676175713539124e-02,-2.241806127130985260e-02,-1.006765663623809814e-01,-4.730490967631340027e-02,-8.013086766004562378e-02,-1.800145655870437622e-01,1.563709378242492676e+00,-4.222941398620605469e-02,8.435877412557601929e-02,1.187937781214714050e-01,1.543912410736083984e+00
-8.149852752685546875e+00,-1.619371414184570312e+00,6.624015569686889648e-01,-2.168770693242549896e-02,1.317498832941055298e-02,7.493903636932373047e-01,6.616420149803161621e-01,-2.149637974798679352e-02,-2.539222501218318939e-02,4.956104755401611328e-01,1.035139443377024193e-17,-2.020814456045627594e-02,1.613229326903820038e-02,-6.254938244819641113e-02,2.953442372381687164e-02,-1.512115150690078735e-01,-3.926776087480094471e-18,1.960390992462635040e-02,-2.233297191560268402e-02,-9.872294962406158447e-02,-4.914978146553039551e-02,-8.044377714395523071e-02,-1.830301433801651001e-01,1.564395785331726074e+00,-4.236519336700439453e-02,8.610344678163528442e-02,1.200089454650878906e-01,1.552730798721313477e+00
-8.150146484375000000e+00,-1.617885351181030273e+00,6.624156236648559570e-01,-2.023143507540225983e-02,1.209812983870506287e-02,7.490710020065307617e-01,6.620701551437377930e-01,-1.501837559044361115e-02,-2.577584050595760345e-02,4.966557919979095459e-01,-6.322266326015286026e-18,-2.221262454986572266e-02,1.489243749529123306e-02,-5.651955679059028625e-02,2.908731997013092041e-02,-1.504466831684112549e-01,2.526154583226211743e-18,1.745295338332653046e-02,-2.183845452964305878e-02,-9.713540226221084595e-02,-5.044379085302352905e-02,-8.064027130603790283e-02,-1.830779165029525757e-01,1.563084244728088379e+00,-4.323275014758110046e-02,8.719238638877868652e-02,1.198753267526626587e-01,1.560808658599853516e+00
-8.150202751159667969e+00,-1.616399407386779785e+00,6.624302268028259277e-01,-1.894182711839675903e-02,1.129763294011354446e-02,7.486313581466674805e-01,6.626195311546325684e-01,-8.982461877167224884e-03,-2.624686993658542633e-02,4.982125759124755859e-01,1.268325049496234162e-17,-2.458222769200801849e-02,1.326600089669227600e-02,-5.102117359638214111e-02,2.875708416104316711e-02,-1.491352319717407227e-01,4.230036216473672924e-18,1.524627022445201874e-02,-2.171992510557174683e-02,-9.537931531667709351e-02,-5.104821175336837769e-02,-8.103106915950775146e-02,-1.811325252056121826e-01,1.560030221939086914e+00,-4.361465945839881897e-02,8.738077431917190552e-02,1.179681271314620972e-01,1.565557122230529785e+00
-8.150319099426269531e+00,-1.615143299102783203e+00,6.624394655227661133e-01,-1.770874112844467163e-02,1.061703357845544815e-02,7.481296658515930176e-01,6.632312536239624023e-01,-3.609710605815052986e-03,-2.692713588476181030e-02,4.998725354671478271e-01,-1.139380661452895485e-17,-2.664655447006225586e-02,1.225638762116432190e-02,-4.631226509809494019e-02,2.835127897560596466e-02,-1.474163532257080078e-01,8.606384966876337936e-18,1.349563337862491608e-02,-2.121466770768165588e-02,-9.363247454166412354e-02,-5.140098184347152710e-02,-8.147163689136505127e-02,-1.782106757164001465e-01,1.556005716323852539e+00,-4.311490431427955627e-02,8.661480247974395752e-02,1.147908791899681091e-01,1.566401481628417969e+00
-8.150496482849121094e+00,-1.613944292068481445e+00,6.624556183815002441e-01,-1.669267565011978149e-02,1.002928148955106735e-02,7.476232051849365234e-01,6.638375520706176758e-01,8.884125272743403912e-04,-2.743862383067607880e-02,5.015308856964111328e-01,-2.935686999911481849e-19,-2.872292697429656982e-02,1.107635628432035446e-02,-4.243966192007064819e-02,2.781783603131771088e-02,-1.458460241556167603e-01,7.829977941092733929e-19,1.191352959722280502e-02,-2.106653526425361633e-02,-9.135909378528594971e-02,-5.151957273483276367e-02,-8.209069073200225830e-02,-1.752363890409469604e-01,1.551505327224731445e+00,-4.197745397686958313e-02,8.562809228897094727e-02,1.112841814756393433e-01,1.564342617988586426e+00
-8.150614738464355469e+00,-1.612863898277282715e+00,6.624043583869934082e-01,-1.601020246744155884e-02,9.652831591665744781e-03,7.472836375236511230e-01,6.642421483993530273e-01,4.961670842021703720e-03,-2.801447361707687378e-02,5.026018023490905762e-01,-1.205770516043464750e-20,-3.092235326766967773e-02,1.004898268729448318e-02,-3.893425315618515015e-02,2.738920412957668304e-02,-1.447789371013641357e-01,1.269446995920070461e-18,1.056716032326221466e-02,-2.056097984313964844e-02,-9.014017134904861450e-02,-5.159858986735343933e-02,-8.317565172910690308e-02,-1.734742820262908936e-01,1.547648310661315918e+00,-4.059798642992973328e-02,8.467742800712585449e-02,1.088823527097702026e-01,1.560235142707824707e+00
-8.150790214538574219e+00,-1.611719012260437012e+00,6.624144911766052246e-01,-1.546779554337263107e-02,9.458811022341251373e-03,7.469412684440612793e-01,6.646428108215332031e-01,8.214930072426795959e-03,-2.877823635935783386e-02,5.034596920013427734e-01,-1.229335808605485947e-17,-3.235954791307449341e-02,9.067987091839313507e-03,-3.602936491370201111e-02,2.689015865325927734e-02,-1.436468809843063354e-01,-1.303944273853380087e-17,8.898300118744373322e-03,-2.046670019626617432e-02,-8.925802260637283325e-02,-5.166422575712203979e-02,-8.496784418821334839e-02,-1.723994612693786621e-01,1.544307112693786621e+00,-4.068103060126304626e-02,8.462917059659957886e-02,1.081014648079872131e-01,1.557009339332580566e+00
-8.151146888732910156e+00,-1.610693216323852539e+00,6.624158024787902832e-01,-1.504519581794738770e-02,9.451503865420818329e-03,7.465379238128662109e-01,6.651055812835693359e-01,1.084274053573608398e-02,-2.954425476491451263e-02,5.046256780624389648e-01,3.165351577336510316e-18,-3.377503901720046997e-02,8.073148317635059357e-03,-3.395215794444084167e-02,2.622278966009616852e-02,-1.423468589782714844e-01,-1.327250832074612939e-17,7.760515902191400528e-03,-1.992478780448436737e-02,-8.838558942079544067e-02,-5.132179334759712219e-02,-8.722063899040222168e-02,-1.709810346364974976e-01,1.541735768318176270e+00,-4.149108752608299255e-02,8.511902391910552979e-02,1.079728156328201294e-01,1.555178523063659668e+00
-8.151321411132812500e+00,-1.609789133071899414e+00,6.624280810356140137e-01,-1.468908786773681641e-02,9.566759690642356873e-03,7.460745573043823242e-01,6.656316518783569336e-01,1.324112340807914734e-02,-3.034244291484355927e-02,5.059605836868286133e-01,2.845816876586104182e-18,-3.520828485488891602e-02,7.409622892737388611e-03,-3.243268653750419617e-02,2.519288659095764160e-02,-1.408703625202178955e-01,-2.954377300948482363e-18,6.844840943813323975e-03,-1.945229433476924896e-02,-8.751081675291061401e-02,-5.059678480029106140e-02,-8.970563113689422607e-02,-1.699019223451614380e-01,1.540751457214355469e+00,-4.213041439652442932e-02,8.572562783956527710e-02,1.074235886335372925e-01,1.554524302482604980e+00
-8.151498794555664062e+00,-1.608949542045593262e+00,6.624335646629333496e-01,-1.448018942028284073e-02,9.656864218413829803e-03,7.455518841743469238e-01,6.662202477455139160e-01,1.508937589824199677e-02,-3.096626140177249908e-02,5.076449513435363770e-01,3.751289668828181365e-19,-3.639489412307739258e-02,6.853026337921619415e-03,-3.116740658879280090e-02,2.474731765687465668e-02,-1.392625272274017334e-01,1.695841127500716045e-18,6.406976841390132904e-03,-1.932029984891414642e-02,-8.663583546876907349e-02,-4.949106276035308838e-02,-9.204677492380142212e-02,-1.692437827587127686e-01,1.541172027587890625e+00,-4.234169051051139832e-02,8.639647811651229858e-02,1.069878637790679932e-01,1.554877877235412598e+00
-8.151498794555664062e+00,-1.608230471611022949e+00,6.624343991279602051e-01,-1.433785911649465561e-02,9.745901450514793396e-03,7.450284361839294434e-01,6.668073534965515137e-01,1.651572622358798981e-02,-3.123824298381805420e-02,5.091561079025268555e-01,5.614078953300461594e-18,-3.729045018553733826e-02,5.855674855411052704e-03,-3.012455441057682037e-02,2.459581755101680756e-02,-1.376711726188659668e-01,3.354281490400000081e-18,5.730750970542430878e-03,-1.929586194455623627e-02,-8.488659560680389404e-02,-4.806485399603843689e-02,-9.478868544101715088e-02,-1.695217788219451904e-01,1.542441248893737793e+00,-4.231314361095428467e-02,8.692164719104766846e-02,1.060070097446441650e-01,1.556041121482849121e+00
-8.151496887207031250e+00,-1.607633113861083984e+00,6.624887585639953613e-01,-1.419719401746988297e-02,9.835228323936462402e-03,7.443876266479492188e-01,6.675243377685546875e-01,1.802819594740867615e-02,-3.146412968635559082e-02,5.111860632896423340e-01,5.146587490358461091e-18,-3.757485747337341309e-02,4.991720896214246750e-03,-2.944308146834373474e-02,2.445340529084205627e-02,-1.357764899730682373e-01,2.335047117200176132e-18,5.329167470335960388e-03,-1.915244758129119873e-02,-8.382812887430191040e-02,-4.647614061832427979e-02,-9.733559936285018921e-02,-1.698237508535385132e-01,1.544511318206787109e+00,-4.211789369583129883e-02,8.713192492723464966e-02,1.056103110313415527e-01,1.557846307754516602e+00
-8.151432037353515625e+00,-1.607153177261352539e+00,6.624842882156372070e-01,-1.406296528875827789e-02,1.010666415095329285e-02,7.434532642364501953e-01,6.685636043548583984e-01,1.900393702089786530e-02,-3.204184025526046753e-02,5.139083266258239746e-01,-6.267203704372198340e-19,-3.745270520448684692e-02,4.146424587815999985e-03,-2.947727777063846588e-02,2.380318380892276764e-02,-1.330073028802871704e-01,9.077155787356804917e-18,5.326512269675731659e-03,-1.927082985639572144e-02,-8.189911395311355591e-02,-4.449981451034545898e-02,-9.940859675407409668e-02,-1.696727126836776733e-01,1.546738028526306152e+00,-4.131532460451126099e-02,8.754785358905792236e-02,1.043143793940544128e-01,1.559268116950988770e+00
-8.151369094848632812e+00,-1.606789112091064453e+00,6.625416874885559082e-01,-1.398775726556777954e-02,1.044200547039508820e-02,7.423417568206787109e-01,6.697940230369567871e-01,1.968660205602645874e-02,-3.254824131727218628e-02,5.171497464179992676e-01,6.195356140534337755e-18,-3.752787411212921143e-02,3.617941169068217278e-03,-3.021268174052238464e-02,2.322357520461082458e-02,-1.295683383941650391e-01,2.752304521927290679e-18,5.840400233864784241e-03,-1.934409141540527344e-02,-7.979917526245117188e-02,-4.233984649181365967e-02,-1.010880619287490845e-01,-1.689759492874145508e-01,1.549639582633972168e+00,-4.075193032622337341e-02,8.794291317462921143e-02,1.033852398395538330e-01,1.561195611953735352e+00
-8.151363372802734375e+00,-1.606608152389526367e+00,6.625853180885314941e-01,-1.386115700006484985e-02,1.096463017165660858e-02,7.412853240966796875e-01,6.709573268890380859e-01,2.002445980906486511e-02,-3.313884511590003967e-02,5.204067826271057129e-01,2.447725453446996424e-18,-3.725166618824005127e-02,2.699175616726279259e-03,-3.097981959581375122e-02,2.272340841591358185e-02,-1.264938414096832275e-01,8.162873056301943428e-18,6.537960376590490341e-03,-1.948560588061809540e-02,-7.839255779981613159e-02,-4.088176414370536804e-02,-1.021510362625122070e-01,-1.688150763511657715e-01,1.552370905876159668e+00,-4.034900292754173279e-02,8.901282399892807007e-02,1.025249585509300232e-01,1.563633084297180176e+00
-8.151058197021484375e+00,-1.606365919113159180e+00,6.626310348510742188e-01,-1.372749079018831253e-02,1.149516552686691284e-02,7.402858138084411621e-01,6.720538139343261719e-01,2.020361274480819702e-02,-3.374677896499633789e-02,5.231232643127441406e-01,3.622966710559780807e-18,-3.630016744136810303e-02,1.954241655766963959e-03,-3.200551122426986694e-02,2.212719433009624481e-02,-1.239232197403907776e-01,-1.984417663248135996e-18,7.356726098805665970e-03,-2.001822181046009064e-02,-7.769073545932769775e-02,-3.943654522299766541e-02,-1.024544388055801392e-01,-1.688542068004608154e-01,1.554605960845947266e+00,-3.991685435175895691e-02,8.948808908462524414e-02,1.015737876296043396e-01,1.565546631813049316e+00
-8.150753974914550781e+00,-1.606122851371765137e+00,6.626170873641967773e-01,-1.342102047055959702e-02,1.215291954576969147e-02,7.395184040069580078e-01,6.728928089141845703e-01,2.023637853562831879e-02,-3.449989482760429382e-02,5.254021286964416504e-01,-2.671048502404675388e-18,-3.492672741413116455e-02,9.936095448210835457e-04,-3.265535458922386169e-02,2.119520120322704315e-02,-1.215569153428077698e-01,2.800384188236782275e-18,7.768481038510799408e-03,-2.042836882174015045e-02,-7.750449329614639282e-02,-3.884233534336090088e-02,-1.022635325789451599e-01,-1.688725948333740234e-01,1.556835174560546875e+00,-3.909392654895782471e-02,9.016815572977066040e-02,9.990804642438888550e-02,1.567149162292480469e+00
-8.150390625000000000e+00,-1.605879902839660645e+00,6.626728773117065430e-01,-1.311111263930797577e-02,1.268118340522050858e-02,7.390427589416503906e-01,6.734114885330200195e-01,2.033594250679016113e-02,-3.530303016304969788e-02,5.267148613929748535e-01,7.342656373928423124e-19,-3.367010504007339478e-02,2.101746358675882220e-04,-3.282607346773147583e-02,2.034240402281284332e-02,-1.200898438692092896e-01,1.853215237568650065e-18,7.744068745523691177e-03,-2.100088633596897125e-02,-7.784084975719451904e-02,-3.902309387922286987e-02,-1.010836362838745117e-01,-1.699130088090896606e-01,1.559101819992065430e+00,-3.879567980766296387e-02,9.036135673522949219e-02,9.772158414125442505e-02,1.568857073783874512e+00
-8.150205612182617188e+00,-1.605692028999328613e+00,6.627258658409118652e-01,-1.265293732285499573e-02,1.342550013214349747e-02,7.387405633926391602e-01,6.737373471260070801e-01,2.021762728691101074e-02,-3.627017512917518616e-02,5.272718071937561035e-01,-2.047045161785750827e-18,-3.194112703204154968e-02,-4.873118887189775705e-04,-3.323782980442047119e-02,1.901410333812236786e-02,-1.194491386413574219e-01,3.872506421851715431e-18,8.059076033532619476e-03,-2.131464891135692596e-02,-7.852825522422790527e-02,-4.026664420962333679e-02,-1.000605076551437378e-01,-1.713424324989318848e-01,1.561356663703918457e+00,-3.834263607859611511e-02,9.027063846588134766e-02,9.560649096965789795e-02,1.570236206054687500e+00
-8.149898529052734375e+00,-1.605503320693969727e+00,6.627171039581298828e-01,-1.197341177612543106e-02,1.446790900081396103e-02,7.385516762733459473e-01,6.739352345466613770e-01,1.956997811794281006e-02,-3.782910108566284180e-02,5.275648236274719238e-01,2.213156263676199633e-18,-2.956854924559593201e-02,-1.276280614547431469e-03,-3.354924544692039490e-02,1.708039641380310059e-02,-1.189977526664733887e-01,2.421197564407267688e-18,8.260609582066535950e-03,-2.172229997813701630e-02,-7.886251062154769897e-02,-4.129595309495925903e-02,-9.854374080896377563e-02,-1.729848831892013550e-01,1.562728881835937500e+00,-3.821787238121032715e-02,9.043554216623306274e-02,9.470925480127334595e-02,1.570799946784973145e+00
-8.149528503417968750e+00,-1.605427145957946777e+00,6.627163887023925781e-01,-1.132250763475894928e-02,1.541953161358833313e-02,7.386541962623596191e-01,6.738130450248718262e-01,1.882364600896835327e-02,-3.958824276924133301e-02,5.268832445144653320e-01,-7.482559498881048077e-19,-2.661107853055000305e-02,-1.513614435680210590e-03,-3.385896608233451843e-02,1.519972737878561020e-02,-1.196014061570167542e-01,-1.945191724625105733e-18,8.036246523261070251e-03,-2.219108492136001587e-02,-7.970824092626571655e-02,-4.269340634346008301e-02,-9.741141647100448608e-02,-1.754801273345947266e-01,1.563360929489135742e+00,-3.866561874747276306e-02,9.049420803785324097e-02,9.388670325279235840e-02,1.570799946784973145e+00
